functional_group,Nature_of_Bandgap,A1_OS,A2_OS,B1_OS,B2_OS,X_OS,r_A,r_B1,r_B2,r_X,r_B_avg,delta_r_B,r_A_plus_r_X,r_Bavg_plus_r_X,tolerance_factor_t,octahedral_factor_mu,chi_A,chi_B1,chi_B2,chi_X,delta_chi_B,chi_B_avg,delta_chi_AX,delta_chi_BX,Z_A,Z_B1,Z_B2,Z_X,SOC_proxy,A1,A2,B1,B2,X,type,data_type,Perovskite,stable,Insulator,PBE_band_gap,Bandgap_nature_text,Label_status,Label_source,Source_id,MP_formula_pretty,MP_band_gap,MP_is_gap_direct,MP_is_metal,MP_energy_above_hull,MP_is_stable,duplicate_formula_rank,Evidence_or_note
Al2OSnCl6,0,3.0,3.0,-2.0,2.0,-1.0,0.675,1.26,1.45,1.67,1.355,0.1899999999999999,2.345,3.025,0.5481538518619681,0.811377245508982,1.61,3.44,1.96,3.16,1.48,2.7,1.55,0.4599999999999999,13.0,8.0,50.0,17.0,6812344.0,Al,Al,O,Sn,Cl,A2B1B2X6,mp_all,1,1.0,1,3.9866,indirect,Labeled_from_MP_all_A2BBX6,Materials Project,mp-bfxiv,Al2SnCl6O,3.9866,False,False,0.0,True,1.0,
S2NAlCl6,0,2.0,2.0,-1.0,3.0,-1.0,1.0,0.65,0.675,1.67,0.6625000000000001,0.025,2.67,2.3325,0.8094212672103244,0.3967065868263473,2.58,3.04,1.61,3.16,1.43,2.325,0.5800000000000001,0.835,16.0,7.0,13.0,17.0,663160.0,S,S,N,Al,Cl,A2B1B2X6,mp_all,1,0.0,1,1.7401,indirect,Labeled_from_MP_all_A2BBX6,Materials Project,mp-bfwie,AlS2NCl6,1.7401,False,False,0.012673947,False,1.0,
Cs2AgAsBr6,0,1.0,1.0,1.0,3.0,-1.0,1.81,1.29,0.72,1.82,1.005,0.5700000000000001,3.63,2.825,0.9086009259140414,0.5521978021978021,0.79,1.93,2.18,2.96,0.2500000000000002,2.055,2.17,0.9049999999999998,55.0,47.0,33.0,35.0,33370602.0,Cs,Cs,Ag,As,Br,A2B1B2X6,mp_all,1,1.0,1,1.1161,indirect,Labeled_from_MP_all_A2BBX6,Materials Project,mp-cljhy,Cs2AgAsBr6,1.1161,False,False,0.0,True,1.0,
Cs2AgAsCl6,0,1.0,1.0,1.0,3.0,-1.0,1.81,1.29,0.72,1.67,1.005,0.5700000000000001,3.48,2.675,0.9198996630015646,0.6017964071856287,0.79,1.93,2.18,3.16,0.2500000000000002,2.055,2.37,1.105,55.0,47.0,33.0,17.0,24867978.0,Cs,Cs,Ag,As,Cl,A2B1B2X6,mp_all,1,0.0,1,1.5886,indirect,Labeled_from_MP_all_A2BBX6,Materials Project,mp-cljgp,Cs2AgAsCl6,1.5886,False,False,0.008311963,False,1.0,
Cs2AgAuCl6,0,1.0,1.0,1.0,3.0,-1.0,1.81,1.29,0.99,1.67,1.14,0.3,3.48,2.81,0.8757051952061158,0.6826347305389222,0.79,1.93,2.54,3.16,0.6100000000000001,2.235,2.37,0.9250000000000004,55.0,47.0,79.0,17.0,62632138.0,Cs,Cs,Ag,Au,Cl,A2B1B2X6,mp_all,1,1.0,1,0.448,indirect,Labeled_from_MP_all_A2BBX6,Materials Project,mp-bghxo,Cs2AgAuCl6,0.448,False,False,0.0,True,1.0,
Cs2AgBiBr6,0,1.0,1.0,1.0,3.0,-1.0,1.81,1.29,1.17,1.82,1.23,0.1200000000000001,3.63,3.05,0.8415729887564483,0.6758241758241758,0.79,1.93,2.02,2.96,0.09,1.975,2.17,0.985,55.0,47.0,83.0,35.0,79643002.0,Cs,Cs,Ag,Bi,Br,A2B1B2X6,mp_all,1,0.0,1,1.3547,indirect,Labeled_from_MP_all_A2BBX6,Materials Project,mp-cjjbe,Cs2AgBiBr6,1.3547,False,False,0.00552487,False,1.0,
Cs2AgBiCl6,0,1.0,1.0,1.0,3.0,-1.0,1.81,1.29,1.17,1.67,1.23,0.1200000000000001,3.48,2.9,0.848528137423857,0.7365269461077845,0.79,1.93,2.02,3.16,0.09,1.975,2.37,1.185,55.0,47.0,83.0,17.0,71140378.0,Cs,Cs,Ag,Bi,Cl,A2B1B2X6,mp_all,1,1.0,1,1.8663,indirect,Labeled_from_MP_all_A2BBX6,Materials Project,mp-cjjbm,Cs2AgBiCl6,1.8663,False,False,0.0,True,1.0,
Cs2AgBiI6,0,1.0,1.0,1.0,3.0,-1.0,1.81,1.29,1.17,2.06,1.23,0.1200000000000001,3.87,3.29,0.8317639037057565,0.5970873786407767,0.79,1.93,2.02,2.66,0.09,1.975,1.87,0.685,55.0,47.0,83.0,53.0,117982138.0,Cs,Cs,Ag,Bi,I,A2B1B2X6,mp_all,1,0.0,1,0.8526,indirect,Labeled_from_MP_all_A2BBX6,Materials Project,mp-clivw,Cs2AgBiI6,0.8526,False,False,0.029702688,False,1.0,
Cs2AgMoBr6,1,1.0,1.0,1.0,3.0,-1.0,1.81,1.29,0.83,1.82,1.06,0.4600000000000001,3.63,2.88,0.8912491721205443,0.5824175824175825,0.79,1.93,2.16,2.96,0.2300000000000002,2.045,2.17,0.915,55.0,47.0,42.0,35.0,35296377.0,Cs,Cs,Ag,Mo,Br,A2B1B2X6,mp_all,1,0.0,1,0.5337,direct,Labeled_from_MP_all_A2BBX6,Materials Project,mp-clivb,Cs2AgMoBr6,0.5337,True,False,0.054362562,False,1.0,
Cs2AgMoCl6,1,1.0,1.0,1.0,3.0,-1.0,1.81,1.29,0.83,1.67,1.06,0.4600000000000001,3.48,2.73,0.9013668859081264,0.6347305389221557,0.79,1.93,2.16,3.16,0.2300000000000002,2.045,2.37,1.1150000000000002,55.0,47.0,42.0,17.0,26793753.0,Cs,Cs,Ag,Mo,Cl,A2B1B2X6,mp_all,1,0.0,1,0.9531,direct,Labeled_from_MP_all_A2BBX6,Materials Project,mp-cliuq,Cs2AgMoCl6,0.9531,True,False,0.043438118,False,1.0,
Cs2AgSbBr6,0,1.0,1.0,1.0,3.0,-1.0,1.81,1.29,0.9,1.82,1.095,0.39,3.63,2.915,0.8805480671379647,0.6016483516483516,0.79,1.93,2.05,2.96,0.1199999999999998,1.99,2.17,0.9700000000000002,55.0,47.0,51.0,35.0,38949882.0,Cs,Cs,Ag,Sb,Br,A2B1B2X6,mp_all,1,0.0,1,1.1916,indirect,Labeled_from_MP_all_A2BBX6,Materials Project,mp-clijn,Cs2AgSbBr6,1.1916,False,False,0.011956138,False,1.0,
Cs2AgSbCl6,0,1.0,1.0,1.0,3.0,-1.0,1.81,1.29,0.9,1.67,1.095,0.39,3.48,2.765,0.889957178491568,0.655688622754491,0.79,1.93,2.05,3.16,0.1199999999999998,1.99,2.37,1.1700000000000004,55.0,47.0,51.0,17.0,30447258.0,Cs,Cs,Ag,Sb,Cl,A2B1B2X6,mp_all,1,1.0,1,1.6624,indirect,Labeled_from_MP_all_A2BBX6,Materials Project,mp-clijk,Cs2AgSbCl6,1.6624,False,False,0.0,True,1.0,
Cs2AgSbI6,0,1.0,1.0,1.0,3.0,-1.0,1.81,1.29,0.9,2.06,1.095,0.39,3.87,3.155,0.8673544352430866,0.5315533980582524,0.79,1.93,2.05,2.66,0.1199999999999998,1.99,1.87,0.6700000000000004,55.0,47.0,51.0,53.0,77289018.0,Cs,Cs,Ag,Sb,I,A2B1B2X6,mp_all,1,0.0,1,0.4387,indirect,Labeled_from_MP_all_A2BBX6,Materials Project,mp-clijl,Cs2AgSbI6,0.4387,False,False,0.028235761,False,1.0,
Cs2AgAlBr6,1,1.0,1.0,1.0,3.0,-1.0,1.81,1.29,0.675,1.82,0.9825,0.615,3.63,2.8025,0.9158956701898902,0.5398351648351648,0.79,1.93,1.61,2.96,0.3199999999999998,1.77,2.17,1.19,55.0,47.0,13.0,35.0,32213242.0,Cs,Cs,Ag,Al,Br,A2B1B2X6,mp_all,1,0.0,1,1.4697,direct,Labeled_from_MP_all_A2BBX6,Materials Project,mp-cljhx,Cs2AlAgBr6,1.4697,True,False,0.081096959,False,1.0,
Cs2AgAlCl6,1,1.0,1.0,1.0,3.0,-1.0,1.81,1.29,0.675,1.67,0.9825,0.615,3.48,2.6525,0.927702770416281,0.5883233532934132,0.79,1.93,1.61,3.16,0.3199999999999998,1.77,2.37,1.39,55.0,47.0,13.0,17.0,23710618.0,Cs,Cs,Ag,Al,Cl,A2B1B2X6,mp_all,1,0.0,1,2.4585,direct,Labeled_from_MP_all_A2BBX6,Materials Project,mp-cljjp,Cs2AlAgCl6,2.4585,True,False,0.061541166,False,1.0,
Cs2AlAuCl6,0,1.0,1.0,1.0,3.0,-1.0,1.81,1.25,0.99,1.67,1.12,0.26,3.48,2.79,0.8819826518025754,0.6706586826347306,0.79,1.61,2.54,3.16,0.93,2.075,2.37,1.085,55.0,13.0,79.0,17.0,57781018.0,Cs,Cs,Al,Au,Cl,A2B1B2X6,mp_all,1,0.0,1,0.8686,indirect,Labeled_from_MP_all_A2BBX6,Materials Project,mp-cliue,Cs2AlAuCl6,0.8686,False,False,0.166047935,False,1.0,oxidation state not guessed
Cs2CuAlCl6,1,1.0,1.0,1.0,3.0,-1.0,1.81,0.91,0.675,1.67,0.7925,0.235,3.48,2.4625,0.9992818674230194,0.4745508982035928,0.79,1.9,1.61,3.16,0.2899999999999998,1.755,2.37,1.4050000000000002,55.0,29.0,13.0,17.0,19538218.0,Cs,Cs,Cu,Al,Cl,A2B1B2X6,mp_all,1,0.0,1,0.8612,direct,Labeled_from_MP_all_A2BBX6,Materials Project,mp-clisx,Cs2AlCuCl6,0.8612,True,False,0.129547864,False,1.0,
Cs2InAlBr6,0,1.0,1.0,1.0,3.0,-1.0,1.81,1.55,0.675,1.82,1.1125,0.875,3.63,2.9325,0.8752933045889743,0.6112637362637363,0.79,1.78,1.61,2.96,0.1699999999999999,1.695,2.17,1.265,55.0,49.0,13.0,35.0,33098362.0,Cs,Cs,In,Al,Br,A2B1B2X6,mp_all,1,0.0,1,2.2348,indirect,Labeled_from_MP_all_A2BBX6,Materials Project,mp-cliwn,Cs2AlInBr6,2.2348,False,False,0.052444004,False,1.0,
Cs2InAlCl6,0,1.0,1.0,1.0,3.0,-1.0,1.81,1.55,0.675,1.67,1.1125,0.875,3.48,2.7825,0.8843599635325015,0.6661676646706587,0.79,1.78,1.61,3.16,0.1699999999999999,1.695,2.37,1.465,55.0,49.0,13.0,17.0,24595738.0,Cs,Cs,In,Al,Cl,A2B1B2X6,mp_all,1,0.0,1,3.1183,indirect,Labeled_from_MP_all_A2BBX6,Materials Project,mp-cliwm,Cs2AlInCl6,3.1183,False,False,0.046391826,False,1.0,
Cs2InAlI6,0,1.0,1.0,1.0,3.0,-1.0,1.81,1.55,0.675,2.06,1.1125,0.875,3.87,3.1725000000000003,0.862569974213377,0.5400485436893204,0.79,1.78,1.61,2.66,0.1699999999999999,1.695,1.87,0.965,55.0,49.0,13.0,53.0,71437498.0,Cs,Cs,In,Al,I,A2B1B2X6,mp_all,1,0.0,1,0.9566,indirect,Labeled_from_MP_all_A2BBX6,Materials Project,mp-clihs,Cs2AlInI6,0.9566,False,False,0.043304445,False,1.0,
Cs2TlAlBr6,0,1.0,1.0,1.0,3.0,-1.0,1.81,1.64,0.675,1.82,1.1575,0.965,3.63,2.9775,0.8620646904138262,0.635989010989011,0.79,1.62,1.61,2.96,0.01,1.6150000000000002,2.17,1.3449999999999998,55.0,81.0,13.0,35.0,70380282.0,Cs,Cs,Tl,Al,Br,A2B1B2X6,mp_all,1,0.0,1,2.9426,indirect,Labeled_from_MP_all_A2BBX6,Materials Project,mp-clhss,Cs2AlTlBr6,2.9426,False,False,0.057970393,False,1.0,
Cs2TlAlCl6,0,1.0,1.0,1.0,3.0,-1.0,1.81,1.64,0.675,1.67,1.1575,0.965,3.48,2.8275,0.8702852691526739,0.6931137724550899,0.79,1.62,1.61,3.16,0.01,1.6150000000000002,2.37,1.545,55.0,81.0,13.0,17.0,61877658.0,Cs,Cs,Tl,Al,Cl,A2B1B2X6,mp_all,1,0.0,1,3.9209,indirect,Labeled_from_MP_all_A2BBX6,Materials Project,mp-clhsr,Cs2AlTlCl6,3.9209,False,False,0.043439865,False,1.0,
Cs2TlAlI6,0,1.0,1.0,1.0,3.0,-1.0,1.81,1.64,0.675,2.06,1.1575,0.965,3.87,3.2175,0.850506058490113,0.5618932038834952,0.79,1.62,1.61,2.66,0.01,1.6150000000000002,1.87,1.045,55.0,81.0,13.0,53.0,108719418.0,Cs,Cs,Tl,Al,I,A2B1B2X6,mp_all,1,0.0,1,1.5911,indirect,Labeled_from_MP_all_A2BBX6,Materials Project,mp-clhdn,Cs2AlTlI6,1.5911,False,False,0.059483206,False,1.0,
Cs2AsAuCl6,0,1.0,1.0,1.0,3.0,-1.0,1.81,1.15,0.99,1.67,1.0699999999999998,0.1599999999999999,3.48,2.74,0.8980772257405787,0.6407185628742514,0.79,2.18,2.54,3.16,0.3599999999999999,2.3600000000000003,2.37,0.7999999999999998,55.0,33.0,79.0,17.0,58938378.0,Cs,Cs,As,Au,Cl,A2B1B2X6,mp_all,1,0.0,1,0.3048,indirect,Labeled_from_MP_all_A2BBX6,Materials Project,mp-clhxb,Cs2AsAuCl6,0.3048,False,False,0.095265039,False,1.0,oxidation state not guessed
Cs2BrAsCl6,0,1.0,1.0,-1.0,5.0,-1.0,1.81,1.82,0.6,1.67,1.21,1.2200000000000002,3.48,2.88,0.854420693933745,0.7245508982035929,0.79,2.96,2.18,3.16,0.7799999999999998,2.5700000000000003,2.37,0.5899999999999999,55.0,35.0,33.0,17.0,21488922.0,Cs,Cs,Br,As,Cl,A2B1B2X6,mp_all,1,0.0,1,0.0675,indirect,Labeled_from_MP_all_A2BBX6,Materials Project,mp-cehud,Cs2AsBrCl6,0.0675,False,False,0.056926801,False,1.0,
Cs2BiAuBr6,0,1.0,1.0,1.0,3.0,-1.0,1.81,1.6,0.99,1.82,1.295,0.6100000000000001,3.63,3.115,0.8240120756684325,0.7115384615384615,0.79,2.02,2.54,2.96,0.52,2.28,2.17,0.6799999999999997,55.0,83.0,79.0,35.0,113713402.0,Cs,Cs,Bi,Au,Br,A2B1B2X6,mp_all,1,0.0,1,0.4311,indirect,Labeled_from_MP_all_A2BBX6,Materials Project,mp-clija,Cs2BiAuBr6,0.4311,False,False,0.06913152,False,1.0,
Cs2BiAuCl6,0,1.0,1.0,1.0,3.0,-1.0,1.81,1.6,0.99,1.67,1.295,0.6100000000000001,3.48,2.965,0.8299263401447505,0.7754491017964071,0.79,2.02,2.54,3.16,0.52,2.28,2.37,0.8799999999999999,55.0,83.0,79.0,17.0,105210778.0,Cs,Cs,Bi,Au,Cl,A2B1B2X6,mp_all,1,0.0,1,0.9914,indirect,Labeled_from_MP_all_A2BBX6,Materials Project,mp-cljct,Cs2BiAuCl6,0.9914,False,False,0.081083728,False,1.0,
Cs2FBrCl6,1,1.0,1.0,-1.0,5.0,-1.0,1.81,1.19,0.45,1.67,0.82,0.74,3.48,2.49,0.9882456218992712,0.4910179640718562,0.79,3.98,2.96,3.16,1.02,3.47,2.37,0.3099999999999996,55.0,9.0,35.0,17.0,20309562.0,Cs,Cs,F,Br,Cl,A2B1B2X6,mp_all,1,1.0,1,0.9489,direct,Labeled_from_MP_all_A2BBX6,Materials Project,mp-cehvj,Cs2BrCl6F,0.9489,True,False,0.0,True,1.0,
Cs2CaSnCl6,1,1.0,1.0,2.0,2.0,-1.0,1.81,1.14,1.45,1.67,1.295,0.31,3.48,2.965,0.8299263401447505,0.7754491017964071,0.79,1.0,1.96,3.16,0.96,1.48,2.37,1.6800000000000002,55.0,20.0,50.0,17.0,25212376.0,Cs,Cs,Ca,Sn,Cl,A2B1B2X6,mp_all,1,0.0,1,3.6131,direct,Labeled_from_MP_all_A2BBX6,Materials Project,mp-cehwk,Cs2CaSnCl6,3.6131,True,False,0.015932,False,1.0,
Cs2AgCeBr6,0,1.0,1.0,1.0,3.0,-1.0,1.81,1.29,1.15,1.82,1.22,0.1400000000000001,3.63,3.04,0.8443413209563049,0.6703296703296703,0.79,1.93,1.12,2.96,0.8099999999999998,1.525,2.17,1.435,55.0,47.0,58.0,35.0,43501177.0,Cs,Cs,Ag,Ce,Br,A2B1B2X6,mp_all,1,1.0,1,2.6247,indirect,Labeled_from_MP_all_A2BBX6,Materials Project,mp-clivu,Cs2CeAgBr6,2.6247,False,False,0.0,True,1.0,
Cs2AgCeCl6,0,1.0,1.0,1.0,3.0,-1.0,1.81,1.29,1.15,1.67,1.22,0.1400000000000001,3.48,2.89,0.8514642209443549,0.7305389221556886,0.79,1.93,1.12,3.16,0.8099999999999998,1.525,2.37,1.6350000000000002,55.0,47.0,58.0,17.0,34998553.0,Cs,Cs,Ag,Ce,Cl,A2B1B2X6,mp_all,1,0.0,1,2.9041,indirect,Labeled_from_MP_all_A2BBX6,Materials Project,mp-cljhq,Cs2CeAgCl6,2.9041,False,False,0.025882114,False,1.0,
Cs2AgCeI6,0,1.0,1.0,1.0,3.0,-1.0,1.81,1.29,1.15,2.06,1.22,0.1400000000000001,3.87,3.28,0.8342997692658349,0.5922330097087378,0.79,1.93,1.12,2.66,0.8099999999999998,1.525,1.87,1.1350000000000002,55.0,47.0,58.0,53.0,81840313.0,Cs,Cs,Ag,Ce,I,A2B1B2X6,mp_all,1,0.0,1,0.2136,indirect,Labeled_from_MP_all_A2BBX6,Materials Project,mp-cliwd,Cs2CeAgI6,0.2136,False,False,0.026663884,False,1.0,
Cs2CuCeCl6,0,1.0,1.0,1.0,3.0,-1.0,1.81,0.91,1.15,1.67,1.03,0.2399999999999998,3.48,2.7,0.9113820735293278,0.6167664670658684,0.79,1.9,1.12,3.16,0.7799999999999998,1.51,2.37,1.65,55.0,29.0,58.0,17.0,30826153.0,Cs,Cs,Cu,Ce,Cl,A2B1B2X6,mp_all,1,0.0,1,1.6741,indirect,Labeled_from_MP_all_A2BBX6,Materials Project,mp-clizr,Cs2CeCuCl6,1.6741,False,False,0.074237097,False,1.0,
Cs2CuCeI6,0,1.0,1.0,1.0,3.0,-1.0,1.81,0.91,1.15,2.06,1.03,0.2399999999999998,3.87,3.09,0.8855997550782975,0.5,0.79,1.9,1.12,2.66,0.7799999999999998,1.51,1.87,1.15,55.0,29.0,58.0,53.0,77667913.0,Cs,Cs,Cu,Ce,I,A2B1B2X6,mp_all,1,0.0,1,0.206,indirect,Labeled_from_MP_all_A2BBX6,Materials Project,mp-clizq,Cs2CeCuI6,0.206,False,False,0.068293319,False,1.0,
Cs2CuAsCl6,0,1.0,1.0,1.0,3.0,-1.0,1.81,0.91,0.72,1.67,0.815,0.19,3.48,2.485,0.9902340436737164,0.4880239520958083,0.79,1.9,2.18,3.16,0.2800000000000002,2.04,2.37,1.12,55.0,29.0,33.0,17.0,20695578.0,Cs,Cs,Cu,As,Cl,A2B1B2X6,mp_all,1,0.0,1,0.8647,indirect,Labeled_from_MP_all_A2BBX6,Materials Project,mp-clhwu,Cs2CuAsCl6,0.8647,False,False,0.051697737,False,1.0,
Cs2CuBiBr6,0,1.0,1.0,1.0,3.0,-1.0,1.81,0.91,1.17,1.82,1.04,0.2599999999999999,3.63,2.8600000000000003,0.8974816838136948,0.5714285714285714,0.79,1.9,2.02,2.96,0.1200000000000001,1.96,2.17,1.0,55.0,29.0,83.0,35.0,75470602.0,Cs,Cs,Cu,Bi,Br,A2B1B2X6,mp_all,1,0.0,1,0.8439,indirect,Labeled_from_MP_all_A2BBX6,Materials Project,mp-clhjy,Cs2CuBiBr6,0.8439,False,False,0.031298742,False,1.0,
Cs2CuBiCl6,0,1.0,1.0,1.0,3.0,-1.0,1.81,0.91,1.17,1.67,1.04,0.2599999999999999,3.48,2.71,0.90801904004767,0.6227544910179641,0.79,1.9,2.02,3.16,0.1200000000000001,1.96,2.37,1.2000000000000002,55.0,29.0,83.0,17.0,66967978.0,Cs,Cs,Cu,Bi,Cl,A2B1B2X6,mp_all,1,0.0,1,1.1184,indirect,Labeled_from_MP_all_A2BBX6,Materials Project,mp-clgex,Cs2CuBiCl6,1.1184,False,False,0.024176087,False,1.0,
Cs2CuBiI6,0,1.0,1.0,1.0,3.0,-1.0,1.81,0.91,1.17,2.06,1.04,0.2599999999999999,3.87,3.1,0.882742981674819,0.5048543689320388,0.79,1.9,2.02,2.66,0.1200000000000001,1.96,1.87,0.7000000000000002,55.0,29.0,83.0,53.0,113809738.0,Cs,Cs,Cu,Bi,I,A2B1B2X6,mp_all,1,0.0,1,0.3531,indirect,Labeled_from_MP_all_A2BBX6,Materials Project,mp-cliok,Cs2CuBiI6,0.3531,False,False,0.061949899,False,1.0,
Cs2CuMoBr6,1,1.0,1.0,1.0,3.0,-1.0,1.81,0.91,0.83,1.82,0.87,0.08,3.63,2.69,0.9541998571402108,0.478021978021978,0.79,1.9,2.16,2.96,0.2600000000000002,2.03,2.17,0.9299999999999996,55.0,29.0,42.0,35.0,31123977.0,Cs,Cs,Cu,Mo,Br,A2B1B2X6,mp_all,1,0.0,1,0.3989,direct,Labeled_from_MP_all_A2BBX6,Materials Project,mp-clhjt,Cs2CuMoBr6,0.3989,True,False,0.099315495,False,1.0,
Cs2CuMoCl6,1,1.0,1.0,1.0,3.0,-1.0,1.81,0.91,0.83,1.67,0.87,0.08,3.48,2.54,0.968791967924876,0.5209580838323353,0.79,1.9,2.16,3.16,0.2600000000000002,2.03,2.37,1.13,55.0,29.0,42.0,17.0,22621353.0,Cs,Cs,Cu,Mo,Cl,A2B1B2X6,mp_all,1,0.0,1,0.8536,direct,Labeled_from_MP_all_A2BBX6,Materials Project,mp-cliss,Cs2CuMoCl6,0.8536,True,False,0.102694435,False,1.0,
Cs2CuMoI6,1,1.0,1.0,1.0,3.0,-1.0,1.81,0.91,0.83,2.06,0.87,0.08,3.87,2.93,0.9339601512600472,0.4223300970873786,0.79,1.9,2.16,2.66,0.2600000000000002,2.03,1.87,0.6299999999999999,55.0,29.0,42.0,53.0,69463113.0,Cs,Cs,Cu,Mo,I,A2B1B2X6,mp_all,1,0.0,1,0.0872,direct,Labeled_from_MP_all_A2BBX6,Materials Project,mp-clihh,Cs2CuMoI6,0.0872,True,False,0.151300379,False,1.0,
Cs2CuSbBr6,0,1.0,1.0,1.0,3.0,-1.0,1.81,0.91,0.9,1.82,0.905,0.01,3.63,2.725,0.9419440791585936,0.4972527472527472,0.79,1.9,2.05,2.96,0.1499999999999999,1.975,2.17,0.985,55.0,29.0,51.0,35.0,34777482.0,Cs,Cs,Cu,Sb,Br,A2B1B2X6,mp_all,1,0.0,1,0.4006,indirect,Labeled_from_MP_all_A2BBX6,Materials Project,mp-clgup,Cs2CuSbBr6,0.4006,False,False,0.037618437,False,1.0,
Cs2CuSbCl6,0,1.0,1.0,1.0,3.0,-1.0,1.81,0.91,0.9,1.67,0.905,0.01,3.48,2.575,0.9556239217589068,0.5419161676646707,0.79,1.9,2.05,3.16,0.1499999999999999,1.975,2.37,1.1850000000000005,55.0,29.0,51.0,17.0,26274858.0,Cs,Cs,Cu,Sb,Cl,A2B1B2X6,mp_all,1,0.0,1,0.898,indirect,Labeled_from_MP_all_A2BBX6,Materials Project,mp-clgen,Cs2CuSbCl6,0.898,False,False,0.036211916,False,1.0,
Cs2CuSbI6,0,1.0,1.0,1.0,3.0,-1.0,1.81,0.91,0.9,2.06,0.905,0.01,3.87,2.965,0.922935326540283,0.4393203883495146,0.79,1.9,2.05,2.66,0.1499999999999999,1.975,1.87,0.6850000000000003,55.0,29.0,51.0,53.0,73116618.0,Cs,Cs,Cu,Sb,I,A2B1B2X6,mp_all,1,0.0,1,0.6998,indirect,Labeled_from_MP_all_A2BBX6,Materials Project,mp-clihe,Cs2CuSbI6,0.6998,False,False,0.059682983,False,1.0,
Cs2AuDyCl6,0,1.0,1.0,1.0,3.0,-1.0,1.81,1.51,1.052,1.67,1.281,0.4579999999999999,3.48,2.951,0.8338636389458438,0.7670658682634731,0.79,2.54,1.22,3.16,1.32,1.88,2.37,1.2800000000000002,55.0,79.0,66.0,17.0,76727193.0,Cs,Cs,Au,Dy,Cl,A2B1B2X6,mp_all,1,0.0,1,2.1667,indirect,Labeled_from_MP_all_A2BBX6,Materials Project,mp-cliix,Cs2DyAuCl6,2.1667,False,False,0.099784569,False,1.0,oxidation state not guessed
Cs2CuDyCl6,0,1.0,1.0,1.0,3.0,-1.0,1.81,0.91,1.052,1.67,0.981,0.142,3.48,2.651,0.9282276871102172,0.5874251497005989,0.79,1.9,1.22,3.16,0.6799999999999999,1.56,2.37,1.6,55.0,29.0,66.0,17.0,38484393.0,Cs,Cs,Cu,Dy,Cl,A2B1B2X6,mp_all,1,0.0,1,2.2443,indirect,Labeled_from_MP_all_A2BBX6,Materials Project,mp-clikc,Cs2DyCuCl6,2.2443,False,False,0.039144087,False,1.0,
Cs2AuErCl6,0,1.0,1.0,1.0,3.0,-1.0,1.81,1.51,1.03,1.67,1.27,0.48,3.48,2.94,0.8369835369146889,0.7604790419161677,0.79,2.54,1.24,3.16,1.3,1.89,2.37,1.27,55.0,79.0,68.0,17.0,79133833.0,Cs,Cs,Au,Er,Cl,A2B1B2X6,mp_all,1,0.0,1,2.0871,indirect,Labeled_from_MP_all_A2BBX6,Materials Project,mp-cliiy,Cs2ErAuCl6,2.0871,False,False,0.098000662,False,1.0,oxidation state not guessed
Cs2CuErCl6,0,1.0,1.0,1.0,3.0,-1.0,1.81,0.91,1.03,1.67,0.97,0.12,3.48,2.64,0.9320953024731764,0.5808383233532934,0.79,1.9,1.24,3.16,0.6599999999999999,1.5699999999999998,2.37,1.5900000000000003,55.0,29.0,68.0,17.0,40891033.0,Cs,Cs,Cu,Er,Cl,A2B1B2X6,mp_all,1,0.0,1,2.0815,indirect,Labeled_from_MP_all_A2BBX6,Materials Project,mp-cliin,Cs2ErCuCl6,2.0815,False,False,0.039840636,False,1.0,
Cs2AgGaBr6,1,1.0,1.0,1.0,3.0,-1.0,1.81,1.29,0.76,1.82,1.025,0.53,3.63,2.845,0.9022135731835386,0.5631868131868131,0.79,1.93,1.81,2.96,0.1199999999999998,1.87,2.17,1.09,55.0,47.0,31.0,35.0,33108202.0,Cs,Cs,Ag,Ga,Br,A2B1B2X6,mp_all,1,0.0,1,0.0551,direct,Labeled_from_MP_all_A2BBX6,Materials Project,mp-cljgz,Cs2GaAgBr6,0.0551,True,False,0.087326618,False,1.0,
Cs2AgGaCl6,1,1.0,1.0,1.0,3.0,-1.0,1.81,1.29,0.76,1.67,1.025,0.53,3.48,2.695,0.9130729493614788,0.6137724550898204,0.79,1.93,1.81,3.16,0.1199999999999998,1.87,2.37,1.29,55.0,47.0,31.0,17.0,24605578.0,Cs,Cs,Ag,Ga,Cl,A2B1B2X6,mp_all,1,0.0,1,1.2972,direct,Labeled_from_MP_all_A2BBX6,Materials Project,mp-cljjr,Cs2GaAgCl6,1.2972,True,False,0.068197049,False,1.0,
Cs2AuGdCl6,0,1.0,1.0,1.0,3.0,-1.0,1.81,1.51,1.075,1.67,1.2925,0.435,3.48,2.9625,0.8306266999254635,0.7739520958083833,0.79,2.54,1.2,3.16,1.34,1.87,2.37,1.29,55.0,79.0,64.0,17.0,74529673.0,Cs,Cs,Au,Gd,Cl,A2B1B2X6,mp_all,1,0.0,1,1.5111,indirect,Labeled_from_MP_all_A2BBX6,Materials Project,mp-clhxp,Cs2GdAuCl6,1.5111,False,False,0.098147206,False,1.0,oxidation state not guessed
Cs2HgPdCl6,0,1.0,1.0,2.0,2.0,-1.0,1.81,1.16,1.0,1.67,1.08,0.1599999999999999,3.48,2.75,0.8948114903742491,0.6467065868263474,0.79,2.0,2.2,3.16,0.2000000000000001,2.1,2.37,1.06,55.0,80.0,46.0,17.0,64239832.0,Cs,Cs,Hg,Pd,Cl,A2B1B2X6,mp_all,1,0.0,1,0.9921,indirect,Labeled_from_MP_all_A2BBX6,Materials Project,mp-cjkmy,Cs2HgPdCl6,0.9921,False,False,0.00171321,False,1.0,
Cs2IBrCl6,1,1.0,1.0,-1.0,5.0,-1.0,1.81,2.06,0.45,1.67,1.255,1.61,3.48,2.925,0.8412757601809181,0.751497005988024,0.79,2.66,2.96,3.16,0.2999999999999998,2.81,2.37,0.3500000000000001,55.0,53.0,35.0,17.0,28193482.0,Cs,Cs,I,Br,Cl,A2B1B2X6,mp_all,1,0.0,1,0.8589,direct,Labeled_from_MP_all_A2BBX6,Materials Project,mp-celrh,Cs2IBrCl6,0.8589,True,False,0.024138219,False,1.0,
Cs2FICl6,1,1.0,1.0,-1.0,5.0,-1.0,1.81,1.19,1.09,1.67,1.14,0.0999999999999998,3.48,2.81,0.8757051952061158,0.6826347305389222,0.79,3.98,2.66,3.16,1.3199999999999998,3.3200000000000003,2.37,0.1600000000000001,55.0,9.0,53.0,17.0,26699418.0,Cs,Cs,F,I,Cl,A2B1B2X6,mp_all,1,1.0,1,1.1261,direct,Labeled_from_MP_all_A2BBX6,Materials Project,mp-cehui,Cs2ICl6F,1.1261,True,False,0.0,True,1.0,
Cs2AgInBr6,1,1.0,1.0,1.0,3.0,-1.0,1.81,1.29,0.94,1.82,1.115,0.3500000000000001,3.63,2.935,0.8745477395935833,0.6126373626373626,0.79,1.93,1.78,2.96,0.1499999999999999,1.855,2.17,1.105,55.0,47.0,49.0,35.0,37949482.0,Cs,Cs,Ag,In,Br,A2B1B2X6,mp_all,1,1.0,1,0.2556,direct,Labeled_from_MP_all_A2BBX6,Materials Project,mp-cljha,Cs2InAgBr6,0.2556,True,False,0.0,True,1.0,
Cs2AgInCl6,1,1.0,1.0,1.0,3.0,-1.0,1.81,1.29,0.94,1.67,1.115,0.3500000000000001,3.48,2.785,0.8835661036011437,0.6676646706586826,0.79,1.93,1.78,3.16,0.1499999999999999,1.855,2.37,1.3050000000000002,55.0,47.0,49.0,17.0,29446858.0,Cs,Cs,Ag,In,Cl,A2B1B2X6,mp_all,1,1.0,1,1.3421,direct,Labeled_from_MP_all_A2BBX6,Materials Project,mp-ckkrm,Cs2InAgCl6,1.3421,True,False,0.0,True,1.0,
Cs2InAsBr6,1,1.0,1.0,1.0,3.0,-1.0,1.81,1.55,0.72,1.82,1.135,0.8300000000000001,3.63,2.955,0.8686286347570785,0.6236263736263736,0.79,1.78,2.18,2.96,0.4000000000000001,1.98,2.17,0.98,55.0,49.0,33.0,35.0,34255722.0,Cs,Cs,In,As,Br,A2B1B2X6,mp_all,1,0.0,1,0.7187,direct,Labeled_from_MP_all_A2BBX6,Materials Project,mp-clihp,Cs2InAsBr6,0.7187,True,False,0.028765793,False,1.0,
Cs2InAsCl6,0,1.0,1.0,1.0,3.0,-1.0,1.81,1.55,0.72,1.67,1.135,0.8300000000000001,3.48,2.805,0.8772661670335776,0.6796407185628743,0.79,1.78,2.18,3.16,0.4000000000000001,1.98,2.37,1.1800000000000002,55.0,49.0,33.0,17.0,25753098.0,Cs,Cs,In,As,Cl,A2B1B2X6,mp_all,1,0.0,1,1.3524,indirect,Labeled_from_MP_all_A2BBX6,Materials Project,mp-clihq,Cs2InAsCl6,1.3524,False,False,0.114032663,False,1.0,
Cs2InAsI6,1,1.0,1.0,1.0,3.0,-1.0,1.81,1.55,0.72,2.06,1.135,0.8300000000000001,3.87,3.1950000000000003,0.8564955377752546,0.5509708737864077,0.79,1.78,2.18,2.66,0.4000000000000001,1.98,1.87,0.6800000000000002,55.0,49.0,33.0,53.0,72594858.0,Cs,Cs,In,As,I,A2B1B2X6,mp_all,1,0.0,1,0.129,direct,Labeled_from_MP_all_A2BBX6,Materials Project,mp-clihn,Cs2InAsI6,0.129,True,False,0.066403343,False,1.0,
Cs2InBiBr6,1,1.0,1.0,1.0,3.0,-1.0,1.81,1.55,1.17,1.82,1.36,0.3800000000000001,3.63,3.18,0.8071690615431344,0.7472527472527472,0.79,1.78,2.02,2.96,0.24,1.9,2.17,1.06,55.0,49.0,83.0,35.0,80528122.0,Cs,Cs,In,Bi,Br,A2B1B2X6,mp_all,1,0.0,1,0.8534,direct,Labeled_from_MP_all_A2BBX6,Materials Project,mp-cliho,Cs2InBiBr6,0.8534,True,False,0.001883917,False,1.0,
Cs2InBiCl6,1,1.0,1.0,1.0,3.0,-1.0,1.81,1.55,1.17,1.67,1.36,0.3800000000000001,3.48,3.03,0.812122639778609,0.8143712574850299,0.79,1.78,2.02,3.16,0.24,1.9,2.37,1.2600000000000002,55.0,49.0,83.0,17.0,72025498.0,Cs,Cs,In,Bi,Cl,A2B1B2X6,mp_all,1,0.0,1,1.7612,direct,Labeled_from_MP_all_A2BBX6,Materials Project,mp-clihl,Cs2InBiCl6,1.7612,True,False,0.024267333,False,1.0,
Cs2InBiI6,1,1.0,1.0,1.0,3.0,-1.0,1.81,1.55,1.17,2.06,1.36,0.3800000000000001,3.87,3.42,0.8001471471321459,0.6601941747572815,0.79,1.78,2.02,2.66,0.24,1.9,1.87,0.7600000000000002,55.0,49.0,83.0,53.0,118867258.0,Cs,Cs,In,Bi,I,A2B1B2X6,mp_all,1,0.0,1,0.5816,direct,Labeled_from_MP_all_A2BBX6,Materials Project,mp-clihm,Cs2InBiI6,0.5816,True,False,0.007435116,False,1.0,
Cs2InGaBr6,0,1.0,1.0,1.0,3.0,-1.0,1.81,1.55,0.76,1.82,1.155,0.79,3.63,2.975,0.8627891145234176,0.6346153846153846,0.79,1.78,1.81,2.96,0.03,1.795,2.17,1.165,55.0,49.0,31.0,35.0,33993322.0,Cs,Cs,In,Ga,Br,A2B1B2X6,mp_all,1,0.0,1,1.244,indirect,Labeled_from_MP_all_A2BBX6,Materials Project,mp-clhxj,Cs2InGaBr6,1.244,False,False,0.033446607,False,1.0,
Cs2InGaCl6,0,1.0,1.0,1.0,3.0,-1.0,1.81,1.55,0.76,1.67,1.155,0.79,3.48,2.825,0.8710554331076761,0.6916167664670659,0.79,1.78,1.81,3.16,0.03,1.795,2.37,1.3650000000000002,55.0,49.0,31.0,17.0,25490698.0,Cs,Cs,In,Ga,Cl,A2B1B2X6,mp_all,1,0.0,1,1.9897,indirect,Labeled_from_MP_all_A2BBX6,Materials Project,mp-clitl,Cs2InGaCl6,1.9897,False,False,0.041652341,False,1.0,
Cs2InGaI6,0,1.0,1.0,1.0,3.0,-1.0,1.81,1.55,0.76,2.06,1.155,0.79,3.87,3.215,0.8511674162338846,0.5606796116504854,0.79,1.78,1.81,2.66,0.03,1.795,1.87,0.8650000000000002,55.0,49.0,31.0,53.0,72332458.0,Cs,Cs,In,Ga,I,A2B1B2X6,mp_all,1,0.0,1,0.2835,indirect,Labeled_from_MP_all_A2BBX6,Materials Project,mp-clipj,Cs2InGaI6,0.2835,False,False,0.018848948,False,1.0,
Cs2InSbBr6,1,1.0,1.0,1.0,3.0,-1.0,1.81,1.55,0.9,1.82,1.225,0.65,3.63,3.045,0.8429548820056378,0.6730769230769231,0.79,1.78,2.05,2.96,0.2699999999999998,1.915,2.17,1.045,55.0,49.0,51.0,35.0,39835002.0,Cs,Cs,In,Sb,Br,A2B1B2X6,mp_all,1,0.0,1,0.7465,direct,Labeled_from_MP_all_A2BBX6,Materials Project,mp-clipi,Cs2InSbBr6,0.7465,True,False,0.02083163,False,1.0,
Cs2InSbCl6,1,1.0,1.0,1.0,3.0,-1.0,1.81,1.55,0.9,1.67,1.225,0.65,3.48,2.895,0.849993643706109,0.7335329341317366,0.79,1.78,2.05,3.16,0.2699999999999998,1.915,2.37,1.245,55.0,49.0,51.0,17.0,31332378.0,Cs,Cs,In,Sb,Cl,A2B1B2X6,mp_all,1,0.0,1,1.3727,direct,Labeled_from_MP_all_A2BBX6,Materials Project,mp-clihj,Cs2InSbCl6,1.3727,True,False,0.060560474,False,1.0,
Cs2InSbI6,0,1.0,1.0,1.0,3.0,-1.0,1.81,1.55,0.9,2.06,1.225,0.65,3.87,3.285,0.83302990660333,0.5946601941747574,0.79,1.78,2.05,2.66,0.2699999999999998,1.915,1.87,0.7450000000000001,55.0,49.0,51.0,53.0,78174138.0,Cs,Cs,In,Sb,I,A2B1B2X6,mp_all,1,0.0,1,0.5824,indirect,Labeled_from_MP_all_A2BBX6,Materials Project,mp-cliwp,Cs2InSbI6,0.5824,False,False,0.033655054,False,1.0,
Cs2KAlBr6,1,1.0,1.0,1.0,3.0,-1.0,1.81,1.52,0.675,1.82,1.0975,0.845,3.63,2.9175000000000004,0.879793527234676,0.6030219780219781,0.79,0.82,1.61,2.96,0.7900000000000001,1.215,2.17,1.745,55.0,19.0,13.0,35.0,27463882.0,Cs,Cs,K,Al,Br,A2B1B2X6,mp_all,1,0.0,1,3.2314,direct,Labeled_from_MP_all_A2BBX6,Materials Project,mp-cliob,Cs2KAlBr6,3.2314,True,False,0.057912354,False,1.0,
Cs2KAlCl6,1,1.0,1.0,1.0,3.0,-1.0,1.81,1.52,0.675,1.67,1.0975,0.845,3.48,2.7675,0.8891532424676368,0.6571856287425151,0.79,0.82,1.61,3.16,0.7900000000000001,1.215,2.37,1.945,55.0,19.0,13.0,17.0,18961258.0,Cs,Cs,K,Al,Cl,A2B1B2X6,mp_all,1,0.0,1,4.6198,direct,Labeled_from_MP_all_A2BBX6,Materials Project,mp-clinz,Cs2KAlCl6,4.6198,True,False,0.034728078,False,1.0,
Cs2KAlI6,1,1.0,1.0,1.0,3.0,-1.0,1.81,1.52,0.675,2.06,1.0975,0.845,3.87,3.1575,0.8666676938058397,0.5327669902912622,0.79,0.82,1.61,2.66,0.7900000000000001,1.215,1.87,1.445,55.0,19.0,13.0,53.0,65803018.0,Cs,Cs,K,Al,I,A2B1B2X6,mp_all,1,0.0,1,1.7447,direct,Labeled_from_MP_all_A2BBX6,Materials Project,mp-clinx,Cs2KAlI6,1.7447,True,False,0.043195743,False,1.0,
Cs2KAsBr6,1,1.0,1.0,1.0,3.0,-1.0,1.81,1.52,0.72,1.82,1.12,0.8,3.63,2.9400000000000004,0.8730604135058391,0.6153846153846154,0.79,0.82,2.18,2.96,1.3600000000000003,1.5,2.17,1.46,55.0,19.0,33.0,35.0,28621242.0,Cs,Cs,K,As,Br,A2B1B2X6,mp_all,1,1.0,1,3.0015,direct,Labeled_from_MP_all_A2BBX6,Materials Project,mp-clids,Cs2KAsBr6,3.0015,True,False,0.0,True,1.0,
Cs2KAsCl6,1,1.0,1.0,1.0,3.0,-1.0,1.81,1.52,0.72,1.67,1.12,0.8,3.48,2.79,0.8819826518025754,0.6706586826347306,0.79,0.82,2.18,3.16,1.3600000000000003,1.5,2.37,1.66,55.0,19.0,33.0,17.0,20118618.0,Cs,Cs,K,As,Cl,A2B1B2X6,mp_all,1,0.0,1,3.4599,direct,Labeled_from_MP_all_A2BBX6,Materials Project,mp-clhxh,Cs2KAsCl6,3.4599,True,False,0.022251119,False,1.0,
Cs2KAsI6,0,1.0,1.0,1.0,3.0,-1.0,1.81,1.52,0.72,2.06,1.12,0.8,3.87,3.18,0.8605356110666473,0.5436893203883496,0.79,0.82,2.18,2.66,1.3600000000000003,1.5,1.87,1.16,55.0,19.0,33.0,53.0,66960378.0,Cs,Cs,K,As,I,A2B1B2X6,mp_all,1,0.0,1,1.8435,indirect,Labeled_from_MP_all_A2BBX6,Materials Project,mp-clidt,Cs2KAsI6,1.8435,False,False,0.024127396,False,1.0,
Cs2KAuCl6,0,1.0,1.0,1.0,3.0,-1.0,1.81,1.52,0.99,1.67,1.255,0.53,3.48,2.925,0.8412757601809181,0.7514970059880239,0.79,0.82,2.54,3.16,1.7200000000000002,1.68,2.37,1.4800000000000002,55.0,19.0,79.0,17.0,57882778.0,Cs,Cs,K,Au,Cl,A2B1B2X6,mp_all,1,0.0,1,0.2103,indirect,Labeled_from_MP_all_A2BBX6,Materials Project,mp-clhxi,Cs2KAuCl6,0.2103,False,False,0.111741419,False,1.0,
Cs2KBiBr6,1,1.0,1.0,1.0,3.0,-1.0,1.81,1.52,1.17,1.82,1.345,0.3500000000000001,3.63,3.165,0.8109945073324383,0.7390109890109889,0.79,0.82,2.02,2.96,1.2000000000000002,1.42,2.17,1.54,55.0,19.0,83.0,35.0,74893642.0,Cs,Cs,K,Bi,Br,A2B1B2X6,mp_all,1,0.0,1,3.4246,direct,Labeled_from_MP_all_A2BBX6,Materials Project,mp-clidp,Cs2KBiBr6,3.4246,True,False,0.015466191,False,1.0,
Cs2KBiCl6,1,1.0,1.0,1.0,3.0,-1.0,1.81,1.52,1.17,1.67,1.345,0.3500000000000001,3.48,3.015,0.8161630509217862,0.8053892215568862,0.79,0.82,2.02,3.16,1.2000000000000002,1.42,2.37,1.7400000000000002,55.0,19.0,83.0,17.0,66391018.0,Cs,Cs,K,Bi,Cl,A2B1B2X6,mp_all,1,0.0,1,4.0357,direct,Labeled_from_MP_all_A2BBX6,Materials Project,mp-clgun,Cs2KBiCl6,4.0357,True,False,0.011162292,False,1.0,
Cs2KBiI6,0,1.0,1.0,1.0,3.0,-1.0,1.81,1.52,1.17,2.06,1.345,0.3500000000000001,3.87,3.405,0.8036720244322874,0.6529126213592232,0.79,0.82,2.02,2.66,1.2000000000000002,1.42,1.87,1.2400000000000002,55.0,19.0,83.0,53.0,113232778.0,Cs,Cs,K,Bi,I,A2B1B2X6,mp_all,1,0.0,1,2.6566,indirect,Labeled_from_MP_all_A2BBX6,Materials Project,mp-clinv,Cs2KBiI6,2.6566,False,False,0.040625798,False,1.0,
Cs2KCeBr6,0,1.0,1.0,1.0,3.0,-1.0,1.81,1.52,1.15,1.82,1.335,0.3700000000000001,3.63,3.155,0.8135650129024301,0.7335164835164835,0.79,0.82,1.12,2.96,0.3000000000000001,0.97,2.17,1.99,55.0,19.0,58.0,35.0,38751817.0,Cs,Cs,K,Ce,Br,A2B1B2X6,mp_all,1,1.0,1,0.314,indirect,Labeled_from_MP_all_A2BBX6,Materials Project,mp-clidn,Cs2KCeBr6,0.314,False,False,0.0,True,1.0,
Cs2KCeCl6,0,1.0,1.0,1.0,3.0,-1.0,1.81,1.52,1.15,1.67,1.335,0.3700000000000001,3.48,3.005,0.818879067730178,0.7994011976047904,0.79,0.82,1.12,3.16,0.3000000000000001,0.97,2.37,2.1900000000000004,55.0,19.0,58.0,17.0,30249193.0,Cs,Cs,K,Ce,Cl,A2B1B2X6,mp_all,1,0.0,1,4.0361,indirect,Labeled_from_MP_all_A2BBX6,Materials Project,mp-cligu,Cs2KCeCl6,4.0361,False,False,0.024356954,False,1.0,
Cs2KCeI6,0,1.0,1.0,1.0,3.0,-1.0,1.81,1.52,1.15,2.06,1.335,0.3700000000000001,3.87,3.395,0.8060392468901145,0.6480582524271844,0.79,0.82,1.12,2.66,0.3000000000000001,0.97,1.87,1.6900000000000002,55.0,19.0,58.0,53.0,77090953.0,Cs,Cs,K,Ce,I,A2B1B2X6,mp_all,1,0.0,1,0.2768,indirect,Labeled_from_MP_all_A2BBX6,Materials Project,mp-clidk,Cs2KCeI6,0.2768,False,False,0.015971808,False,1.0,
Cs2KCrCl6,1,1.0,1.0,1.0,3.0,-1.0,1.81,1.52,1.4,1.67,1.46,0.1200000000000001,3.48,3.13,0.78617622956204,0.874251497005988,0.79,0.82,1.66,3.16,0.84,1.24,2.37,1.92,55.0,19.0,24.0,17.0,19264473.0,Cs,Cs,K,Cr,Cl,A2B1B2X6,mp_all,1,1.0,1,1.5535,direct,Labeled_from_MP_all_A2BBX6,Materials Project,mp-cqpol,Cs2KCrCl6,1.5535,True,False,0.0,True,1.0,
Cs2KDyCl6,1,1.0,1.0,1.0,3.0,-1.0,1.81,1.52,1.052,1.67,1.286,0.4679999999999999,3.48,2.956,0.8324531794753671,0.770059880239521,0.79,0.82,1.22,3.16,0.4,1.02,2.37,2.14,55.0,19.0,66.0,17.0,37907433.0,Cs,Cs,K,Dy,Cl,A2B1B2X6,mp_all,1,1.0,1,5.1988,direct,Labeled_from_MP_all_A2BBX6,Materials Project,mp-clidl,Cs2KDyCl6,5.1988,True,False,0.0,True,1.0,
Cs2KGaBr6,1,1.0,1.0,1.0,3.0,-1.0,1.81,1.52,0.76,1.82,1.14,0.76,3.63,2.96,0.8671613566578268,0.6263736263736264,0.79,0.82,1.81,2.96,0.99,1.315,2.17,1.645,55.0,19.0,31.0,35.0,28358842.0,Cs,Cs,K,Ga,Br,A2B1B2X6,mp_all,1,0.0,1,2.1255,direct,Labeled_from_MP_all_A2BBX6,Materials Project,mp-clhxf,Cs2KGaBr6,2.1255,True,False,0.079939772,False,1.0,
Cs2KGaCl6,1,1.0,1.0,1.0,3.0,-1.0,1.81,1.52,0.76,1.67,1.14,0.76,3.48,2.81,0.8757051952061158,0.6826347305389222,0.79,0.82,1.81,3.16,0.99,1.315,2.37,1.845,55.0,19.0,31.0,17.0,19856218.0,Cs,Cs,K,Ga,Cl,A2B1B2X6,mp_all,1,0.0,1,3.3316,direct,Labeled_from_MP_all_A2BBX6,Materials Project,mp-clinq,Cs2KGaCl6,3.3316,True,False,0.053782239,False,1.0,
Cs2KGaI6,1,1.0,1.0,1.0,3.0,-1.0,1.81,1.52,0.76,2.06,1.14,0.76,3.87,3.2,0.8551572634974808,0.5533980582524273,0.79,0.82,1.81,2.66,0.99,1.315,1.87,1.3450000000000002,55.0,19.0,31.0,53.0,66697978.0,Cs,Cs,K,Ga,I,A2B1B2X6,mp_all,1,0.0,1,0.8284,direct,Labeled_from_MP_all_A2BBX6,Materials Project,mp-clidj,Cs2KGaI6,0.8284,True,False,0.105600727,False,1.0,
Cs2KHoCl6,1,1.0,1.0,1.0,3.0,-1.0,1.81,1.52,1.041,1.67,1.2805,0.4790000000000001,3.48,2.9505,0.8340049478153484,0.7667664670658683,0.79,0.82,1.23,3.16,0.41,1.025,2.37,2.135,55.0,19.0,67.0,17.0,39083818.0,Cs,Cs,K,Ho,Cl,A2B1B2X6,mp_all,1,1.0,1,5.2294,direct,Labeled_from_MP_all_A2BBX6,Materials Project,mp-cqrrc,Cs2KHoCl6,5.2294,True,False,0.0,True,1.0,
Cs2KInBr6,1,1.0,1.0,1.0,3.0,-1.0,1.81,1.52,0.94,1.82,1.23,0.5800000000000001,3.63,3.05,0.8415729887564483,0.6758241758241758,0.79,0.82,1.78,2.96,0.96,1.3,2.17,1.66,55.0,19.0,49.0,35.0,33200122.0,Cs,Cs,K,In,Br,A2B1B2X6,mp_all,1,1.0,1,2.3584,direct,Labeled_from_MP_all_A2BBX6,Materials Project,mp-clinm,Cs2KInBr6,2.3584,True,False,0.0,True,1.0,
Cs2KInCl6,1,1.0,1.0,1.0,3.0,-1.0,1.81,1.52,0.94,1.67,1.23,0.5800000000000001,3.48,2.9,0.848528137423857,0.7365269461077845,0.79,0.82,1.78,3.16,0.96,1.3,2.37,1.86,55.0,19.0,49.0,17.0,24697498.0,Cs,Cs,K,In,Cl,A2B1B2X6,mp_all,1,1.0,1,3.5784,direct,Labeled_from_MP_all_A2BBX6,Materials Project,mp-clicl,Cs2KInCl6,3.5784,True,False,0.0,True,1.0,
Cs2KInI6,1,1.0,1.0,1.0,3.0,-1.0,1.81,1.52,0.94,2.06,1.23,0.5800000000000001,3.87,3.29,0.8317639037057565,0.5970873786407767,0.79,0.82,1.78,2.66,0.96,1.3,1.87,1.36,55.0,19.0,49.0,53.0,71539258.0,Cs,Cs,K,In,I,A2B1B2X6,mp_all,1,0.0,1,1.2626,direct,Labeled_from_MP_all_A2BBX6,Materials Project,mp-clinl,Cs2KInI6,1.2626,True,False,0.056265123,False,1.0,
Cs2KLaCl6,1,1.0,1.0,1.0,3.0,-1.0,1.81,1.52,1.172,1.67,1.346,0.3480000000000001,3.48,3.016,0.8158924398306316,0.8059880239520959,0.79,0.82,1.1,3.16,0.2800000000000001,0.96,2.37,2.2,55.0,19.0,57.0,17.0,29488698.0,Cs,Cs,K,La,Cl,A2B1B2X6,mp_all,1,0.0,1,4.842,direct,Labeled_from_MP_all_A2BBX6,Materials Project,mp-clink,Cs2KLaCl6,4.842,True,False,0.018240628,False,1.0,
Cs2KLuCl6,1,1.0,1.0,1.0,3.0,-1.0,1.81,1.52,1.001,1.67,1.2605,0.5190000000000001,3.48,2.9305,0.8396968430401588,0.7547904191616767,0.79,0.82,1.27,3.16,0.45,1.045,2.37,2.115,55.0,19.0,71.0,17.0,44344378.0,Cs,Cs,K,Lu,Cl,A2B1B2X6,mp_all,1,1.0,1,5.2423,direct,Labeled_from_MP_all_A2BBX6,Materials Project,mp-clicm,Cs2KLuCl6,5.2423,True,False,0.0,True,1.0,
Cs2KMoBr6,1,1.0,1.0,1.0,3.0,-1.0,1.81,1.52,0.83,1.82,1.175,0.6900000000000001,3.63,2.995,0.8570275845432945,0.6456043956043956,0.79,0.82,2.16,2.96,1.3400000000000003,1.49,2.17,1.47,55.0,19.0,42.0,35.0,30547017.0,Cs,Cs,K,Mo,Br,A2B1B2X6,mp_all,1,0.0,1,1.6085,direct,Labeled_from_MP_all_A2BBX6,Materials Project,mp-cligt,Cs2KMoBr6,1.6085,True,False,0.034323731,False,1.0,
Cs2KMoCl6,1,1.0,1.0,1.0,3.0,-1.0,1.81,1.52,0.83,1.67,1.175,0.6900000000000001,3.48,2.845,0.8649320205726486,0.7035928143712575,0.79,0.82,2.16,3.16,1.3400000000000003,1.49,2.37,1.6700000000000002,55.0,19.0,42.0,17.0,22044393.0,Cs,Cs,K,Mo,Cl,A2B1B2X6,mp_all,1,0.0,1,1.666,direct,Labeled_from_MP_all_A2BBX6,Materials Project,mp-clgum,Cs2KMoCl6,1.666,True,False,0.008005948,False,1.0,
Cs2KMoI6,1,1.0,1.0,1.0,3.0,-1.0,1.81,1.52,0.83,2.06,1.175,0.6900000000000001,3.87,3.2350000000000003,0.8459051756389301,0.5703883495145631,0.79,0.82,2.16,2.66,1.3400000000000003,1.49,1.87,1.1700000000000002,55.0,19.0,42.0,53.0,68886153.0,Cs,Cs,K,Mo,I,A2B1B2X6,mp_all,1,0.0,1,1.4527,direct,Labeled_from_MP_all_A2BBX6,Materials Project,mp-cling,Cs2KMoI6,1.4527,True,False,0.077851709,False,1.0,
Cs2KNdBr6,1,1.0,1.0,1.0,3.0,-1.0,1.81,1.52,1.123,1.82,1.3215,0.397,3.63,3.1415,0.817061154132474,0.7260989010989011,0.79,0.82,1.14,2.96,0.3199999999999999,0.98,2.17,1.98,55.0,19.0,60.0,35.0,40395321.0,Cs,Cs,K,Nd,Br,A2B1B2X6,mp_all,1,1.0,1,4.2395,direct,Labeled_from_MP_all_A2BBX6,Materials Project,mp-click,Cs2KNdBr6,4.2395,True,False,0.0,True,1.0,
Cs2KNdCl6,1,1.0,1.0,1.0,3.0,-1.0,1.81,1.52,1.123,1.67,1.3215,0.397,3.48,2.9915,0.8225744939091377,0.7913173652694611,0.79,0.82,1.14,3.16,0.3199999999999999,0.98,2.37,2.18,55.0,19.0,60.0,17.0,31892697.0,Cs,Cs,K,Nd,Cl,A2B1B2X6,mp_all,1,0.0,1,5.1287,direct,Labeled_from_MP_all_A2BBX6,Materials Project,mp-clicf,Cs2KNdCl6,5.1287,True,False,0.010971823,False,1.0,
Cs2KNdI6,1,1.0,1.0,1.0,3.0,-1.0,1.81,1.52,1.123,2.06,1.3215,0.397,3.87,3.3815,0.8092572063261686,0.641504854368932,0.79,0.82,1.14,2.66,0.3199999999999999,0.98,1.87,1.6800000000000002,55.0,19.0,60.0,53.0,78734457.0,Cs,Cs,K,Nd,I,A2B1B2X6,mp_all,1,0.0,1,3.2412,direct,Labeled_from_MP_all_A2BBX6,Materials Project,mp-clinf,Cs2KNdI6,3.2412,True,False,0.00113561,False,1.0,
Cs2KPrBr6,1,1.0,1.0,1.0,3.0,-1.0,1.81,1.52,1.13,1.82,1.325,0.3900000000000001,3.63,3.145,0.8161518650897194,0.728021978021978,0.79,0.82,1.13,2.96,0.3099999999999999,0.975,2.17,1.985,55.0,19.0,59.0,35.0,39552682.0,Cs,Cs,K,Pr,Br,A2B1B2X6,mp_all,1,1.0,1,4.2336,direct,Labeled_from_MP_all_A2BBX6,Materials Project,mp-clicg,Cs2KPrBr6,4.2336,True,False,0.0,True,1.0,
Cs2KPrCl6,1,1.0,1.0,1.0,3.0,-1.0,1.81,1.52,1.13,1.67,1.325,0.3900000000000001,3.48,2.995,0.8216132215456378,0.7934131736526946,0.79,0.82,1.13,3.16,0.3099999999999999,0.975,2.37,2.1850000000000005,55.0,19.0,59.0,17.0,31050058.0,Cs,Cs,K,Pr,Cl,A2B1B2X6,mp_all,1,0.0,1,4.9664,direct,Labeled_from_MP_all_A2BBX6,Materials Project,mp-cliaz,Cs2KPrCl6,4.9664,True,False,0.013798443,False,1.0,
Cs2KPrI6,1,1.0,1.0,1.0,3.0,-1.0,1.81,1.52,1.13,2.06,1.325,0.3900000000000001,3.87,3.385,0.8084204558912671,0.6432038834951456,0.79,0.82,1.13,2.66,0.3099999999999999,0.975,1.87,1.6850000000000005,55.0,19.0,59.0,53.0,77891818.0,Cs,Cs,K,Pr,I,A2B1B2X6,mp_all,1,0.0,1,3.2328,direct,Labeled_from_MP_all_A2BBX6,Materials Project,mp-clinb,Cs2KPrI6,3.2328,True,False,0.004719218,False,1.0,
Cs2KSbBr6,1,1.0,1.0,1.0,3.0,-1.0,1.81,1.52,0.9,1.82,1.21,0.62,3.63,3.03,0.8471279259759628,0.6648351648351648,0.79,0.82,2.05,2.96,1.23,1.4349999999999998,2.17,1.525,55.0,19.0,51.0,35.0,34200522.0,Cs,Cs,K,Sb,Br,A2B1B2X6,mp_all,1,0.0,1,2.8501,direct,Labeled_from_MP_all_A2BBX6,Materials Project,mp-cligb,Cs2KSbBr6,2.8501,True,False,0.026752558,False,1.0,
Cs2KSbCl6,1,1.0,1.0,1.0,3.0,-1.0,1.81,1.52,0.9,1.67,1.21,0.62,3.48,2.88,0.854420693933745,0.7245508982035929,0.79,0.82,2.05,3.16,1.23,1.4349999999999998,2.37,1.7250000000000003,55.0,19.0,51.0,17.0,25697898.0,Cs,Cs,K,Sb,Cl,A2B1B2X6,mp_all,1,0.0,1,3.393,direct,Labeled_from_MP_all_A2BBX6,Materials Project,mp-clguj,Cs2KSbCl6,3.393,True,False,0.012945226,False,1.0,
Cs2KSbI6,0,1.0,1.0,1.0,3.0,-1.0,1.81,1.52,0.9,2.06,1.21,0.62,3.87,3.27,0.836851144707015,0.587378640776699,0.79,0.82,2.05,2.66,1.23,1.4349999999999998,1.87,1.2250000000000003,55.0,19.0,51.0,53.0,72539658.0,Cs,Cs,K,Sb,I,A2B1B2X6,mp_all,1,0.0,1,2.441,indirect,Labeled_from_MP_all_A2BBX6,Materials Project,mp-clian,Cs2KSbI6,2.441,False,False,0.045214521,False,1.0,
Cs2KScBr6,0,1.0,1.0,1.0,3.0,-1.0,1.81,1.52,0.885,1.82,1.2025,0.635,3.63,3.0225,0.849229980382851,0.6607142857142858,0.79,0.82,1.36,2.96,0.5400000000000001,1.09,2.17,1.87,55.0,19.0,21.0,35.0,27629802.0,Cs,Cs,K,Sc,Br,A2B1B2X6,mp_all,1,0.0,1,3.1875,indirect,Labeled_from_MP_all_A2BBX6,Materials Project,mp-clinn,Cs2KScBr6,3.1875,False,False,0.010452542,False,1.0,
Cs2KScCl6,0,1.0,1.0,1.0,3.0,-1.0,1.81,1.52,0.885,1.67,1.2025,0.635,3.48,2.8725,0.8566515573643813,0.720059880239521,0.79,0.82,1.36,3.16,0.5400000000000001,1.09,2.37,2.0700000000000003,55.0,19.0,21.0,17.0,19127178.0,Cs,Cs,K,Sc,Cl,A2B1B2X6,mp_all,1,1.0,1,3.7113,indirect,Labeled_from_MP_all_A2BBX6,Materials Project,mp-bgmwi,Cs2KScCl6,3.7113,False,False,0.0,True,1.0,
Cs2KScI6,0,1.0,1.0,1.0,3.0,-1.0,1.81,1.52,0.885,2.06,1.2025,0.635,3.87,3.2625,0.8387749404419735,0.5837378640776699,0.79,0.82,1.36,2.66,0.5400000000000001,1.09,1.87,1.57,55.0,19.0,21.0,53.0,65968938.0,Cs,Cs,K,Sc,I,A2B1B2X6,mp_all,1,1.0,1,2.3591,indirect,Labeled_from_MP_all_A2BBX6,Materials Project,mp-cliao,Cs2KScI6,2.3591,False,False,0.0,True,1.0,
Cs2KSmCl6,1,1.0,1.0,1.0,3.0,-1.0,1.81,1.52,1.098,1.67,1.3090000000000002,0.4219999999999999,3.48,2.979,0.826026048516007,0.7838323353293415,0.79,0.82,1.17,3.16,0.35,0.995,2.37,2.165,55.0,19.0,62.0,17.0,33709033.0,Cs,Cs,K,Sm,Cl,A2B1B2X6,mp_all,1,1.0,1,5.0573,direct,Labeled_from_MP_all_A2BBX6,Materials Project,mp-cjlln,Cs2KSmCl6,5.0573,True,False,0.0,True,1.0,
Cs2KTbCl6,1,1.0,1.0,1.0,3.0,-1.0,1.81,1.52,1.063,1.67,1.2915,0.4570000000000001,3.48,2.9615,0.8309071749212174,0.7733532934131737,0.79,0.82,1.1,3.16,0.2800000000000001,0.96,2.37,2.2,55.0,19.0,65.0,17.0,36783322.0,Cs,Cs,K,Tb,Cl,A2B1B2X6,mp_all,1,1.0,1,5.0878,direct,Labeled_from_MP_all_A2BBX6,Materials Project,mp-bhaxz,Cs2KTbCl6,5.0878,True,False,0.0,True,1.0,
Cs2KTlBr6,1,1.0,1.0,1.0,3.0,-1.0,1.81,1.52,1.025,1.82,1.2725,0.4950000000000001,3.63,3.0925,0.8300073130823499,0.6991758241758241,0.79,0.82,1.62,2.96,0.8000000000000002,1.22,2.17,1.74,55.0,19.0,81.0,35.0,70482042.0,Cs,Cs,K,Tl,Br,A2B1B2X6,mp_all,1,0.0,1,1.3749,direct,Labeled_from_MP_all_A2BBX6,Materials Project,mp-climw,Cs2KTlBr6,1.3749,True,False,0.030537573,False,1.0,
Cs2KTlCl6,1,1.0,1.0,1.0,3.0,-1.0,1.81,1.52,1.025,1.67,1.2725,0.4950000000000001,3.48,2.9425,0.8362724209105132,0.7619760479041916,0.79,0.82,1.62,3.16,0.8000000000000002,1.22,2.37,1.94,55.0,19.0,81.0,17.0,61979418.0,Cs,Cs,K,Tl,Cl,A2B1B2X6,mp_all,1,0.0,1,2.3439,direct,Labeled_from_MP_all_A2BBX6,Materials Project,mp-climv,Cs2KTlCl6,2.3439,True,False,0.006458869,False,1.0,
Cs2KTlI6,1,1.0,1.0,1.0,3.0,-1.0,1.81,1.52,1.025,2.06,1.2725,0.4950000000000001,3.87,3.3325,0.8211562620230873,0.6177184466019418,0.79,0.82,1.62,2.66,0.8000000000000002,1.22,1.87,1.4400000000000002,55.0,19.0,81.0,53.0,108821178.0,Cs,Cs,K,Tl,I,A2B1B2X6,mp_all,1,0.0,1,0.5223,direct,Labeled_from_MP_all_A2BBX6,Materials Project,mp-clhzw,Cs2KTlI6,0.5223,True,False,0.091734586,False,1.0,
Cs2KYBr6,1,1.0,1.0,1.0,3.0,-1.0,1.81,1.52,1.04,1.82,1.28,0.48,3.63,3.1,0.8279992308732798,0.7032967032967032,0.79,0.82,1.22,2.96,0.4,1.02,2.17,1.94,55.0,19.0,39.0,35.0,29748762.0,Cs,Cs,K,Y,Br,A2B1B2X6,mp_all,1,1.0,1,4.2852,direct,Labeled_from_MP_all_A2BBX6,Materials Project,mp-clifq,Cs2KYBr6,4.2852,True,False,0.0,True,1.0,
Cs2KYCl6,1,1.0,1.0,1.0,3.0,-1.0,1.81,1.52,1.04,1.67,1.28,0.48,3.48,2.95,0.8341463045861645,0.7664670658682635,0.79,0.82,1.22,3.16,0.4,1.02,2.37,2.14,55.0,19.0,39.0,17.0,21246138.0,Cs,Cs,K,Y,Cl,A2B1B2X6,mp_all,1,1.0,1,5.1935,direct,Labeled_from_MP_all_A2BBX6,Materials Project,mp-clhzu,Cs2KYCl6,5.1935,True,False,0.0,True,1.0,
Cs2KYI6,0,1.0,1.0,1.0,3.0,-1.0,1.81,1.52,1.04,2.06,1.28,0.48,3.87,3.34,0.8193123482610596,0.6213592233009708,0.79,0.82,1.22,2.66,0.4,1.02,1.87,1.64,55.0,19.0,39.0,53.0,68087898.0,Cs,Cs,K,Y,I,A2B1B2X6,mp_all,1,0.0,1,3.2816,indirect,Labeled_from_MP_all_A2BBX6,Materials Project,mp-clhzr,Cs2KYI6,3.2816,False,False,0.002636161,False,1.0,
Cs2AgLaCl6,0,1.0,1.0,1.0,3.0,-1.0,1.81,1.29,1.172,1.67,1.231,0.1180000000000001,3.48,2.901,0.8482356423747622,0.737125748502994,0.79,1.93,1.1,3.16,0.8299999999999998,1.515,2.37,1.645,55.0,47.0,57.0,17.0,34238058.0,Cs,Cs,Ag,La,Cl,A2B1B2X6,mp_all,1,0.0,1,3.6099,indirect,Labeled_from_MP_all_A2BBX6,Materials Project,mp-cljif,Cs2LaAgCl6,3.6099,False,False,0.009555992,False,1.0,
Cs2AuLaCl6,0,1.0,1.0,1.0,3.0,-1.0,1.81,1.51,1.172,1.67,1.341,0.3380000000000001,3.48,3.011,0.8172472927695732,0.8029940119760479,0.79,2.54,1.1,3.16,1.44,1.82,2.37,1.34,55.0,79.0,57.0,17.0,68308458.0,Cs,Cs,Au,La,Cl,A2B1B2X6,mp_all,1,0.0,1,2.275,indirect,Labeled_from_MP_all_A2BBX6,Materials Project,mp-cljbm,Cs2LaAuCl6,2.275,False,False,0.11605717,False,1.0,oxidation state not guessed
Cs2CuLaCl6,0,1.0,1.0,1.0,3.0,-1.0,1.81,0.91,1.172,1.67,1.041,0.2619999999999999,3.48,2.711,0.9076841012649152,0.6233532934131736,0.79,1.9,1.1,3.16,0.7999999999999998,1.5,2.37,1.66,55.0,29.0,57.0,17.0,30065658.0,Cs,Cs,Cu,La,Cl,A2B1B2X6,mp_all,1,0.0,1,2.1808,indirect,Labeled_from_MP_all_A2BBX6,Materials Project,mp-cljfv,Cs2LaCuCl6,2.1808,False,False,0.052583874,False,1.0,
Cs2LiBiBr6,0,1.0,1.0,1.0,3.0,-1.0,1.81,0.9,1.17,1.82,1.035,0.2699999999999999,3.63,2.855,0.8990534555892006,0.5686813186813187,0.79,0.98,2.02,2.96,1.04,1.5,2.17,1.46,55.0,3.0,83.0,35.0,74763402.0,Cs,Cs,Li,Bi,Br,A2B1B2X6,mp_all,1,0.0,1,2.9154,indirect,Labeled_from_MP_all_A2BBX6,Materials Project,mp-clgub,Cs2LiBiBr6,2.9154,False,False,0.011177394,False,1.0,
Cs2LiBiCl6,0,1.0,1.0,1.0,3.0,-1.0,1.81,0.9,1.17,1.67,1.035,0.2699999999999999,3.48,2.705,0.9096974486244678,0.6197604790419161,0.79,0.98,2.02,3.16,1.04,1.5,2.37,1.66,55.0,3.0,83.0,17.0,66260778.0,Cs,Cs,Li,Bi,Cl,A2B1B2X6,mp_all,1,0.0,1,3.6075,indirect,Labeled_from_MP_all_A2BBX6,Materials Project,mp-clgtn,Cs2LiBiCl6,3.6075,False,False,0.009026441,False,1.0,
Cs2LiBiI6,0,1.0,1.0,1.0,3.0,-1.0,1.81,0.9,1.17,2.06,1.035,0.2699999999999999,3.87,3.095,0.88416906080515,0.5024271844660194,0.79,0.98,2.02,2.66,1.04,1.5,1.87,1.16,55.0,3.0,83.0,53.0,113102538.0,Cs,Cs,Li,Bi,I,A2B1B2X6,mp_all,1,0.0,1,1.9323,indirect,Labeled_from_MP_all_A2BBX6,Materials Project,mp-clifm,Cs2LiBiI6,1.9323,False,False,0.03142152,False,1.0,
Cs2LiCeBr6,0,1.0,1.0,1.0,3.0,-1.0,1.81,0.9,1.15,1.82,1.025,0.2499999999999999,3.63,2.845,0.9022135731835386,0.5631868131868131,0.79,0.98,1.12,2.96,0.1400000000000001,1.05,2.17,1.91,55.0,3.0,58.0,35.0,38621577.0,Cs,Cs,Li,Ce,Br,A2B1B2X6,mp_all,1,1.0,1,0.2909,indirect,Labeled_from_MP_all_A2BBX6,Materials Project,mp-clgtk,Cs2LiCeBr6,0.2909,False,False,0.0,True,1.0,
Cs2LiCeI6,0,1.0,1.0,1.0,3.0,-1.0,1.81,0.9,1.15,2.06,1.025,0.2499999999999999,3.87,3.085,0.887035086934178,0.4975728155339805,0.79,0.98,1.12,2.66,0.1400000000000001,1.05,1.87,1.61,55.0,3.0,58.0,53.0,76960713.0,Cs,Cs,Li,Ce,I,A2B1B2X6,mp_all,1,0.0,1,0.2572,indirect,Labeled_from_MP_all_A2BBX6,Materials Project,mp-clhzk,Cs2LiCeI6,0.2572,False,False,0.002290289,False,1.0,
Cs2LiDyCl6,1,1.0,1.0,1.0,3.0,-1.0,1.81,0.9,1.052,1.67,0.976,0.152,3.48,2.646,0.9299817076829876,0.5844311377245509,0.79,0.98,1.22,3.16,0.24,1.1,2.37,2.06,55.0,3.0,66.0,17.0,37777193.0,Cs,Cs,Li,Dy,Cl,A2B1B2X6,mp_all,1,1.0,1,5.0917,direct,Labeled_from_MP_all_A2BBX6,Materials Project,mp-climk,Cs2LiDyCl6,5.0917,True,False,0.0,True,1.0,
Cs2LiErCl6,1,1.0,1.0,1.0,3.0,-1.0,1.81,0.9,1.03,1.67,0.965,0.13,3.48,2.635,0.9338639842615504,0.5778443113772456,0.79,0.98,1.24,3.16,0.26,1.11,2.37,2.0500000000000003,55.0,3.0,68.0,17.0,40183833.0,Cs,Cs,Li,Er,Cl,A2B1B2X6,mp_all,1,1.0,1,5.1941,direct,Labeled_from_MP_all_A2BBX6,Materials Project,mp-clgdy,Cs2LiErCl6,5.1941,True,False,0.0,True,1.0,
Cs2LiGdCl6,1,1.0,1.0,1.0,3.0,-1.0,1.81,0.9,1.075,1.67,0.9875,0.1749999999999999,3.48,2.6575,0.9259573277626286,0.5913173652694611,0.79,0.98,1.2,3.16,0.2199999999999999,1.09,2.37,2.0700000000000003,55.0,3.0,64.0,17.0,35579673.0,Cs,Cs,Li,Gd,Cl,A2B1B2X6,mp_all,1,1.0,1,2.782,direct,Labeled_from_MP_all_A2BBX6,Materials Project,mp-clhxg,Cs2LiGdCl6,2.782,True,False,0.0,True,1.0,
Cs2LiInBr6,1,1.0,1.0,1.0,3.0,-1.0,1.81,0.9,0.94,1.82,0.92,0.0399999999999999,3.63,2.74,0.9367874509880172,0.5054945054945055,0.79,0.98,1.78,2.96,0.8,1.38,2.17,1.58,55.0,3.0,49.0,35.0,33069882.0,Cs,Cs,Li,In,Br,A2B1B2X6,mp_all,1,1.0,1,1.318,direct,Labeled_from_MP_all_A2BBX6,Materials Project,mp-cehqb,Cs2LiInBr6,1.318,True,False,0.0,True,1.0,
Cs2LiInCl6,1,1.0,1.0,1.0,3.0,-1.0,1.81,0.9,0.94,1.67,0.92,0.0399999999999999,3.48,2.59,0.9500894202815386,0.5508982035928144,0.79,0.98,1.78,3.16,0.8,1.38,2.37,1.7800000000000002,55.0,3.0,49.0,17.0,24567258.0,Cs,Cs,Li,In,Cl,A2B1B2X6,mp_all,1,1.0,1,3.2418,direct,Labeled_from_MP_all_A2BBX6,Materials Project,mp-bgnlv,Cs2LiInCl6,3.2418,True,False,0.0,True,1.0,
Cs2LiLaBr6,1,1.0,1.0,1.0,3.0,-1.0,1.81,0.9,1.172,1.82,1.036,0.2719999999999999,3.63,2.856,0.8987386609618933,0.5692307692307692,0.79,0.98,1.1,2.96,0.1200000000000001,1.04,2.17,1.92,55.0,3.0,57.0,35.0,37861082.0,Cs,Cs,Li,La,Br,A2B1B2X6,mp_all,1,0.0,1,3.7835,direct,Labeled_from_MP_all_A2BBX6,Materials Project,mp-cswge,Cs2LiLaBr6,3.7835,True,False,0.013841643,False,1.0,
Cs2LiLaCl6,1,1.0,1.0,1.0,3.0,-1.0,1.81,0.9,1.172,1.67,1.036,0.2719999999999999,3.48,2.706,0.9093612707055376,0.6203592814371258,0.79,0.98,1.1,3.16,0.1200000000000001,1.04,2.37,2.12,55.0,3.0,57.0,17.0,29358458.0,Cs,Cs,Li,La,Cl,A2B1B2X6,mp_all,1,0.0,1,4.4927,direct,Labeled_from_MP_all_A2BBX6,Materials Project,mp-clhzl,Cs2LiLaCl6,4.4927,True,False,0.016952531,False,1.0,
Cs2LiLuCl6,1,1.0,1.0,1.0,3.0,-1.0,1.81,0.9,1.001,1.67,0.9505,0.1009999999999998,3.48,2.6205,0.9390313293376016,0.5691616766467066,0.79,0.98,1.27,3.16,0.29,1.125,2.37,2.035,55.0,3.0,71.0,17.0,44214138.0,Cs,Cs,Li,Lu,Cl,A2B1B2X6,mp_all,1,1.0,1,5.3389,direct,Labeled_from_MP_all_A2BBX6,Materials Project,mp-bgltr,Cs2LiLuCl6,5.3389,True,False,0.0,True,1.0,
Cs2LiMoBr6,1,1.0,1.0,1.0,3.0,-1.0,1.81,0.9,0.83,1.82,0.865,0.07,3.63,2.685,0.9559767656265056,0.4752747252747252,0.79,0.98,2.16,2.96,1.1800000000000002,1.57,2.17,1.39,55.0,3.0,42.0,35.0,30416777.0,Cs,Cs,Li,Mo,Br,A2B1B2X6,mp_all,1,0.0,1,1.2684,direct,Labeled_from_MP_all_A2BBX6,Materials Project,mp-clgtj,Cs2LiMoBr6,1.2684,True,False,0.048563415,False,1.0,
Cs2LiMoCl6,1,1.0,1.0,1.0,3.0,-1.0,1.81,0.9,0.83,1.67,0.865,0.07,3.48,2.535,0.9707028002087514,0.5179640718562875,0.79,0.98,2.16,3.16,1.1800000000000002,1.57,2.37,1.59,55.0,3.0,42.0,17.0,21914153.0,Cs,Cs,Li,Mo,Cl,A2B1B2X6,mp_all,1,0.0,1,1.5978,direct,Labeled_from_MP_all_A2BBX6,Materials Project,mp-clfmj,Cs2LiMoCl6,1.5978,True,False,0.03343741,False,1.0,
Cs2LiMoI6,1,1.0,1.0,1.0,3.0,-1.0,1.81,0.9,0.83,2.06,0.865,0.07,3.87,2.925,0.9355566643391244,0.4199029126213592,0.79,0.98,2.16,2.66,1.1800000000000002,1.57,1.87,1.09,55.0,3.0,42.0,53.0,68755913.0,Cs,Cs,Li,Mo,I,A2B1B2X6,mp_all,1,0.0,1,0.9856,direct,Labeled_from_MP_all_A2BBX6,Materials Project,mp-clifk,Cs2LiMoI6,0.9856,True,False,0.085883738,False,1.0,
Cs2LiNdBr6,1,1.0,1.0,1.0,3.0,-1.0,1.81,0.9,1.123,1.82,1.0115,0.2229999999999999,3.63,2.8315,0.9065151388688564,0.5557692307692308,0.79,0.98,1.14,2.96,0.1599999999999999,1.06,2.17,1.9,55.0,3.0,60.0,35.0,40265081.0,Cs,Cs,Li,Nd,Br,A2B1B2X6,mp_all,1,1.0,1,3.9972,direct,Labeled_from_MP_all_A2BBX6,Materials Project,mp-clgth,Cs2LiNdBr6,3.9972,True,False,0.0,True,1.0,
Cs2LiNdCl6,1,1.0,1.0,1.0,3.0,-1.0,1.81,0.9,1.123,1.67,1.0115,0.2229999999999999,3.48,2.6815,0.917669811124067,0.6056886227544911,0.79,0.98,1.14,3.16,0.1599999999999999,1.06,2.37,2.1,55.0,3.0,60.0,17.0,31762457.0,Cs,Cs,Li,Nd,Cl,A2B1B2X6,mp_all,1,0.0,1,4.8227,direct,Labeled_from_MP_all_A2BBX6,Materials Project,mp-clgtd,Cs2LiNdCl6,4.8227,True,False,0.000197068,False,1.0,
Cs2LiNdI6,1,1.0,1.0,1.0,3.0,-1.0,1.81,0.9,1.123,2.06,1.0115,0.2229999999999999,3.87,3.0715000000000003,0.890933824903773,0.4910194174757282,0.79,0.98,1.14,2.66,0.1599999999999999,1.06,1.87,1.6,55.0,3.0,60.0,53.0,78604217.0,Cs,Cs,Li,Nd,I,A2B1B2X6,mp_all,1,1.0,1,2.9743,direct,Labeled_from_MP_all_A2BBX6,Materials Project,mp-clifi,Cs2LiNdI6,2.9743,True,False,0.0,True,1.0,
Cs2LiPrBr6,1,1.0,1.0,1.0,3.0,-1.0,1.81,0.9,1.13,1.82,1.015,0.2299999999999998,3.63,2.835,0.9053959843764258,0.5576923076923076,0.79,0.98,1.13,2.96,0.1499999999999999,1.055,2.17,1.905,55.0,3.0,59.0,35.0,39422442.0,Cs,Cs,Li,Pr,Br,A2B1B2X6,mp_all,1,1.0,1,3.9721,direct,Labeled_from_MP_all_A2BBX6,Materials Project,mp-clgtb,Cs2LiPrBr6,3.9721,True,False,0.0,True,1.0,
Cs2LiPrCl6,1,1.0,1.0,1.0,3.0,-1.0,1.81,0.9,1.13,1.67,1.015,0.2299999999999998,3.48,2.685,0.916473593493179,0.6077844311377245,0.79,0.98,1.13,3.16,0.1499999999999999,1.055,2.37,2.1050000000000004,55.0,3.0,59.0,17.0,30919818.0,Cs,Cs,Li,Pr,Cl,A2B1B2X6,mp_all,1,0.0,1,4.7971,direct,Labeled_from_MP_all_A2BBX6,Materials Project,mp-clgsy,Cs2LiPrCl6,4.7971,True,False,0.014602899,False,1.0,
Cs2LiPrI6,1,1.0,1.0,1.0,3.0,-1.0,1.81,0.9,1.13,2.06,1.015,0.2299999999999998,3.87,3.075,0.8899197538835574,0.4927184466019417,0.79,0.98,1.13,2.66,0.1499999999999999,1.055,1.87,1.6050000000000002,55.0,3.0,59.0,53.0,77761578.0,Cs,Cs,Li,Pr,I,A2B1B2X6,mp_all,1,1.0,1,2.9609,direct,Labeled_from_MP_all_A2BBX6,Materials Project,mp-clima,Cs2LiPrI6,2.9609,True,False,0.0,True,1.0,
Cs2LiSbBr6,0,1.0,1.0,1.0,3.0,-1.0,1.81,0.9,0.9,1.82,0.9,0.0,3.63,2.72,0.943675594009988,0.4945054945054945,0.79,0.98,2.05,2.96,1.0699999999999998,1.515,2.17,1.445,55.0,3.0,51.0,35.0,34070282.0,Cs,Cs,Li,Sb,Br,A2B1B2X6,mp_all,1,0.0,1,2.3396,indirect,Labeled_from_MP_all_A2BBX6,Materials Project,mp-clgsx,Cs2LiSbBr6,2.3396,False,False,0.022989747,False,1.0,
Cs2LiSbCl6,0,1.0,1.0,1.0,3.0,-1.0,1.81,0.9,0.9,1.67,0.9,0.0,3.48,2.57,0.9574831122681656,0.5389221556886228,0.79,0.98,2.05,3.16,1.0699999999999998,1.515,2.37,1.6450000000000002,55.0,3.0,51.0,17.0,25567658.0,Cs,Cs,Li,Sb,Cl,A2B1B2X6,mp_all,1,0.0,1,2.9508,indirect,Labeled_from_MP_all_A2BBX6,Materials Project,mp-clgdr,Cs2LiSbCl6,2.9508,False,False,0.01873618,False,1.0,
Cs2LiSbI6,0,1.0,1.0,1.0,3.0,-1.0,1.81,0.9,0.9,2.06,0.9,0.0,3.87,2.96,0.9244943389161956,0.4368932038834951,0.79,0.98,2.05,2.66,1.0699999999999998,1.515,1.87,1.1450000000000002,55.0,3.0,51.0,53.0,72409418.0,Cs,Cs,Li,Sb,I,A2B1B2X6,mp_all,1,0.0,1,1.7376,indirect,Labeled_from_MP_all_A2BBX6,Materials Project,mp-clhzd,Cs2LiSbI6,1.7376,False,False,0.035539827,False,1.0,
Cs2LiScCl6,1,1.0,1.0,1.0,3.0,-1.0,1.81,0.9,0.885,1.67,0.8925000000000001,0.015,3.48,2.5625,0.9602855018650478,0.534431137724551,0.79,0.98,1.36,3.16,0.3800000000000001,1.17,2.37,1.99,55.0,3.0,21.0,17.0,18996938.0,Cs,Cs,Li,Sc,Cl,A2B1B2X6,mp_all,1,1.0,1,3.8154,direct,Labeled_from_MP_all_A2BBX6,Materials Project,mp-cpruv,Cs2LiScCl6,3.8154,True,False,0.0,True,1.0,
Cs2LiSmCl6,1,1.0,1.0,1.0,3.0,-1.0,1.81,0.9,1.098,1.67,0.999,0.198,3.48,2.669,0.921967627774142,0.5982035928143713,0.79,0.98,1.17,3.16,0.1899999999999999,1.075,2.37,2.085,55.0,3.0,62.0,17.0,33578793.0,Cs,Cs,Li,Sm,Cl,A2B1B2X6,mp_all,1,1.0,1,4.9508,direct,Labeled_from_MP_all_A2BBX6,Materials Project,mp-clhzb,Cs2LiSmCl6,4.9508,True,False,0.0,True,1.0,
Cs2LiTbCl6,1,1.0,1.0,1.0,3.0,-1.0,1.81,0.9,1.063,1.67,0.9815,0.1629999999999999,3.48,2.6515,0.9280526488890009,0.5877245508982036,0.79,0.98,1.1,3.16,0.1200000000000001,1.04,2.37,2.12,55.0,3.0,65.0,17.0,36653082.0,Cs,Cs,Li,Tb,Cl,A2B1B2X6,mp_all,1,1.0,1,5.0434,direct,Labeled_from_MP_all_A2BBX6,Materials Project,mp-clhyz,Cs2LiTbCl6,5.0434,True,False,0.0,True,1.0,
Cs2LiTlBr6,1,1.0,1.0,1.0,3.0,-1.0,1.81,0.9,1.025,1.82,0.9625,0.1249999999999998,3.63,2.7825,0.922478927477868,0.5288461538461537,0.79,0.98,1.62,2.96,0.6400000000000001,1.3,2.17,1.66,55.0,3.0,81.0,35.0,70351802.0,Cs,Cs,Li,Tl,Br,A2B1B2X6,mp_all,1,0.0,1,0.5505,direct,Labeled_from_MP_all_A2BBX6,Materials Project,mp-clhza,Cs2LiTlBr6,0.5505,True,False,0.030591878,False,1.0,
Cs2LiTlCl6,1,1.0,1.0,1.0,3.0,-1.0,1.81,0.9,1.025,1.67,0.9625,0.1249999999999998,3.48,2.6325,0.9347508446454644,0.5763473053892215,0.79,0.98,1.62,3.16,0.6400000000000001,1.3,2.37,1.86,55.0,3.0,81.0,17.0,61849178.0,Cs,Cs,Li,Tl,Cl,A2B1B2X6,mp_all,1,0.0,1,1.5236,direct,Labeled_from_MP_all_A2BBX6,Materials Project,mp-clilr,Cs2LiTlCl6,1.5236,True,False,0.018173167,False,1.0,
Cs2LiTmCl6,1,1.0,1.0,1.0,3.0,-1.0,1.81,0.9,1.02,1.67,0.96,0.12,3.48,2.63,0.935639391075736,0.5748502994011976,0.79,0.98,1.25,3.16,0.27,1.115,2.37,2.045,55.0,3.0,69.0,17.0,41469578.0,Cs,Cs,Li,Tm,Cl,A2B1B2X6,mp_all,1,1.0,1,5.2527,direct,Labeled_from_MP_all_A2BBX6,Materials Project,mp-clilq,Cs2LiTmCl6,5.2527,True,False,0.0,True,1.0,
Cs2LiYBr6,1,1.0,1.0,1.0,3.0,-1.0,1.81,0.9,1.04,1.82,0.97,0.14,3.63,2.79,0.9199991454147554,0.532967032967033,0.79,0.98,1.22,2.96,0.24,1.1,2.17,1.86,55.0,3.0,39.0,35.0,29618522.0,Cs,Cs,Li,Y,Br,A2B1B2X6,mp_all,1,1.0,1,4.0508,direct,Labeled_from_MP_all_A2BBX6,Materials Project,mp-clgsv,Cs2LiYBr6,4.0508,True,False,0.0,True,1.0,
Cs2LiYCl6,1,1.0,1.0,1.0,3.0,-1.0,1.81,0.9,1.04,1.67,0.97,0.14,3.48,2.64,0.9320953024731764,0.5808383233532934,0.79,0.98,1.22,3.16,0.24,1.1,2.37,2.06,55.0,3.0,39.0,17.0,21115898.0,Cs,Cs,Li,Y,Cl,A2B1B2X6,mp_all,1,1.0,1,4.8986,direct,Labeled_from_MP_all_A2BBX6,Materials Project,mp-bghsu,Cs2LiYCl6,4.8986,True,False,0.0,True,1.0,
Cs2LiYI6,1,1.0,1.0,1.0,3.0,-1.0,1.81,0.9,1.04,2.06,0.97,0.14,3.87,3.03,0.903136383891729,0.4708737864077669,0.79,0.98,1.22,2.66,0.24,1.1,1.87,1.56,55.0,3.0,39.0,53.0,67957658.0,Cs,Cs,Li,Y,I,A2B1B2X6,mp_all,1,1.0,1,3.0085,direct,Labeled_from_MP_all_A2BBX6,Materials Project,mp-clhyt,Cs2LiYI6,3.0085,True,False,0.0,True,1.0,
Cs2AgLuCl6,0,1.0,1.0,1.0,3.0,-1.0,1.81,1.29,1.001,1.67,1.1455,0.2890000000000001,3.48,2.8155,0.8739945297564146,0.6859281437125748,0.79,1.93,1.27,3.16,0.6599999999999999,1.6,2.37,1.56,55.0,47.0,71.0,17.0,49093738.0,Cs,Cs,Ag,Lu,Cl,A2B1B2X6,mp_all,1,1.0,1,3.7052,indirect,Labeled_from_MP_all_A2BBX6,Materials Project,mp-cljgo,Cs2LuAgCl6,3.7052,False,False,0.0,True,1.0,
Cs2NaAlCl6,1,1.0,1.0,1.0,3.0,-1.0,1.81,1.16,0.675,1.67,0.9175,0.4849999999999999,3.48,2.5875,0.9510073810740812,0.5494011976047904,0.79,0.93,1.61,3.16,0.68,1.27,2.37,1.89,55.0,11.0,13.0,17.0,18845578.0,Cs,Cs,Na,Al,Cl,A2B1B2X6,mp_all,1,0.0,1,4.1213,direct,Labeled_from_MP_all_A2BBX6,Materials Project,mp-clilp,Cs2NaAlCl6,4.1213,True,False,0.036336887,False,1.0,
Cs2NaAsBr6,0,1.0,1.0,1.0,3.0,-1.0,1.81,1.16,0.72,1.82,0.94,0.4399999999999999,3.63,2.76,0.9299991361257852,0.5164835164835164,0.79,0.93,2.18,2.96,1.25,1.5550000000000002,2.17,1.4049999999999998,55.0,11.0,33.0,35.0,28505562.0,Cs,Cs,Na,As,Br,A2B1B2X6,mp_all,1,1.0,1,2.559,indirect,Labeled_from_MP_all_A2BBX6,Materials Project,mp-clewc,Cs2NaAsBr6,2.559,False,False,0.0,True,1.0,
Cs2NaAsCl6,0,1.0,1.0,1.0,3.0,-1.0,1.81,1.16,0.72,1.67,0.94,0.4399999999999999,3.48,2.61,0.9428090415820634,0.562874251497006,0.79,0.93,2.18,3.16,1.25,1.5550000000000002,2.37,1.605,55.0,11.0,33.0,17.0,20002938.0,Cs,Cs,Na,As,Cl,A2B1B2X6,mp_all,1,0.0,1,2.8421,indirect,Labeled_from_MP_all_A2BBX6,Materials Project,mp-cehxw,Cs2NaAsCl6,2.8421,False,False,0.01616704,False,1.0,
Cs2NaBiBr6,0,1.0,1.0,1.0,3.0,-1.0,1.81,1.16,1.17,1.82,1.165,0.01,3.63,2.9850000000000003,0.8598986987293691,0.6401098901098901,0.79,0.93,2.02,2.96,1.09,1.475,2.17,1.485,55.0,11.0,83.0,35.0,74777962.0,Cs,Cs,Na,Bi,Br,A2B1B2X6,mp_all,1,0.0,1,3.1775,indirect,Labeled_from_MP_all_A2BBX6,Materials Project,mp-clhyr,Cs2NaBiBr6,3.1775,False,False,0.002188846,False,1.0,
Cs2NaBiCl6,0,1.0,1.0,1.0,3.0,-1.0,1.81,1.16,1.17,1.67,1.165,0.01,3.48,2.835,0.8679829271707884,0.6976047904191617,0.79,0.93,2.02,3.16,1.09,1.475,2.37,1.685,55.0,11.0,83.0,17.0,66275338.0,Cs,Cs,Na,Bi,Cl,A2B1B2X6,mp_all,1,1.0,1,3.7126,indirect,Labeled_from_MP_all_A2BBX6,Materials Project,mp-cjlsb,Cs2NaBiCl6,3.7126,False,False,0.0,True,1.0,
Cs2NaBiI6,0,1.0,1.0,1.0,3.0,-1.0,1.81,1.16,1.17,2.06,1.165,0.01,3.87,3.225,0.8485281374238569,0.5655339805825242,0.79,0.93,2.02,2.66,1.09,1.475,1.87,1.185,55.0,11.0,83.0,53.0,113117098.0,Cs,Cs,Na,Bi,I,A2B1B2X6,mp_all,1,0.0,1,2.1074,indirect,Labeled_from_MP_all_A2BBX6,Materials Project,mp-clhyp,Cs2NaBiI6,2.1074,False,False,0.025544727,False,1.0,
Cs2NaCeCl6,0,1.0,1.0,1.0,3.0,-1.0,1.81,1.16,1.15,1.67,1.1549999999999998,0.01,3.48,2.825,0.8710554331076762,0.6916167664670658,0.79,0.93,1.12,3.16,0.19,1.025,2.37,2.135,55.0,11.0,58.0,17.0,30133513.0,Cs,Cs,Na,Ce,Cl,A2B1B2X6,mp_all,1,1.0,1,0.3601,indirect,Labeled_from_MP_all_A2BBX6,Materials Project,mp-cjkvq,Cs2NaCeCl6,0.3601,False,False,0.0,True,1.0,
Cs2NaCeI6,0,1.0,1.0,1.0,3.0,-1.0,1.81,1.16,1.15,2.06,1.1549999999999998,0.01,3.87,3.215,0.8511674162338846,0.5606796116504853,0.79,0.93,1.12,2.66,0.19,1.025,1.87,1.635,55.0,11.0,58.0,53.0,76975273.0,Cs,Cs,Na,Ce,I,A2B1B2X6,mp_all,1,1.0,1,2.3813,indirect,Labeled_from_MP_all_A2BBX6,Materials Project,mp-clhym,Cs2NaCeI6,2.3813,False,False,0.0,True,1.0,
Cs2NaCrCl6,1,1.0,1.0,1.0,3.0,-1.0,1.81,1.16,1.4,1.67,1.2799999999999998,0.24,3.48,2.95,0.8341463045861646,0.7664670658682634,0.79,0.93,1.66,3.16,0.7299999999999999,1.295,2.37,1.865,55.0,11.0,24.0,17.0,19148793.0,Cs,Cs,Na,Cr,Cl,A2B1B2X6,mp_all,1,0.0,1,1.3532,direct,Labeled_from_MP_all_A2BBX6,Materials Project,mp-cqpoy,Cs2NaCrCl6,1.3532,True,False,0.0072842,False,1.0,
Cs2NaDyCl6,1,1.0,1.0,1.0,3.0,-1.0,1.81,1.16,1.052,1.67,1.106,0.1079999999999998,3.48,2.776,0.886430691112819,0.6622754491017964,0.79,0.93,1.22,3.16,0.2899999999999999,1.075,2.37,2.085,55.0,11.0,66.0,17.0,37791753.0,Cs,Cs,Na,Dy,Cl,A2B1B2X6,mp_all,1,1.0,1,4.9885,direct,Labeled_from_MP_all_A2BBX6,Materials Project,mp-clevz,Cs2NaDyCl6,4.9885,True,False,0.0,True,1.0,
Cs2NaErCl6,1,1.0,1.0,1.0,3.0,-1.0,1.81,1.16,1.03,1.67,1.095,0.1299999999999999,3.48,2.765,0.889957178491568,0.655688622754491,0.79,0.93,1.24,3.16,0.3099999999999999,1.085,2.37,2.075,55.0,11.0,68.0,17.0,40198393.0,Cs,Cs,Na,Er,Cl,A2B1B2X6,mp_all,1,1.0,1,5.3424,direct,Labeled_from_MP_all_A2BBX6,Materials Project,mp-bhawj,Cs2NaErCl6,5.3424,True,False,0.0,True,1.0,
Cs2NaGaBr6,1,1.0,1.0,1.0,3.0,-1.0,1.81,1.16,0.76,1.82,0.96,0.3999999999999999,3.63,2.78,0.9233084948586932,0.5274725274725275,0.79,0.93,1.81,2.96,0.88,1.37,2.17,1.59,55.0,11.0,31.0,35.0,28243162.0,Cs,Cs,Na,Ga,Br,A2B1B2X6,mp_all,1,0.0,1,1.6072,direct,Labeled_from_MP_all_A2BBX6,Materials Project,mp-cleza,Cs2NaGaBr6,1.6072,True,False,0.076300241,False,1.0,
Cs2NaGaCl6,1,1.0,1.0,1.0,3.0,-1.0,1.81,1.16,0.76,1.67,0.96,0.3999999999999999,3.48,2.63,0.935639391075736,0.5748502994011976,0.79,0.93,1.81,3.16,0.88,1.37,2.37,1.79,55.0,11.0,31.0,17.0,19740538.0,Cs,Cs,Na,Ga,Cl,A2B1B2X6,mp_all,1,0.0,1,2.8347,direct,Labeled_from_MP_all_A2BBX6,Materials Project,mp-clilg,Cs2NaGaCl6,2.8347,True,False,0.05489456,False,1.0,
Cs2NaGdCl6,1,1.0,1.0,1.0,3.0,-1.0,1.81,1.16,1.075,1.67,1.1175,0.0849999999999999,3.48,2.7875,0.8827736676337885,0.6691616766467066,0.79,0.93,1.2,3.16,0.2699999999999999,1.065,2.37,2.095,55.0,11.0,64.0,17.0,35594233.0,Cs,Cs,Na,Gd,Cl,A2B1B2X6,mp_all,1,1.0,1,3.0186,direct,Labeled_from_MP_all_A2BBX6,Materials Project,mp-clhyn,Cs2NaGdCl6,3.0186,True,False,0.0,True,1.0,
Cs2NaHoCl6,1,1.0,1.0,1.0,3.0,-1.0,1.81,1.16,1.041,1.67,1.1004999999999998,0.119,3.48,2.7705,0.8881904344086574,0.6589820359281436,0.79,0.93,1.23,3.16,0.2999999999999999,1.08,2.37,2.08,55.0,11.0,67.0,17.0,38968138.0,Cs,Cs,Na,Ho,Cl,A2B1B2X6,mp_all,1,1.0,1,5.2906,direct,Labeled_from_MP_all_A2BBX6,Materials Project,mp-bexet,Cs2NaHoCl6,5.2906,True,False,0.0,True,1.0,
Cs2NaInBr6,1,1.0,1.0,1.0,3.0,-1.0,1.81,1.16,0.94,1.82,1.0499999999999998,0.2199999999999999,3.63,2.87,0.8943545699328109,0.5769230769230768,0.79,0.93,1.78,2.96,0.85,1.355,2.17,1.605,55.0,11.0,49.0,35.0,33084442.0,Cs,Cs,Na,In,Br,A2B1B2X6,mp_all,1,1.0,1,1.8935,direct,Labeled_from_MP_all_A2BBX6,Materials Project,mp-cestz,Cs2NaInBr6,1.8935,True,False,0.0,True,1.0,
Cs2NaInCl6,1,1.0,1.0,1.0,3.0,-1.0,1.81,1.16,0.94,1.67,1.0499999999999998,0.2199999999999999,3.48,2.72,0.9046807347533772,0.6287425149700598,0.79,0.93,1.78,3.16,0.85,1.355,2.37,1.805,55.0,11.0,49.0,17.0,24581818.0,Cs,Cs,Na,In,Cl,A2B1B2X6,mp_all,1,1.0,1,2.9904,direct,Labeled_from_MP_all_A2BBX6,Materials Project,mp-cehwl,Cs2NaInCl6,2.9904,True,False,0.0,True,1.0,
Cs2NaInI6,1,1.0,1.0,1.0,3.0,-1.0,1.81,1.16,0.94,2.06,1.0499999999999998,0.2199999999999999,3.87,3.11,0.879904579804482,0.5097087378640776,0.79,0.93,1.78,2.66,0.85,1.355,1.87,1.3050000000000002,55.0,11.0,49.0,53.0,71423578.0,Cs,Cs,Na,In,I,A2B1B2X6,mp_all,1,0.0,1,0.6998,direct,Labeled_from_MP_all_A2BBX6,Materials Project,mp-clhez,Cs2NaInI6,0.6998,True,False,0.045271321,False,1.0,
Cs2NaLaBr6,1,1.0,1.0,1.0,3.0,-1.0,1.81,1.16,1.172,1.82,1.166,0.012,3.63,2.986,0.8596107219381003,0.6406593406593406,0.79,0.93,1.1,2.96,0.17,1.015,2.17,1.945,55.0,11.0,57.0,35.0,37875642.0,Cs,Cs,Na,La,Br,A2B1B2X6,mp_all,1,0.0,1,3.8471,direct,Labeled_from_MP_all_A2BBX6,Materials Project,mp-cjkhs,Cs2NaLaBr6,3.8471,True,False,0.006555198,False,1.0,
Cs2NaLaCl6,1,1.0,1.0,1.0,3.0,-1.0,1.81,1.16,1.172,1.67,1.166,0.012,3.48,2.836,0.8676768683107141,0.6982035928143713,0.79,0.93,1.1,3.16,0.17,1.015,2.37,2.145,55.0,11.0,57.0,17.0,29373018.0,Cs,Cs,Na,La,Cl,A2B1B2X6,mp_all,1,0.0,1,4.6183,direct,Labeled_from_MP_all_A2BBX6,Materials Project,mp-cjlrd,Cs2NaLaCl6,4.6183,True,False,0.00385671,False,1.0,
Cs2NaLuCl6,1,1.0,1.0,1.0,3.0,-1.0,1.81,1.16,1.001,1.67,1.0804999999999998,0.159,3.48,2.7505,0.8946488269511673,0.647005988023952,0.79,0.93,1.27,3.16,0.3399999999999999,1.1,2.37,2.06,55.0,11.0,71.0,17.0,44228698.0,Cs,Cs,Na,Lu,Cl,A2B1B2X6,mp_all,1,1.0,1,5.494,direct,Labeled_from_MP_all_A2BBX6,Materials Project,mp-clgsm,Cs2NaLuCl6,5.494,True,False,0.0,True,1.0,
Cs2NaMoBr6,1,1.0,1.0,1.0,3.0,-1.0,1.81,1.16,0.83,1.82,0.995,0.3299999999999999,3.63,2.815,0.9118286379066314,0.5467032967032966,0.79,0.93,2.16,2.96,1.23,1.5450000000000002,2.17,1.4149999999999998,55.0,11.0,42.0,35.0,30431337.0,Cs,Cs,Na,Mo,Br,A2B1B2X6,mp_all,1,0.0,1,1.4443,direct,Labeled_from_MP_all_A2BBX6,Materials Project,mp-clgsk,Cs2NaMoBr6,1.4443,True,False,0.029777838,False,1.0,
Cs2NaMoCl6,1,1.0,1.0,1.0,3.0,-1.0,1.81,1.16,0.83,1.67,0.995,0.3299999999999999,3.48,2.665,0.9233514441010076,0.5958083832335329,0.79,0.93,2.16,3.16,1.23,1.5450000000000002,2.37,1.615,55.0,11.0,42.0,17.0,21928713.0,Cs,Cs,Na,Mo,Cl,A2B1B2X6,mp_all,1,0.0,1,1.6371,direct,Labeled_from_MP_all_A2BBX6,Materials Project,mp-clgdm,Cs2NaMoCl6,1.6371,True,False,0.006399426,False,1.0,
Cs2NaMoI6,1,1.0,1.0,1.0,3.0,-1.0,1.81,1.16,0.83,2.06,0.995,0.3299999999999999,3.87,3.055,0.8957457424523532,0.483009708737864,0.79,0.93,2.16,2.66,1.23,1.5450000000000002,1.87,1.115,55.0,11.0,42.0,53.0,68770473.0,Cs,Cs,Na,Mo,I,A2B1B2X6,mp_all,1,0.0,1,1.0847,direct,Labeled_from_MP_all_A2BBX6,Materials Project,mp-clhey,Cs2NaMoI6,1.0847,True,False,0.071357663,False,1.0,
Cs2NaNdBr6,1,1.0,1.0,1.0,3.0,-1.0,1.81,1.16,1.123,1.82,1.1415,0.0369999999999999,3.63,2.9615,0.8667221393574768,0.6271978021978022,0.79,0.93,1.14,2.96,0.2099999999999998,1.035,2.17,1.925,55.0,11.0,60.0,35.0,40279641.0,Cs,Cs,Na,Nd,Br,A2B1B2X6,mp_all,1,1.0,1,4.1254,direct,Labeled_from_MP_all_A2BBX6,Materials Project,mp-clhev,Cs2NaNdBr6,4.1254,True,False,0.0,True,1.0,
Cs2NaNdCl6,1,1.0,1.0,1.0,3.0,-1.0,1.81,1.16,1.123,1.67,1.1415,0.0369999999999999,3.48,2.8115,0.875237986316623,0.6835329341317365,0.79,0.93,1.14,3.16,0.2099999999999998,1.035,2.37,2.125,55.0,11.0,60.0,17.0,31777017.0,Cs,Cs,Na,Nd,Cl,A2B1B2X6,mp_all,1,1.0,1,4.9943,direct,Labeled_from_MP_all_A2BBX6,Materials Project,mp-clgsj,Cs2NaNdCl6,4.9943,True,False,0.0,True,1.0,
Cs2NaPrBr6,1,1.0,1.0,1.0,3.0,-1.0,1.81,1.16,1.13,1.82,1.145,0.03,3.63,2.965,0.8656990272199553,0.6291208791208791,0.79,0.93,1.13,2.96,0.1999999999999998,1.03,2.17,1.93,55.0,11.0,59.0,35.0,39437002.0,Cs,Cs,Na,Pr,Br,A2B1B2X6,mp_all,1,1.0,1,4.1252,direct,Labeled_from_MP_all_A2BBX6,Materials Project,mp-clhew,Cs2NaPrBr6,4.1252,True,False,0.0,True,1.0,
Cs2NaPrCl6,1,1.0,1.0,1.0,3.0,-1.0,1.81,1.16,1.13,1.67,1.145,0.03,3.48,2.815,0.8741497685716466,0.6856287425149701,0.79,0.93,1.13,3.16,0.1999999999999998,1.03,2.37,2.13,55.0,11.0,59.0,17.0,30934378.0,Cs,Cs,Na,Pr,Cl,A2B1B2X6,mp_all,1,1.0,1,4.9676,direct,Labeled_from_MP_all_A2BBX6,Materials Project,mp-clgsi,Cs2NaPrCl6,4.9676,True,False,0.0,True,1.0,
Cs2NaPrI6,1,1.0,1.0,1.0,3.0,-1.0,1.81,1.16,1.13,2.06,1.145,0.03,3.87,3.205,0.853823164802477,0.5558252427184466,0.79,0.93,1.13,2.66,0.1999999999999998,1.03,1.87,1.63,55.0,11.0,59.0,53.0,77776138.0,Cs,Cs,Na,Pr,I,A2B1B2X6,mp_all,1,1.0,1,3.1147,direct,Labeled_from_MP_all_A2BBX6,Materials Project,mp-clheu,Cs2NaPrI6,3.1147,True,False,0.0,True,1.0,
Cs2NaSbBr6,0,1.0,1.0,1.0,3.0,-1.0,1.81,1.16,0.9,1.82,1.03,0.2599999999999999,3.63,2.85,0.900630742353392,0.5659340659340659,0.79,0.93,2.05,2.96,1.1199999999999997,1.49,2.17,1.47,55.0,11.0,51.0,35.0,34084842.0,Cs,Cs,Na,Sb,Br,A2B1B2X6,mp_all,1,0.0,1,2.556,indirect,Labeled_from_MP_all_A2BBX6,Materials Project,mp-clhes,Cs2NaSbBr6,2.556,False,False,0.013583241,False,1.0,
Cs2NaSbCl6,0,1.0,1.0,1.0,3.0,-1.0,1.81,1.16,0.9,1.67,1.03,0.2599999999999999,3.48,2.7,0.9113820735293278,0.6167664670658684,0.79,0.93,2.05,3.16,1.1199999999999997,1.49,2.37,1.6700000000000002,55.0,11.0,51.0,17.0,25582218.0,Cs,Cs,Na,Sb,Cl,A2B1B2X6,mp_all,1,0.0,1,2.8096,indirect,Labeled_from_MP_all_A2BBX6,Materials Project,mp-cehug,Cs2NaSbCl6,2.8096,False,False,0.002034742,False,1.0,
Cs2NaSbI6,0,1.0,1.0,1.0,3.0,-1.0,1.81,1.16,0.9,2.06,1.03,0.2599999999999999,3.87,3.09,0.8855997550782975,0.5,0.79,0.93,2.05,2.66,1.1199999999999997,1.49,1.87,1.1700000000000002,55.0,11.0,51.0,53.0,72423978.0,Cs,Cs,Na,Sb,I,A2B1B2X6,mp_all,1,0.0,1,1.8895,indirect,Labeled_from_MP_all_A2BBX6,Materials Project,mp-clheq,Cs2NaSbI6,1.8895,False,False,0.029831639,False,1.0,
Cs2NaScBr6,0,1.0,1.0,1.0,3.0,-1.0,1.81,1.16,0.885,1.82,1.0225,0.2749999999999999,3.63,2.8425,0.9030070767659338,0.5618131868131868,0.79,0.93,1.36,2.96,0.43,1.145,2.17,1.815,55.0,11.0,21.0,35.0,27514122.0,Cs,Cs,Na,Sc,Br,A2B1B2X6,mp_all,1,1.0,1,3.1061,indirect,Labeled_from_MP_all_A2BBX6,Materials Project,mp-clhtu,Cs2NaScBr6,3.1061,False,False,0.0,True,1.0,
Cs2NaScCl6,0,1.0,1.0,1.0,3.0,-1.0,1.81,1.16,0.885,1.67,1.0225,0.2749999999999999,3.48,2.6925,0.9139207422578218,0.6122754491017964,0.79,0.93,1.36,3.16,0.43,1.145,2.37,2.015,55.0,11.0,21.0,17.0,19011498.0,Cs,Cs,Na,Sc,Cl,A2B1B2X6,mp_all,1,1.0,1,3.8894,indirect,Labeled_from_MP_all_A2BBX6,Materials Project,mp-clgdl,Cs2NaScCl6,3.8894,False,False,0.0,True,1.0,
Cs2NaScI6,0,1.0,1.0,1.0,3.0,-1.0,1.81,1.16,0.885,2.06,1.0225,0.2749999999999999,3.87,3.0825,0.8877544990079282,0.4963592233009708,0.79,0.93,1.36,2.66,0.43,1.145,1.87,1.515,55.0,11.0,21.0,53.0,65853258.0,Cs,Cs,Na,Sc,I,A2B1B2X6,mp_all,1,1.0,1,2.2294,indirect,Labeled_from_MP_all_A2BBX6,Materials Project,mp-clher,Cs2NaScI6,2.2294,False,False,0.0,True,1.0,
Cs2NaSmCl6,1,1.0,1.0,1.0,3.0,-1.0,1.81,1.16,1.098,1.67,1.129,0.0619999999999998,3.48,2.799,0.8791466947228244,0.6760479041916168,0.79,0.93,1.17,3.16,0.2399999999999998,1.05,2.37,2.1100000000000003,55.0,11.0,62.0,17.0,33593353.0,Cs,Cs,Na,Sm,Cl,A2B1B2X6,mp_all,1,1.0,1,5.1745,direct,Labeled_from_MP_all_A2BBX6,Materials Project,mp-bhaun,Cs2NaSmCl6,5.1745,True,False,0.0,True,1.0,
Cs2NaTbCl6,1,1.0,1.0,1.0,3.0,-1.0,1.81,1.16,1.063,1.67,1.1115,0.0969999999999999,3.48,2.7815,0.8846779070750262,0.6655688622754491,0.79,0.93,1.1,3.16,0.17,1.015,2.37,2.145,55.0,11.0,65.0,17.0,36667642.0,Cs,Cs,Na,Tb,Cl,A2B1B2X6,mp_all,1,1.0,1,5.2046,direct,Labeled_from_MP_all_A2BBX6,Materials Project,mp-bgjfy,Cs2NaTbCl6,5.2046,True,False,0.0,True,1.0,
Cs2NaTlBr6,1,1.0,1.0,1.0,3.0,-1.0,1.81,1.16,1.025,1.82,1.0924999999999998,0.135,3.63,2.9125,0.881303902388727,0.6002747252747251,0.79,0.93,1.62,2.96,0.6900000000000001,1.275,2.17,1.6849999999999998,55.0,11.0,81.0,35.0,70366362.0,Cs,Cs,Na,Tl,Br,A2B1B2X6,mp_all,1,0.0,1,1.0093,direct,Labeled_from_MP_all_A2BBX6,Materials Project,mp-clheo,Cs2NaTlBr6,1.0093,True,False,0.019612054,False,1.0,
Cs2NaTlCl6,1,1.0,1.0,1.0,3.0,-1.0,1.81,1.16,1.025,1.67,1.0924999999999998,0.135,3.48,2.7625,0.890762569603325,0.654191616766467,0.79,0.93,1.62,3.16,0.6900000000000001,1.275,2.37,1.885,55.0,11.0,81.0,17.0,61863738.0,Cs,Cs,Na,Tl,Cl,A2B1B2X6,mp_all,1,1.0,1,1.9178,direct,Labeled_from_MP_all_A2BBX6,Materials Project,mp-clhtn,Cs2NaTlCl6,1.9178,True,False,0.0,True,1.0,
Cs2NaTlI6,0,1.0,1.0,1.0,3.0,-1.0,1.81,1.16,1.025,2.06,1.0924999999999998,0.135,3.87,3.1525,0.8680422658816618,0.5303398058252426,0.79,0.93,1.62,2.66,0.6900000000000001,1.275,1.87,1.385,55.0,11.0,81.0,53.0,108705498.0,Cs,Cs,Na,Tl,I,A2B1B2X6,mp_all,1,0.0,1,0.0817,indirect,Labeled_from_MP_all_A2BBX6,Materials Project,mp-clhep,Cs2NaTlI6,0.0817,False,False,0.07659895,False,1.0,
Cs2NaTmCl6,1,1.0,1.0,1.0,3.0,-1.0,1.81,1.16,1.02,1.67,1.09,0.1399999999999999,3.48,2.76,0.8915694197569513,0.652694610778443,0.79,0.93,1.25,3.16,0.3199999999999999,1.09,2.37,2.0700000000000003,55.0,11.0,69.0,17.0,41484138.0,Cs,Cs,Na,Tm,Cl,A2B1B2X6,mp_all,1,1.0,1,5.4487,direct,Labeled_from_MP_all_A2BBX6,Materials Project,mp-clhvb,Cs2NaTmCl6,5.4487,True,False,0.0,True,1.0,
Cs2NaUBr6,1,1.0,1.0,1.0,3.0,-1.0,1.81,1.16,1.165,1.82,1.1625,0.0050000000000001,3.63,2.9825,0.8606194855682037,0.6387362637362638,0.79,0.93,1.38,2.96,0.4499999999999998,1.155,2.17,1.805,55.0,11.0,92.0,35.0,98958937.0,Cs,Cs,Na,U,Br,A2B1B2X6,mp_all,1,0.0,1,0.1882,direct,Labeled_from_MP_all_A2BBX6,Materials Project,mp-crbww,Cs2NaUBr6,0.1882,True,False,0.016130851,False,1.0,
Cs2NaUCl6,0,1.0,1.0,1.0,3.0,-1.0,1.81,1.16,1.165,1.67,1.1625,0.0050000000000001,3.48,2.8325,0.8687490197808244,0.6961077844311379,0.79,0.93,1.38,3.16,0.4499999999999998,1.155,2.37,2.005,55.0,11.0,92.0,17.0,90456313.0,Cs,Cs,Na,U,Cl,A2B1B2X6,mp_all,1,1.0,1,0.5004,indirect,Labeled_from_MP_all_A2BBX6,Materials Project,mp-bieu,Cs2NaUCl6,0.5004,False,False,0.0,True,1.0,
Cs2NaYBr6,1,1.0,1.0,1.0,3.0,-1.0,1.81,1.16,1.04,1.82,1.1,0.1199999999999998,3.63,2.92,0.8790402793517696,0.6043956043956045,0.79,0.93,1.22,2.96,0.2899999999999999,1.075,2.17,1.885,55.0,11.0,39.0,35.0,29633082.0,Cs,Cs,Na,Y,Br,A2B1B2X6,mp_all,1,1.0,1,4.2176,direct,Labeled_from_MP_all_A2BBX6,Materials Project,mp-bgnjn,Cs2NaYBr6,4.2176,True,False,0.0,True,1.0,
Cs2NaYCl6,1,1.0,1.0,1.0,3.0,-1.0,1.81,1.16,1.04,1.67,1.1,0.1199999999999998,3.48,2.77,0.8883507575917635,0.658682634730539,0.79,0.93,1.22,3.16,0.2899999999999999,1.075,2.37,2.085,55.0,11.0,39.0,17.0,21130458.0,Cs,Cs,Na,Y,Cl,A2B1B2X6,mp_all,1,1.0,1,5.0774,direct,Labeled_from_MP_all_A2BBX6,Materials Project,mp-bifg,Cs2NaYCl6,5.0774,True,False,0.0,True,1.0,
Cs2NaYI6,1,1.0,1.0,1.0,3.0,-1.0,1.81,1.16,1.04,2.06,1.1,0.1199999999999998,3.87,3.16,0.8659820389847908,0.5339805825242718,0.79,0.93,1.22,2.66,0.2899999999999999,1.075,1.87,1.5850000000000002,55.0,11.0,39.0,53.0,67972218.0,Cs,Cs,Na,Y,I,A2B1B2X6,mp_all,1,1.0,1,3.1517,direct,Labeled_from_MP_all_A2BBX6,Materials Project,mp-clhen,Cs2NaYI6,3.1517,True,False,0.0,True,1.0,
Cs2AgNdBr6,0,1.0,1.0,1.0,3.0,-1.0,1.81,1.29,1.123,1.82,1.2065,0.167,3.63,3.0265000000000004,0.8481075882065643,0.662912087912088,0.79,1.93,1.14,2.96,0.79,1.535,2.17,1.425,55.0,47.0,60.0,35.0,45144681.0,Cs,Cs,Ag,Nd,Br,A2B1B2X6,mp_all,1,1.0,1,3.3798,indirect,Labeled_from_MP_all_A2BBX6,Materials Project,mp-clijo,Cs2NdAgBr6,3.3798,False,False,0.0,True,1.0,
Cs2AgNdCl6,0,1.0,1.0,1.0,3.0,-1.0,1.81,1.29,1.123,1.67,1.2065,0.167,3.48,2.8765,0.8554603158453624,0.7224550898203594,0.79,1.93,1.14,3.16,0.79,1.535,2.37,1.6250000000000002,55.0,47.0,60.0,17.0,36642057.0,Cs,Cs,Ag,Nd,Cl,A2B1B2X6,mp_all,1,1.0,1,3.8207,indirect,Labeled_from_MP_all_A2BBX6,Materials Project,mp-clijp,Cs2NdAgCl6,3.8207,False,False,0.0,True,1.0,
Cs2AgNdI6,0,1.0,1.0,1.0,3.0,-1.0,1.81,1.29,1.123,2.06,1.2065,0.167,3.87,3.2665,0.8377478166820568,0.5856796116504854,0.79,1.93,1.14,2.66,0.79,1.535,1.87,1.1250000000000002,55.0,47.0,60.0,53.0,83483817.0,Cs,Cs,Ag,Nd,I,A2B1B2X6,mp_all,1,0.0,1,2.5429,indirect,Labeled_from_MP_all_A2BBX6,Materials Project,mp-cliwb,Cs2NdAgI6,2.5429,False,False,0.005714765,False,1.0,
Cs2AuNdCl6,0,1.0,1.0,1.0,3.0,-1.0,1.81,1.51,1.123,1.67,1.3165,0.387,3.48,2.9865,0.823951648595073,0.7883233532934132,0.79,2.54,1.14,3.16,1.4,1.84,2.37,1.3200000000000005,55.0,79.0,60.0,17.0,70712457.0,Cs,Cs,Au,Nd,Cl,A2B1B2X6,mp_all,1,0.0,1,2.2148,indirect,Labeled_from_MP_all_A2BBX6,Materials Project,mp-cljbl,Cs2NdAuCl6,2.2148,False,False,0.101673728,False,1.0,oxidation state not guessed
Cs2CuNdBr6,0,1.0,1.0,1.0,3.0,-1.0,1.81,0.91,1.123,1.82,1.0165,0.2129999999999999,3.63,2.8365,0.9049171922112348,0.5585164835164834,0.79,1.9,1.14,2.96,0.76,1.52,2.17,1.44,55.0,29.0,60.0,35.0,40972281.0,Cs,Cs,Cu,Nd,Br,A2B1B2X6,mp_all,1,0.0,1,2.2431,indirect,Labeled_from_MP_all_A2BBX6,Materials Project,mp-clguv,Cs2NdCuBr6,2.2431,False,False,0.025492303,False,1.0,
Cs2CuNdI6,0,1.0,1.0,1.0,3.0,-1.0,1.81,0.91,1.123,2.06,1.0165,0.2129999999999999,3.87,3.0765,0.8894858583429021,0.4934466019417475,0.79,1.9,1.14,2.66,0.76,1.52,1.87,1.14,55.0,29.0,60.0,53.0,79311417.0,Cs,Cs,Cu,Nd,I,A2B1B2X6,mp_all,1,0.0,1,1.7889,indirect,Labeled_from_MP_all_A2BBX6,Materials Project,mp-clihg,Cs2NdCuI6,1.7889,False,False,0.049070202,False,1.0,
Cs2AgPrCl6,0,1.0,1.0,1.0,3.0,-1.0,1.81,1.29,1.13,1.67,1.21,0.1600000000000001,3.48,2.88,0.854420693933745,0.7245508982035929,0.79,1.93,1.13,3.16,0.8,1.5299999999999998,2.37,1.6300000000000003,55.0,47.0,59.0,17.0,35799418.0,Cs,Cs,Ag,Pr,Cl,A2B1B2X6,mp_all,1,0.0,1,3.826,indirect,Labeled_from_MP_all_A2BBX6,Materials Project,mp-cliuu,Cs2PrAgCl6,3.826,False,False,0.007277498,False,1.0,
Cs2AgPrI6,0,1.0,1.0,1.0,3.0,-1.0,1.81,1.29,1.13,2.06,1.21,0.1600000000000001,3.87,3.27,0.836851144707015,0.587378640776699,0.79,1.93,1.13,2.66,0.8,1.5299999999999998,1.87,1.1300000000000003,55.0,47.0,59.0,53.0,82641178.0,Cs,Cs,Ag,Pr,I,A2B1B2X6,mp_all,1,0.0,1,2.5343,indirect,Labeled_from_MP_all_A2BBX6,Materials Project,mp-clijm,Cs2PrAgI6,2.5343,False,False,0.006615452,False,1.0,
Cs2AuPrCl6,0,1.0,1.0,1.0,3.0,-1.0,1.81,1.51,1.13,1.67,1.3199999999999998,0.3800000000000001,3.48,2.99,0.8229871566987242,0.7904191616766466,0.79,2.54,1.13,3.16,1.41,1.835,2.37,1.3250000000000002,55.0,79.0,59.0,17.0,69869818.0,Cs,Cs,Au,Pr,Cl,A2B1B2X6,mp_all,1,0.0,1,1.8745,indirect,Labeled_from_MP_all_A2BBX6,Materials Project,mp-cljbk,Cs2PrAuCl6,1.8745,False,False,0.116459283,False,1.0,oxidation state not guessed
Cs2CuPrBr6,0,1.0,1.0,1.0,3.0,-1.0,1.81,0.91,1.13,1.82,1.02,0.2199999999999998,3.63,2.84,0.9038019773616786,0.5604395604395604,0.79,1.9,1.13,2.96,0.77,1.515,2.17,1.445,55.0,29.0,59.0,35.0,40129642.0,Cs,Cs,Cu,Pr,Br,A2B1B2X6,mp_all,1,0.0,1,2.1974,indirect,Labeled_from_MP_all_A2BBX6,Materials Project,mp-clizj,Cs2PrCuBr6,2.1974,False,False,0.026963825,False,1.0,
Cs2CuPrCl6,0,1.0,1.0,1.0,3.0,-1.0,1.81,0.91,1.13,1.67,1.02,0.2199999999999998,3.48,2.69,0.9147701109773922,0.6107784431137725,0.79,1.9,1.13,3.16,0.77,1.515,2.37,1.6450000000000002,55.0,29.0,59.0,17.0,31627018.0,Cs,Cs,Cu,Pr,Cl,A2B1B2X6,mp_all,1,0.0,1,2.3465,indirect,Labeled_from_MP_all_A2BBX6,Materials Project,mp-clgew,Cs2PrCuCl6,2.3465,False,False,0.05370567,False,1.0,
Cs2CuPrI6,0,1.0,1.0,1.0,3.0,-1.0,1.81,0.91,1.13,2.06,1.02,0.2199999999999998,3.87,3.08,0.8884750789584217,0.4951456310679611,0.79,1.9,1.13,2.66,0.77,1.515,1.87,1.1450000000000002,55.0,29.0,59.0,53.0,78468778.0,Cs,Cs,Cu,Pr,I,A2B1B2X6,mp_all,1,0.0,1,1.7764,indirect,Labeled_from_MP_all_A2BBX6,Materials Project,mp-clihf,Cs2PrCuI6,1.7764,False,False,0.04934276,False,1.0,
Cs2RbAlBr6,1,1.0,1.0,1.0,3.0,-1.0,1.81,1.66,0.675,1.82,1.1675,0.985,3.63,2.9875,0.8591791182283406,0.6414835164835164,0.79,0.82,1.61,2.96,0.7900000000000001,1.215,2.17,1.745,55.0,37.0,13.0,35.0,29207722.0,Cs,Cs,Rb,Al,Br,A2B1B2X6,mp_all,1,0.0,1,3.2239,direct,Labeled_from_MP_all_A2BBX6,Materials Project,mp-clhtr,Cs2RbAlBr6,3.2239,True,False,0.066583642,False,1.0,
Cs2RbAlCl6,1,1.0,1.0,1.0,3.0,-1.0,1.81,1.66,0.675,1.67,1.1675,0.985,3.48,2.8375,0.8672181845036776,0.6991017964071856,0.79,0.82,1.61,3.16,0.7900000000000001,1.215,2.37,1.945,55.0,37.0,13.0,17.0,20705098.0,Cs,Cs,Rb,Al,Cl,A2B1B2X6,mp_all,1,0.0,1,4.6551,direct,Labeled_from_MP_all_A2BBX6,Materials Project,mp-clhtl,Cs2RbAlCl6,4.6551,True,False,0.043914108,False,1.0,
Cs2RbAlI6,1,1.0,1.0,1.0,3.0,-1.0,1.81,1.66,0.675,2.06,1.1675,0.985,3.87,3.2275,0.847870873181081,0.566747572815534,0.79,0.82,1.61,2.66,0.7900000000000001,1.215,1.87,1.445,55.0,37.0,13.0,53.0,67546858.0,Cs,Cs,Rb,Al,I,A2B1B2X6,mp_all,1,0.0,1,1.8835,direct,Labeled_from_MP_all_A2BBX6,Materials Project,mp-clhej,Cs2RbAlI6,1.8835,True,False,0.051280264,False,1.0,
Cs2RbAsBr6,1,1.0,1.0,1.0,3.0,-1.0,1.81,1.66,0.72,1.82,1.19,0.94,3.63,3.01,0.8527566829591918,0.6538461538461537,0.79,0.82,2.18,2.96,1.3600000000000003,1.5,2.17,1.46,55.0,37.0,33.0,35.0,30365082.0,Cs,Cs,Rb,As,Br,A2B1B2X6,mp_all,1,1.0,1,2.8942,direct,Labeled_from_MP_all_A2BBX6,Materials Project,mp-clhek,Cs2RbAsBr6,2.8942,True,False,0.0,True,1.0,
Cs2RbAsCl6,1,1.0,1.0,1.0,3.0,-1.0,1.81,1.66,0.72,1.67,1.19,0.94,3.48,2.86,0.8603956638213935,0.7125748502994012,0.79,0.82,2.18,3.16,1.3600000000000003,1.5,2.37,1.66,55.0,37.0,33.0,17.0,21862458.0,Cs,Cs,Rb,As,Cl,A2B1B2X6,mp_all,1,0.0,1,3.4685,direct,Labeled_from_MP_all_A2BBX6,Materials Project,mp-clgzn,Cs2RbAsCl6,3.4685,True,False,0.033354454,False,1.0,
Cs2RbAsI6,0,1.0,1.0,1.0,3.0,-1.0,1.81,1.66,0.72,2.06,1.19,0.94,3.87,3.25,0.8420009979052119,0.5776699029126213,0.79,0.82,2.18,2.66,1.3600000000000003,1.5,1.87,1.16,55.0,37.0,33.0,53.0,68704218.0,Cs,Cs,Rb,As,I,A2B1B2X6,mp_all,1,0.0,1,2.286,indirect,Labeled_from_MP_all_A2BBX6,Materials Project,mp-clheh,Cs2RbAsI6,2.286,False,False,0.033498877,False,1.0,
Cs2RbAuCl6,0,1.0,1.0,1.0,3.0,-1.0,1.81,1.66,0.99,1.67,1.325,0.6699999999999999,3.48,2.995,0.8216132215456378,0.7934131736526946,0.79,0.82,2.54,3.16,1.7200000000000002,1.68,2.37,1.4800000000000002,55.0,37.0,79.0,17.0,59626618.0,Cs,Cs,Rb,Au,Cl,A2B1B2X6,mp_all,1,0.0,1,0.1911,indirect,Labeled_from_MP_all_A2BBX6,Materials Project,mp-clhtj,Cs2RbAuCl6,0.1911,False,False,0.121257017,False,1.0,
Cs2RbBiBr6,1,1.0,1.0,1.0,3.0,-1.0,1.81,1.66,1.17,1.82,1.415,0.49,3.63,3.2350000000000003,0.7934459399403917,0.7774725274725275,0.79,0.82,2.02,2.96,1.2000000000000002,1.42,2.17,1.54,55.0,37.0,83.0,35.0,76637482.0,Cs,Cs,Rb,Bi,Br,A2B1B2X6,mp_all,1,0.0,1,3.4129,direct,Labeled_from_MP_all_A2BBX6,Materials Project,mp-clhei,Cs2RbBiBr6,3.4129,True,False,0.027001029,False,1.0,
Cs2RbBiCl6,1,1.0,1.0,1.0,3.0,-1.0,1.81,1.66,1.17,1.67,1.415,0.49,3.48,3.085,0.7976439541423616,0.847305389221557,0.79,0.82,2.02,3.16,1.2000000000000002,1.42,2.37,1.7400000000000002,55.0,37.0,83.0,17.0,68134858.0,Cs,Cs,Rb,Bi,Cl,A2B1B2X6,mp_all,1,0.0,1,4.1316,direct,Labeled_from_MP_all_A2BBX6,Materials Project,mp-clhef,Cs2RbBiCl6,4.1316,True,False,0.017918732,False,1.0,
Cs2RbBiI6,0,1.0,1.0,1.0,3.0,-1.0,1.81,1.66,1.17,2.06,1.415,0.49,3.87,3.475,0.7874829476811335,0.6868932038834952,0.79,0.82,2.02,2.66,1.2000000000000002,1.42,1.87,1.2400000000000002,55.0,37.0,83.0,53.0,114976618.0,Cs,Cs,Rb,Bi,I,A2B1B2X6,mp_all,1,0.0,1,2.7905,indirect,Labeled_from_MP_all_A2BBX6,Materials Project,mp-clhfl,Cs2RbBiI6,2.7905,False,False,0.050990795,False,1.0,
Cs2RbCeCl6,0,1.0,1.0,1.0,3.0,-1.0,1.81,1.66,1.15,1.67,1.4049999999999998,0.51,3.48,3.075,0.8002379182208732,0.841317365269461,0.79,0.82,1.12,3.16,0.3000000000000001,0.97,2.37,2.1900000000000004,55.0,37.0,58.0,17.0,31993033.0,Cs,Cs,Rb,Ce,Cl,A2B1B2X6,mp_all,1,0.0,1,4.1198,indirect,Labeled_from_MP_all_A2BBX6,Materials Project,mp-clhtg,Cs2RbCeCl6,4.1198,False,False,0.041292808,False,1.0,
Cs2RbDyCl6,1,1.0,1.0,1.0,3.0,-1.0,1.81,1.66,1.052,1.67,1.356,0.6079999999999999,3.48,3.026,0.8131961660704512,0.8119760479041915,0.79,0.82,1.22,3.16,0.4,1.02,2.37,2.14,55.0,37.0,66.0,17.0,39651273.0,Cs,Cs,Rb,Dy,Cl,A2B1B2X6,mp_all,1,0.0,1,5.0592,direct,Labeled_from_MP_all_A2BBX6,Materials Project,mp-clheg,Cs2RbDyCl6,5.0592,True,False,0.006460727,False,1.0,
Cs2RbErCl6,1,1.0,1.0,1.0,3.0,-1.0,1.81,1.66,1.03,1.67,1.345,0.6299999999999999,3.48,3.015,0.8161630509217862,0.8053892215568862,0.79,0.82,1.24,3.16,0.42,1.03,2.37,2.13,55.0,37.0,68.0,17.0,42057913.0,Cs,Cs,Rb,Er,Cl,A2B1B2X6,mp_all,1,0.0,1,5.067,direct,Labeled_from_MP_all_A2BBX6,Materials Project,mp-clhed,Cs2RbErCl6,5.067,True,False,0.016546798,False,1.0,
Cs2RbGaBr6,1,1.0,1.0,1.0,3.0,-1.0,1.81,1.66,0.76,1.82,1.21,0.8999999999999999,3.63,3.03,0.8471279259759628,0.6648351648351648,0.79,0.82,1.81,2.96,0.99,1.315,2.17,1.645,55.0,37.0,31.0,35.0,30102682.0,Cs,Cs,Rb,Ga,Br,A2B1B2X6,mp_all,1,0.0,1,2.1399,direct,Labeled_from_MP_all_A2BBX6,Materials Project,mp-clhte,Cs2RbGaBr6,2.1399,True,False,0.088669145,False,1.0,
Cs2RbGaCl6,1,1.0,1.0,1.0,3.0,-1.0,1.81,1.66,0.76,1.67,1.21,0.8999999999999999,3.48,2.88,0.854420693933745,0.7245508982035929,0.79,0.82,1.81,3.16,0.99,1.315,2.37,1.845,55.0,37.0,31.0,17.0,21600058.0,Cs,Cs,Rb,Ga,Cl,A2B1B2X6,mp_all,1,0.0,1,3.4534,direct,Labeled_from_MP_all_A2BBX6,Materials Project,mp-clhtd,Cs2RbGaCl6,3.4534,True,False,0.063064781,False,1.0,
Cs2RbGaI6,1,1.0,1.0,1.0,3.0,-1.0,1.81,1.66,0.76,2.06,1.21,0.8999999999999999,3.87,3.27,0.836851144707015,0.587378640776699,0.79,0.82,1.81,2.66,0.99,1.315,1.87,1.3450000000000002,55.0,37.0,31.0,53.0,68441818.0,Cs,Cs,Rb,Ga,I,A2B1B2X6,mp_all,1,0.0,1,0.9753,direct,Labeled_from_MP_all_A2BBX6,Materials Project,mp-clhff,Cs2RbGaI6,0.9753,True,False,0.084377235,False,1.0,
Cs2RbGdCl6,1,1.0,1.0,1.0,3.0,-1.0,1.81,1.66,1.075,1.67,1.3675,0.585,3.48,3.0375,0.810117398692736,0.8188622754491018,0.79,0.82,1.2,3.16,0.38,1.01,2.37,2.1500000000000004,55.0,37.0,64.0,17.0,37453753.0,Cs,Cs,Rb,Gd,Cl,A2B1B2X6,mp_all,1,0.0,1,3.2357,direct,Labeled_from_MP_all_A2BBX6,Materials Project,mp-clhtc,Cs2RbGdCl6,3.2357,True,False,0.008259871,False,1.0,
Cs2RbInBr6,1,1.0,1.0,1.0,3.0,-1.0,1.81,1.66,0.94,1.82,1.2999999999999998,0.72,3.63,3.12,0.8226915434958869,0.7142857142857142,0.79,0.82,1.78,2.96,0.96,1.3,2.17,1.66,55.0,37.0,49.0,35.0,34943962.0,Cs,Cs,Rb,In,Br,A2B1B2X6,mp_all,1,0.0,1,2.4963,direct,Labeled_from_MP_all_A2BBX6,Materials Project,mp-cestx,Cs2RbInBr6,2.4963,True,False,0.01494925,False,1.0,
Cs2RbInCl6,1,1.0,1.0,1.0,3.0,-1.0,1.81,1.66,0.94,1.67,1.2999999999999998,0.72,3.48,2.97,0.8285291577539345,0.778443113772455,0.79,0.82,1.78,3.16,0.96,1.3,2.37,1.86,55.0,37.0,49.0,17.0,26441338.0,Cs,Cs,Rb,In,Cl,A2B1B2X6,mp_all,1,0.0,1,3.6668,direct,Labeled_from_MP_all_A2BBX6,Materials Project,mp-clheb,Cs2RbInCl6,3.6668,True,False,0.003407339,False,1.0,
Cs2RbInI6,1,1.0,1.0,1.0,3.0,-1.0,1.81,1.66,0.94,2.06,1.2999999999999998,0.72,3.87,3.36,0.8144354890452199,0.6310679611650485,0.79,0.82,1.78,2.66,0.96,1.3,1.87,1.36,55.0,37.0,49.0,53.0,73283098.0,Cs,Cs,Rb,In,I,A2B1B2X6,mp_all,1,0.0,1,1.3972,direct,Labeled_from_MP_all_A2BBX6,Materials Project,mp-clhth,Cs2RbInI6,1.3972,True,False,0.065477662,False,1.0,
Cs2RbLaCl6,1,1.0,1.0,1.0,3.0,-1.0,1.81,1.66,1.172,1.67,1.416,0.488,3.48,3.086,0.7973854823490555,0.8479041916167664,0.79,0.82,1.1,3.16,0.2800000000000001,0.96,2.37,2.2,55.0,37.0,57.0,17.0,31232538.0,Cs,Cs,Rb,La,Cl,A2B1B2X6,mp_all,1,0.0,1,4.4364,direct,Labeled_from_MP_all_A2BBX6,Materials Project,mp-clhec,Cs2RbLaCl6,4.4364,True,False,0.032817324,False,1.0,
Cs2RbLuCl6,0,1.0,1.0,1.0,3.0,-1.0,1.81,1.66,1.001,1.67,1.3304999999999998,0.659,3.48,3.0005,0.8201071816461208,0.7967065868263472,0.79,0.82,1.27,3.16,0.45,1.045,2.37,2.115,55.0,37.0,71.0,17.0,46088218.0,Cs,Cs,Rb,Lu,Cl,A2B1B2X6,mp_all,1,1.0,1,5.0606,indirect,Labeled_from_MP_all_A2BBX6,Materials Project,mp-clhtb,Cs2RbLuCl6,5.0606,False,False,0.0,True,1.0,
Cs2RbNdCl6,1,1.0,1.0,1.0,3.0,-1.0,1.81,1.66,1.123,1.67,1.3915,0.5369999999999999,3.48,3.0615,0.8037666498543804,0.8332335329341317,0.79,0.82,1.14,3.16,0.3199999999999999,0.98,2.37,2.18,55.0,37.0,60.0,17.0,33636537.0,Cs,Cs,Rb,Nd,Cl,A2B1B2X6,mp_all,1,0.0,1,4.8574,direct,Labeled_from_MP_all_A2BBX6,Materials Project,mp-clhdz,Cs2RbNdCl6,4.8574,True,False,0.027712253,False,1.0,
Cs2RbPrCl6,1,1.0,1.0,1.0,3.0,-1.0,1.81,1.66,1.13,1.67,1.395,0.53,3.48,3.065,0.8028488086555254,0.8353293413173654,0.79,0.82,1.13,3.16,0.3099999999999999,0.975,2.37,2.1850000000000005,55.0,37.0,59.0,17.0,32793898.0,Cs,Cs,Rb,Pr,Cl,A2B1B2X6,mp_all,1,0.0,1,4.8296,direct,Labeled_from_MP_all_A2BBX6,Materials Project,mp-clhea,Cs2RbPrCl6,4.8296,True,False,0.030319584,False,1.0,
Cs2RbSbBr6,1,1.0,1.0,1.0,3.0,-1.0,1.81,1.66,0.9,1.82,1.28,0.7599999999999999,3.63,3.1,0.8279992308732798,0.7032967032967032,0.79,0.82,2.05,2.96,1.23,1.4349999999999998,2.17,1.525,55.0,37.0,51.0,35.0,35944362.0,Cs,Cs,Rb,Sb,Br,A2B1B2X6,mp_all,1,0.0,1,2.841,direct,Labeled_from_MP_all_A2BBX6,Materials Project,mp-clhdx,Cs2RbSbBr6,2.841,True,False,0.038009862,False,1.0,
Cs2RbSbCl6,1,1.0,1.0,1.0,3.0,-1.0,1.81,1.66,0.9,1.67,1.28,0.7599999999999999,3.48,2.95,0.8341463045861645,0.7664670658682635,0.79,0.82,2.05,3.16,1.23,1.4349999999999998,2.37,1.7250000000000003,55.0,37.0,51.0,17.0,27441738.0,Cs,Cs,Rb,Sb,Cl,A2B1B2X6,mp_all,1,0.0,1,3.4707,direct,Labeled_from_MP_all_A2BBX6,Materials Project,mp-clhdy,Cs2RbSbCl6,3.4707,True,False,0.025257205,False,1.0,
Cs2RbSbI6,1,1.0,1.0,1.0,3.0,-1.0,1.81,1.66,0.9,2.06,1.28,0.7599999999999999,3.87,3.34,0.8193123482610596,0.6213592233009708,0.79,0.82,2.05,2.66,1.23,1.4349999999999998,1.87,1.2250000000000003,55.0,37.0,51.0,53.0,74283498.0,Cs,Cs,Rb,Sb,I,A2B1B2X6,mp_all,1,0.0,1,2.3768,direct,Labeled_from_MP_all_A2BBX6,Materials Project,mp-clhsy,Cs2RbSbI6,2.3768,True,False,0.05557906,False,1.0,
Cs2RbScBr6,0,1.0,1.0,1.0,3.0,-1.0,1.81,1.66,0.885,1.82,1.2725,0.7749999999999999,3.63,3.0925,0.8300073130823499,0.6991758241758241,0.79,0.82,1.36,2.96,0.5400000000000001,1.09,2.17,1.87,55.0,37.0,21.0,35.0,29373642.0,Cs,Cs,Rb,Sc,Br,A2B1B2X6,mp_all,1,0.0,1,3.2725,indirect,Labeled_from_MP_all_A2BBX6,Materials Project,mp-clhdv,Cs2RbScBr6,3.2725,False,False,0.022333009,False,1.0,
Cs2RbScCl6,0,1.0,1.0,1.0,3.0,-1.0,1.81,1.66,0.885,1.67,1.2725,0.7749999999999999,3.48,2.9425,0.8362724209105132,0.7619760479041916,0.79,0.82,1.36,3.16,0.5400000000000001,1.09,2.37,2.0700000000000003,55.0,37.0,21.0,17.0,20871018.0,Cs,Cs,Rb,Sc,Cl,A2B1B2X6,mp_all,1,0.0,1,4.0707,indirect,Labeled_from_MP_all_A2BBX6,Materials Project,mp-clhdw,Cs2RbScCl6,4.0707,False,False,0.005919931,False,1.0,
Cs2RbScI6,0,1.0,1.0,1.0,3.0,-1.0,1.81,1.66,0.885,2.06,1.2725,0.7749999999999999,3.87,3.3325,0.8211562620230873,0.6177184466019418,0.79,0.82,1.36,2.66,0.5400000000000001,1.09,1.87,1.57,55.0,37.0,21.0,53.0,67712778.0,Cs,Cs,Rb,Sc,I,A2B1B2X6,mp_all,1,1.0,1,2.3929,indirect,Labeled_from_MP_all_A2BBX6,Materials Project,mp-clhdt,Cs2RbScI6,2.3929,False,False,0.0,True,1.0,
Cs2RbSmCl6,1,1.0,1.0,1.0,3.0,-1.0,1.81,1.66,1.098,1.67,1.379,0.5619999999999998,3.48,3.049,0.8070618558639506,0.825748502994012,0.79,0.82,1.17,3.16,0.35,0.995,2.37,2.165,55.0,37.0,62.0,17.0,35452873.0,Cs,Cs,Rb,Sm,Cl,A2B1B2X6,mp_all,1,1.0,1,4.8937,direct,Labeled_from_MP_all_A2BBX6,Materials Project,mp-clhdu,Cs2RbSmCl6,4.8937,True,False,0.0,True,1.0,
Cs2RbTbCl6,1,1.0,1.0,1.0,3.0,-1.0,1.81,1.66,1.063,1.67,1.3615,0.597,3.48,3.0315,0.8117207977995003,0.8152694610778443,0.79,0.82,1.1,3.16,0.2800000000000001,0.96,2.37,2.2,55.0,37.0,65.0,17.0,38527162.0,Cs,Cs,Rb,Tb,Cl,A2B1B2X6,mp_all,1,1.0,1,4.9233,direct,Labeled_from_MP_all_A2BBX6,Materials Project,mp-clhdr,Cs2RbTbCl6,4.9233,True,False,0.0,True,1.0,
Cs2RbTlBr6,1,1.0,1.0,1.0,3.0,-1.0,1.81,1.66,1.025,1.82,1.3424999999999998,0.635,3.63,3.1625,0.8116356097097762,0.7376373626373625,0.79,0.82,1.62,2.96,0.8000000000000002,1.22,2.17,1.74,55.0,37.0,81.0,35.0,72225882.0,Cs,Cs,Rb,Tl,Br,A2B1B2X6,mp_all,1,0.0,1,1.5133,direct,Labeled_from_MP_all_A2BBX6,Materials Project,mp-clhds,Cs2RbTlBr6,1.5133,True,False,0.040737424,False,1.0,
Cs2RbTlCl6,1,1.0,1.0,1.0,3.0,-1.0,1.81,1.66,1.025,1.67,1.3424999999999998,0.635,3.48,3.0125,0.8168403646569911,0.8038922155688621,0.79,0.82,1.62,3.16,0.8000000000000002,1.22,2.37,1.94,55.0,37.0,81.0,17.0,63723258.0,Cs,Cs,Rb,Tl,Cl,A2B1B2X6,mp_all,1,0.0,1,2.4689,direct,Labeled_from_MP_all_A2BBX6,Materials Project,mp-clgzk,Cs2RbTlCl6,2.4689,True,False,0.017584059,False,1.0,
Cs2RbTlI6,1,1.0,1.0,1.0,3.0,-1.0,1.81,1.66,1.025,2.06,1.3424999999999998,0.635,3.87,3.4025,0.8042625255523701,0.6516990291262135,0.79,0.82,1.62,2.66,0.8000000000000002,1.22,1.87,1.4400000000000002,55.0,37.0,81.0,53.0,110565018.0,Cs,Cs,Rb,Tl,I,A2B1B2X6,mp_all,1,0.0,1,0.6116,direct,Labeled_from_MP_all_A2BBX6,Materials Project,mp-clhsw,Cs2RbTlI6,0.6116,True,False,0.101450625,False,1.0,
Cs2RbTmCl6,1,1.0,1.0,1.0,3.0,-1.0,1.81,1.66,1.02,1.67,1.34,0.6399999999999999,3.48,3.01,0.8175188034980682,0.8023952095808383,0.79,0.82,1.25,3.16,0.43,1.035,2.37,2.125,55.0,37.0,69.0,17.0,43343658.0,Cs,Cs,Rb,Tm,Cl,A2B1B2X6,mp_all,1,0.0,1,5.0734,direct,Labeled_from_MP_all_A2BBX6,Materials Project,mp-clgff,Cs2RbTmCl6,5.0734,True,False,0.004544884,False,1.0,
Cs2RbYBr6,1,1.0,1.0,1.0,3.0,-1.0,1.81,1.66,1.04,1.82,1.35,0.6199999999999999,3.63,3.17,0.8097153361852263,0.7417582417582418,0.79,0.82,1.22,2.96,0.4,1.02,2.17,1.94,55.0,37.0,39.0,35.0,31492602.0,Cs,Cs,Rb,Y,Br,A2B1B2X6,mp_all,1,0.0,1,4.1715,direct,Labeled_from_MP_all_A2BBX6,Materials Project,mp-clhdp,Cs2RbYBr6,4.1715,True,False,0.011735092,False,1.0,
Cs2RbYCl6,1,1.0,1.0,1.0,3.0,-1.0,1.81,1.66,1.04,1.67,1.35,0.6199999999999999,3.48,3.02,0.8148117875924453,0.8083832335329342,0.79,0.82,1.22,3.16,0.4,1.02,2.37,2.14,55.0,37.0,39.0,17.0,22989978.0,Cs,Cs,Rb,Y,Cl,A2B1B2X6,mp_all,1,0.0,1,4.9337,direct,Labeled_from_MP_all_A2BBX6,Materials Project,mp-clhdq,Cs2RbYCl6,4.9337,True,False,0.007038885,False,1.0,
Cs2RbYI6,0,1.0,1.0,1.0,3.0,-1.0,1.81,1.66,1.04,2.06,1.35,0.6199999999999999,3.87,3.41,0.8024936197043808,0.6553398058252428,0.79,0.82,1.22,2.66,0.4,1.02,1.87,1.64,55.0,37.0,39.0,53.0,69831738.0,Cs,Cs,Rb,Y,I,A2B1B2X6,mp_all,1,0.0,1,3.3296,indirect,Labeled_from_MP_all_A2BBX6,Materials Project,mp-clhst,Cs2RbYI6,3.3296,False,False,0.014399954,False,1.0,
Cs2AuSbBr6,0,1.0,1.0,1.0,3.0,-1.0,1.81,1.51,0.9,1.82,1.205,0.61,3.63,3.0250000000000004,0.8485281374238569,0.6620879120879121,0.79,2.54,2.05,2.96,0.4900000000000002,2.295,2.17,0.665,55.0,79.0,51.0,35.0,73020282.0,Cs,Cs,Au,Sb,Br,A2B1B2X6,mp_all,1,0.0,1,0.2823,indirect,Labeled_from_MP_all_A2BBX6,Materials Project,mp-cljav,Cs2SbAuBr6,0.2823,False,False,0.070010802,False,1.0,oxidation state not guessed
Cs2AuSbCl6,0,1.0,1.0,1.0,3.0,-1.0,1.81,1.51,0.9,1.67,1.205,0.61,3.48,2.875,0.8559066429666732,0.721556886227545,0.79,2.54,2.05,3.16,0.4900000000000002,2.295,2.37,0.8650000000000002,55.0,79.0,51.0,17.0,64517658.0,Cs,Cs,Au,Sb,Cl,A2B1B2X6,mp_all,1,0.0,1,0.4039,indirect,Labeled_from_MP_all_A2BBX6,Materials Project,mp-cliiw,Cs2SbAuCl6,0.4039,False,False,0.08717431,False,1.0,oxidation state not guessed
Cs2AgScBr6,0,1.0,1.0,1.0,3.0,-1.0,1.81,1.29,0.885,1.82,1.0875,0.405,3.63,2.9075,0.8828194722982519,0.5975274725274724,0.79,1.93,1.36,2.96,0.5699999999999998,1.645,2.17,1.315,55.0,47.0,21.0,35.0,32379162.0,Cs,Cs,Ag,Sc,Br,A2B1B2X6,mp_all,1,0.0,1,2.8546,indirect,Labeled_from_MP_all_A2BBX6,Materials Project,mp-cljdb,Cs2ScAgBr6,2.8546,False,False,0.022731833,False,1.0,
Cs2AgScCl6,0,1.0,1.0,1.0,3.0,-1.0,1.81,1.29,0.885,1.67,1.0875,0.405,3.48,2.7575,0.8923777329208288,0.6511976047904191,0.79,1.93,1.36,3.16,0.5699999999999998,1.645,2.37,1.515,55.0,47.0,21.0,17.0,23876538.0,Cs,Cs,Ag,Sc,Cl,A2B1B2X6,mp_all,1,1.0,1,3.3916,indirect,Labeled_from_MP_all_A2BBX6,Materials Project,mp-clhxe,Cs2ScAgCl6,3.3916,False,False,0.0,True,1.0,
Cs2AgScI6,0,1.0,1.0,1.0,3.0,-1.0,1.81,1.29,0.885,2.06,1.0875,0.405,3.87,3.1475,0.8694212051443808,0.5279126213592232,0.79,1.93,1.36,2.66,0.5699999999999998,1.645,1.87,1.015,55.0,47.0,21.0,53.0,70718298.0,Cs,Cs,Ag,Sc,I,A2B1B2X6,mp_all,1,1.0,1,2.0571,indirect,Labeled_from_MP_all_A2BBX6,Materials Project,mp-cliji,Cs2ScAgI6,2.0571,False,False,0.0,True,1.0,
Cs2AuScBr6,0,1.0,1.0,1.0,3.0,-1.0,1.81,1.51,0.885,1.82,1.1975,0.625,3.63,3.0175,0.8506371551639328,0.657967032967033,0.79,2.54,1.36,2.96,1.18,1.95,2.17,1.0099999999999998,55.0,79.0,21.0,35.0,66449562.0,Cs,Cs,Au,Sc,Br,A2B1B2X6,mp_all,1,0.0,1,1.7173,indirect,Labeled_from_MP_all_A2BBX6,Materials Project,mp-clhxn,Cs2ScAuBr6,1.7173,False,False,0.106113281,False,1.0,oxidation state not guessed
Cs2AuScCl6,0,1.0,1.0,1.0,3.0,-1.0,1.81,1.51,0.885,1.67,1.1975,0.625,3.48,2.8675,0.8581452828349383,0.7170658682634731,0.79,2.54,1.36,3.16,1.18,1.95,2.37,1.21,55.0,79.0,21.0,17.0,57946938.0,Cs,Cs,Au,Sc,Cl,A2B1B2X6,mp_all,1,0.0,1,2.0233,indirect,Labeled_from_MP_all_A2BBX6,Materials Project,mp-clitx,Cs2ScAuCl6,2.0233,False,False,0.106712486,False,1.0,oxidation state not guessed
Cs2AuScI6,0,1.0,1.0,1.0,3.0,-1.0,1.81,1.51,0.885,2.06,1.1975,0.625,3.87,3.2575000000000003,0.8400623923843249,0.5813106796116505,0.79,2.54,1.36,2.66,1.18,1.95,1.87,0.71,55.0,79.0,21.0,53.0,104788698.0,Cs,Cs,Au,Sc,I,A2B1B2X6,mp_all,1,0.0,1,1.0839,indirect,Labeled_from_MP_all_A2BBX6,Materials Project,mp-cliit,Cs2ScAuI6,1.0839,False,False,0.048978815,False,1.0,oxidation state not guessed
Cs2CuScCl6,0,1.0,1.0,1.0,3.0,-1.0,1.81,0.91,0.885,1.67,0.8975,0.025,3.48,2.5675,0.9584154229909192,0.5374251497005988,0.79,1.9,1.36,3.16,0.5399999999999998,1.63,2.37,1.5300000000000002,55.0,29.0,21.0,17.0,19704138.0,Cs,Cs,Cu,Sc,Cl,A2B1B2X6,mp_all,1,0.0,1,1.9388,indirect,Labeled_from_MP_all_A2BBX6,Materials Project,mp-clisr,Cs2ScCuCl6,1.9388,False,False,0.052249664,False,1.0,
Cs2InScBr6,1,1.0,1.0,1.0,3.0,-1.0,1.81,1.55,0.885,1.82,1.2175,0.665,3.63,3.0375,0.8450362520846642,0.6689560439560439,0.79,1.78,1.36,2.96,0.4199999999999999,1.57,2.17,1.39,55.0,49.0,21.0,35.0,33264282.0,Cs,Cs,In,Sc,Br,A2B1B2X6,mp_all,1,0.0,1,2.1681,direct,Labeled_from_MP_all_A2BBX6,Materials Project,mp-cljfs,Cs2ScInBr6,2.1681,True,False,0.012975813,False,1.0,
Cs2InScCl6,1,1.0,1.0,1.0,3.0,-1.0,1.81,1.55,0.885,1.67,1.2175,0.665,3.48,2.8875,0.8522014194040467,0.7290419161676647,0.79,1.78,1.36,3.16,0.4199999999999999,1.57,2.37,1.59,55.0,49.0,21.0,17.0,24761658.0,Cs,Cs,In,Sc,Cl,A2B1B2X6,mp_all,1,0.0,1,2.8043,direct,Labeled_from_MP_all_A2BBX6,Materials Project,mp-clioh,Cs2ScInCl6,2.8043,True,False,0.005675699,False,1.0,
Cs2InScI6,1,1.0,1.0,1.0,3.0,-1.0,1.81,1.55,0.885,2.06,1.2175,0.665,3.87,3.2775,0.8349361535291957,0.5910194174757282,0.79,1.78,1.36,2.66,0.4199999999999999,1.57,1.87,1.09,55.0,49.0,21.0,53.0,71603418.0,Cs,Cs,In,Sc,I,A2B1B2X6,mp_all,1,1.0,1,1.9468,direct,Labeled_from_MP_all_A2BBX6,Materials Project,mp-clioi,Cs2ScInI6,1.9468,True,False,0.0,True,1.0,
Cs2TlScBr6,1,1.0,1.0,1.0,3.0,-1.0,1.81,1.64,0.885,1.82,1.2625,0.7549999999999999,3.63,3.0825,0.8326999564337931,0.6936813186813187,0.79,1.62,1.36,2.96,0.26,1.4900000000000002,2.17,1.4699999999999998,55.0,81.0,21.0,35.0,70546202.0,Cs,Cs,Tl,Sc,Br,A2B1B2X6,mp_all,1,0.0,1,3.1371,direct,Labeled_from_MP_all_A2BBX6,Materials Project,mp-clhsf,Cs2ScTlBr6,3.1371,True,False,0.016601484,False,1.0,
Cs2TlScCl6,1,1.0,1.0,1.0,3.0,-1.0,1.81,1.64,0.885,1.67,1.2625,0.7549999999999999,3.48,2.9325,0.839124159771248,0.7559880239520959,0.79,1.62,1.36,3.16,0.26,1.4900000000000002,2.37,1.67,55.0,81.0,21.0,17.0,62043578.0,Cs,Cs,Tl,Sc,Cl,A2B1B2X6,mp_all,1,0.0,1,3.5792,direct,Labeled_from_MP_all_A2BBX6,Materials Project,mp-clgzg,Cs2ScTlCl6,3.5792,True,False,0.005701698,False,1.0,
Cs2TlScI6,0,1.0,1.0,1.0,3.0,-1.0,1.81,1.64,0.885,2.06,1.2625,0.7549999999999999,3.87,3.3225,0.8236277631879425,0.6128640776699029,0.79,1.62,1.36,2.66,0.26,1.4900000000000002,1.87,1.17,55.0,81.0,21.0,53.0,108885338.0,Cs,Cs,Tl,Sc,I,A2B1B2X6,mp_all,1,1.0,1,2.4146,indirect,Labeled_from_MP_all_A2BBX6,Materials Project,mp-clhrw,Cs2ScTlI6,2.4146,False,False,0.0,True,1.0,
Cs2AuSmCl6,0,1.0,1.0,1.0,3.0,-1.0,1.81,1.51,1.098,1.67,1.304,0.4119999999999999,3.48,2.974,0.8274147943944804,0.7808383233532935,0.79,2.54,1.17,3.16,1.37,1.855,2.37,1.3050000000000002,55.0,79.0,62.0,17.0,72528793.0,Cs,Cs,Au,Sm,Cl,A2B1B2X6,mp_all,1,0.0,1,2.23,indirect,Labeled_from_MP_all_A2BBX6,Materials Project,mp-cliiq,Cs2SmAuCl6,2.23,False,False,0.092213858,False,1.0,oxidation state not guessed
Cs2CuSmCl6,0,1.0,1.0,1.0,3.0,-1.0,1.81,0.91,1.098,1.67,1.004,0.188,3.48,2.674,0.9202436793302862,0.6011976047904192,0.79,1.9,1.17,3.16,0.73,1.535,2.37,1.6250000000000002,55.0,29.0,62.0,17.0,34285993.0,Cs,Cs,Cu,Sm,Cl,A2B1B2X6,mp_all,1,0.0,1,2.57,indirect,Labeled_from_MP_all_A2BBX6,Materials Project,mp-clgeb,Cs2SmCuCl6,2.57,False,False,0.026521445,False,1.0,
Cs2AuTbCl6,0,1.0,1.0,1.0,3.0,-1.0,1.81,1.51,1.063,1.67,1.2865,0.447,3.48,2.9565,0.8323123959171944,0.7703592814371257,0.79,2.54,1.1,3.16,1.44,1.82,2.37,1.34,55.0,79.0,65.0,17.0,75603082.0,Cs,Cs,Au,Tb,Cl,A2B1B2X6,mp_all,1,0.0,1,2.181,indirect,Labeled_from_MP_all_A2BBX6,Materials Project,mp-cliir,Cs2TbAuCl6,2.181,False,False,0.081309249,False,1.0,oxidation state not guessed
Cs2CuTbCl6,0,1.0,1.0,1.0,3.0,-1.0,1.81,0.91,1.063,1.67,0.9865,0.1529999999999999,3.48,2.6565,0.9263058906565728,0.5907185628742515,0.79,1.9,1.1,3.16,0.7999999999999998,1.5,2.37,1.66,55.0,29.0,65.0,17.0,37360282.0,Cs,Cs,Cu,Tb,Cl,A2B1B2X6,mp_all,1,0.0,1,2.5342,indirect,Labeled_from_MP_all_A2BBX6,Materials Project,mp-clitr,Cs2TbCuCl6,2.5342,False,False,0.029859651,False,1.0,
Cs2TlAsBr6,1,1.0,1.0,1.0,3.0,-1.0,1.81,1.64,0.72,1.82,1.18,0.92,3.63,3.0,0.8555992052357224,0.6483516483516483,0.79,1.62,2.18,2.96,0.56,1.9,2.17,1.0599999999999998,55.0,81.0,33.0,35.0,71537642.0,Cs,Cs,Tl,As,Br,A2B1B2X6,mp_all,1,1.0,1,1.2314,direct,Labeled_from_MP_all_A2BBX6,Materials Project,mp-clhdo,Cs2TlAsBr6,1.2314,True,False,0.0,True,1.0,
Cs2TlAsCl6,1,1.0,1.0,1.0,3.0,-1.0,1.81,1.64,0.72,1.67,1.18,0.92,3.48,2.85,0.8634145959751528,0.7065868263473054,0.79,1.62,2.18,3.16,0.56,1.9,2.37,1.26,55.0,81.0,33.0,17.0,63035018.0,Cs,Cs,Tl,As,Cl,A2B1B2X6,mp_all,1,0.0,1,2.0627,direct,Labeled_from_MP_all_A2BBX6,Materials Project,mp-clhso,Cs2TlAsCl6,2.0627,True,False,0.015394151,False,1.0,
Cs2TlAsI6,1,1.0,1.0,1.0,3.0,-1.0,1.81,1.64,0.72,2.06,1.18,0.92,3.87,3.24,0.8445997664172651,0.5728155339805825,0.79,1.62,2.18,2.66,0.56,1.9,1.87,0.76,55.0,81.0,33.0,53.0,109876778.0,Cs,Cs,Tl,As,I,A2B1B2X6,mp_all,1,1.0,1,1.0046,direct,Labeled_from_MP_all_A2BBX6,Materials Project,mp-clhue,Cs2TlAsI6,1.0046,True,False,0.0,True,1.0,
Cs2TlBiBr6,1,1.0,1.0,1.0,3.0,-1.0,1.81,1.64,1.17,1.82,1.4049999999999998,0.47,3.63,3.225,0.795906237428579,0.7719780219780218,0.79,1.62,2.02,2.96,0.3999999999999999,1.82,2.17,1.14,55.0,81.0,83.0,35.0,117810042.0,Cs,Cs,Tl,Bi,Br,A2B1B2X6,mp_all,1,0.0,1,1.7359,direct,Labeled_from_MP_all_A2BBX6,Materials Project,mp-clhsk,Cs2TlBiBr6,1.7359,True,False,0.008358705,False,1.0,
Cs2TlBiCl6,1,1.0,1.0,1.0,3.0,-1.0,1.81,1.64,1.17,1.67,1.4049999999999998,0.47,3.48,3.075,0.8002379182208732,0.841317365269461,0.79,1.62,2.02,3.16,0.3999999999999999,1.82,2.37,1.34,55.0,81.0,83.0,17.0,109307418.0,Cs,Cs,Tl,Bi,Cl,A2B1B2X6,mp_all,1,0.0,1,2.2018,direct,Labeled_from_MP_all_A2BBX6,Materials Project,mp-clhdl,Cs2TlBiCl6,2.2018,True,False,0.007730571,False,1.0,
Cs2TlBiI6,1,1.0,1.0,1.0,3.0,-1.0,1.81,1.64,1.17,2.06,1.4049999999999998,0.47,3.87,3.465,0.7897556257408193,0.6820388349514562,0.79,1.62,2.02,2.66,0.3999999999999999,1.82,1.87,0.8400000000000001,55.0,81.0,83.0,53.0,156149178.0,Cs,Cs,Tl,Bi,I,A2B1B2X6,mp_all,1,0.0,1,1.3773,direct,Labeled_from_MP_all_A2BBX6,Materials Project,mp-clhsn,Cs2TlBiI6,1.3773,True,False,0.023518774,False,1.0,
Cs2TlGaBr6,0,1.0,1.0,1.0,3.0,-1.0,1.81,1.64,0.76,1.82,1.2,0.8799999999999999,3.63,3.02,0.849932985333499,0.6593406593406593,0.79,1.62,1.81,2.96,0.1899999999999999,1.715,2.17,1.245,55.0,81.0,31.0,35.0,71275242.0,Cs,Cs,Tl,Ga,Br,A2B1B2X6,mp_all,1,0.0,1,1.7459,indirect,Labeled_from_MP_all_A2BBX6,Materials Project,mp-clhse,Cs2TlGaBr6,1.7459,False,False,0.071381373,False,1.0,
Cs2TlGaCl6,0,1.0,1.0,1.0,3.0,-1.0,1.81,1.64,0.76,1.67,1.2,0.8799999999999999,3.48,2.87,0.8573977695223642,0.718562874251497,0.79,1.62,1.81,3.16,0.1899999999999999,1.715,2.37,1.445,55.0,81.0,31.0,17.0,62772618.0,Cs,Cs,Tl,Ga,Cl,A2B1B2X6,mp_all,1,0.0,1,2.6597,indirect,Labeled_from_MP_all_A2BBX6,Materials Project,mp-clgzi,Cs2TlGaCl6,2.6597,False,False,0.055994328,False,1.0,
Cs2TlGaI6,0,1.0,1.0,1.0,3.0,-1.0,1.81,1.64,0.76,2.06,1.2,0.8799999999999999,3.87,3.26,0.8394181727582635,0.5825242718446602,0.79,1.62,1.81,2.66,0.1899999999999999,1.715,1.87,0.945,55.0,81.0,31.0,53.0,109614378.0,Cs,Cs,Tl,Ga,I,A2B1B2X6,mp_all,1,0.0,1,0.574,indirect,Labeled_from_MP_all_A2BBX6,Materials Project,mp-clhdm,Cs2TlGaI6,0.574,False,False,0.077698506,False,1.0,
Cs2TlInBr6,0,1.0,1.0,1.0,3.0,-1.0,1.81,1.64,0.94,1.82,1.29,0.7,3.63,3.1100000000000003,0.8253368539251341,0.7087912087912088,0.79,1.62,1.78,2.96,0.1599999999999999,1.7000000000000002,2.17,1.2599999999999998,55.0,81.0,49.0,35.0,76116522.0,Cs,Cs,Tl,In,Br,A2B1B2X6,mp_all,1,1.0,1,1.8255,indirect,Labeled_from_MP_all_A2BBX6,Materials Project,mp-cesua,Cs2TlInBr6,1.8255,False,False,0.0,True,1.0,
Cs2TlInCl6,0,1.0,1.0,1.0,3.0,-1.0,1.81,1.64,0.94,1.67,1.29,0.7,3.48,2.96,0.8313282427463463,0.7724550898203594,0.79,1.62,1.78,3.16,0.1599999999999999,1.7000000000000002,2.37,1.46,55.0,81.0,49.0,17.0,67613898.0,Cs,Cs,Tl,In,Cl,A2B1B2X6,mp_all,1,1.0,1,2.7015,indirect,Labeled_from_MP_all_A2BBX6,Materials Project,mp-clhsc,Cs2TlInCl6,2.7015,False,False,0.0,True,1.0,
Cs2TlInI6,0,1.0,1.0,1.0,3.0,-1.0,1.81,1.64,0.94,2.06,1.29,0.7,3.87,3.35,0.8168666397587877,0.6262135922330098,0.79,1.62,1.78,2.66,0.1599999999999999,1.7000000000000002,1.87,0.96,55.0,81.0,49.0,53.0,114455658.0,Cs,Cs,Tl,In,I,A2B1B2X6,mp_all,1,0.0,1,1.4001,indirect,Labeled_from_MP_all_A2BBX6,Materials Project,mp-clhdj,Cs2TlInI6,1.4001,False,False,0.039499221,False,1.0,
Cs2TlSbBr6,1,1.0,1.0,1.0,3.0,-1.0,1.81,1.64,0.9,1.82,1.27,0.7399999999999999,3.63,3.09,0.8306788400346821,0.6978021978021978,0.79,1.62,2.05,2.96,0.4299999999999997,1.835,2.17,1.125,55.0,81.0,51.0,35.0,77116922.0,Cs,Cs,Tl,Sb,Br,A2B1B2X6,mp_all,1,0.0,1,1.2294,direct,Labeled_from_MP_all_A2BBX6,Materials Project,mp-clhdk,Cs2TlSbBr6,1.2294,True,False,0.014962783,False,1.0,
Cs2TlSbCl6,1,1.0,1.0,1.0,3.0,-1.0,1.81,1.64,0.9,1.67,1.27,0.7399999999999999,3.48,2.94,0.8369835369146889,0.7604790419161677,0.79,1.62,2.05,3.16,0.4299999999999997,1.835,2.37,1.3250000000000002,55.0,81.0,51.0,17.0,68614298.0,Cs,Cs,Tl,Sb,Cl,A2B1B2X6,mp_all,1,0.0,1,2.0043,direct,Labeled_from_MP_all_A2BBX6,Materials Project,mp-clgzj,Cs2TlSbCl6,2.0043,True,False,0.01036968,False,1.0,
Cs2TlSbI6,1,1.0,1.0,1.0,3.0,-1.0,1.81,1.64,0.9,2.06,1.27,0.7399999999999999,3.87,3.33,0.821772745703285,0.616504854368932,0.79,1.62,2.05,2.66,0.4299999999999997,1.835,1.87,0.8250000000000002,55.0,81.0,51.0,53.0,115456058.0,Cs,Cs,Tl,Sb,I,A2B1B2X6,mp_all,1,0.0,1,0.9367,direct,Labeled_from_MP_all_A2BBX6,Materials Project,mp-clhdh,Cs2TlSbI6,0.9367,True,False,0.02341934,False,1.0,
Cs2CuTmCl6,0,1.0,1.0,1.0,3.0,-1.0,1.81,0.91,1.02,1.67,0.965,0.1099999999999999,3.48,2.635,0.9338639842615504,0.5778443113772456,0.79,1.9,1.25,3.16,0.6499999999999999,1.575,2.37,1.5850000000000002,55.0,29.0,69.0,17.0,42176778.0,Cs,Cs,Cu,Tm,Cl,A2B1B2X6,mp_all,1,0.0,1,2.4365,indirect,Labeled_from_MP_all_A2BBX6,Materials Project,mp-clgdz,Cs2TmCuCl6,2.4365,False,False,0.039892031,False,1.0,
Cs2AgYBr6,0,1.0,1.0,1.0,3.0,-1.0,1.81,1.29,1.04,1.82,1.165,0.25,3.63,2.9850000000000003,0.8598986987293691,0.6401098901098901,0.79,1.93,1.22,2.96,0.71,1.575,2.17,1.385,55.0,47.0,39.0,35.0,34498122.0,Cs,Cs,Ag,Y,Br,A2B1B2X6,mp_all,1,0.0,1,3.335,indirect,Labeled_from_MP_all_A2BBX6,Materials Project,mp-clhlr,Cs2YAgBr6,3.335,False,False,0.009489403,False,1.0,
Cs2AgYCl6,0,1.0,1.0,1.0,3.0,-1.0,1.81,1.29,1.04,1.67,1.165,0.25,3.48,2.835,0.8679829271707884,0.6976047904191617,0.79,1.93,1.22,3.16,0.71,1.575,2.37,1.5850000000000002,55.0,47.0,39.0,17.0,25995498.0,Cs,Cs,Ag,Y,Cl,A2B1B2X6,mp_all,1,1.0,1,3.8705,indirect,Labeled_from_MP_all_A2BBX6,Materials Project,mp-clhki,Cs2YAgCl6,3.8705,False,False,0.0,True,1.0,
Cs2AgYI6,0,1.0,1.0,1.0,3.0,-1.0,1.81,1.29,1.04,2.06,1.165,0.25,3.87,3.225,0.8485281374238569,0.5655339805825242,0.79,1.93,1.22,2.66,0.71,1.575,1.87,1.0850000000000002,55.0,47.0,39.0,53.0,72837258.0,Cs,Cs,Ag,Y,I,A2B1B2X6,mp_all,1,0.0,1,2.4594,indirect,Labeled_from_MP_all_A2BBX6,Materials Project,mp-clijb,Cs2YAgI6,2.4594,False,False,0.020861807,False,1.0,
Cs2AuYBr6,0,1.0,1.0,1.0,3.0,-1.0,1.81,1.51,1.04,1.82,1.275,0.47,3.63,3.095,0.8293368709877763,0.7005494505494505,0.79,2.54,1.22,2.96,1.32,1.88,2.17,1.08,55.0,79.0,39.0,35.0,68568522.0,Cs,Cs,Au,Y,Br,A2B1B2X6,mp_all,1,0.0,1,1.863,indirect,Labeled_from_MP_all_A2BBX6,Materials Project,mp-cliio,Cs2YAuBr6,1.863,False,False,0.095617688,False,1.0,oxidation state not guessed
Cs2AuYCl6,0,1.0,1.0,1.0,3.0,-1.0,1.81,1.51,1.04,1.67,1.275,0.47,3.48,2.945,0.8355625122340188,0.7634730538922155,0.79,2.54,1.22,3.16,1.32,1.88,2.37,1.2800000000000002,55.0,79.0,39.0,17.0,60065898.0,Cs,Cs,Au,Y,Cl,A2B1B2X6,mp_all,1,0.0,1,2.2263,indirect,Labeled_from_MP_all_A2BBX6,Materials Project,mp-cliip,Cs2YAuCl6,2.2263,False,False,0.099735442,False,1.0,oxidation state not guessed
Cs2AuYI6,0,1.0,1.0,1.0,3.0,-1.0,1.81,1.51,1.04,2.06,1.275,0.47,3.87,3.335,0.8205407026062785,0.6189320388349514,0.79,2.54,1.22,2.66,1.32,1.88,1.87,0.7800000000000002,55.0,79.0,39.0,53.0,106907658.0,Cs,Cs,Au,Y,I,A2B1B2X6,mp_all,1,0.0,1,1.1517,indirect,Labeled_from_MP_all_A2BBX6,Materials Project,mp-cliim,Cs2YAuI6,1.1517,False,False,0.07778775,False,1.0,oxidation state not guessed
Cs2CuYBr6,0,1.0,1.0,1.0,3.0,-1.0,1.81,0.91,1.04,1.82,0.975,0.13,3.63,2.795,0.9183533508791296,0.5357142857142857,0.79,1.9,1.22,2.96,0.6799999999999999,1.56,2.17,1.4,55.0,29.0,39.0,35.0,30325722.0,Cs,Cs,Cu,Y,Br,A2B1B2X6,mp_all,1,0.0,1,2.0386,indirect,Labeled_from_MP_all_A2BBX6,Materials Project,mp-clguo,Cs2YCuBr6,2.0386,False,False,0.048935452,False,1.0,
Cs2CuYCl6,0,1.0,1.0,1.0,3.0,-1.0,1.81,0.91,1.04,1.67,0.975,0.13,3.48,2.645,0.9303333075724708,0.5838323353293414,0.79,1.9,1.22,3.16,0.6799999999999999,1.56,2.37,1.6,55.0,29.0,39.0,17.0,21823098.0,Cs,Cs,Cu,Y,Cl,A2B1B2X6,mp_all,1,0.0,1,2.5338,indirect,Labeled_from_MP_all_A2BBX6,Materials Project,mp-cliif,Cs2YCuCl6,2.5338,False,False,0.040192691,False,1.0,
Cs2CuYI6,0,1.0,1.0,1.0,3.0,-1.0,1.81,0.91,1.04,2.06,0.975,0.13,3.87,3.035,0.9016485150550048,0.4733009708737864,0.79,1.9,1.22,2.66,0.6799999999999999,1.56,1.87,1.1,55.0,29.0,39.0,53.0,68664858.0,Cs,Cs,Cu,Y,I,A2B1B2X6,mp_all,1,0.0,1,1.7212,indirect,Labeled_from_MP_all_A2BBX6,Materials Project,mp-cligz,Cs2YCuI6,1.7212,False,False,0.066803522,False,1.0,
Cs2InYBr6,1,1.0,1.0,1.0,3.0,-1.0,1.81,1.55,1.04,1.82,1.295,0.51,3.63,3.115,0.8240120756684325,0.7115384615384615,0.79,1.78,1.22,2.96,0.56,1.5,2.17,1.46,55.0,49.0,39.0,35.0,35383242.0,Cs,Cs,In,Y,Br,A2B1B2X6,mp_all,1,0.0,1,2.9636,direct,Labeled_from_MP_all_A2BBX6,Materials Project,mp-cliod,Cs2YInBr6,2.9636,True,False,0.006738724,False,1.0,
Cs2InYCl6,1,1.0,1.0,1.0,3.0,-1.0,1.81,1.55,1.04,1.67,1.295,0.51,3.48,2.965,0.8299263401447505,0.7754491017964071,0.79,1.78,1.22,3.16,0.56,1.5,2.37,1.66,55.0,49.0,39.0,17.0,26880618.0,Cs,Cs,In,Y,Cl,A2B1B2X6,mp_all,1,0.0,1,3.496,direct,Labeled_from_MP_all_A2BBX6,Materials Project,mp-clhxk,Cs2YInCl6,3.496,True,False,0.009258285,False,1.0,
Cs2InYI6,0,1.0,1.0,1.0,3.0,-1.0,1.81,1.55,1.04,2.06,1.295,0.51,3.87,3.355,0.8156492528142888,0.6286407766990291,0.79,1.78,1.22,2.66,0.56,1.5,1.87,1.16,55.0,49.0,39.0,53.0,73722378.0,Cs,Cs,In,Y,I,A2B1B2X6,mp_all,1,0.0,1,0.0509,indirect,Labeled_from_MP_all_A2BBX6,Materials Project,mp-clidv,Cs2YInI6,0.0509,False,False,0.000932144,False,1.0,
Cs2TlYBr6,1,1.0,1.0,1.0,3.0,-1.0,1.81,1.64,1.04,1.82,1.34,0.5999999999999999,3.63,3.16,0.8122777264896098,0.7362637362637362,0.79,1.62,1.22,2.96,0.4000000000000001,1.42,2.17,1.54,55.0,81.0,39.0,35.0,72665162.0,Cs,Cs,Tl,Y,Br,A2B1B2X6,mp_all,1,0.0,1,3.6928,direct,Labeled_from_MP_all_A2BBX6,Materials Project,mp-clhdi,Cs2YTlBr6,3.6928,True,False,0.008339523,False,1.0,
Cs2TlYCl6,1,1.0,1.0,1.0,3.0,-1.0,1.81,1.64,1.04,1.67,1.34,0.5999999999999999,3.48,3.01,0.8175188034980682,0.8023952095808383,0.79,1.62,1.22,3.16,0.4000000000000001,1.42,2.37,1.7400000000000002,55.0,81.0,39.0,17.0,64162538.0,Cs,Cs,Tl,Y,Cl,A2B1B2X6,mp_all,1,0.0,1,4.3248,direct,Labeled_from_MP_all_A2BBX6,Materials Project,mp-clhdf,Cs2YTlCl6,4.3248,True,False,0.007682954,False,1.0,
Cs2TlYI6,1,1.0,1.0,1.0,3.0,-1.0,1.81,1.64,1.04,2.06,1.34,0.5999999999999999,3.87,3.4,0.8048538950564526,0.6504854368932038,0.79,1.62,1.22,2.66,0.4000000000000001,1.42,1.87,1.2400000000000002,55.0,81.0,39.0,53.0,111004298.0,Cs,Cs,Tl,Y,I,A2B1B2X6,mp_all,1,0.0,1,3.0866,direct,Labeled_from_MP_all_A2BBX6,Materials Project,mp-clhfg,Cs2YTlI6,3.0866,True,False,0.003941125,False,1.0,
K2CsAlBr6,1,1.0,1.0,1.0,3.0,-1.0,1.52,1.81,0.675,1.82,1.2425000000000002,1.135,3.34,3.0625,0.7711793140124306,0.6826923076923077,0.82,0.79,1.61,2.96,0.8200000000000001,1.2000000000000002,2.14,1.7599999999999998,19.0,55.0,13.0,35.0,18443578.0,K,K,Cs,Al,Br,A2B1B2X6,mp_all,1,0.0,1,3.2759,direct,Labeled_from_MP_all_A2BBX6,Materials Project,mp-clhlw,CsK2AlBr6,3.2759,True,False,0.170327097,False,1.0,
K2CsAlCl6,1,1.0,1.0,1.0,3.0,-1.0,1.52,1.81,0.675,1.67,1.2425000000000002,1.135,3.19,2.9125,0.774479186947669,0.7440119760479044,0.82,0.79,1.61,3.16,0.8200000000000001,1.2000000000000002,2.3400000000000003,1.96,19.0,55.0,13.0,17.0,9940954.0,K,K,Cs,Al,Cl,A2B1B2X6,mp_all,1,0.0,1,4.3064,direct,Labeled_from_MP_all_A2BBX6,Materials Project,mp-clhlv,CsK2AlCl6,4.3064,True,False,0.155026573,False,1.0,
K2CsAlI6,1,1.0,1.0,1.0,3.0,-1.0,1.52,1.81,0.675,2.06,1.2425000000000002,1.135,3.58,3.3025,0.7665230209380287,0.6031553398058253,0.82,0.79,1.61,2.66,0.8200000000000001,1.2000000000000002,1.8400000000000003,1.46,19.0,55.0,13.0,53.0,56782714.0,K,K,Cs,Al,I,A2B1B2X6,mp_all,1,0.0,1,2.1419,direct,Labeled_from_MP_all_A2BBX6,Materials Project,mp-clhbl,CsK2AlI6,2.1419,True,False,0.147086702,False,1.0,
K2CsAsBr6,1,1.0,1.0,1.0,3.0,-1.0,1.52,1.81,0.72,1.82,1.265,1.09,3.34,3.085,0.7655548295504274,0.6950549450549451,0.82,0.79,2.18,2.96,1.39,1.485,2.14,1.475,19.0,55.0,33.0,35.0,19600938.0,K,K,Cs,As,Br,A2B1B2X6,mp_all,1,0.0,1,2.9226,direct,Labeled_from_MP_all_A2BBX6,Materials Project,mp-clhlt,CsK2AsBr6,2.9226,True,False,0.1147587,False,1.0,
K2CsAsCl6,1,1.0,1.0,1.0,3.0,-1.0,1.52,1.81,0.72,1.67,1.265,1.09,3.19,2.935,0.7685419529761793,0.7574850299401199,0.82,0.79,2.18,3.16,1.39,1.485,2.3400000000000003,1.675,19.0,55.0,33.0,17.0,11098314.0,K,K,Cs,As,Cl,A2B1B2X6,mp_all,1,0.0,1,3.4978,direct,Labeled_from_MP_all_A2BBX6,Materials Project,mp-clhbi,CsK2AsCl6,3.4978,True,False,0.138390626,False,1.0,
K2CsBiCl6,0,1.0,1.0,1.0,3.0,-1.0,1.52,1.81,1.17,1.67,1.49,0.6400000000000001,3.19,3.16,0.713819820248445,0.8922155688622755,0.82,0.79,2.02,3.16,1.23,1.405,2.3400000000000003,1.755,19.0,55.0,83.0,17.0,57370714.0,K,K,Cs,Bi,Cl,A2B1B2X6,mp_all,1,1.0,1,3.9331,indirect,Labeled_from_MP_all_A2BBX6,Materials Project,mp-bgnfv,CsK2BiCl6,3.9331,False,False,0.0,True,1.0,
K2CsGaCl6,1,1.0,1.0,1.0,3.0,-1.0,1.52,1.81,0.76,1.67,1.285,1.05,3.19,2.955,0.7633403153925842,0.7694610778443115,0.82,0.79,1.81,3.16,1.02,1.3,2.3400000000000003,1.86,19.0,55.0,31.0,17.0,10835914.0,K,K,Cs,Ga,Cl,A2B1B2X6,mp_all,1,0.0,1,3.6673,direct,Labeled_from_MP_all_A2BBX6,Materials Project,mp-clhlp,CsK2GaCl6,3.6673,True,False,0.17565773,False,1.0,
K2CsInCl6,1,1.0,1.0,1.0,3.0,-1.0,1.52,1.81,0.94,1.67,1.375,0.8700000000000001,3.19,3.045,0.7407785326716211,0.8233532934131736,0.82,0.79,1.78,3.16,0.99,1.285,2.3400000000000003,1.875,19.0,55.0,49.0,17.0,15677194.0,K,K,Cs,In,Cl,A2B1B2X6,mp_all,1,0.0,1,3.7817,direct,Labeled_from_MP_all_A2BBX6,Materials Project,mp-clhlm,CsK2InCl6,3.7817,True,False,0.121910204,False,1.0,
K2CsSbCl6,0,1.0,1.0,1.0,3.0,-1.0,1.52,1.81,0.9,1.67,1.355,0.91,3.19,3.025,0.745676241978541,0.811377245508982,0.82,0.79,2.05,3.16,1.2599999999999998,1.42,2.3400000000000003,1.7400000000000002,19.0,55.0,51.0,17.0,16677594.0,K,K,Cs,Sb,Cl,A2B1B2X6,mp_all,1,0.0,1,3.1654,indirect,Labeled_from_MP_all_A2BBX6,Materials Project,mp-clhbj,CsK2SbCl6,3.1654,False,False,0.140215803,False,1.0,
K2CsScCl6,0,1.0,1.0,1.0,3.0,-1.0,1.52,1.81,0.885,1.67,1.3475,0.925,3.19,3.0175,0.7475296212046683,0.8068862275449104,0.82,0.79,1.36,3.16,0.5700000000000001,1.0750000000000002,2.3400000000000003,2.085,19.0,55.0,21.0,17.0,10106874.0,K,K,Cs,Sc,Cl,A2B1B2X6,mp_all,1,0.0,1,4.0703,indirect,Labeled_from_MP_all_A2BBX6,Materials Project,mp-clhld,CsK2ScCl6,4.0703,False,False,0.121027616,False,1.0,
Mn2CsRbCl6,1,2.0,2.0,1.0,1.0,-1.0,0.97,1.81,1.66,1.67,1.735,0.1500000000000001,2.64,3.405,0.548241381008072,1.0389221556886228,1.55,0.79,0.82,3.16,0.0299999999999999,0.8049999999999999,1.61,2.3550000000000004,25.0,55.0,37.0,17.0,12307162.0,Mn,Mn,Cs,Rb,Cl,A2B1B2X6,mp_all,1,1.0,1,1.4203,direct,Labeled_from_MP_all_A2BBX6,Materials Project,mp-bgizs,CsRb(MnCl3)2,1.4203,True,False,0.0,True,1.0,
Rb2CsAlBr6,1,1.0,1.0,1.0,3.0,-1.0,1.66,1.81,0.675,1.82,1.2425000000000002,1.135,3.48,3.0625,0.8035041954381013,0.6826923076923077,0.82,0.79,1.61,2.96,0.8200000000000001,1.2000000000000002,2.14,1.7599999999999998,37.0,55.0,13.0,35.0,21931258.0,Rb,Rb,Cs,Al,Br,A2B1B2X6,mp_all,1,0.0,1,3.3324,direct,Labeled_from_MP_all_A2BBX6,Materials Project,mp-clgqz,CsRb2AlBr6,3.3324,True,False,0.124692732,False,1.0,
Rb2CsAlCl6,1,1.0,1.0,1.0,3.0,-1.0,1.66,1.81,0.675,1.67,1.2425000000000002,1.135,3.33,2.9125,0.8084688691334602,0.7440119760479044,0.82,0.79,1.61,3.16,0.8200000000000001,1.2000000000000002,2.3400000000000003,1.96,37.0,55.0,13.0,17.0,13428634.0,Rb,Rb,Cs,Al,Cl,A2B1B2X6,mp_all,1,0.0,1,4.4662,direct,Labeled_from_MP_all_A2BBX6,Materials Project,mp-clgoc,CsRb2AlCl6,4.4662,True,False,0.105921405,False,1.0,
Rb2CsAlI6,1,1.0,1.0,1.0,3.0,-1.0,1.66,1.81,0.675,2.06,1.2425000000000002,1.135,3.72,3.3025,0.7964987815333705,0.6031553398058253,0.82,0.79,1.61,2.66,0.8200000000000001,1.2000000000000002,1.8400000000000003,1.46,37.0,55.0,13.0,53.0,60270394.0,Rb,Rb,Cs,Al,I,A2B1B2X6,mp_all,1,0.0,1,2.1135,direct,Labeled_from_MP_all_A2BBX6,Materials Project,mp-clgsz,CsRb2AlI6,2.1135,True,False,0.105486662,False,1.0,
Rb2CsAsBr6,1,1.0,1.0,1.0,3.0,-1.0,1.66,1.81,0.72,1.82,1.265,1.09,3.48,3.085,0.7976439541423616,0.6950549450549451,0.82,0.79,2.18,2.96,1.39,1.485,2.14,1.475,37.0,55.0,33.0,35.0,23088618.0,Rb,Rb,Cs,As,Br,A2B1B2X6,mp_all,1,0.0,1,2.9235,direct,Labeled_from_MP_all_A2BBX6,Materials Project,mp-clgqy,CsRb2AsBr6,2.9235,True,False,0.061757834,False,1.0,
Rb2CsAsCl6,1,1.0,1.0,1.0,3.0,-1.0,1.66,1.81,0.72,1.67,1.265,1.09,3.33,2.935,0.8022710668998988,0.7574850299401199,0.82,0.79,2.18,3.16,1.39,1.485,2.3400000000000003,1.675,37.0,55.0,33.0,17.0,14585994.0,Rb,Rb,Cs,As,Cl,A2B1B2X6,mp_all,1,0.0,1,3.5025,direct,Labeled_from_MP_all_A2BBX6,Materials Project,mp-clgob,CsRb2AsCl6,3.5025,True,False,0.085846778,False,1.0,
Rb2CsAsI6,0,1.0,1.0,1.0,3.0,-1.0,1.66,1.81,0.72,2.06,1.265,1.09,3.72,3.325,0.7911089401545733,0.6140776699029127,0.82,0.79,2.18,2.66,1.39,1.485,1.8400000000000003,1.175,37.0,55.0,33.0,53.0,61427754.0,Rb,Rb,Cs,As,I,A2B1B2X6,mp_all,1,0.0,1,2.3568,indirect,Labeled_from_MP_all_A2BBX6,Materials Project,mp-clgsu,CsRb2AsI6,2.3568,False,False,0.089821709,False,1.0,
Rb2CsAuCl6,0,1.0,1.0,1.0,3.0,-1.0,1.66,1.81,0.99,1.67,1.4,0.8200000000000001,3.33,3.07,0.7669920460427372,0.8383233532934131,0.82,0.79,2.54,3.16,1.75,1.665,2.3400000000000003,1.495,37.0,55.0,79.0,17.0,52350154.0,Rb,Rb,Cs,Au,Cl,A2B1B2X6,mp_all,1,0.0,1,0.1722,indirect,Labeled_from_MP_all_A2BBX6,Materials Project,mp-cljbo,CsRb2AuCl6,0.1722,False,False,0.185622189,False,1.0,
Rb2CsDyCl6,1,1.0,1.0,1.0,3.0,-1.0,1.66,1.81,1.052,1.67,1.431,0.758,3.33,3.101,0.7593245989523391,0.8568862275449103,0.82,0.79,1.22,3.16,0.4299999999999999,1.005,2.3400000000000003,2.155,37.0,55.0,66.0,17.0,32374809.0,Rb,Rb,Cs,Dy,Cl,A2B1B2X6,mp_all,1,0.0,1,4.4376,direct,Labeled_from_MP_all_A2BBX6,Materials Project,mp-cljce,CsRb2DyCl6,4.4376,True,False,0.081811355,False,1.0,
Rb2CsErCl6,1,1.0,1.0,1.0,3.0,-1.0,1.66,1.81,1.03,1.67,1.42,0.78,3.33,3.09,0.762027696230163,0.8502994011976048,0.82,0.79,1.24,3.16,0.4499999999999999,1.015,2.3400000000000003,2.145,37.0,55.0,68.0,17.0,34781449.0,Rb,Rb,Cs,Er,Cl,A2B1B2X6,mp_all,1,0.0,1,4.4266,direct,Labeled_from_MP_all_A2BBX6,Materials Project,mp-clgqw,CsRb2ErCl6,4.4266,True,False,0.085899327,False,1.0,
Rb2CsGaBr6,1,1.0,1.0,1.0,3.0,-1.0,1.66,1.81,0.76,1.82,1.285,1.05,3.48,3.1050000000000004,0.7925061508950676,0.7060439560439561,0.82,0.79,1.81,2.96,1.02,1.3,2.14,1.66,37.0,55.0,31.0,35.0,22826218.0,Rb,Rb,Cs,Ga,Br,A2B1B2X6,mp_all,1,0.0,1,2.3569,direct,Labeled_from_MP_all_A2BBX6,Materials Project,mp-clgqv,CsRb2GaBr6,2.3569,True,False,0.146796061,False,1.0,
Rb2CsGaCl6,1,1.0,1.0,1.0,3.0,-1.0,1.66,1.81,0.76,1.67,1.285,1.05,3.33,2.955,0.7968411442812869,0.7694610778443115,0.82,0.79,1.81,3.16,1.02,1.3,2.3400000000000003,1.86,37.0,55.0,31.0,17.0,14323594.0,Rb,Rb,Cs,Ga,Cl,A2B1B2X6,mp_all,1,0.0,1,3.35,direct,Labeled_from_MP_all_A2BBX6,Materials Project,mp-clgoa,CsRb2GaCl6,3.35,True,False,0.125723416,False,1.0,
Rb2CsGaI6,1,1.0,1.0,1.0,3.0,-1.0,1.66,1.81,0.76,2.06,1.285,1.05,3.72,3.345,0.786378841857685,0.6237864077669903,0.82,0.79,1.81,2.66,1.02,1.3,1.8400000000000003,1.36,37.0,55.0,31.0,53.0,61165354.0,Rb,Rb,Cs,Ga,I,A2B1B2X6,mp_all,1,0.0,1,1.1875,direct,Labeled_from_MP_all_A2BBX6,Materials Project,mp-clfoh,CsRb2GaI6,1.1875,True,False,0.138641685,False,1.0,
Rb2CsGdCl6,1,1.0,1.0,1.0,3.0,-1.0,1.66,1.81,1.075,1.67,1.4425,0.7350000000000001,3.33,3.1125,0.7565190622815111,0.8637724550898204,0.82,0.79,1.2,3.16,0.4099999999999999,0.995,2.3400000000000003,2.165,37.0,55.0,64.0,17.0,30177289.0,Rb,Rb,Cs,Gd,Cl,A2B1B2X6,mp_all,1,0.0,1,3.2239,direct,Labeled_from_MP_all_A2BBX6,Materials Project,mp-clgqu,CsRb2GdCl6,3.2239,True,False,0.078128391,False,1.0,
Rb2CsInBr6,1,1.0,1.0,1.0,3.0,-1.0,1.66,1.81,0.94,1.82,1.375,0.8700000000000001,3.48,3.1950000000000003,0.770182033968446,0.7554945054945055,0.82,0.79,1.78,2.96,0.99,1.285,2.14,1.6749999999999998,37.0,55.0,49.0,35.0,27667498.0,Rb,Rb,Cs,In,Br,A2B1B2X6,mp_all,1,0.0,1,2.6764,direct,Labeled_from_MP_all_A2BBX6,Materials Project,mp-clgqt,CsRb2InBr6,2.6764,True,False,0.077852967,False,1.0,
Rb2CsInCl6,1,1.0,1.0,1.0,3.0,-1.0,1.66,1.81,0.94,1.67,1.375,0.8700000000000001,3.33,3.045,0.7732891892778991,0.8233532934131736,0.82,0.79,1.78,3.16,0.99,1.285,2.3400000000000003,1.875,37.0,55.0,49.0,17.0,19164874.0,Rb,Rb,Cs,In,Cl,A2B1B2X6,mp_all,1,0.0,1,3.5101,direct,Labeled_from_MP_all_A2BBX6,Materials Project,mp-cljjb,CsRb2InCl6,3.5101,True,False,0.056123531,False,1.0,
Rb2CsLuCl6,1,1.0,1.0,1.0,3.0,-1.0,1.66,1.81,1.001,1.67,1.4055,0.8090000000000002,3.33,3.0755,0.7656204133803294,0.8416167664670658,0.82,0.79,1.27,3.16,0.48,1.03,2.3400000000000003,2.13,37.0,55.0,71.0,17.0,38811754.0,Rb,Rb,Cs,Lu,Cl,A2B1B2X6,mp_all,1,0.0,1,4.452,direct,Labeled_from_MP_all_A2BBX6,Materials Project,mp-clgqs,CsRb2LuCl6,4.452,True,False,0.075984097,False,1.0,
Rb2CsSbCl6,0,1.0,1.0,1.0,3.0,-1.0,1.66,1.81,0.9,1.67,1.355,0.91,3.33,3.025,0.7784018450747778,0.811377245508982,0.82,0.79,2.05,3.16,1.2599999999999998,1.42,2.3400000000000003,1.7400000000000002,37.0,55.0,51.0,17.0,20165274.0,Rb,Rb,Cs,Sb,Cl,A2B1B2X6,mp_all,1,0.0,1,3.363,indirect,Labeled_from_MP_all_A2BBX6,Materials Project,mp-clgqr,CsRb2SbCl6,3.363,False,False,0.077307276,False,1.0,
Rb2CsScBr6,0,1.0,1.0,1.0,3.0,-1.0,1.66,1.81,0.885,1.82,1.3475,0.925,3.48,3.1675000000000004,0.776868697246783,0.7403846153846154,0.82,0.79,1.36,2.96,0.5700000000000001,1.0750000000000002,2.14,1.885,37.0,55.0,21.0,35.0,22097178.0,Rb,Rb,Cs,Sc,Br,A2B1B2X6,mp_all,1,0.0,1,3.3122,indirect,Labeled_from_MP_all_A2BBX6,Materials Project,mp-clgqq,CsRb2ScBr6,3.3122,False,False,0.081476365,False,1.0,
Rb2CsScCl6,0,1.0,1.0,1.0,3.0,-1.0,1.66,1.81,0.885,1.67,1.3475,0.925,3.33,3.0175,0.7803365638280706,0.8068862275449104,0.82,0.79,1.36,3.16,0.5700000000000001,1.0750000000000002,2.3400000000000003,2.085,37.0,55.0,21.0,17.0,13594554.0,Rb,Rb,Cs,Sc,Cl,A2B1B2X6,mp_all,1,0.0,1,4.083,indirect,Labeled_from_MP_all_A2BBX6,Materials Project,mp-clgnz,CsRb2ScCl6,4.083,False,False,0.057467361,False,1.0,
Rb2CsTbCl6,1,1.0,1.0,1.0,3.0,-1.0,1.66,1.81,1.063,1.67,1.4365,0.7470000000000001,3.33,3.1065,0.7579802289879939,0.860179640718563,0.82,0.79,1.1,3.16,0.31,0.945,2.3400000000000003,2.215,37.0,55.0,65.0,17.0,31250698.0,Rb,Rb,Cs,Tb,Cl,A2B1B2X6,mp_all,1,0.0,1,4.4147,direct,Labeled_from_MP_all_A2BBX6,Materials Project,mp-clffr,CsRb2TbCl6,4.4147,True,False,0.079186754,False,1.0,
Rb2CsTlBr6,1,1.0,1.0,1.0,3.0,-1.0,1.66,1.81,1.025,1.82,1.4175,0.7850000000000001,3.48,3.2375,0.760071536225231,0.7788461538461539,0.82,0.79,1.62,2.96,0.8300000000000001,1.205,2.14,1.755,37.0,55.0,81.0,35.0,64949418.0,Rb,Rb,Cs,Tl,Br,A2B1B2X6,mp_all,1,0.0,1,1.7076,direct,Labeled_from_MP_all_A2BBX6,Materials Project,mp-clgss,CsRb2TlBr6,1.7076,True,False,0.095035358,False,1.0,
Rb2CsTmCl6,1,1.0,1.0,1.0,3.0,-1.0,1.66,1.81,1.02,1.67,1.415,0.79,3.33,3.085,0.7632627492224322,0.847305389221557,0.82,0.79,1.25,3.16,0.4599999999999999,1.02,2.3400000000000003,2.14,37.0,55.0,69.0,17.0,36067194.0,Rb,Rb,Cs,Tm,Cl,A2B1B2X6,mp_all,1,0.0,1,4.4431,direct,Labeled_from_MP_all_A2BBX6,Materials Project,mp-clffq,CsRb2TmCl6,4.4431,True,False,0.07937653,False,1.0,
Rb2CsYBr6,1,1.0,1.0,1.0,3.0,-1.0,1.66,1.81,1.04,1.82,1.425,0.77,3.48,3.245,0.7583148223510585,0.782967032967033,0.82,0.79,1.22,2.96,0.4299999999999999,1.005,2.14,1.955,37.0,55.0,39.0,35.0,24216138.0,Rb,Rb,Cs,Y,Br,A2B1B2X6,mp_all,1,0.0,1,3.7632,direct,Labeled_from_MP_all_A2BBX6,Materials Project,mp-cliyk,CsRb2YBr6,3.7632,True,False,0.069938189,False,1.0,
Rb2CsYCl6,1,1.0,1.0,1.0,3.0,-1.0,1.66,1.81,1.04,1.67,1.425,0.77,3.33,3.095,0.7607966337160593,0.8532934131736527,0.82,0.79,1.22,3.16,0.4299999999999999,1.005,2.3400000000000003,2.155,37.0,55.0,39.0,17.0,15713514.0,Rb,Rb,Cs,Y,Cl,A2B1B2X6,mp_all,1,0.0,1,4.4227,direct,Labeled_from_MP_all_A2BBX6,Materials Project,mp-cliyh,CsRb2YCl6,4.4227,True,False,0.08294638,False,1.0,
O2GaReCl6,0,-2.0,-2.0,3.0,7.0,-1.0,1.26,0.76,0.67,1.67,0.7150000000000001,0.0899999999999999,2.93,2.385,0.8686888339105174,0.4281437125748503,3.44,1.81,1.9,3.16,0.0899999999999998,1.855,0.2799999999999998,1.3050000000000002,8.0,31.0,75.0,17.0,33073464.0,O,O,Ga,Re,Cl,A2B1B2X6,mp_all,1,1.0,1,1.9749,indirect,Labeled_from_MP_all_A2BBX6,Materials Project,mp-bfyln,GaRe(Cl3O)2,1.9749,False,False,0.0,True,1.0,
Se2NGaCl6,1,1.0,1.0,1.0,3.0,-1.0,1.15,0.65,0.76,1.67,0.7050000000000001,0.1099999999999999,2.82,2.375,0.8395962622930795,0.4221556886227545,2.55,3.04,1.81,3.16,1.23,2.425,0.6100000000000003,0.7350000000000003,34.0,7.0,31.0,17.0,4099720.0,Se,Se,N,Ga,Cl,A2B1B2X6,mp_all,1,0.0,1,1.641,direct,Labeled_from_MP_all_A2BBX6,Materials Project,mp-bgiem,GaSe2NCl6,1.641,True,False,0.086965894,False,1.0,
K2AgAsBr6,0,1.0,1.0,1.0,3.0,-1.0,1.52,1.29,0.72,1.82,1.005,0.5700000000000001,3.34,2.825,0.8360129731550684,0.5521978021978021,0.82,1.93,2.18,2.96,0.2500000000000002,2.055,2.14,0.9049999999999998,19.0,47.0,33.0,35.0,15329994.0,K,K,Ag,As,Br,A2B1B2X6,mp_all,1,0.0,1,0.7592,indirect,Labeled_from_MP_all_A2BBX6,Materials Project,mp-clgzh,K2AgAsBr6,0.7592,False,False,0.031949832,False,1.0,
K2AgAsCl6,0,1.0,1.0,1.0,3.0,-1.0,1.52,1.29,0.72,1.67,1.005,0.5700000000000001,3.19,2.675,0.8432413577514342,0.6017964071856287,0.82,1.93,2.18,3.16,0.2500000000000002,2.055,2.3400000000000003,1.105,19.0,47.0,33.0,17.0,6827370.0,K,K,Ag,As,Cl,A2B1B2X6,mp_all,1,0.0,1,1.519,indirect,Labeled_from_MP_all_A2BBX6,Materials Project,mp-clhrs,K2AgAsCl6,1.519,False,False,0.013737397,False,1.0,
K2AgBiBr6,0,1.0,1.0,1.0,3.0,-1.0,1.52,1.29,1.17,1.82,1.23,0.1200000000000001,3.34,3.05,0.7743398849714979,0.6758241758241758,0.82,1.93,2.02,2.96,0.09,1.975,2.14,0.985,19.0,47.0,83.0,35.0,61602394.0,K,K,Ag,Bi,Br,A2B1B2X6,mp_all,1,0.0,1,1.5765,indirect,Labeled_from_MP_all_A2BBX6,Materials Project,mp-clfjt,K2AgBiBr6,1.5765,False,False,0.040107348,False,1.0,
K2AgBiCl6,0,1.0,1.0,1.0,3.0,-1.0,1.52,1.29,1.17,1.67,1.23,0.1200000000000001,3.19,2.9,0.7778174593052023,0.7365269461077845,0.82,1.93,2.02,3.16,0.09,1.975,2.3400000000000003,1.185,19.0,47.0,83.0,17.0,53099770.0,K,K,Ag,Bi,Cl,A2B1B2X6,mp_all,1,1.0,1,2.0583,indirect,Labeled_from_MP_all_A2BBX6,Materials Project,mp-clfjs,K2AgBiCl6,2.0583,False,False,0.0,True,1.0,
K2AgBiI6,0,1.0,1.0,1.0,3.0,-1.0,1.52,1.29,1.17,2.06,1.23,0.1200000000000001,3.58,3.29,0.769435342446152,0.5970873786407767,0.82,1.93,2.02,2.66,0.09,1.975,1.8400000000000003,0.685,19.0,47.0,83.0,53.0,99941530.0,K,K,Ag,Bi,I,A2B1B2X6,mp_all,1,0.0,1,0.8096,indirect,Labeled_from_MP_all_A2BBX6,Materials Project,mp-clfky,K2AgBiI6,0.8096,False,False,0.076429435,False,1.0,
K2AgMoBr6,1,1.0,1.0,1.0,3.0,-1.0,1.52,1.29,0.83,1.82,1.06,0.4600000000000001,3.34,2.88,0.8200474476260655,0.5824175824175825,0.82,1.93,2.16,2.96,0.2300000000000002,2.045,2.14,0.915,19.0,47.0,42.0,35.0,17255769.0,K,K,Ag,Mo,Br,A2B1B2X6,mp_all,1,0.0,1,0.6656,direct,Labeled_from_MP_all_A2BBX6,Materials Project,mp-clfjp,K2AgMoBr6,0.6656,True,False,0.0685645,False,1.0,
K2AgMoCl6,1,1.0,1.0,1.0,3.0,-1.0,1.52,1.29,0.83,1.67,1.06,0.4600000000000001,3.19,2.73,0.826252978749116,0.6347305389221557,0.82,1.93,2.16,3.16,0.2300000000000002,2.045,2.3400000000000003,1.1150000000000002,19.0,47.0,42.0,17.0,8753145.0,K,K,Ag,Mo,Cl,A2B1B2X6,mp_all,1,0.0,1,1.0353,direct,Labeled_from_MP_all_A2BBX6,Materials Project,mp-clfhi,K2AgMoCl6,1.0353,True,False,0.047456513,False,1.0,
K2AgMoI6,1,1.0,1.0,1.0,3.0,-1.0,1.52,1.29,0.83,2.06,1.06,0.4600000000000001,3.58,3.12,0.8113597040537949,0.5145631067961165,0.82,1.93,2.16,2.66,0.2300000000000002,2.045,1.8400000000000003,0.6150000000000002,19.0,47.0,42.0,53.0,55594905.0,K,K,Ag,Mo,I,A2B1B2X6,mp_all,1,0.0,1,0.6874,direct,Labeled_from_MP_all_A2BBX6,Materials Project,mp-clfkx,K2AgMoI6,0.6874,True,False,0.104292809,False,1.0,
K2AgSbBr6,0,1.0,1.0,1.0,3.0,-1.0,1.52,1.29,0.9,1.82,1.095,0.39,3.34,2.915,0.8102012518569703,0.6016483516483516,0.82,1.93,2.05,2.96,0.1199999999999998,1.99,2.14,0.9700000000000002,19.0,47.0,51.0,35.0,20909274.0,K,K,Ag,Sb,Br,A2B1B2X6,mp_all,1,0.0,1,1.1248,indirect,Labeled_from_MP_all_A2BBX6,Materials Project,mp-clfjk,K2AgSbBr6,1.1248,False,False,0.019743255,False,1.0,
K2AgSbCl6,0,1.0,1.0,1.0,3.0,-1.0,1.52,1.29,0.9,1.67,1.095,0.39,3.19,2.765,0.8157940802839373,0.655688622754491,0.82,1.93,2.05,3.16,0.1199999999999998,1.99,2.3400000000000003,1.1700000000000004,19.0,47.0,51.0,17.0,12406650.0,K,K,Ag,Sb,Cl,A2B1B2X6,mp_all,1,0.0,1,1.6025,indirect,Labeled_from_MP_all_A2BBX6,Materials Project,mp-clfhx,K2AgSbCl6,1.6025,False,False,0.026073497,False,1.0,
K2AgSbI6,0,1.0,1.0,1.0,3.0,-1.0,1.52,1.29,0.9,2.06,1.095,0.39,3.58,3.155,0.8023588832481267,0.5315533980582524,0.82,1.93,2.05,2.66,0.1199999999999998,1.99,1.8400000000000003,0.6700000000000004,19.0,47.0,51.0,53.0,59248410.0,K,K,Ag,Sb,I,A2B1B2X6,mp_all,1,0.0,1,0.381,indirect,Labeled_from_MP_all_A2BBX6,Materials Project,mp-clfkv,K2AgSbI6,0.381,False,False,0.065952022,False,1.0,
K2AgAlBr6,1,1.0,1.0,1.0,3.0,-1.0,1.52,1.29,0.675,1.82,0.9825,0.615,3.34,2.8025,0.8427249417174195,0.5398351648351648,0.82,1.93,1.61,2.96,0.3199999999999998,1.77,2.14,1.19,19.0,47.0,13.0,35.0,14172634.0,K,K,Ag,Al,Br,A2B1B2X6,mp_all,1,0.0,1,1.4617,direct,Labeled_from_MP_all_A2BBX6,Materials Project,mp-clhdg,K2AlAgBr6,1.4617,True,False,0.10274074,False,1.0,
K2AgAlCl6,1,1.0,1.0,1.0,3.0,-1.0,1.52,1.29,0.675,1.67,0.9825,0.615,3.19,2.6525,0.8503942062149242,0.5883233532934132,0.82,1.93,1.61,3.16,0.3199999999999998,1.77,2.3400000000000003,1.39,19.0,47.0,13.0,17.0,5670010.0,K,K,Ag,Al,Cl,A2B1B2X6,mp_all,1,0.0,1,2.4737,direct,Labeled_from_MP_all_A2BBX6,Materials Project,mp-clgyf,K2AlAgCl6,2.4737,True,False,0.061772994,False,1.0,
K2AlAuCl6,1,1.0,1.0,1.0,3.0,-1.0,1.52,1.25,0.99,1.67,1.12,0.26,3.19,2.79,0.808484097485694,0.6706586826347306,0.82,1.61,2.54,3.16,0.93,2.075,2.3400000000000003,1.085,19.0,13.0,79.0,17.0,39740410.0,K,K,Al,Au,Cl,A2B1B2X6,mp_all,1,0.0,1,0.86,direct,Labeled_from_MP_all_A2BBX6,Materials Project,mp-clhqe,K2AlAuCl6,0.86,True,False,0.166995383,False,1.0,oxidation state not guessed
K2InAlBr6,0,1.0,1.0,1.0,3.0,-1.0,1.52,1.55,0.675,1.82,1.1125,0.875,3.34,2.9325,0.8053662912747035,0.6112637362637363,0.82,1.78,1.61,2.96,0.1699999999999999,1.695,2.14,1.265,19.0,49.0,13.0,35.0,15057754.0,K,K,In,Al,Br,A2B1B2X6,mp_all,1,0.0,1,1.7287,indirect,Labeled_from_MP_all_A2BBX6,Materials Project,mp-clhgp,K2AlInBr6,1.7287,False,False,0.102921546,False,1.0,
K2InAlCl6,0,1.0,1.0,1.0,3.0,-1.0,1.52,1.55,0.675,1.67,1.1125,0.875,3.19,2.7825,0.810663299904793,0.6661676646706587,0.82,1.78,1.61,3.16,0.1699999999999999,1.695,2.3400000000000003,1.465,19.0,49.0,13.0,17.0,6555130.0,K,K,In,Al,Cl,A2B1B2X6,mp_all,1,0.0,1,2.9258,indirect,Labeled_from_MP_all_A2BBX6,Materials Project,mp-clhgn,K2AlInCl6,2.9258,False,False,0.090746664,False,1.0,
K2InAlI6,0,1.0,1.0,1.0,3.0,-1.0,1.52,1.55,0.675,2.06,1.1125,0.875,3.58,3.1725000000000003,0.7979329477219353,0.5400485436893204,0.82,1.78,1.61,2.66,0.1699999999999999,1.695,1.8400000000000003,0.965,19.0,49.0,13.0,53.0,53396890.0,K,K,In,Al,I,A2B1B2X6,mp_all,1,0.0,1,0.8125,indirect,Labeled_from_MP_all_A2BBX6,Materials Project,mp-clhad,K2AlInI6,0.8125,False,False,0.113789041,False,1.0,
K2TlAlBr6,0,1.0,1.0,1.0,3.0,-1.0,1.52,1.64,0.675,1.82,1.1575,0.965,3.34,2.9775,0.7931945085350356,0.635989010989011,0.82,1.62,1.61,2.96,0.01,1.6150000000000002,2.14,1.3449999999999998,19.0,81.0,13.0,35.0,52339674.0,K,K,Tl,Al,Br,A2B1B2X6,mp_all,1,0.0,1,2.8488,indirect,Labeled_from_MP_all_A2BBX6,Materials Project,mp-clgjn,K2AlTlBr6,2.8488,False,False,0.111190659,False,1.0,
K2TlAlCl6,0,1.0,1.0,1.0,3.0,-1.0,1.52,1.64,0.675,1.67,1.1575,0.965,3.19,2.8275,0.7977614967232843,0.6931137724550899,0.82,1.62,1.61,3.16,0.01,1.6150000000000002,2.3400000000000003,1.545,19.0,81.0,13.0,17.0,43837050.0,K,K,Tl,Al,Cl,A2B1B2X6,mp_all,1,0.0,1,3.8301,indirect,Labeled_from_MP_all_A2BBX6,Materials Project,mp-clgjm,K2AlTlCl6,3.8301,False,False,0.093875306,False,1.0,
K2TlAlI6,0,1.0,1.0,1.0,3.0,-1.0,1.52,1.64,0.675,2.06,1.1575,0.965,3.58,3.2175,0.786773046355195,0.5618932038834952,0.82,1.62,1.61,2.66,0.01,1.6150000000000002,1.8400000000000003,1.045,19.0,81.0,13.0,53.0,90678810.0,K,K,Tl,Al,I,A2B1B2X6,mp_all,1,0.0,1,1.5653,indirect,Labeled_from_MP_all_A2BBX6,Materials Project,mp-clful,K2AlTlI6,1.5653,False,False,0.133049798,False,1.0,
K2AsAuBr6,0,1.0,1.0,1.0,3.0,-1.0,1.52,1.15,0.99,1.82,1.0699999999999998,0.1599999999999999,3.34,2.89,0.8172099132052142,0.5879120879120878,0.82,2.18,2.54,2.96,0.3599999999999999,2.3600000000000003,2.14,0.5999999999999996,19.0,33.0,79.0,35.0,49400394.0,K,K,As,Au,Br,A2B1B2X6,mp_all,1,0.0,1,0.1518,indirect,Labeled_from_MP_all_A2BBX6,Materials Project,mp-clhpz,K2AsAuBr6,0.1518,False,False,0.071526099,False,1.0,oxidation state not guessed
K2AsAuCl6,0,1.0,1.0,1.0,3.0,-1.0,1.52,1.15,0.99,1.67,1.0699999999999998,0.1599999999999999,3.19,2.74,0.8232374569288637,0.6407185628742514,0.82,2.18,2.54,3.16,0.3599999999999999,2.3600000000000003,2.3400000000000003,0.7999999999999998,19.0,33.0,79.0,17.0,40897770.0,K,K,As,Au,Cl,A2B1B2X6,mp_all,1,0.0,1,0.22,indirect,Labeled_from_MP_all_A2BBX6,Materials Project,mp-clhpy,K2AsAuCl6,0.22,False,False,0.092071386,False,1.0,oxidation state not guessed
K2BiAuBr6,0,1.0,1.0,1.0,3.0,-1.0,1.52,1.6,0.99,1.82,1.295,0.6100000000000001,3.34,3.115,0.7581819098436816,0.7115384615384615,0.82,2.02,2.54,2.96,0.52,2.28,2.14,0.6799999999999997,19.0,83.0,79.0,35.0,95672794.0,K,K,Bi,Au,Br,A2B1B2X6,mp_all,1,0.0,1,0.389,indirect,Labeled_from_MP_all_A2BBX6,Materials Project,mp-clgzb,K2BiAuBr6,0.389,False,False,0.091124331,False,1.0,
K2BiAuCl6,0,1.0,1.0,1.0,3.0,-1.0,1.52,1.6,0.99,1.67,1.295,0.6100000000000001,3.19,2.965,0.7607658117993547,0.7754491017964071,0.82,2.02,2.54,3.16,0.52,2.28,2.3400000000000003,0.8799999999999999,19.0,83.0,79.0,17.0,87170170.0,K,K,Bi,Au,Cl,A2B1B2X6,mp_all,1,0.0,1,0.9633,indirect,Labeled_from_MP_all_A2BBX6,Materials Project,mp-clhcb,K2BiAuCl6,0.9633,False,False,0.067988052,False,1.0,
K2FBrCl6,1,1.0,1.0,-1.0,5.0,-1.0,1.52,1.19,0.45,1.67,0.82,0.74,3.19,2.49,0.905891820074332,0.4910179640718562,0.82,3.98,2.96,3.16,1.02,3.47,2.3400000000000003,0.3099999999999996,19.0,9.0,35.0,17.0,2268954.0,K,K,F,Br,Cl,A2B1B2X6,mp_all,1,1.0,1,0.9144,direct,Labeled_from_MP_all_A2BBX6,Materials Project,mp-cehxf,K2BrCl6F,0.9144,True,False,0.0,True,1.0,
K2AgCeBr6,0,1.0,1.0,1.0,3.0,-1.0,1.52,1.29,1.15,1.82,1.22,0.1400000000000001,3.34,3.04,0.7768870556457461,0.6703296703296703,0.82,1.93,1.12,2.96,0.8099999999999998,1.525,2.14,1.435,19.0,47.0,58.0,35.0,25460569.0,K,K,Ag,Ce,Br,A2B1B2X6,mp_all,1,0.0,1,2.5986,indirect,Labeled_from_MP_all_A2BBX6,Materials Project,mp-clfjr,K2CeAgBr6,2.5986,False,False,0.078026518,False,1.0,
K2AgCeCl6,0,1.0,1.0,1.0,3.0,-1.0,1.52,1.29,1.15,1.67,1.22,0.1400000000000001,3.19,2.89,0.780508869198992,0.7305389221556886,0.82,1.93,1.12,3.16,0.8099999999999998,1.525,2.3400000000000003,1.6350000000000002,19.0,47.0,58.0,17.0,16957945.0,K,K,Ag,Ce,Cl,A2B1B2X6,mp_all,1,0.0,1,2.8498,indirect,Labeled_from_MP_all_A2BBX6,Materials Project,mp-clfjq,K2CeAgCl6,2.8498,False,False,0.064488448,False,1.0,
K2AgCeI6,0,1.0,1.0,1.0,3.0,-1.0,1.52,1.29,1.15,2.06,1.22,0.1400000000000001,3.58,3.28,0.7717811819048292,0.5922330097087378,0.82,1.93,1.12,2.66,0.8099999999999998,1.525,1.8400000000000003,1.1350000000000002,19.0,47.0,58.0,53.0,63799705.0,K,K,Ag,Ce,I,A2B1B2X6,mp_all,1,0.0,1,0.2137,indirect,Labeled_from_MP_all_A2BBX6,Materials Project,mp-clfln,K2CeAgI6,0.2137,False,False,0.093964533,False,1.0,
K2AuCeCl6,0,1.0,1.0,1.0,3.0,-1.0,1.52,1.51,1.15,1.67,1.33,0.3600000000000001,3.19,3.0,0.7518902106616955,0.7964071856287426,0.82,2.54,1.12,3.16,1.42,1.83,2.3400000000000003,1.33,19.0,79.0,58.0,17.0,51028345.0,K,K,Au,Ce,Cl,A2B1B2X6,mp_all,1,0.0,1,2.2375,indirect,Labeled_from_MP_all_A2BBX6,Materials Project,mp-clgzc,K2CeAuCl6,2.2375,False,False,0.162943752,False,1.0,oxidation state not guessed
K2CuCeBr6,0,1.0,1.0,1.0,3.0,-1.0,1.52,0.91,1.15,1.82,1.03,0.2399999999999998,3.34,2.85,0.8286795260221294,0.5659340659340659,0.82,1.9,1.12,2.96,0.7799999999999998,1.51,2.14,1.45,19.0,29.0,58.0,35.0,21288169.0,K,K,Cu,Ce,Br,A2B1B2X6,mp_all,1,0.0,1,0.2116,indirect,Labeled_from_MP_all_A2BBX6,Materials Project,mp-clhun,K2CeCuBr6,0.2116,False,False,0.089721662,False,1.0,
K2CuCeCl6,0,1.0,1.0,1.0,3.0,-1.0,1.52,0.91,1.15,1.67,1.03,0.2399999999999998,3.19,2.7,0.8354335674018838,0.6167664670658684,0.82,1.9,1.12,3.16,0.7799999999999998,1.51,2.3400000000000003,1.65,19.0,29.0,58.0,17.0,12785545.0,K,K,Cu,Ce,Cl,A2B1B2X6,mp_all,1,0.0,1,1.5332,indirect,Labeled_from_MP_all_A2BBX6,Materials Project,mp-clhij,K2CeCuCl6,1.5332,False,False,0.085156417,False,1.0,
K2CuCeI6,0,1.0,1.0,1.0,3.0,-1.0,1.52,0.91,1.15,2.06,1.03,0.2399999999999998,3.58,3.09,0.8192369827339289,0.5,0.82,1.9,1.12,2.66,0.7799999999999998,1.51,1.8400000000000003,1.15,19.0,29.0,58.0,53.0,59627305.0,K,K,Cu,Ce,I,A2B1B2X6,mp_all,1,0.0,1,0.3701,indirect,Labeled_from_MP_all_A2BBX6,Materials Project,mp-clhbc,K2CeCuI6,0.3701,False,False,0.121524679,False,1.0,
K2CuBiBr6,0,1.0,1.0,1.0,3.0,-1.0,1.52,0.91,1.17,1.82,1.04,0.2599999999999999,3.34,2.8600000000000003,0.825782045161912,0.5714285714285714,0.82,1.9,2.02,2.96,0.1200000000000001,1.96,2.14,1.0,19.0,29.0,83.0,35.0,57429994.0,K,K,Cu,Bi,Br,A2B1B2X6,mp_all,1,0.0,1,0.8862,indirect,Labeled_from_MP_all_A2BBX6,Materials Project,mp-clfji,K2CuBiBr6,0.8862,False,False,0.045581435,False,1.0,
K2CuBiCl6,0,1.0,1.0,1.0,3.0,-1.0,1.52,0.91,1.17,1.67,1.04,0.2599999999999999,3.19,2.71,0.832350786710364,0.6227544910179641,0.82,1.9,2.02,3.16,0.1200000000000001,1.96,2.3400000000000003,1.2000000000000002,19.0,29.0,83.0,17.0,48927370.0,K,K,Cu,Bi,Cl,A2B1B2X6,mp_all,1,1.0,1,1.1617,indirect,Labeled_from_MP_all_A2BBX6,Materials Project,mp-clfhv,K2CuBiCl6,1.1617,False,False,0.0,True,1.0,
K2CuBiI6,0,1.0,1.0,1.0,3.0,-1.0,1.52,0.91,1.17,2.06,1.04,0.2599999999999999,3.58,3.1,0.8165942827896259,0.5048543689320388,0.82,1.9,2.02,2.66,0.1200000000000001,1.96,1.8400000000000003,0.7000000000000002,19.0,29.0,83.0,53.0,95769130.0,K,K,Cu,Bi,I,A2B1B2X6,mp_all,1,0.0,1,0.8293,indirect,Labeled_from_MP_all_A2BBX6,Materials Project,mp-clfks,K2CuBiI6,0.8293,False,False,0.097616648,False,1.0,
K2CuMoBr6,1,1.0,1.0,1.0,3.0,-1.0,1.52,0.91,0.83,1.82,0.87,0.08,3.34,2.69,0.8779690145587615,0.478021978021978,0.82,1.9,2.16,2.96,0.2600000000000002,2.03,2.14,0.9299999999999996,19.0,29.0,42.0,35.0,13083369.0,K,K,Cu,Mo,Br,A2B1B2X6,mp_all,1,0.0,1,0.3972,direct,Labeled_from_MP_all_A2BBX6,Materials Project,mp-clfhu,K2CuMoBr6,0.3972,True,False,0.103766086,False,1.0,
K2CuMoCl6,1,1.0,1.0,1.0,3.0,-1.0,1.52,0.91,0.83,1.67,0.87,0.08,3.19,2.54,0.8880593039311363,0.5209580838323353,0.82,1.9,2.16,3.16,0.2600000000000002,2.03,2.3400000000000003,1.13,19.0,29.0,42.0,17.0,4580745.0,K,K,Cu,Mo,Cl,A2B1B2X6,mp_all,1,0.0,1,0.7574,direct,Labeled_from_MP_all_A2BBX6,Materials Project,mp-clhnw,K2CuMoCl6,0.7574,True,False,0.079257613,False,1.0,
K2CuMoI6,1,1.0,1.0,1.0,3.0,-1.0,1.52,0.91,0.83,2.06,0.87,0.08,3.58,2.93,0.8639734732586484,0.4223300970873786,0.82,1.9,2.16,2.66,0.2600000000000002,2.03,1.8400000000000003,0.6299999999999999,19.0,29.0,42.0,53.0,51422505.0,K,K,Cu,Mo,I,A2B1B2X6,mp_all,1,0.0,1,0.087,direct,Labeled_from_MP_all_A2BBX6,Materials Project,mp-clfjh,K2CuMoI6,0.087,True,False,0.144864454,False,1.0,
K2CuSbBr6,0,1.0,1.0,1.0,3.0,-1.0,1.52,0.91,0.9,1.82,0.905,0.01,3.34,2.725,0.8666923483167224,0.4972527472527472,0.82,1.9,2.05,2.96,0.1499999999999999,1.975,2.14,0.985,19.0,29.0,51.0,35.0,16736874.0,K,K,Cu,Sb,Br,A2B1B2X6,mp_all,1,0.0,1,0.4007,indirect,Labeled_from_MP_all_A2BBX6,Materials Project,mp-clfje,K2CuSbBr6,0.4007,False,False,0.02394968,False,1.0,
K2CuSbCl6,0,1.0,1.0,1.0,3.0,-1.0,1.52,0.91,0.9,1.67,0.905,0.01,3.19,2.575,0.8759885949456646,0.5419161676646707,0.82,1.9,2.05,3.16,0.1499999999999999,1.975,2.3400000000000003,1.1850000000000005,19.0,29.0,51.0,17.0,8234250.0,K,K,Cu,Sb,Cl,A2B1B2X6,mp_all,1,0.0,1,0.583,indirect,Labeled_from_MP_all_A2BBX6,Materials Project,mp-clfhg,K2CuSbCl6,0.583,False,False,0.037191453,False,1.0,
K2CuSbI6,0,1.0,1.0,1.0,3.0,-1.0,1.52,0.91,0.9,2.06,0.905,0.01,3.58,2.965,0.8537747981948871,0.4393203883495146,0.82,1.9,2.05,2.66,0.1499999999999999,1.975,1.8400000000000003,0.6850000000000003,19.0,29.0,51.0,53.0,55076010.0,K,K,Cu,Sb,I,A2B1B2X6,mp_all,1,0.0,1,0.6999,indirect,Labeled_from_MP_all_A2BBX6,Materials Project,mp-clfkp,K2CuSbI6,0.6999,False,False,0.085510949,False,1.0,
K2AgDyCl6,0,1.0,1.0,1.0,3.0,-1.0,1.52,1.29,1.052,1.67,1.171,0.238,3.19,2.841,0.7939706553977776,0.7011976047904193,0.82,1.93,1.22,3.16,0.71,1.575,2.3400000000000003,1.5850000000000002,19.0,47.0,66.0,17.0,24616185.0,K,K,Ag,Dy,Cl,A2B1B2X6,mp_all,1,0.0,1,3.6341,indirect,Labeled_from_MP_all_A2BBX6,Materials Project,mp-clhda,K2DyAgCl6,3.6341,False,False,0.036523784,False,1.0,
K2AuDyCl6,0,1.0,1.0,1.0,3.0,-1.0,1.52,1.51,1.052,1.67,1.281,0.4579999999999999,3.19,2.951,0.7643750023670235,0.7670658682634731,0.82,2.54,1.22,3.16,1.32,1.88,2.3400000000000003,1.2800000000000002,19.0,79.0,66.0,17.0,58686585.0,K,K,Au,Dy,Cl,A2B1B2X6,mp_all,1,0.0,1,2.1841,indirect,Labeled_from_MP_all_A2BBX6,Materials Project,mp-clhcc,K2DyAuCl6,2.1841,False,False,0.139781368,False,1.0,oxidation state not guessed
K2CuDyCl6,0,1.0,1.0,1.0,3.0,-1.0,1.52,0.91,1.052,1.67,0.981,0.142,3.19,2.651,0.8508753798510323,0.5874251497005989,0.82,1.9,1.22,3.16,0.6799999999999999,1.56,2.3400000000000003,1.6,19.0,29.0,66.0,17.0,20443785.0,K,K,Cu,Dy,Cl,A2B1B2X6,mp_all,1,0.0,1,2.4629,indirect,Labeled_from_MP_all_A2BBX6,Materials Project,mp-clgza,K2DyCuCl6,2.4629,False,False,0.061729504,False,1.0,
K2AgErCl6,0,1.0,1.0,1.0,3.0,-1.0,1.52,1.29,1.03,1.67,1.16,0.26,3.19,2.83,0.7970567604187584,0.6946107784431139,0.82,1.93,1.24,3.16,0.69,1.585,2.3400000000000003,1.5750000000000002,19.0,47.0,68.0,17.0,27022825.0,K,K,Ag,Er,Cl,A2B1B2X6,mp_all,1,0.0,1,3.6443,indirect,Labeled_from_MP_all_A2BBX6,Materials Project,mp-clhrl,K2ErAgCl6,3.6443,False,False,0.031545209,False,1.0,
K2AuErCl6,0,1.0,1.0,1.0,3.0,-1.0,1.52,1.51,1.03,1.67,1.27,0.48,3.19,2.94,0.7672349088384648,0.7604790419161677,0.82,2.54,1.24,3.16,1.3,1.89,2.3400000000000003,1.27,19.0,79.0,68.0,17.0,61093225.0,K,K,Au,Er,Cl,A2B1B2X6,mp_all,1,0.0,1,2.1632,indirect,Labeled_from_MP_all_A2BBX6,Materials Project,mp-clhca,K2ErAuCl6,2.1632,False,False,0.134283195,False,1.0,oxidation state not guessed
K2CuErCl6,0,1.0,1.0,1.0,3.0,-1.0,1.52,0.91,1.03,1.67,0.97,0.12,3.19,2.64,0.854420693933745,0.5808383233532934,0.82,1.9,1.24,3.16,0.6599999999999999,1.5699999999999998,2.3400000000000003,1.5900000000000003,19.0,29.0,68.0,17.0,22850425.0,K,K,Cu,Er,Cl,A2B1B2X6,mp_all,1,0.0,1,2.4197,indirect,Labeled_from_MP_all_A2BBX6,Materials Project,mp-clhfo,K2ErCuCl6,2.4197,False,False,0.057332736,False,1.0,
K2AgGaCl6,1,1.0,1.0,1.0,3.0,-1.0,1.52,1.29,0.76,1.67,1.025,0.53,3.19,2.695,0.8369835369146889,0.6137724550898204,0.82,1.93,1.81,3.16,0.1199999999999998,1.87,2.3400000000000003,1.29,19.0,47.0,31.0,17.0,6564970.0,K,K,Ag,Ga,Cl,A2B1B2X6,mp_all,1,0.0,1,1.1817,direct,Labeled_from_MP_all_A2BBX6,Materials Project,mp-clhrh,K2GaAgCl6,1.1817,True,False,0.073403006,False,1.0,
K2AuGdCl6,0,1.0,1.0,1.0,3.0,-1.0,1.52,1.51,1.075,1.67,1.2925,0.435,3.19,2.9625,0.7614078082650082,0.7739520958083833,0.82,2.54,1.2,3.16,1.34,1.87,2.3400000000000003,1.29,19.0,79.0,64.0,17.0,56489065.0,K,K,Au,Gd,Cl,A2B1B2X6,mp_all,1,0.0,1,1.5862,indirect,Labeled_from_MP_all_A2BBX6,Materials Project,mp-clhbw,K2GdAuCl6,1.5862,False,False,0.146092245,False,1.0,oxidation state not guessed
K2CuGdCl6,0,1.0,1.0,1.0,3.0,-1.0,1.52,0.91,1.075,1.67,0.9925,0.1649999999999999,3.19,2.6625,0.8472002373652908,0.594311377245509,0.82,1.9,1.2,3.16,0.7,1.5499999999999998,2.3400000000000003,1.6100000000000003,19.0,29.0,64.0,17.0,18246265.0,K,K,Cu,Gd,Cl,A2B1B2X6,mp_all,1,0.0,1,0.3878,indirect,Labeled_from_MP_all_A2BBX6,Materials Project,mp-clhfn,K2GdCuCl6,0.3878,False,False,0.067146082,False,1.0,
K2AgInBr6,1,1.0,1.0,1.0,3.0,-1.0,1.52,1.29,0.94,1.82,1.115,0.3500000000000001,3.34,2.935,0.8046802893230216,0.6126373626373626,0.82,1.93,1.78,2.96,0.1499999999999999,1.855,2.14,1.105,19.0,47.0,49.0,35.0,19908874.0,K,K,Ag,In,Br,A2B1B2X6,mp_all,1,0.0,1,0.1875,direct,Labeled_from_MP_all_A2BBX6,Materials Project,mp-clhrc,K2InAgBr6,0.1875,True,False,0.059565222,False,1.0,
K2AgInCl6,1,1.0,1.0,1.0,3.0,-1.0,1.52,1.29,0.94,1.67,1.115,0.3500000000000001,3.19,2.785,0.8099355949677151,0.6676646706586826,0.82,1.93,1.78,3.16,0.1499999999999999,1.855,2.3400000000000003,1.3050000000000002,19.0,47.0,49.0,17.0,11406250.0,K,K,Ag,In,Cl,A2B1B2X6,mp_all,1,0.0,1,1.2922,direct,Labeled_from_MP_all_A2BBX6,Materials Project,mp-clfhy,K2InAgCl6,1.2922,True,False,0.006189199,False,1.0,
K2InAsBr6,1,1.0,1.0,1.0,3.0,-1.0,1.52,1.55,0.72,1.82,1.135,0.8300000000000001,3.34,2.955,0.79923406063048,0.6236263736263736,0.82,1.78,2.18,2.96,0.4000000000000001,1.98,2.14,0.98,19.0,49.0,33.0,35.0,16215114.0,K,K,In,As,Br,A2B1B2X6,mp_all,1,0.0,1,0.5636,direct,Labeled_from_MP_all_A2BBX6,Materials Project,mp-cleyy,K2InAsBr6,0.5636,True,False,0.125499062,False,1.0,
K2InAsCl6,1,1.0,1.0,1.0,3.0,-1.0,1.52,1.55,0.72,1.67,1.135,0.8300000000000001,3.19,2.805,0.8041606531141129,0.6796407185628743,0.82,1.78,2.18,3.16,0.4000000000000001,1.98,2.3400000000000003,1.1800000000000002,19.0,49.0,33.0,17.0,7712490.0,K,K,In,As,Cl,A2B1B2X6,mp_all,1,0.0,1,0.5022,direct,Labeled_from_MP_all_A2BBX6,Materials Project,mp-clhgl,K2InAsCl6,0.5022,True,False,0.138656177,False,1.0,
K2InGaBr6,0,1.0,1.0,1.0,3.0,-1.0,1.52,1.55,0.76,1.82,1.155,0.79,3.34,2.975,0.7938610585422078,0.6346153846153846,0.82,1.78,1.81,2.96,0.03,1.795,2.14,1.165,19.0,49.0,31.0,35.0,15952714.0,K,K,In,Ga,Br,A2B1B2X6,mp_all,1,0.0,1,1.0688,indirect,Labeled_from_MP_all_A2BBX6,Materials Project,mp-clhgi,K2InGaBr6,1.0688,False,False,0.087525279,False,1.0,
K2InGaCl6,0,1.0,1.0,1.0,3.0,-1.0,1.52,1.55,0.76,1.67,1.155,0.79,3.19,2.825,0.7984674803487031,0.6916167664670659,0.82,1.78,1.81,3.16,0.03,1.795,2.3400000000000003,1.3650000000000002,19.0,49.0,31.0,17.0,7450090.0,K,K,In,Ga,Cl,A2B1B2X6,mp_all,1,0.0,1,1.7475,indirect,Labeled_from_MP_all_A2BBX6,Materials Project,mp-clgyo,K2InGaCl6,1.7475,False,False,0.08634826,False,1.0,
K2InGaI6,0,1.0,1.0,1.0,3.0,-1.0,1.52,1.55,0.76,2.06,1.155,0.79,3.58,3.215,0.7873848449915521,0.5606796116504854,0.82,1.78,1.81,2.66,0.03,1.795,1.8400000000000003,0.8650000000000002,19.0,49.0,31.0,53.0,54291850.0,K,K,In,Ga,I,A2B1B2X6,mp_all,1,0.0,1,0.156,indirect,Labeled_from_MP_all_A2BBX6,Materials Project,mp-clhab,K2InGaI6,0.156,False,False,0.103282063,False,1.0,
K2InSbBr6,1,1.0,1.0,1.0,3.0,-1.0,1.52,1.55,0.9,1.82,1.225,0.65,3.34,3.045,0.7756113790354904,0.6730769230769231,0.82,1.78,2.05,2.96,0.2699999999999998,1.915,2.14,1.045,19.0,49.0,51.0,35.0,21794394.0,K,K,In,Sb,Br,A2B1B2X6,mp_all,1,0.0,1,0.6289,direct,Labeled_from_MP_all_A2BBX6,Materials Project,mp-clhgh,K2InSbBr6,0.6289,True,False,0.086638049,False,1.0,
K2InSbCl6,1,1.0,1.0,1.0,3.0,-1.0,1.52,1.55,0.9,1.67,1.225,0.65,3.19,2.895,0.7791608400639332,0.7335329341317366,0.82,1.78,2.05,3.16,0.2699999999999998,1.915,2.3400000000000003,1.245,19.0,49.0,51.0,17.0,13291770.0,K,K,In,Sb,Cl,A2B1B2X6,mp_all,1,0.0,1,1.2295,direct,Labeled_from_MP_all_A2BBX6,Materials Project,mp-clgzx,K2InSbCl6,1.2295,True,False,0.098802587,False,1.0,
K2InSbI6,0,1.0,1.0,1.0,3.0,-1.0,1.52,1.55,0.9,2.06,1.225,0.65,3.58,3.285,0.7706064769095403,0.5946601941747574,0.82,1.78,2.05,2.66,0.2699999999999998,1.915,1.8400000000000003,0.7450000000000001,19.0,49.0,51.0,53.0,60133530.0,K,K,In,Sb,I,A2B1B2X6,mp_all,1,0.0,1,0.5201,indirect,Labeled_from_MP_all_A2BBX6,Materials Project,mp-clgzy,K2InSbI6,0.5201,False,False,0.070190009,False,1.0,
K2AgLaCl6,0,1.0,1.0,1.0,3.0,-1.0,1.52,1.29,1.172,1.67,1.231,0.1180000000000001,3.19,2.901,0.7775493388435321,0.737125748502994,0.82,1.93,1.1,3.16,0.8299999999999998,1.515,2.3400000000000003,1.645,19.0,47.0,57.0,17.0,16197450.0,K,K,Ag,La,Cl,A2B1B2X6,mp_all,1,0.0,1,3.4632,indirect,Labeled_from_MP_all_A2BBX6,Materials Project,mp-clhrt,K2LaAgCl6,3.4632,False,False,0.079097502,False,1.0,
K2AuLaCl6,0,1.0,1.0,1.0,3.0,-1.0,1.52,1.51,1.172,1.67,1.341,0.3380000000000001,3.19,3.011,0.7491433517054421,0.8029940119760479,0.82,2.54,1.1,3.16,1.44,1.82,2.3400000000000003,1.34,19.0,79.0,57.0,17.0,50267850.0,K,K,Au,La,Cl,A2B1B2X6,mp_all,1,0.0,1,2.324,indirect,Labeled_from_MP_all_A2BBX6,Materials Project,mp-clhpp,K2LaAuCl6,2.324,False,False,0.178900773,False,1.0,oxidation state not guessed
K2CuLaCl6,0,1.0,1.0,1.0,3.0,-1.0,1.52,0.91,1.172,1.67,1.041,0.2619999999999999,3.19,2.711,0.8320437594928389,0.6233532934131736,0.82,1.9,1.1,3.16,0.7999999999999998,1.5,2.3400000000000003,1.66,19.0,29.0,57.0,17.0,12025050.0,K,K,Cu,La,Cl,A2B1B2X6,mp_all,1,0.0,1,2.1254,indirect,Labeled_from_MP_all_A2BBX6,Materials Project,mp-clhic,K2LaCuCl6,2.1254,False,False,0.101633472,False,1.0,
K2LiBiBr6,0,1.0,1.0,1.0,3.0,-1.0,1.52,0.9,1.17,1.82,1.035,0.2699999999999999,3.34,2.855,0.8272282483933691,0.5686813186813187,0.82,0.98,2.02,2.96,1.04,1.5,2.14,1.46,19.0,3.0,83.0,35.0,56722794.0,K,K,Li,Bi,Br,A2B1B2X6,mp_all,1,0.0,1,2.9174,indirect,Labeled_from_MP_all_A2BBX6,Materials Project,mp-clfja,K2LiBiBr6,2.9174,False,False,0.040128529,False,1.0,
K2LiBiCl6,0,1.0,1.0,1.0,3.0,-1.0,1.52,0.9,1.17,1.67,1.035,0.2699999999999999,3.19,2.705,0.8338893279057621,0.6197604790419161,0.82,0.98,2.02,3.16,1.04,1.5,2.3400000000000003,1.66,19.0,3.0,83.0,17.0,48220170.0,K,K,Li,Bi,Cl,A2B1B2X6,mp_all,1,1.0,1,3.6182,indirect,Labeled_from_MP_all_A2BBX6,Materials Project,mp-clfht,K2LiBiCl6,3.6182,False,False,0.0,True,1.0,
K2LiBiI6,0,1.0,1.0,1.0,3.0,-1.0,1.52,0.9,1.17,2.06,1.035,0.2699999999999999,3.58,3.095,0.8179134981091568,0.5024271844660194,0.82,0.98,2.02,2.66,1.04,1.5,1.8400000000000003,1.16,19.0,3.0,83.0,53.0,95061930.0,K,K,Li,Bi,I,A2B1B2X6,mp_all,1,0.0,1,1.9247,indirect,Labeled_from_MP_all_A2BBX6,Materials Project,mp-clfkn,K2LiBiI6,1.9247,False,False,0.078309454,False,1.0,
K2LiCeBr6,0,1.0,1.0,1.0,3.0,-1.0,1.52,0.9,1.15,1.82,1.025,0.2499999999999999,3.34,2.845,0.8301359048024846,0.5631868131868131,0.82,0.98,1.12,2.96,0.1400000000000001,1.05,2.14,1.91,19.0,3.0,58.0,35.0,20580969.0,K,K,Li,Ce,Br,A2B1B2X6,mp_all,1,0.0,1,0.2916,indirect,Labeled_from_MP_all_A2BBX6,Materials Project,mp-clfsc,K2LiCeBr6,0.2916,False,False,0.058168228,False,1.0,
K2LiCeCl6,0,1.0,1.0,1.0,3.0,-1.0,1.52,0.9,1.15,1.67,1.025,0.2499999999999999,3.19,2.695,0.8369835369146889,0.6137724550898204,0.82,0.98,1.12,3.16,0.1400000000000001,1.05,2.3400000000000003,2.1100000000000003,19.0,3.0,58.0,17.0,12078345.0,K,K,Li,Ce,Cl,A2B1B2X6,mp_all,1,0.0,1,0.3231,indirect,Labeled_from_MP_all_A2BBX6,Materials Project,mp-clgmt,K2LiCeCl6,0.3231,False,False,0.057468141,False,1.0,
K2LiCeI6,0,1.0,1.0,1.0,3.0,-1.0,1.52,0.9,1.15,2.06,1.025,0.2499999999999999,3.58,3.085,0.8205647574223145,0.4975728155339805,0.82,0.98,1.12,2.66,0.1400000000000001,1.05,1.8400000000000003,1.61,19.0,3.0,58.0,53.0,58920105.0,K,K,Li,Ce,I,A2B1B2X6,mp_all,1,0.0,1,0.2548,indirect,Labeled_from_MP_all_A2BBX6,Materials Project,mp-clgms,K2LiCeI6,0.2548,False,False,0.073678581,False,1.0,
K2LiDyCl6,1,1.0,1.0,1.0,3.0,-1.0,1.52,0.9,1.052,1.67,0.976,0.152,3.19,2.646,0.8524832320427387,0.5844311377245509,0.82,0.98,1.22,3.16,0.24,1.1,2.3400000000000003,2.06,19.0,3.0,66.0,17.0,19736585.0,K,K,Li,Dy,Cl,A2B1B2X6,mp_all,1,0.0,1,5.0198,direct,Labeled_from_MP_all_A2BBX6,Materials Project,mp-clfwt,K2LiDyCl6,5.0198,True,False,0.025919943,False,1.0,
K2LiErCl6,1,1.0,1.0,1.0,3.0,-1.0,1.52,0.9,1.03,1.67,0.965,0.13,3.19,2.635,0.856041985573088,0.5778443113772456,0.82,0.98,1.24,3.16,0.26,1.11,2.3400000000000003,2.0500000000000003,19.0,3.0,68.0,17.0,22143225.0,K,K,Li,Er,Cl,A2B1B2X6,mp_all,1,0.0,1,5.0496,direct,Labeled_from_MP_all_A2BBX6,Materials Project,mp-clfwq,K2LiErCl6,5.0496,True,False,0.020663619,False,1.0,
K2LiGdCl6,1,1.0,1.0,1.0,3.0,-1.0,1.52,0.9,1.075,1.67,0.9875,0.1749999999999999,3.19,2.6575,0.8487942171157429,0.5913173652694611,0.82,0.98,1.2,3.16,0.2199999999999999,1.09,2.3400000000000003,2.0700000000000003,19.0,3.0,64.0,17.0,17539065.0,K,K,Li,Gd,Cl,A2B1B2X6,mp_all,1,0.0,1,2.8434,direct,Labeled_from_MP_all_A2BBX6,Materials Project,mp-clgmr,K2LiGdCl6,2.8434,True,False,0.036905918,False,1.0,
K2LiInCl6,1,1.0,1.0,1.0,3.0,-1.0,1.52,0.9,0.94,1.67,0.92,0.0399999999999999,3.19,2.59,0.8709153019247438,0.5508982035928144,0.82,0.98,1.78,3.16,0.8,1.38,2.3400000000000003,1.7800000000000002,19.0,3.0,49.0,17.0,6526650.0,K,K,Li,In,Cl,A2B1B2X6,mp_all,1,0.0,1,2.865,direct,Labeled_from_MP_all_A2BBX6,Materials Project,mp-clgmq,K2LiInCl6,2.865,True,False,0.015773579,False,1.0,
K2LiLaCl6,1,1.0,1.0,1.0,3.0,-1.0,1.52,0.9,1.172,1.67,1.036,0.2719999999999999,3.19,2.706,0.8335811648134096,0.6203592814371258,0.82,0.98,1.1,3.16,0.1200000000000001,1.04,2.3400000000000003,2.12,19.0,3.0,57.0,17.0,11317850.0,K,K,Li,La,Cl,A2B1B2X6,mp_all,1,0.0,1,4.554,direct,Labeled_from_MP_all_A2BBX6,Materials Project,mp-clfwr,K2LiLaCl6,4.554,True,False,0.071885849,False,1.0,
K2LiLuCl6,1,1.0,1.0,1.0,3.0,-1.0,1.52,0.9,1.001,1.67,0.9505,0.1009999999999998,3.19,2.6205,0.8607787185594682,0.5691616766467066,0.82,0.98,1.27,3.16,0.29,1.125,2.3400000000000003,2.035,19.0,3.0,71.0,17.0,26173530.0,K,K,Li,Lu,Cl,A2B1B2X6,mp_all,1,1.0,1,5.0952,direct,Labeled_from_MP_all_A2BBX6,Materials Project,mp-clfrq,K2LiLuCl6,5.0952,True,False,0.0,True,1.0,
K2LiMoBr6,1,1.0,1.0,1.0,3.0,-1.0,1.52,0.9,0.83,1.82,0.865,0.07,3.34,2.685,0.8796039661687406,0.4752747252747252,0.82,0.98,2.16,2.96,1.1800000000000002,1.57,2.14,1.39,19.0,3.0,42.0,35.0,12376169.0,K,K,Li,Mo,Br,A2B1B2X6,mp_all,1,0.0,1,1.2722,direct,Labeled_from_MP_all_A2BBX6,Materials Project,mp-clfhs,K2LiMoBr6,1.2722,True,False,0.055488526,False,1.0,
K2LiMoCl6,0,1.0,1.0,1.0,3.0,-1.0,1.52,0.9,0.83,1.67,0.865,0.07,3.19,2.535,0.8898109001913556,0.5179640718562875,0.82,0.98,2.16,3.16,1.1800000000000002,1.57,2.3400000000000003,1.59,19.0,3.0,42.0,17.0,3873545.0,K,K,Li,Mo,Cl,A2B1B2X6,mp_all,1,0.0,1,1.4862,indirect,Labeled_from_MP_all_A2BBX6,Materials Project,mp-clfhf,K2LiMoCl6,1.4862,False,False,0.037877212,False,1.0,
K2LiMoI6,1,1.0,1.0,1.0,3.0,-1.0,1.52,0.9,0.83,2.06,0.865,0.07,3.58,2.925,0.8654503509907147,0.4199029126213592,0.82,0.98,2.16,2.66,1.1800000000000002,1.57,1.8400000000000003,1.09,19.0,3.0,42.0,53.0,50715305.0,K,K,Li,Mo,I,A2B1B2X6,mp_all,1,0.0,1,0.974,direct,Labeled_from_MP_all_A2BBX6,Materials Project,mp-clfkm,K2LiMoI6,0.974,True,False,0.090326106,False,1.0,
K2LiNdBr6,1,1.0,1.0,1.0,3.0,-1.0,1.52,0.9,1.123,1.82,1.0115,0.2229999999999999,3.34,2.8315,0.8340938192347054,0.5557692307692308,0.82,0.98,1.14,2.96,0.1599999999999999,1.06,2.14,1.9,19.0,3.0,60.0,35.0,22224473.0,K,K,Li,Nd,Br,A2B1B2X6,mp_all,1,0.0,1,3.973,direct,Labeled_from_MP_all_A2BBX6,Materials Project,mp-clfiz,K2LiNdBr6,3.973,True,False,0.062297647,False,1.0,
K2LiNdCl6,1,1.0,1.0,1.0,3.0,-1.0,1.52,0.9,1.123,1.67,1.0115,0.2229999999999999,3.19,2.6815,0.8411973268637281,0.6056886227544911,0.82,0.98,1.14,3.16,0.1599999999999999,1.06,2.3400000000000003,2.1,19.0,3.0,60.0,17.0,13721849.0,K,K,Li,Nd,Cl,A2B1B2X6,mp_all,1,0.0,1,4.8605,direct,Labeled_from_MP_all_A2BBX6,Materials Project,mp-clfhr,K2LiNdCl6,4.8605,True,False,0.062181095,False,1.0,
K2LiNdI6,1,1.0,1.0,1.0,3.0,-1.0,1.52,0.9,1.123,2.06,1.0115,0.2229999999999999,3.58,3.0715000000000003,0.8241713419006479,0.4910194174757282,0.82,0.98,1.14,2.66,0.1599999999999999,1.06,1.8400000000000003,1.6,19.0,3.0,60.0,53.0,60563609.0,K,K,Li,Nd,I,A2B1B2X6,mp_all,1,0.0,1,2.9488,direct,Labeled_from_MP_all_A2BBX6,Materials Project,mp-clfkl,K2LiNdI6,2.9488,True,False,0.069774855,False,1.0,
K2LiPrBr6,1,1.0,1.0,1.0,3.0,-1.0,1.52,0.9,1.13,1.82,1.015,0.2299999999999998,3.34,2.835,0.83306407377886,0.5576923076923076,0.82,0.98,1.13,2.96,0.1499999999999999,1.055,2.14,1.905,19.0,3.0,59.0,35.0,21381834.0,K,K,Li,Pr,Br,A2B1B2X6,mp_all,1,0.0,1,3.9531,direct,Labeled_from_MP_all_A2BBX6,Materials Project,mp-clfiy,K2LiPrBr6,3.9531,True,False,0.068903642,False,1.0,
K2LiPrCl6,1,1.0,1.0,1.0,3.0,-1.0,1.52,0.9,1.13,1.67,1.015,0.2299999999999998,3.19,2.685,0.840100794035414,0.6077844311377245,0.82,0.98,1.13,3.16,0.1499999999999999,1.055,2.3400000000000003,2.1050000000000004,19.0,3.0,59.0,17.0,12879210.0,K,K,Li,Pr,Cl,A2B1B2X6,mp_all,1,0.0,1,4.8264,direct,Labeled_from_MP_all_A2BBX6,Materials Project,mp-clfhq,K2LiPrCl6,4.8264,True,False,0.069686382,False,1.0,
K2LiPrI6,1,1.0,1.0,1.0,3.0,-1.0,1.52,0.9,1.13,2.06,1.015,0.2299999999999998,3.58,3.075,0.8232332606984846,0.4927184466019417,0.82,0.98,1.13,2.66,0.1499999999999999,1.055,1.8400000000000003,1.6050000000000002,19.0,3.0,59.0,53.0,59720970.0,K,K,Li,Pr,I,A2B1B2X6,mp_all,1,0.0,1,2.9382,direct,Labeled_from_MP_all_A2BBX6,Materials Project,mp-clfkk,K2LiPrI6,2.9382,True,False,0.07557773,False,1.0,
K2LiSbBr6,0,1.0,1.0,1.0,3.0,-1.0,1.52,0.9,0.9,1.82,0.9,0.0,3.34,2.72,0.8682855327805398,0.4945054945054945,0.82,0.98,2.05,2.96,1.0699999999999998,1.515,2.14,1.445,19.0,3.0,51.0,35.0,16029674.0,K,K,Li,Sb,Br,A2B1B2X6,mp_all,1,0.0,1,2.3188,indirect,Labeled_from_MP_all_A2BBX6,Materials Project,mp-clfix,K2LiSbBr6,2.3188,False,False,0.024960146,False,1.0,
K2LiSbCl6,0,1.0,1.0,1.0,3.0,-1.0,1.52,0.9,0.9,1.67,0.9,0.0,3.19,2.57,0.877692852912485,0.5389221556886228,0.82,0.98,2.05,3.16,1.0699999999999998,1.515,2.3400000000000003,1.6450000000000002,19.0,3.0,51.0,17.0,7527050.0,K,K,Li,Sb,Cl,A2B1B2X6,mp_all,1,0.0,1,2.9339,indirect,Labeled_from_MP_all_A2BBX6,Materials Project,mp-clfhp,K2LiSbCl6,2.9339,False,False,0.039365219,False,1.0,
K2LiSbI6,0,1.0,1.0,1.0,3.0,-1.0,1.52,0.9,0.9,2.06,0.9,0.0,3.58,2.96,0.855216985354,0.4368932038834951,0.82,0.98,2.05,2.66,1.0699999999999998,1.515,1.8400000000000003,1.1450000000000002,19.0,3.0,51.0,53.0,54368810.0,K,K,Li,Sb,I,A2B1B2X6,mp_all,1,0.0,1,1.7108,indirect,Labeled_from_MP_all_A2BBX6,Materials Project,mp-clfkj,K2LiSbI6,1.7108,False,False,0.073728096,False,1.0,
K2LiScCl6,1,1.0,1.0,1.0,3.0,-1.0,1.52,0.9,0.885,1.67,0.8925000000000001,0.015,3.19,2.5625,0.8802617100429605,0.534431137724551,0.82,0.98,1.36,3.16,0.3800000000000001,1.17,2.3400000000000003,1.99,19.0,3.0,21.0,17.0,956330.0,K,K,Li,Sc,Cl,A2B1B2X6,mp_all,1,0.0,1,3.7414,direct,Labeled_from_MP_all_A2BBX6,Materials Project,mp-clgwq,K2LiScCl6,3.7414,True,False,0.008983276,False,1.0,
K2LiSmCl6,1,1.0,1.0,1.0,3.0,-1.0,1.52,0.9,1.098,1.67,0.999,0.198,3.19,2.669,0.8451369921262969,0.5982035928143713,0.82,0.98,1.17,3.16,0.1899999999999999,1.075,2.3400000000000003,2.085,19.0,3.0,62.0,17.0,15538185.0,K,K,Li,Sm,Cl,A2B1B2X6,mp_all,1,0.0,1,4.9171,direct,Labeled_from_MP_all_A2BBX6,Materials Project,mp-clfwe,K2LiSmCl6,4.9171,True,False,0.049609306,False,1.0,
K2LiTbCl6,1,1.0,1.0,1.0,3.0,-1.0,1.52,0.9,1.063,1.67,0.9815,0.1629999999999999,3.19,2.6515,0.8507149281482507,0.5877245508982036,0.82,0.98,1.1,3.16,0.1200000000000001,1.04,2.3400000000000003,2.12,19.0,3.0,65.0,17.0,18612474.0,K,K,Li,Tb,Cl,A2B1B2X6,mp_all,1,0.0,1,4.9973,direct,Labeled_from_MP_all_A2BBX6,Materials Project,mp-clfho,K2LiTbCl6,4.9973,True,False,0.032632476,False,1.0,
K2LiTlBr6,1,1.0,1.0,1.0,3.0,-1.0,1.52,0.9,1.025,1.82,0.9625,0.1249999999999998,3.34,2.7825,0.8487822638501594,0.5288461538461537,0.82,0.98,1.62,2.96,0.6400000000000001,1.3,2.14,1.66,19.0,3.0,81.0,35.0,52311194.0,K,K,Li,Tl,Br,A2B1B2X6,mp_all,1,0.0,1,0.5593,direct,Labeled_from_MP_all_A2BBX6,Materials Project,mp-clfwc,K2LiTlBr6,0.5593,True,False,0.069473285,False,1.0,
K2LiTlCl6,1,1.0,1.0,1.0,3.0,-1.0,1.52,0.9,1.025,1.67,0.9625,0.1249999999999998,3.19,2.6325,0.8568549409250091,0.5763473053892215,0.82,0.98,1.62,3.16,0.6400000000000001,1.3,2.3400000000000003,1.86,19.0,3.0,81.0,17.0,43808570.0,K,K,Li,Tl,Cl,A2B1B2X6,mp_all,1,0.0,1,1.5798,direct,Labeled_from_MP_all_A2BBX6,Materials Project,mp-clgme,K2LiTlCl6,1.5798,True,False,0.037746588,False,1.0,
K2LiTmCl6,1,1.0,1.0,1.0,3.0,-1.0,1.52,0.9,1.02,1.67,0.96,0.12,3.19,2.63,0.8576694418194245,0.5748502994011976,0.82,0.98,1.25,3.16,0.27,1.115,2.3400000000000003,2.045,19.0,3.0,69.0,17.0,23428970.0,K,K,Li,Tm,Cl,A2B1B2X6,mp_all,1,0.0,1,5.0647,direct,Labeled_from_MP_all_A2BBX6,Materials Project,mp-clgmb,K2LiTmCl6,5.0647,True,False,0.015268235,False,1.0,
K2LiYBr6,1,1.0,1.0,1.0,3.0,-1.0,1.52,0.9,1.04,1.82,0.97,0.14,3.34,2.79,0.846500591097874,0.532967032967033,0.82,0.98,1.22,2.96,0.24,1.1,2.14,1.86,19.0,3.0,39.0,35.0,11577914.0,K,K,Li,Y,Br,A2B1B2X6,mp_all,1,0.0,1,4.036,direct,Labeled_from_MP_all_A2BBX6,Materials Project,mp-clfiw,K2LiYBr6,4.036,True,False,0.023624169,False,1.0,
K2LiYCl6,1,1.0,1.0,1.0,3.0,-1.0,1.52,0.9,1.04,1.67,0.97,0.14,3.19,2.64,0.854420693933745,0.5808383233532934,0.82,0.98,1.22,3.16,0.24,1.1,2.3400000000000003,2.06,19.0,3.0,39.0,17.0,3075290.0,K,K,Li,Y,Cl,A2B1B2X6,mp_all,1,0.0,1,4.9248,direct,Labeled_from_MP_all_A2BBX6,Materials Project,mp-clfhn,K2LiYCl6,4.9248,True,False,0.026136443,False,1.0,
K2LiYI6,1,1.0,1.0,1.0,3.0,-1.0,1.52,0.9,1.04,2.06,0.97,0.14,3.58,3.03,0.8354594972435115,0.4708737864077669,0.82,0.98,1.22,2.66,0.24,1.1,1.8400000000000003,1.56,19.0,3.0,39.0,53.0,49917050.0,K,K,Li,Y,I,A2B1B2X6,mp_all,1,0.0,1,2.9702,direct,Labeled_from_MP_all_A2BBX6,Materials Project,mp-clfki,K2LiYI6,2.9702,True,False,0.061759065,False,1.0,
K2AgLuCl6,0,1.0,1.0,1.0,3.0,-1.0,1.52,1.29,1.001,1.67,1.1455,0.2890000000000001,3.19,2.8155,0.8011616522767133,0.6859281437125748,0.82,1.93,1.27,3.16,0.6599999999999999,1.6,2.3400000000000003,1.56,19.0,47.0,71.0,17.0,31053130.0,K,K,Ag,Lu,Cl,A2B1B2X6,mp_all,1,1.0,1,3.6296,indirect,Labeled_from_MP_all_A2BBX6,Materials Project,mp-clgys,K2LuAgCl6,3.6296,False,False,0.0,True,1.0,
K2AuLuCl6,0,1.0,1.0,1.0,3.0,-1.0,1.52,1.51,1.001,1.67,1.2555,0.5090000000000001,3.19,2.9255,0.7710376455255807,0.7517964071856288,0.82,2.54,1.27,3.16,1.27,1.905,2.3400000000000003,1.255,19.0,79.0,71.0,17.0,65123530.0,K,K,Au,Lu,Cl,A2B1B2X6,mp_all,1,0.0,1,2.0732,indirect,Labeled_from_MP_all_A2BBX6,Materials Project,mp-clhbu,K2LuAuCl6,2.0732,False,False,0.081265949,False,1.0,oxidation state not guessed
K2CuLuCl6,0,1.0,1.0,1.0,3.0,-1.0,1.52,0.91,1.001,1.67,0.9555,0.0909999999999998,3.19,2.6255,0.8591394522891208,0.5721556886227546,0.82,1.9,1.27,3.16,0.6299999999999999,1.585,2.3400000000000003,1.5750000000000002,19.0,29.0,71.0,17.0,26880730.0,K,K,Cu,Lu,Cl,A2B1B2X6,mp_all,1,0.0,1,2.4709,indirect,Labeled_from_MP_all_A2BBX6,Materials Project,mp-clhib,K2LuCuCl6,2.4709,False,False,0.001292204,False,1.0,
K2NaAlCl6,1,1.0,1.0,1.0,3.0,-1.0,1.52,1.16,0.675,1.67,0.9175,0.4849999999999999,3.19,2.5875,0.8717567659845744,0.5494011976047904,0.82,0.93,1.61,3.16,0.68,1.27,2.3400000000000003,1.89,19.0,11.0,13.0,17.0,804970.0,K,K,Na,Al,Cl,A2B1B2X6,mp_all,1,0.0,1,4.3079,direct,Labeled_from_MP_all_A2BBX6,Materials Project,mp-clglw,K2NaAlCl6,4.3079,True,False,0.052888509,False,1.0,
K2NaAsBr6,0,1.0,1.0,1.0,3.0,-1.0,1.52,1.16,0.72,1.82,0.94,0.4399999999999999,3.34,2.76,0.8557016844793727,0.5164835164835164,0.82,0.93,2.18,2.96,1.25,1.5550000000000002,2.14,1.4049999999999998,19.0,11.0,33.0,35.0,10464954.0,K,K,Na,As,Br,A2B1B2X6,mp_all,1,0.0,1,2.5764,indirect,Labeled_from_MP_all_A2BBX6,Materials Project,mp-clfwa,K2NaAsBr6,2.5764,False,False,0.045854714,False,1.0,
K2NaAsCl6,0,1.0,1.0,1.0,3.0,-1.0,1.52,1.16,0.72,1.67,0.94,0.4399999999999999,3.19,2.61,0.8642416214502248,0.562874251497006,0.82,0.93,2.18,3.16,1.25,1.5550000000000002,2.3400000000000003,1.605,19.0,11.0,33.0,17.0,1962330.0,K,K,Na,As,Cl,A2B1B2X6,mp_all,1,0.0,1,3.145,indirect,Labeled_from_MP_all_A2BBX6,Materials Project,mp-clglv,K2NaAsCl6,3.145,False,False,0.033360808,False,1.0,
K2NaBiBr6,0,1.0,1.0,1.0,3.0,-1.0,1.52,1.16,1.17,1.82,1.165,0.01,3.34,2.9850000000000003,0.7912015575085655,0.6401098901098901,0.82,0.93,2.02,2.96,1.09,1.475,2.14,1.485,19.0,11.0,83.0,35.0,56737354.0,K,K,Na,Bi,Br,A2B1B2X6,mp_all,1,0.0,1,3.1276,indirect,Labeled_from_MP_all_A2BBX6,Materials Project,mp-clfiv,K2NaBiBr6,3.1276,False,False,0.043353953,False,1.0,
K2NaBiCl6,0,1.0,1.0,1.0,3.0,-1.0,1.52,1.16,1.17,1.67,1.165,0.01,3.19,2.835,0.7956510165732227,0.6976047904191617,0.82,0.93,2.02,3.16,1.09,1.475,2.3400000000000003,1.685,19.0,11.0,83.0,17.0,48234730.0,K,K,Na,Bi,Cl,A2B1B2X6,mp_all,1,1.0,1,3.7886,indirect,Labeled_from_MP_all_A2BBX6,Materials Project,mp-clfiu,K2NaBiCl6,3.7886,False,False,0.0,True,1.0,
K2NaBiI6,0,1.0,1.0,1.0,3.0,-1.0,1.52,1.16,1.17,2.06,1.165,0.01,3.58,3.225,0.7849433415962294,0.5655339805825242,0.82,0.93,2.02,2.66,1.09,1.475,1.8400000000000003,1.185,19.0,11.0,83.0,53.0,95076490.0,K,K,Na,Bi,I,A2B1B2X6,mp_all,1,0.0,1,2.1103,indirect,Labeled_from_MP_all_A2BBX6,Materials Project,mp-clfll,K2NaBiI6,2.1103,False,False,0.080380875,False,1.0,
K2NaCeBr6,0,1.0,1.0,1.0,3.0,-1.0,1.52,1.16,1.15,1.82,1.1549999999999998,0.01,3.34,2.975,0.793861058542208,0.6346153846153845,0.82,0.93,1.12,2.96,0.19,1.025,2.14,1.935,19.0,11.0,58.0,35.0,20595529.0,K,K,Na,Ce,Br,A2B1B2X6,mp_all,1,0.0,1,0.3152,indirect,Labeled_from_MP_all_A2BBX6,Materials Project,mp-clfkh,K2NaCeBr6,0.3152,False,False,0.062775062,False,1.0,
K2NaCeCl6,0,1.0,1.0,1.0,3.0,-1.0,1.52,1.16,1.15,1.67,1.1549999999999998,0.01,3.19,2.825,0.7984674803487032,0.6916167664670658,0.82,0.93,1.12,3.16,0.19,1.025,2.3400000000000003,2.135,19.0,11.0,58.0,17.0,12092905.0,K,K,Na,Ce,Cl,A2B1B2X6,mp_all,1,0.0,1,0.3201,indirect,Labeled_from_MP_all_A2BBX6,Materials Project,mp-clfit,K2NaCeCl6,0.3201,False,False,0.06045801,False,1.0,
K2NaCrCl6,1,1.0,1.0,1.0,3.0,-1.0,1.52,1.16,1.4,1.67,1.2799999999999998,0.24,3.19,2.95,0.7646341125373175,0.7664670658682634,0.82,0.93,1.66,3.16,0.7299999999999999,1.295,2.3400000000000003,1.865,19.0,11.0,24.0,17.0,1108185.0,K,K,Na,Cr,Cl,A2B1B2X6,mp_all,1,1.0,1,1.3875,direct,Labeled_from_MP_all_A2BBX6,Materials Project,mp-cqqkw,K2NaCrCl6,1.3875,True,False,0.0,True,1.0,
K2NaDyCl6,1,1.0,1.0,1.0,3.0,-1.0,1.52,1.16,1.052,1.67,1.106,0.1079999999999998,3.19,2.776,0.8125614668534173,0.6622754491017964,0.82,0.93,1.22,3.16,0.2899999999999999,1.075,2.3400000000000003,2.085,19.0,11.0,66.0,17.0,19751145.0,K,K,Na,Dy,Cl,A2B1B2X6,mp_all,1,0.0,1,4.9377,direct,Labeled_from_MP_all_A2BBX6,Materials Project,mp-clgls,K2NaDyCl6,4.9377,True,False,0.027809475,False,1.0,
K2NaErCl6,1,1.0,1.0,1.0,3.0,-1.0,1.52,1.16,1.03,1.67,1.095,0.1299999999999999,3.19,2.765,0.8157940802839373,0.655688622754491,0.82,0.93,1.24,3.16,0.3099999999999999,1.085,2.3400000000000003,2.075,19.0,11.0,68.0,17.0,22157785.0,K,K,Na,Er,Cl,A2B1B2X6,mp_all,1,0.0,1,4.9656,direct,Labeled_from_MP_all_A2BBX6,Materials Project,mp-clglr,K2NaErCl6,4.9656,True,False,0.023496259,False,1.0,
K2NaGaBr6,1,1.0,1.0,1.0,3.0,-1.0,1.52,1.16,0.76,1.82,0.96,0.3999999999999999,3.34,2.78,0.8495455572529023,0.5274725274725275,0.82,0.93,1.81,2.96,0.88,1.37,2.14,1.59,19.0,11.0,31.0,35.0,10202554.0,K,K,Na,Ga,Br,A2B1B2X6,mp_all,1,0.0,1,1.6303,direct,Labeled_from_MP_all_A2BBX6,Materials Project,mp-clgll,K2NaGaBr6,1.6303,True,False,0.11452938,False,1.0,
K2NaGaCl6,1,1.0,1.0,1.0,3.0,-1.0,1.52,1.16,0.76,1.67,0.96,0.3999999999999999,3.19,2.63,0.8576694418194245,0.5748502994011976,0.82,0.93,1.81,3.16,0.88,1.37,2.3400000000000003,1.79,19.0,11.0,31.0,17.0,1699930.0,K,K,Na,Ga,Cl,A2B1B2X6,mp_all,1,0.0,1,2.9202,direct,Labeled_from_MP_all_A2BBX6,Materials Project,mp-clfrr,K2NaGaCl6,2.9202,True,False,0.076634206,False,1.0,
K2NaGdCl6,1,1.0,1.0,1.0,3.0,-1.0,1.52,1.16,1.075,1.67,1.1175,0.0849999999999999,3.19,2.7875,0.8092091953309728,0.6691616766467066,0.82,0.93,1.2,3.16,0.2699999999999999,1.065,2.3400000000000003,2.095,19.0,11.0,64.0,17.0,17553625.0,K,K,Na,Gd,Cl,A2B1B2X6,mp_all,1,0.0,1,3.1345,direct,Labeled_from_MP_all_A2BBX6,Materials Project,mp-clfvu,K2NaGdCl6,3.1345,True,False,0.039368113,False,1.0,
K2NaInBr6,1,1.0,1.0,1.0,3.0,-1.0,1.52,1.16,0.94,1.82,1.0499999999999998,0.2199999999999999,3.34,2.87,0.8229047558059472,0.5769230769230768,0.82,0.93,1.78,2.96,0.85,1.355,2.14,1.605,19.0,11.0,49.0,35.0,15043834.0,K,K,Na,In,Br,A2B1B2X6,mp_all,1,0.0,1,2.0195,direct,Labeled_from_MP_all_A2BBX6,Materials Project,mp-clglk,K2NaInBr6,2.0195,True,False,0.055967704,False,1.0,
K2NaInCl6,1,1.0,1.0,1.0,3.0,-1.0,1.52,1.16,0.94,1.67,1.0499999999999998,0.2199999999999999,3.19,2.72,0.8292906735239289,0.6287425149700598,0.82,0.93,1.78,3.16,0.85,1.355,2.3400000000000003,1.805,19.0,11.0,49.0,17.0,6541210.0,K,K,Na,In,Cl,A2B1B2X6,mp_all,1,0.0,1,3.2151,direct,Labeled_from_MP_all_A2BBX6,Materials Project,mp-clfhm,K2NaInCl6,3.2151,True,False,0.029960393,False,1.0,
K2NaInI6,1,1.0,1.0,1.0,3.0,-1.0,1.52,1.16,0.94,2.06,1.0499999999999998,0.2199999999999999,3.58,3.11,0.8139685777002702,0.5097087378640776,0.82,0.93,1.78,2.66,0.85,1.355,1.8400000000000003,1.3050000000000002,19.0,11.0,49.0,53.0,53382970.0,K,K,Na,In,I,A2B1B2X6,mp_all,1,0.0,1,0.6835,direct,Labeled_from_MP_all_A2BBX6,Materials Project,mp-clfvr,K2NaInI6,0.6835,True,False,0.097179145,False,1.0,
K2NaLaCl6,1,1.0,1.0,1.0,3.0,-1.0,1.52,1.16,1.172,1.67,1.166,0.012,3.19,2.836,0.7953704626181546,0.6982035928143713,0.82,0.93,1.1,3.16,0.17,1.015,2.3400000000000003,2.145,19.0,11.0,57.0,17.0,11332410.0,K,K,Na,La,Cl,A2B1B2X6,mp_all,1,0.0,1,4.6105,direct,Labeled_from_MP_all_A2BBX6,Materials Project,mp-clfsd,K2NaLaCl6,4.6105,True,False,0.074568915,False,1.0,
K2NaLuCl6,1,1.0,1.0,1.0,3.0,-1.0,1.52,1.16,1.001,1.67,1.0804999999999998,0.159,3.19,2.7505,0.82009475803857,0.647005988023952,0.82,0.93,1.27,3.16,0.3399999999999999,1.1,2.3400000000000003,2.06,19.0,11.0,71.0,17.0,26188090.0,K,K,Na,Lu,Cl,A2B1B2X6,mp_all,1,1.0,1,5.0025,direct,Labeled_from_MP_all_A2BBX6,Materials Project,mp-clglj,K2NaLuCl6,5.0025,True,False,0.0,True,1.0,
K2NaMoBr6,1,1.0,1.0,1.0,3.0,-1.0,1.52,1.16,0.83,1.82,0.995,0.3299999999999999,3.34,2.815,0.8389828238589941,0.5467032967032966,0.82,0.93,2.16,2.96,1.23,1.5450000000000002,2.14,1.4149999999999998,19.0,11.0,42.0,35.0,12390729.0,K,K,Na,Mo,Br,A2B1B2X6,mp_all,1,0.0,1,1.4723,direct,Labeled_from_MP_all_A2BBX6,Materials Project,mp-clfis,K2NaMoBr6,1.4723,True,False,0.052746127,False,1.0,
K2NaMoCl6,0,1.0,1.0,1.0,3.0,-1.0,1.52,1.16,0.83,1.67,0.995,0.3299999999999999,3.19,2.665,0.8464054904259236,0.5958083832335329,0.82,0.93,2.16,3.16,1.23,1.5450000000000002,2.3400000000000003,1.615,19.0,11.0,42.0,17.0,3888105.0,K,K,Na,Mo,Cl,A2B1B2X6,mp_all,1,0.0,1,1.5542,indirect,Labeled_from_MP_all_A2BBX6,Materials Project,mp-clfhl,K2NaMoCl6,1.5542,False,False,0.034184043,False,1.0,
K2NaMoI6,1,1.0,1.0,1.0,3.0,-1.0,1.52,1.16,0.83,2.06,0.995,0.3299999999999999,3.58,3.055,0.8286226764804714,0.483009708737864,0.82,0.93,2.16,2.66,1.23,1.5450000000000002,1.8400000000000003,1.115,19.0,11.0,42.0,53.0,50729865.0,K,K,Na,Mo,I,A2B1B2X6,mp_all,1,0.0,1,1.0859,direct,Labeled_from_MP_all_A2BBX6,Materials Project,mp-clfkg,K2NaMoI6,1.0859,True,False,0.085968614,False,1.0,
K2NaNdBr6,1,1.0,1.0,1.0,3.0,-1.0,1.52,1.16,1.123,1.82,1.1415,0.0369999999999999,3.34,2.9615,0.7974798747807086,0.6271978021978022,0.82,0.93,1.14,2.96,0.2099999999999998,1.035,2.14,1.925,19.0,11.0,60.0,35.0,22239033.0,K,K,Na,Nd,Br,A2B1B2X6,mp_all,1,0.0,1,4.0009,direct,Labeled_from_MP_all_A2BBX6,Materials Project,mp-clfkf,K2NaNdBr6,4.0009,True,False,0.066040525,False,1.0,
K2NaNdCl6,1,1.0,1.0,1.0,3.0,-1.0,1.52,1.16,1.123,1.67,1.1415,0.0369999999999999,3.19,2.8115,0.8023014874569044,0.6835329341317365,0.82,0.93,1.14,3.16,0.2099999999999998,1.035,2.3400000000000003,2.125,19.0,11.0,60.0,17.0,13736409.0,K,K,Na,Nd,Cl,A2B1B2X6,mp_all,1,0.0,1,4.8337,direct,Labeled_from_MP_all_A2BBX6,Materials Project,mp-clfir,K2NaNdCl6,4.8337,True,False,0.064559755,False,1.0,
K2NaNdI6,1,1.0,1.0,1.0,3.0,-1.0,1.52,1.16,1.123,2.06,1.1415,0.0369999999999999,3.58,3.2015,0.7907050684516133,0.554126213592233,0.82,0.93,1.14,2.66,0.2099999999999998,1.035,1.8400000000000003,1.6250000000000002,19.0,11.0,60.0,53.0,60578169.0,K,K,Na,Nd,I,A2B1B2X6,mp_all,1,0.0,1,3.1158,direct,Labeled_from_MP_all_A2BBX6,Materials Project,mp-clflj,K2NaNdI6,3.1158,True,False,0.072313557,False,1.0,
K2NaPrBr6,1,1.0,1.0,1.0,3.0,-1.0,1.52,1.16,1.13,1.82,1.145,0.03,3.34,2.965,0.7965384988745594,0.6291208791208791,0.82,0.93,1.13,2.96,0.1999999999999998,1.03,2.14,1.93,19.0,11.0,59.0,35.0,21396394.0,K,K,Na,Pr,Br,A2B1B2X6,mp_all,1,0.0,1,3.9823,direct,Labeled_from_MP_all_A2BBX6,Materials Project,mp-clfke,K2NaPrBr6,3.9823,True,False,0.072792458,False,1.0,
K2NaPrCl6,1,1.0,1.0,1.0,3.0,-1.0,1.52,1.16,1.13,1.67,1.145,0.03,3.19,2.815,0.8013039545240094,0.6856287425149701,0.82,0.93,1.13,3.16,0.1999999999999998,1.03,2.3400000000000003,2.13,19.0,11.0,59.0,17.0,12893770.0,K,K,Na,Pr,Cl,A2B1B2X6,mp_all,1,0.0,1,4.7855,direct,Labeled_from_MP_all_A2BBX6,Materials Project,mp-clfiq,K2NaPrCl6,4.7855,True,False,0.072001981,False,1.0,
K2NaPrI6,1,1.0,1.0,1.0,3.0,-1.0,1.52,1.16,1.13,2.06,1.145,0.03,3.58,3.205,0.7898415839774852,0.5558252427184466,0.82,0.93,1.13,2.66,0.1999999999999998,1.03,1.8400000000000003,1.63,19.0,11.0,59.0,53.0,59735530.0,K,K,Na,Pr,I,A2B1B2X6,mp_all,1,0.0,1,3.1022,direct,Labeled_from_MP_all_A2BBX6,Materials Project,mp-clfli,K2NaPrI6,3.1022,True,False,0.078334508,False,1.0,
K2NaSbBr6,0,1.0,1.0,1.0,3.0,-1.0,1.52,1.16,0.9,1.82,1.03,0.2599999999999999,3.34,2.85,0.8286795260221294,0.5659340659340659,0.82,0.93,2.05,2.96,1.1199999999999997,1.49,2.14,1.47,19.0,11.0,51.0,35.0,16044234.0,K,K,Na,Sb,Br,A2B1B2X6,mp_all,1,0.0,1,2.5456,indirect,Labeled_from_MP_all_A2BBX6,Materials Project,mp-clfip,K2NaSbBr6,2.5456,False,False,0.028807363,False,1.0,
K2NaSbCl6,0,1.0,1.0,1.0,3.0,-1.0,1.52,1.16,0.9,1.67,1.03,0.2599999999999999,3.19,2.7,0.8354335674018838,0.6167664670658684,0.82,0.93,2.05,3.16,1.1199999999999997,1.49,2.3400000000000003,1.6700000000000002,19.0,11.0,51.0,17.0,7541610.0,K,K,Na,Sb,Cl,A2B1B2X6,mp_all,1,0.0,1,3.1323,indirect,Labeled_from_MP_all_A2BBX6,Materials Project,mp-clfio,K2NaSbCl6,3.1323,False,False,0.041590372,False,1.0,
K2NaSbI6,0,1.0,1.0,1.0,3.0,-1.0,1.52,1.16,0.9,2.06,1.03,0.2599999999999999,3.58,3.09,0.8192369827339289,0.5,0.82,0.93,2.05,2.66,1.1199999999999997,1.49,1.8400000000000003,1.1700000000000002,19.0,11.0,51.0,53.0,54383370.0,K,K,Na,Sb,I,A2B1B2X6,mp_all,1,0.0,1,2.0979,indirect,Labeled_from_MP_all_A2BBX6,Materials Project,mp-clflh,K2NaSbI6,2.0979,False,False,0.076764997,False,1.0,
K2NaScBr6,0,1.0,1.0,1.0,3.0,-1.0,1.52,1.16,0.885,1.82,1.0225,0.2749999999999999,3.34,2.8425,0.8308660155366995,0.5618131868131868,0.82,0.93,1.36,2.96,0.43,1.145,2.14,1.815,19.0,11.0,21.0,35.0,9473514.0,K,K,Na,Sc,Br,A2B1B2X6,mp_all,1,1.0,1,3.0952,indirect,Labeled_from_MP_all_A2BBX6,Materials Project,mp-clglt,K2NaScBr6,3.0952,False,False,0.0,True,1.0,
K2NaScCl6,1,1.0,1.0,1.0,3.0,-1.0,1.52,1.16,0.885,1.67,1.0225,0.2749999999999999,3.19,2.6925,0.8377606804030033,0.6122754491017964,0.82,0.93,1.36,3.16,0.43,1.145,2.3400000000000003,2.015,19.0,11.0,21.0,17.0,970890.0,K,K,Na,Sc,Cl,A2B1B2X6,mp_all,1,0.0,1,3.9133,direct,Labeled_from_MP_all_A2BBX6,Materials Project,mp-clgkr,K2NaScCl6,3.9133,True,False,0.010331375,False,1.0,
K2NaScI6,0,1.0,1.0,1.0,3.0,-1.0,1.52,1.16,0.885,2.06,1.0225,0.2749999999999999,3.58,3.0825,0.8212302600641816,0.4963592233009708,0.82,0.93,1.36,2.66,0.43,1.145,1.8400000000000003,1.515,19.0,11.0,21.0,53.0,47812650.0,K,K,Na,Sc,I,A2B1B2X6,mp_all,1,0.0,1,2.1954,indirect,Labeled_from_MP_all_A2BBX6,Materials Project,mp-clgko,K2NaScI6,2.1954,False,False,0.031965999,False,1.0,
K2NaSmCl6,1,1.0,1.0,1.0,3.0,-1.0,1.52,1.16,1.098,1.67,1.129,0.0619999999999998,3.19,2.799,0.8058844701625889,0.6760479041916168,0.82,0.93,1.17,3.16,0.2399999999999998,1.05,2.3400000000000003,2.1100000000000003,19.0,11.0,62.0,17.0,15552745.0,K,K,Na,Sm,Cl,A2B1B2X6,mp_all,1,0.0,1,4.8597,direct,Labeled_from_MP_all_A2BBX6,Materials Project,mp-clfvj,K2NaSmCl6,4.8597,True,False,0.051981337,False,1.0,
K2NaTbCl6,1,1.0,1.0,1.0,3.0,-1.0,1.52,1.16,1.063,1.67,1.1115,0.0969999999999999,3.19,2.7815,0.8109547481521073,0.6655688622754491,0.82,0.93,1.1,3.16,0.17,1.015,2.3400000000000003,2.145,19.0,11.0,65.0,17.0,18627034.0,K,K,Na,Tb,Cl,A2B1B2X6,mp_all,1,0.0,1,4.9113,direct,Labeled_from_MP_all_A2BBX6,Materials Project,mp-clgks,K2NaTbCl6,4.9113,True,False,0.034683109,False,1.0,
K2NaTlBr6,1,1.0,1.0,1.0,3.0,-1.0,1.52,1.16,1.025,1.82,1.0924999999999998,0.135,3.34,2.9125,0.8108967035753025,0.6002747252747251,0.82,0.93,1.62,2.96,0.6900000000000001,1.275,2.14,1.6849999999999998,19.0,11.0,81.0,35.0,52325754.0,K,K,Na,Tl,Br,A2B1B2X6,mp_all,1,0.0,1,1.0308,direct,Labeled_from_MP_all_A2BBX6,Materials Project,mp-clgvz,K2NaTlBr6,1.0308,True,False,0.071555402,False,1.0,
K2NaTlCl6,1,1.0,1.0,1.0,3.0,-1.0,1.52,1.16,1.025,1.67,1.0924999999999998,0.135,3.19,2.7625,0.8165323554697146,0.654191616766467,0.82,0.93,1.62,3.16,0.6900000000000001,1.275,2.3400000000000003,1.885,19.0,11.0,81.0,17.0,43823130.0,K,K,Na,Tl,Cl,A2B1B2X6,mp_all,1,0.0,1,1.9894,direct,Labeled_from_MP_all_A2BBX6,Materials Project,mp-clgkm,K2NaTlCl6,1.9894,True,False,0.036829457,False,1.0,
K2NaTlI6,0,1.0,1.0,1.0,3.0,-1.0,1.52,1.16,1.025,2.06,1.0924999999999998,0.135,3.58,3.1525,0.8029951710223124,0.5303398058252426,0.82,0.93,1.62,2.66,0.6900000000000001,1.275,1.8400000000000003,1.385,19.0,11.0,81.0,53.0,90664890.0,K,K,Na,Tl,I,A2B1B2X6,mp_all,1,0.0,1,0.0749,indirect,Labeled_from_MP_all_A2BBX6,Materials Project,mp-clfvi,K2NaTlI6,0.0749,False,False,0.128480883,False,1.0,
K2NaTmCl6,1,1.0,1.0,1.0,3.0,-1.0,1.52,1.16,1.02,1.67,1.09,0.1399999999999999,3.19,2.76,0.8172719681105386,0.652694610778443,0.82,0.93,1.25,3.16,0.3199999999999999,1.09,2.3400000000000003,2.0700000000000003,19.0,11.0,69.0,17.0,23443530.0,K,K,Na,Tm,Cl,A2B1B2X6,mp_all,1,0.0,1,4.9718,direct,Labeled_from_MP_all_A2BBX6,Materials Project,mp-clgkl,K2NaTmCl6,4.9718,True,False,0.018398819,False,1.0,
K2NaYBr6,1,1.0,1.0,1.0,3.0,-1.0,1.52,1.16,1.04,1.82,1.1,0.1199999999999998,3.34,2.92,0.8088139209462564,0.6043956043956045,0.82,0.93,1.22,2.96,0.2899999999999999,1.075,2.14,1.885,19.0,11.0,39.0,35.0,11592474.0,K,K,Na,Y,Br,A2B1B2X6,mp_all,1,0.0,1,4.0741,direct,Labeled_from_MP_all_A2BBX6,Materials Project,mp-clfim,K2NaYBr6,4.0741,True,False,0.026535425,False,1.0,
K2NaYCl6,1,1.0,1.0,1.0,3.0,-1.0,1.52,1.16,1.04,1.67,1.1,0.1199999999999998,3.19,2.77,0.8143215277924499,0.658682634730539,0.82,0.93,1.22,3.16,0.2899999999999999,1.075,2.3400000000000003,2.085,19.0,11.0,39.0,17.0,3089850.0,K,K,Na,Y,Cl,A2B1B2X6,mp_all,1,0.0,1,4.9526,direct,Labeled_from_MP_all_A2BBX6,Materials Project,mp-clfhk,K2NaYCl6,4.9526,True,False,0.027920028,False,1.0,
K2NaYI6,1,1.0,1.0,1.0,3.0,-1.0,1.52,1.16,1.04,2.06,1.1,0.1199999999999998,3.58,3.16,0.8010893280531138,0.5339805825242718,0.82,0.93,1.22,2.66,0.2899999999999999,1.075,1.8400000000000003,1.5850000000000002,19.0,11.0,39.0,53.0,49931610.0,K,K,Na,Y,I,A2B1B2X6,mp_all,1,0.0,1,3.1299,direct,Labeled_from_MP_all_A2BBX6,Materials Project,mp-clfgc,K2NaYI6,3.1299,True,False,0.063173375,False,1.0,
K2AgNdBr6,0,1.0,1.0,1.0,3.0,-1.0,1.52,1.29,1.123,1.82,1.2065,0.167,3.34,3.0265000000000004,0.7803524365316596,0.662912087912088,0.82,1.93,1.14,2.96,0.79,1.535,2.14,1.425,19.0,47.0,60.0,35.0,27104073.0,K,K,Ag,Nd,Br,A2B1B2X6,mp_all,1,0.0,1,3.2105,indirect,Labeled_from_MP_all_A2BBX6,Materials Project,mp-clfjo,K2NdAgBr6,3.2105,False,False,0.083596329,False,1.0,
K2AgNdCl6,0,1.0,1.0,1.0,3.0,-1.0,1.52,1.29,1.123,1.67,1.2065,0.167,3.19,2.8765,0.7841719561915822,0.7224550898203594,0.82,1.93,1.14,3.16,0.79,1.535,2.3400000000000003,1.6250000000000002,19.0,47.0,60.0,17.0,18601449.0,K,K,Ag,Nd,Cl,A2B1B2X6,mp_all,1,0.0,1,3.4986,indirect,Labeled_from_MP_all_A2BBX6,Materials Project,mp-clfjn,K2NdAgCl6,3.4986,False,False,0.071191652,False,1.0,
K2AgNdI6,0,1.0,1.0,1.0,3.0,-1.0,1.52,1.29,1.123,2.06,1.2065,0.167,3.58,3.2665,0.7749708485069156,0.5856796116504854,0.82,1.93,1.14,2.66,0.79,1.535,1.8400000000000003,1.1250000000000002,19.0,47.0,60.0,53.0,65443209.0,K,K,Ag,Nd,I,A2B1B2X6,mp_all,1,0.0,1,2.5576,indirect,Labeled_from_MP_all_A2BBX6,Materials Project,mp-clfkw,K2NdAgI6,2.5576,False,False,0.091035239,False,1.0,
K2AuNdCl6,0,1.0,1.0,1.0,3.0,-1.0,1.52,1.51,1.123,1.67,1.3165,0.387,3.19,2.9865,0.7552890112121502,0.7883233532934132,0.82,2.54,1.14,3.16,1.4,1.84,2.3400000000000003,1.3200000000000005,19.0,79.0,60.0,17.0,52671849.0,K,K,Au,Nd,Cl,A2B1B2X6,mp_all,1,0.0,1,2.2347,indirect,Labeled_from_MP_all_A2BBX6,Materials Project,mp-clhpm,K2NdAuCl6,2.2347,False,False,0.171188547,False,1.0,oxidation state not guessed
K2CuNdBr6,0,1.0,1.0,1.0,3.0,-1.0,1.52,0.91,1.123,1.82,1.0165,0.2129999999999999,3.34,2.8365,0.832623532227417,0.5585164835164834,0.82,1.9,1.14,2.96,0.76,1.52,2.14,1.44,19.0,29.0,60.0,35.0,22931673.0,K,K,Cu,Nd,Br,A2B1B2X6,mp_all,1,0.0,1,2.2312,indirect,Labeled_from_MP_all_A2BBX6,Materials Project,mp-clfjg,K2NdCuBr6,2.2312,False,False,0.097476447,False,1.0,
K2CuNdCl6,0,1.0,1.0,1.0,3.0,-1.0,1.52,0.91,1.123,1.67,1.0165,0.2129999999999999,3.19,2.6865,0.8396317260320442,0.608682634730539,0.82,1.9,1.14,3.16,0.76,1.52,2.3400000000000003,1.64,19.0,29.0,60.0,17.0,14429049.0,K,K,Cu,Nd,Cl,A2B1B2X6,mp_all,1,0.0,1,2.4258,indirect,Labeled_from_MP_all_A2BBX6,Materials Project,mp-clhhz,K2NdCuCl6,2.4258,False,False,0.094661741,False,1.0,
K2CuNdI6,0,1.0,1.0,1.0,3.0,-1.0,1.52,0.91,1.123,2.06,1.0165,0.2129999999999999,3.58,3.0765,0.8228318792939507,0.4934466019417475,0.82,1.9,1.14,2.66,0.76,1.52,1.8400000000000003,1.14,19.0,29.0,60.0,53.0,61270809.0,K,K,Cu,Nd,I,A2B1B2X6,mp_all,1,0.0,1,1.8245,indirect,Labeled_from_MP_all_A2BBX6,Materials Project,mp-clfkr,K2NdCuI6,1.8245,False,False,0.120445204,False,1.0,
K2AgPrBr6,0,1.0,1.0,1.0,3.0,-1.0,1.52,1.29,1.13,1.82,1.21,0.1600000000000001,3.34,3.03,0.7794510393277454,0.6648351648351648,0.82,1.93,1.13,2.96,0.8,1.5299999999999998,2.14,1.4300000000000002,19.0,47.0,59.0,35.0,26261434.0,K,K,Ag,Pr,Br,A2B1B2X6,mp_all,1,0.0,1,3.1831,indirect,Labeled_from_MP_all_A2BBX6,Materials Project,mp-clfjm,K2PrAgBr6,3.1831,False,False,0.089876523,False,1.0,
K2AgPrCl6,0,1.0,1.0,1.0,3.0,-1.0,1.52,1.29,1.13,1.67,1.21,0.1600000000000001,3.19,2.88,0.7832189694392662,0.7245508982035929,0.82,1.93,1.13,3.16,0.8,1.5299999999999998,2.3400000000000003,1.6300000000000003,19.0,47.0,59.0,17.0,17758810.0,K,K,Ag,Pr,Cl,A2B1B2X6,mp_all,1,0.0,1,3.4664,indirect,Labeled_from_MP_all_A2BBX6,Materials Project,mp-clfjl,K2PrAgCl6,3.4664,False,False,0.078301693,False,1.0,
K2AgPrI6,0,1.0,1.0,1.0,3.0,-1.0,1.52,1.29,1.13,2.06,1.21,0.1600000000000001,3.58,3.27,0.7741413690054557,0.587378640776699,0.82,1.93,1.13,2.66,0.8,1.5299999999999998,1.8400000000000003,1.1300000000000003,19.0,47.0,59.0,53.0,64600570.0,K,K,Ag,Pr,I,A2B1B2X6,mp_all,1,0.0,1,2.5488,indirect,Labeled_from_MP_all_A2BBX6,Materials Project,mp-clflm,K2PrAgI6,2.5488,False,False,0.096598854,False,1.0,
K2AuPrCl6,0,1.0,1.0,1.0,3.0,-1.0,1.52,1.51,1.13,1.67,1.3199999999999998,0.3800000000000001,3.19,2.99,0.7544048936404972,0.7904191616766466,0.82,2.54,1.13,3.16,1.41,1.835,2.3400000000000003,1.3250000000000002,19.0,79.0,59.0,17.0,51829210.0,K,K,Au,Pr,Cl,A2B1B2X6,mp_all,1,0.0,1,2.2392,indirect,Labeled_from_MP_all_A2BBX6,Materials Project,mp-clhpl,K2PrAuCl6,2.2392,False,False,0.178640836,False,1.0,oxidation state not guessed
K2CuPrBr6,0,1.0,1.0,1.0,3.0,-1.0,1.52,0.91,1.13,1.82,1.02,0.2199999999999998,3.34,2.84,0.8315974116771367,0.5604395604395604,0.82,1.9,1.13,2.96,0.77,1.515,2.14,1.445,19.0,29.0,59.0,35.0,22089034.0,K,K,Cu,Pr,Br,A2B1B2X6,mp_all,1,0.0,1,2.2293,indirect,Labeled_from_MP_all_A2BBX6,Materials Project,mp-clfjf,K2PrCuBr6,2.2293,False,False,0.103638353,False,1.0,
K2CuPrCl6,0,1.0,1.0,1.0,3.0,-1.0,1.52,0.91,1.13,1.67,1.02,0.2199999999999998,3.19,2.69,0.8385392683959428,0.6107784431137725,0.82,1.9,1.13,3.16,0.77,1.515,2.3400000000000003,1.6450000000000002,19.0,29.0,59.0,17.0,13586410.0,K,K,Cu,Pr,Cl,A2B1B2X6,mp_all,1,0.0,1,2.2912,indirect,Labeled_from_MP_all_A2BBX6,Materials Project,mp-clhhs,K2PrCuCl6,2.2912,False,False,0.102009443,False,1.0,
K2CuPrI6,0,1.0,1.0,1.0,3.0,-1.0,1.52,0.91,1.13,2.06,1.02,0.2199999999999998,3.58,3.08,0.8218968430674806,0.4951456310679611,0.82,1.9,1.13,2.66,0.77,1.515,1.8400000000000003,1.1450000000000002,19.0,29.0,59.0,53.0,60428170.0,K,K,Cu,Pr,I,A2B1B2X6,mp_all,1,0.0,1,1.8073,indirect,Labeled_from_MP_all_A2BBX6,Materials Project,mp-clfkq,K2PrCuI6,1.8073,False,False,0.125668815,False,1.0,
K2RbAlBr6,1,1.0,1.0,1.0,3.0,-1.0,1.52,1.66,0.675,1.82,1.1675,0.985,3.34,2.9875,0.7905394641550021,0.6414835164835164,0.82,0.82,1.61,2.96,0.7900000000000001,1.215,2.14,1.745,19.0,37.0,13.0,35.0,11167114.0,K,K,Rb,Al,Br,A2B1B2X6,mp_all,1,0.0,1,3.3626,direct,Labeled_from_MP_all_A2BBX6,Materials Project,mp-clgkn,K2RbAlBr6,3.3626,True,False,0.130753828,False,1.0,
K2RbAlCl6,1,1.0,1.0,1.0,3.0,-1.0,1.52,1.66,0.675,1.67,1.1675,0.985,3.19,2.8375,0.7949500024617046,0.6991017964071856,0.82,0.82,1.61,3.16,0.7900000000000001,1.215,2.3400000000000003,1.945,19.0,37.0,13.0,17.0,2664490.0,K,K,Rb,Al,Cl,A2B1B2X6,mp_all,1,0.0,1,4.487,direct,Labeled_from_MP_all_A2BBX6,Materials Project,mp-clgkj,K2RbAlCl6,4.487,True,False,0.110053936,False,1.0,
K2RbAlI6,1,1.0,1.0,1.0,3.0,-1.0,1.52,1.66,0.675,2.06,1.1675,0.985,3.58,3.2275,0.7843353297127312,0.566747572815534,0.82,0.82,1.61,2.66,0.7900000000000001,1.215,1.8400000000000003,1.445,19.0,37.0,13.0,53.0,49506250.0,K,K,Rb,Al,I,A2B1B2X6,mp_all,1,0.0,1,1.9161,direct,Labeled_from_MP_all_A2BBX6,Materials Project,mp-clgkg,K2RbAlI6,1.9161,True,False,0.130041106,False,1.0,
K2RbAsBr6,1,1.0,1.0,1.0,3.0,-1.0,1.52,1.66,0.72,1.82,1.19,0.94,3.34,3.01,0.7846301160010195,0.6538461538461537,0.82,0.82,2.18,2.96,1.3600000000000003,1.5,2.14,1.46,19.0,37.0,33.0,35.0,12324474.0,K,K,Rb,As,Br,A2B1B2X6,mp_all,1,0.0,1,3.0965,direct,Labeled_from_MP_all_A2BBX6,Materials Project,mp-clgkf,K2RbAsBr6,3.0965,True,False,0.08766954,False,1.0,
K2RbAsCl6,1,1.0,1.0,1.0,3.0,-1.0,1.52,1.66,0.72,1.67,1.19,0.94,3.19,2.86,0.7886960251696108,0.7125748502994012,0.82,0.82,2.18,3.16,1.3600000000000003,1.5,2.3400000000000003,1.66,19.0,37.0,33.0,17.0,3821850.0,K,K,Rb,As,Cl,A2B1B2X6,mp_all,1,0.0,1,3.4807,direct,Labeled_from_MP_all_A2BBX6,Materials Project,mp-clgqk,K2RbAsCl6,3.4807,True,False,0.080949941,False,1.0,
K2RbAsI6,0,1.0,1.0,1.0,3.0,-1.0,1.52,1.66,0.72,2.06,1.19,0.94,3.58,3.25,0.778905315891643,0.5776699029126213,0.82,0.82,2.18,2.66,1.3600000000000003,1.5,1.8400000000000003,1.16,19.0,37.0,33.0,53.0,50663610.0,K,K,Rb,As,I,A2B1B2X6,mp_all,1,0.0,1,2.3175,indirect,Labeled_from_MP_all_A2BBX6,Materials Project,mp-clgkc,K2RbAsI6,2.3175,False,False,0.116082279,False,1.0,
K2RbAuCl6,0,1.0,1.0,1.0,3.0,-1.0,1.52,1.66,0.99,1.67,1.325,0.6699999999999999,3.19,2.995,0.7531454530835012,0.7934131736526946,0.82,0.82,2.54,3.16,1.7200000000000002,1.68,2.3400000000000003,1.4800000000000002,19.0,37.0,79.0,17.0,41586010.0,K,K,Rb,Au,Cl,A2B1B2X6,mp_all,1,0.0,1,0.1648,indirect,Labeled_from_MP_all_A2BBX6,Materials Project,mp-clfsa,K2RbAuCl6,0.1648,False,False,0.202723081,False,1.0,
K2RbBiBr6,1,1.0,1.0,1.0,3.0,-1.0,1.52,1.66,1.17,1.82,1.415,0.49,3.34,3.2350000000000003,0.7300576968046579,0.7774725274725275,0.82,0.82,2.02,2.96,1.2000000000000002,1.42,2.14,1.54,19.0,37.0,83.0,35.0,58596874.0,K,K,Rb,Bi,Br,A2B1B2X6,mp_all,1,0.0,1,3.4181,direct,Labeled_from_MP_all_A2BBX6,Materials Project,mp-clfdo,K2RbBiBr6,3.4181,True,False,0.102537284,False,1.0,
K2RbBiCl6,0,1.0,1.0,1.0,3.0,-1.0,1.52,1.66,1.17,1.67,1.415,0.49,3.19,3.085,0.7311736246304981,0.847305389221557,0.82,0.82,2.02,3.16,1.2000000000000002,1.42,2.3400000000000003,1.7400000000000002,19.0,37.0,83.0,17.0,50094250.0,K,K,Rb,Bi,Cl,A2B1B2X6,mp_all,1,0.0,1,3.9638,indirect,Labeled_from_MP_all_A2BBX6,Materials Project,mp-clfdn,K2RbBiCl6,3.9638,False,False,0.041728654,False,1.0,
K2RbBiI6,0,1.0,1.0,1.0,3.0,-1.0,1.52,1.66,1.17,2.06,1.415,0.49,3.58,3.475,0.7284725975965007,0.6868932038834952,0.82,0.82,2.02,2.66,1.2000000000000002,1.42,1.8400000000000003,1.2400000000000002,19.0,37.0,83.0,53.0,96936010.0,K,K,Rb,Bi,I,A2B1B2X6,mp_all,1,0.0,1,2.6959,indirect,Labeled_from_MP_all_A2BBX6,Materials Project,mp-clfel,K2RbBiI6,2.6959,False,False,0.123383217,False,1.0,
K2RbCeBr6,0,1.0,1.0,1.0,3.0,-1.0,1.52,1.66,1.15,1.82,1.4049999999999998,0.51,3.34,3.225,0.7323214416009516,0.7719780219780218,0.82,0.82,1.12,2.96,0.3000000000000001,0.97,2.14,1.99,19.0,37.0,58.0,35.0,22455049.0,K,K,Rb,Ce,Br,A2B1B2X6,mp_all,1,0.0,1,0.3159,indirect,Labeled_from_MP_all_A2BBX6,Materials Project,mp-clfek,K2RbCeBr6,0.3159,False,False,0.114569235,False,1.0,
K2RbCeCl6,0,1.0,1.0,1.0,3.0,-1.0,1.52,1.66,1.15,1.67,1.4049999999999998,0.51,3.19,3.075,0.7335514250358005,0.841317365269461,0.82,0.82,1.12,3.16,0.3000000000000001,0.97,2.3400000000000003,2.1900000000000004,19.0,37.0,58.0,17.0,13952425.0,K,K,Rb,Ce,Cl,A2B1B2X6,mp_all,1,0.0,1,0.3325,indirect,Labeled_from_MP_all_A2BBX6,Materials Project,mp-clfdm,K2RbCeCl6,0.3325,False,False,0.115405641,False,1.0,
K2RbCeI6,0,1.0,1.0,1.0,3.0,-1.0,1.52,1.66,1.15,2.06,1.4049999999999998,0.51,3.58,3.465,0.7305749716155382,0.6820388349514562,0.82,0.82,1.12,2.66,0.3000000000000001,0.97,1.8400000000000003,1.6900000000000002,19.0,37.0,58.0,53.0,60794185.0,K,K,Rb,Ce,I,A2B1B2X6,mp_all,1,0.0,1,0.2794,indirect,Labeled_from_MP_all_A2BBX6,Materials Project,mp-clfej,K2RbCeI6,0.2794,False,False,0.119568011,False,1.0,
K2RbDyCl6,1,1.0,1.0,1.0,3.0,-1.0,1.52,1.66,1.052,1.67,1.356,0.6079999999999999,3.19,3.026,0.7454298188979136,0.8119760479041915,0.82,0.82,1.22,3.16,0.4,1.02,2.3400000000000003,2.14,19.0,37.0,66.0,17.0,21610665.0,K,K,Rb,Dy,Cl,A2B1B2X6,mp_all,1,0.0,1,4.5105,direct,Labeled_from_MP_all_A2BBX6,Materials Project,mp-clfvb,K2RbDyCl6,4.5105,True,False,0.092969625,False,1.0,
K2RbErCl6,1,1.0,1.0,1.0,3.0,-1.0,1.52,1.66,1.03,1.67,1.345,0.6299999999999999,3.19,3.015,0.7481494633449707,0.8053892215568862,0.82,0.82,1.24,3.16,0.42,1.03,2.3400000000000003,2.13,19.0,37.0,68.0,17.0,24017305.0,K,K,Rb,Er,Cl,A2B1B2X6,mp_all,1,0.0,1,4.5391,direct,Labeled_from_MP_all_A2BBX6,Materials Project,mp-clfvc,K2RbErCl6,4.5391,True,False,0.094911522,False,1.0,
K2RbGaBr6,1,1.0,1.0,1.0,3.0,-1.0,1.52,1.66,0.76,1.82,1.21,0.8999999999999999,3.34,3.03,0.7794510393277454,0.6648351648351648,0.82,0.82,1.81,2.96,0.99,1.315,2.14,1.645,19.0,37.0,31.0,35.0,12062074.0,K,K,Rb,Ga,Br,A2B1B2X6,mp_all,1,0.0,1,2.3254,direct,Labeled_from_MP_all_A2BBX6,Materials Project,mp-clfuz,K2RbGaBr6,2.3254,True,False,0.154790038,False,1.0,
K2RbGaCl6,1,1.0,1.0,1.0,3.0,-1.0,1.52,1.66,0.76,1.67,1.21,0.8999999999999999,3.19,2.88,0.7832189694392662,0.7245508982035929,0.82,0.82,1.81,3.16,0.99,1.315,2.3400000000000003,1.845,19.0,37.0,31.0,17.0,3559450.0,K,K,Rb,Ga,Cl,A2B1B2X6,mp_all,1,0.0,1,3.5572,direct,Labeled_from_MP_all_A2BBX6,Materials Project,mp-clgjw,K2RbGaCl6,3.5572,True,False,0.132451713,False,1.0,
K2RbGaI6,1,1.0,1.0,1.0,3.0,-1.0,1.52,1.66,0.76,2.06,1.21,0.8999999999999999,3.58,3.27,0.7741413690054557,0.587378640776699,0.82,0.82,1.81,2.66,0.99,1.315,1.8400000000000003,1.3450000000000002,19.0,37.0,31.0,53.0,50401210.0,K,K,Rb,Ga,I,A2B1B2X6,mp_all,1,0.0,1,0.9854,direct,Labeled_from_MP_all_A2BBX6,Materials Project,mp-clfxt,K2RbGaI6,0.9854,True,False,0.193957563,False,1.0,
K2RbGdCl6,1,1.0,1.0,1.0,3.0,-1.0,1.52,1.66,1.075,1.67,1.3675,0.585,3.19,3.0375,0.7426076154683413,0.8188622754491018,0.82,0.82,1.2,3.16,0.38,1.01,2.3400000000000003,2.1500000000000004,19.0,37.0,64.0,17.0,19413145.0,K,K,Rb,Gd,Cl,A2B1B2X6,mp_all,1,0.0,1,3.2314,direct,Labeled_from_MP_all_A2BBX6,Materials Project,mp-clfva,K2RbGdCl6,3.2314,True,False,0.094717834,False,1.0,
K2RbInBr6,1,1.0,1.0,1.0,3.0,-1.0,1.52,1.66,0.94,1.82,1.2999999999999998,0.72,3.34,3.12,0.7569668747317527,0.7142857142857142,0.82,0.82,1.78,2.96,0.96,1.3,2.14,1.66,19.0,37.0,49.0,35.0,16903354.0,K,K,Rb,In,Br,A2B1B2X6,mp_all,1,0.0,1,2.5232,direct,Labeled_from_MP_all_A2BBX6,Materials Project,mp-clfux,K2RbInBr6,2.5232,True,False,0.103929472,False,1.0,
K2RbInCl6,1,1.0,1.0,1.0,3.0,-1.0,1.52,1.66,0.94,1.67,1.2999999999999998,0.72,3.19,2.97,0.7594850612744399,0.778443113772455,0.82,0.82,1.78,3.16,0.96,1.3,2.3400000000000003,1.86,19.0,37.0,49.0,17.0,8400730.0,K,K,Rb,In,Cl,A2B1B2X6,mp_all,1,0.0,1,3.7137,direct,Labeled_from_MP_all_A2BBX6,Materials Project,mp-clfuy,K2RbInCl6,3.7137,True,False,0.074851086,False,1.0,
K2RbLuCl6,1,1.0,1.0,1.0,3.0,-1.0,1.52,1.66,1.001,1.67,1.3304999999999998,0.659,3.19,3.0005,0.7517649165089441,0.7967065868263472,0.82,0.82,1.27,3.16,0.45,1.045,2.3400000000000003,2.115,19.0,37.0,71.0,17.0,28047610.0,K,K,Rb,Lu,Cl,A2B1B2X6,mp_all,1,0.0,1,4.5442,direct,Labeled_from_MP_all_A2BBX6,Materials Project,mp-clfuv,K2RbLuCl6,4.5442,True,False,0.05037025,False,1.0,
K2RbMoBr6,1,1.0,1.0,1.0,3.0,-1.0,1.52,1.66,0.83,1.82,1.245,0.83,3.34,3.065,0.7705502933647859,0.684065934065934,0.82,0.82,2.16,2.96,1.3400000000000003,1.49,2.14,1.47,19.0,37.0,42.0,35.0,14250249.0,K,K,Rb,Mo,Br,A2B1B2X6,mp_all,1,0.0,1,1.6014,direct,Labeled_from_MP_all_A2BBX6,Materials Project,mp-clfdl,K2RbMoBr6,1.6014,True,False,0.117668615,False,1.0,
K2RbMoCl6,1,1.0,1.0,1.0,3.0,-1.0,1.52,1.66,0.83,1.67,1.245,0.83,3.19,2.915,0.7738149680909387,0.7455089820359281,0.82,0.82,2.16,3.16,1.3400000000000003,1.49,2.3400000000000003,1.6700000000000002,19.0,37.0,42.0,17.0,5747625.0,K,K,Rb,Mo,Cl,A2B1B2X6,mp_all,1,0.0,1,1.6332,direct,Labeled_from_MP_all_A2BBX6,Materials Project,mp-clfbx,K2RbMoCl6,1.6332,True,False,0.088022741,False,1.0,
K2RbMoI6,1,1.0,1.0,1.0,3.0,-1.0,1.52,1.66,0.83,2.06,1.245,0.83,3.58,3.305,0.7659432001960182,0.6043689320388349,0.82,0.82,2.16,2.66,1.3400000000000003,1.49,1.8400000000000003,1.1700000000000002,19.0,37.0,42.0,53.0,52589385.0,K,K,Rb,Mo,I,A2B1B2X6,mp_all,1,0.0,1,1.4308,direct,Labeled_from_MP_all_A2BBX6,Materials Project,mp-clfei,K2RbMoI6,1.4308,True,False,0.161523227,False,1.0,
K2RbNdBr6,1,1.0,1.0,1.0,3.0,-1.0,1.52,1.66,1.123,1.82,1.3915,0.5369999999999999,3.34,3.2115,0.7353998596179568,0.7645604395604395,0.82,0.82,1.14,2.96,0.3199999999999999,0.98,2.14,1.98,19.0,37.0,60.0,35.0,24098553.0,K,K,Rb,Nd,Br,A2B1B2X6,mp_all,1,0.0,1,3.6907,direct,Labeled_from_MP_all_A2BBX6,Materials Project,mp-clfeh,K2RbNdBr6,3.6907,True,False,0.116602146,False,1.0,
K2RbNdCl6,1,1.0,1.0,1.0,3.0,-1.0,1.52,1.66,1.123,1.67,1.3915,0.5369999999999999,3.19,3.0615,0.7367860956998487,0.8332335329341317,0.82,0.82,1.14,3.16,0.3199999999999999,0.98,2.3400000000000003,2.18,19.0,37.0,60.0,17.0,15595929.0,K,K,Rb,Nd,Cl,A2B1B2X6,mp_all,1,0.0,1,4.3595,direct,Labeled_from_MP_all_A2BBX6,Materials Project,mp-clfdk,K2RbNdCl6,4.3595,True,False,0.119013958,False,1.0,
K2RbNdI6,1,1.0,1.0,1.0,3.0,-1.0,1.52,1.66,1.123,2.06,1.3915,0.5369999999999999,3.58,3.4515,0.7334325008395886,0.6754854368932038,0.82,0.82,1.14,2.66,0.3199999999999999,0.98,1.8400000000000003,1.6800000000000002,19.0,37.0,60.0,53.0,62437689.0,K,K,Rb,Nd,I,A2B1B2X6,mp_all,1,0.0,1,3.1287,direct,Labeled_from_MP_all_A2BBX6,Materials Project,mp-clfeg,K2RbNdI6,3.1287,True,False,0.117677055,False,1.0,
K2RbPrBr6,1,1.0,1.0,1.0,3.0,-1.0,1.52,1.66,1.13,1.82,1.395,0.53,3.34,3.215,0.7345992687910011,0.7664835164835164,0.82,0.82,1.13,2.96,0.3099999999999999,0.975,2.14,1.985,19.0,37.0,59.0,35.0,23255914.0,K,K,Rb,Pr,Br,A2B1B2X6,mp_all,1,0.0,1,3.6885,direct,Labeled_from_MP_all_A2BBX6,Materials Project,mp-clfef,K2RbPrBr6,3.6885,True,False,0.123052134,False,1.0,
K2RbPrCl6,1,1.0,1.0,1.0,3.0,-1.0,1.52,1.66,1.13,1.67,1.395,0.53,3.19,3.065,0.7359447412675649,0.8353293413173654,0.82,0.82,1.13,3.16,0.3099999999999999,0.975,2.3400000000000003,2.1850000000000005,19.0,37.0,59.0,17.0,14753290.0,K,K,Rb,Pr,Cl,A2B1B2X6,mp_all,1,0.0,1,4.3496,direct,Labeled_from_MP_all_A2BBX6,Materials Project,mp-clfdj,K2RbPrCl6,4.3496,True,False,0.126644966,False,1.0,
K2RbPrI6,1,1.0,1.0,1.0,3.0,-1.0,1.52,1.66,1.13,2.06,1.395,0.53,3.58,3.455,0.7326895156723126,0.6771844660194175,0.82,0.82,1.13,2.66,0.3099999999999999,0.975,1.8400000000000003,1.6850000000000005,19.0,37.0,59.0,53.0,61595050.0,K,K,Rb,Pr,I,A2B1B2X6,mp_all,1,0.0,1,3.1256,direct,Labeled_from_MP_all_A2BBX6,Materials Project,mp-clfee,K2RbPrI6,3.1256,True,False,0.123616525,False,1.0,
K2RbSbBr6,1,1.0,1.0,1.0,3.0,-1.0,1.52,1.66,0.9,1.82,1.28,0.7599999999999999,3.34,3.1,0.7618505319880866,0.7032967032967032,0.82,0.82,2.05,2.96,1.23,1.4349999999999998,2.14,1.525,19.0,37.0,51.0,35.0,17903754.0,K,K,Rb,Sb,Br,A2B1B2X6,mp_all,1,0.0,1,2.8383,direct,Labeled_from_MP_all_A2BBX6,Materials Project,mp-clfdi,K2RbSbBr6,2.8383,True,False,0.100741012,False,1.0,
K2RbSbCl6,1,1.0,1.0,1.0,3.0,-1.0,1.52,1.66,0.9,1.67,1.28,0.7599999999999999,3.19,2.95,0.7646341125373174,0.7664670658682635,0.82,0.82,2.05,3.16,1.23,1.4349999999999998,2.3400000000000003,1.7250000000000003,19.0,37.0,51.0,17.0,9401130.0,K,K,Rb,Sb,Cl,A2B1B2X6,mp_all,1,0.0,1,3.3633,direct,Labeled_from_MP_all_A2BBX6,Materials Project,mp-clfbw,K2RbSbCl6,3.3633,True,False,0.089099956,False,1.0,
K2RbSbI6,1,1.0,1.0,1.0,3.0,-1.0,1.52,1.66,0.9,2.06,1.28,0.7599999999999999,3.58,3.34,0.7579168492957605,0.6213592233009708,0.82,0.82,2.05,2.66,1.23,1.4349999999999998,1.8400000000000003,1.2250000000000003,19.0,37.0,51.0,53.0,56242890.0,K,K,Rb,Sb,I,A2B1B2X6,mp_all,1,0.0,1,2.3768,direct,Labeled_from_MP_all_A2BBX6,Materials Project,mp-clfed,K2RbSbI6,2.3768,True,False,0.12419981,False,1.0,
K2RbScBr6,0,1.0,1.0,1.0,3.0,-1.0,1.52,1.66,0.885,1.82,1.2725,0.7749999999999999,3.34,3.0925,0.7636981888967076,0.6991758241758241,0.82,0.82,1.36,2.96,0.5400000000000001,1.09,2.14,1.87,19.0,37.0,21.0,35.0,11333034.0,K,K,Rb,Sc,Br,A2B1B2X6,mp_all,1,0.0,1,3.2468,indirect,Labeled_from_MP_all_A2BBX6,Materials Project,mp-clgjt,K2RbScBr6,3.2468,False,False,0.071896414,False,1.0,
K2RbScCl6,0,1.0,1.0,1.0,3.0,-1.0,1.52,1.66,0.885,1.67,1.2725,0.7749999999999999,3.19,2.9425,0.7665830525013038,0.7619760479041916,0.82,0.82,1.36,3.16,0.5400000000000001,1.09,2.3400000000000003,2.0700000000000003,19.0,37.0,21.0,17.0,2830410.0,K,K,Rb,Sc,Cl,A2B1B2X6,mp_all,1,0.0,1,4.0698,indirect,Labeled_from_MP_all_A2BBX6,Materials Project,mp-clfut,K2RbScCl6,4.0698,False,False,0.071080271,False,1.0,
K2RbTbCl6,1,1.0,1.0,1.0,3.0,-1.0,1.52,1.66,1.063,1.67,1.3615,0.597,3.19,3.0315,0.7440773979828753,0.8152694610778443,0.82,0.82,1.1,3.16,0.2800000000000001,0.96,2.3400000000000003,2.2,19.0,37.0,65.0,17.0,20486554.0,K,K,Rb,Tb,Cl,A2B1B2X6,mp_all,1,0.0,1,4.2001,direct,Labeled_from_MP_all_A2BBX6,Materials Project,mp-clfur,K2RbTbCl6,4.2001,True,False,0.093768685,False,1.0,
K2RbTlBr6,1,1.0,1.0,1.0,3.0,-1.0,1.52,1.66,1.025,1.82,1.3424999999999998,0.635,3.34,3.1625,0.7467941973638161,0.7376373626373625,0.82,0.82,1.62,2.96,0.8000000000000002,1.22,2.14,1.74,19.0,37.0,81.0,35.0,54185274.0,K,K,Rb,Tl,Br,A2B1B2X6,mp_all,1,0.0,1,1.5429,direct,Labeled_from_MP_all_A2BBX6,Materials Project,mp-clfup,K2RbTlBr6,1.5429,True,False,0.111262196,False,1.0,
K2RbTmCl6,1,1.0,1.0,1.0,3.0,-1.0,1.52,1.66,1.02,1.67,1.34,0.6399999999999999,3.19,3.01,0.7493922365398958,0.8023952095808383,0.82,0.82,1.25,3.16,0.43,1.035,2.3400000000000003,2.125,19.0,37.0,69.0,17.0,25303050.0,K,K,Rb,Tm,Cl,A2B1B2X6,mp_all,1,0.0,1,4.5162,direct,Labeled_from_MP_all_A2BBX6,Materials Project,mp-clfuq,K2RbTmCl6,4.5162,True,False,0.090321217,False,1.0,
K2RbYBr6,1,1.0,1.0,1.0,3.0,-1.0,1.52,1.66,1.04,1.82,1.35,0.6199999999999999,3.34,3.17,0.7450273341208418,0.7417582417582418,0.82,0.82,1.22,2.96,0.4,1.02,2.14,1.94,19.0,37.0,39.0,35.0,13451994.0,K,K,Rb,Y,Br,A2B1B2X6,mp_all,1,0.0,1,3.71,direct,Labeled_from_MP_all_A2BBX6,Materials Project,mp-clfdg,K2RbYBr6,3.71,True,False,0.072547974,False,1.0,
K2RbYCl6,1,1.0,1.0,1.0,3.0,-1.0,1.52,1.66,1.04,1.67,1.35,0.6199999999999999,3.19,3.02,0.746910805293075,0.8083832335329342,0.82,0.82,1.22,3.16,0.4,1.02,2.3400000000000003,2.14,19.0,37.0,39.0,17.0,4949370.0,K,K,Rb,Y,Cl,A2B1B2X6,mp_all,1,0.0,1,4.4925,direct,Labeled_from_MP_all_A2BBX6,Materials Project,mp-clfbu,K2RbYCl6,4.4925,True,False,0.093841561,False,1.0,
K2RbYI6,1,1.0,1.0,1.0,3.0,-1.0,1.52,1.66,1.04,2.06,1.35,0.6199999999999999,3.58,3.41,0.7423584388996598,0.6553398058252428,0.82,0.82,1.22,2.66,0.4,1.02,1.8400000000000003,1.64,19.0,37.0,39.0,53.0,51791130.0,K,K,Rb,Y,I,A2B1B2X6,mp_all,1,0.0,1,3.1008,direct,Labeled_from_MP_all_A2BBX6,Materials Project,mp-clfeb,K2RbYI6,3.1008,True,False,0.10280877,False,1.0,
K2AuSbBr6,0,1.0,1.0,1.0,3.0,-1.0,1.52,1.51,0.9,1.82,1.205,0.61,3.34,3.0250000000000004,0.7807393881530804,0.6620879120879121,0.82,2.54,2.05,2.96,0.4900000000000002,2.295,2.14,0.665,19.0,79.0,51.0,35.0,54979674.0,K,K,Au,Sb,Br,A2B1B2X6,mp_all,1,0.0,1,0.238,indirect,Labeled_from_MP_all_A2BBX6,Materials Project,mp-clhpi,K2SbAuBr6,0.238,False,False,0.064811306,False,1.0,oxidation state not guessed
K2AuSbCl6,0,1.0,1.0,1.0,3.0,-1.0,1.52,1.51,0.9,1.67,1.205,0.61,3.19,2.875,0.784581089386117,0.721556886227545,0.82,2.54,2.05,3.16,0.4900000000000002,2.295,2.3400000000000003,0.8650000000000002,19.0,79.0,51.0,17.0,46477050.0,K,K,Au,Sb,Cl,A2B1B2X6,mp_all,1,0.0,1,0.351,indirect,Labeled_from_MP_all_A2BBX6,Materials Project,mp-clhbv,K2SbAuCl6,0.351,False,False,0.105042959,False,1.0,oxidation state not guessed
K2AgScBr6,0,1.0,1.0,1.0,3.0,-1.0,1.52,1.29,0.885,1.82,1.0875,0.405,3.34,2.9075,0.8122911948970142,0.5975274725274724,0.82,1.93,1.36,2.96,0.5699999999999998,1.645,2.14,1.315,19.0,47.0,21.0,35.0,14338554.0,K,K,Ag,Sc,Br,A2B1B2X6,mp_all,1,0.0,1,2.8359,indirect,Labeled_from_MP_all_A2BBX6,Materials Project,mp-clgze,K2ScAgBr6,2.8359,False,False,0.0067287,False,1.0,
K2AgScCl6,1,1.0,1.0,1.0,3.0,-1.0,1.52,1.29,0.885,1.67,1.0875,0.405,3.19,2.7575,0.818012921844093,0.6511976047904191,0.82,1.93,1.36,3.16,0.5699999999999998,1.645,2.3400000000000003,1.515,19.0,47.0,21.0,17.0,5835930.0,K,K,Ag,Sc,Cl,A2B1B2X6,mp_all,1,0.0,1,3.248,direct,Labeled_from_MP_all_A2BBX6,Materials Project,mp-clhqm,K2ScAgCl6,3.248,True,False,0.016061846,False,1.0,
K2AgScI6,0,1.0,1.0,1.0,3.0,-1.0,1.52,1.29,0.885,2.06,1.0875,0.405,3.58,3.1475,0.8042707789190913,0.5279126213592232,0.82,1.93,1.36,2.66,0.5699999999999998,1.645,1.8400000000000003,1.015,19.0,47.0,21.0,53.0,52677690.0,K,K,Ag,Sc,I,A2B1B2X6,mp_all,1,0.0,1,2.1618,indirect,Labeled_from_MP_all_A2BBX6,Materials Project,mp-clhco,K2ScAgI6,2.1618,False,False,0.051053715,False,1.0,
K2AuScBr6,0,1.0,1.0,1.0,3.0,-1.0,1.52,1.51,0.885,1.82,1.1975,0.625,3.34,3.0175,0.7826799168725993,0.657967032967033,0.82,2.54,1.36,2.96,1.18,1.95,2.14,1.0099999999999998,19.0,79.0,21.0,35.0,48408954.0,K,K,Au,Sc,Br,A2B1B2X6,mp_all,1,0.0,1,1.7408,indirect,Labeled_from_MP_all_A2BBX6,Materials Project,mp-clgyz,K2ScAuBr6,1.7408,False,False,0.07850193,False,1.0,oxidation state not guessed
K2AuScCl6,0,1.0,1.0,1.0,3.0,-1.0,1.52,1.51,0.885,1.67,1.1975,0.625,3.19,2.8675,0.7866331759320268,0.7170658682634731,0.82,2.54,1.36,3.16,1.18,1.95,2.3400000000000003,1.21,19.0,79.0,21.0,17.0,39906330.0,K,K,Au,Sc,Cl,A2B1B2X6,mp_all,1,0.0,1,2.0353,indirect,Labeled_from_MP_all_A2BBX6,Materials Project,mp-clhbt,K2ScAuCl6,2.0353,False,False,0.116950022,False,1.0,oxidation state not guessed
K2AuScI6,0,1.0,1.0,1.0,3.0,-1.0,1.52,1.51,0.885,2.06,1.1975,0.625,3.58,3.2575000000000003,0.7771119805519078,0.5813106796116505,0.82,2.54,1.36,2.66,1.18,1.95,1.8400000000000003,0.71,19.0,79.0,21.0,53.0,86748090.0,K,K,Au,Sc,I,A2B1B2X6,mp_all,1,0.0,1,1.131,indirect,Labeled_from_MP_all_A2BBX6,Materials Project,mp-clhbq,K2ScAuI6,1.131,False,False,0.102894889,False,1.0,oxidation state not guessed
K2CuScCl6,0,1.0,1.0,1.0,3.0,-1.0,1.52,0.91,0.885,1.67,0.8975,0.025,3.19,2.5675,0.8785474710750093,0.5374251497005988,0.82,1.9,1.36,3.16,0.5399999999999998,1.63,2.3400000000000003,1.5300000000000002,19.0,29.0,21.0,17.0,1663530.0,K,K,Cu,Sc,Cl,A2B1B2X6,mp_all,1,0.0,1,1.8772,indirect,Labeled_from_MP_all_A2BBX6,Materials Project,mp-clhfj,K2ScCuCl6,1.8772,False,False,0.038786515,False,1.0,
K2InScBr6,1,1.0,1.0,1.0,3.0,-1.0,1.52,1.55,0.885,1.82,1.2175,0.665,3.34,3.0375,0.7775264688602694,0.6689560439560439,0.82,1.78,1.36,2.96,0.4199999999999999,1.57,2.14,1.39,19.0,49.0,21.0,35.0,15223674.0,K,K,In,Sc,Br,A2B1B2X6,mp_all,1,0.0,1,2.3286,direct,Labeled_from_MP_all_A2BBX6,Materials Project,mp-clgzv,K2ScInBr6,2.3286,True,False,0.020903155,False,1.0,
K2InScCl6,1,1.0,1.0,1.0,3.0,-1.0,1.52,1.55,0.885,1.67,1.2175,0.665,3.19,2.8875,0.7811846344537094,0.7290419161676647,0.82,1.78,1.36,3.16,0.4199999999999999,1.57,2.3400000000000003,1.59,19.0,49.0,21.0,17.0,6721050.0,K,K,In,Sc,Cl,A2B1B2X6,mp_all,1,0.0,1,2.5251,direct,Labeled_from_MP_all_A2BBX6,Materials Project,mp-clhge,K2ScInCl6,2.5251,True,False,0.056954583,False,1.0,
K2InScI6,1,1.0,1.0,1.0,3.0,-1.0,1.52,1.55,0.885,2.06,1.2175,0.665,3.58,3.2775,0.7723698784585324,0.5910194174757282,0.82,1.78,1.36,2.66,0.4199999999999999,1.57,1.8400000000000003,1.09,19.0,49.0,21.0,53.0,53562810.0,K,K,In,Sc,I,A2B1B2X6,mp_all,1,0.0,1,1.9864,direct,Labeled_from_MP_all_A2BBX6,Materials Project,mp-clgzw,K2ScInI6,1.9864,True,False,0.046755989,False,1.0,
K2TlScBr6,1,1.0,1.0,1.0,3.0,-1.0,1.52,1.64,0.885,1.82,1.2625,0.7549999999999999,3.34,3.0825,0.7661757174900465,0.6936813186813187,0.82,1.62,1.36,2.96,0.26,1.4900000000000002,2.14,1.4699999999999998,19.0,81.0,21.0,35.0,52505594.0,K,K,Tl,Sc,Br,A2B1B2X6,mp_all,1,0.0,1,3.0604,direct,Labeled_from_MP_all_A2BBX6,Materials Project,mp-clfuf,K2ScTlBr6,3.0604,True,False,0.026752705,False,1.0,
K2TlScCl6,1,1.0,1.0,1.0,3.0,-1.0,1.52,1.64,0.885,1.67,1.2625,0.7549999999999999,3.19,2.9325,0.7691971464569773,0.7559880239520959,0.82,1.62,1.36,3.16,0.26,1.4900000000000002,2.3400000000000003,1.67,19.0,81.0,21.0,17.0,44002970.0,K,K,Tl,Sc,Cl,A2B1B2X6,mp_all,1,0.0,1,3.3972,direct,Labeled_from_MP_all_A2BBX6,Materials Project,mp-clfry,K2ScTlCl6,3.3972,True,False,0.059448681,False,1.0,
K2AgSmCl6,0,1.0,1.0,1.0,3.0,-1.0,1.52,1.29,1.098,1.67,1.194,0.1919999999999999,3.19,2.864,0.7875944944082006,0.7149700598802395,0.82,1.93,1.17,3.16,0.76,1.5499999999999998,2.3400000000000003,1.6100000000000003,19.0,47.0,62.0,17.0,20417785.0,K,K,Ag,Sm,Cl,A2B1B2X6,mp_all,1,0.0,1,3.5685,indirect,Labeled_from_MP_all_A2BBX6,Materials Project,mp-clhcp,K2SmAgCl6,3.5685,False,False,0.059257015,False,1.0,
K2AuSmCl6,0,1.0,1.0,1.0,3.0,-1.0,1.52,1.51,1.098,1.67,1.304,0.4119999999999999,3.19,2.974,0.7584635615282738,0.7808383233532935,0.82,2.54,1.17,3.16,1.37,1.855,2.3400000000000003,1.3050000000000002,19.0,79.0,62.0,17.0,54488185.0,K,K,Au,Sm,Cl,A2B1B2X6,mp_all,1,0.0,1,2.2805,indirect,Labeled_from_MP_all_A2BBX6,Materials Project,mp-clhbr,K2SmAuCl6,2.2805,False,False,0.160545857,False,1.0,oxidation state not guessed
K2CuSmCl6,0,1.0,1.0,1.0,3.0,-1.0,1.52,0.91,1.098,1.67,1.004,0.188,3.19,2.674,0.8435567060527623,0.6011976047904192,0.82,1.9,1.17,3.16,0.73,1.535,2.3400000000000003,1.6250000000000002,19.0,29.0,62.0,17.0,16245385.0,K,K,Cu,Sm,Cl,A2B1B2X6,mp_all,1,0.0,1,2.3789,indirect,Labeled_from_MP_all_A2BBX6,Materials Project,mp-clhhq,K2SmCuCl6,2.3789,False,False,0.082916774,False,1.0,
K2AgTbCl6,0,1.0,1.0,1.0,3.0,-1.0,1.52,1.29,1.063,1.67,1.1765,0.2270000000000001,3.19,2.8465,0.7924365473335979,0.7044910179640718,0.82,1.93,1.1,3.16,0.8299999999999998,1.515,2.3400000000000003,1.645,19.0,47.0,65.0,17.0,23492074.0,K,K,Ag,Tb,Cl,A2B1B2X6,mp_all,1,0.0,1,3.6214,indirect,Labeled_from_MP_all_A2BBX6,Materials Project,mp-clhqk,K2TbAgCl6,3.6214,False,False,0.043063298,False,1.0,
K2AuTbCl6,0,1.0,1.0,1.0,3.0,-1.0,1.52,1.51,1.063,1.67,1.2865,0.447,3.19,2.9565,0.7629530295907615,0.7703592814371257,0.82,2.54,1.1,3.16,1.44,1.82,2.3400000000000003,1.34,19.0,79.0,65.0,17.0,57562474.0,K,K,Au,Tb,Cl,A2B1B2X6,mp_all,1,0.0,1,1.9175,indirect,Labeled_from_MP_all_A2BBX6,Materials Project,mp-clhbo,K2TbAuCl6,1.9175,False,False,0.145510948,False,1.0,oxidation state not guessed
K2CuTbCl6,0,1.0,1.0,1.0,3.0,-1.0,1.52,0.91,1.063,1.67,0.9865,0.1529999999999999,3.19,2.6565,0.8491137331018582,0.5907185628742515,0.82,1.9,1.1,3.16,0.7999999999999998,1.5,2.3400000000000003,1.66,19.0,29.0,65.0,17.0,19319674.0,K,K,Cu,Tb,Cl,A2B1B2X6,mp_all,1,0.0,1,2.4713,indirect,Labeled_from_MP_all_A2BBX6,Materials Project,mp-clgyx,K2TbCuCl6,2.4713,False,False,0.067974504,False,1.0,
K2TlAsBr6,1,1.0,1.0,1.0,3.0,-1.0,1.52,1.64,0.72,1.82,1.18,0.92,3.34,3.0,0.7872455497210228,0.6483516483516483,0.82,1.62,2.18,2.96,0.56,1.9,2.14,1.0599999999999998,19.0,81.0,33.0,35.0,53497034.0,K,K,Tl,As,Br,A2B1B2X6,mp_all,1,0.0,1,1.5711,direct,Labeled_from_MP_all_A2BBX6,Materials Project,mp-clgjl,K2TlAsBr6,1.5711,True,False,0.052936231,False,1.0,
K2TlAsCl6,1,1.0,1.0,1.0,3.0,-1.0,1.52,1.64,0.72,1.67,1.18,0.92,3.19,2.85,0.79146337964389,0.7065868263473054,0.82,1.62,2.18,3.16,0.56,1.9,2.3400000000000003,1.26,19.0,81.0,33.0,17.0,44994410.0,K,K,Tl,As,Cl,A2B1B2X6,mp_all,1,0.0,1,1.905,direct,Labeled_from_MP_all_A2BBX6,Materials Project,mp-clgjk,K2TlAsCl6,1.905,True,False,0.057549567,False,1.0,
K2TlAsI6,1,1.0,1.0,1.0,3.0,-1.0,1.52,1.64,0.72,2.06,1.18,0.92,3.58,3.24,0.781309344644395,0.5728155339805825,0.82,1.62,2.18,2.66,0.56,1.9,1.8400000000000003,0.76,19.0,81.0,33.0,53.0,91836170.0,K,K,Tl,As,I,A2B1B2X6,mp_all,1,0.0,1,0.8611,direct,Labeled_from_MP_all_A2BBX6,Materials Project,mp-clfum,K2TlAsI6,0.8611,True,False,0.073469327,False,1.0,
K2TlGaBr6,0,1.0,1.0,1.0,3.0,-1.0,1.52,1.64,0.76,1.82,1.2,0.8799999999999999,3.34,3.02,0.7820320030341286,0.6593406593406593,0.82,1.62,1.81,2.96,0.1899999999999999,1.715,2.14,1.245,19.0,81.0,31.0,35.0,53234634.0,K,K,Tl,Ga,Br,A2B1B2X6,mp_all,1,0.0,1,1.6,indirect,Labeled_from_MP_all_A2BBX6,Materials Project,mp-clfsb,K2TlGaBr6,1.6,False,False,0.129426004,False,1.0,
K2TlGaCl6,0,1.0,1.0,1.0,3.0,-1.0,1.52,1.64,0.76,1.67,1.2,0.8799999999999999,3.19,2.87,0.7859479553955006,0.718562874251497,0.82,1.62,1.81,3.16,0.1899999999999999,1.715,2.3400000000000003,1.445,19.0,81.0,31.0,17.0,44732010.0,K,K,Tl,Ga,Cl,A2B1B2X6,mp_all,1,0.0,1,2.5197,indirect,Labeled_from_MP_all_A2BBX6,Materials Project,mp-clgjd,K2TlGaCl6,2.5197,False,False,0.109107301,False,1.0,
K2TlGaI6,0,1.0,1.0,1.0,3.0,-1.0,1.52,1.64,0.76,2.06,1.2,0.8799999999999999,3.58,3.26,0.776516035781546,0.5825242718446602,0.82,1.62,1.81,2.66,0.1899999999999999,1.715,1.8400000000000003,0.945,19.0,81.0,31.0,53.0,91573770.0,K,K,Tl,Ga,I,A2B1B2X6,mp_all,1,0.0,1,0.4975,indirect,Labeled_from_MP_all_A2BBX6,Materials Project,mp-clfuj,K2TlGaI6,0.4975,False,False,0.157794118,False,1.0,
K2TlInBr6,0,1.0,1.0,1.0,3.0,-1.0,1.52,1.64,0.94,1.82,1.29,0.7,3.34,3.1100000000000003,0.7594008518209222,0.7087912087912088,0.82,1.62,1.78,2.96,0.1599999999999999,1.7000000000000002,2.14,1.2599999999999998,19.0,81.0,49.0,35.0,58075914.0,K,K,Tl,In,Br,A2B1B2X6,mp_all,1,0.0,1,2.1232,indirect,Labeled_from_MP_all_A2BBX6,Materials Project,mp-clgja,K2TlInBr6,2.1232,False,False,0.075643857,False,1.0,
K2TlInCl6,0,1.0,1.0,1.0,3.0,-1.0,1.52,1.64,0.94,1.67,1.29,0.7,3.19,2.96,0.7620508891841509,0.7724550898203594,0.82,1.62,1.78,3.16,0.1599999999999999,1.7000000000000002,2.3400000000000003,1.46,19.0,81.0,49.0,17.0,49573290.0,K,K,Tl,In,Cl,A2B1B2X6,mp_all,1,0.0,1,2.5682,indirect,Labeled_from_MP_all_A2BBX6,Materials Project,mp-clgiz,K2TlInCl6,2.5682,False,False,0.044406814,False,1.0,
K2TlInI6,0,1.0,1.0,1.0,3.0,-1.0,1.52,1.64,0.94,2.06,1.29,0.7,3.58,3.35,0.7556544109396537,0.6262135922330098,0.82,1.62,1.78,2.66,0.1599999999999999,1.7000000000000002,1.8400000000000003,0.96,19.0,81.0,49.0,53.0,96415050.0,K,K,Tl,In,I,A2B1B2X6,mp_all,1,0.0,1,0.8333,indirect,Labeled_from_MP_all_A2BBX6,Materials Project,mp-clfxd,K2TlInI6,0.8333,False,False,0.082486479,False,1.0,
K2TlSbBr6,1,1.0,1.0,1.0,3.0,-1.0,1.52,1.64,0.9,1.82,1.27,0.7399999999999999,3.34,3.09,0.7643160676903136,0.6978021978021978,0.82,1.62,2.05,2.96,0.4299999999999997,1.835,2.14,1.125,19.0,81.0,51.0,35.0,59076314.0,K,K,Tl,Sb,Br,A2B1B2X6,mp_all,1,0.0,1,1.1146,direct,Labeled_from_MP_all_A2BBX6,Materials Project,mp-clfuh,K2TlSbBr6,1.1146,True,False,0.043985325,False,1.0,
K2TlSbCl6,1,1.0,1.0,1.0,3.0,-1.0,1.52,1.64,0.9,1.67,1.27,0.7399999999999999,3.19,2.94,0.7672349088384648,0.7604790419161677,0.82,1.62,2.05,3.16,0.4299999999999997,1.835,2.3400000000000003,1.3250000000000002,19.0,81.0,51.0,17.0,50573690.0,K,K,Tl,Sb,Cl,A2B1B2X6,mp_all,1,0.0,1,1.9155,direct,Labeled_from_MP_all_A2BBX6,Materials Project,mp-clfui,K2TlSbCl6,1.9155,True,False,0.070464367,False,1.0,
K2AgTmCl6,0,1.0,1.0,1.0,3.0,-1.0,1.52,1.29,1.02,1.67,1.155,0.27,3.19,2.825,0.7984674803487031,0.6916167664670659,0.82,1.93,1.25,3.16,0.6799999999999999,1.59,2.3400000000000003,1.5700000000000005,19.0,47.0,69.0,17.0,28308570.0,K,K,Ag,Tm,Cl,A2B1B2X6,mp_all,1,0.0,1,3.6439,indirect,Labeled_from_MP_all_A2BBX6,Materials Project,mp-clhqh,K2TmAgCl6,3.6439,False,False,0.026220458,False,1.0,
K2AuTmCl6,0,1.0,1.0,1.0,3.0,-1.0,1.52,1.51,1.02,1.67,1.265,0.49,3.19,2.935,0.7685419529761793,0.7574850299401199,0.82,2.54,1.25,3.16,1.29,1.895,2.3400000000000003,1.265,19.0,79.0,69.0,17.0,62378970.0,K,K,Au,Tm,Cl,A2B1B2X6,mp_all,1,0.0,1,2.1163,indirect,Labeled_from_MP_all_A2BBX6,Materials Project,mp-clhbp,K2TmAuCl6,2.1163,False,False,0.129435526,False,1.0,oxidation state not guessed
K2CuTmCl6,0,1.0,1.0,1.0,3.0,-1.0,1.52,0.91,1.02,1.67,0.965,0.1099999999999999,3.19,2.635,0.856041985573088,0.5778443113772456,0.82,1.9,1.25,3.16,0.6499999999999999,1.575,2.3400000000000003,1.5850000000000002,19.0,29.0,69.0,17.0,24136170.0,K,K,Cu,Tm,Cl,A2B1B2X6,mp_all,1,0.0,1,2.4668,indirect,Labeled_from_MP_all_A2BBX6,Materials Project,mp-clhhn,K2TmCuCl6,2.4668,False,False,0.052313797,False,1.0,
K2AgYBr6,0,1.0,1.0,1.0,3.0,-1.0,1.52,1.29,1.04,1.82,1.165,0.25,3.34,2.9850000000000003,0.7912015575085655,0.6401098901098901,0.82,1.93,1.22,2.96,0.71,1.575,2.14,1.385,19.0,47.0,39.0,35.0,16457514.0,K,K,Ag,Y,Br,A2B1B2X6,mp_all,1,0.0,1,3.2941,indirect,Labeled_from_MP_all_A2BBX6,Materials Project,mp-clfjj,K2YAgBr6,3.2941,False,False,0.045779363,False,1.0,
K2AgYCl6,0,1.0,1.0,1.0,3.0,-1.0,1.52,1.29,1.04,1.67,1.165,0.25,3.19,2.835,0.7956510165732227,0.6976047904191617,0.82,1.93,1.22,3.16,0.71,1.575,2.3400000000000003,1.5850000000000002,19.0,47.0,39.0,17.0,7954890.0,K,K,Ag,Y,Cl,A2B1B2X6,mp_all,1,0.0,1,3.6689,indirect,Labeled_from_MP_all_A2BBX6,Materials Project,mp-clfhw,K2YAgCl6,3.6689,False,False,0.036453196,False,1.0,
K2AgYI6,0,1.0,1.0,1.0,3.0,-1.0,1.52,1.29,1.04,2.06,1.165,0.25,3.58,3.225,0.7849433415962294,0.5655339805825242,0.82,1.93,1.22,2.66,0.71,1.575,1.8400000000000003,1.0850000000000002,19.0,47.0,39.0,53.0,54796650.0,K,K,Ag,Y,I,A2B1B2X6,mp_all,1,0.0,1,2.5089,indirect,Labeled_from_MP_all_A2BBX6,Materials Project,mp-clfkt,K2YAgI6,2.5089,False,False,0.084139926,False,1.0,
K2AuYBr6,0,1.0,1.0,1.0,3.0,-1.0,1.52,1.51,1.04,1.82,1.275,0.47,3.34,3.095,0.7630813082917831,0.7005494505494505,0.82,2.54,1.22,2.96,1.32,1.88,2.14,1.08,19.0,79.0,39.0,35.0,50527914.0,K,K,Au,Y,Br,A2B1B2X6,mp_all,1,0.0,1,1.8862,indirect,Labeled_from_MP_all_A2BBX6,Materials Project,mp-clhbm,K2YAuBr6,1.8862,False,False,0.120230712,False,1.0,oxidation state not guessed
K2AuYCl6,0,1.0,1.0,1.0,3.0,-1.0,1.52,1.51,1.04,1.67,1.275,0.47,3.19,2.945,0.7659323028811839,0.7634730538922155,0.82,2.54,1.22,3.16,1.32,1.88,2.3400000000000003,1.2800000000000002,19.0,79.0,39.0,17.0,42025290.0,K,K,Au,Y,Cl,A2B1B2X6,mp_all,1,0.0,1,2.2731,indirect,Labeled_from_MP_all_A2BBX6,Materials Project,mp-clhbn,K2YAuCl6,2.2731,False,False,0.139433162,False,1.0,oxidation state not guessed
K2AuYI6,0,1.0,1.0,1.0,3.0,-1.0,1.52,1.51,1.04,2.06,1.275,0.47,3.58,3.335,0.759053156416144,0.6189320388349514,0.82,2.54,1.22,2.66,1.32,1.88,1.8400000000000003,0.7800000000000002,19.0,79.0,39.0,53.0,88867050.0,K,K,Au,Y,I,A2B1B2X6,mp_all,1,0.0,1,1.1783,indirect,Labeled_from_MP_all_A2BBX6,Materials Project,mp-clhbk,K2YAuI6,1.1783,False,False,0.138852716,False,1.0,oxidation state not guessed
K2CuYBr6,0,1.0,1.0,1.0,3.0,-1.0,1.52,0.91,1.04,1.82,0.975,0.13,3.34,2.795,0.8449862787703286,0.5357142857142857,0.82,1.9,1.22,2.96,0.6799999999999999,1.56,2.14,1.4,19.0,29.0,39.0,35.0,12285114.0,K,K,Cu,Y,Br,A2B1B2X6,mp_all,1,0.0,1,2.3227,indirect,Labeled_from_MP_all_A2BBX6,Materials Project,mp-clhao,K2YCuBr6,2.3227,False,False,0.063105748,False,1.0,
K2CuYCl6,0,1.0,1.0,1.0,3.0,-1.0,1.52,0.91,1.04,1.67,0.975,0.13,3.19,2.645,0.8528055319414315,0.5838323353293414,0.82,1.9,1.22,3.16,0.6799999999999999,1.56,2.3400000000000003,1.6,19.0,29.0,39.0,17.0,3782490.0,K,K,Cu,Y,Cl,A2B1B2X6,mp_all,1,0.0,1,2.6002,indirect,Labeled_from_MP_all_A2BBX6,Materials Project,mp-clhfi,K2YCuCl6,2.6002,False,False,0.06110102,False,1.0,
K2CuYI6,0,1.0,1.0,1.0,3.0,-1.0,1.52,0.91,1.04,2.06,0.975,0.13,3.58,3.035,0.8340831224539835,0.4733009708737864,0.82,1.9,1.22,2.66,0.6799999999999999,1.56,1.8400000000000003,1.1,19.0,29.0,39.0,53.0,50624250.0,K,K,Cu,Y,I,A2B1B2X6,mp_all,1,0.0,1,1.8261,indirect,Labeled_from_MP_all_A2BBX6,Materials Project,mp-clfko,K2YCuI6,1.8261,False,False,0.115330207,False,1.0,
K2InYCl6,0,1.0,1.0,1.0,3.0,-1.0,1.52,1.55,1.04,1.67,1.295,0.51,3.19,2.965,0.7607658117993547,0.7754491017964071,0.82,1.78,1.22,3.16,0.56,1.5,2.3400000000000003,1.66,19.0,49.0,39.0,17.0,8840010.0,K,K,In,Y,Cl,A2B1B2X6,mp_all,1,0.0,1,3.1685,indirect,Labeled_from_MP_all_A2BBX6,Materials Project,mp-clgmx,K2YInCl6,3.1685,False,False,0.078786127,False,1.0,
K2TlYBr6,0,1.0,1.0,1.0,3.0,-1.0,1.52,1.64,1.04,1.82,1.34,0.5999999999999999,3.34,3.16,0.747385015557933,0.7362637362637362,0.82,1.62,1.22,2.96,0.4000000000000001,1.42,2.14,1.54,19.0,81.0,39.0,35.0,54624554.0,K,K,Tl,Y,Br,A2B1B2X6,mp_all,1,0.0,1,3.4148,indirect,Labeled_from_MP_all_A2BBX6,Materials Project,mp-clfug,K2YTlBr6,3.4148,False,False,0.066655911,False,1.0,
Rb2KAlBr6,1,1.0,1.0,1.0,3.0,-1.0,1.66,1.52,0.675,1.82,1.0975,0.845,3.48,2.9175000000000004,0.843438422803491,0.6030219780219781,0.82,0.82,1.61,2.96,0.7900000000000001,1.215,2.14,1.745,37.0,19.0,13.0,35.0,12910954.0,Rb,Rb,K,Al,Br,A2B1B2X6,mp_all,1,0.0,1,3.283,direct,Labeled_from_MP_all_A2BBX6,Materials Project,mp-cljzy,KRb2AlBr6,3.283,True,False,0.074750587,False,1.0,
Rb2KAlCl6,1,1.0,1.0,1.0,3.0,-1.0,1.66,1.52,0.675,1.67,1.0975,0.845,3.33,2.7675,0.8508276716716181,0.6571856287425151,0.82,0.82,1.61,3.16,0.7900000000000001,1.215,2.3400000000000003,1.945,37.0,19.0,13.0,17.0,4408330.0,Rb,Rb,K,Al,Cl,A2B1B2X6,mp_all,1,0.0,1,4.6491,direct,Labeled_from_MP_all_A2BBX6,Materials Project,mp-cljxo,KRb2AlCl6,4.6491,True,False,0.049439843,False,1.0,
Rb2KAlI6,1,1.0,1.0,1.0,3.0,-1.0,1.66,1.52,0.675,2.06,1.0975,0.845,3.72,3.1575,0.8330759227280939,0.5327669902912622,0.82,0.82,1.61,2.66,0.7900000000000001,1.215,1.8400000000000003,1.445,37.0,19.0,13.0,53.0,51250090.0,Rb,Rb,K,Al,I,A2B1B2X6,mp_all,1,0.0,1,1.7559,direct,Labeled_from_MP_all_A2BBX6,Materials Project,mp-clkff,KRb2AlI6,1.7559,True,False,0.079465573,False,1.0,
Rb2KAsBr6,1,1.0,1.0,1.0,3.0,-1.0,1.66,1.52,0.72,1.82,1.12,0.8,3.48,2.9400000000000004,0.8369835369146887,0.6153846153846154,0.82,0.82,2.18,2.96,1.3600000000000003,1.5,2.14,1.46,37.0,19.0,33.0,35.0,14068314.0,Rb,Rb,K,As,Br,A2B1B2X6,mp_all,1,0.0,1,3.0145,direct,Labeled_from_MP_all_A2BBX6,Materials Project,mp-clkcy,KRb2AsBr6,3.0145,True,False,0.02818264,False,1.0,
Rb2KAsCl6,1,1.0,1.0,1.0,3.0,-1.0,1.66,1.52,0.72,1.67,1.12,0.8,3.33,2.79,0.8439661581903954,0.6706586826347306,0.82,0.82,2.18,3.16,1.3600000000000003,1.5,2.3400000000000003,1.66,37.0,19.0,33.0,17.0,5565690.0,Rb,Rb,K,As,Cl,A2B1B2X6,mp_all,1,0.0,1,3.4879,direct,Labeled_from_MP_all_A2BBX6,Materials Project,mp-cljzv,KRb2AsCl6,3.4879,True,False,0.015480279,False,1.0,
Rb2KAsI6,0,1.0,1.0,1.0,3.0,-1.0,1.66,1.52,0.72,2.06,1.12,0.8,3.72,3.18,0.8271815176144516,0.5436893203883496,0.82,0.82,2.18,2.66,1.3600000000000003,1.5,1.8400000000000003,1.16,37.0,19.0,33.0,53.0,52407450.0,Rb,Rb,K,As,I,A2B1B2X6,mp_all,1,0.0,1,2.0398,indirect,Labeled_from_MP_all_A2BBX6,Materials Project,mp-clkfg,KRb2AsI6,2.0398,False,False,0.063067876,False,1.0,
Rb2KAuCl6,0,1.0,1.0,1.0,3.0,-1.0,1.66,1.52,0.99,1.67,1.255,0.53,3.33,2.925,0.8050138739662234,0.7514970059880239,0.82,0.82,2.54,3.16,1.7200000000000002,1.68,2.3400000000000003,1.4800000000000002,37.0,19.0,79.0,17.0,43329850.0,Rb,Rb,K,Au,Cl,A2B1B2X6,mp_all,1,0.0,1,0.2445,indirect,Labeled_from_MP_all_A2BBX6,Materials Project,mp-clknm,KRb2AuCl6,0.2445,False,False,0.139624321,False,1.0,
Rb2KDyCl6,1,1.0,1.0,1.0,3.0,-1.0,1.66,1.52,1.052,1.67,1.286,0.4679999999999999,3.33,2.956,0.7965715769117738,0.770059880239521,0.82,0.82,1.22,3.16,0.4,1.02,2.3400000000000003,2.14,37.0,19.0,66.0,17.0,23354505.0,Rb,Rb,K,Dy,Cl,A2B1B2X6,mp_all,1,0.0,1,4.8552,direct,Labeled_from_MP_all_A2BBX6,Materials Project,mp-cljzw,KRb2DyCl6,4.8552,True,False,0.029880361,False,1.0,
Rb2KErCl6,1,1.0,1.0,1.0,3.0,-1.0,1.66,1.52,1.03,1.67,1.275,0.49,3.33,2.945,0.7995468867066904,0.7634730538922155,0.82,0.82,1.24,3.16,0.42,1.03,2.3400000000000003,2.13,37.0,19.0,68.0,17.0,25761145.0,Rb,Rb,K,Er,Cl,A2B1B2X6,mp_all,1,0.0,1,4.8731,direct,Labeled_from_MP_all_A2BBX6,Materials Project,mp-cljzt,KRb2ErCl6,4.8731,True,False,0.030269481,False,1.0,
Rb2KGaBr6,1,1.0,1.0,1.0,3.0,-1.0,1.66,1.52,0.76,1.82,1.14,0.76,3.48,2.96,0.8313282427463463,0.6263736263736264,0.82,0.82,1.81,2.96,0.99,1.315,2.14,1.645,37.0,19.0,31.0,35.0,13805914.0,Rb,Rb,K,Ga,Br,A2B1B2X6,mp_all,1,0.0,1,2.1466,direct,Labeled_from_MP_all_A2BBX6,Materials Project,mp-cljzr,KRb2GaBr6,2.1466,True,False,0.098285569,False,1.0,
Rb2KGaCl6,1,1.0,1.0,1.0,3.0,-1.0,1.66,1.52,0.76,1.67,1.14,0.76,3.33,2.81,0.8379592816196453,0.6826347305389222,0.82,0.82,1.81,3.16,0.99,1.315,2.3400000000000003,1.845,37.0,19.0,31.0,17.0,5303290.0,Rb,Rb,K,Ga,Cl,A2B1B2X6,mp_all,1,0.0,1,3.3948,direct,Labeled_from_MP_all_A2BBX6,Materials Project,mp-cljzs,KRb2GaCl6,3.3948,True,False,0.071035822,False,1.0,
Rb2KGaI6,1,1.0,1.0,1.0,3.0,-1.0,1.66,1.52,0.76,2.06,1.14,0.76,3.72,3.2,0.8220116331293613,0.5533980582524273,0.82,0.82,1.81,2.66,0.99,1.315,1.8400000000000003,1.3450000000000002,37.0,19.0,31.0,53.0,52145050.0,Rb,Rb,K,Ga,I,A2B1B2X6,mp_all,1,0.0,1,0.8262,direct,Labeled_from_MP_all_A2BBX6,Materials Project,mp-clkfd,KRb2GaI6,0.8262,True,False,0.142858098,False,1.0,
Rb2KGdCl6,1,1.0,1.0,1.0,3.0,-1.0,1.66,1.52,1.075,1.67,1.2975,0.445,3.33,2.9675,0.7934846103963616,0.7769461077844311,0.82,0.82,1.2,3.16,0.38,1.01,2.3400000000000003,2.1500000000000004,37.0,19.0,64.0,17.0,21156985.0,Rb,Rb,K,Gd,Cl,A2B1B2X6,mp_all,1,0.0,1,3.253,direct,Labeled_from_MP_all_A2BBX6,Materials Project,mp-cljzp,KRb2GdCl6,3.253,True,False,0.027833005,False,1.0,
Rb2KInBr6,1,1.0,1.0,1.0,3.0,-1.0,1.66,1.52,0.94,1.82,1.23,0.5800000000000001,3.48,3.05,0.806797245419405,0.6758241758241758,0.82,0.82,1.78,2.96,0.96,1.3,2.14,1.66,37.0,19.0,49.0,35.0,18647194.0,Rb,Rb,K,In,Br,A2B1B2X6,mp_all,1,0.0,1,2.3739,direct,Labeled_from_MP_all_A2BBX6,Materials Project,mp-clkcw,KRb2InBr6,2.3739,True,False,0.043991249,False,1.0,
Rb2KInCl6,1,1.0,1.0,1.0,3.0,-1.0,1.66,1.52,0.94,1.67,1.23,0.5800000000000001,3.33,2.9,0.8119536487417942,0.7365269461077845,0.82,0.82,1.78,3.16,0.96,1.3,2.3400000000000003,1.86,37.0,19.0,49.0,17.0,10144570.0,Rb,Rb,K,In,Cl,A2B1B2X6,mp_all,1,1.0,1,3.5425,direct,Labeled_from_MP_all_A2BBX6,Materials Project,mp-cehuv,KRb2InCl6,3.5425,True,False,0.0,True,1.0,
Rb2KInI6,1,1.0,1.0,1.0,3.0,-1.0,1.66,1.52,0.94,2.06,1.23,0.5800000000000001,3.72,3.29,0.7995249927094092,0.5970873786407767,0.82,0.82,1.78,2.66,0.96,1.3,1.8400000000000003,1.36,37.0,19.0,49.0,53.0,56986330.0,Rb,Rb,K,In,I,A2B1B2X6,mp_all,1,0.0,1,1.2656,direct,Labeled_from_MP_all_A2BBX6,Materials Project,mp-clkfa,KRb2InI6,1.2656,True,False,0.093475274,False,1.0,
Rb2KLaCl6,1,1.0,1.0,1.0,3.0,-1.0,1.66,1.52,1.172,1.67,1.346,0.3480000000000001,3.33,3.016,0.7807246622517252,0.8059880239520959,0.82,0.82,1.1,3.16,0.2800000000000001,0.96,2.3400000000000003,2.2,37.0,19.0,57.0,17.0,14935770.0,Rb,Rb,K,La,Cl,A2B1B2X6,mp_all,1,0.0,1,4.7565,direct,Labeled_from_MP_all_A2BBX6,Materials Project,mp-clkcx,KRb2LaCl6,4.7565,True,False,0.063043988,False,1.0,
Rb2KLuCl6,1,1.0,1.0,1.0,3.0,-1.0,1.66,1.52,1.001,1.67,1.2605,0.5190000000000001,3.33,2.9305,0.8035030135987727,0.7547904191616767,0.82,0.82,1.27,3.16,0.45,1.045,2.3400000000000003,2.115,37.0,19.0,71.0,17.0,29791450.0,Rb,Rb,K,Lu,Cl,A2B1B2X6,mp_all,1,0.0,1,4.9104,direct,Labeled_from_MP_all_A2BBX6,Materials Project,mp-cljzn,KRb2LuCl6,4.9104,True,False,0.010392505,False,1.0,
Rb2KScBr6,0,1.0,1.0,1.0,3.0,-1.0,1.66,1.52,0.885,1.82,1.2025,0.635,3.48,3.0225,0.8141378324331465,0.6607142857142858,0.82,0.82,1.36,2.96,0.5400000000000001,1.09,2.14,1.87,37.0,19.0,21.0,35.0,13076874.0,Rb,Rb,K,Sc,Br,A2B1B2X6,mp_all,1,0.0,1,3.1918,indirect,Labeled_from_MP_all_A2BBX6,Materials Project,mp-clkcu,KRb2ScBr6,3.1918,False,False,0.028263042,False,1.0,
Rb2KScCl6,0,1.0,1.0,1.0,3.0,-1.0,1.66,1.52,0.885,1.67,1.2025,0.635,3.33,2.8725,0.8197269212710889,0.720059880239521,0.82,0.82,1.36,3.16,0.5400000000000001,1.09,2.3400000000000003,2.0700000000000003,37.0,19.0,21.0,17.0,4574250.0,Rb,Rb,K,Sc,Cl,A2B1B2X6,mp_all,1,1.0,1,4.0163,indirect,Labeled_from_MP_all_A2BBX6,Materials Project,mp-cljzo,KRb2ScCl6,4.0163,False,False,0.0,True,1.0,
Rb2KScI6,0,1.0,1.0,1.0,3.0,-1.0,1.66,1.52,0.885,2.06,1.2025,0.635,3.72,3.2625,0.8062642838356954,0.5837378640776699,0.82,0.82,1.36,2.66,0.5400000000000001,1.09,1.8400000000000003,1.57,37.0,19.0,21.0,53.0,51416010.0,Rb,Rb,K,Sc,I,A2B1B2X6,mp_all,1,0.0,1,2.339,indirect,Labeled_from_MP_all_A2BBX6,Materials Project,mp-cleyr,KRb2ScI6,2.339,False,False,0.0152075,False,1.0,
Rb2KSmCl6,1,1.0,1.0,1.0,3.0,-1.0,1.66,1.52,1.098,1.67,1.3090000000000002,0.4219999999999999,3.33,2.979,0.7904214774592826,0.7838323353293415,0.82,0.82,1.17,3.16,0.35,0.995,2.3400000000000003,2.165,37.0,19.0,62.0,17.0,19156105.0,Rb,Rb,K,Sm,Cl,A2B1B2X6,mp_all,1,0.0,1,4.796,direct,Labeled_from_MP_all_A2BBX6,Materials Project,mp-cljzl,KRb2SmCl6,4.796,True,False,0.0393273,False,1.0,
Rb2KTbCl6,1,1.0,1.0,1.0,3.0,-1.0,1.66,1.52,1.063,1.67,1.2915,0.4570000000000001,3.33,2.9615,0.795092210484958,0.7733532934131737,0.82,0.82,1.1,3.16,0.2800000000000001,0.96,2.3400000000000003,2.2,37.0,19.0,65.0,17.0,22230394.0,Rb,Rb,K,Tb,Cl,A2B1B2X6,mp_all,1,0.0,1,4.5645,direct,Labeled_from_MP_all_A2BBX6,Materials Project,mp-cljzm,KRb2TbCl6,4.5645,True,False,0.030724395,False,1.0,
Rb2KTlBr6,1,1.0,1.0,1.0,3.0,-1.0,1.66,1.52,1.025,1.82,1.2725,0.4950000000000001,3.48,3.0925,0.7957094902277073,0.6991758241758241,0.82,0.82,1.62,2.96,0.8000000000000002,1.22,2.14,1.74,37.0,19.0,81.0,35.0,55929114.0,Rb,Rb,K,Tl,Br,A2B1B2X6,mp_all,1,0.0,1,1.3876,direct,Labeled_from_MP_all_A2BBX6,Materials Project,mp-clkcv,KRb2TlBr6,1.3876,True,False,0.050483113,False,1.0,
Rb2KTlCl6,1,1.0,1.0,1.0,3.0,-1.0,1.66,1.52,1.025,1.67,1.2725,0.4950000000000001,3.33,2.9425,0.800226195871267,0.7619760479041916,0.82,0.82,1.62,3.16,0.8000000000000002,1.22,2.3400000000000003,1.94,37.0,19.0,81.0,17.0,47426490.0,Rb,Rb,K,Tl,Cl,A2B1B2X6,mp_all,1,0.0,1,2.416,direct,Labeled_from_MP_all_A2BBX6,Materials Project,mp-cljzj,KRb2TlCl6,2.416,True,False,0.036305611,False,1.0,
Rb2KTlI6,1,1.0,1.0,1.0,3.0,-1.0,1.66,1.52,1.025,2.06,1.2725,0.4950000000000001,3.72,3.3325,0.7893284999291692,0.6177184466019418,0.82,0.82,1.62,2.66,0.8000000000000002,1.22,1.8400000000000003,1.4400000000000002,37.0,19.0,81.0,53.0,94268250.0,Rb,Rb,K,Tl,I,A2B1B2X6,mp_all,1,0.0,1,0.4749,direct,Labeled_from_MP_all_A2BBX6,Materials Project,mp-clkeu,KRb2TlI6,0.4749,True,False,0.124543354,False,1.0,
Rb2KTmCl6,1,1.0,1.0,1.0,3.0,-1.0,1.66,1.52,1.02,1.67,1.27,0.5,3.33,2.94,0.8009066603235385,0.7604790419161677,0.82,0.82,1.25,3.16,0.43,1.035,2.3400000000000003,2.125,37.0,19.0,69.0,17.0,27046890.0,Rb,Rb,K,Tm,Cl,A2B1B2X6,mp_all,1,0.0,1,4.8715,direct,Labeled_from_MP_all_A2BBX6,Materials Project,mp-cljzk,KRb2TmCl6,4.8715,True,False,0.027685155,False,1.0,
Li2CuSbCl6,0,1.0,1.0,1.0,3.0,-1.0,0.9,0.91,0.9,1.67,0.905,0.01,2.57,2.575,0.705733758310457,0.5419161676646707,0.98,1.9,2.05,3.16,0.1499999999999999,1.975,2.18,1.1850000000000005,3.0,29.0,51.0,17.0,7973770.0,Li,Li,Cu,Sb,Cl,A2B1B2X6,mp_all,1,0.0,1,0.6312,indirect,Labeled_from_MP_all_A2BBX6,Materials Project,mp-clfrk,Li2CuSbCl6,0.6312,False,False,0.288515635,False,1.0,
Li2CuInCl6,0,1.0,1.0,1.0,3.0,-1.0,0.9,0.91,0.94,1.67,0.925,0.0299999999999999,2.57,2.595,0.7002945771288736,0.5538922155688624,0.98,1.9,1.78,3.16,0.1199999999999998,1.84,2.18,1.3200000000000005,3.0,29.0,49.0,17.0,6973370.0,Li,Li,Cu,In,Cl,A2B1B2X6,mp_all,1,0.0,1,0.065,indirect,Labeled_from_MP_all_A2BBX6,Materials Project,mp-clfrn,Li2InCuCl6,0.065,False,False,0.236802992,False,1.0,
Li2CuScCl6,0,1.0,1.0,1.0,3.0,-1.0,0.9,0.91,0.885,1.67,0.8975,0.025,2.57,2.5675,0.7077952980134087,0.5374251497005988,0.98,1.9,1.36,3.16,0.5399999999999998,1.63,2.18,1.5300000000000002,3.0,29.0,21.0,17.0,1403050.0,Li,Li,Cu,Sc,Cl,A2B1B2X6,mp_all,1,0.0,1,1.8566,indirect,Labeled_from_MP_all_A2BBX6,Materials Project,mp-clfww,Li2ScCuCl6,1.8566,False,False,0.273103562,False,1.0,
Tl2LiScCl6,1,1.0,1.0,1.0,3.0,-1.0,1.64,0.9,0.885,1.67,0.8925000000000001,0.015,3.31,2.5625,0.9133750032107208,0.534431137724551,1.62,0.98,1.36,3.16,0.3800000000000001,1.17,1.54,1.99,81.0,3.0,21.0,17.0,86789130.0,Tl,Tl,Li,Sc,Cl,A2B1B2X6,mp_all,1,1.0,1,3.7703,direct,Labeled_from_MP_all_A2BBX6,Materials Project,mp-cqpnd,LiSc(TlCl3)2,3.7703,True,False,0.0,True,1.0,
Tl2LiInCl6,0,1.0,1.0,1.0,3.0,-1.0,1.64,0.9,0.94,1.67,0.92,0.0399999999999999,3.31,2.59,0.903677006072383,0.5508982035928144,1.62,0.98,1.78,3.16,0.8,1.38,1.54,1.7800000000000002,81.0,3.0,49.0,17.0,92359450.0,Tl,Tl,Li,In,Cl,A2B1B2X6,mp_all,1,1.0,1,2.8771,indirect,Labeled_from_MP_all_A2BBX6,Materials Project,mp-cehue,LiTl2InCl6,2.8771,False,False,0.0,True,1.0,
Tl2LiYCl6,0,1.0,1.0,1.0,3.0,-1.0,1.64,0.9,1.04,1.67,0.97,0.14,3.31,2.64,0.8865619112604062,0.5808383233532934,1.62,0.98,1.22,3.16,0.24,1.1,1.54,2.06,81.0,3.0,39.0,17.0,88908090.0,Tl,Tl,Li,Y,Cl,A2B1B2X6,mp_all,1,1.0,1,4.4444,indirect,Labeled_from_MP_all_A2BBX6,Materials Project,mp-cmwin,LiY(TlCl3)2,4.4444,False,False,0.0,True,1.0,
O2MoPCl6,0,-2.0,-2.0,5.0,5.0,-1.0,1.26,0.75,0.52,1.67,0.635,0.2299999999999999,2.93,2.305,0.8988385548271516,0.3802395209580838,3.44,2.16,2.19,3.16,0.0299999999999998,2.175,0.2799999999999998,0.9850000000000004,8.0,42.0,15.0,17.0,3671639.0,O,O,Mo,P,Cl,A2B1B2X6,mp_all,1,0.0,1,2.6537,indirect,Labeled_from_MP_all_A2BBX6,Materials Project,mp-bfqax,MoP(Cl3O)2,2.6537,False,False,0.107083687,False,1.0,
Na2AgAsBr6,0,1.0,1.0,1.0,3.0,-1.0,1.16,1.29,0.72,1.82,1.005,0.5700000000000001,2.98,2.825,0.7459037904197916,0.5521978021978021,0.93,1.93,2.18,2.96,0.2500000000000002,2.055,2.03,0.9049999999999998,11.0,47.0,33.0,35.0,15098634.0,Na,Na,Ag,As,Br,A2B1B2X6,mp_all,1,0.0,1,1.0359,indirect,Labeled_from_MP_all_A2BBX6,Materials Project,mp-clfue,Na2AgAsBr6,1.0359,False,False,0.150597374,False,1.0,
Na2AgAsCl6,0,1.0,1.0,1.0,3.0,-1.0,1.16,1.29,0.72,1.67,1.005,0.5700000000000001,2.83,2.675,0.7480793236478241,0.6017964071856287,0.93,1.93,2.18,3.16,0.2500000000000002,2.055,2.23,1.105,11.0,47.0,33.0,17.0,6596010.0,Na,Na,Ag,As,Cl,A2B1B2X6,mp_all,1,0.0,1,1.4895,indirect,Labeled_from_MP_all_A2BBX6,Materials Project,mp-clghr,Na2AgAsCl6,1.4895,False,False,0.144124062,False,1.0,
Na2AgSbCl6,0,1.0,1.0,1.0,3.0,-1.0,1.16,1.29,0.9,1.67,1.095,0.39,2.83,2.765,0.723729544577913,0.655688622754491,0.93,1.93,2.05,3.16,0.1199999999999998,1.99,2.23,1.1700000000000004,11.0,47.0,51.0,17.0,12175290.0,Na,Na,Ag,Sb,Cl,A2B1B2X6,mp_all,1,0.0,1,1.5821,indirect,Labeled_from_MP_all_A2BBX6,Materials Project,mp-clghm,Na2AgSbCl6,1.5821,False,False,0.141184699,False,1.0,
Na2AgAlBr6,1,1.0,1.0,1.0,3.0,-1.0,1.16,1.29,0.675,1.82,0.9825,0.615,2.98,2.8025,0.7518923132688354,0.5398351648351648,0.93,1.93,1.61,2.96,0.3199999999999998,1.77,2.03,1.19,11.0,47.0,13.0,35.0,13941274.0,Na,Na,Ag,Al,Br,A2B1B2X6,mp_all,1,0.0,1,1.4745,direct,Labeled_from_MP_all_A2BBX6,Materials Project,mp-clgji,Na2AlAgBr6,1.4745,True,False,0.19810043,False,1.0,
Na2AgAlCl6,1,1.0,1.0,1.0,3.0,-1.0,1.16,1.29,0.675,1.67,0.9825,0.615,2.83,2.6525,0.7544249541028952,0.5883233532934132,0.93,1.93,1.61,3.16,0.3199999999999998,1.77,2.23,1.39,11.0,47.0,13.0,17.0,5438650.0,Na,Na,Ag,Al,Cl,A2B1B2X6,mp_all,1,0.0,1,2.461,direct,Labeled_from_MP_all_A2BBX6,Materials Project,mp-clght,Na2AlAgCl6,2.461,True,False,0.151799933,False,1.0,
Na2CuBiBr6,0,1.0,1.0,1.0,3.0,-1.0,1.16,0.91,1.17,1.82,1.04,0.2599999999999999,2.98,2.8600000000000003,0.7367755971803885,0.5714285714285714,0.93,1.9,2.02,2.96,0.1200000000000001,1.96,2.03,1.0,11.0,29.0,83.0,35.0,57198634.0,Na,Na,Cu,Bi,Br,A2B1B2X6,mp_all,1,0.0,1,0.8534,indirect,Labeled_from_MP_all_A2BBX6,Materials Project,mp-clfrz,Na2CuBiBr6,0.8534,False,False,0.164256326,False,1.0,
Na2CuBiCl6,0,1.0,1.0,1.0,3.0,-1.0,1.16,0.91,1.17,1.67,1.04,0.2599999999999999,2.83,2.71,0.7384177825675017,0.6227544910179641,0.93,1.9,2.02,3.16,0.1200000000000001,1.96,2.23,1.2000000000000002,11.0,29.0,83.0,17.0,48696010.0,Na,Na,Cu,Bi,Cl,A2B1B2X6,mp_all,1,0.0,1,1.135,indirect,Labeled_from_MP_all_A2BBX6,Materials Project,mp-clggk,Na2CuBiCl6,1.135,False,False,0.123248524,False,1.0,
Na2CuSbCl6,0,1.0,1.0,1.0,3.0,-1.0,1.16,0.91,0.9,1.67,0.905,0.01,2.83,2.575,0.777130947867157,0.5419161676646707,0.93,1.9,2.05,3.16,0.1499999999999999,1.975,2.23,1.1850000000000005,11.0,29.0,51.0,17.0,8002890.0,Na,Na,Cu,Sb,Cl,A2B1B2X6,mp_all,1,0.0,1,0.9108,indirect,Labeled_from_MP_all_A2BBX6,Materials Project,mp-clghk,Na2CuSbCl6,0.9108,False,False,0.14094836,False,1.0,
Na2CuDyCl6,0,1.0,1.0,1.0,3.0,-1.0,1.16,0.91,1.052,1.67,0.981,0.142,2.83,2.651,0.7548518260120444,0.5874251497005989,0.93,1.9,1.22,3.16,0.6799999999999999,1.56,2.23,1.6,11.0,29.0,66.0,17.0,20212425.0,Na,Na,Cu,Dy,Cl,A2B1B2X6,mp_all,1,0.0,1,1.6541,indirect,Labeled_from_MP_all_A2BBX6,Materials Project,mp-clfrw,Na2DyCuCl6,1.6541,False,False,0.154009534,False,1.0,
Na2CuErCl6,0,1.0,1.0,1.0,3.0,-1.0,1.16,0.91,1.03,1.67,0.97,0.12,2.83,2.64,0.7579970419537613,0.5808383233532934,0.93,1.9,1.24,3.16,0.6599999999999999,1.5699999999999998,2.23,1.5900000000000003,11.0,29.0,68.0,17.0,22619065.0,Na,Na,Cu,Er,Cl,A2B1B2X6,mp_all,1,0.0,1,1.699,indirect,Labeled_from_MP_all_A2BBX6,Materials Project,mp-clggi,Na2ErCuCl6,1.699,False,False,0.154562213,False,1.0,
Na2CuEuCl6,0,1.0,1.0,1.0,3.0,-1.0,1.16,0.91,1.087,1.67,0.9985,0.1769999999999999,2.83,2.6685,0.7499015142431814,0.5979041916167664,0.93,1.9,1.2,3.16,0.7,1.5499999999999998,2.23,1.6100000000000003,11.0,29.0,63.0,17.0,16990650.0,Na,Na,Cu,Eu,Cl,A2B1B2X6,mp_all,1,0.0,1,0.357,indirect,Labeled_from_MP_all_A2BBX6,Materials Project,mp-clggh,Na2EuCuCl6,0.357,False,False,0.146615909,False,1.0,
Na2AgGaCl6,1,1.0,1.0,1.0,3.0,-1.0,1.16,1.29,0.76,1.67,1.025,0.53,2.83,2.695,0.7425277145669497,0.6137724550898204,0.93,1.93,1.81,3.16,0.1199999999999998,1.87,2.23,1.29,11.0,47.0,31.0,17.0,6333610.0,Na,Na,Ag,Ga,Cl,A2B1B2X6,mp_all,1,0.0,1,1.1607,direct,Labeled_from_MP_all_A2BBX6,Materials Project,mp-clfrl,Na2GaAgCl6,1.1607,True,False,0.166290601,False,1.0,
Na2AgInBr6,1,1.0,1.0,1.0,3.0,-1.0,1.16,1.29,0.94,1.82,1.115,0.3500000000000001,2.98,2.935,0.7179482820906001,0.6126373626373626,0.93,1.93,1.78,2.96,0.1499999999999999,1.855,2.03,1.105,11.0,47.0,49.0,35.0,19677514.0,Na,Na,Ag,In,Br,A2B1B2X6,mp_all,1,0.0,1,0.1697,direct,Labeled_from_MP_all_A2BBX6,Materials Project,mp-clftw,Na2InAgBr6,0.1697,True,False,0.160506503,False,1.0,
Na2AgInCl6,1,1.0,1.0,1.0,3.0,-1.0,1.16,1.29,0.94,1.67,1.115,0.3500000000000001,2.83,2.785,0.7185322049400106,0.6676646706586826,0.93,1.93,1.78,3.16,0.1499999999999999,1.855,2.23,1.3050000000000002,11.0,47.0,49.0,17.0,11174890.0,Na,Na,Ag,In,Cl,A2B1B2X6,mp_all,1,0.0,1,1.284,direct,Labeled_from_MP_all_A2BBX6,Materials Project,mp-clghi,Na2InAgCl6,1.284,True,False,0.122314266,False,1.0,
Na2CuLaCl6,0,1.0,1.0,1.0,3.0,-1.0,1.16,0.91,1.172,1.67,1.041,0.2619999999999999,2.83,2.711,0.738145404189572,0.6233532934131736,0.93,1.9,1.1,3.16,0.7999999999999998,1.5,2.23,1.66,11.0,29.0,57.0,17.0,11793690.0,Na,Na,Cu,La,Cl,A2B1B2X6,mp_all,1,0.0,1,1.3857,indirect,Labeled_from_MP_all_A2BBX6,Materials Project,mp-clfmp,Na2LaCuCl6,1.3857,False,False,0.20527109,False,1.0,
Na2LiBiBr6,0,1.0,1.0,1.0,3.0,-1.0,1.16,0.9,1.17,1.82,1.035,0.2699999999999999,2.98,2.855,0.7380659222192335,0.5686813186813187,0.93,0.98,2.02,2.96,1.04,1.5,2.03,1.46,11.0,3.0,83.0,35.0,56491434.0,Na,Na,Li,Bi,Br,A2B1B2X6,mp_all,1,0.0,1,2.9192,indirect,Labeled_from_MP_all_A2BBX6,Materials Project,mp-clgpf,Na2LiBiBr6,2.9192,False,False,0.163904059,False,1.0,
Na2LiBiCl6,0,1.0,1.0,1.0,3.0,-1.0,1.16,0.9,1.17,1.67,1.035,0.2699999999999999,2.83,2.705,0.7397826952894379,0.6197604790419161,0.93,0.98,2.02,3.16,1.04,1.5,2.23,1.66,11.0,3.0,83.0,17.0,47988810.0,Na,Na,Li,Bi,Cl,A2B1B2X6,mp_all,1,0.0,1,3.5061,indirect,Labeled_from_MP_all_A2BBX6,Materials Project,mp-clgmd,Na2LiBiCl6,3.5061,False,False,0.121721159,False,1.0,
Na2LiBiI6,0,1.0,1.0,1.0,3.0,-1.0,1.16,0.9,1.17,2.06,1.035,0.2699999999999999,3.22,3.095,0.7356652133830963,0.5024271844660194,0.93,0.98,2.02,2.66,1.04,1.5,1.73,1.16,11.0,3.0,83.0,53.0,94830570.0,Na,Na,Li,Bi,I,A2B1B2X6,mp_all,1,0.0,1,1.9141,indirect,Labeled_from_MP_all_A2BBX6,Materials Project,mp-clgrr,Na2LiBiI6,1.9141,False,False,0.191960372,False,1.0,
Na2LiCeCl6,0,1.0,1.0,1.0,3.0,-1.0,1.16,0.9,1.15,1.67,1.025,0.2499999999999999,2.83,2.695,0.7425277145669497,0.6137724550898204,0.93,0.98,1.12,3.16,0.1400000000000001,1.05,2.23,2.1100000000000003,11.0,3.0,58.0,17.0,11846985.0,Na,Na,Li,Ce,Cl,A2B1B2X6,mp_all,1,0.0,1,0.4811,indirect,Labeled_from_MP_all_A2BBX6,Materials Project,mp-cljvc,Na2LiCeCl6,0.4811,False,False,0.156016775,False,1.0,
Na2LiDyCl6,1,1.0,1.0,1.0,3.0,-1.0,1.16,0.9,1.052,1.67,0.976,0.152,2.83,2.646,0.756278227799671,0.5844311377245509,0.93,0.98,1.22,3.16,0.24,1.1,2.23,2.06,11.0,3.0,66.0,17.0,19505225.0,Na,Na,Li,Dy,Cl,A2B1B2X6,mp_all,1,0.0,1,3.9746,direct,Labeled_from_MP_all_A2BBX6,Materials Project,mp-cljrz,Na2LiDyCl6,3.9746,True,False,0.118980277,False,1.0,
Na2LiErCl6,1,1.0,1.0,1.0,3.0,-1.0,1.16,0.9,1.03,1.67,0.965,0.13,2.83,2.635,0.7594353665115482,0.5778443113772456,0.93,0.98,1.24,3.16,0.26,1.11,2.23,2.0500000000000003,11.0,3.0,68.0,17.0,21911865.0,Na,Na,Li,Er,Cl,A2B1B2X6,mp_all,1,0.0,1,3.9979,direct,Labeled_from_MP_all_A2BBX6,Materials Project,mp-cljvd,Na2LiErCl6,3.9979,True,False,0.118549657,False,1.0,
Na2LiGdCl6,1,1.0,1.0,1.0,3.0,-1.0,1.16,0.9,1.075,1.67,0.9875,0.1749999999999999,2.83,2.6575,0.7530055280368503,0.5913173652694611,0.93,0.98,1.2,3.16,0.2199999999999999,1.09,2.23,2.0700000000000003,11.0,3.0,64.0,17.0,17307705.0,Na,Na,Li,Gd,Cl,A2B1B2X6,mp_all,1,0.0,1,2.9065,direct,Labeled_from_MP_all_A2BBX6,Materials Project,mp-cljvb,Na2LiGdCl6,2.9065,True,False,0.129712058,False,1.0,
Na2LiInCl6,1,1.0,1.0,1.0,3.0,-1.0,1.16,0.9,0.94,1.67,0.92,0.0399999999999999,2.83,2.59,0.772630189481826,0.5508982035928144,0.93,0.98,1.78,3.16,0.8,1.38,2.23,1.7800000000000002,11.0,3.0,49.0,17.0,6295290.0,Na,Na,Li,In,Cl,A2B1B2X6,mp_all,1,0.0,1,2.9328,direct,Labeled_from_MP_all_A2BBX6,Materials Project,mp-clgfd,Na2LiInCl6,2.9328,True,False,0.12007188,False,1.0,
Na2LiLaCl6,1,1.0,1.0,1.0,3.0,-1.0,1.16,0.9,1.172,1.67,1.036,0.2719999999999999,2.83,2.706,0.7395093092231816,0.6203592814371258,0.93,0.98,1.1,3.16,0.1200000000000001,1.04,2.23,2.12,11.0,3.0,57.0,17.0,11086490.0,Na,Na,Li,La,Cl,A2B1B2X6,mp_all,1,0.0,1,3.9591,direct,Labeled_from_MP_all_A2BBX6,Materials Project,mp-cljsa,Na2LiLaCl6,3.9591,True,False,0.176800236,False,1.0,
Na2LiLuCl6,1,1.0,1.0,1.0,3.0,-1.0,1.16,0.9,1.001,1.67,0.9505,0.1009999999999998,2.83,2.6205,0.7636375465590267,0.5691616766467066,0.93,0.98,1.27,3.16,0.29,1.125,2.23,2.035,11.0,3.0,71.0,17.0,25942170.0,Na,Na,Li,Lu,Cl,A2B1B2X6,mp_all,1,0.0,1,4.1938,direct,Labeled_from_MP_all_A2BBX6,Materials Project,mp-clixw,Na2LiLuCl6,4.1938,True,False,0.113208251,False,1.0,
Na2LiNdCl6,1,1.0,1.0,1.0,3.0,-1.0,1.16,0.9,1.123,1.67,1.0115,0.2229999999999999,2.83,2.6815,0.7462659670922729,0.6056886227544911,0.93,0.98,1.14,3.16,0.1599999999999999,1.06,2.23,2.1,11.0,3.0,60.0,17.0,13490489.0,Na,Na,Li,Nd,Cl,A2B1B2X6,mp_all,1,0.0,1,4.0094,direct,Labeled_from_MP_all_A2BBX6,Materials Project,mp-cljod,Na2LiNdCl6,4.0094,True,False,0.158289755,False,1.0,
Na2LiPrCl6,1,1.0,1.0,1.0,3.0,-1.0,1.16,0.9,1.13,1.67,1.015,0.2299999999999998,2.83,2.685,0.7452931809154301,0.6077844311377245,0.93,0.98,1.13,3.16,0.1499999999999999,1.055,2.23,2.1050000000000004,11.0,3.0,59.0,17.0,12647850.0,Na,Na,Li,Pr,Cl,A2B1B2X6,mp_all,1,0.0,1,3.9815,direct,Labeled_from_MP_all_A2BBX6,Materials Project,mp-cljoe,Na2LiPrCl6,3.9815,True,False,0.170177802,False,1.0,
Na2LiSbCl6,0,1.0,1.0,1.0,3.0,-1.0,1.16,0.9,0.9,1.67,0.9,0.0,2.83,2.57,0.7786428757812955,0.5389221556886228,0.93,0.98,2.05,3.16,1.0699999999999998,1.515,2.23,1.6450000000000002,11.0,3.0,51.0,17.0,7295690.0,Na,Na,Li,Sb,Cl,A2B1B2X6,mp_all,1,0.0,1,2.9225,indirect,Labeled_from_MP_all_A2BBX6,Materials Project,mp-clgfc,Na2LiSbCl6,2.9225,False,False,0.14529252,False,1.0,
Na2LiScCl6,1,1.0,1.0,1.0,3.0,-1.0,1.16,0.9,0.885,1.67,0.8925000000000001,0.015,2.83,2.5625,0.7809218305396798,0.534431137724551,0.93,0.98,1.36,3.16,0.3800000000000001,1.17,2.23,1.99,11.0,3.0,21.0,17.0,724970.0,Na,Na,Li,Sc,Cl,A2B1B2X6,mp_all,1,0.0,1,3.7427,direct,Labeled_from_MP_all_A2BBX6,Materials Project,mp-clgfb,Na2LiScCl6,3.7427,True,False,0.103269763,False,1.0,
Na2LiSmCl6,1,1.0,1.0,1.0,3.0,-1.0,1.16,0.9,1.098,1.67,0.999,0.198,2.83,2.669,0.7497610306324202,0.5982035928143713,0.93,0.98,1.17,3.16,0.1899999999999999,1.075,2.23,2.085,11.0,3.0,62.0,17.0,15306825.0,Na,Na,Li,Sm,Cl,A2B1B2X6,mp_all,1,0.0,1,4.0551,direct,Labeled_from_MP_all_A2BBX6,Materials Project,mp-cljof,Na2LiSmCl6,4.0551,True,False,0.131820636,False,1.0,
Na2LiTbCl6,1,1.0,1.0,1.0,3.0,-1.0,1.16,0.9,1.063,1.67,0.9815,0.1629999999999999,2.83,2.6515,0.7547094817114575,0.5877245508982036,0.93,0.98,1.1,3.16,0.1200000000000001,1.04,2.23,2.12,11.0,3.0,65.0,17.0,18381114.0,Na,Na,Li,Tb,Cl,A2B1B2X6,mp_all,1,0.0,1,3.96,direct,Labeled_from_MP_all_A2BBX6,Materials Project,mp-clixy,Na2LiTbCl6,3.96,True,False,0.122548399,False,1.0,
Na2LiTlBr6,1,1.0,1.0,1.0,3.0,-1.0,1.16,0.9,1.025,1.82,0.9625,0.1249999999999998,2.98,2.7825,0.75729675038128,0.5288461538461537,0.93,0.98,1.62,2.96,0.6400000000000001,1.3,2.03,1.66,11.0,3.0,81.0,35.0,52079834.0,Na,Na,Li,Tl,Br,A2B1B2X6,mp_all,1,0.0,1,0.5731,direct,Labeled_from_MP_all_A2BBX6,Materials Project,mp-clgpe,Na2LiTlBr6,0.5731,True,False,0.124042547,False,1.0,
Na2LiTlCl6,1,1.0,1.0,1.0,3.0,-1.0,1.16,0.9,1.025,1.67,0.9625,0.1249999999999998,2.83,2.6325,0.7601565776858232,0.5763473053892215,0.93,0.98,1.62,3.16,0.6400000000000001,1.3,2.23,1.86,11.0,3.0,81.0,17.0,43577210.0,Na,Na,Li,Tl,Cl,A2B1B2X6,mp_all,1,0.0,1,1.6283,direct,Labeled_from_MP_all_A2BBX6,Materials Project,mp-clgfa,Na2LiTlCl6,1.6283,True,False,0.137880685,False,1.0,
Na2LiTmCl6,1,1.0,1.0,1.0,3.0,-1.0,1.16,0.9,1.02,1.67,0.96,0.12,2.83,2.63,0.7608791599840036,0.5748502994011976,0.93,0.98,1.25,3.16,0.27,1.115,2.23,2.045,11.0,3.0,69.0,17.0,23197610.0,Na,Na,Li,Tm,Cl,A2B1B2X6,mp_all,1,0.0,1,4.177,direct,Labeled_from_MP_all_A2BBX6,Materials Project,mp-cliwq,Na2LiTmCl6,4.177,True,False,0.114728167,False,1.0,
Na2LiYBr6,1,1.0,1.0,1.0,3.0,-1.0,1.16,0.9,1.04,1.82,0.97,0.14,2.98,2.79,0.7552610064286421,0.532967032967033,0.93,0.98,1.22,2.96,0.24,1.1,2.03,1.86,11.0,3.0,39.0,35.0,11346554.0,Na,Na,Li,Y,Br,A2B1B2X6,mp_all,1,0.0,1,3.1247,direct,Labeled_from_MP_all_A2BBX6,Materials Project,mp-clgpd,Na2LiYBr6,3.1247,True,False,0.143496307,False,1.0,
Na2LiYCl6,1,1.0,1.0,1.0,3.0,-1.0,1.16,0.9,1.04,1.67,0.97,0.14,2.83,2.64,0.7579970419537613,0.5808383233532934,0.93,0.98,1.22,3.16,0.24,1.1,2.23,2.06,11.0,3.0,39.0,17.0,2843930.0,Na,Na,Li,Y,Cl,A2B1B2X6,mp_all,1,0.0,1,3.9688,direct,Labeled_from_MP_all_A2BBX6,Materials Project,mp-clgez,Na2LiYCl6,3.9688,True,False,0.125930686,False,1.0,
Na2AgLuCl6,0,1.0,1.0,1.0,3.0,-1.0,1.16,1.29,1.001,1.67,1.1455,0.2890000000000001,2.83,2.8155,0.7107484250605326,0.6859281437125748,0.93,1.93,1.27,3.16,0.6599999999999999,1.6,2.23,1.56,11.0,47.0,71.0,17.0,30821770.0,Na,Na,Ag,Lu,Cl,A2B1B2X6,mp_all,1,0.0,1,3.0362,indirect,Labeled_from_MP_all_A2BBX6,Materials Project,mp-clghf,Na2LuAgCl6,3.0362,False,False,0.13714825,False,1.0,
Na2CuLuCl6,0,1.0,1.0,1.0,3.0,-1.0,1.16,0.91,1.001,1.67,0.9555,0.0909999999999998,2.83,2.6255,0.7621832758552388,0.5721556886227546,0.93,1.9,1.27,3.16,0.6299999999999999,1.585,2.23,1.5750000000000002,11.0,29.0,71.0,17.0,26649370.0,Na,Na,Cu,Lu,Cl,A2B1B2X6,mp_all,1,0.0,1,1.7902,indirect,Labeled_from_MP_all_A2BBX6,Materials Project,mp-clfmo,Na2LuCuCl6,1.7902,False,False,0.149995407,False,1.0,
Na2CuNdCl6,0,1.0,1.0,1.0,3.0,-1.0,1.16,0.91,1.123,1.67,1.0165,0.2129999999999999,2.83,2.6865,0.7448770484861081,0.608682634730539,0.93,1.9,1.14,3.16,0.76,1.52,2.23,1.64,11.0,29.0,60.0,17.0,14197689.0,Na,Na,Cu,Nd,Cl,A2B1B2X6,mp_all,1,0.0,1,1.4176,indirect,Labeled_from_MP_all_A2BBX6,Materials Project,mp-cljac,Na2NdCuCl6,1.4176,False,False,0.1901559,False,1.0,
Na2CuPrCl6,0,1.0,1.0,1.0,3.0,-1.0,1.16,0.91,1.13,1.67,1.02,0.2199999999999998,2.83,2.69,0.7439078776051782,0.6107784431137725,0.93,1.9,1.13,3.16,0.77,1.515,2.23,1.6450000000000002,11.0,29.0,59.0,17.0,13355050.0,Na,Na,Cu,Pr,Cl,A2B1B2X6,mp_all,1,0.0,1,3.361,indirect,Labeled_from_MP_all_A2BBX6,Materials Project,mp-cljad,Na2PrCuCl6,3.361,False,False,0.108790378,False,1.0,
Na2AgScCl6,0,1.0,1.0,1.0,3.0,-1.0,1.16,1.29,0.885,1.67,1.0875,0.405,2.83,2.7575,0.7256979839557315,0.6511976047904191,0.93,1.93,1.36,3.16,0.5699999999999998,1.645,2.23,1.515,11.0,47.0,21.0,17.0,5604570.0,Na,Na,Ag,Sc,Cl,A2B1B2X6,mp_all,1,0.0,1,3.1331,indirect,Labeled_from_MP_all_A2BBX6,Materials Project,mp-clggz,Na2ScAgCl6,3.1331,False,False,0.124793623,False,1.0,
Na2CuScCl6,1,1.0,1.0,1.0,3.0,-1.0,1.16,0.91,0.885,1.67,0.8975,0.025,2.83,2.5675,0.7794010480069832,0.5374251497005988,0.93,1.9,1.36,3.16,0.5399999999999998,1.63,2.23,1.5300000000000002,11.0,29.0,21.0,17.0,1432170.0,Na,Na,Cu,Sc,Cl,A2B1B2X6,mp_all,1,0.0,1,1.8393,direct,Labeled_from_MP_all_A2BBX6,Materials Project,mp-clghg,Na2ScCuCl6,1.8393,True,False,0.131962782,False,1.0,
Na2CuSmCl6,0,1.0,1.0,1.0,3.0,-1.0,1.16,0.91,1.098,1.67,1.004,0.188,2.83,2.674,0.7483590840530776,0.6011976047904192,0.93,1.9,1.17,3.16,0.73,1.535,2.23,1.6250000000000002,11.0,29.0,62.0,17.0,16014025.0,Na,Na,Cu,Sm,Cl,A2B1B2X6,mp_all,1,0.0,1,1.4634,indirect,Labeled_from_MP_all_A2BBX6,Materials Project,mp-clgfo,Na2SmCuCl6,1.4634,False,False,0.163844381,False,1.0,
Na2CuTbCl6,0,1.0,1.0,1.0,3.0,-1.0,1.16,0.91,1.063,1.67,0.9865,0.1529999999999999,2.83,2.6565,0.7532889857925577,0.5907185628742515,0.93,1.9,1.1,3.16,0.7999999999999998,1.5,2.23,1.66,11.0,29.0,65.0,17.0,19088314.0,Na,Na,Cu,Tb,Cl,A2B1B2X6,mp_all,1,0.0,1,1.6434,indirect,Labeled_from_MP_all_A2BBX6,Materials Project,mp-clgfl,Na2TbCuCl6,1.6434,False,False,0.15710924,False,1.0,
Na2AgTmCl6,0,1.0,1.0,1.0,3.0,-1.0,1.16,1.29,1.02,1.67,1.155,0.27,2.83,2.825,0.7083582976134263,0.6916167664670659,0.93,1.93,1.25,3.16,0.6799999999999999,1.59,2.23,1.5700000000000005,11.0,47.0,69.0,17.0,28077210.0,Na,Na,Ag,Tm,Cl,A2B1B2X6,mp_all,1,0.0,1,2.6703,indirect,Labeled_from_MP_all_A2BBX6,Materials Project,mp-clggx,Na2TmAgCl6,2.6703,False,False,0.138224829,False,1.0,
Na2CuTmCl6,0,1.0,1.0,1.0,3.0,-1.0,1.16,0.91,1.02,1.67,0.965,0.1099999999999999,2.83,2.635,0.7594353665115482,0.5778443113772456,0.93,1.9,1.25,3.16,0.6499999999999999,1.575,2.23,1.5850000000000002,11.0,29.0,69.0,17.0,23904810.0,Na,Na,Cu,Tm,Cl,A2B1B2X6,mp_all,1,0.0,1,1.7455,indirect,Labeled_from_MP_all_A2BBX6,Materials Project,mp-clfok,Na2TmCuCl6,1.7455,False,False,0.151251659,False,1.0,
Na2CuYBr6,0,1.0,1.0,1.0,3.0,-1.0,1.16,0.91,1.04,1.82,0.975,0.13,2.98,2.795,0.753909913393886,0.5357142857142857,0.93,1.9,1.22,2.96,0.6799999999999999,1.56,2.03,1.4,11.0,29.0,39.0,35.0,12053754.0,Na,Na,Cu,Y,Br,A2B1B2X6,mp_all,1,0.0,1,1.6712,indirect,Labeled_from_MP_all_A2BBX6,Materials Project,mp-clgpk,Na2YCuBr6,1.6712,False,False,0.179029928,False,1.0,
Na2CuYCl6,0,1.0,1.0,1.0,3.0,-1.0,1.16,0.91,1.04,1.67,0.975,0.13,2.83,2.645,0.7565641552960035,0.5838323353293414,0.93,1.9,1.22,3.16,0.6799999999999999,1.56,2.23,1.6,11.0,29.0,39.0,17.0,3551130.0,Na,Na,Cu,Y,Cl,A2B1B2X6,mp_all,1,0.0,1,1.6872,indirect,Labeled_from_MP_all_A2BBX6,Materials Project,mp-clggo,Na2YCuCl6,1.6872,False,False,0.160291907,False,1.0,
O2NbPCl6,1,-2.0,-2.0,5.0,5.0,-1.0,1.26,0.78,0.52,1.67,0.65,0.26,2.93,2.32,0.8930270986537,0.3892215568862275,3.44,1.6,2.19,3.16,0.5899999999999999,1.895,0.2799999999999998,1.265,8.0,41.0,15.0,17.0,3385704.0,O,O,Nb,P,Cl,A2B1B2X6,mp_all,1,0.0,1,2.6777,direct,Labeled_from_MP_all_A2BBX6,Materials Project,mp-cqejg,NbP(Cl3O)2,2.6777,True,False,0.025531723,False,1.0,
Rb2AgAsBr6,0,1.0,1.0,1.0,3.0,-1.0,1.66,1.29,0.72,1.82,1.005,0.5700000000000001,3.48,2.825,0.8710554331076761,0.5521978021978021,0.82,1.93,2.18,2.96,0.2500000000000002,2.055,2.14,0.9049999999999998,37.0,47.0,33.0,35.0,18817674.0,Rb,Rb,Ag,As,Br,A2B1B2X6,mp_all,1,0.0,1,1.0799,indirect,Labeled_from_MP_all_A2BBX6,Materials Project,mp-clgpb,Rb2AgAsBr6,1.0799,False,False,0.000632198,False,1.0,
Rb2AgAsCl6,0,1.0,1.0,1.0,3.0,-1.0,1.66,1.29,0.72,1.67,1.005,0.5700000000000001,3.33,2.675,0.8802488154583937,0.6017964071856287,0.82,1.93,2.18,3.16,0.2500000000000002,2.055,2.3400000000000003,1.105,37.0,47.0,33.0,17.0,10315050.0,Rb,Rb,Ag,As,Cl,A2B1B2X6,mp_all,1,1.0,1,1.2354,indirect,Labeled_from_MP_all_A2BBX6,Materials Project,mp-clglz,Rb2AgAsCl6,1.2354,False,False,0.0,True,1.0,
Rb2AgBiBr6,0,1.0,1.0,1.0,3.0,-1.0,1.66,1.29,1.17,1.82,1.23,0.1200000000000001,3.48,3.05,0.806797245419405,0.6758241758241758,0.82,1.93,2.02,2.96,0.09,1.975,2.14,0.985,37.0,47.0,83.0,35.0,65090074.0,Rb,Rb,Ag,Bi,Br,A2B1B2X6,mp_all,1,0.0,1,1.582,indirect,Labeled_from_MP_all_A2BBX6,Materials Project,mp-clffn,Rb2AgBiBr6,1.582,False,False,0.030073661,False,1.0,
Rb2AgBiCl6,0,1.0,1.0,1.0,3.0,-1.0,1.66,1.29,1.17,1.67,1.23,0.1200000000000001,3.33,2.9,0.8119536487417942,0.7365269461077845,0.82,1.93,2.02,3.16,0.09,1.975,2.3400000000000003,1.185,37.0,47.0,83.0,17.0,56587450.0,Rb,Rb,Ag,Bi,Cl,A2B1B2X6,mp_all,1,1.0,1,2.06,indirect,Labeled_from_MP_all_A2BBX6,Materials Project,mp-clffm,Rb2AgBiCl6,2.06,False,False,0.0,True,1.0,
Rb2AgBiI6,0,1.0,1.0,1.0,3.0,-1.0,1.66,1.29,1.17,2.06,1.23,0.1200000000000001,3.72,3.29,0.7995249927094092,0.5970873786407767,0.82,1.93,2.02,2.66,0.09,1.975,1.8400000000000003,0.685,37.0,47.0,83.0,53.0,103429210.0,Rb,Rb,Ag,Bi,I,A2B1B2X6,mp_all,1,0.0,1,0.8273,indirect,Labeled_from_MP_all_A2BBX6,Materials Project,mp-clffx,Rb2AgBiI6,0.8273,False,False,0.049263566,False,1.0,
Rb2AgMoBr6,1,1.0,1.0,1.0,3.0,-1.0,1.66,1.29,0.83,1.82,1.06,0.4600000000000001,3.48,2.88,0.854420693933745,0.5824175824175825,0.82,1.93,2.16,2.96,0.2300000000000002,2.045,2.14,0.915,37.0,47.0,42.0,35.0,20743449.0,Rb,Rb,Ag,Mo,Br,A2B1B2X6,mp_all,1,0.0,1,0.6687,direct,Labeled_from_MP_all_A2BBX6,Materials Project,mp-clffk,Rb2AgMoBr6,0.6687,True,False,0.06434051,False,1.0,
Rb2AgMoCl6,1,1.0,1.0,1.0,3.0,-1.0,1.66,1.29,0.83,1.67,1.06,0.4600000000000001,3.33,2.73,0.8625148649638107,0.6347305389221557,0.82,1.93,2.16,3.16,0.2300000000000002,2.045,2.3400000000000003,1.1150000000000002,37.0,47.0,42.0,17.0,12240825.0,Rb,Rb,Ag,Mo,Cl,A2B1B2X6,mp_all,1,0.0,1,1.0147,direct,Labeled_from_MP_all_A2BBX6,Materials Project,mp-clfey,Rb2AgMoCl6,1.0147,True,False,0.022125837,False,1.0,
Rb2AgMoI6,1,1.0,1.0,1.0,3.0,-1.0,1.66,1.29,0.83,2.06,1.06,0.4600000000000001,3.72,3.12,0.8430888544916527,0.5145631067961165,0.82,1.93,2.16,2.66,0.2300000000000002,2.045,1.8400000000000003,0.6150000000000002,37.0,47.0,42.0,53.0,59082585.0,Rb,Rb,Ag,Mo,I,A2B1B2X6,mp_all,1,0.0,1,0.694,direct,Labeled_from_MP_all_A2BBX6,Materials Project,mp-clffv,Rb2AgMoI6,0.694,True,False,0.120369658,False,1.0,
Rb2AgSbBr6,0,1.0,1.0,1.0,3.0,-1.0,1.66,1.29,0.9,1.82,1.095,0.39,3.48,2.915,0.8441617833719331,0.6016483516483516,0.82,1.93,2.05,2.96,0.1199999999999998,1.99,2.14,0.9700000000000002,37.0,47.0,51.0,35.0,24396954.0,Rb,Rb,Ag,Sb,Br,A2B1B2X6,mp_all,1,0.0,1,1.1538,indirect,Labeled_from_MP_all_A2BBX6,Materials Project,mp-clffg,Rb2AgSbBr6,1.1538,False,False,0.025189508,False,1.0,
Rb2AgSbCl6,0,1.0,1.0,1.0,3.0,-1.0,1.66,1.29,0.9,1.67,1.095,0.39,3.33,2.765,0.8515969552807245,0.655688622754491,0.82,1.93,2.05,3.16,0.1199999999999998,1.99,2.3400000000000003,1.1700000000000004,37.0,47.0,51.0,17.0,15894330.0,Rb,Rb,Ag,Sb,Cl,A2B1B2X6,mp_all,1,1.0,1,1.6275,indirect,Labeled_from_MP_all_A2BBX6,Materials Project,mp-clfff,Rb2AgSbCl6,1.6275,False,False,0.0,True,1.0,
Rb2AgSbI6,0,1.0,1.0,1.0,3.0,-1.0,1.66,1.29,0.9,2.06,1.095,0.39,3.72,3.155,0.8337360462801763,0.5315533980582524,0.82,1.93,2.05,2.66,0.1199999999999998,1.99,1.8400000000000003,0.6700000000000004,37.0,47.0,51.0,53.0,62736090.0,Rb,Rb,Ag,Sb,I,A2B1B2X6,mp_all,1,0.0,1,0.4095,indirect,Labeled_from_MP_all_A2BBX6,Materials Project,mp-clfft,Rb2AgSbI6,0.4095,False,False,0.044976922,False,1.0,
Rb2AgAlBr6,1,1.0,1.0,1.0,3.0,-1.0,1.66,1.29,0.675,1.82,0.9825,0.615,3.48,2.8025,0.8780487416696467,0.5398351648351648,0.82,1.93,1.61,2.96,0.3199999999999998,1.77,2.14,1.19,37.0,47.0,13.0,35.0,17660314.0,Rb,Rb,Ag,Al,Br,A2B1B2X6,mp_all,1,0.0,1,1.4709,direct,Labeled_from_MP_all_A2BBX6,Materials Project,mp-clgpc,Rb2AlAgBr6,1.4709,True,False,0.080527993,False,1.0,
Rb2AgAlCl6,1,1.0,1.0,1.0,3.0,-1.0,1.66,1.29,0.675,1.67,0.9825,0.615,3.33,2.6525,0.8877155820362689,0.5883233532934132,0.82,1.93,1.61,3.16,0.3199999999999998,1.77,2.3400000000000003,1.39,37.0,47.0,13.0,17.0,9157690.0,Rb,Rb,Ag,Al,Cl,A2B1B2X6,mp_all,1,0.0,1,2.4448,direct,Labeled_from_MP_all_A2BBX6,Materials Project,mp-clgey,Rb2AlAgCl6,2.4448,True,False,0.052510367,False,1.0,
Rb2AlAuCl6,1,1.0,1.0,1.0,3.0,-1.0,1.66,1.25,0.99,1.67,1.12,0.26,3.33,2.79,0.8439661581903954,0.6706586826347306,0.82,1.61,2.54,3.16,0.93,2.075,2.3400000000000003,1.085,37.0,13.0,79.0,17.0,43228090.0,Rb,Rb,Al,Au,Cl,A2B1B2X6,mp_all,1,0.0,1,0.8409,direct,Labeled_from_MP_all_A2BBX6,Materials Project,mp-clget,Rb2AlAuCl6,0.8409,True,False,0.156401216,False,1.0,oxidation state not guessed
Rb2InAlBr6,0,1.0,1.0,1.0,3.0,-1.0,1.66,1.55,0.675,1.82,1.1125,0.875,3.48,2.9325,0.839124159771248,0.6112637362637363,0.82,1.78,1.61,2.96,0.1699999999999999,1.695,2.14,1.265,37.0,49.0,13.0,35.0,18545434.0,Rb,Rb,In,Al,Br,A2B1B2X6,mp_all,1,0.0,1,2.1004,indirect,Labeled_from_MP_all_A2BBX6,Materials Project,mp-clkbb,Rb2AlInBr6,2.1004,False,False,0.069586409,False,1.0,
Rb2InAlCl6,0,1.0,1.0,1.0,3.0,-1.0,1.66,1.55,0.675,1.67,1.1125,0.875,3.33,2.7825,0.8462409995871351,0.6661676646706587,0.82,1.78,1.61,3.16,0.1699999999999999,1.695,2.3400000000000003,1.465,37.0,49.0,13.0,17.0,10042810.0,Rb,Rb,In,Al,Cl,A2B1B2X6,mp_all,1,0.0,1,2.9942,indirect,Labeled_from_MP_all_A2BBX6,Materials Project,mp-clkbc,Rb2AlInCl6,2.9942,False,False,0.060490226,False,1.0,
Rb2InAlI6,0,1.0,1.0,1.0,3.0,-1.0,1.66,1.55,0.675,2.06,1.1125,0.875,3.72,3.1725000000000003,0.8291370294764243,0.5400485436893204,0.82,1.78,1.61,2.66,0.1699999999999999,1.695,1.8400000000000003,0.965,37.0,49.0,13.0,53.0,56884570.0,Rb,Rb,In,Al,I,A2B1B2X6,mp_all,1,0.0,1,0.8989,indirect,Labeled_from_MP_all_A2BBX6,Materials Project,mp-clkdm,Rb2AlInI6,0.8989,False,False,0.077453405,False,1.0,
Rb2TlAlBr6,0,1.0,1.0,1.0,3.0,-1.0,1.66,1.64,0.675,1.82,1.1575,0.965,3.48,2.9775,0.8264421825454863,0.635989010989011,0.82,1.62,1.61,2.96,0.01,1.6150000000000002,2.14,1.3449999999999998,37.0,81.0,13.0,35.0,55827354.0,Rb,Rb,Tl,Al,Br,A2B1B2X6,mp_all,1,0.0,1,2.8889,indirect,Labeled_from_MP_all_A2BBX6,Materials Project,mp-cljyo,Rb2AlTlBr6,2.8889,False,False,0.07678893,False,1.0,
Rb2TlAlCl6,0,1.0,1.0,1.0,3.0,-1.0,1.66,1.64,0.675,1.67,1.1575,0.965,3.33,2.8275,0.832772973068507,0.6931137724550899,0.82,1.62,1.61,3.16,0.01,1.6150000000000002,2.3400000000000003,1.545,37.0,81.0,13.0,17.0,47324730.0,Rb,Rb,Tl,Al,Cl,A2B1B2X6,mp_all,1,0.0,1,3.8791,indirect,Labeled_from_MP_all_A2BBX6,Materials Project,mp-cljym,Rb2AlTlCl6,3.8791,False,False,0.062537633,False,1.0,
Rb2TlAlI6,0,1.0,1.0,1.0,3.0,-1.0,1.66,1.64,0.675,2.06,1.1575,0.965,3.72,3.2175,0.817540707385845,0.5618932038834952,0.82,1.62,1.61,2.66,0.01,1.6150000000000002,1.8400000000000003,1.045,37.0,81.0,13.0,53.0,94166490.0,Rb,Rb,Tl,Al,I,A2B1B2X6,mp_all,1,0.0,1,1.8326,indirect,Labeled_from_MP_all_A2BBX6,Materials Project,mp-clkcr,Rb2AlTlI6,1.8326,False,False,0.095503489,False,1.0,
Rb2AsAuCl6,0,1.0,1.0,1.0,3.0,-1.0,1.66,1.15,0.99,1.67,1.0699999999999998,0.1599999999999999,3.33,2.74,0.85936700049314,0.6407185628742514,0.82,2.18,2.54,3.16,0.3599999999999999,2.3600000000000003,2.3400000000000003,0.7999999999999998,37.0,33.0,79.0,17.0,44385450.0,Rb,Rb,As,Au,Cl,A2B1B2X6,mp_all,1,0.0,1,0.2593,indirect,Labeled_from_MP_all_A2BBX6,Materials Project,mp-clgkw,Rb2AsAuCl6,0.2593,False,False,0.063384779,False,1.0,oxidation state not guessed
Rb2BiAuBr6,0,1.0,1.0,1.0,3.0,-1.0,1.66,1.6,0.99,1.82,1.295,0.6100000000000001,3.48,3.115,0.7899619898970096,0.7115384615384615,0.82,2.02,2.54,2.96,0.52,2.28,2.14,0.6799999999999997,37.0,83.0,79.0,35.0,99160474.0,Rb,Rb,Bi,Au,Br,A2B1B2X6,mp_all,1,0.0,1,0.4108,indirect,Labeled_from_MP_all_A2BBX6,Materials Project,mp-clgom,Rb2BiAuBr6,0.4108,False,False,0.084601065,False,1.0,
Rb2BiAuCl6,0,1.0,1.0,1.0,3.0,-1.0,1.66,1.6,0.99,1.67,1.295,0.6100000000000001,3.33,2.965,0.7941536530695458,0.7754491017964071,0.82,2.02,2.54,3.16,0.52,2.28,2.3400000000000003,0.8799999999999999,37.0,83.0,79.0,17.0,90657850.0,Rb,Rb,Bi,Au,Cl,A2B1B2X6,mp_all,1,0.0,1,0.9712,indirect,Labeled_from_MP_all_A2BBX6,Materials Project,mp-clgol,Rb2BiAuCl6,0.9712,False,False,0.039008328,False,1.0,
Rb2FBrCl6,1,1.0,1.0,-1.0,5.0,-1.0,1.66,1.19,0.45,1.67,0.82,0.74,3.33,2.49,0.9456488278518888,0.4910179640718562,0.82,3.98,2.96,3.16,1.02,3.47,2.3400000000000003,0.3099999999999996,37.0,9.0,35.0,17.0,5756634.0,Rb,Rb,F,Br,Cl,A2B1B2X6,mp_all,1,1.0,1,0.9203,direct,Labeled_from_MP_all_A2BBX6,Materials Project,mp-cehwn,Rb2BrCl6F,0.9203,True,False,0.0,True,1.0,
Rb2AgCeBr6,0,1.0,1.0,1.0,3.0,-1.0,1.66,1.29,1.15,1.82,1.22,0.1400000000000001,3.48,3.04,0.8094511837267055,0.6703296703296703,0.82,1.93,1.12,2.96,0.8099999999999998,1.525,2.14,1.435,37.0,47.0,58.0,35.0,28948249.0,Rb,Rb,Ag,Ce,Br,A2B1B2X6,mp_all,1,0.0,1,0.2433,indirect,Labeled_from_MP_all_A2BBX6,Materials Project,mp-clffw,Rb2CeAgBr6,0.2433,False,False,0.045689086,False,1.0,
Rb2AgCeCl6,0,1.0,1.0,1.0,3.0,-1.0,1.66,1.29,1.15,1.67,1.22,0.1400000000000001,3.33,2.89,0.8147631769381327,0.7305389221556886,0.82,1.93,1.12,3.16,0.8099999999999998,1.525,2.3400000000000003,1.6350000000000002,37.0,47.0,58.0,17.0,20445625.0,Rb,Rb,Ag,Ce,Cl,A2B1B2X6,mp_all,1,0.0,1,0.2738,indirect,Labeled_from_MP_all_A2BBX6,Materials Project,mp-clffl,Rb2CeAgCl6,0.2738,False,False,0.028132959,False,1.0,
Rb2AgCeI6,0,1.0,1.0,1.0,3.0,-1.0,1.66,1.29,1.15,2.06,1.22,0.1400000000000001,3.72,3.28,0.801962568906694,0.5922330097087378,0.82,1.93,1.12,2.66,0.8099999999999998,1.525,1.8400000000000003,1.1350000000000002,37.0,47.0,58.0,53.0,67287385.0,Rb,Rb,Ag,Ce,I,A2B1B2X6,mp_all,1,0.0,1,0.2128,indirect,Labeled_from_MP_all_A2BBX6,Materials Project,mp-clfgb,Rb2CeAgI6,0.2128,False,False,0.05817253,False,1.0,
Rb2CuCeBr6,0,1.0,1.0,1.0,3.0,-1.0,1.66,0.91,1.15,1.82,1.03,0.2399999999999998,3.48,2.85,0.8634145959751528,0.5659340659340659,0.82,1.9,1.12,2.96,0.7799999999999998,1.51,2.14,1.45,37.0,29.0,58.0,35.0,24775849.0,Rb,Rb,Cu,Ce,Br,A2B1B2X6,mp_all,1,0.0,1,1.5744,indirect,Labeled_from_MP_all_A2BBX6,Materials Project,mp-cljir,Rb2CeCuBr6,1.5744,False,False,0.062892717,False,1.0,
Rb2CuCeCl6,0,1.0,1.0,1.0,3.0,-1.0,1.66,0.91,1.15,1.67,1.03,0.2399999999999998,3.33,2.7,0.8720983634634085,0.6167664670658684,0.82,1.9,1.12,3.16,0.7799999999999998,1.51,2.3400000000000003,1.65,37.0,29.0,58.0,17.0,16273225.0,Rb,Rb,Cu,Ce,Cl,A2B1B2X6,mp_all,1,0.0,1,0.2559,indirect,Labeled_from_MP_all_A2BBX6,Materials Project,mp-clixm,Rb2CeCuCl6,0.2559,False,False,0.056217382,False,1.0,
Rb2CuBiBr6,0,1.0,1.0,1.0,3.0,-1.0,1.66,0.91,1.17,1.82,1.04,0.2599999999999999,3.48,2.8600000000000003,0.8603956638213933,0.5714285714285714,0.82,1.9,2.02,2.96,0.1200000000000001,1.96,2.14,1.0,37.0,29.0,83.0,35.0,60917674.0,Rb,Rb,Cu,Bi,Br,A2B1B2X6,mp_all,1,0.0,1,0.846,indirect,Labeled_from_MP_all_A2BBX6,Materials Project,mp-clfcd,Rb2CuBiBr6,0.846,False,False,0.042909025,False,1.0,
Rb2CuBiCl6,0,1.0,1.0,1.0,3.0,-1.0,1.66,0.91,1.17,1.67,1.04,0.2599999999999999,3.33,2.71,0.8688802883214772,0.6227544910179641,0.82,1.9,2.02,3.16,0.1200000000000001,1.96,2.3400000000000003,1.2000000000000002,37.0,29.0,83.0,17.0,52415050.0,Rb,Rb,Cu,Bi,Cl,A2B1B2X6,mp_all,1,1.0,1,1.0756,indirect,Labeled_from_MP_all_A2BBX6,Materials Project,mp-clfaw,Rb2CuBiCl6,1.0756,False,False,0.0,True,1.0,
Rb2CuBiI6,0,1.0,1.0,1.0,3.0,-1.0,1.66,0.91,1.17,2.06,1.04,0.2599999999999999,3.72,3.1,0.8485281374238569,0.5048543689320388,0.82,1.9,2.02,2.66,0.1200000000000001,1.96,1.8400000000000003,0.7000000000000002,37.0,29.0,83.0,53.0,99256810.0,Rb,Rb,Cu,Bi,I,A2B1B2X6,mp_all,1,0.0,1,0.3311,indirect,Labeled_from_MP_all_A2BBX6,Materials Project,mp-clfdt,Rb2CuBiI6,0.3311,False,False,0.073651673,False,1.0,
Rb2CuMoBr6,1,1.0,1.0,1.0,3.0,-1.0,1.66,0.91,0.83,1.82,0.87,0.08,3.48,2.69,0.9147701109773922,0.478021978021978,0.82,1.9,2.16,2.96,0.2600000000000002,2.03,2.14,0.9299999999999996,37.0,29.0,42.0,35.0,16571049.0,Rb,Rb,Cu,Mo,Br,A2B1B2X6,mp_all,1,0.0,1,0.4005,direct,Labeled_from_MP_all_A2BBX6,Materials Project,mp-clfav,Rb2CuMoBr6,0.4005,True,False,0.093297994,False,1.0,
Rb2CuMoCl6,1,1.0,1.0,1.0,3.0,-1.0,1.66,0.91,0.83,1.67,0.87,0.08,3.33,2.54,0.9270336934453556,0.5209580838323353,0.82,1.9,2.16,3.16,0.2600000000000002,2.03,2.3400000000000003,1.13,37.0,29.0,42.0,17.0,8068425.0,Rb,Rb,Cu,Mo,Cl,A2B1B2X6,mp_all,1,0.0,1,0.8542,direct,Labeled_from_MP_all_A2BBX6,Materials Project,mp-clfai,Rb2CuMoCl6,0.8542,True,False,0.060734897,False,1.0,
Rb2CuMoI6,0,1.0,1.0,1.0,3.0,-1.0,1.66,0.91,0.83,2.06,0.87,0.08,3.72,2.93,0.8977601453972547,0.4223300970873786,0.82,1.9,2.16,2.66,0.2600000000000002,2.03,1.8400000000000003,0.6299999999999999,37.0,29.0,42.0,53.0,54910185.0,Rb,Rb,Cu,Mo,I,A2B1B2X6,mp_all,1,0.0,1,0.1308,indirect,Labeled_from_MP_all_A2BBX6,Materials Project,mp-clfcc,Rb2CuMoI6,0.1308,False,False,0.157357522,False,1.0,
Rb2CuSbBr6,0,1.0,1.0,1.0,3.0,-1.0,1.66,0.91,0.9,1.82,0.905,0.01,3.48,2.725,0.9030207701024532,0.4972527472527472,0.82,1.9,2.05,2.96,0.1499999999999999,1.975,2.14,0.985,37.0,29.0,51.0,35.0,20224554.0,Rb,Rb,Cu,Sb,Br,A2B1B2X6,mp_all,1,0.0,1,0.4021,indirect,Labeled_from_MP_all_A2BBX6,Materials Project,mp-clfbz,Rb2CuSbBr6,0.4021,False,False,0.040692544,False,1.0,
Rb2CuSbCl6,0,1.0,1.0,1.0,3.0,-1.0,1.66,0.91,0.9,1.67,0.905,0.01,3.33,2.575,0.9144332354761954,0.5419161676646707,0.82,1.9,2.05,3.16,0.1499999999999999,1.975,2.3400000000000003,1.1850000000000005,37.0,29.0,51.0,17.0,11721930.0,Rb,Rb,Cu,Sb,Cl,A2B1B2X6,mp_all,1,1.0,1,0.9005,indirect,Labeled_from_MP_all_A2BBX6,Materials Project,mp-clfas,Rb2CuSbCl6,0.9005,False,False,0.0,True,1.0,
Rb2CuSbI6,0,1.0,1.0,1.0,3.0,-1.0,1.66,0.91,0.9,2.06,0.905,0.01,3.72,2.965,0.8871626394650781,0.4393203883495146,0.82,1.9,2.05,2.66,0.1499999999999999,1.975,1.8400000000000003,0.6850000000000003,37.0,29.0,51.0,53.0,58563690.0,Rb,Rb,Cu,Sb,I,A2B1B2X6,mp_all,1,0.0,1,0.7008,indirect,Labeled_from_MP_all_A2BBX6,Materials Project,mp-clfdq,Rb2CuSbI6,0.7008,False,False,0.067877431,False,1.0,
Rb2AgDyCl6,0,1.0,1.0,1.0,3.0,-1.0,1.66,1.29,1.052,1.67,1.171,0.238,3.33,2.841,0.8288157625312224,0.7011976047904193,0.82,1.93,1.22,3.16,0.71,1.575,2.3400000000000003,1.5850000000000002,37.0,47.0,66.0,17.0,28103865.0,Rb,Rb,Ag,Dy,Cl,A2B1B2X6,mp_all,1,0.0,1,3.7248,indirect,Labeled_from_MP_all_A2BBX6,Materials Project,mp-clgoz,Rb2DyAgCl6,3.7248,False,False,0.006893449,False,1.0,
Rb2AuDyCl6,0,1.0,1.0,1.0,3.0,-1.0,1.66,1.51,1.052,1.67,1.281,0.4579999999999999,3.33,2.951,0.7979212407154196,0.7670658682634731,0.82,2.54,1.22,3.16,1.32,1.88,2.3400000000000003,1.2800000000000002,37.0,79.0,66.0,17.0,62174265.0,Rb,Rb,Au,Dy,Cl,A2B1B2X6,mp_all,1,0.0,1,2.189,indirect,Labeled_from_MP_all_A2BBX6,Materials Project,mp-cljkx,Rb2DyAuCl6,2.189,False,False,0.112682099,False,1.0,oxidation state not guessed
Rb2CuDyCl6,0,1.0,1.0,1.0,3.0,-1.0,1.66,0.91,1.052,1.67,0.981,0.142,3.33,2.651,0.8882178730106388,0.5874251497005989,0.82,1.9,1.22,3.16,0.6799999999999999,1.56,2.3400000000000003,1.6,37.0,29.0,66.0,17.0,23931465.0,Rb,Rb,Cu,Dy,Cl,A2B1B2X6,mp_all,1,0.0,1,2.5201,indirect,Labeled_from_MP_all_A2BBX6,Materials Project,mp-cljbf,Rb2DyCuCl6,2.5201,False,False,0.042384823,False,1.0,
Rb2AgErCl6,0,1.0,1.0,1.0,3.0,-1.0,1.66,1.29,1.03,1.67,1.16,0.26,3.33,2.83,0.8320373078979515,0.6946107784431139,0.82,1.93,1.24,3.16,0.69,1.585,2.3400000000000003,1.5750000000000002,37.0,47.0,68.0,17.0,30510505.0,Rb,Rb,Ag,Er,Cl,A2B1B2X6,mp_all,1,0.0,1,3.7293,indirect,Labeled_from_MP_all_A2BBX6,Materials Project,mp-clglg,Rb2ErAgCl6,3.7293,False,False,0.003275122,False,1.0,
Rb2AuErCl6,0,1.0,1.0,1.0,3.0,-1.0,1.66,1.51,1.03,1.67,1.27,0.48,3.33,2.94,0.8009066603235385,0.7604790419161677,0.82,2.54,1.24,3.16,1.3,1.89,2.3400000000000003,1.27,37.0,79.0,68.0,17.0,64580905.0,Rb,Rb,Au,Er,Cl,A2B1B2X6,mp_all,1,0.0,1,2.1263,indirect,Labeled_from_MP_all_A2BBX6,Materials Project,mp-cljky,Rb2ErAuCl6,2.1263,False,False,0.108464488,False,1.0,oxidation state not guessed
Rb2CuErCl6,0,1.0,1.0,1.0,3.0,-1.0,1.66,0.91,1.03,1.67,0.97,0.12,3.33,2.64,0.8919187808148498,0.5808383233532934,0.82,1.9,1.24,3.16,0.6599999999999999,1.5699999999999998,2.3400000000000003,1.5900000000000003,37.0,29.0,68.0,17.0,26338105.0,Rb,Rb,Cu,Er,Cl,A2B1B2X6,mp_all,1,0.0,1,2.2131,indirect,Labeled_from_MP_all_A2BBX6,Materials Project,mp-cliwu,Rb2ErCuCl6,2.2131,False,False,0.038193376,False,1.0,
Rb2AgGaBr6,0,1.0,1.0,1.0,3.0,-1.0,1.66,1.29,0.76,1.82,1.025,0.53,3.48,2.845,0.8649320205726486,0.5631868131868131,0.82,1.93,1.81,2.96,0.1199999999999998,1.87,2.14,1.09,37.0,47.0,31.0,35.0,18555274.0,Rb,Rb,Ag,Ga,Br,A2B1B2X6,mp_all,1,0.0,1,0.3661,indirect,Labeled_from_MP_all_A2BBX6,Materials Project,mp-clgox,Rb2GaAgBr6,0.3661,False,False,0.088618131,False,1.0,
Rb2AgGaCl6,1,1.0,1.0,1.0,3.0,-1.0,1.66,1.29,0.76,1.67,1.025,0.53,3.33,2.695,0.8737163567165874,0.6137724550898204,0.82,1.93,1.81,3.16,0.1199999999999998,1.87,2.3400000000000003,1.29,37.0,47.0,31.0,17.0,10052650.0,Rb,Rb,Ag,Ga,Cl,A2B1B2X6,mp_all,1,0.0,1,1.213,direct,Labeled_from_MP_all_A2BBX6,Materials Project,mp-clgeu,Rb2GaAgCl6,1.213,True,False,0.061879645,False,1.0,
Rb2AgGdCl6,0,1.0,1.0,1.0,3.0,-1.0,1.66,1.29,1.075,1.67,1.1825,0.215,3.33,2.8525,0.8254743492905182,0.7080838323353295,0.82,1.93,1.2,3.16,0.73,1.565,2.3400000000000003,1.5950000000000002,37.0,47.0,64.0,17.0,25906345.0,Rb,Rb,Ag,Gd,Cl,A2B1B2X6,mp_all,1,0.0,1,2.128,indirect,Labeled_from_MP_all_A2BBX6,Materials Project,mp-clgfm,Rb2GdAgCl6,2.128,False,False,0.010413259,False,1.0,
Rb2AgInBr6,1,1.0,1.0,1.0,3.0,-1.0,1.66,1.29,0.94,1.82,1.115,0.3500000000000001,3.48,2.935,0.8384094032467411,0.6126373626373626,0.82,1.93,1.78,2.96,0.1499999999999999,1.855,2.14,1.105,37.0,47.0,49.0,35.0,23396554.0,Rb,Rb,Ag,In,Br,A2B1B2X6,mp_all,1,0.0,1,0.2143,direct,Labeled_from_MP_all_A2BBX6,Materials Project,mp-clgov,Rb2InAgBr6,0.2143,True,False,0.033568483,False,1.0,
Rb2AgInCl6,1,1.0,1.0,1.0,3.0,-1.0,1.66,1.29,0.94,1.67,1.115,0.3500000000000001,3.33,2.785,0.8454813577562669,0.6676646706586826,0.82,1.93,1.78,3.16,0.1499999999999999,1.855,2.3400000000000003,1.3050000000000002,37.0,47.0,49.0,17.0,14893930.0,Rb,Rb,Ag,In,Cl,A2B1B2X6,mp_all,1,1.0,1,1.293,direct,Labeled_from_MP_all_A2BBX6,Materials Project,mp-clgle,Rb2InAgCl6,1.293,True,False,0.0,True,1.0,
Rb2InAsBr6,1,1.0,1.0,1.0,3.0,-1.0,1.66,1.55,0.72,1.82,1.135,0.8300000000000001,3.48,2.955,0.8327348895191827,0.6236263736263736,0.82,1.78,2.18,2.96,0.4000000000000001,1.98,2.14,0.98,37.0,49.0,33.0,35.0,19702794.0,Rb,Rb,In,As,Br,A2B1B2X6,mp_all,1,0.0,1,0.6249,direct,Labeled_from_MP_all_A2BBX6,Materials Project,mp-cleyq,Rb2InAsBr6,0.6249,True,False,0.093583079,False,1.0,
Rb2InAsCl6,1,1.0,1.0,1.0,3.0,-1.0,1.66,1.55,0.72,1.67,1.135,0.8300000000000001,3.33,2.805,0.8394529701786821,0.6796407185628743,0.82,1.78,2.18,3.16,0.4000000000000001,1.98,2.3400000000000003,1.1800000000000002,37.0,49.0,33.0,17.0,11200170.0,Rb,Rb,In,As,Cl,A2B1B2X6,mp_all,1,0.0,1,1.2307,direct,Labeled_from_MP_all_A2BBX6,Materials Project,mp-clkba,Rb2InAsCl6,1.2307,True,False,0.071030806,False,1.0,
Rb2InBiCl6,1,1.0,1.0,1.0,3.0,-1.0,1.66,1.55,1.17,1.67,1.36,0.3800000000000001,3.33,3.03,0.7771173535812552,0.8143712574850299,0.82,1.78,2.02,3.16,0.24,1.9,2.3400000000000003,1.2600000000000002,37.0,49.0,83.0,17.0,57472570.0,Rb,Rb,In,Bi,Cl,A2B1B2X6,mp_all,1,1.0,1,1.6916,direct,Labeled_from_MP_all_A2BBX6,Materials Project,mp-clkax,Rb2InBiCl6,1.6916,True,False,0.0,True,1.0,
Rb2InGaBr6,0,1.0,1.0,1.0,3.0,-1.0,1.66,1.55,0.76,1.82,1.155,0.79,3.48,2.975,0.827136671774516,0.6346153846153846,0.82,1.78,1.81,2.96,0.03,1.795,2.14,1.165,37.0,49.0,31.0,35.0,19440394.0,Rb,Rb,In,Ga,Br,A2B1B2X6,mp_all,1,0.0,1,1.1462,indirect,Labeled_from_MP_all_A2BBX6,Materials Project,mp-clkay,Rb2InGaBr6,1.1462,False,False,0.05029144,False,1.0,
Rb2InGaCl6,0,1.0,1.0,1.0,3.0,-1.0,1.66,1.55,0.76,1.67,1.155,0.79,3.33,2.825,0.8335099403013108,0.6916167664670659,0.82,1.78,1.81,3.16,0.03,1.795,2.3400000000000003,1.3650000000000002,37.0,49.0,31.0,17.0,10937770.0,Rb,Rb,In,Ga,Cl,A2B1B2X6,mp_all,1,0.0,1,1.5346,indirect,Labeled_from_MP_all_A2BBX6,Materials Project,mp-clkam,Rb2InGaCl6,1.5346,False,False,0.055148242,False,1.0,
Rb2InGaI6,0,1.0,1.0,1.0,3.0,-1.0,1.66,1.55,0.76,2.06,1.155,0.79,3.72,3.215,0.8181764311085401,0.5606796116504854,0.82,1.78,1.81,2.66,0.03,1.795,1.8400000000000003,0.8650000000000002,37.0,49.0,31.0,53.0,57779530.0,Rb,Rb,In,Ga,I,A2B1B2X6,mp_all,1,0.0,1,0.2298,indirect,Labeled_from_MP_all_A2BBX6,Materials Project,mp-clkdj,Rb2InGaI6,0.2298,False,False,0.050344178,False,1.0,
Rb2InSbBr6,1,1.0,1.0,1.0,3.0,-1.0,1.66,1.55,0.9,1.82,1.225,0.65,3.48,3.045,0.8081220356417685,0.6730769230769231,0.82,1.78,2.05,2.96,0.2699999999999998,1.915,2.14,1.045,37.0,49.0,51.0,35.0,25282074.0,Rb,Rb,In,Sb,Br,A2B1B2X6,mp_all,1,0.0,1,0.6829,direct,Labeled_from_MP_all_A2BBX6,Materials Project,mp-clkdf,Rb2InSbBr6,0.6829,True,False,0.064699404,False,1.0,
Rb2InSbCl6,1,1.0,1.0,1.0,3.0,-1.0,1.66,1.55,0.9,1.67,1.225,0.65,3.33,2.895,0.8133559866498111,0.7335329341317366,0.82,1.78,2.05,3.16,0.2699999999999998,1.915,2.3400000000000003,1.245,37.0,49.0,51.0,17.0,16779450.0,Rb,Rb,In,Sb,Cl,A2B1B2X6,mp_all,1,0.0,1,1.2828,direct,Labeled_from_MP_all_A2BBX6,Materials Project,mp-clkan,Rb2InSbCl6,1.2828,True,False,0.026838979,False,1.0,
Rb2InSbI6,1,1.0,1.0,1.0,3.0,-1.0,1.66,1.55,0.9,2.06,1.225,0.65,3.72,3.285,0.8007419257272318,0.5946601941747574,0.82,1.78,2.05,2.66,0.2699999999999998,1.915,1.8400000000000003,0.7450000000000001,37.0,49.0,51.0,53.0,63621210.0,Rb,Rb,In,Sb,I,A2B1B2X6,mp_all,1,0.0,1,0.5377,direct,Labeled_from_MP_all_A2BBX6,Materials Project,mp-clkfn,Rb2InSbI6,0.5377,True,False,0.065782432,False,1.0,
Rb2AgLaCl6,0,1.0,1.0,1.0,3.0,-1.0,1.66,1.29,1.172,1.67,1.231,0.1180000000000001,3.33,2.901,0.811673761237919,0.737125748502994,0.82,1.93,1.1,3.16,0.8299999999999998,1.515,2.3400000000000003,1.645,37.0,47.0,57.0,17.0,19685130.0,Rb,Rb,Ag,La,Cl,A2B1B2X6,mp_all,1,0.0,1,3.573,indirect,Labeled_from_MP_all_A2BBX6,Materials Project,mp-clgot,Rb2LaAgCl6,3.573,False,False,0.043649028,False,1.0,
Rb2AuLaCl6,0,1.0,1.0,1.0,3.0,-1.0,1.66,1.51,1.172,1.67,1.341,0.3380000000000001,3.33,3.011,0.7820211163570917,0.8029940119760479,0.82,2.54,1.1,3.16,1.44,1.82,2.3400000000000003,1.34,37.0,79.0,57.0,17.0,53755530.0,Rb,Rb,Au,La,Cl,A2B1B2X6,mp_all,1,0.0,1,2.301,indirect,Labeled_from_MP_all_A2BBX6,Materials Project,mp-cljew,Rb2LaAuCl6,2.301,False,False,0.145282386,False,1.0,oxidation state not guessed
Rb2CuLaCl6,0,1.0,1.0,1.0,3.0,-1.0,1.66,0.91,1.172,1.67,1.041,0.2619999999999999,3.33,2.711,0.8685597865552207,0.6233532934131736,0.82,1.9,1.1,3.16,0.7999999999999998,1.5,2.3400000000000003,1.66,37.0,29.0,57.0,17.0,15512730.0,Rb,Rb,Cu,La,Cl,A2B1B2X6,mp_all,1,0.0,1,2.1713,indirect,Labeled_from_MP_all_A2BBX6,Materials Project,mp-cliyx,Rb2LaCuCl6,2.1713,False,False,0.073242556,False,1.0,
Rb2LiBiBr6,0,1.0,1.0,1.0,3.0,-1.0,1.66,0.9,1.17,1.82,1.035,0.2699999999999999,3.48,2.855,0.8619024863499773,0.5686813186813187,0.82,0.98,2.02,2.96,1.04,1.5,2.14,1.46,37.0,3.0,83.0,35.0,60210474.0,Rb,Rb,Li,Bi,Br,A2B1B2X6,mp_all,1,0.0,1,2.9149,indirect,Labeled_from_MP_all_A2BBX6,Materials Project,mp-clfbt,Rb2LiBiBr6,2.9149,False,False,0.033182222,False,1.0,
Rb2LiBiCl6,0,1.0,1.0,1.0,3.0,-1.0,1.66,0.9,1.17,1.67,1.035,0.2699999999999999,3.33,2.705,0.8704863517009993,0.6197604790419161,0.82,0.98,2.02,3.16,1.04,1.5,2.3400000000000003,1.66,37.0,3.0,83.0,17.0,51707850.0,Rb,Rb,Li,Bi,Cl,A2B1B2X6,mp_all,1,1.0,1,3.6154,indirect,Labeled_from_MP_all_A2BBX6,Materials Project,mp-clfaq,Rb2LiBiCl6,3.6154,False,False,0.0,True,1.0,
Rb2LiBiI6,0,1.0,1.0,1.0,3.0,-1.0,1.66,0.9,1.17,2.06,1.035,0.2699999999999999,3.72,3.095,0.8498989421692914,0.5024271844660194,0.82,0.98,2.02,2.66,1.04,1.5,1.8400000000000003,1.16,37.0,3.0,83.0,53.0,98549610.0,Rb,Rb,Li,Bi,I,A2B1B2X6,mp_all,1,0.0,1,1.9334,indirect,Labeled_from_MP_all_A2BBX6,Materials Project,mp-clfdf,Rb2LiBiI6,1.9334,False,False,0.051358149,False,1.0,
Rb2LiCeBr6,0,1.0,1.0,1.0,3.0,-1.0,1.66,0.9,1.15,1.82,1.025,0.2499999999999999,3.48,2.845,0.8649320205726486,0.5631868131868131,0.82,0.98,1.12,2.96,0.1400000000000001,1.05,2.14,1.91,37.0,3.0,58.0,35.0,24068649.0,Rb,Rb,Li,Ce,Br,A2B1B2X6,mp_all,1,0.0,1,0.2925,indirect,Labeled_from_MP_all_A2BBX6,Materials Project,mp-clfbs,Rb2LiCeBr6,0.2925,False,False,0.029922663,False,1.0,
Rb2LiCeCl6,0,1.0,1.0,1.0,3.0,-1.0,1.66,0.9,1.15,1.67,1.025,0.2499999999999999,3.33,2.695,0.8737163567165874,0.6137724550898204,0.82,0.98,1.12,3.16,0.1400000000000001,1.05,2.3400000000000003,2.1100000000000003,37.0,3.0,58.0,17.0,15566025.0,Rb,Rb,Li,Ce,Cl,A2B1B2X6,mp_all,1,0.0,1,0.3224,indirect,Labeled_from_MP_all_A2BBX6,Materials Project,mp-clfap,Rb2LiCeCl6,0.3224,False,False,0.028026736,False,1.0,
Rb2LiCeI6,0,1.0,1.0,1.0,3.0,-1.0,1.66,0.9,1.15,2.06,1.025,0.2499999999999999,3.72,3.085,0.8526538820142485,0.4975728155339805,0.82,0.98,1.12,2.66,0.1400000000000001,1.05,1.8400000000000003,1.61,37.0,3.0,58.0,53.0,62407785.0,Rb,Rb,Li,Ce,I,A2B1B2X6,mp_all,1,0.0,1,2.1287,indirect,Labeled_from_MP_all_A2BBX6,Materials Project,mp-clfde,Rb2LiCeI6,2.1287,False,False,0.036895959,False,1.0,
Rb2LiDyBr6,1,1.0,1.0,1.0,3.0,-1.0,1.66,0.9,1.052,1.82,0.976,0.152,3.48,2.7960000000000003,0.8800899851678058,0.5362637362637362,0.82,0.98,1.22,2.96,0.24,1.1,2.14,1.86,37.0,3.0,66.0,35.0,31726889.0,Rb,Rb,Li,Dy,Br,A2B1B2X6,mp_all,1,1.0,1,4.1439,direct,Labeled_from_MP_all_A2BBX6,Materials Project,mp-bghrw,Rb2LiDyBr6,4.1439,True,False,0.0,True,1.0,
Rb2LiDyCl6,1,1.0,1.0,1.0,3.0,-1.0,1.66,0.9,1.052,1.67,0.976,0.152,3.33,2.646,0.8898962892483762,0.5844311377245509,0.82,0.98,1.22,3.16,0.24,1.1,2.3400000000000003,2.06,37.0,3.0,66.0,17.0,23224265.0,Rb,Rb,Li,Dy,Cl,A2B1B2X6,mp_all,1,0.0,1,5.1062,direct,Labeled_from_MP_all_A2BBX6,Materials Project,mp-cljxk,Rb2LiDyCl6,5.1062,True,False,0.004584116,False,1.0,
Rb2LiErCl6,1,1.0,1.0,1.0,3.0,-1.0,1.66,0.9,1.03,1.67,0.965,0.13,3.33,2.635,0.8936112263192423,0.5778443113772456,0.82,0.98,1.24,3.16,0.26,1.11,2.3400000000000003,2.0500000000000003,37.0,3.0,68.0,17.0,25630905.0,Rb,Rb,Li,Er,Cl,A2B1B2X6,mp_all,1,0.0,1,5.2115,direct,Labeled_from_MP_all_A2BBX6,Materials Project,mp-cljxl,Rb2LiErCl6,5.2115,True,False,0.000956811,False,1.0,
Rb2LiGdCl6,1,1.0,1.0,1.0,3.0,-1.0,1.66,0.9,1.075,1.67,0.9875,0.1749999999999999,3.33,2.6575,0.8860453739797567,0.5913173652694611,0.82,0.98,1.2,3.16,0.2199999999999999,1.09,2.3400000000000003,2.0700000000000003,37.0,3.0,64.0,17.0,21026745.0,Rb,Rb,Li,Gd,Cl,A2B1B2X6,mp_all,1,0.0,1,2.8184,direct,Labeled_from_MP_all_A2BBX6,Materials Project,mp-cljxj,Rb2LiGdCl6,2.8184,True,False,0.009456613,False,1.0,
Rb2LiHoCl6,1,1.0,1.0,1.0,3.0,-1.0,1.66,0.9,1.041,1.67,0.9705,0.1409999999999999,3.33,2.6405,0.8917498887904576,0.5811377245508982,0.82,0.98,1.23,3.16,0.25,1.105,2.3400000000000003,2.055,37.0,3.0,67.0,17.0,24400650.0,Rb,Rb,Li,Ho,Cl,A2B1B2X6,mp_all,1,0.0,1,5.1901,direct,Labeled_from_MP_all_A2BBX6,Materials Project,mp-cqpwd,Rb2LiHoCl6,5.1901,True,False,0.00303665,False,1.0,
Rb2LiInCl6,1,1.0,1.0,1.0,3.0,-1.0,1.66,0.9,0.94,1.67,0.92,0.0399999999999999,3.33,2.59,0.9091372900969896,0.5508982035928144,0.82,0.98,1.78,3.16,0.8,1.38,2.3400000000000003,1.7800000000000002,37.0,3.0,49.0,17.0,10014330.0,Rb,Rb,Li,In,Cl,A2B1B2X6,mp_all,1,1.0,1,2.8282,direct,Labeled_from_MP_all_A2BBX6,Materials Project,mp-cehwx,Rb2LiInCl6,2.8282,True,False,0.0,True,1.0,
Rb2LiLaCl6,1,1.0,1.0,1.0,3.0,-1.0,1.66,0.9,1.172,1.67,1.036,0.2719999999999999,3.33,2.706,0.8701646642096095,0.6203592814371258,0.82,0.98,1.1,3.16,0.1200000000000001,1.04,2.3400000000000003,2.12,37.0,3.0,57.0,17.0,14805530.0,Rb,Rb,Li,La,Cl,A2B1B2X6,mp_all,1,0.0,1,4.5047,direct,Labeled_from_MP_all_A2BBX6,Materials Project,mp-cljxf,Rb2LiLaCl6,4.5047,True,False,0.043052563,False,1.0,
Rb2LiMoBr6,1,1.0,1.0,1.0,3.0,-1.0,1.66,0.9,0.83,1.82,0.865,0.07,3.48,2.685,0.9164735934931788,0.4752747252747252,0.82,0.98,2.16,2.96,1.1800000000000002,1.57,2.14,1.39,37.0,3.0,42.0,35.0,15863849.0,Rb,Rb,Li,Mo,Br,A2B1B2X6,mp_all,1,0.0,1,1.2695,direct,Labeled_from_MP_all_A2BBX6,Materials Project,mp-clfbr,Rb2LiMoBr6,1.2695,True,False,0.054742098,False,1.0,
Rb2LiMoCl6,0,1.0,1.0,1.0,3.0,-1.0,1.66,0.9,0.83,1.67,0.865,0.07,3.33,2.535,0.9288621622687192,0.5179640718562875,0.82,0.98,2.16,3.16,1.1800000000000002,1.57,2.3400000000000003,1.59,37.0,3.0,42.0,17.0,7361225.0,Rb,Rb,Li,Mo,Cl,A2B1B2X6,mp_all,1,0.0,1,1.538,indirect,Labeled_from_MP_all_A2BBX6,Materials Project,mp-clfaa,Rb2LiMoCl6,1.538,False,False,0.02538365,False,1.0,
Rb2LiMoI6,1,1.0,1.0,1.0,3.0,-1.0,1.66,0.9,0.83,2.06,0.865,0.07,3.72,2.925,0.8992947781244296,0.4199029126213592,0.82,0.98,2.16,2.66,1.1800000000000002,1.57,1.8400000000000003,1.09,37.0,3.0,42.0,53.0,54202985.0,Rb,Rb,Li,Mo,I,A2B1B2X6,mp_all,1,0.0,1,0.9752,direct,Labeled_from_MP_all_A2BBX6,Materials Project,mp-clfdd,Rb2LiMoI6,0.9752,True,False,0.10602877,False,1.0,
Rb2LiNdBr6,1,1.0,1.0,1.0,3.0,-1.0,1.66,0.9,1.123,1.82,1.0115,0.2229999999999999,3.48,2.8315,0.8690558356098128,0.5557692307692308,0.82,0.98,1.14,2.96,0.1599999999999999,1.06,2.14,1.9,37.0,3.0,60.0,35.0,25712153.0,Rb,Rb,Li,Nd,Br,A2B1B2X6,mp_all,1,0.0,1,4.001,direct,Labeled_from_MP_all_A2BBX6,Materials Project,mp-clfbq,Rb2LiNdBr6,4.001,True,False,0.033354055,False,1.0,
Rb2LiNdCl6,1,1.0,1.0,1.0,3.0,-1.0,1.66,0.9,1.123,1.67,1.0115,0.2229999999999999,3.33,2.6815,0.8781150778859607,0.6056886227544911,0.82,0.98,1.14,3.16,0.1599999999999999,1.06,2.3400000000000003,2.1,37.0,3.0,60.0,17.0,17209529.0,Rb,Rb,Li,Nd,Cl,A2B1B2X6,mp_all,1,0.0,1,4.8504,direct,Labeled_from_MP_all_A2BBX6,Materials Project,mp-clfao,Rb2LiNdCl6,4.8504,True,False,0.032933567,False,1.0,
Rb2LiNdI6,1,1.0,1.0,1.0,3.0,-1.0,1.66,0.9,1.123,2.06,1.0115,0.2229999999999999,3.72,3.0715000000000003,0.8564015061090531,0.4910194174757282,0.82,0.98,1.14,2.66,0.1599999999999999,1.06,1.8400000000000003,1.6,37.0,3.0,60.0,53.0,64051289.0,Rb,Rb,Li,Nd,I,A2B1B2X6,mp_all,1,0.0,1,2.9632,direct,Labeled_from_MP_all_A2BBX6,Materials Project,mp-clfdc,Rb2LiNdI6,2.9632,True,False,0.042163136,False,1.0,
Rb2LiPrBr6,1,1.0,1.0,1.0,3.0,-1.0,1.66,0.9,1.13,1.82,1.015,0.2299999999999998,3.48,2.835,0.8679829271707884,0.5576923076923076,0.82,0.98,1.13,2.96,0.1499999999999999,1.055,2.14,1.905,37.0,3.0,59.0,35.0,24869514.0,Rb,Rb,Li,Pr,Br,A2B1B2X6,mp_all,1,0.0,1,3.9853,direct,Labeled_from_MP_all_A2BBX6,Materials Project,mp-clfbp,Rb2LiPrBr6,3.9853,True,False,0.039316769,False,1.0,
Rb2LiPrCl6,1,1.0,1.0,1.0,3.0,-1.0,1.66,0.9,1.13,1.67,1.015,0.2299999999999998,3.33,2.685,0.8769704213598524,0.6077844311377245,0.82,0.98,1.13,3.16,0.1499999999999999,1.055,2.3400000000000003,2.1050000000000004,37.0,3.0,59.0,17.0,16366890.0,Rb,Rb,Li,Pr,Cl,A2B1B2X6,mp_all,1,0.0,1,4.8241,direct,Labeled_from_MP_all_A2BBX6,Materials Project,mp-clfan,Rb2LiPrCl6,4.8241,True,False,0.040871347,False,1.0,
Rb2LiPrI6,1,1.0,1.0,1.0,3.0,-1.0,1.66,0.9,1.13,2.06,1.015,0.2299999999999998,3.72,3.075,0.8554267401671403,0.4927184466019417,0.82,0.98,1.13,2.66,0.1499999999999999,1.055,1.8400000000000003,1.6050000000000002,37.0,3.0,59.0,53.0,63208650.0,Rb,Rb,Li,Pr,I,A2B1B2X6,mp_all,1,0.0,1,2.9512,direct,Labeled_from_MP_all_A2BBX6,Materials Project,mp-clfdb,Rb2LiPrI6,2.9512,True,False,0.047546029,False,1.0,
Rb2LiRhCl6,0,1.0,1.0,1.0,3.0,-1.0,1.66,0.9,0.805,1.67,0.8525,0.0949999999999999,3.33,2.5225,0.9334650471164334,0.5104790419161677,0.82,0.98,2.28,3.16,1.2999999999999998,1.63,2.3400000000000003,1.5300000000000002,37.0,3.0,45.0,17.0,8350154.0,Rb,Rb,Li,Rh,Cl,A2B1B2X6,mp_all,1,1.0,1,1.6499,indirect,Labeled_from_MP_all_A2BBX6,Materials Project,mp-cqqhv,Rb2LiRhCl6,1.6499,False,False,0.0,True,1.0,
Rb2LiSbBr6,0,1.0,1.0,1.0,3.0,-1.0,1.66,0.9,0.9,1.82,0.9,0.0,3.48,2.72,0.9046807347533768,0.4945054945054945,0.82,0.98,2.05,2.96,1.0699999999999998,1.515,2.14,1.445,37.0,3.0,51.0,35.0,19517354.0,Rb,Rb,Li,Sb,Br,A2B1B2X6,mp_all,1,0.0,1,2.3274,indirect,Labeled_from_MP_all_A2BBX6,Materials Project,mp-clfbo,Rb2LiSbBr6,2.3274,False,False,0.032909102,False,1.0,
Rb2LiSbCl6,0,1.0,1.0,1.0,3.0,-1.0,1.66,0.9,0.9,1.67,0.9,0.0,3.33,2.57,0.9162122884635032,0.5389221556886228,0.82,0.98,2.05,3.16,1.0699999999999998,1.515,2.3400000000000003,1.6450000000000002,37.0,3.0,51.0,17.0,11014730.0,Rb,Rb,Li,Sb,Cl,A2B1B2X6,mp_all,1,1.0,1,2.9411,indirect,Labeled_from_MP_all_A2BBX6,Materials Project,mp-clfam,Rb2LiSbCl6,2.9411,False,False,0.0,True,1.0,
Rb2LiSbI6,0,1.0,1.0,1.0,3.0,-1.0,1.66,0.9,0.9,2.06,0.9,0.0,3.72,2.96,0.888661225004715,0.4368932038834951,0.82,0.98,2.05,2.66,1.0699999999999998,1.515,1.8400000000000003,1.1450000000000002,37.0,3.0,51.0,53.0,57856490.0,Rb,Rb,Li,Sb,I,A2B1B2X6,mp_all,1,0.0,1,1.7215,indirect,Labeled_from_MP_all_A2BBX6,Materials Project,mp-clfda,Rb2LiSbI6,1.7215,False,False,0.052837473,False,1.0,
Rb2LiScCl6,1,1.0,1.0,1.0,3.0,-1.0,1.66,0.9,0.885,1.67,0.8925000000000001,0.015,3.33,2.5625,0.9188938854053476,0.534431137724551,0.82,0.98,1.36,3.16,0.3800000000000001,1.17,2.3400000000000003,1.99,37.0,3.0,21.0,17.0,4444010.0,Rb,Rb,Li,Sc,Cl,A2B1B2X6,mp_all,1,1.0,1,3.7539,direct,Labeled_from_MP_all_A2BBX6,Materials Project,mp-cljvk,Rb2LiScCl6,3.7539,True,False,0.0,True,1.0,
Rb2LiSmCl6,1,1.0,1.0,1.0,3.0,-1.0,1.66,0.9,1.098,1.67,0.999,0.198,3.33,2.669,0.8822276438183602,0.5982035928143713,0.82,0.98,1.17,3.16,0.1899999999999999,1.075,2.3400000000000003,2.085,37.0,3.0,62.0,17.0,19025865.0,Rb,Rb,Li,Sm,Cl,A2B1B2X6,mp_all,1,0.0,1,4.9187,direct,Labeled_from_MP_all_A2BBX6,Materials Project,mp-cljxd,Rb2LiSmCl6,4.9187,True,False,0.020719048,False,1.0,
Rb2LiTbCl6,1,1.0,1.0,1.0,3.0,-1.0,1.66,0.9,1.063,1.67,0.9815,0.1629999999999999,3.33,2.6515,0.8880503795403369,0.5877245508982036,0.82,0.98,1.1,3.16,0.1200000000000001,1.04,2.3400000000000003,2.12,37.0,3.0,65.0,17.0,22100154.0,Rb,Rb,Li,Tb,Cl,A2B1B2X6,mp_all,1,0.0,1,5.0624,direct,Labeled_from_MP_all_A2BBX6,Materials Project,mp-cljxe,Rb2LiTbCl6,5.0624,True,False,0.00646158,False,1.0,
Rb2LiTlBr6,1,1.0,1.0,1.0,3.0,-1.0,1.66,0.9,1.025,1.82,0.9625,0.1249999999999998,3.48,2.7825,0.8843599635325015,0.5288461538461537,0.82,0.98,1.62,2.96,0.6400000000000001,1.3,2.14,1.66,37.0,3.0,81.0,35.0,55798874.0,Rb,Rb,Li,Tl,Br,A2B1B2X6,mp_all,1,1.0,1,0.5529,direct,Labeled_from_MP_all_A2BBX6,Materials Project,mp-cljzf,Rb2LiTlBr6,0.5529,True,False,0.0,True,1.0,
Rb2LiTlCl6,1,1.0,1.0,1.0,3.0,-1.0,1.66,0.9,1.025,1.67,0.9625,0.1249999999999998,3.33,2.6325,0.8944598599624705,0.5763473053892215,0.82,0.98,1.62,3.16,0.6400000000000001,1.3,2.3400000000000003,1.86,37.0,3.0,81.0,17.0,47296250.0,Rb,Rb,Li,Tl,Cl,A2B1B2X6,mp_all,1,0.0,1,1.5593,direct,Labeled_from_MP_all_A2BBX6,Materials Project,mp-cehwt,Rb2LiTlCl6,1.5593,True,False,0.016350676,False,1.0,
Rb2LiTmCl6,1,1.0,1.0,1.0,3.0,-1.0,1.66,0.9,1.02,1.67,0.96,0.12,3.33,2.63,0.8953101069776438,0.5748502994011976,0.82,0.98,1.25,3.16,0.27,1.115,2.3400000000000003,2.045,37.0,3.0,69.0,17.0,26916650.0,Rb,Rb,Li,Tm,Cl,A2B1B2X6,mp_all,1,1.0,1,5.2728,direct,Labeled_from_MP_all_A2BBX6,Materials Project,mp-cljxb,Rb2LiTmCl6,5.2728,True,False,0.0,True,1.0,
Rb2LiYBr6,1,1.0,1.0,1.0,3.0,-1.0,1.66,0.9,1.04,1.82,0.97,0.14,3.48,2.79,0.8819826518025754,0.532967032967033,0.82,0.98,1.22,2.96,0.24,1.1,2.14,1.86,37.0,3.0,39.0,35.0,15065594.0,Rb,Rb,Li,Y,Br,A2B1B2X6,mp_all,1,1.0,1,4.042,direct,Labeled_from_MP_all_A2BBX6,Materials Project,mp-clfbm,Rb2LiYBr6,4.042,True,False,0.0,True,1.0,
Rb2LiYCl6,1,1.0,1.0,1.0,3.0,-1.0,1.66,0.9,1.04,1.67,0.97,0.14,3.33,2.64,0.8919187808148498,0.5808383233532934,0.82,0.98,1.22,3.16,0.24,1.1,2.3400000000000003,2.06,37.0,3.0,39.0,17.0,6562970.0,Rb,Rb,Li,Y,Cl,A2B1B2X6,mp_all,1,0.0,1,4.9273,direct,Labeled_from_MP_all_A2BBX6,Materials Project,mp-clfal,Rb2LiYCl6,4.9273,True,False,0.005719422,False,1.0,
Rb2LiYI6,1,1.0,1.0,1.0,3.0,-1.0,1.66,0.9,1.04,2.06,0.97,0.14,3.72,3.03,0.868131097694375,0.4708737864077669,0.82,0.98,1.22,2.66,0.24,1.1,1.8400000000000003,1.56,37.0,3.0,39.0,53.0,53404730.0,Rb,Rb,Li,Y,I,A2B1B2X6,mp_all,1,0.0,1,2.9884,direct,Labeled_from_MP_all_A2BBX6,Materials Project,mp-clfcy,Rb2LiYI6,2.9884,True,False,0.027094289,False,1.0,
Rb2AgLuCl6,0,1.0,1.0,1.0,3.0,-1.0,1.66,1.29,1.001,1.67,1.1455,0.2890000000000001,3.33,2.8155,0.8363223517496726,0.6859281437125748,0.82,1.93,1.27,3.16,0.6599999999999999,1.6,2.3400000000000003,1.56,37.0,47.0,71.0,17.0,34540810.0,Rb,Rb,Ag,Lu,Cl,A2B1B2X6,mp_all,1,1.0,1,3.681,indirect,Labeled_from_MP_all_A2BBX6,Materials Project,mp-clglc,Rb2LuAgCl6,3.681,False,False,0.0,True,1.0,
Rb2AuLuCl6,0,1.0,1.0,1.0,3.0,-1.0,1.66,1.51,1.001,1.67,1.2555,0.5090000000000001,3.33,2.9255,0.8048762882759197,0.7517964071856288,0.82,2.54,1.27,3.16,1.27,1.905,2.3400000000000003,1.255,37.0,79.0,71.0,17.0,68611210.0,Rb,Rb,Au,Lu,Cl,A2B1B2X6,mp_all,1,0.0,1,2.0926,indirect,Labeled_from_MP_all_A2BBX6,Materials Project,mp-cljes,Rb2LuAuCl6,2.0926,False,False,0.097159786,False,1.0,oxidation state not guessed
Rb2CuLuCl6,0,1.0,1.0,1.0,3.0,-1.0,1.66,0.91,1.001,1.67,0.9555,0.0909999999999998,3.33,2.6255,0.8968446320134082,0.5721556886227546,0.82,1.9,1.27,3.16,0.6299999999999999,1.585,2.3400000000000003,1.5750000000000002,37.0,29.0,71.0,17.0,30368410.0,Rb,Rb,Cu,Lu,Cl,A2B1B2X6,mp_all,1,0.0,1,2.4367,indirect,Labeled_from_MP_all_A2BBX6,Materials Project,mp-clfod,Rb2LuCuCl6,2.4367,False,False,0.033677371,False,1.0,
Rb2NaAlCl6,1,1.0,1.0,1.0,3.0,-1.0,1.66,1.16,0.675,1.67,0.9175,0.4849999999999999,3.33,2.5875,0.9100156836139917,0.5494011976047904,0.82,0.93,1.61,3.16,0.68,1.27,2.3400000000000003,1.89,37.0,11.0,13.0,17.0,4292650.0,Rb,Rb,Na,Al,Cl,A2B1B2X6,mp_all,1,0.0,1,4.2244,direct,Labeled_from_MP_all_A2BBX6,Materials Project,mp-cljvl,Rb2NaAlCl6,4.2244,True,False,0.035774359,False,1.0,
Rb2NaAsBr6,0,1.0,1.0,1.0,3.0,-1.0,1.66,1.16,0.72,1.82,0.94,0.4399999999999999,3.48,2.76,0.8915694197569513,0.5164835164835164,0.82,0.93,2.18,2.96,1.25,1.5550000000000002,2.14,1.4049999999999998,37.0,11.0,33.0,35.0,13952634.0,Rb,Rb,Na,As,Br,A2B1B2X6,mp_all,1,0.0,1,2.5701,indirect,Labeled_from_MP_all_A2BBX6,Materials Project,mp-cljzd,Rb2NaAsBr6,2.5701,False,False,0.00897601,False,1.0,
Rb2NaAsCl6,0,1.0,1.0,1.0,3.0,-1.0,1.66,1.16,0.72,1.67,0.94,0.4399999999999999,3.33,2.61,0.902170720824216,0.562874251497006,0.82,0.93,2.18,3.16,1.25,1.5550000000000002,2.3400000000000003,1.605,37.0,11.0,33.0,17.0,5450010.0,Rb,Rb,Na,As,Cl,A2B1B2X6,mp_all,1,1.0,1,3.1484,indirect,Labeled_from_MP_all_A2BBX6,Materials Project,mp-cljwx,Rb2NaAsCl6,3.1484,False,False,0.0,True,1.0,
Rb2NaBiBr6,0,1.0,1.0,1.0,3.0,-1.0,1.66,1.16,1.17,1.82,1.165,0.01,3.48,2.9850000000000003,0.8243656946496432,0.6401098901098901,0.82,0.93,2.02,2.96,1.09,1.475,2.14,1.485,37.0,11.0,83.0,35.0,60225034.0,Rb,Rb,Na,Bi,Br,A2B1B2X6,mp_all,1,0.0,1,3.136,indirect,Labeled_from_MP_all_A2BBX6,Materials Project,mp-clfcx,Rb2NaBiBr6,3.136,False,False,0.031396662,False,1.0,
Rb2NaBiCl6,0,1.0,1.0,1.0,3.0,-1.0,1.66,1.16,1.17,1.67,1.165,0.01,3.33,2.835,0.8305698699651509,0.6976047904191617,0.82,0.93,2.02,3.16,1.09,1.475,2.3400000000000003,1.685,37.0,11.0,83.0,17.0,51722410.0,Rb,Rb,Na,Bi,Cl,A2B1B2X6,mp_all,1,1.0,1,3.7342,indirect,Labeled_from_MP_all_A2BBX6,Materials Project,mp-cehum,Rb2NaBiCl6,3.7342,False,False,0.0,True,1.0,
Rb2NaBiI6,0,1.0,1.0,1.0,3.0,-1.0,1.66,1.16,1.17,2.06,1.165,0.01,3.72,3.225,0.8156394499268081,0.5655339805825242,0.82,0.93,2.02,2.66,1.09,1.475,1.8400000000000003,1.185,37.0,11.0,83.0,53.0,98564170.0,Rb,Rb,Na,Bi,I,A2B1B2X6,mp_all,1,0.0,1,2.1072,indirect,Labeled_from_MP_all_A2BBX6,Materials Project,mp-clfea,Rb2NaBiI6,2.1072,False,False,0.050227632,False,1.0,
Rb2NaCeBr6,0,1.0,1.0,1.0,3.0,-1.0,1.66,1.16,1.15,1.82,1.1549999999999998,0.01,3.48,2.975,0.8271366717745161,0.6346153846153845,0.82,0.93,1.12,2.96,0.19,1.025,2.14,1.935,37.0,11.0,58.0,35.0,24083209.0,Rb,Rb,Na,Ce,Br,A2B1B2X6,mp_all,1,0.0,1,3.2334,indirect,Labeled_from_MP_all_A2BBX6,Materials Project,mp-clfcw,Rb2NaCeBr6,3.2334,False,False,0.029736421,False,1.0,
Rb2NaCeCl6,0,1.0,1.0,1.0,3.0,-1.0,1.66,1.16,1.15,1.67,1.1549999999999998,0.01,3.33,2.825,0.8335099403013109,0.6916167664670658,0.82,0.93,1.12,3.16,0.19,1.025,2.3400000000000003,2.135,37.0,11.0,58.0,17.0,15580585.0,Rb,Rb,Na,Ce,Cl,A2B1B2X6,mp_all,1,0.0,1,3.9696,indirect,Labeled_from_MP_all_A2BBX6,Materials Project,mp-clfbk,Rb2NaCeCl6,3.9696,False,False,0.02382595,False,1.0,
Rb2NaCeI6,0,1.0,1.0,1.0,3.0,-1.0,1.66,1.16,1.15,2.06,1.1549999999999998,0.01,3.72,3.215,0.8181764311085401,0.5606796116504853,0.82,0.93,1.12,2.66,0.19,1.025,1.8400000000000003,1.635,37.0,11.0,58.0,53.0,62422345.0,Rb,Rb,Na,Ce,I,A2B1B2X6,mp_all,1,0.0,1,0.2617,indirect,Labeled_from_MP_all_A2BBX6,Materials Project,mp-clfdz,Rb2NaCeI6,0.2617,False,False,0.037271965,False,1.0,
Rb2NaCrCl6,1,1.0,1.0,1.0,3.0,-1.0,1.66,1.16,1.4,1.67,1.2799999999999998,0.24,3.33,2.95,0.7981917224919334,0.7664670658682634,0.82,0.93,1.66,3.16,0.7299999999999999,1.295,2.3400000000000003,1.865,37.0,11.0,24.0,17.0,4595865.0,Rb,Rb,Na,Cr,Cl,A2B1B2X6,mp_all,1,1.0,1,1.3631,direct,Labeled_from_MP_all_A2BBX6,Materials Project,mp-cqqcx,Rb2NaCrCl6,1.3631,True,False,0.0,True,1.0,
Rb2NaDyCl6,1,1.0,1.0,1.0,3.0,-1.0,1.66,1.16,1.052,1.67,1.106,0.1079999999999998,3.33,2.776,0.8482224716683009,0.6622754491017964,0.82,0.93,1.22,3.16,0.2899999999999999,1.075,2.3400000000000003,2.085,37.0,11.0,66.0,17.0,23238825.0,Rb,Rb,Na,Dy,Cl,A2B1B2X6,mp_all,1,0.0,1,5.1403,direct,Labeled_from_MP_all_A2BBX6,Materials Project,mp-cljzb,Rb2NaDyCl6,5.1403,True,False,0.007330369,False,1.0,
Rb2NaErCl6,1,1.0,1.0,1.0,3.0,-1.0,1.66,1.16,1.03,1.67,1.095,0.1299999999999999,3.33,2.765,0.8515969552807245,0.655688622754491,0.82,0.93,1.24,3.16,0.3099999999999999,1.085,2.3400000000000003,2.075,37.0,11.0,68.0,17.0,25645465.0,Rb,Rb,Na,Er,Cl,A2B1B2X6,mp_all,1,1.0,1,5.1645,direct,Labeled_from_MP_all_A2BBX6,Materials Project,mp-cljzc,Rb2NaErCl6,5.1645,True,False,0.0,True,1.0,
Rb2NaGaBr6,1,1.0,1.0,1.0,3.0,-1.0,1.66,1.16,0.76,1.82,0.96,0.3999999999999999,3.48,2.78,0.885155251269491,0.5274725274725275,0.82,0.93,1.81,2.96,0.88,1.37,2.14,1.59,37.0,11.0,31.0,35.0,13690234.0,Rb,Rb,Na,Ga,Br,A2B1B2X6,mp_all,1,0.0,1,1.6024,direct,Labeled_from_MP_all_A2BBX6,Materials Project,mp-cleyp,Rb2NaGaBr6,1.6024,True,False,0.083923607,False,1.0,
Rb2NaGaCl6,1,1.0,1.0,1.0,3.0,-1.0,1.66,1.16,0.76,1.67,0.96,0.3999999999999999,3.33,2.63,0.8953101069776438,0.5748502994011976,0.82,0.93,1.81,3.16,0.88,1.37,2.3400000000000003,1.79,37.0,11.0,31.0,17.0,5187610.0,Rb,Rb,Na,Ga,Cl,A2B1B2X6,mp_all,1,0.0,1,2.9042,direct,Labeled_from_MP_all_A2BBX6,Materials Project,mp-cljvi,Rb2NaGaCl6,2.9042,True,False,0.056494751,False,1.0,
Rb2NaGdCl6,1,1.0,1.0,1.0,3.0,-1.0,1.66,1.16,1.075,1.67,1.1175,0.0849999999999999,3.33,2.7875,0.8447230785116425,0.6691616766467066,0.82,0.93,1.2,3.16,0.2699999999999999,1.065,2.3400000000000003,2.095,37.0,11.0,64.0,17.0,21041305.0,Rb,Rb,Na,Gd,Cl,A2B1B2X6,mp_all,1,0.0,1,2.711,direct,Labeled_from_MP_all_A2BBX6,Materials Project,mp-cljyx,Rb2NaGdCl6,2.711,True,False,0.003879775,False,1.0,
Rb2NaInBr6,1,1.0,1.0,1.0,3.0,-1.0,1.66,1.16,0.94,1.82,1.0499999999999998,0.2199999999999999,3.48,2.87,0.8573977695223642,0.5769230769230768,0.82,0.93,1.78,2.96,0.85,1.355,2.14,1.605,37.0,11.0,49.0,35.0,18531514.0,Rb,Rb,Na,In,Br,A2B1B2X6,mp_all,1,0.0,1,2.0049,direct,Labeled_from_MP_all_A2BBX6,Materials Project,mp-cljyv,Rb2NaInBr6,2.0049,True,False,0.026982653,False,1.0,
Rb2NaInCl6,1,1.0,1.0,1.0,3.0,-1.0,1.66,1.16,0.94,1.67,1.0499999999999998,0.2199999999999999,3.33,2.72,0.865685875496766,0.6287425149700598,0.82,0.93,1.78,3.16,0.85,1.355,2.3400000000000003,1.805,37.0,11.0,49.0,17.0,10028890.0,Rb,Rb,Na,In,Cl,A2B1B2X6,mp_all,1,1.0,1,3.0533,direct,Labeled_from_MP_all_A2BBX6,Materials Project,mp-cehvn,Rb2NaInCl6,3.0533,True,False,0.0,True,1.0,
Rb2NaInI6,1,1.0,1.0,1.0,3.0,-1.0,1.66,1.16,0.94,2.06,1.0499999999999998,0.2199999999999999,3.72,3.11,0.8457997511298896,0.5097087378640776,0.82,0.93,1.78,2.66,0.85,1.355,1.8400000000000003,1.3050000000000002,37.0,11.0,49.0,53.0,56870650.0,Rb,Rb,Na,In,I,A2B1B2X6,mp_all,1,0.0,1,0.6818,direct,Labeled_from_MP_all_A2BBX6,Materials Project,mp-clkcs,Rb2NaInI6,0.6818,True,False,0.076963318,False,1.0,
Rb2NaLaCl6,1,1.0,1.0,1.0,3.0,-1.0,1.66,1.16,1.172,1.67,1.166,0.012,3.33,2.836,0.8302770032973212,0.6982035928143713,0.82,0.93,1.1,3.16,0.17,1.015,2.3400000000000003,2.145,37.0,11.0,57.0,17.0,14820090.0,Rb,Rb,Na,La,Cl,A2B1B2X6,mp_all,1,0.0,1,4.6431,direct,Labeled_from_MP_all_A2BBX6,Materials Project,mp-cljyw,Rb2NaLaCl6,4.6431,True,False,0.038857808,False,1.0,
Rb2NaMoBr6,1,1.0,1.0,1.0,3.0,-1.0,1.66,1.16,0.83,1.82,0.995,0.3299999999999999,3.48,2.815,0.8741497685716466,0.5467032967032966,0.82,0.93,2.16,2.96,1.23,1.5450000000000002,2.14,1.4149999999999998,37.0,11.0,42.0,35.0,15878409.0,Rb,Rb,Na,Mo,Br,A2B1B2X6,mp_all,1,0.0,1,1.4757,direct,Labeled_from_MP_all_A2BBX6,Materials Project,mp-clfbj,Rb2NaMoBr6,1.4757,True,False,0.04558896,False,1.0,
Rb2NaMoCl6,1,1.0,1.0,1.0,3.0,-1.0,1.66,1.16,0.83,1.67,0.995,0.3299999999999999,3.33,2.665,0.8835518128897573,0.5958083832335329,0.82,0.93,2.16,3.16,1.23,1.5450000000000002,2.3400000000000003,1.615,37.0,11.0,42.0,17.0,7375785.0,Rb,Rb,Na,Mo,Cl,A2B1B2X6,mp_all,1,0.0,1,1.6224,direct,Labeled_from_MP_all_A2BBX6,Materials Project,mp-clfak,Rb2NaMoCl6,1.6224,True,False,0.01217497,False,1.0,
Rb2NaMoI6,1,1.0,1.0,1.0,3.0,-1.0,1.66,1.16,0.83,2.06,0.995,0.3299999999999999,3.72,3.055,0.8610269152255177,0.483009708737864,0.82,0.93,2.16,2.66,1.23,1.5450000000000002,1.8400000000000003,1.115,37.0,11.0,42.0,53.0,54217545.0,Rb,Rb,Na,Mo,I,A2B1B2X6,mp_all,1,0.0,1,1.0856,direct,Labeled_from_MP_all_A2BBX6,Materials Project,mp-clfcv,Rb2NaMoI6,1.0856,True,False,0.097478781,False,1.0,
Rb2NaNdBr6,1,1.0,1.0,1.0,3.0,-1.0,1.66,1.16,1.123,1.82,1.1415,0.0369999999999999,3.48,2.9615,0.8309071749212174,0.6271978021978022,0.82,0.93,1.14,2.96,0.2099999999999998,1.035,2.14,1.925,37.0,11.0,60.0,35.0,25726713.0,Rb,Rb,Na,Nd,Br,A2B1B2X6,mp_all,1,0.0,1,4.0334,direct,Labeled_from_MP_all_A2BBX6,Materials Project,mp-clfcu,Rb2NaNdBr6,4.0334,True,False,0.032343341,False,1.0,
Rb2NaNdCl6,1,1.0,1.0,1.0,3.0,-1.0,1.66,1.16,1.123,1.67,1.1415,0.0369999999999999,3.33,2.8115,0.8375122110443548,0.6835329341317365,0.82,0.93,1.14,3.16,0.2099999999999998,1.035,2.3400000000000003,2.125,37.0,11.0,60.0,17.0,17224089.0,Rb,Rb,Na,Nd,Cl,A2B1B2X6,mp_all,1,0.0,1,5.003,direct,Labeled_from_MP_all_A2BBX6,Materials Project,mp-clfbi,Rb2NaNdCl6,5.003,True,False,0.028015648,False,1.0,
Rb2NaNdI6,1,1.0,1.0,1.0,3.0,-1.0,1.66,1.16,1.123,2.06,1.1415,0.0369999999999999,3.72,3.2015,0.8216264957094975,0.554126213592233,0.82,0.93,1.14,2.66,0.2099999999999998,1.035,1.8400000000000003,1.6250000000000002,37.0,11.0,60.0,53.0,64065849.0,Rb,Rb,Na,Nd,I,A2B1B2X6,mp_all,1,0.0,1,3.1233,direct,Labeled_from_MP_all_A2BBX6,Materials Project,mp-clfdy,Rb2NaNdI6,3.1233,True,False,0.041491814,False,1.0,
Rb2NaPrBr6,1,1.0,1.0,1.0,3.0,-1.0,1.66,1.16,1.13,1.82,1.145,0.03,3.48,2.965,0.8299263401447505,0.6291208791208791,0.82,0.93,1.13,2.96,0.1999999999999998,1.03,2.14,1.93,37.0,11.0,59.0,35.0,24884074.0,Rb,Rb,Na,Pr,Br,A2B1B2X6,mp_all,1,0.0,1,4.0373,direct,Labeled_from_MP_all_A2BBX6,Materials Project,mp-clfct,Rb2NaPrBr6,4.0373,True,False,0.038559097,False,1.0,
Rb2NaPrCl6,1,1.0,1.0,1.0,3.0,-1.0,1.66,1.16,1.13,1.67,1.145,0.03,3.33,2.815,0.836470899236662,0.6856287425149701,0.82,0.93,1.13,3.16,0.1999999999999998,1.03,2.3400000000000003,2.13,37.0,11.0,59.0,17.0,16381450.0,Rb,Rb,Na,Pr,Cl,A2B1B2X6,mp_all,1,0.0,1,4.9807,direct,Labeled_from_MP_all_A2BBX6,Materials Project,mp-clfbh,Rb2NaPrCl6,4.9807,True,False,0.036138179,False,1.0,
Rb2NaPrI6,1,1.0,1.0,1.0,3.0,-1.0,1.66,1.16,1.13,2.06,1.145,0.03,3.72,3.205,0.8207292436861018,0.5558252427184466,0.82,0.93,1.13,2.66,0.1999999999999998,1.03,1.8400000000000003,1.63,37.0,11.0,59.0,53.0,63223210.0,Rb,Rb,Na,Pr,I,A2B1B2X6,mp_all,1,0.0,1,3.112,direct,Labeled_from_MP_all_A2BBX6,Materials Project,mp-clfdx,Rb2NaPrI6,3.112,True,False,0.04711535,False,1.0,
Rb2NaSbBr6,0,1.0,1.0,1.0,3.0,-1.0,1.66,1.16,0.9,1.82,1.03,0.2599999999999999,3.48,2.85,0.8634145959751528,0.5659340659340659,0.82,0.93,2.05,2.96,1.1199999999999997,1.49,2.14,1.47,37.0,11.0,51.0,35.0,19531914.0,Rb,Rb,Na,Sb,Br,A2B1B2X6,mp_all,1,0.0,1,2.5605,indirect,Labeled_from_MP_all_A2BBX6,Materials Project,mp-clfbg,Rb2NaSbBr6,2.5605,False,False,0.031378416,False,1.0,
Rb2NaSbCl6,0,1.0,1.0,1.0,3.0,-1.0,1.66,1.16,0.9,1.67,1.03,0.2599999999999999,3.33,2.7,0.8720983634634085,0.6167664670658684,0.82,0.93,2.05,3.16,1.1199999999999997,1.49,2.3400000000000003,1.6700000000000002,37.0,11.0,51.0,17.0,11029290.0,Rb,Rb,Na,Sb,Cl,A2B1B2X6,mp_all,1,1.0,1,3.0525,indirect,Labeled_from_MP_all_A2BBX6,Materials Project,mp-cehvl,Rb2NaSbCl6,3.0525,False,False,0.0,True,1.0,
Rb2NaSbI6,0,1.0,1.0,1.0,3.0,-1.0,1.66,1.16,0.9,2.06,1.03,0.2599999999999999,3.72,3.09,0.8512741831760378,0.5,0.82,0.93,2.05,2.66,1.1199999999999997,1.49,1.8400000000000003,1.1700000000000002,37.0,11.0,51.0,53.0,57871050.0,Rb,Rb,Na,Sb,I,A2B1B2X6,mp_all,1,0.0,1,1.8884,indirect,Labeled_from_MP_all_A2BBX6,Materials Project,mp-clfdw,Rb2NaSbI6,1.8884,False,False,0.052287408,False,1.0,
Rb2NaScBr6,0,1.0,1.0,1.0,3.0,-1.0,1.66,1.16,0.885,1.82,1.0225,0.2749999999999999,3.48,2.8425,0.8656927347508127,0.5618131868131868,0.82,0.93,1.36,2.96,0.43,1.145,2.14,1.815,37.0,11.0,21.0,35.0,12961194.0,Rb,Rb,Na,Sc,Br,A2B1B2X6,mp_all,1,0.0,1,3.1115,indirect,Labeled_from_MP_all_A2BBX6,Materials Project,mp-cljyu,Rb2NaScBr6,3.1115,False,False,0.007340721,False,1.0,
Rb2NaScCl6,0,1.0,1.0,1.0,3.0,-1.0,1.66,1.16,0.885,1.67,1.0225,0.2749999999999999,3.33,2.6925,0.8745276068156743,0.6122754491017964,0.82,0.93,1.36,3.16,0.43,1.145,2.3400000000000003,2.015,37.0,11.0,21.0,17.0,4458570.0,Rb,Rb,Na,Sc,Cl,A2B1B2X6,mp_all,1,1.0,1,3.9108,indirect,Labeled_from_MP_all_A2BBX6,Materials Project,mp-cljwt,Rb2NaScCl6,3.9108,False,False,0.0,True,1.0,
Rb2NaScI6,0,1.0,1.0,1.0,3.0,-1.0,1.66,1.16,0.885,2.06,1.0225,0.2749999999999999,3.72,3.0825,0.8533454098990937,0.4963592233009708,0.82,0.93,1.36,2.66,0.43,1.145,1.8400000000000003,1.515,37.0,11.0,21.0,53.0,51300330.0,Rb,Rb,Na,Sc,I,A2B1B2X6,mp_all,1,1.0,1,2.2079,indirect,Labeled_from_MP_all_A2BBX6,Materials Project,mp-clkct,Rb2NaScI6,2.2079,False,False,0.0,True,1.0,
Rb2NaSmCl6,1,1.0,1.0,1.0,3.0,-1.0,1.66,1.16,1.098,1.67,1.129,0.0619999999999998,3.33,2.799,0.841252440639944,0.6760479041916168,0.82,0.93,1.17,3.16,0.2399999999999998,1.05,2.3400000000000003,2.1100000000000003,37.0,11.0,62.0,17.0,19040425.0,Rb,Rb,Na,Sm,Cl,A2B1B2X6,mp_all,1,0.0,1,5.0726,direct,Labeled_from_MP_all_A2BBX6,Materials Project,mp-cljys,Rb2NaSmCl6,5.0726,True,False,0.015376247,False,1.0,
Rb2NaTbCl6,1,1.0,1.0,1.0,3.0,-1.0,1.66,1.16,1.063,1.67,1.1115,0.0969999999999999,3.33,2.7815,0.8465452386666199,0.6655688622754491,0.82,0.93,1.1,3.16,0.17,1.015,2.3400000000000003,2.145,37.0,11.0,65.0,17.0,22114714.0,Rb,Rb,Na,Tb,Cl,A2B1B2X6,mp_all,1,0.0,1,5.1216,direct,Labeled_from_MP_all_A2BBX6,Materials Project,mp-cljyt,Rb2NaTbCl6,5.1216,True,False,0.000279135,False,1.0,
Rb2NaTlBr6,1,1.0,1.0,1.0,3.0,-1.0,1.66,1.16,1.025,1.82,1.0924999999999998,0.135,3.48,2.9125,0.8448863857610938,0.6002747252747251,0.82,0.93,1.62,2.96,0.6900000000000001,1.275,2.14,1.6849999999999998,37.0,11.0,81.0,35.0,55813434.0,Rb,Rb,Na,Tl,Br,A2B1B2X6,mp_all,1,1.0,1,1.0102,direct,Labeled_from_MP_all_A2BBX6,Materials Project,mp-cljyp,Rb2NaTlBr6,1.0102,True,False,0.0,True,1.0,
Rb2NaTlCl6,1,1.0,1.0,1.0,3.0,-1.0,1.66,1.16,1.025,1.67,1.0924999999999998,0.135,3.33,2.7625,0.8523676312583541,0.654191616766467,0.82,0.93,1.62,3.16,0.6900000000000001,1.275,2.3400000000000003,1.885,37.0,11.0,81.0,17.0,47310810.0,Rb,Rb,Na,Tl,Cl,A2B1B2X6,mp_all,1,0.0,1,1.8121,direct,Labeled_from_MP_all_A2BBX6,Materials Project,mp-cehwd,Rb2NaTlCl6,1.8121,True,False,0.008229163,False,1.0,
Rb2NaTmCl6,1,1.0,1.0,1.0,3.0,-1.0,1.66,1.16,1.02,1.67,1.09,0.1399999999999999,3.33,2.76,0.8531397033881172,0.652694610778443,0.82,0.93,1.25,3.16,0.3199999999999999,1.09,2.3400000000000003,2.0700000000000003,37.0,11.0,69.0,17.0,26931210.0,Rb,Rb,Na,Tm,Cl,A2B1B2X6,mp_all,1,1.0,1,5.0572,direct,Labeled_from_MP_all_A2BBX6,Materials Project,mp-bghmw,Rb2NaTmCl6,5.0572,True,False,0.0,True,1.0,
Rb2NaYBr6,1,1.0,1.0,1.0,3.0,-1.0,1.66,1.16,1.04,1.82,1.1,0.1199999999999998,3.48,2.92,0.8427163008661593,0.6043956043956045,0.82,0.93,1.22,2.96,0.2899999999999999,1.075,2.14,1.885,37.0,11.0,39.0,35.0,15080154.0,Rb,Rb,Na,Y,Br,A2B1B2X6,mp_all,1,1.0,1,4.1918,direct,Labeled_from_MP_all_A2BBX6,Materials Project,mp-clfbd,Rb2NaYBr6,4.1918,True,False,0.0,True,1.0,
Rb2NaYCl6,1,1.0,1.0,1.0,3.0,-1.0,1.66,1.16,1.04,1.67,1.1,0.1199999999999998,3.33,2.77,0.8500597766610841,0.658682634730539,0.82,0.93,1.22,3.16,0.2899999999999999,1.075,2.3400000000000003,2.085,37.0,11.0,39.0,17.0,6577530.0,Rb,Rb,Na,Y,Cl,A2B1B2X6,mp_all,1,1.0,1,5.1042,direct,Labeled_from_MP_all_A2BBX6,Materials Project,mp-clfbc,Rb2NaYCl6,5.1042,True,False,0.0,True,1.0,
Rb2NaYI6,1,1.0,1.0,1.0,3.0,-1.0,1.66,1.16,1.04,2.06,1.1,0.1199999999999998,3.72,3.16,0.8324168436753027,0.5339805825242718,0.82,0.93,1.22,2.66,0.2899999999999999,1.075,1.8400000000000003,1.5850000000000002,37.0,11.0,39.0,53.0,53419290.0,Rb,Rb,Na,Y,I,A2B1B2X6,mp_all,1,0.0,1,3.1384,direct,Labeled_from_MP_all_A2BBX6,Materials Project,mp-clfdv,Rb2NaYI6,3.1384,True,False,0.024726585,False,1.0,
Rb2AgNdBr6,0,1.0,1.0,1.0,3.0,-1.0,1.66,1.29,1.123,1.82,1.2065,0.167,3.48,3.0265000000000004,0.813061820098855,0.662912087912088,0.82,1.93,1.14,2.96,0.79,1.535,2.14,1.425,37.0,47.0,60.0,35.0,30591753.0,Rb,Rb,Ag,Nd,Br,A2B1B2X6,mp_all,1,0.0,1,3.3063,indirect,Labeled_from_MP_all_A2BBX6,Materials Project,mp-clffj,Rb2NdAgBr6,3.3063,False,False,0.050721213,False,1.0,
Rb2AgNdCl6,0,1.0,1.0,1.0,3.0,-1.0,1.66,1.29,1.123,1.67,1.2065,0.167,3.33,2.8765,0.8185870263692692,0.7224550898203594,0.82,1.93,1.14,3.16,0.79,1.535,2.3400000000000003,1.6250000000000002,37.0,47.0,60.0,17.0,22089129.0,Rb,Rb,Ag,Nd,Cl,A2B1B2X6,mp_all,1,0.0,1,3.6549,indirect,Labeled_from_MP_all_A2BBX6,Materials Project,mp-clffi,Rb2NdAgCl6,3.6549,False,False,0.034805227,False,1.0,
Rb2AgNdI6,0,1.0,1.0,1.0,3.0,-1.0,1.66,1.29,1.123,2.06,1.2065,0.167,3.72,3.2665,0.805276971074225,0.5856796116504854,0.82,1.93,1.14,2.66,0.79,1.535,1.8400000000000003,1.1250000000000002,37.0,47.0,60.0,53.0,68930889.0,Rb,Rb,Ag,Nd,I,A2B1B2X6,mp_all,1,0.0,1,2.5524,indirect,Labeled_from_MP_all_A2BBX6,Materials Project,mp-clfga,Rb2NdAgI6,2.5524,False,False,0.062069203,False,1.0,
Rb2AuNdCl6,0,1.0,1.0,1.0,3.0,-1.0,1.66,1.51,1.123,1.67,1.3165,0.387,3.33,2.9865,0.7884364913280439,0.7883233532934132,0.82,2.54,1.14,3.16,1.4,1.84,2.3400000000000003,1.3200000000000005,37.0,79.0,60.0,17.0,56159529.0,Rb,Rb,Au,Nd,Cl,A2B1B2X6,mp_all,1,0.0,1,2.2412,indirect,Labeled_from_MP_all_A2BBX6,Materials Project,mp-cljlc,Rb2NdAuCl6,2.2412,False,False,0.13693138,False,1.0,oxidation state not guessed
Rb2CuNdBr6,0,1.0,1.0,1.0,3.0,-1.0,1.66,0.91,1.123,1.82,1.0165,0.2129999999999999,3.48,2.8365,0.8675239198058118,0.5585164835164834,0.82,1.9,1.14,2.96,0.76,1.52,2.14,1.44,37.0,29.0,60.0,35.0,26419353.0,Rb,Rb,Cu,Nd,Br,A2B1B2X6,mp_all,1,0.0,1,2.2883,indirect,Labeled_from_MP_all_A2BBX6,Materials Project,mp-clfcb,Rb2NdCuBr6,2.2883,False,False,0.070126402,False,1.0,
Rb2CuNdCl6,0,1.0,1.0,1.0,3.0,-1.0,1.66,0.91,1.123,1.67,1.0165,0.2129999999999999,3.33,2.6865,0.8764807672999082,0.608682634730539,0.82,1.9,1.14,3.16,0.76,1.52,2.3400000000000003,1.64,37.0,29.0,60.0,17.0,17916729.0,Rb,Rb,Cu,Nd,Cl,A2B1B2X6,mp_all,1,0.0,1,2.4344,indirect,Labeled_from_MP_all_A2BBX6,Materials Project,mp-clfau,Rb2NdCuCl6,2.4344,False,False,0.066024099,False,1.0,
Rb2CuNdI6,0,1.0,1.0,1.0,3.0,-1.0,1.66,0.91,1.123,2.06,1.0165,0.2129999999999999,3.72,3.0765,0.8550096622830996,0.4934466019417475,0.82,1.9,1.14,2.66,0.76,1.52,1.8400000000000003,1.14,37.0,29.0,60.0,53.0,64758489.0,Rb,Rb,Cu,Nd,I,A2B1B2X6,mp_all,1,0.0,1,1.8116,indirect,Labeled_from_MP_all_A2BBX6,Materials Project,mp-clfds,Rb2NdCuI6,1.8116,False,False,0.09508497,False,1.0,
Rb2AgPrBr6,0,1.0,1.0,1.0,3.0,-1.0,1.66,1.29,1.13,1.82,1.21,0.1600000000000001,3.48,3.03,0.812122639778609,0.6648351648351648,0.82,1.93,1.13,2.96,0.8,1.5299999999999998,2.14,1.4300000000000002,37.0,47.0,59.0,35.0,29749114.0,Rb,Rb,Ag,Pr,Br,A2B1B2X6,mp_all,1,0.0,1,3.2758,indirect,Labeled_from_MP_all_A2BBX6,Materials Project,mp-clffu,Rb2PrAgBr6,3.2758,False,False,0.056320674,False,1.0,
Rb2AgPrCl6,0,1.0,1.0,1.0,3.0,-1.0,1.66,1.29,1.13,1.67,1.21,0.1600000000000001,3.33,2.88,0.8175922157469456,0.7245508982035929,0.82,1.93,1.13,3.16,0.8,1.5299999999999998,2.3400000000000003,1.6300000000000003,37.0,47.0,59.0,17.0,21246490.0,Rb,Rb,Ag,Pr,Cl,A2B1B2X6,mp_all,1,0.0,1,3.6461,indirect,Labeled_from_MP_all_A2BBX6,Materials Project,mp-clffh,Rb2PrAgCl6,3.6461,False,False,0.042629868,False,1.0,
Rb2AgPrI6,0,1.0,1.0,1.0,3.0,-1.0,1.66,1.29,1.13,2.06,1.21,0.1600000000000001,3.72,3.27,0.804415053826898,0.587378640776699,0.82,1.93,1.13,2.66,0.8,1.5299999999999998,1.8400000000000003,1.1300000000000003,37.0,47.0,59.0,53.0,68088250.0,Rb,Rb,Ag,Pr,I,A2B1B2X6,mp_all,1,0.0,1,2.5438,indirect,Labeled_from_MP_all_A2BBX6,Materials Project,mp-clffz,Rb2PrAgI6,2.5438,False,False,0.067258948,False,1.0,
Rb2AuPrCl6,0,1.0,1.0,1.0,3.0,-1.0,1.66,1.51,1.13,1.67,1.3199999999999998,0.3800000000000001,3.33,2.99,0.787513572358262,0.7904191616766466,0.82,2.54,1.13,3.16,1.41,1.835,2.3400000000000003,1.3250000000000002,37.0,79.0,59.0,17.0,55316890.0,Rb,Rb,Au,Pr,Cl,A2B1B2X6,mp_all,1,0.0,1,2.2207,indirect,Labeled_from_MP_all_A2BBX6,Materials Project,mp-cljdo,Rb2PrAuCl6,2.2207,False,False,0.145034342,False,1.0,oxidation state not guessed
Rb2CuPrBr6,0,1.0,1.0,1.0,3.0,-1.0,1.66,0.91,1.13,1.82,1.02,0.2199999999999998,3.48,2.84,0.8664547882145018,0.5604395604395604,0.82,1.9,1.13,2.96,0.77,1.515,2.14,1.445,37.0,29.0,59.0,35.0,25576714.0,Rb,Rb,Cu,Pr,Br,A2B1B2X6,mp_all,1,0.0,1,1.9411,indirect,Labeled_from_MP_all_A2BBX6,Materials Project,mp-clfca,Rb2PrCuBr6,1.9411,False,False,0.075662629,False,1.0,
Rb2CuPrCl6,0,1.0,1.0,1.0,3.0,-1.0,1.66,0.91,1.13,1.67,1.02,0.2199999999999998,3.33,2.69,0.8753403648145737,0.6107784431137725,0.82,1.9,1.13,3.16,0.77,1.515,2.3400000000000003,1.6450000000000002,37.0,29.0,59.0,17.0,17074090.0,Rb,Rb,Cu,Pr,Cl,A2B1B2X6,mp_all,1,0.0,1,2.3461,indirect,Labeled_from_MP_all_A2BBX6,Materials Project,mp-clfat,Rb2PrCuCl6,2.3461,False,False,0.073582757,False,1.0,
Rb2CuPrI6,0,1.0,1.0,1.0,3.0,-1.0,1.66,0.91,1.13,2.06,1.02,0.2199999999999998,3.72,3.08,0.8540380603941418,0.4951456310679611,0.82,1.9,1.13,2.66,0.77,1.515,1.8400000000000003,1.1450000000000002,37.0,29.0,59.0,53.0,63915850.0,Rb,Rb,Cu,Pr,I,A2B1B2X6,mp_all,1,0.0,1,1.7961,indirect,Labeled_from_MP_all_A2BBX6,Materials Project,mp-clfdr,Rb2PrCuI6,1.7961,False,False,0.099898926,False,1.0,
Rb2AuSbCl6,0,1.0,1.0,1.0,3.0,-1.0,1.66,1.51,0.9,1.67,1.205,0.61,3.33,2.875,0.8190141152525925,0.721556886227545,0.82,2.54,2.05,3.16,0.4900000000000002,2.295,2.3400000000000003,0.8650000000000002,37.0,79.0,51.0,17.0,49964730.0,Rb,Rb,Au,Sb,Cl,A2B1B2X6,mp_all,1,0.0,1,0.3775,indirect,Labeled_from_MP_all_A2BBX6,Materials Project,mp-clgoh,Rb2SbAuCl6,0.3775,False,False,0.072393967,False,1.0,oxidation state not guessed
Rb2AgScBr6,0,1.0,1.0,1.0,3.0,-1.0,1.66,1.29,0.885,1.82,1.0875,0.405,3.48,2.9075,0.8463393288148531,0.5975274725274724,0.82,1.93,1.36,2.96,0.5699999999999998,1.645,2.14,1.315,37.0,47.0,21.0,35.0,17826234.0,Rb,Rb,Ag,Sc,Br,A2B1B2X6,mp_all,1,0.0,1,2.8738,indirect,Labeled_from_MP_all_A2BBX6,Materials Project,mp-clgos,Rb2ScAgBr6,2.8738,False,False,0.026484421,False,1.0,
Rb2AgScCl6,1,1.0,1.0,1.0,3.0,-1.0,1.66,1.29,0.885,1.67,1.0875,0.405,3.33,2.7575,0.8539131754673448,0.6511976047904191,0.82,1.93,1.36,3.16,0.5699999999999998,1.645,2.3400000000000003,1.515,37.0,47.0,21.0,17.0,9323610.0,Rb,Rb,Ag,Sc,Cl,A2B1B2X6,mp_all,1,1.0,1,3.2973,direct,Labeled_from_MP_all_A2BBX6,Materials Project,mp-clfex,Rb2ScAgCl6,3.2973,True,False,0.0,True,1.0,
Rb2AgScI6,0,1.0,1.0,1.0,3.0,-1.0,1.66,1.29,0.885,2.06,1.0875,0.405,3.72,3.1475,0.8357227088209551,0.5279126213592232,0.82,1.93,1.36,2.66,0.5699999999999998,1.645,1.8400000000000003,1.015,37.0,47.0,21.0,53.0,56165370.0,Rb,Rb,Ag,Sc,I,A2B1B2X6,mp_all,1,0.0,1,2.1449,indirect,Labeled_from_MP_all_A2BBX6,Materials Project,mp-clgrn,Rb2ScAgI6,2.1449,False,False,0.019905862,False,1.0,
Rb2AuScBr6,0,1.0,1.0,1.0,3.0,-1.0,1.66,1.51,0.885,1.82,1.1975,0.625,3.48,3.0175,0.8154868594960017,0.657967032967033,0.82,2.54,1.36,2.96,1.18,1.95,2.14,1.0099999999999998,37.0,79.0,21.0,35.0,51896634.0,Rb,Rb,Au,Sc,Br,A2B1B2X6,mp_all,1,0.0,1,1.7436,indirect,Labeled_from_MP_all_A2BBX6,Materials Project,mp-clgog,Rb2ScAuBr6,1.7436,False,False,0.104827658,False,1.0,oxidation state not guessed
Rb2AuScCl6,0,1.0,1.0,1.0,3.0,-1.0,1.66,1.51,0.885,1.67,1.1975,0.625,3.33,2.8675,0.8211562620230876,0.7170658682634731,0.82,2.54,1.36,3.16,1.18,1.95,2.3400000000000003,1.21,37.0,79.0,21.0,17.0,43394010.0,Rb,Rb,Au,Sc,Cl,A2B1B2X6,mp_all,1,0.0,1,2.0443,indirect,Labeled_from_MP_all_A2BBX6,Materials Project,mp-clgkq,Rb2ScAuCl6,2.0443,False,False,0.071547417,False,1.0,oxidation state not guessed
Rb2AuScI6,0,1.0,1.0,1.0,3.0,-1.0,1.66,1.51,0.885,2.06,1.1975,0.625,3.72,3.2575000000000003,0.8075018345399712,0.5813106796116505,0.82,2.54,1.36,2.66,1.18,1.95,1.8400000000000003,0.71,37.0,79.0,21.0,53.0,90235770.0,Rb,Rb,Au,Sc,I,A2B1B2X6,mp_all,1,0.0,1,1.1384,indirect,Labeled_from_MP_all_A2BBX6,Materials Project,mp-clgrc,Rb2ScAuI6,1.1384,False,False,0.072854374,False,1.0,oxidation state not guessed
Rb2CuScCl6,0,1.0,1.0,1.0,3.0,-1.0,1.66,0.91,0.885,1.67,0.8975,0.025,3.33,2.5675,0.9171044133792418,0.5374251497005988,0.82,1.9,1.36,3.16,0.5399999999999998,1.63,2.3400000000000003,1.5300000000000002,37.0,29.0,21.0,17.0,5151210.0,Rb,Rb,Cu,Sc,Cl,A2B1B2X6,mp_all,1,0.0,1,1.8951,indirect,Labeled_from_MP_all_A2BBX6,Materials Project,mp-cljhg,Rb2ScCuCl6,1.8951,False,False,0.006490812,False,1.0,
Rb2InScBr6,1,1.0,1.0,1.0,3.0,-1.0,1.66,1.55,0.885,1.82,1.2175,0.665,3.48,3.0375,0.8101173986927358,0.6689560439560439,0.82,1.78,1.36,2.96,0.4199999999999999,1.57,2.14,1.39,37.0,49.0,21.0,35.0,18711354.0,Rb,Rb,In,Sc,Br,A2B1B2X6,mp_all,1,0.0,1,2.4052,direct,Labeled_from_MP_all_A2BBX6,Materials Project,mp-clkdg,Rb2ScInBr6,2.4052,True,False,0.031397746,False,1.0,
Rb2InScCl6,1,1.0,1.0,1.0,3.0,-1.0,1.66,1.55,0.885,1.67,1.2175,0.665,3.33,2.8875,0.8154685996021481,0.7290419161676647,0.82,1.78,1.36,3.16,0.4199999999999999,1.57,2.3400000000000003,1.59,37.0,49.0,21.0,17.0,10208730.0,Rb,Rb,In,Sc,Cl,A2B1B2X6,mp_all,1,1.0,1,2.6355,direct,Labeled_from_MP_all_A2BBX6,Materials Project,mp-clkab,Rb2ScInCl6,2.6355,True,False,0.0,True,1.0,
Rb2InScI6,1,1.0,1.0,1.0,3.0,-1.0,1.66,1.55,0.885,2.06,1.2175,0.665,3.72,3.2775,0.8025742871133353,0.5910194174757282,0.82,1.78,1.36,2.66,0.4199999999999999,1.57,1.8400000000000003,1.09,37.0,49.0,21.0,53.0,57050490.0,Rb,Rb,In,Sc,I,A2B1B2X6,mp_all,1,0.0,1,2.0229,direct,Labeled_from_MP_all_A2BBX6,Materials Project,mp-clkfk,Rb2ScInI6,2.0229,True,False,0.007130817,False,1.0,
Rb2TlScBr6,1,1.0,1.0,1.0,3.0,-1.0,1.66,1.64,0.885,1.82,1.2625,0.7549999999999999,3.48,3.0825,0.7982908673249587,0.6936813186813187,0.82,1.62,1.36,2.96,0.26,1.4900000000000002,2.14,1.4699999999999998,37.0,81.0,21.0,35.0,55993274.0,Rb,Rb,Tl,Sc,Br,A2B1B2X6,mp_all,1,0.0,1,3.0758,direct,Labeled_from_MP_all_A2BBX6,Materials Project,mp-clkcl,Rb2ScTlBr6,3.0758,True,False,0.036429553,False,1.0,
Rb2TlScCl6,1,1.0,1.0,1.0,3.0,-1.0,1.66,1.64,0.885,1.67,1.2625,0.7549999999999999,3.33,2.9325,0.8029550149535218,0.7559880239520959,0.82,1.62,1.36,3.16,0.26,1.4900000000000002,2.3400000000000003,1.67,37.0,81.0,21.0,17.0,47490650.0,Rb,Rb,Tl,Sc,Cl,A2B1B2X6,mp_all,1,1.0,1,3.4475,direct,Labeled_from_MP_all_A2BBX6,Materials Project,mp-cljyh,Rb2ScTlCl6,3.4475,True,False,0.0,True,1.0,
Rb2TlScI6,0,1.0,1.0,1.0,3.0,-1.0,1.66,1.64,0.885,2.06,1.2625,0.7549999999999999,3.72,3.3225,0.7917042064752314,0.6128640776699029,0.82,1.62,1.36,2.66,0.26,1.4900000000000002,1.8400000000000003,1.17,37.0,81.0,21.0,53.0,94332410.0,Rb,Rb,Tl,Sc,I,A2B1B2X6,mp_all,1,0.0,1,2.3969,indirect,Labeled_from_MP_all_A2BBX6,Materials Project,mp-clkel,Rb2ScTlI6,2.3969,False,False,0.013302732,False,1.0,
Rb2AgSmCl6,0,1.0,1.0,1.0,3.0,-1.0,1.66,1.29,1.098,1.67,1.194,0.1919999999999999,3.33,2.864,0.8221597700248615,0.7149700598802395,0.82,1.93,1.17,3.16,0.76,1.5499999999999998,2.3400000000000003,1.6100000000000003,37.0,47.0,62.0,17.0,23905465.0,Rb,Rb,Ag,Sm,Cl,A2B1B2X6,mp_all,1,0.0,1,3.7291,indirect,Labeled_from_MP_all_A2BBX6,Materials Project,mp-clgor,Rb2SmAgCl6,3.7291,False,False,0.022782959,False,1.0,
Rb2AuSmCl6,0,1.0,1.0,1.0,3.0,-1.0,1.66,1.51,1.098,1.67,1.304,0.4119999999999999,3.33,2.974,0.7917503636016149,0.7808383233532935,0.82,2.54,1.17,3.16,1.37,1.855,2.3400000000000003,1.3050000000000002,37.0,79.0,62.0,17.0,57975865.0,Rb,Rb,Au,Sm,Cl,A2B1B2X6,mp_all,1,0.0,1,2.2894,indirect,Labeled_from_MP_all_A2BBX6,Materials Project,mp-cljki,Rb2SmAuCl6,2.2894,False,False,0.119822205,False,1.0,oxidation state not guessed
Rb2CuSmCl6,0,1.0,1.0,1.0,3.0,-1.0,1.66,0.91,1.098,1.67,1.004,0.188,3.33,2.674,0.8805780034970843,0.6011976047904192,0.82,1.9,1.17,3.16,0.73,1.535,2.3400000000000003,1.6250000000000002,37.0,29.0,62.0,17.0,19733065.0,Rb,Rb,Cu,Sm,Cl,A2B1B2X6,mp_all,1,0.0,1,2.5695,indirect,Labeled_from_MP_all_A2BBX6,Materials Project,mp-clhpu,Rb2SmCuCl6,2.5695,False,False,0.054761195,False,1.0,
Rb2AgTbCl6,0,1.0,1.0,1.0,3.0,-1.0,1.66,1.29,1.063,1.67,1.1765,0.2270000000000001,3.33,2.8465,0.8272143268404016,0.7044910179640718,0.82,1.93,1.1,3.16,0.8299999999999998,1.515,2.3400000000000003,1.645,37.0,47.0,65.0,17.0,26979754.0,Rb,Rb,Ag,Tb,Cl,A2B1B2X6,mp_all,1,0.0,1,3.7266,indirect,Labeled_from_MP_all_A2BBX6,Materials Project,mp-clgoq,Rb2TbAgCl6,3.7266,False,False,0.008744576,False,1.0,
Rb2AuTbCl6,0,1.0,1.0,1.0,3.0,-1.0,1.66,1.51,1.063,1.67,1.2865,0.447,3.33,2.9565,0.7964368616104188,0.7703592814371257,0.82,2.54,1.1,3.16,1.44,1.82,2.3400000000000003,1.34,37.0,79.0,65.0,17.0,61050154.0,Rb,Rb,Au,Tb,Cl,A2B1B2X6,mp_all,1,0.0,1,2.2107,indirect,Labeled_from_MP_all_A2BBX6,Materials Project,mp-cljkj,Rb2TbAuCl6,2.2107,False,False,0.114765729,False,1.0,oxidation state not guessed
Rb2CuTbCl6,0,1.0,1.0,1.0,3.0,-1.0,1.66,0.91,1.063,1.67,0.9865,0.1529999999999999,3.33,2.6565,0.8863789126110307,0.5907185628742515,0.82,1.9,1.1,3.16,0.7999999999999998,1.5,2.3400000000000003,1.66,37.0,29.0,65.0,17.0,22807354.0,Rb,Rb,Cu,Tb,Cl,A2B1B2X6,mp_all,1,0.0,1,2.5313,indirect,Labeled_from_MP_all_A2BBX6,Materials Project,mp-clhpg,Rb2TbCuCl6,2.5313,False,False,0.044782863,False,1.0,
Rb2TlAsBr6,1,1.0,1.0,1.0,3.0,-1.0,1.66,1.64,0.72,1.82,1.18,0.92,3.48,3.0,0.820243866176395,0.6483516483516483,0.82,1.62,2.18,2.96,0.56,1.9,2.14,1.0599999999999998,37.0,81.0,33.0,35.0,56984714.0,Rb,Rb,Tl,As,Br,A2B1B2X6,mp_all,1,0.0,1,1.1412,direct,Labeled_from_MP_all_A2BBX6,Materials Project,mp-clkcq,Rb2TlAsBr6,1.1412,True,False,0.011424803,False,1.0,
Rb2TlAsCl6,1,1.0,1.0,1.0,3.0,-1.0,1.66,1.64,0.72,1.67,1.18,0.92,3.33,2.85,0.8261984495969135,0.7065868263473054,0.82,1.62,2.18,3.16,0.56,1.9,2.3400000000000003,1.26,37.0,81.0,33.0,17.0,48482090.0,Rb,Rb,Tl,As,Cl,A2B1B2X6,mp_all,1,0.0,1,1.9544,direct,Labeled_from_MP_all_A2BBX6,Materials Project,mp-cljyn,Rb2TlAsCl6,1.9544,True,False,0.01012174,False,1.0,
Rb2TlAsI6,1,1.0,1.0,1.0,3.0,-1.0,1.66,1.64,0.72,2.06,1.18,0.92,3.72,3.24,0.8118633413623323,0.5728155339805825,0.82,1.62,2.18,2.66,0.56,1.9,1.8400000000000003,0.76,37.0,81.0,33.0,53.0,95323850.0,Rb,Rb,Tl,As,I,A2B1B2X6,mp_all,1,0.0,1,0.9148,direct,Labeled_from_MP_all_A2BBX6,Materials Project,mp-clkeq,Rb2TlAsI6,0.9148,True,False,0.034806718,False,1.0,
Rb2TlBiBr6,1,1.0,1.0,1.0,3.0,-1.0,1.66,1.64,1.17,1.82,1.4049999999999998,0.47,3.48,3.225,0.7630175499315304,0.7719780219780218,0.82,1.62,2.02,2.96,0.3999999999999999,1.82,2.14,1.14,37.0,81.0,83.0,35.0,103257114.0,Rb,Rb,Tl,Bi,Br,A2B1B2X6,mp_all,1,0.0,1,1.6711,direct,Labeled_from_MP_all_A2BBX6,Materials Project,mp-clkco,Rb2TlBiBr6,1.6711,True,False,0.045726621,False,1.0,
Rb2TlGaBr6,0,1.0,1.0,1.0,3.0,-1.0,1.66,1.64,0.76,1.82,1.2,0.8799999999999999,3.48,3.02,0.8148117875924453,0.6593406593406593,0.82,1.62,1.81,2.96,0.1899999999999999,1.715,2.14,1.245,37.0,81.0,31.0,35.0,56722314.0,Rb,Rb,Tl,Ga,Br,A2B1B2X6,mp_all,1,0.0,1,1.6518,indirect,Labeled_from_MP_all_A2BBX6,Materials Project,mp-cljyl,Rb2TlGaBr6,1.6518,False,False,0.090565026,False,1.0,
Rb2TlGaCl6,0,1.0,1.0,1.0,3.0,-1.0,1.66,1.64,0.76,1.67,1.2,0.8799999999999999,3.33,2.87,0.8204409691119174,0.718562874251497,0.82,1.62,1.81,3.16,0.1899999999999999,1.715,2.3400000000000003,1.445,37.0,81.0,31.0,17.0,48219690.0,Rb,Rb,Tl,Ga,Cl,A2B1B2X6,mp_all,1,0.0,1,2.5867,indirect,Labeled_from_MP_all_A2BBX6,Materials Project,mp-cljyi,Rb2TlGaCl6,2.5867,False,False,0.076422189,False,1.0,
Rb2TlGaI6,0,1.0,1.0,1.0,3.0,-1.0,1.66,1.64,0.76,2.06,1.2,0.8799999999999999,3.72,3.26,0.8068825846668578,0.5825242718446602,0.82,1.62,1.81,2.66,0.1899999999999999,1.715,1.8400000000000003,0.945,37.0,81.0,31.0,53.0,95061450.0,Rb,Rb,Tl,Ga,I,A2B1B2X6,mp_all,1,0.0,1,1.0849,indirect,Labeled_from_MP_all_A2BBX6,Materials Project,mp-clker,Rb2TlGaI6,1.0849,False,False,0.11365145,False,1.0,
Rb2TlInBr6,0,1.0,1.0,1.0,3.0,-1.0,1.66,1.64,0.94,1.82,1.29,0.7,3.48,3.1100000000000003,0.7912320252505418,0.7087912087912088,0.82,1.62,1.78,2.96,0.1599999999999999,1.7000000000000002,2.14,1.2599999999999998,37.0,81.0,49.0,35.0,61563594.0,Rb,Rb,Tl,In,Br,A2B1B2X6,mp_all,1,0.0,1,1.8455,indirect,Labeled_from_MP_all_A2BBX6,Materials Project,mp-clkcp,Rb2TlInBr6,1.8455,False,False,0.039859328,False,1.0,
Rb2TlInCl6,0,1.0,1.0,1.0,3.0,-1.0,1.66,1.64,0.94,1.67,1.29,0.7,3.33,2.96,0.795495128834866,0.7724550898203594,0.82,1.62,1.78,3.16,0.1599999999999999,1.7000000000000002,2.3400000000000003,1.46,37.0,81.0,49.0,17.0,53060970.0,Rb,Rb,Tl,In,Cl,A2B1B2X6,mp_all,1,1.0,1,2.3962,indirect,Labeled_from_MP_all_A2BBX6,Materials Project,mp-cehvq,Rb2TlInCl6,2.3962,False,False,0.0,True,1.0,
Rb2TlInI6,0,1.0,1.0,1.0,3.0,-1.0,1.66,1.64,0.94,2.06,1.29,0.7,3.72,3.35,0.7852051420937183,0.6262135922330098,0.82,1.62,1.78,2.66,0.1599999999999999,1.7000000000000002,1.8400000000000003,0.96,37.0,81.0,49.0,53.0,99902730.0,Rb,Rb,Tl,In,I,A2B1B2X6,mp_all,1,0.0,1,0.8542,indirect,Labeled_from_MP_all_A2BBX6,Materials Project,mp-clkeo,Rb2TlInI6,0.8542,False,False,0.076054603,False,1.0,
Rb2TlSbBr6,1,1.0,1.0,1.0,3.0,-1.0,1.66,1.64,0.9,1.82,1.27,0.7399999999999999,3.48,3.09,0.7963532681324225,0.6978021978021978,0.82,1.62,2.05,2.96,0.4299999999999997,1.835,2.14,1.125,37.0,81.0,51.0,35.0,62563994.0,Rb,Rb,Tl,Sb,Br,A2B1B2X6,mp_all,1,0.0,1,1.1629,direct,Labeled_from_MP_all_A2BBX6,Materials Project,mp-clkcn,Rb2TlSbBr6,1.1629,True,False,0.041239945,False,1.0,
Rb2TlSbCl6,1,1.0,1.0,1.0,3.0,-1.0,1.66,1.64,0.9,1.67,1.27,0.7399999999999999,3.33,2.94,0.8009066603235385,0.7604790419161677,0.82,1.62,2.05,3.16,0.4299999999999997,1.835,2.3400000000000003,1.3250000000000002,37.0,81.0,51.0,17.0,54061370.0,Rb,Rb,Tl,Sb,Cl,A2B1B2X6,mp_all,1,1.0,1,1.9551,direct,Labeled_from_MP_all_A2BBX6,Materials Project,mp-cljyg,Rb2TlSbCl6,1.9551,True,False,0.0,True,1.0,
Rb2TlSbI6,1,1.0,1.0,1.0,3.0,-1.0,1.66,1.64,0.9,2.06,1.27,0.7399999999999999,3.72,3.33,0.78992108889308,0.616504854368932,0.82,1.62,2.05,2.66,0.4299999999999997,1.835,1.8400000000000003,0.8250000000000002,37.0,81.0,51.0,53.0,100903130.0,Rb,Rb,Tl,Sb,I,A2B1B2X6,mp_all,1,0.0,1,0.8683,direct,Labeled_from_MP_all_A2BBX6,Materials Project,mp-clkep,Rb2TlSbI6,0.8683,True,False,0.050424483,False,1.0,
Rb2AgTmCl6,0,1.0,1.0,1.0,3.0,-1.0,1.66,1.29,1.02,1.67,1.155,0.27,3.33,2.825,0.8335099403013108,0.6916167664670659,0.82,1.93,1.25,3.16,0.6799999999999999,1.59,2.3400000000000003,1.5700000000000005,37.0,47.0,69.0,17.0,31796250.0,Rb,Rb,Ag,Tm,Cl,A2B1B2X6,mp_all,1,1.0,1,3.4255,indirect,Labeled_from_MP_all_A2BBX6,Materials Project,mp-clgky,Rb2TmAgCl6,3.4255,False,False,0.0,True,1.0,
Rb2AuTmCl6,0,1.0,1.0,1.0,3.0,-1.0,1.66,1.51,1.02,1.67,1.265,0.49,3.33,2.935,0.8022710668998988,0.7574850299401199,0.82,2.54,1.25,3.16,1.29,1.895,2.3400000000000003,1.265,37.0,79.0,69.0,17.0,65866650.0,Rb,Rb,Au,Tm,Cl,A2B1B2X6,mp_all,1,0.0,1,2.1063,indirect,Labeled_from_MP_all_A2BBX6,Materials Project,mp-cljda,Rb2TmAuCl6,2.1063,False,False,0.100211315,False,1.0,oxidation state not guessed
Rb2CuTmCl6,0,1.0,1.0,1.0,3.0,-1.0,1.66,0.91,1.02,1.67,0.965,0.1099999999999999,3.33,2.635,0.8936112263192423,0.5778443113772456,0.82,1.9,1.25,3.16,0.6499999999999999,1.575,2.3400000000000003,1.5850000000000002,37.0,29.0,69.0,17.0,27623850.0,Rb,Rb,Cu,Tm,Cl,A2B1B2X6,mp_all,1,0.0,1,2.4353,indirect,Labeled_from_MP_all_A2BBX6,Materials Project,mp-clhpc,Rb2TmCuCl6,2.4353,False,False,0.032943498,False,1.0,
Rb2AgYBr6,0,1.0,1.0,1.0,3.0,-1.0,1.66,1.29,1.04,1.82,1.165,0.25,3.48,2.9850000000000003,0.8243656946496432,0.6401098901098901,0.82,1.93,1.22,2.96,0.71,1.575,2.14,1.385,37.0,47.0,39.0,35.0,19945194.0,Rb,Rb,Ag,Y,Br,A2B1B2X6,mp_all,1,0.0,1,3.3104,indirect,Labeled_from_MP_all_A2BBX6,Materials Project,mp-clffd,Rb2YAgBr6,3.3104,False,False,0.008997185,False,1.0,
Rb2AgYCl6,0,1.0,1.0,1.0,3.0,-1.0,1.66,1.29,1.04,1.67,1.165,0.25,3.33,2.835,0.8305698699651509,0.6976047904191617,0.82,1.93,1.22,3.16,0.71,1.575,2.3400000000000003,1.5850000000000002,37.0,47.0,39.0,17.0,11442570.0,Rb,Rb,Ag,Y,Cl,A2B1B2X6,mp_all,1,0.0,1,3.8008,indirect,Labeled_from_MP_all_A2BBX6,Materials Project,mp-clffc,Rb2YAgCl6,3.8008,False,False,0.007829866,False,1.0,
Rb2AgYI6,0,1.0,1.0,1.0,3.0,-1.0,1.66,1.29,1.04,2.06,1.165,0.25,3.72,3.225,0.8156394499268081,0.5655339805825242,0.82,1.93,1.22,2.66,0.71,1.575,1.8400000000000003,1.0850000000000002,37.0,47.0,39.0,53.0,58284330.0,Rb,Rb,Ag,Y,I,A2B1B2X6,mp_all,1,0.0,1,2.4885,indirect,Labeled_from_MP_all_A2BBX6,Materials Project,mp-clffs,Rb2YAgI6,2.4885,False,False,0.049967169,False,1.0,
Rb2AuYBr6,0,1.0,1.0,1.0,3.0,-1.0,1.66,1.51,1.04,1.82,1.275,0.47,3.48,3.095,0.7950667523519178,0.7005494505494505,0.82,2.54,1.22,2.96,1.32,1.88,2.14,1.08,37.0,79.0,39.0,35.0,54015594.0,Rb,Rb,Au,Y,Br,A2B1B2X6,mp_all,1,0.0,1,1.5649,indirect,Labeled_from_MP_all_A2BBX6,Materials Project,mp-clgoe,Rb2YAuBr6,1.5649,False,False,0.087991332,False,1.0,oxidation state not guessed
Rb2AuYCl6,0,1.0,1.0,1.0,3.0,-1.0,1.66,1.51,1.04,1.67,1.275,0.47,3.33,2.945,0.7995468867066904,0.7634730538922155,0.82,2.54,1.22,3.16,1.32,1.88,2.3400000000000003,1.2800000000000002,37.0,79.0,39.0,17.0,45512970.0,Rb,Rb,Au,Y,Cl,A2B1B2X6,mp_all,1,0.0,1,2.2513,indirect,Labeled_from_MP_all_A2BBX6,Materials Project,mp-clgod,Rb2YAuCl6,2.2513,False,False,0.113160076,False,1.0,oxidation state not guessed
Rb2AuYI6,0,1.0,1.0,1.0,3.0,-1.0,1.66,1.51,1.04,2.06,1.275,0.47,3.72,3.335,0.7887367994044847,0.6189320388349514,0.82,2.54,1.22,2.66,1.32,1.88,1.8400000000000003,0.7800000000000002,37.0,79.0,39.0,53.0,92354730.0,Rb,Rb,Au,Y,I,A2B1B2X6,mp_all,1,0.0,1,1.1678,indirect,Labeled_from_MP_all_A2BBX6,Materials Project,mp-clgra,Rb2YAuI6,1.1678,False,False,0.105849493,False,1.0,oxidation state not guessed
Rb2CuYBr6,0,1.0,1.0,1.0,3.0,-1.0,1.66,0.91,1.04,1.82,0.975,0.13,3.48,2.795,0.8804048653056119,0.5357142857142857,0.82,1.9,1.22,2.96,0.6799999999999999,1.56,2.14,1.4,37.0,29.0,39.0,35.0,15772794.0,Rb,Rb,Cu,Y,Br,A2B1B2X6,mp_all,1,0.0,1,2.3405,indirect,Labeled_from_MP_all_A2BBX6,Materials Project,mp-clhpd,Rb2YCuBr6,2.3405,False,False,0.035859775,False,1.0,
Rb2CuYCl6,0,1.0,1.0,1.0,3.0,-1.0,1.66,0.91,1.04,1.67,0.975,0.13,3.33,2.645,0.8902327339702091,0.5838323353293414,0.82,1.9,1.22,3.16,0.6799999999999999,1.56,2.3400000000000003,1.6,37.0,29.0,39.0,17.0,7270170.0,Rb,Rb,Cu,Y,Cl,A2B1B2X6,mp_all,1,0.0,1,2.6201,indirect,Labeled_from_MP_all_A2BBX6,Materials Project,mp-clfar,Rb2YCuCl6,2.6201,False,False,0.042299687,False,1.0,
Rb2CuYI6,0,1.0,1.0,1.0,3.0,-1.0,1.66,0.91,1.04,2.06,0.975,0.13,3.72,3.035,0.8667008981924075,0.4733009708737864,0.82,1.9,1.22,2.66,0.6799999999999999,1.56,1.8400000000000003,1.1,37.0,29.0,39.0,53.0,54111930.0,Rb,Rb,Cu,Y,I,A2B1B2X6,mp_all,1,0.0,1,1.7585,indirect,Labeled_from_MP_all_A2BBX6,Materials Project,mp-clfdp,Rb2YCuI6,1.7585,False,False,0.08273985,False,1.0,
Rb2InYBr6,1,1.0,1.0,1.0,3.0,-1.0,1.66,1.55,1.04,1.82,1.295,0.51,3.48,3.115,0.7899619898970096,0.7115384615384615,0.82,1.78,1.22,2.96,0.56,1.5,2.14,1.46,37.0,49.0,39.0,35.0,20830314.0,Rb,Rb,In,Y,Br,A2B1B2X6,mp_all,1,0.0,1,2.8332,direct,Labeled_from_MP_all_A2BBX6,Materials Project,mp-clkdd,Rb2YInBr6,2.8332,True,False,0.016793707,False,1.0,
Rb2InYCl6,0,1.0,1.0,1.0,3.0,-1.0,1.66,1.55,1.04,1.67,1.295,0.51,3.33,2.965,0.7941536530695458,0.7754491017964071,0.82,1.78,1.22,3.16,0.56,1.5,2.3400000000000003,1.66,37.0,49.0,39.0,17.0,12327690.0,Rb,Rb,In,Y,Cl,A2B1B2X6,mp_all,1,0.0,1,3.3242,indirect,Labeled_from_MP_all_A2BBX6,Materials Project,mp-cljzx,Rb2YInCl6,3.3242,False,False,0.041253007,False,1.0,
Rb2InYI6,1,1.0,1.0,1.0,3.0,-1.0,1.66,1.55,1.04,2.06,1.295,0.51,3.72,3.355,0.7840349406897039,0.6286407766990291,0.82,1.78,1.22,2.66,0.56,1.5,1.8400000000000003,1.16,37.0,49.0,39.0,53.0,59169450.0,Rb,Rb,In,Y,I,A2B1B2X6,mp_all,1,0.0,1,2.6542,direct,Labeled_from_MP_all_A2BBX6,Materials Project,mp-clkfi,Rb2YInI6,2.6542,True,False,0.043320097,False,1.0,
Rb2TlYBr6,1,1.0,1.0,1.0,3.0,-1.0,1.66,1.64,1.04,1.82,1.34,0.5999999999999999,3.48,3.16,0.7787125311801218,0.7362637362637362,0.82,1.62,1.22,2.96,0.4000000000000001,1.42,2.14,1.54,37.0,81.0,39.0,35.0,58112234.0,Rb,Rb,Tl,Y,Br,A2B1B2X6,mp_all,1,0.0,1,3.5841,direct,Labeled_from_MP_all_A2BBX6,Materials Project,mp-clkcm,Rb2YTlBr6,3.5841,True,False,0.019315891,False,1.0,
Rb2TlYCl6,1,1.0,1.0,1.0,3.0,-1.0,1.66,1.64,1.04,1.67,1.34,0.5999999999999999,3.33,3.01,0.7822809240369446,0.8023952095808383,0.82,1.62,1.22,3.16,0.4000000000000001,1.42,2.3400000000000003,1.7400000000000002,37.0,81.0,39.0,17.0,49609610.0,Rb,Rb,Tl,Y,Cl,A2B1B2X6,mp_all,1,0.0,1,4.1524,direct,Labeled_from_MP_all_A2BBX6,Materials Project,mp-cljye,Rb2YTlCl6,4.1524,True,False,0.040754943,False,1.0,
Rb2TlYI6,1,1.0,1.0,1.0,3.0,-1.0,1.66,1.64,1.04,2.06,1.34,0.5999999999999999,3.72,3.4,0.7736580076511637,0.6504854368932038,0.82,1.62,1.22,2.66,0.4000000000000001,1.42,1.8400000000000003,1.2400000000000002,37.0,81.0,39.0,53.0,96451370.0,Rb,Rb,Tl,Y,I,A2B1B2X6,mp_all,1,0.0,1,3.0376,direct,Labeled_from_MP_all_A2BBX6,Materials Project,mp-clkem,Rb2YTlI6,3.0376,True,False,0.046976675,False,1.0,
O2PSbCl6,0,-2.0,-2.0,5.0,5.0,-1.0,1.26,0.52,0.76,1.67,0.64,0.24,2.93,2.31,0.89689301682969,0.3832335329341317,3.44,2.19,2.05,3.16,0.1400000000000001,2.12,0.2799999999999998,1.04,8.0,15.0,51.0,17.0,7325144.0,O,O,P,Sb,Cl,A2B1B2X6,mp_all,1,1.0,1,2.3408,indirect,Labeled_from_MP_all_A2BBX6,Materials Project,mp-bfouh,SbP(Cl3O)2,2.3408,False,False,0.0,True,1.0,
S2NSbCl6,1,-2.0,-2.0,5.0,5.0,-1.0,1.7,0.27,0.76,1.67,0.515,0.49,3.37,2.185,1.090594898214492,0.3083832335329342,2.58,3.04,2.05,3.16,0.9900000000000002,2.545,0.5800000000000001,0.6150000000000002,16.0,7.0,51.0,17.0,7399800.0,S,S,N,Sb,Cl,A2B1B2X6,mp_all,1,0.0,1,1.6653,direct,Labeled_from_MP_all_A2BBX6,Materials Project,mp-bfpci,SbS2NCl6,1.6653,True,False,0.12443687,False,1.0,
Cs2GeSnCl6,1,1.0,1.0,2.0,2.0,-1.0,1.81,0.87,1.45,1.67,1.16,0.58,3.48,2.83,0.8695164659113728,0.6946107784431138,0.79,2.01,1.96,3.16,0.0499999999999998,1.985,2.37,1.1750000000000005,55.0,32.0,50.0,17.0,26100952.0,Cs,Cs,Ge,Sn,Cl,A2B1B2X6,literature_hybrid_soc_screening,1,0.0,1,,direct,Labeled_from_literature_hybrid_SOC_metastable,Machine-learning Based Screening of Lead-free Halide Double Perovskites for Photovoltaic Applications,10.48550/arXiv.2208.12736,,,,,,,,"Hybrid DFT+SOC: Egap=1.41 eV, Eabs=1.41 eV, SLME=28%, ΔH_D=-28 meV/atom; direct gap; metastable, not strict stable. PBE_band_gap left blank because reported gap is hybrid/SOC."
Cs2GeSnBr6,1,1.0,1.0,2.0,2.0,-1.0,1.81,0.87,1.45,1.82,1.16,0.58,3.63,2.98,0.8613414817809286,0.6373626373626373,0.79,2.01,1.96,2.96,0.0499999999999998,1.985,2.17,0.975,55.0,32.0,50.0,35.0,34603576.0,Cs,Cs,Ge,Sn,Br,A2B1B2X6,literature_hybrid_soc_screening,1,0.0,1,,direct,Labeled_from_literature_hybrid_SOC_metastable,Machine-learning Based Screening of Lead-free Halide Double Perovskites for Photovoltaic Applications,10.48550/arXiv.2208.12736,,,,,,,,"Hybrid DFT+SOC: Egap=0.95 eV, Eabs=0.95 eV, SLME=23%, ΔH_D=-27 meV/atom; direct gap; metastable, not strict stable. PBE_band_gap left blank because reported gap is hybrid/SOC."
Rb2GeSnCl6,1,1.0,1.0,2.0,2.0,-1.0,1.66,0.87,1.45,1.67,1.16,0.58,3.33,2.83,0.8320373078979515,0.6946107784431138,0.82,2.01,1.96,3.16,0.0499999999999998,1.985,2.3400000000000003,1.1750000000000005,37.0,32.0,50.0,17.0,11548024.0,Rb,Rb,Ge,Sn,Cl,A2B1B2X6,literature_gga_mbj_dft,1,,1,0.83,direct,Labeled_from_literature_GGA_mBJ,"DFT Insight into Structural, Electronic, Optical and Thermoelectric Properties of Eco-Friendly Double Perovskites Rb2GeSnX6 (X=Cl, Br) for Green Energy Generation",10.1007/s10904-023-02777-8,,,,,,,,"GGA gap=0.830 eV, mBJ gap=1.296 eV, direct at Gamma; negative formation/Gibbs and no imaginary phonons reported. stable left blank because no convex-hull label."
Rb2GeSnBr6,1,1.0,1.0,2.0,2.0,-1.0,1.66,0.87,1.45,1.82,1.16,0.58,3.48,2.98,0.8257488585668407,0.6373626373626373,0.82,2.01,1.96,2.96,0.0499999999999998,1.985,2.14,0.975,37.0,32.0,50.0,35.0,20050648.0,Rb,Rb,Ge,Sn,Br,A2B1B2X6,literature_gga_mbj_dft,1,,1,0.53,direct,Labeled_from_literature_GGA_mBJ,"DFT Insight into Structural, Electronic, Optical and Thermoelectric Properties of Eco-Friendly Double Perovskites Rb2GeSnX6 (X=Cl, Br) for Green Energy Generation",10.1007/s10904-023-02777-8,,,,,,,,"GGA gap=0.530 eV, mBJ gap=0.799 eV, direct at Gamma; negative formation/Gibbs and no imaginary phonons reported. stable left blank because no convex-hull label."
K2GeSnBr6,1,1.0,1.0,2.0,2.0,-1.0,1.52,0.87,1.45,1.82,1.16,0.58,3.34,2.98,0.7925290769003586,0.6373626373626373,0.82,2.01,1.96,2.96,0.0499999999999998,1.985,2.14,0.975,19.0,32.0,50.0,35.0,16562968.0,K,K,Ge,Sn,Br,A2B1B2X6,literature_pbe_mbj_dft,1,,1,0.513,direct,Labeled_from_literature_PBE_mBJ,Lead-Free Semiconductors with High Absorption: Insight into the Optical Properties of K2GeSnBr6 and K2GeSnI6 Halide Double Perovskites,10.1134/S0021364020180010,,,,,,,,"GGA-PBE gap=0.513 eV, mBJ-GGA gap=0.789 eV, direct; negative formation/cohesive energies reported. stable left blank because no convex-hull label."
K2GeSnI6,1,1.0,1.0,2.0,2.0,-1.0,1.52,0.87,1.45,2.06,1.16,0.58,3.58,3.22,0.7861621977167206,0.5631067961165048,0.82,2.01,1.96,2.66,0.0499999999999998,1.985,1.8400000000000003,0.6750000000000003,19.0,32.0,50.0,53.0,54902104.0,K,K,Ge,Sn,I,A2B1B2X6,literature_pbe_mbj_dft,1,,1,0.404,direct,Labeled_from_literature_PBE_mBJ,Lead-Free Semiconductors with High Absorption: Insight into the Optical Properties of K2GeSnBr6 and K2GeSnI6 Halide Double Perovskites,10.1134/S0021364020180010,,,,,,,,"GGA-PBE gap=0.404 eV, mBJ-GGA gap=0.519 eV, direct; negative formation/cohesive energies reported. stable left blank because no convex-hull label."
Na2GeSnCl6,1,1.0,1.0,2.0,2.0,-1.0,1.16,0.87,1.45,1.67,1.16,0.58,2.83,2.83,0.7071067811865474,0.6946107784431138,0.93,2.01,1.96,3.16,0.0499999999999998,1.985,2.23,1.1750000000000005,11.0,32.0,50.0,17.0,7828984.0,Na,Na,Ge,Sn,Cl,A2B1B2X6,literature_pbe_mbj_dft,1,,1,1.7,direct,Labeled_from_literature_PBE_mBJ,"Ab Initio Study of Lead-Free Double Halide Perovskite X2GeSnCl6 (X Na, K) Compounds for Energy Conversion System",10.1007/s13369-024-08751-x,,,,,,,,"GGA-PBE direct gap≈1.70 eV, mBJ gap=2.24 eV; negative formation energy and no imaginary phonons reported. stable left blank because no convex-hull label."
K2GeSnCl6,1,1.0,1.0,2.0,2.0,-1.0,1.52,0.87,1.45,1.67,1.16,0.58,3.19,2.83,0.7970567604187584,0.6946107784431138,0.82,2.01,1.96,3.16,0.0499999999999998,1.985,2.3400000000000003,1.1750000000000005,19.0,32.0,50.0,17.0,8060344.0,K,K,Ge,Sn,Cl,A2B1B2X6,literature_pbe_mbj_dft,1,,1,1.67,direct,Labeled_from_literature_PBE_mBJ,"Ab Initio Study of Lead-Free Double Halide Perovskite X2GeSnCl6 (X Na, K) Compounds for Energy Conversion System",10.1007/s13369-024-08751-x,,,,,,,,"GGA-PBE direct gap≈1.67 eV, mBJ gap=2.21 eV; negative formation energy, no imaginary phonons, mechanical stability reported. stable left blank because no convex-hull label."
Li2GeSnCl6,1,1.0,1.0,2.0,2.0,-1.0,0.9,0.87,1.45,1.67,1.16,0.58,2.57,2.83,0.6421429072966172,0.6946107784431138,0.98,2.01,1.96,3.16,0.0499999999999998,1.985,2.18,1.1750000000000005,3.0,32.0,50.0,17.0,7799864.0,Li,Li,Ge,Sn,Cl,A2B1B2X6,literature_pbe_mbj_dft,1,,1,0.91,direct,Labeled_from_literature_PBE_mBJ,"First-principles investigation of double halide perovskite Li2GeSnX6 (X = Cl, Br, I) materials for energy conversion applications",10.1002/jccs.70028,,,,,,,,"PBE-GGA gap=0.91 eV, mBJ gap=1.81 eV, direct; positive phonon frequencies and elastic stability reported. stable left blank because no convex-hull label."
Li2GeSnBr6,1,1.0,1.0,2.0,2.0,-1.0,0.9,0.87,1.45,1.82,1.16,0.58,2.72,2.98,0.645412900948795,0.6373626373626373,0.98,2.01,1.96,2.96,0.0499999999999998,1.985,1.98,0.975,3.0,32.0,50.0,35.0,16302488.0,Li,Li,Ge,Sn,Br,A2B1B2X6,literature_pbe_mbj_dft,1,,1,0.56,direct,Labeled_from_literature_PBE_mBJ_mechanical_warning,"First-principles investigation of double halide perovskite Li2GeSnX6 (X = Cl, Br, I) materials for energy conversion applications",10.1002/jccs.70028,,,,,,,,"PBE-GGA gap=0.56 eV, mBJ gap=1.06 eV, direct; phonon stable reported, but mechanical instability warning due to negative C44. Do not use as stable positive label."
Li2GeSnI6,1,1.0,1.0,2.0,2.0,-1.0,0.9,0.87,1.45,2.06,1.16,0.58,2.96,3.22,0.6500112025814225,0.5631067961165048,0.98,2.01,1.96,2.66,0.0499999999999998,1.985,1.6800000000000002,0.6750000000000003,3.0,32.0,50.0,53.0,54641624.0,Li,Li,Ge,Sn,I,A2B1B2X6,literature_pbe_mbj_dft,1,,1,0.41,direct,Labeled_from_literature_PBE_mBJ,"First-principles investigation of double halide perovskite Li2GeSnX6 (X = Cl, Br, I) materials for energy conversion applications",10.1002/jccs.70028,,,,,,,,"PBE-GGA gap=0.41 eV, mBJ gap=0.46 eV, direct; positive phonon frequencies and elastic stability reported. stable left blank because no convex-hull label."
Rb2GeSnI6,1,1.0,1.0,2.0,2.0,-1.0,1.66,0.87,1.45,2.06,1.16,0.58,3.72,3.22,0.8169059708117877,0.5631067961165048,0.82,2.01,1.96,2.66,0.0499999999999998,1.985,1.8400000000000003,0.6750000000000003,37.0,32.0,50.0,53.0,58389784.0,Rb,Rb,Ge,Sn,I,A2B1B2X6,literature_mbj_dft,1,,1,,direct,Labeled_from_literature_mBJ_only,"First-Principles Calculations of Novel Lead-Free X2GeSnI6 (X=Rb, Cs) Double Perovskite Compounds for Optoelectronic and Energy Exploitations",10.1007/s10904-023-02901-8,,,,,,,,TB-mBJ/direct gap=0.49 eV; negative formation energy and no imaginary phonons reported. PBE_band_gap left blank because reported usable gap is not PBE.
Cs2GeSnI6,1,1.0,1.0,2.0,2.0,-1.0,1.81,0.87,1.45,2.06,1.16,0.58,3.87,3.22,0.84984572769936,0.5631067961165048,0.79,2.01,1.96,2.66,0.0499999999999998,1.985,1.87,0.6750000000000003,55.0,32.0,50.0,53.0,72942712.0,Cs,Cs,Ge,Sn,I,A2B1B2X6,literature_mbj_dft,1,,1,,direct,Labeled_from_literature_mBJ_only,"First-Principles Calculations of Novel Lead-Free X2GeSnI6 (X=Rb, Cs) Double Perovskite Compounds for Optoelectronic and Energy Exploitations",10.1007/s10904-023-02901-8,,,,,,,,TB-mBJ/direct gap=0.57 eV; negative formation energy and no imaginary phonons reported. PBE_band_gap left blank because reported usable gap is not PBE.
