sample_id,canonical_formula_or_functional_group,feature_name,feature_value,shap_value
direct_000001,Al2OSnCl6,chi_B_avg,2.7,-0.0965462052316892
direct_000002,S2NAlCl6,chi_B_avg,2.325,-0.1030877060048347
direct_000003,Cs2AgAsBr6,chi_B_avg,2.055,-0.1955989646011982
direct_000004,Cs2AgAsCl6,chi_B_avg,2.055,-0.1997892075346437
direct_000005,Cs2AgAuCl6,chi_B_avg,2.235,-0.1427698794756875
direct_000006,Cs2AgBiBr6,chi_B_avg,1.975,-0.1047413355229732
direct_000007,Cs2AgBiCl6,chi_B_avg,1.975,-0.1117898951668253
direct_000008,Cs2AgBiI6,chi_B_avg,1.975,-0.0866774422833208
direct_000009,Cs2AgMoBr6,chi_B_avg,2.045,-0.0161857458793255
direct_000010,Cs2AgMoCl6,chi_B_avg,2.045,-0.0209831388612385
direct_000011,Cs2AgSbBr6,chi_B_avg,1.99,-0.1454023544861269
direct_000012,Cs2AgSbCl6,chi_B_avg,1.99,-0.1503874653701642
direct_000013,Cs2AgSbI6,chi_B_avg,1.99,-0.1309172621944231
direct_000014,Cs2AgAlBr6,chi_B_avg,1.77,-0.0218566007788917
direct_000015,Cs2AgAlCl6,chi_B_avg,1.77,-0.0302634165985076
direct_000016,Cs2AlAuCl6,chi_B_avg,2.075,-0.116748226643193
direct_000017,Cs2CuAlCl6,chi_B_avg,1.755,-0.0724921902384589
direct_000018,Cs2InAlBr6,chi_B_avg,1.695,-0.1775678666787315
direct_000019,Cs2InAlCl6,chi_B_avg,1.695,-0.1822499264582697
direct_000020,Cs2InAlI6,chi_B_avg,1.695,-0.169954793224277
direct_000021,Cs2TlAlBr6,chi_B_avg,1.6150000000000002,-0.1782691309712274
direct_000022,Cs2TlAlCl6,chi_B_avg,1.6150000000000002,-0.1800501132899838
direct_000023,Cs2TlAlI6,chi_B_avg,1.6150000000000002,-0.1581177773957137
direct_000024,Cs2AsAuCl6,chi_B_avg,2.3600000000000003,-0.1629092807750909
direct_000025,Cs2BrAsCl6,chi_B_avg,2.5700000000000003,-0.1298303880478765
direct_000026,Cs2BiAuBr6,chi_B_avg,2.28,-0.1442471861951975
direct_000027,Cs2BiAuCl6,chi_B_avg,2.28,-0.1469035856557999
direct_000028,Cs2FBrCl6,chi_B_avg,3.47,-0.0378960029961549
direct_000029,Cs2CaSnCl6,chi_B_avg,1.48,-0.0533017617738099
direct_000030,Cs2AgCeBr6,chi_B_avg,1.525,-0.0764169697354991
direct_000031,Cs2AgCeCl6,chi_B_avg,1.525,-0.0789543888565442
direct_000032,Cs2AgCeI6,chi_B_avg,1.525,-0.0730894284445775
direct_000033,Cs2CuCeCl6,chi_B_avg,1.51,-0.0819505098409244
direct_000034,Cs2CuCeI6,chi_B_avg,1.51,-0.0750738751417595
direct_000035,Cs2CuAsCl6,chi_B_avg,2.04,-0.0945870401056116
direct_000036,Cs2CuBiBr6,chi_B_avg,1.96,-0.1041884691588306
direct_000037,Cs2CuBiCl6,chi_B_avg,1.96,-0.1093195059647647
direct_000038,Cs2CuBiI6,chi_B_avg,1.96,-0.0880002626205986
direct_000039,Cs2CuMoBr6,chi_B_avg,2.03,-0.0284381363901174
direct_000040,Cs2CuMoCl6,chi_B_avg,2.03,-0.0321508343080401
direct_000041,Cs2CuMoI6,chi_B_avg,2.03,-0.042107710122511
direct_000042,Cs2CuSbBr6,chi_B_avg,1.975,-0.1258729390144366
direct_000043,Cs2CuSbCl6,chi_B_avg,1.975,-0.1265983770823532
direct_000044,Cs2CuSbI6,chi_B_avg,1.975,-0.120542296665925
direct_000045,Cs2AuDyCl6,chi_B_avg,1.88,-0.1200650554391803
direct_000046,Cs2CuDyCl6,chi_B_avg,1.56,-0.1721608725387078
direct_000047,Cs2AuErCl6,chi_B_avg,1.89,-0.1187603149420928
direct_000048,Cs2CuErCl6,chi_B_avg,1.5699999999999998,-0.1713965372886861
direct_000049,Cs2AgGaBr6,chi_B_avg,1.87,-0.0448402363813336
direct_000050,Cs2AgGaCl6,chi_B_avg,1.87,-0.0340204429576873
direct_000051,Cs2AuGdCl6,chi_B_avg,1.87,-0.1218194193335078
direct_000052,Cs2HgPdCl6,chi_B_avg,2.1,-0.1657052066324112
direct_000053,Cs2IBrCl6,chi_B_avg,2.81,-0.0983269408165251
direct_000054,Cs2FICl6,chi_B_avg,3.3200000000000003,-0.0302224309395395
direct_000055,Cs2AgInBr6,chi_B_avg,1.855,-0.0254659424981312
direct_000056,Cs2AgInCl6,chi_B_avg,1.855,-0.0304180718241788
direct_000057,Cs2InAsBr6,chi_B_avg,1.98,-0.0148204953721037
direct_000058,Cs2InAsCl6,chi_B_avg,1.98,-0.0457026633506381
direct_000059,Cs2InAsI6,chi_B_avg,1.98,-0.0145558500699587
direct_000060,Cs2InBiBr6,chi_B_avg,1.9,0.0222453150883315
direct_000061,Cs2InBiCl6,chi_B_avg,1.9,0.009847991851987
direct_000062,Cs2InBiI6,chi_B_avg,1.9,0.0409304218279165
direct_000063,Cs2InGaBr6,chi_B_avg,1.795,-0.1727822491544864
direct_000064,Cs2InGaCl6,chi_B_avg,1.795,-0.1843914520416985
direct_000065,Cs2InGaI6,chi_B_avg,1.795,-0.1668550815326308
direct_000066,Cs2InSbBr6,chi_B_avg,1.915,-0.0145365661515223
direct_000067,Cs2InSbCl6,chi_B_avg,1.915,-0.0235403900984732
direct_000068,Cs2InSbI6,chi_B_avg,1.915,-0.0622810476152101
direct_000069,Cs2KAlBr6,chi_B_avg,1.215,0.2387560885747965
direct_000070,Cs2KAlCl6,chi_B_avg,1.215,0.2313679065360865
direct_000071,Cs2KAlI6,chi_B_avg,1.215,0.2583598617348356
direct_000072,Cs2KAsBr6,chi_B_avg,1.5,-0.0333165094332152
direct_000073,Cs2KAsCl6,chi_B_avg,1.5,-0.030424200774434
direct_000074,Cs2KAsI6,chi_B_avg,1.5,-0.1073750074790201
direct_000075,Cs2KAuCl6,chi_B_avg,1.68,-0.1875735292821495
direct_000076,Cs2KBiBr6,chi_B_avg,1.42,0.158188560970945
direct_000077,Cs2KBiCl6,chi_B_avg,1.42,0.1543568253197598
direct_000078,Cs2KBiI6,chi_B_avg,1.42,0.0892400675270698
direct_000079,Cs2KCeBr6,chi_B_avg,0.97,0.011578002806279
direct_000080,Cs2KCeCl6,chi_B_avg,0.97,0.0228438289907528
direct_000081,Cs2KCeI6,chi_B_avg,0.97,0.0185427224722172
direct_000082,Cs2KCrCl6,chi_B_avg,1.24,0.2051374290727169
direct_000083,Cs2KDyCl6,chi_B_avg,1.02,0.185859410619685
direct_000084,Cs2KGaBr6,chi_B_avg,1.315,0.2088356528753938
direct_000085,Cs2KGaCl6,chi_B_avg,1.315,0.1998874703367172
direct_000086,Cs2KGaI6,chi_B_avg,1.315,0.2392385969280885
direct_000087,Cs2KHoCl6,chi_B_avg,1.025,0.1856921035485336
direct_000088,Cs2KInBr6,chi_B_avg,1.3,0.2101400503559667
direct_000089,Cs2KInCl6,chi_B_avg,1.3,0.2008509326035668
direct_000090,Cs2KInI6,chi_B_avg,1.3,0.2351337639058751
direct_000091,Cs2KLaCl6,chi_B_avg,0.96,0.1716713277553148
direct_000092,Cs2KLuCl6,chi_B_avg,1.045,0.1725906922693871
direct_000093,Cs2KMoBr6,chi_B_avg,1.49,0.0074776026434377
direct_000094,Cs2KMoCl6,chi_B_avg,1.49,0.0058081611827563
direct_000095,Cs2KMoI6,chi_B_avg,1.49,-0.0125637510856538
direct_000096,Cs2KNdBr6,chi_B_avg,0.98,0.1853388595159312
direct_000097,Cs2KNdCl6,chi_B_avg,0.98,0.1902194220035375
direct_000098,Cs2KNdI6,chi_B_avg,0.98,0.1769986114929634
direct_000099,Cs2KPrBr6,chi_B_avg,0.975,0.1842517793280298
direct_000100,Cs2KPrCl6,chi_B_avg,0.975,0.189813586595018
direct_000101,Cs2KPrI6,chi_B_avg,0.975,0.1758015789170217
direct_000102,Cs2KSbBr6,chi_B_avg,1.4349999999999998,0.1871994589363292
direct_000103,Cs2KSbCl6,chi_B_avg,1.4349999999999998,0.1755039726691707
direct_000104,Cs2KSbI6,chi_B_avg,1.4349999999999998,0.1369494647294428
direct_000105,Cs2KScBr6,chi_B_avg,1.09,-0.0826700985349654
direct_000106,Cs2KScCl6,chi_B_avg,1.09,-0.0783912631348551
direct_000107,Cs2KScI6,chi_B_avg,1.09,-0.0384887548505602
direct_000108,Cs2KSmCl6,chi_B_avg,0.995,0.1892791126856501
direct_000109,Cs2KTbCl6,chi_B_avg,0.96,0.1850807104710767
direct_000110,Cs2KTlBr6,chi_B_avg,1.22,0.2506202440787191
direct_000111,Cs2KTlCl6,chi_B_avg,1.22,0.2494759327799919
direct_000112,Cs2KTlI6,chi_B_avg,1.22,0.232601835065257
direct_000113,Cs2KYBr6,chi_B_avg,1.02,0.144183119962101
direct_000114,Cs2KYCl6,chi_B_avg,1.02,0.1527879594820971
direct_000115,Cs2KYI6,chi_B_avg,1.02,0.092302689267452
direct_000116,Cs2AgLaCl6,chi_B_avg,1.515,-0.1519153761438804
direct_000117,Cs2AuLaCl6,chi_B_avg,1.82,-0.1286082672154502
direct_000118,Cs2CuLaCl6,chi_B_avg,1.5,-0.1568732590098133
direct_000119,Cs2LiBiBr6,chi_B_avg,1.5,-0.1681993292705542
direct_000120,Cs2LiBiCl6,chi_B_avg,1.5,-0.171570222656839
direct_000121,Cs2LiBiI6,chi_B_avg,1.5,-0.1324954763851118
direct_000122,Cs2LiCeBr6,chi_B_avg,1.05,0.0732379002924662
direct_000123,Cs2LiCeI6,chi_B_avg,1.05,0.0830491051345139
direct_000124,Cs2LiDyCl6,chi_B_avg,1.1,0.2346852955612506
direct_000125,Cs2LiErCl6,chi_B_avg,1.11,0.236823256458942
direct_000126,Cs2LiGdCl6,chi_B_avg,1.09,0.2341052397360749
direct_000127,Cs2LiInBr6,chi_B_avg,1.38,0.2703996408412172
direct_000128,Cs2LiInCl6,chi_B_avg,1.38,0.2493887060872062
direct_000129,Cs2LiLaBr6,chi_B_avg,1.04,0.2276123632248864
direct_000130,Cs2LiLaCl6,chi_B_avg,1.04,0.2327029289133138
direct_000131,Cs2LiLuCl6,chi_B_avg,1.125,0.236096391151603
direct_000132,Cs2LiMoBr6,chi_B_avg,1.57,-0.0776784957145897
direct_000133,Cs2LiMoCl6,chi_B_avg,1.57,-0.12432767555195
direct_000134,Cs2LiMoI6,chi_B_avg,1.57,-0.0514752622257763
direct_000135,Cs2LiNdBr6,chi_B_avg,1.06,0.2437122272748682
direct_000136,Cs2LiNdCl6,chi_B_avg,1.06,0.2423441687683871
direct_000137,Cs2LiNdI6,chi_B_avg,1.06,0.2666065894427866
direct_000138,Cs2LiPrBr6,chi_B_avg,1.055,0.2436965537453056
direct_000139,Cs2LiPrCl6,chi_B_avg,1.055,0.2424958116652571
direct_000140,Cs2LiPrI6,chi_B_avg,1.055,0.2661439315846765
direct_000141,Cs2LiSbBr6,chi_B_avg,1.515,-0.1802049565589363
direct_000142,Cs2LiSbCl6,chi_B_avg,1.515,-0.1825818588170599
direct_000143,Cs2LiSbI6,chi_B_avg,1.515,-0.1605336308399658
direct_000144,Cs2LiScCl6,chi_B_avg,1.17,0.2513190923709999
direct_000145,Cs2LiSmCl6,chi_B_avg,1.075,0.2431674540400843
direct_000146,Cs2LiTbCl6,chi_B_avg,1.04,0.2462467529075944
direct_000147,Cs2LiTlBr6,chi_B_avg,1.3,0.30630628938802
direct_000148,Cs2LiTlCl6,chi_B_avg,1.3,0.2885821979964264
direct_000149,Cs2LiTmCl6,chi_B_avg,1.115,0.2364984927209098
direct_000150,Cs2LiYBr6,chi_B_avg,1.1,0.2088912649011923
direct_000151,Cs2LiYCl6,chi_B_avg,1.1,0.2100881508622536
direct_000152,Cs2LiYI6,chi_B_avg,1.1,0.2251746584110116
direct_000153,Cs2AgLuCl6,chi_B_avg,1.6,-0.1716229407361217
direct_000154,Cs2NaAlCl6,chi_B_avg,1.27,0.2439208665681337
direct_000155,Cs2NaAsBr6,chi_B_avg,1.5550000000000002,-0.1596167047041758
direct_000156,Cs2NaAsCl6,chi_B_avg,1.5550000000000002,-0.1633907947513565
direct_000157,Cs2NaBiBr6,chi_B_avg,1.475,-0.124392147814962
direct_000158,Cs2NaBiCl6,chi_B_avg,1.475,-0.1234140126271346
direct_000159,Cs2NaBiI6,chi_B_avg,1.475,-0.0984599505391185
direct_000160,Cs2NaCeCl6,chi_B_avg,1.025,0.0724030897763463
direct_000161,Cs2NaCeI6,chi_B_avg,1.025,0.0758087142960205
direct_000162,Cs2NaCrCl6,chi_B_avg,1.295,0.225848855704754
direct_000163,Cs2NaDyCl6,chi_B_avg,1.075,0.229758218900962
direct_000164,Cs2NaErCl6,chi_B_avg,1.085,0.231873474021512
direct_000165,Cs2NaGaBr6,chi_B_avg,1.37,0.244717992588281
direct_000166,Cs2NaGaCl6,chi_B_avg,1.37,0.2320139778611886
direct_000167,Cs2NaGdCl6,chi_B_avg,1.065,0.2278082866417294
direct_000168,Cs2NaHoCl6,chi_B_avg,1.08,0.2308058925143909
direct_000169,Cs2NaInBr6,chi_B_avg,1.355,0.2730907184378882
direct_000170,Cs2NaInCl6,chi_B_avg,1.355,0.2491617095243938
direct_000171,Cs2NaInI6,chi_B_avg,1.355,0.265170096562231
direct_000172,Cs2NaLaBr6,chi_B_avg,1.015,0.2209040247252067
direct_000173,Cs2NaLaCl6,chi_B_avg,1.015,0.2233196568038636
direct_000174,Cs2NaLuCl6,chi_B_avg,1.1,0.2302087347483283
direct_000175,Cs2NaMoBr6,chi_B_avg,1.5450000000000002,-0.0508116295273045
direct_000176,Cs2NaMoCl6,chi_B_avg,1.5450000000000002,-0.0714135522406287
direct_000177,Cs2NaMoI6,chi_B_avg,1.5450000000000002,-0.0320686861864704
direct_000178,Cs2NaNdBr6,chi_B_avg,1.035,0.2418726120682899
direct_000179,Cs2NaNdCl6,chi_B_avg,1.035,0.2410721782248142
direct_000180,Cs2NaPrBr6,chi_B_avg,1.03,0.2416936445921219
direct_000181,Cs2NaPrCl6,chi_B_avg,1.03,0.2413110215515742
direct_000182,Cs2NaPrI6,chi_B_avg,1.03,0.2607627242260786
direct_000183,Cs2NaSbBr6,chi_B_avg,1.49,-0.1746117358161412
direct_000184,Cs2NaSbCl6,chi_B_avg,1.49,-0.1776038250503836
direct_000185,Cs2NaSbI6,chi_B_avg,1.49,-0.15789979112108
direct_000186,Cs2NaScBr6,chi_B_avg,1.145,-0.0142702992584704
direct_000187,Cs2NaScCl6,chi_B_avg,1.145,0.0054987317851879
direct_000188,Cs2NaScI6,chi_B_avg,1.145,0.0041630299623328
direct_000189,Cs2NaSmCl6,chi_B_avg,1.05,0.2282492131553236
direct_000190,Cs2NaTbCl6,chi_B_avg,1.015,0.2350347054153826
direct_000191,Cs2NaTlBr6,chi_B_avg,1.275,0.2857763447453062
direct_000192,Cs2NaTlCl6,chi_B_avg,1.275,0.2847690540857082
direct_000193,Cs2NaTlI6,chi_B_avg,1.275,0.2108773960430577
direct_000194,Cs2NaTmCl6,chi_B_avg,1.09,0.2313292012990666
direct_000195,Cs2NaUBr6,chi_B_avg,1.155,0.1337535211159114
direct_000196,Cs2NaUCl6,chi_B_avg,1.155,0.1209738115748433
direct_000197,Cs2NaYBr6,chi_B_avg,1.075,0.2058487243006271
direct_000198,Cs2NaYCl6,chi_B_avg,1.075,0.2055507924886657
direct_000199,Cs2NaYI6,chi_B_avg,1.075,0.2296756643462684
direct_000200,Cs2AgNdBr6,chi_B_avg,1.535,-0.1598766449349966
direct_000201,Cs2AgNdCl6,chi_B_avg,1.535,-0.1625068491347274
direct_000202,Cs2AgNdI6,chi_B_avg,1.535,-0.1455228934329575
direct_000203,Cs2AuNdCl6,chi_B_avg,1.84,-0.1238268138595949
direct_000204,Cs2CuNdBr6,chi_B_avg,1.52,-0.1653129305625069
direct_000205,Cs2CuNdI6,chi_B_avg,1.52,-0.1530286467484435
direct_000206,Cs2AgPrCl6,chi_B_avg,1.5299999999999998,-0.16253783468483
direct_000207,Cs2AgPrI6,chi_B_avg,1.5299999999999998,-0.1472011982331567
direct_000208,Cs2AuPrCl6,chi_B_avg,1.835,-0.1208873783781886
direct_000209,Cs2CuPrBr6,chi_B_avg,1.515,-0.1644176070114604
direct_000210,Cs2CuPrCl6,chi_B_avg,1.515,-0.1659848664194154
direct_000211,Cs2CuPrI6,chi_B_avg,1.515,-0.1503591854648565
direct_000212,Cs2RbAlBr6,chi_B_avg,1.215,0.2263491433947145
direct_000213,Cs2RbAlCl6,chi_B_avg,1.215,0.2235459260991769
direct_000214,Cs2RbAlI6,chi_B_avg,1.215,0.2483118996679214
direct_000215,Cs2RbAsBr6,chi_B_avg,1.5,-0.0197241648870919
direct_000216,Cs2RbAsCl6,chi_B_avg,1.5,-0.0203948483166012
direct_000217,Cs2RbAsI6,chi_B_avg,1.5,-0.0962626810369859
direct_000218,Cs2RbAuCl6,chi_B_avg,1.68,-0.1770435166761272
direct_000219,Cs2RbBiBr6,chi_B_avg,1.42,0.1103068585727725
direct_000220,Cs2RbBiCl6,chi_B_avg,1.42,0.0886462189286503
direct_000221,Cs2RbBiI6,chi_B_avg,1.42,0.0273426230806792
direct_000222,Cs2RbCeCl6,chi_B_avg,0.97,-0.0327666705947164
direct_000223,Cs2RbDyCl6,chi_B_avg,1.02,0.1438193772512881
direct_000224,Cs2RbErCl6,chi_B_avg,1.03,0.1698982895752373
direct_000225,Cs2RbGaBr6,chi_B_avg,1.315,0.2054603403776608
direct_000226,Cs2RbGaCl6,chi_B_avg,1.315,0.1985246854829598
direct_000227,Cs2RbGaI6,chi_B_avg,1.315,0.2329221942004277
direct_000228,Cs2RbGdCl6,chi_B_avg,1.01,0.1418704214587099
direct_000229,Cs2RbInBr6,chi_B_avg,1.3,0.2119145766191055
direct_000230,Cs2RbInCl6,chi_B_avg,1.3,0.2080507159647213
direct_000231,Cs2RbInI6,chi_B_avg,1.3,0.2288069017409651
direct_000232,Cs2RbLaCl6,chi_B_avg,0.96,0.1157607779444905
direct_000233,Cs2RbLuCl6,chi_B_avg,1.045,0.1124365112937592
direct_000234,Cs2RbNdCl6,chi_B_avg,0.98,0.1389299113292632
direct_000235,Cs2RbPrCl6,chi_B_avg,0.975,0.1385892432945966
direct_000236,Cs2RbSbBr6,chi_B_avg,1.4349999999999998,0.1645595632236357
direct_000237,Cs2RbSbCl6,chi_B_avg,1.4349999999999998,0.15769332728699
direct_000238,Cs2RbSbI6,chi_B_avg,1.4349999999999998,0.1412183686114582
direct_000239,Cs2RbScBr6,chi_B_avg,1.09,-0.0960206533629901
direct_000240,Cs2RbScCl6,chi_B_avg,1.09,-0.0887075449803758
direct_000241,Cs2RbScI6,chi_B_avg,1.09,-0.0491230124208261
direct_000242,Cs2RbSmCl6,chi_B_avg,0.995,0.1401443083322822
direct_000243,Cs2RbTbCl6,chi_B_avg,0.96,0.137881328912635
direct_000244,Cs2RbTlBr6,chi_B_avg,1.22,0.2258323339605741
direct_000245,Cs2RbTlCl6,chi_B_avg,1.22,0.2279033491654675
direct_000246,Cs2RbTlI6,chi_B_avg,1.22,0.2082410040453333
direct_000247,Cs2RbTmCl6,chi_B_avg,1.035,0.1675964326411209
direct_000248,Cs2RbYBr6,chi_B_avg,1.02,0.1311048760814882
direct_000249,Cs2RbYCl6,chi_B_avg,1.02,0.1444559696920409
direct_000250,Cs2RbYI6,chi_B_avg,1.02,0.0694402191329131
direct_000251,Cs2AuSbBr6,chi_B_avg,2.295,-0.1602348767385777
direct_000252,Cs2AuSbCl6,chi_B_avg,2.295,-0.1652728361891182
direct_000253,Cs2AgScBr6,chi_B_avg,1.645,-0.1059915673656561
direct_000254,Cs2AgScCl6,chi_B_avg,1.645,-0.0936046704011366
direct_000255,Cs2AgScI6,chi_B_avg,1.645,-0.0996812054870191
direct_000256,Cs2AuScBr6,chi_B_avg,1.95,-0.0927210980097737
direct_000257,Cs2AuScCl6,chi_B_avg,1.95,-0.0974336863485725
direct_000258,Cs2AuScI6,chi_B_avg,1.95,-0.0832588848030605
direct_000259,Cs2CuScCl6,chi_B_avg,1.63,-0.1245976666847104
direct_000260,Cs2InScBr6,chi_B_avg,1.57,0.031444297392121
direct_000261,Cs2InScCl6,chi_B_avg,1.57,0.0251775171733438
direct_000262,Cs2InScI6,chi_B_avg,1.57,0.0244963840663706
direct_000263,Cs2TlScBr6,chi_B_avg,1.4900000000000002,0.0422574668729029
direct_000264,Cs2TlScCl6,chi_B_avg,1.4900000000000002,0.046407076062979
direct_000265,Cs2TlScI6,chi_B_avg,1.4900000000000002,-0.0332047281428276
direct_000266,Cs2AuSmCl6,chi_B_avg,1.855,-0.1220595305743111
direct_000267,Cs2CuSmCl6,chi_B_avg,1.535,-0.1669008039811279
direct_000268,Cs2AuTbCl6,chi_B_avg,1.82,-0.1238208129947951
direct_000269,Cs2CuTbCl6,chi_B_avg,1.5,-0.1685124316163205
direct_000270,Cs2TlAsBr6,chi_B_avg,1.9,0.0183242230074051
direct_000271,Cs2TlAsCl6,chi_B_avg,1.9,-0.001468687370701
direct_000272,Cs2TlAsI6,chi_B_avg,1.9,0.0348541962134984
direct_000273,Cs2TlBiBr6,chi_B_avg,1.82,0.0440504531386788
direct_000274,Cs2TlBiCl6,chi_B_avg,1.82,0.0296251811402646
direct_000275,Cs2TlBiI6,chi_B_avg,1.82,0.0564343839284543
direct_000276,Cs2TlGaBr6,chi_B_avg,1.715,-0.1958303848278131
direct_000277,Cs2TlGaCl6,chi_B_avg,1.715,-0.2064874442646125
direct_000278,Cs2TlGaI6,chi_B_avg,1.715,-0.1713977992642955
direct_000279,Cs2TlInBr6,chi_B_avg,1.7000000000000002,-0.2087969215078839
direct_000280,Cs2TlInCl6,chi_B_avg,1.7000000000000002,-0.2139321324913005
direct_000281,Cs2TlInI6,chi_B_avg,1.7000000000000002,-0.1800274422993316
direct_000282,Cs2TlSbBr6,chi_B_avg,1.835,0.0082716359654624
direct_000283,Cs2TlSbCl6,chi_B_avg,1.835,-0.0048156253218342
direct_000284,Cs2TlSbI6,chi_B_avg,1.835,0.0175431264339723
direct_000285,Cs2CuTmCl6,chi_B_avg,1.575,-0.1727984781522594
direct_000286,Cs2AgYBr6,chi_B_avg,1.575,-0.1548722975474946
direct_000287,Cs2AgYCl6,chi_B_avg,1.575,-0.1589991525464696
direct_000288,Cs2AgYI6,chi_B_avg,1.575,-0.1406626862924823
direct_000289,Cs2AuYBr6,chi_B_avg,1.88,-0.1038100723327951
direct_000290,Cs2AuYCl6,chi_B_avg,1.88,-0.115070711439764
direct_000291,Cs2AuYI6,chi_B_avg,1.88,-0.0883919409081398
direct_000292,Cs2CuYBr6,chi_B_avg,1.56,-0.1639892378049539
direct_000293,Cs2CuYCl6,chi_B_avg,1.56,-0.1693020452504685
direct_000294,Cs2CuYI6,chi_B_avg,1.56,-0.143672535669074
direct_000295,Cs2InYBr6,chi_B_avg,1.5,-0.0722105019884474
direct_000296,Cs2InYCl6,chi_B_avg,1.5,-0.1023201195697559
direct_000297,Cs2InYI6,chi_B_avg,1.5,-0.0872273350466432
direct_000298,Cs2TlYBr6,chi_B_avg,1.42,0.1352068582096444
direct_000299,Cs2TlYCl6,chi_B_avg,1.42,0.1369889677807476
direct_000300,Cs2TlYI6,chi_B_avg,1.42,0.1364959239978026
direct_000301,K2CsAlBr6,chi_B_avg,1.2000000000000002,0.2216526162581887
direct_000302,K2CsAlCl6,chi_B_avg,1.2000000000000002,0.2191924957368123
direct_000303,K2CsAlI6,chi_B_avg,1.2000000000000002,0.2537851214411382
direct_000304,K2CsAsBr6,chi_B_avg,1.485,0.0143625150329279
direct_000305,K2CsAsCl6,chi_B_avg,1.485,0.0133932175758744
direct_000306,K2CsBiCl6,chi_B_avg,1.405,0.0496929402741616
direct_000307,K2CsGaCl6,chi_B_avg,1.3,0.2063042564927706
direct_000308,K2CsInCl6,chi_B_avg,1.285,0.2099933643011498
direct_000309,K2CsSbCl6,chi_B_avg,1.42,0.0352845780840632
direct_000310,K2CsScCl6,chi_B_avg,1.0750000000000002,-0.0552408813716906
direct_000311,Mn2CsRbCl6,chi_B_avg,0.8049999999999999,0.1534564659761266
direct_000312,Rb2CsAlBr6,chi_B_avg,1.2000000000000002,0.2214850822522609
direct_000313,Rb2CsAlCl6,chi_B_avg,1.2000000000000002,0.2208548429209012
direct_000314,Rb2CsAlI6,chi_B_avg,1.2000000000000002,0.2553069171458128
direct_000315,Rb2CsAsBr6,chi_B_avg,1.485,0.014369839618145
direct_000316,Rb2CsAsCl6,chi_B_avg,1.485,0.0142234563294515
direct_000317,Rb2CsAsI6,chi_B_avg,1.485,-0.0617747083196309
direct_000318,Rb2CsAuCl6,chi_B_avg,1.665,-0.1523841012858685
direct_000319,Rb2CsDyCl6,chi_B_avg,1.005,0.1414124251237496
direct_000320,Rb2CsErCl6,chi_B_avg,1.015,0.1445886043761069
direct_000321,Rb2CsGaBr6,chi_B_avg,1.3,0.2106138262041273
direct_000322,Rb2CsGaCl6,chi_B_avg,1.3,0.2068567082913825
direct_000323,Rb2CsGaI6,chi_B_avg,1.3,0.2374055215642291
direct_000324,Rb2CsGdCl6,chi_B_avg,0.995,0.1417531877642141
direct_000325,Rb2CsInBr6,chi_B_avg,1.285,0.2087634150367073
direct_000326,Rb2CsInCl6,chi_B_avg,1.285,0.2099608582426161
direct_000327,Rb2CsLuCl6,chi_B_avg,1.03,0.1480132583111823
direct_000328,Rb2CsSbCl6,chi_B_avg,1.42,0.0352230752450789
direct_000329,Rb2CsScBr6,chi_B_avg,1.0750000000000002,-0.0711100764362105
direct_000330,Rb2CsScCl6,chi_B_avg,1.0750000000000002,-0.052144496195134
direct_000331,Rb2CsTbCl6,chi_B_avg,0.945,0.1357570686447306
direct_000332,Rb2CsTlBr6,chi_B_avg,1.205,0.2116483345199855
direct_000333,Rb2CsTmCl6,chi_B_avg,1.02,0.1451597649476941
direct_000334,Rb2CsYBr6,chi_B_avg,1.005,0.1359750821139033
direct_000335,Rb2CsYCl6,chi_B_avg,1.005,0.1412447249110266
direct_000336,O2GaReCl6,chi_B_avg,1.855,-0.1003740685564763
direct_000337,Se2NGaCl6,chi_B_avg,2.425,-0.0730555644708276
direct_000338,K2AgAsBr6,chi_B_avg,2.055,-0.1946451663838018
direct_000339,K2AgAsCl6,chi_B_avg,2.055,-0.1978959349971061
direct_000340,K2AgBiBr6,chi_B_avg,1.975,-0.1050260339562816
direct_000341,K2AgBiCl6,chi_B_avg,1.975,-0.1101392200144071
direct_000342,K2AgBiI6,chi_B_avg,1.975,-0.0896683484595855
direct_000343,K2AgMoBr6,chi_B_avg,2.045,-0.0155355256770594
direct_000344,K2AgMoCl6,chi_B_avg,2.045,-0.0195880815799706
direct_000345,K2AgMoI6,chi_B_avg,2.045,-0.0255884242571405
direct_000346,K2AgSbBr6,chi_B_avg,1.99,-0.143929059880548
direct_000347,K2AgSbCl6,chi_B_avg,1.99,-0.1500710633719
direct_000348,K2AgSbI6,chi_B_avg,1.99,-0.1356636315338352
direct_000349,K2AgAlBr6,chi_B_avg,1.77,-0.0210921841347858
direct_000350,K2AgAlCl6,chi_B_avg,1.77,-0.0290830451592125
direct_000351,K2AlAuCl6,chi_B_avg,2.075,-0.0999477600443993
direct_000352,K2InAlBr6,chi_B_avg,1.695,-0.1778384780171832
direct_000353,K2InAlCl6,chi_B_avg,1.695,-0.1801504069926713
direct_000354,K2InAlI6,chi_B_avg,1.695,-0.1741415514329525
direct_000355,K2TlAlBr6,chi_B_avg,1.6150000000000002,-0.1812988197700357
direct_000356,K2TlAlCl6,chi_B_avg,1.6150000000000002,-0.1814387569650434
direct_000357,K2TlAlI6,chi_B_avg,1.6150000000000002,-0.1592847068995141
direct_000358,K2AsAuBr6,chi_B_avg,2.3600000000000003,-0.1577246786873822
direct_000359,K2AsAuCl6,chi_B_avg,2.3600000000000003,-0.1579671221758536
direct_000360,K2BiAuBr6,chi_B_avg,2.28,-0.1460729952477348
direct_000361,K2BiAuCl6,chi_B_avg,2.28,-0.1504559474398479
direct_000362,K2FBrCl6,chi_B_avg,3.47,-0.0374005923032182
direct_000363,K2AgCeBr6,chi_B_avg,1.525,-0.0753299787625957
direct_000364,K2AgCeCl6,chi_B_avg,1.525,-0.0788918027247367
direct_000365,K2AgCeI6,chi_B_avg,1.525,-0.0743728998922694
direct_000366,K2AuCeCl6,chi_B_avg,1.83,-0.0616708861782943
direct_000367,K2CuCeBr6,chi_B_avg,1.51,-0.080491299984488
direct_000368,K2CuCeCl6,chi_B_avg,1.51,-0.0821459723900376
direct_000369,K2CuCeI6,chi_B_avg,1.51,-0.0761819187704937
direct_000370,K2CuBiBr6,chi_B_avg,1.96,-0.102779542159256
direct_000371,K2CuBiCl6,chi_B_avg,1.96,-0.1073766330877556
direct_000372,K2CuBiI6,chi_B_avg,1.96,-0.0895239622863923
direct_000373,K2CuMoBr6,chi_B_avg,2.03,-0.0278280435220055
direct_000374,K2CuMoCl6,chi_B_avg,2.03,-0.0424071351889483
direct_000375,K2CuMoI6,chi_B_avg,2.03,-0.046102081395677
direct_000376,K2CuSbBr6,chi_B_avg,1.975,-0.1253902143678888
direct_000377,K2CuSbCl6,chi_B_avg,1.975,-0.1250304882559793
direct_000378,K2CuSbI6,chi_B_avg,1.975,-0.1244830600914913
direct_000379,K2AgDyCl6,chi_B_avg,1.575,-0.1673512810304421
direct_000380,K2AuDyCl6,chi_B_avg,1.88,-0.1214679463051954
direct_000381,K2CuDyCl6,chi_B_avg,1.56,-0.1726258950419482
direct_000382,K2AgErCl6,chi_B_avg,1.585,-0.1643450770493333
direct_000383,K2AuErCl6,chi_B_avg,1.89,-0.1198042797870917
direct_000384,K2CuErCl6,chi_B_avg,1.5699999999999998,-0.1724149683284266
direct_000385,K2AgGaCl6,chi_B_avg,1.87,-0.0314922217397061
direct_000386,K2AuGdCl6,chi_B_avg,1.87,-0.1217762751632178
direct_000387,K2CuGdCl6,chi_B_avg,1.5499999999999998,-0.1660727871705927
direct_000388,K2AgInBr6,chi_B_avg,1.855,-0.0221918516133816
direct_000389,K2AgInCl6,chi_B_avg,1.855,-0.0315726544711698
direct_000390,K2InAsBr6,chi_B_avg,1.98,-0.0125015457830935
direct_000391,K2InAsCl6,chi_B_avg,1.98,-0.0310682657034957
direct_000392,K2InGaBr6,chi_B_avg,1.795,-0.1718089362435428
direct_000393,K2InGaCl6,chi_B_avg,1.795,-0.1835849360412547
direct_000394,K2InGaI6,chi_B_avg,1.795,-0.1724246480492273
direct_000395,K2InSbBr6,chi_B_avg,1.915,-0.0135112488074512
direct_000396,K2InSbCl6,chi_B_avg,1.915,-0.0193005411222118
direct_000397,K2InSbI6,chi_B_avg,1.915,-0.0647678299423418
direct_000398,K2AgLaCl6,chi_B_avg,1.515,-0.1522617173779271
direct_000399,K2AuLaCl6,chi_B_avg,1.82,-0.130098558839506
direct_000400,K2CuLaCl6,chi_B_avg,1.5,-0.1578103981041595
direct_000401,K2LiBiBr6,chi_B_avg,1.5,-0.1659487099782305
direct_000402,K2LiBiCl6,chi_B_avg,1.5,-0.1698585613953661
direct_000403,K2LiBiI6,chi_B_avg,1.5,-0.1337557362790371
direct_000404,K2LiCeBr6,chi_B_avg,1.05,0.0719639792479099
direct_000405,K2LiCeCl6,chi_B_avg,1.05,0.0738594561785179
direct_000406,K2LiCeI6,chi_B_avg,1.05,0.0842265910139816
direct_000407,K2LiDyCl6,chi_B_avg,1.1,0.234824397006958
direct_000408,K2LiErCl6,chi_B_avg,1.11,0.2360547180380327
direct_000409,K2LiGdCl6,chi_B_avg,1.09,0.2345859970366675
direct_000410,K2LiInCl6,chi_B_avg,1.38,0.254496111496082
direct_000411,K2LiLaCl6,chi_B_avg,1.04,0.2336555244587486
direct_000412,K2LiLuCl6,chi_B_avg,1.125,0.2349176256788152
direct_000413,K2LiMoBr6,chi_B_avg,1.57,-0.0797062660149097
direct_000414,K2LiMoCl6,chi_B_avg,1.57,-0.1591933951441864
direct_000415,K2LiMoI6,chi_B_avg,1.57,-0.059198261516381
direct_000416,K2LiNdBr6,chi_B_avg,1.06,0.2426203691462786
direct_000417,K2LiNdCl6,chi_B_avg,1.06,0.2431453666369896
direct_000418,K2LiNdI6,chi_B_avg,1.06,0.272880218172148
direct_000419,K2LiPrBr6,chi_B_avg,1.055,0.2428013885299136
direct_000420,K2LiPrCl6,chi_B_avg,1.055,0.2433531991953605
direct_000421,K2LiPrI6,chi_B_avg,1.055,0.2724620209333835
direct_000422,K2LiSbBr6,chi_B_avg,1.515,-0.180311014046696
direct_000423,K2LiSbCl6,chi_B_avg,1.515,-0.1845985803392343
direct_000424,K2LiSbI6,chi_B_avg,1.515,-0.1687098755648263
direct_000425,K2LiScCl6,chi_B_avg,1.17,0.2402965245070968
direct_000426,K2LiSmCl6,chi_B_avg,1.075,0.2436482277568704
direct_000427,K2LiTbCl6,chi_B_avg,1.04,0.246427332188393
direct_000428,K2LiTlBr6,chi_B_avg,1.3,0.3124412673516948
direct_000429,K2LiTlCl6,chi_B_avg,1.3,0.2865344309187099
direct_000430,K2LiTmCl6,chi_B_avg,1.115,0.2360970741468631
direct_000431,K2LiYBr6,chi_B_avg,1.1,0.210630114300461
direct_000432,K2LiYCl6,chi_B_avg,1.1,0.2147160063385779
direct_000433,K2LiYI6,chi_B_avg,1.1,0.2288076206959646
direct_000434,K2AgLuCl6,chi_B_avg,1.6,-0.1735629154308719
direct_000435,K2AuLuCl6,chi_B_avg,1.905,-0.1170432832641027
direct_000436,K2CuLuCl6,chi_B_avg,1.585,-0.1726705360419226
direct_000437,K2NaAlCl6,chi_B_avg,1.27,0.2404232532042047
direct_000438,K2NaAsBr6,chi_B_avg,1.5550000000000002,-0.1626711672899412
direct_000439,K2NaAsCl6,chi_B_avg,1.5550000000000002,-0.1720698166482436
direct_000440,K2NaBiBr6,chi_B_avg,1.475,-0.1235164427028344
direct_000441,K2NaBiCl6,chi_B_avg,1.475,-0.1227250943630179
direct_000442,K2NaBiI6,chi_B_avg,1.475,-0.1014116055758934
direct_000443,K2NaCeBr6,chi_B_avg,1.025,0.070422924049157
direct_000444,K2NaCeCl6,chi_B_avg,1.025,0.0724448597846494
direct_000445,K2NaCrCl6,chi_B_avg,1.295,0.221408701641541
direct_000446,K2NaDyCl6,chi_B_avg,1.075,0.2297508479188216
direct_000447,K2NaErCl6,chi_B_avg,1.085,0.2315594883295289
direct_000448,K2NaGaBr6,chi_B_avg,1.37,0.2446824411734815
direct_000449,K2NaGaCl6,chi_B_avg,1.37,0.2359393212331028
direct_000450,K2NaGdCl6,chi_B_avg,1.065,0.2275631224578869
direct_000451,K2NaInBr6,chi_B_avg,1.355,0.2727769452171151
direct_000452,K2NaInCl6,chi_B_avg,1.355,0.2535849312315971
direct_000453,K2NaInI6,chi_B_avg,1.355,0.2701025997962152
direct_000454,K2NaLaCl6,chi_B_avg,1.015,0.224408607343907
direct_000455,K2NaLuCl6,chi_B_avg,1.1,0.2293133540947362
direct_000456,K2NaMoBr6,chi_B_avg,1.5450000000000002,-0.050453904182275
direct_000457,K2NaMoCl6,chi_B_avg,1.5450000000000002,-0.1044276616957068
direct_000458,K2NaMoI6,chi_B_avg,1.5450000000000002,-0.0368824598539213
direct_000459,K2NaNdBr6,chi_B_avg,1.035,0.2402029747366089
direct_000460,K2NaNdCl6,chi_B_avg,1.035,0.2418611241709074
direct_000461,K2NaNdI6,chi_B_avg,1.035,0.2714068093590921
direct_000462,K2NaPrBr6,chi_B_avg,1.03,0.2402642516397723
direct_000463,K2NaPrCl6,chi_B_avg,1.03,0.242154693385461
direct_000464,K2NaPrI6,chi_B_avg,1.03,0.2700100081010202
direct_000465,K2NaSbBr6,chi_B_avg,1.49,-0.1741034392165344
direct_000466,K2NaSbCl6,chi_B_avg,1.49,-0.179965224889941
direct_000467,K2NaSbI6,chi_B_avg,1.49,-0.1653118341713059
direct_000468,K2NaScBr6,chi_B_avg,1.145,-0.0146889339116476
direct_000469,K2NaScCl6,chi_B_avg,1.145,0.0510814927109377
direct_000470,K2NaScI6,chi_B_avg,1.145,0.0008378865371826
direct_000471,K2NaSmCl6,chi_B_avg,1.05,0.2285599134123816
direct_000472,K2NaTbCl6,chi_B_avg,1.015,0.235145385516674
direct_000473,K2NaTlBr6,chi_B_avg,1.275,0.2900670911977704
direct_000474,K2NaTlCl6,chi_B_avg,1.275,0.2829720230509424
direct_000475,K2NaTlI6,chi_B_avg,1.275,0.2152882756621376
direct_000476,K2NaTmCl6,chi_B_avg,1.09,0.2313656116021658
direct_000477,K2NaYBr6,chi_B_avg,1.075,0.2077306325041417
direct_000478,K2NaYCl6,chi_B_avg,1.075,0.209036286132346
direct_000479,K2NaYI6,chi_B_avg,1.075,0.2340201301122397
direct_000480,K2AgNdBr6,chi_B_avg,1.535,-0.1602230626960014
direct_000481,K2AgNdCl6,chi_B_avg,1.535,-0.1630252559632761
direct_000482,K2AgNdI6,chi_B_avg,1.535,-0.1519897475283662
direct_000483,K2AuNdCl6,chi_B_avg,1.84,-0.1251343247546665
direct_000484,K2CuNdBr6,chi_B_avg,1.52,-0.1655484731269672
direct_000485,K2CuNdCl6,chi_B_avg,1.52,-0.1663117596654
direct_000486,K2CuNdI6,chi_B_avg,1.52,-0.1571899283952455
direct_000487,K2AgPrBr6,chi_B_avg,1.5299999999999998,-0.1602451078712565
direct_000488,K2AgPrCl6,chi_B_avg,1.5299999999999998,-0.1630642163269941
direct_000489,K2AgPrI6,chi_B_avg,1.5299999999999998,-0.1524102784610769
direct_000490,K2AuPrCl6,chi_B_avg,1.835,-0.1237469169810582
direct_000491,K2CuPrBr6,chi_B_avg,1.515,-0.1643553641340582
direct_000492,K2CuPrCl6,chi_B_avg,1.515,-0.1667361044699574
direct_000493,K2CuPrI6,chi_B_avg,1.515,-0.1545260764553014
direct_000494,K2RbAlBr6,chi_B_avg,1.215,0.2250373087155124
direct_000495,K2RbAlCl6,chi_B_avg,1.215,0.2209609534661029
direct_000496,K2RbAlI6,chi_B_avg,1.215,0.2513529530460852
direct_000497,K2RbAsBr6,chi_B_avg,1.5,-0.0189946620902055
direct_000498,K2RbAsCl6,chi_B_avg,1.5,-0.0268977942543799
direct_000499,K2RbAsI6,chi_B_avg,1.5,-0.1022050739145023
direct_000500,K2RbAuCl6,chi_B_avg,1.68,-0.1804878126971802
direct_000501,K2RbBiBr6,chi_B_avg,1.42,0.1046775494794098
direct_000502,K2RbBiCl6,chi_B_avg,1.42,0.0744676285057215
direct_000503,K2RbBiI6,chi_B_avg,1.42,0.0286734683468631
direct_000504,K2RbCeBr6,chi_B_avg,0.97,-0.041560378517402
direct_000505,K2RbCeCl6,chi_B_avg,0.97,-0.0322506277131142
direct_000506,K2RbCeI6,chi_B_avg,0.97,-0.0385062702999646
direct_000507,K2RbDyCl6,chi_B_avg,1.02,0.1429875667892949
direct_000508,K2RbErCl6,chi_B_avg,1.03,0.1686477856781411
direct_000509,K2RbGaBr6,chi_B_avg,1.315,0.2057551063094961
direct_000510,K2RbGaCl6,chi_B_avg,1.315,0.199509439546512
direct_000511,K2RbGaI6,chi_B_avg,1.315,0.2393533427502717
direct_000512,K2RbGdCl6,chi_B_avg,1.01,0.1418511970779511
direct_000513,K2RbInBr6,chi_B_avg,1.3,0.2100714069940226
direct_000514,K2RbInCl6,chi_B_avg,1.3,0.2093390719134822
direct_000515,K2RbLuCl6,chi_B_avg,1.045,0.1264649457261411
direct_000516,K2RbMoBr6,chi_B_avg,1.49,0.0157407516761027
direct_000517,K2RbMoCl6,chi_B_avg,1.49,0.0067806341167945
direct_000518,K2RbMoI6,chi_B_avg,1.49,-0.0150351155603364
direct_000519,K2RbNdBr6,chi_B_avg,0.98,0.132710116882382
direct_000520,K2RbNdCl6,chi_B_avg,0.98,0.1410740120290424
direct_000521,K2RbNdI6,chi_B_avg,0.98,0.1257482489878
direct_000522,K2RbPrBr6,chi_B_avg,0.975,0.134260779085328
direct_000523,K2RbPrCl6,chi_B_avg,0.975,0.1409833936844123
direct_000524,K2RbPrI6,chi_B_avg,0.975,0.1262743774685878
direct_000525,K2RbSbBr6,chi_B_avg,1.4349999999999998,0.1607151182908465
direct_000526,K2RbSbCl6,chi_B_avg,1.4349999999999998,0.1548744853311651
direct_000527,K2RbSbI6,chi_B_avg,1.4349999999999998,0.1462615047104233
direct_000528,K2RbScBr6,chi_B_avg,1.09,-0.0944379537755861
direct_000529,K2RbScCl6,chi_B_avg,1.09,-0.0805542064655013
direct_000530,K2RbTbCl6,chi_B_avg,0.96,0.1370699225801368
direct_000531,K2RbTlBr6,chi_B_avg,1.22,0.2269796670200923
direct_000532,K2RbTmCl6,chi_B_avg,1.035,0.1652594215947813
direct_000533,K2RbYBr6,chi_B_avg,1.02,0.1344993426168194
direct_000534,K2RbYCl6,chi_B_avg,1.02,0.1490139997618242
direct_000535,K2RbYI6,chi_B_avg,1.02,0.1000737088668755
direct_000536,K2AuSbBr6,chi_B_avg,2.295,-0.1647321627749259
direct_000537,K2AuSbCl6,chi_B_avg,2.295,-0.1648594420552503
direct_000538,K2AgScBr6,chi_B_avg,1.645,-0.1067599771048864
direct_000539,K2AgScCl6,chi_B_avg,1.645,-0.0866489676495109
direct_000540,K2AgScI6,chi_B_avg,1.645,-0.1027465255778489
direct_000541,K2AuScBr6,chi_B_avg,1.95,-0.093509751254683
direct_000542,K2AuScCl6,chi_B_avg,1.95,-0.0939605596347264
direct_000543,K2AuScI6,chi_B_avg,1.95,-0.0858637064651597
direct_000544,K2CuScCl6,chi_B_avg,1.63,-0.131853378196042
direct_000545,K2InScBr6,chi_B_avg,1.57,0.0302696261776317
direct_000546,K2InScCl6,chi_B_avg,1.57,0.0180176802586584
direct_000547,K2InScI6,chi_B_avg,1.57,0.0237533168855436
direct_000548,K2TlScBr6,chi_B_avg,1.4900000000000002,0.0442481459759402
direct_000549,K2TlScCl6,chi_B_avg,1.4900000000000002,0.0476489201462919
direct_000550,K2AgSmCl6,chi_B_avg,1.5499999999999998,-0.1617652385924416
direct_000551,K2AuSmCl6,chi_B_avg,1.855,-0.1225000553698559
direct_000552,K2CuSmCl6,chi_B_avg,1.535,-0.1674052736724983
direct_000553,K2AgTbCl6,chi_B_avg,1.515,-0.1606762306187381
direct_000554,K2AuTbCl6,chi_B_avg,1.82,-0.1253774750339148
direct_000555,K2CuTbCl6,chi_B_avg,1.5,-0.1692227863895802
direct_000556,K2TlAsBr6,chi_B_avg,1.9,0.0138791737489669
direct_000557,K2TlAsCl6,chi_B_avg,1.9,0.0019411321003722
direct_000558,K2TlAsI6,chi_B_avg,1.9,0.0313520611359853
direct_000559,K2TlGaBr6,chi_B_avg,1.715,-0.201076744802841
direct_000560,K2TlGaCl6,chi_B_avg,1.715,-0.2084507768478755
direct_000561,K2TlGaI6,chi_B_avg,1.715,-0.1726525032210719
direct_000562,K2TlInBr6,chi_B_avg,1.7000000000000002,-0.2101778922471421
direct_000563,K2TlInCl6,chi_B_avg,1.7000000000000002,-0.218709324193653
direct_000564,K2TlInI6,chi_B_avg,1.7000000000000002,-0.1815526709511991
direct_000565,K2TlSbBr6,chi_B_avg,1.835,0.0044498198794001
direct_000566,K2TlSbCl6,chi_B_avg,1.835,-0.0094121654567195
direct_000567,K2AgTmCl6,chi_B_avg,1.59,-0.164665968137964
direct_000568,K2AuTmCl6,chi_B_avg,1.895,-0.1175939787904346
direct_000569,K2CuTmCl6,chi_B_avg,1.575,-0.1738534056448661
direct_000570,K2AgYBr6,chi_B_avg,1.575,-0.1546295520982019
direct_000571,K2AgYCl6,chi_B_avg,1.575,-0.1603407451539822
direct_000572,K2AgYI6,chi_B_avg,1.575,-0.1452640255895646
direct_000573,K2AuYBr6,chi_B_avg,1.88,-0.1086543043103344
direct_000574,K2AuYCl6,chi_B_avg,1.88,-0.1151018044233696
direct_000575,K2AuYI6,chi_B_avg,1.88,-0.0902454838916333
direct_000576,K2CuYBr6,chi_B_avg,1.56,-0.1641362794887874
direct_000577,K2CuYCl6,chi_B_avg,1.56,-0.172363543475859
direct_000578,K2CuYI6,chi_B_avg,1.56,-0.1511775093240062
direct_000579,K2InYCl6,chi_B_avg,1.5,-0.1149990549256731
direct_000580,K2TlYBr6,chi_B_avg,1.42,0.1196931541315698
direct_000581,Rb2KAlBr6,chi_B_avg,1.215,0.2389178110133707
direct_000582,Rb2KAlCl6,chi_B_avg,1.215,0.2335171782140057
direct_000583,Rb2KAlI6,chi_B_avg,1.215,0.2577649020260915
direct_000584,Rb2KAsBr6,chi_B_avg,1.5,-0.0314489029895972
direct_000585,Rb2KAsCl6,chi_B_avg,1.5,-0.0348127558919291
direct_000586,Rb2KAsI6,chi_B_avg,1.5,-0.1112295058453977
direct_000587,Rb2KAuCl6,chi_B_avg,1.68,-0.1859703229859963
direct_000588,Rb2KDyCl6,chi_B_avg,1.02,0.1850069728392727
direct_000589,Rb2KErCl6,chi_B_avg,1.03,0.1864405275756379
direct_000590,Rb2KGaBr6,chi_B_avg,1.315,0.2090258479607477
direct_000591,Rb2KGaCl6,chi_B_avg,1.315,0.2000441897965403
direct_000592,Rb2KGaI6,chi_B_avg,1.315,0.2413020507918706
direct_000593,Rb2KGdCl6,chi_B_avg,1.01,0.1903160450290428
direct_000594,Rb2KInBr6,chi_B_avg,1.3,0.2090771894865979
direct_000595,Rb2KInCl6,chi_B_avg,1.3,0.1997263904104263
direct_000596,Rb2KInI6,chi_B_avg,1.3,0.2366216239978736
direct_000597,Rb2KLaCl6,chi_B_avg,0.96,0.1740775429045421
direct_000598,Rb2KLuCl6,chi_B_avg,1.045,0.1695731766146243
direct_000599,Rb2KScBr6,chi_B_avg,1.09,-0.0814425347099387
direct_000600,Rb2KScCl6,chi_B_avg,1.09,-0.0724970683301382
direct_000601,Rb2KScI6,chi_B_avg,1.09,-0.0384694015451172
direct_000602,Rb2KSmCl6,chi_B_avg,0.995,0.1908738479112304
direct_000603,Rb2KTbCl6,chi_B_avg,0.96,0.1851650269753282
direct_000604,Rb2KTlBr6,chi_B_avg,1.22,0.2514326805266129
direct_000605,Rb2KTlCl6,chi_B_avg,1.22,0.2461101355167692
direct_000606,Rb2KTlI6,chi_B_avg,1.22,0.2362176037852137
direct_000607,Rb2KTmCl6,chi_B_avg,1.035,0.1849565819761644
direct_000608,Li2CuSbCl6,chi_B_avg,1.975,-0.1250118484268347
direct_000609,Li2CuInCl6,chi_B_avg,1.84,-0.1196796343612226
direct_000610,Li2CuScCl6,chi_B_avg,1.63,-0.1254111615907752
direct_000611,Tl2LiScCl6,chi_B_avg,1.17,0.2153490466251108
direct_000612,Tl2LiInCl6,chi_B_avg,1.38,0.1554363009388505
direct_000613,Tl2LiYCl6,chi_B_avg,1.1,0.1125528956999124
direct_000614,O2MoPCl6,chi_B_avg,2.175,-0.1256736983674568
direct_000615,Na2AgAsBr6,chi_B_avg,2.055,-0.1947691831613388
direct_000616,Na2AgAsCl6,chi_B_avg,2.055,-0.1974960951513314
direct_000617,Na2AgSbCl6,chi_B_avg,1.99,-0.149745765831723
direct_000618,Na2AgAlBr6,chi_B_avg,1.77,-0.0209897387367391
direct_000619,Na2AgAlCl6,chi_B_avg,1.77,-0.0307215246803136
direct_000620,Na2CuBiBr6,chi_B_avg,1.96,-0.1027528909701124
direct_000621,Na2CuBiCl6,chi_B_avg,1.96,-0.1075591099864713
direct_000622,Na2CuSbCl6,chi_B_avg,1.975,-0.1249440232508387
direct_000623,Na2CuDyCl6,chi_B_avg,1.56,-0.1725939595650557
direct_000624,Na2CuErCl6,chi_B_avg,1.5699999999999998,-0.1723975624940473
direct_000625,Na2CuEuCl6,chi_B_avg,1.5499999999999998,-0.165963129575258
direct_000626,Na2AgGaCl6,chi_B_avg,1.87,-0.0307093443703556
direct_000627,Na2AgInBr6,chi_B_avg,1.855,-0.0224421574299018
direct_000628,Na2AgInCl6,chi_B_avg,1.855,-0.0315912741585701
direct_000629,Na2CuLaCl6,chi_B_avg,1.5,-0.1577598045001902
direct_000630,Na2LiBiBr6,chi_B_avg,1.5,-0.1659452629589481
direct_000631,Na2LiBiCl6,chi_B_avg,1.5,-0.1698446977168251
direct_000632,Na2LiBiI6,chi_B_avg,1.5,-0.1341444892115668
direct_000633,Na2LiCeCl6,chi_B_avg,1.05,0.0736677042811563
direct_000634,Na2LiDyCl6,chi_B_avg,1.1,0.2346771729965745
direct_000635,Na2LiErCl6,chi_B_avg,1.11,0.235836647257188
direct_000636,Na2LiGdCl6,chi_B_avg,1.09,0.2343674823903004
direct_000637,Na2LiInCl6,chi_B_avg,1.38,0.2544713695958797
direct_000638,Na2LiLaCl6,chi_B_avg,1.04,0.2334279848312723
direct_000639,Na2LiLuCl6,chi_B_avg,1.125,0.2346536210785977
direct_000640,Na2LiNdCl6,chi_B_avg,1.06,0.242947416264135
direct_000641,Na2LiPrCl6,chi_B_avg,1.055,0.2431861432845294
direct_000642,Na2LiSbCl6,chi_B_avg,1.515,-0.1850778954437959
direct_000643,Na2LiScCl6,chi_B_avg,1.17,0.2402577771521355
direct_000644,Na2LiSmCl6,chi_B_avg,1.075,0.2434667441311236
direct_000645,Na2LiTbCl6,chi_B_avg,1.04,0.2462296930954848
direct_000646,Na2LiTlBr6,chi_B_avg,1.3,0.3123433662000267
direct_000647,Na2LiTlCl6,chi_B_avg,1.3,0.2863510446134537
direct_000648,Na2LiTmCl6,chi_B_avg,1.115,0.2358350772387223
direct_000649,Na2LiYBr6,chi_B_avg,1.1,0.2109374938107482
direct_000650,Na2LiYCl6,chi_B_avg,1.1,0.2145032734300075
direct_000651,Na2AgLuCl6,chi_B_avg,1.6,-0.1735909250400436
direct_000652,Na2CuLuCl6,chi_B_avg,1.585,-0.1726365148700593
direct_000653,Na2CuNdCl6,chi_B_avg,1.52,-0.1662895001057921
direct_000654,Na2CuPrCl6,chi_B_avg,1.515,-0.1667117634017045
direct_000655,Na2AgScCl6,chi_B_avg,1.645,-0.090341581620312
direct_000656,Na2CuScCl6,chi_B_avg,1.63,-0.1246940621614778
direct_000657,Na2CuSmCl6,chi_B_avg,1.535,-0.1673256235400722
direct_000658,Na2CuTbCl6,chi_B_avg,1.5,-0.1692158835604169
direct_000659,Na2AgTmCl6,chi_B_avg,1.59,-0.1646148052699703
direct_000660,Na2CuTmCl6,chi_B_avg,1.575,-0.1738189574416033
direct_000661,Na2CuYBr6,chi_B_avg,1.56,-0.1643314542408775
direct_000662,Na2CuYCl6,chi_B_avg,1.56,-0.1723559404380809
direct_000663,O2NbPCl6,chi_B_avg,1.895,-0.0211480320056024
direct_000664,Rb2AgAsBr6,chi_B_avg,2.055,-0.194514778029034
direct_000665,Rb2AgAsCl6,chi_B_avg,2.055,-0.1987192017650986
direct_000666,Rb2AgBiBr6,chi_B_avg,1.975,-0.1048190711259662
direct_000667,Rb2AgBiCl6,chi_B_avg,1.975,-0.1098701659071002
direct_000668,Rb2AgBiI6,chi_B_avg,1.975,-0.0892229939791037
direct_000669,Rb2AgMoBr6,chi_B_avg,2.045,-0.0155710469147095
direct_000670,Rb2AgMoCl6,chi_B_avg,2.045,-0.018320348380093
direct_000671,Rb2AgMoI6,chi_B_avg,2.045,-0.0252729972937859
direct_000672,Rb2AgSbBr6,chi_B_avg,1.99,-0.1444249745789348
direct_000673,Rb2AgSbCl6,chi_B_avg,1.99,-0.1499021974974193
direct_000674,Rb2AgSbI6,chi_B_avg,1.99,-0.1351681251679791
direct_000675,Rb2AgAlBr6,chi_B_avg,1.77,-0.0215800686845528
direct_000676,Rb2AgAlCl6,chi_B_avg,1.77,-0.0275708872947684
direct_000677,Rb2AlAuCl6,chi_B_avg,2.075,-0.1023312939611545
direct_000678,Rb2InAlBr6,chi_B_avg,1.695,-0.1776505645987174
direct_000679,Rb2InAlCl6,chi_B_avg,1.695,-0.1814747762102639
direct_000680,Rb2InAlI6,chi_B_avg,1.695,-0.1728822493827496
direct_000681,Rb2TlAlBr6,chi_B_avg,1.6150000000000002,-0.1806383807978739
direct_000682,Rb2TlAlCl6,chi_B_avg,1.6150000000000002,-0.1811309054917969
direct_000683,Rb2TlAlI6,chi_B_avg,1.6150000000000002,-0.1592984314254109
direct_000684,Rb2AsAuCl6,chi_B_avg,2.3600000000000003,-0.1617975598833238
direct_000685,Rb2BiAuBr6,chi_B_avg,2.28,-0.1455844331517617
direct_000686,Rb2BiAuCl6,chi_B_avg,2.28,-0.1481316190866924
direct_000687,Rb2FBrCl6,chi_B_avg,3.47,-0.0350733387292145
direct_000688,Rb2AgCeBr6,chi_B_avg,1.525,-0.0753238146151012
direct_000689,Rb2AgCeCl6,chi_B_avg,1.525,-0.078840603348458
direct_000690,Rb2AgCeI6,chi_B_avg,1.525,-0.0741590946808486
direct_000691,Rb2CuCeBr6,chi_B_avg,1.51,-0.080557365082088
direct_000692,Rb2CuCeCl6,chi_B_avg,1.51,-0.0818720726816226
direct_000693,Rb2CuBiBr6,chi_B_avg,1.96,-0.1032500832575971
direct_000694,Rb2CuBiCl6,chi_B_avg,1.96,-0.1074418379802603
direct_000695,Rb2CuBiI6,chi_B_avg,1.96,-0.0894819281600999
direct_000696,Rb2CuMoBr6,chi_B_avg,2.03,-0.0281075467847292
direct_000697,Rb2CuMoCl6,chi_B_avg,2.03,-0.0318341259130656
direct_000698,Rb2CuMoI6,chi_B_avg,2.03,-0.0499767431943518
direct_000699,Rb2CuSbBr6,chi_B_avg,1.975,-0.1253440896913843
direct_000700,Rb2CuSbCl6,chi_B_avg,1.975,-0.1256555757668563
direct_000701,Rb2CuSbI6,chi_B_avg,1.975,-0.1243778444068179
direct_000702,Rb2AgDyCl6,chi_B_avg,1.575,-0.1673735557797168
direct_000703,Rb2AuDyCl6,chi_B_avg,1.88,-0.1214187552494397
direct_000704,Rb2CuDyCl6,chi_B_avg,1.56,-0.1726319610672362
direct_000705,Rb2AgErCl6,chi_B_avg,1.585,-0.1643644250806765
direct_000706,Rb2AuErCl6,chi_B_avg,1.89,-0.1197411891724562
direct_000707,Rb2CuErCl6,chi_B_avg,1.5699999999999998,-0.1724685227535064
direct_000708,Rb2AgGaBr6,chi_B_avg,1.87,-0.0485321979404471
direct_000709,Rb2AgGaCl6,chi_B_avg,1.87,-0.0306595428616825
direct_000710,Rb2AgGdCl6,chi_B_avg,1.565,-0.1656550120095331
direct_000711,Rb2AgInBr6,chi_B_avg,1.855,-0.0221965509825654
direct_000712,Rb2AgInCl6,chi_B_avg,1.855,-0.0295710970518118
direct_000713,Rb2InAsBr6,chi_B_avg,1.98,-0.0126304922690408
direct_000714,Rb2InAsCl6,chi_B_avg,1.98,-0.0306261893656632
direct_000715,Rb2InBiCl6,chi_B_avg,1.9,0.0116431184291221
direct_000716,Rb2InGaBr6,chi_B_avg,1.795,-0.1719023183898498
direct_000717,Rb2InGaCl6,chi_B_avg,1.795,-0.1839460963641171
direct_000718,Rb2InGaI6,chi_B_avg,1.795,-0.1725612131895803
direct_000719,Rb2InSbBr6,chi_B_avg,1.915,-0.0136101413115939
direct_000720,Rb2InSbCl6,chi_B_avg,1.915,-0.0197016550406372
direct_000721,Rb2InSbI6,chi_B_avg,1.915,-0.0634376024543026
direct_000722,Rb2AgLaCl6,chi_B_avg,1.515,-0.1521942152318312
direct_000723,Rb2AuLaCl6,chi_B_avg,1.82,-0.1301454575946294
direct_000724,Rb2CuLaCl6,chi_B_avg,1.5,-0.1571048813486647
direct_000725,Rb2LiBiBr6,chi_B_avg,1.5,-0.166786329382237
direct_000726,Rb2LiBiCl6,chi_B_avg,1.5,-0.1700484589469679
direct_000727,Rb2LiBiI6,chi_B_avg,1.5,-0.1340223545491815
direct_000728,Rb2LiCeBr6,chi_B_avg,1.05,0.0720070861410912
direct_000729,Rb2LiCeCl6,chi_B_avg,1.05,0.072591198812819
direct_000730,Rb2LiCeI6,chi_B_avg,1.05,0.0838308788335612
direct_000731,Rb2LiDyBr6,chi_B_avg,1.1,0.233596211019494
direct_000732,Rb2LiDyCl6,chi_B_avg,1.1,0.2347276174807399
direct_000733,Rb2LiErCl6,chi_B_avg,1.11,0.236198010370494
direct_000734,Rb2LiGdCl6,chi_B_avg,1.09,0.2344495906851864
direct_000735,Rb2LiHoCl6,chi_B_avg,1.105,0.236042307491542
direct_000736,Rb2LiInCl6,chi_B_avg,1.38,0.2490034304930126
direct_000737,Rb2LiLaCl6,chi_B_avg,1.04,0.2337399441751494
direct_000738,Rb2LiMoBr6,chi_B_avg,1.57,-0.0780975090401692
direct_000739,Rb2LiMoCl6,chi_B_avg,1.57,-0.146750477284619
direct_000740,Rb2LiMoI6,chi_B_avg,1.57,-0.0597538477341803
direct_000741,Rb2LiNdBr6,chi_B_avg,1.06,0.2427817647741043
direct_000742,Rb2LiNdCl6,chi_B_avg,1.06,0.2428903042142245
direct_000743,Rb2LiNdI6,chi_B_avg,1.06,0.2726125818659477
direct_000744,Rb2LiPrBr6,chi_B_avg,1.055,0.2428991144339648
direct_000745,Rb2LiPrCl6,chi_B_avg,1.055,0.243111069061172
direct_000746,Rb2LiPrI6,chi_B_avg,1.055,0.2722318564174685
direct_000747,Rb2LiRhCl6,chi_B_avg,1.63,-0.160379909681566
direct_000748,Rb2LiSbBr6,chi_B_avg,1.515,-0.1803029819184239
direct_000749,Rb2LiSbCl6,chi_B_avg,1.515,-0.1840486118039921
direct_000750,Rb2LiSbI6,chi_B_avg,1.515,-0.1690686644910667
direct_000751,Rb2LiScCl6,chi_B_avg,1.17,0.2528080499006834
direct_000752,Rb2LiSmCl6,chi_B_avg,1.075,0.2436233488461227
direct_000753,Rb2LiTbCl6,chi_B_avg,1.04,0.2462629028504546
direct_000754,Rb2LiTlBr6,chi_B_avg,1.3,0.3124165045919657
direct_000755,Rb2LiTlCl6,chi_B_avg,1.3,0.2868996636261077
direct_000756,Rb2LiTmCl6,chi_B_avg,1.115,0.236173420269794
direct_000757,Rb2LiYBr6,chi_B_avg,1.1,0.2099527356606154
direct_000758,Rb2LiYCl6,chi_B_avg,1.1,0.2132195003956403
direct_000759,Rb2LiYI6,chi_B_avg,1.1,0.2290772059874546
direct_000760,Rb2AgLuCl6,chi_B_avg,1.6,-0.1737533965746047
direct_000761,Rb2AuLuCl6,chi_B_avg,1.905,-0.1138720888895958
direct_000762,Rb2CuLuCl6,chi_B_avg,1.585,-0.1726877208060431
direct_000763,Rb2NaAlCl6,chi_B_avg,1.27,0.2471137408183431
direct_000764,Rb2NaAsBr6,chi_B_avg,1.5550000000000002,-0.1612222573121992
direct_000765,Rb2NaAsCl6,chi_B_avg,1.5550000000000002,-0.1711126392507077
direct_000766,Rb2NaBiBr6,chi_B_avg,1.475,-0.1242312609920675
direct_000767,Rb2NaBiCl6,chi_B_avg,1.475,-0.1227018155631373
direct_000768,Rb2NaBiI6,chi_B_avg,1.475,-0.1000071563056496
direct_000769,Rb2NaCeBr6,chi_B_avg,1.025,0.0704642426549354
direct_000770,Rb2NaCeCl6,chi_B_avg,1.025,0.0721834232152754
direct_000771,Rb2NaCeI6,chi_B_avg,1.025,0.0781408513558379
direct_000772,Rb2NaCrCl6,chi_B_avg,1.295,0.2266868186777542
direct_000773,Rb2NaDyCl6,chi_B_avg,1.075,0.2296548023571631
direct_000774,Rb2NaErCl6,chi_B_avg,1.085,0.231711708768576
direct_000775,Rb2NaGaBr6,chi_B_avg,1.37,0.2463446415201995
direct_000776,Rb2NaGaCl6,chi_B_avg,1.37,0.2337569053730847
direct_000777,Rb2NaGdCl6,chi_B_avg,1.065,0.2273980657701456
direct_000778,Rb2NaInBr6,chi_B_avg,1.355,0.2727853274635821
direct_000779,Rb2NaInCl6,chi_B_avg,1.355,0.2478025398822534
direct_000780,Rb2NaInI6,chi_B_avg,1.355,0.271091648899793
direct_000781,Rb2NaLaCl6,chi_B_avg,1.015,0.2238939308149829
direct_000782,Rb2NaMoBr6,chi_B_avg,1.5450000000000002,-0.0486923706098953
direct_000783,Rb2NaMoCl6,chi_B_avg,1.5450000000000002,-0.0828692909761026
direct_000784,Rb2NaMoI6,chi_B_avg,1.5450000000000002,-0.0376312351762579
direct_000785,Rb2NaNdBr6,chi_B_avg,1.035,0.2403695114633727
direct_000786,Rb2NaNdCl6,chi_B_avg,1.035,0.2416089756420525
direct_000787,Rb2NaNdI6,chi_B_avg,1.035,0.271133903889921
direct_000788,Rb2NaPrBr6,chi_B_avg,1.03,0.2403619775438235
direct_000789,Rb2NaPrCl6,chi_B_avg,1.03,0.2419665254549123
direct_000790,Rb2NaPrI6,chi_B_avg,1.03,0.2697840972607883
direct_000791,Rb2NaSbBr6,chi_B_avg,1.49,-0.1741142275886939
direct_000792,Rb2NaSbCl6,chi_B_avg,1.49,-0.1795144140036384
direct_000793,Rb2NaSbI6,chi_B_avg,1.49,-0.1663424010056717
direct_000794,Rb2NaScBr6,chi_B_avg,1.145,-0.0134228436462312
direct_000795,Rb2NaScCl6,chi_B_avg,1.145,0.0120458061335946
direct_000796,Rb2NaScI6,chi_B_avg,1.145,0.0022571909408254
direct_000797,Rb2NaSmCl6,chi_B_avg,1.05,0.2281895112218342
direct_000798,Rb2NaTbCl6,chi_B_avg,1.015,0.2349715604977848
direct_000799,Rb2NaTlBr6,chi_B_avg,1.275,0.2898092261459613
direct_000800,Rb2NaTlCl6,chi_B_avg,1.275,0.2832819693839353
direct_000801,Rb2NaTmCl6,chi_B_avg,1.09,0.2314495574095654
direct_000802,Rb2NaYBr6,chi_B_avg,1.075,0.2067383162020226
direct_000803,Rb2NaYCl6,chi_B_avg,1.075,0.2076960812686848
direct_000804,Rb2NaYI6,chi_B_avg,1.075,0.2342971124963054
direct_000805,Rb2AgNdBr6,chi_B_avg,1.535,-0.1602044664800221
direct_000806,Rb2AgNdCl6,chi_B_avg,1.535,-0.162971648265201
direct_000807,Rb2AgNdI6,chi_B_avg,1.535,-0.1460111699721418
direct_000808,Rb2AuNdCl6,chi_B_avg,1.84,-0.1245068427364659
direct_000809,Rb2CuNdBr6,chi_B_avg,1.52,-0.1656390748348813
direct_000810,Rb2CuNdCl6,chi_B_avg,1.52,-0.1661071235837422
direct_000811,Rb2CuNdI6,chi_B_avg,1.52,-0.1571393567537111
direct_000812,Rb2AgPrBr6,chi_B_avg,1.5299999999999998,-0.1602063021591763
direct_000813,Rb2AgPrCl6,chi_B_avg,1.5299999999999998,-0.1630150746093717
direct_000814,Rb2AgPrI6,chi_B_avg,1.5299999999999998,-0.1441046742462815
direct_000815,Rb2AuPrCl6,chi_B_avg,1.835,-0.1232104004066052
direct_000816,Rb2CuPrBr6,chi_B_avg,1.515,-0.1644804128879038
direct_000817,Rb2CuPrCl6,chi_B_avg,1.515,-0.1664252505343162
direct_000818,Rb2CuPrI6,chi_B_avg,1.515,-0.1545239047719692
direct_000819,Rb2AuSbCl6,chi_B_avg,2.295,-0.1660003148120418
direct_000820,Rb2AgScBr6,chi_B_avg,1.645,-0.106234660535515
direct_000821,Rb2AgScCl6,chi_B_avg,1.645,-0.0870950574471802
direct_000822,Rb2AgScI6,chi_B_avg,1.645,-0.1015338141915046
direct_000823,Rb2AuScBr6,chi_B_avg,1.95,-0.093759279024655
direct_000824,Rb2AuScCl6,chi_B_avg,1.95,-0.0955908670765232
direct_000825,Rb2AuScI6,chi_B_avg,1.95,-0.0845121716940758
direct_000826,Rb2CuScCl6,chi_B_avg,1.63,-0.1239670973146687
direct_000827,Rb2InScBr6,chi_B_avg,1.57,0.0305408823879283
direct_000828,Rb2InScCl6,chi_B_avg,1.57,0.0217647669816608
direct_000829,Rb2InScI6,chi_B_avg,1.57,0.0236216843976371
direct_000830,Rb2TlScBr6,chi_B_avg,1.4900000000000002,0.0424932640605289
direct_000831,Rb2TlScCl6,chi_B_avg,1.4900000000000002,0.0481400031844954
direct_000832,Rb2TlScI6,chi_B_avg,1.4900000000000002,-0.0334714235751986
direct_000833,Rb2AgSmCl6,chi_B_avg,1.5499999999999998,-0.1618483223899168
direct_000834,Rb2AuSmCl6,chi_B_avg,1.855,-0.1231017568985902
direct_000835,Rb2CuSmCl6,chi_B_avg,1.535,-0.1673446544199498
direct_000836,Rb2AgTbCl6,chi_B_avg,1.515,-0.1607666588002248
direct_000837,Rb2AuTbCl6,chi_B_avg,1.82,-0.1255669422724928
direct_000838,Rb2CuTbCl6,chi_B_avg,1.5,-0.1692097711890183
direct_000839,Rb2TlAsBr6,chi_B_avg,1.9,0.0153111852865466
direct_000840,Rb2TlAsCl6,chi_B_avg,1.9,0.0041427689777328
direct_000841,Rb2TlAsI6,chi_B_avg,1.9,0.0316302412568025
direct_000842,Rb2TlBiBr6,chi_B_avg,1.82,0.0429084077538046
direct_000843,Rb2TlGaBr6,chi_B_avg,1.715,-0.1999307780733654
direct_000844,Rb2TlGaCl6,chi_B_avg,1.715,-0.2076894792343496
direct_000845,Rb2TlGaI6,chi_B_avg,1.715,-0.1725086710600041
direct_000846,Rb2TlInBr6,chi_B_avg,1.7000000000000002,-0.2110355091227343
direct_000847,Rb2TlInCl6,chi_B_avg,1.7000000000000002,-0.2195916899835747
direct_000848,Rb2TlInI6,chi_B_avg,1.7000000000000002,-0.1813166035664212
direct_000849,Rb2TlSbBr6,chi_B_avg,1.835,0.0051819775492933
direct_000850,Rb2TlSbCl6,chi_B_avg,1.835,-0.0092020651841105
direct_000851,Rb2TlSbI6,chi_B_avg,1.835,0.0145093120025067
direct_000852,Rb2AgTmCl6,chi_B_avg,1.59,-0.1646888410609325
direct_000853,Rb2AuTmCl6,chi_B_avg,1.895,-0.1172846584403234
direct_000854,Rb2CuTmCl6,chi_B_avg,1.575,-0.1738710282116035
direct_000855,Rb2AgYBr6,chi_B_avg,1.575,-0.1543000114293392
direct_000856,Rb2AgYCl6,chi_B_avg,1.575,-0.1608155337922192
direct_000857,Rb2AgYI6,chi_B_avg,1.575,-0.1459427422200929
direct_000858,Rb2AuYBr6,chi_B_avg,1.88,-0.1083767559533358
direct_000859,Rb2AuYCl6,chi_B_avg,1.88,-0.1128282783307288
direct_000860,Rb2AuYI6,chi_B_avg,1.88,-0.0900395233738791
direct_000861,Rb2CuYBr6,chi_B_avg,1.56,-0.1638373928872152
direct_000862,Rb2CuYCl6,chi_B_avg,1.56,-0.1721240672072873
direct_000863,Rb2CuYI6,chi_B_avg,1.56,-0.1503526180541607
direct_000864,Rb2InYBr6,chi_B_avg,1.5,-0.0734787722976146
direct_000865,Rb2InYCl6,chi_B_avg,1.5,-0.111687855902887
direct_000866,Rb2InYI6,chi_B_avg,1.5,-0.0838546309809524
direct_000867,Rb2TlYBr6,chi_B_avg,1.42,0.1231335014557297
direct_000868,Rb2TlYCl6,chi_B_avg,1.42,0.1319964949452875
direct_000869,Rb2TlYI6,chi_B_avg,1.42,0.1389852427521849
direct_000870,O2PSbCl6,chi_B_avg,2.12,-0.1138862057411923
direct_000871,S2NSbCl6,chi_B_avg,2.545,-0.0438814696632788
direct_000872,Cs2GeSnCl6,chi_B_avg,1.985,-0.0245503621271279
direct_000873,Cs2GeSnBr6,chi_B_avg,1.985,-0.0222593022793947
direct_000874,Rb2GeSnCl6,chi_B_avg,1.985,-0.0232875010558752
direct_000875,Rb2GeSnBr6,chi_B_avg,1.985,-0.0202423326455524
direct_000876,K2GeSnBr6,chi_B_avg,1.985,-0.0204278284921638
direct_000877,K2GeSnI6,chi_B_avg,1.985,-0.0193757167118933
direct_000878,Na2GeSnCl6,chi_B_avg,1.985,-0.0228464414730319
direct_000879,K2GeSnCl6,chi_B_avg,1.985,-0.0228773024089969
direct_000880,Li2GeSnCl6,chi_B_avg,1.985,-0.0223797347825476
direct_000881,Li2GeSnBr6,chi_B_avg,1.985,-0.0194390954022041
direct_000882,Li2GeSnI6,chi_B_avg,1.985,-0.011257374274866
direct_000883,Rb2GeSnI6,chi_B_avg,1.985,-0.0198569043689011
direct_000884,Cs2GeSnI6,chi_B_avg,1.985,-0.0189987366741097
direct_000001,Al2OSnCl6,chi_B1,3.44,-0.054954951045537
direct_000002,S2NAlCl6,chi_B1,3.04,-0.0424199864424605
direct_000003,Cs2AgAsBr6,chi_B1,1.93,-0.0985496595910496
direct_000004,Cs2AgAsCl6,chi_B1,1.93,-0.0907343558836304
direct_000005,Cs2AgAuCl6,chi_B1,1.93,-0.111178657059234
direct_000006,Cs2AgBiBr6,chi_B1,1.93,-0.0855406443915701
direct_000007,Cs2AgBiCl6,chi_B1,1.93,-0.0829070595141787
direct_000008,Cs2AgBiI6,chi_B1,1.93,-0.0771187770659183
direct_000009,Cs2AgMoBr6,chi_B1,1.93,-0.0338327760621799
direct_000010,Cs2AgMoCl6,chi_B1,1.93,-0.0231006100353435
direct_000011,Cs2AgSbBr6,chi_B1,1.93,-0.077162286880423
direct_000012,Cs2AgSbCl6,chi_B1,1.93,-0.0690406590548424
direct_000013,Cs2AgSbI6,chi_B1,1.93,-0.0691422116627189
direct_000014,Cs2AgAlBr6,chi_B1,1.93,0.0055813898052318
direct_000015,Cs2AgAlCl6,chi_B1,1.93,0.0061143448008922
direct_000016,Cs2AlAuCl6,chi_B1,1.61,0.0789064152988174
direct_000017,Cs2CuAlCl6,chi_B1,1.9,-0.0251259006705122
direct_000018,Cs2InAlBr6,chi_B1,1.78,-0.0245186574259034
direct_000019,Cs2InAlCl6,chi_B1,1.78,-0.0272349251925223
direct_000020,Cs2InAlI6,chi_B1,1.78,-0.0155352390850419
direct_000021,Cs2TlAlBr6,chi_B1,1.62,-0.0201051990307487
direct_000022,Cs2TlAlCl6,chi_B1,1.62,-0.0192530358928071
direct_000023,Cs2TlAlI6,chi_B1,1.62,-0.0146802166418558
direct_000024,Cs2AsAuCl6,chi_B1,2.18,-0.1152048262275045
direct_000025,Cs2BrAsCl6,chi_B1,2.96,-0.1151288738661474
direct_000026,Cs2BiAuBr6,chi_B1,2.02,-0.1349075842108378
direct_000027,Cs2BiAuCl6,chi_B1,2.02,-0.1352099551009111
direct_000028,Cs2FBrCl6,chi_B1,3.98,0.0105085049603748
direct_000029,Cs2CaSnCl6,chi_B1,1.0,0.0617774406068499
direct_000030,Cs2AgCeBr6,chi_B1,1.93,-0.1015711141801561
direct_000031,Cs2AgCeCl6,chi_B1,1.93,-0.0990276655653137
direct_000032,Cs2AgCeI6,chi_B1,1.93,-0.0858917676668632
direct_000033,Cs2CuCeCl6,chi_B1,1.9,-0.0815041542363963
direct_000034,Cs2CuCeI6,chi_B1,1.9,-0.0749890385469663
direct_000035,Cs2CuAsCl6,chi_B1,1.9,-0.0744285373338288
direct_000036,Cs2CuBiBr6,chi_B1,1.9,-0.082391986905492
direct_000037,Cs2CuBiCl6,chi_B1,1.9,-0.0784767251750361
direct_000038,Cs2CuBiI6,chi_B1,1.9,-0.0750273064315693
direct_000039,Cs2CuMoBr6,chi_B1,1.9,-0.0430452707363538
direct_000040,Cs2CuMoCl6,chi_B1,1.9,-0.029480719341799
direct_000041,Cs2CuMoI6,chi_B1,1.9,-0.0519247252150846
direct_000042,Cs2CuSbBr6,chi_B1,1.9,-0.0769314686487746
direct_000043,Cs2CuSbCl6,chi_B1,1.9,-0.0742057433604835
direct_000044,Cs2CuSbI6,chi_B1,1.9,-0.0764692277029245
direct_000045,Cs2AuDyCl6,chi_B1,2.54,-0.1365968954101158
direct_000046,Cs2CuDyCl6,chi_B1,1.9,-0.105777133494468
direct_000047,Cs2AuErCl6,chi_B1,2.54,-0.1384115128066761
direct_000048,Cs2CuErCl6,chi_B1,1.9,-0.1075672111547688
direct_000049,Cs2AgGaBr6,chi_B1,1.93,0.0056697979314161
direct_000050,Cs2AgGaCl6,chi_B1,1.93,0.0273318598368545
direct_000051,Cs2AuGdCl6,chi_B1,2.54,-0.135062981569321
direct_000052,Cs2HgPdCl6,chi_B1,2.0,-0.0669592043805281
direct_000053,Cs2IBrCl6,chi_B1,2.66,-0.0602028392576137
direct_000054,Cs2FICl6,chi_B1,3.98,0.0035873690643074
direct_000055,Cs2AgInBr6,chi_B1,1.93,0.0165156755764665
direct_000056,Cs2AgInCl6,chi_B1,1.93,0.0183176537766767
direct_000057,Cs2InAsBr6,chi_B1,1.78,0.0683487860678233
direct_000058,Cs2InAsCl6,chi_B1,1.78,0.0542946275000576
direct_000059,Cs2InAsI6,chi_B1,1.78,0.0636963449974987
direct_000060,Cs2InBiBr6,chi_B1,1.78,0.1008859053938129
direct_000061,Cs2InBiCl6,chi_B1,1.78,0.0997809691017338
direct_000062,Cs2InBiI6,chi_B1,1.78,0.0946743142608351
direct_000063,Cs2InGaBr6,chi_B1,1.78,-0.0246223454132629
direct_000064,Cs2InGaCl6,chi_B1,1.78,-0.0254048614843649
direct_000065,Cs2InGaI6,chi_B1,1.78,-0.0154473441630202
direct_000066,Cs2InSbBr6,chi_B1,1.78,0.0960188272525473
direct_000067,Cs2InSbCl6,chi_B1,1.78,0.092743740855517
direct_000068,Cs2InSbI6,chi_B1,1.78,0.0686090213009214
direct_000069,Cs2KAlBr6,chi_B1,0.82,0.0519054638304603
direct_000070,Cs2KAlCl6,chi_B1,0.82,0.0502481011764476
direct_000071,Cs2KAlI6,chi_B1,0.82,0.0588111211692747
direct_000072,Cs2KAsBr6,chi_B1,0.82,0.0636621183329785
direct_000073,Cs2KAsCl6,chi_B1,0.82,0.0689485596830273
direct_000074,Cs2KAsI6,chi_B1,0.82,0.0314678047464768
direct_000075,Cs2KAuCl6,chi_B1,0.82,0.0463165193649883
direct_000076,Cs2KBiBr6,chi_B1,0.82,0.0791613302444949
direct_000077,Cs2KBiCl6,chi_B1,0.82,0.0699209498712848
direct_000078,Cs2KBiI6,chi_B1,0.82,0.0568807573194651
direct_000079,Cs2KCeBr6,chi_B1,0.82,0.0400649251593467
direct_000080,Cs2KCeCl6,chi_B1,0.82,0.0393145661208845
direct_000081,Cs2KCeI6,chi_B1,0.82,0.0368793197158903
direct_000082,Cs2KCrCl6,chi_B1,0.82,0.0625325967798485
direct_000083,Cs2KDyCl6,chi_B1,0.82,0.076133250984917
direct_000084,Cs2KGaBr6,chi_B1,0.82,0.0619023685417151
direct_000085,Cs2KGaCl6,chi_B1,0.82,0.0544966371554519
direct_000086,Cs2KGaI6,chi_B1,0.82,0.0600921342549474
direct_000087,Cs2KHoCl6,chi_B1,0.82,0.0762596737192002
direct_000088,Cs2KInBr6,chi_B1,0.82,0.0719310431871808
direct_000089,Cs2KInCl6,chi_B1,0.82,0.0615346738741428
direct_000090,Cs2KInI6,chi_B1,0.82,0.0653737646593145
direct_000091,Cs2KLaCl6,chi_B1,0.82,0.0687853990058531
direct_000092,Cs2KLuCl6,chi_B1,0.82,0.0746105662245718
direct_000093,Cs2KMoBr6,chi_B1,0.82,0.061437196073162
direct_000094,Cs2KMoCl6,chi_B1,0.82,0.0587217873912882
direct_000095,Cs2KMoI6,chi_B1,0.82,0.0464840738040719
direct_000096,Cs2KNdBr6,chi_B1,0.82,0.0746860684660002
direct_000097,Cs2KNdCl6,chi_B1,0.82,0.0738205008816942
direct_000098,Cs2KNdI6,chi_B1,0.82,0.0691203821191782
direct_000099,Cs2KPrBr6,chi_B1,0.82,0.0747530081164537
direct_000100,Cs2KPrCl6,chi_B1,0.82,0.0738153046150941
direct_000101,Cs2KPrI6,chi_B1,0.82,0.0693271716109246
direct_000102,Cs2KSbBr6,chi_B1,0.82,0.0851349403873646
direct_000103,Cs2KSbCl6,chi_B1,0.82,0.0760546368237189
direct_000104,Cs2KSbI6,chi_B1,0.82,0.0638882819269549
direct_000105,Cs2KScBr6,chi_B1,0.82,0.0321170887609085
direct_000106,Cs2KScCl6,chi_B1,0.82,0.0320651855358395
direct_000107,Cs2KScI6,chi_B1,0.82,0.033663846967798
direct_000108,Cs2KSmCl6,chi_B1,0.82,0.0766259085272809
direct_000109,Cs2KTbCl6,chi_B1,0.82,0.0724920983066393
direct_000110,Cs2KTlBr6,chi_B1,0.82,0.076971651683341
direct_000111,Cs2KTlCl6,chi_B1,0.82,0.0774913234796398
direct_000112,Cs2KTlI6,chi_B1,0.82,0.0792267774879065
direct_000113,Cs2KYBr6,chi_B1,0.82,0.0671506818646138
direct_000114,Cs2KYCl6,chi_B1,0.82,0.0663987578774481
direct_000115,Cs2KYI6,chi_B1,0.82,0.0545945876332413
direct_000116,Cs2AgLaCl6,chi_B1,1.93,-0.1177648165897023
direct_000117,Cs2AuLaCl6,chi_B1,2.54,-0.1364707342913003
direct_000118,Cs2CuLaCl6,chi_B1,1.9,-0.1010475724642261
direct_000119,Cs2LiBiBr6,chi_B1,0.98,0.0277818380989376
direct_000120,Cs2LiBiCl6,chi_B1,0.98,0.0277873561837099
direct_000121,Cs2LiBiI6,chi_B1,0.98,0.0250127007976688
direct_000122,Cs2LiCeBr6,chi_B1,0.98,0.0276922527874593
direct_000123,Cs2LiCeI6,chi_B1,0.98,0.0284930351860917
direct_000124,Cs2LiDyCl6,chi_B1,0.98,0.0688313294556762
direct_000125,Cs2LiErCl6,chi_B1,0.98,0.068485050922556
direct_000126,Cs2LiGdCl6,chi_B1,0.98,0.0686795726547818
direct_000127,Cs2LiInBr6,chi_B1,0.98,0.0610391833436169
direct_000128,Cs2LiInCl6,chi_B1,0.98,0.0540844370572131
direct_000129,Cs2LiLaBr6,chi_B1,0.98,0.0601745370961556
direct_000130,Cs2LiLaCl6,chi_B1,0.98,0.0588058616107483
direct_000131,Cs2LiLuCl6,chi_B1,0.98,0.068398361356098
direct_000132,Cs2LiMoBr6,chi_B1,0.98,0.0445527722989156
direct_000133,Cs2LiMoCl6,chi_B1,0.98,0.0295105296465493
direct_000134,Cs2LiMoI6,chi_B1,0.98,0.0536713871133223
direct_000135,Cs2LiNdBr6,chi_B1,0.98,0.0659775410273787
direct_000136,Cs2LiNdCl6,chi_B1,0.98,0.06504464739733
direct_000137,Cs2LiNdI6,chi_B1,0.98,0.0757404822631802
direct_000138,Cs2LiPrBr6,chi_B1,0.98,0.0659197828014995
direct_000139,Cs2LiPrCl6,chi_B1,0.98,0.0650255297502649
direct_000140,Cs2LiPrI6,chi_B1,0.98,0.0756931467524954
direct_000141,Cs2LiSbBr6,chi_B1,0.98,0.0212612159260935
direct_000142,Cs2LiSbCl6,chi_B1,0.98,0.020705739377413
direct_000143,Cs2LiSbI6,chi_B1,0.98,0.0241149352069557
direct_000144,Cs2LiScCl6,chi_B1,0.98,0.0652644147800776
direct_000145,Cs2LiSmCl6,chi_B1,0.98,0.0662081998352539
direct_000146,Cs2LiTbCl6,chi_B1,0.98,0.0655429547972279
direct_000147,Cs2LiTlBr6,chi_B1,0.98,0.078133659100489
direct_000148,Cs2LiTlCl6,chi_B1,0.98,0.0676039505480641
direct_000149,Cs2LiTmCl6,chi_B1,0.98,0.0686445202327731
direct_000150,Cs2LiYBr6,chi_B1,0.98,0.0608506881538314
direct_000151,Cs2LiYCl6,chi_B1,0.98,0.060232228152305
direct_000152,Cs2LiYI6,chi_B1,0.98,0.0676749148315107
direct_000153,Cs2AgLuCl6,chi_B1,1.93,-0.1007973279185683
direct_000154,Cs2NaAlCl6,chi_B1,0.93,0.0438173672871233
direct_000155,Cs2NaAsBr6,chi_B1,0.93,0.0236507850634698
direct_000156,Cs2NaAsCl6,chi_B1,0.93,0.0232733234051856
direct_000157,Cs2NaBiBr6,chi_B1,0.93,0.0260500123363588
direct_000158,Cs2NaBiCl6,chi_B1,0.93,0.0257786449184474
direct_000159,Cs2NaBiI6,chi_B1,0.93,0.0233389475827179
direct_000160,Cs2NaCeCl6,chi_B1,0.93,0.0243720292887409
direct_000161,Cs2NaCeI6,chi_B1,0.93,0.0257567985855298
direct_000162,Cs2NaCrCl6,chi_B1,0.93,0.0622729425640759
direct_000163,Cs2NaDyCl6,chi_B1,0.93,0.0672331501657307
direct_000164,Cs2NaErCl6,chi_B1,0.93,0.0669561668001935
direct_000165,Cs2NaGaBr6,chi_B1,0.93,0.0539765506894562
direct_000166,Cs2NaGaCl6,chi_B1,0.93,0.0475956279558826
direct_000167,Cs2NaGdCl6,chi_B1,0.93,0.0674849854545588
direct_000168,Cs2NaHoCl6,chi_B1,0.93,0.0670338894773283
direct_000169,Cs2NaInBr6,chi_B1,0.93,0.0640084851450216
direct_000170,Cs2NaInCl6,chi_B1,0.93,0.0538082253922513
direct_000171,Cs2NaInI6,chi_B1,0.93,0.0587441965824781
direct_000172,Cs2NaLaBr6,chi_B1,0.93,0.0606511442016176
direct_000173,Cs2NaLaCl6,chi_B1,0.93,0.0612579879404842
direct_000174,Cs2NaLuCl6,chi_B1,0.93,0.065740110799218
direct_000175,Cs2NaMoBr6,chi_B1,0.93,0.0488192866068884
direct_000176,Cs2NaMoCl6,chi_B1,0.93,0.0406430866693255
direct_000177,Cs2NaMoI6,chi_B1,0.93,0.0546101200878412
direct_000178,Cs2NaNdBr6,chi_B1,0.93,0.0675692050264732
direct_000179,Cs2NaNdCl6,chi_B1,0.93,0.0670886014295179
direct_000180,Cs2NaPrBr6,chi_B1,0.93,0.0677072364637714
direct_000181,Cs2NaPrCl6,chi_B1,0.93,0.0673220141138276
direct_000182,Cs2NaPrI6,chi_B1,0.93,0.0772323823277413
direct_000183,Cs2NaSbBr6,chi_B1,0.93,0.0279051618237168
direct_000184,Cs2NaSbCl6,chi_B1,0.93,0.0261007477290206
direct_000185,Cs2NaSbI6,chi_B1,0.93,0.0260627921261293
direct_000186,Cs2NaScBr6,chi_B1,0.93,0.0212088474504901
direct_000187,Cs2NaScCl6,chi_B1,0.93,0.0226025847085596
direct_000188,Cs2NaScI6,chi_B1,0.93,0.0223253243916866
direct_000189,Cs2NaSmCl6,chi_B1,0.93,0.0671132075635146
direct_000190,Cs2NaTbCl6,chi_B1,0.93,0.0642540413747543
direct_000191,Cs2NaTlBr6,chi_B1,0.93,0.0694678925634906
direct_000192,Cs2NaTlCl6,chi_B1,0.93,0.0671001639515829
direct_000193,Cs2NaTlI6,chi_B1,0.93,0.0522203012301445
direct_000194,Cs2NaTmCl6,chi_B1,0.93,0.0670369527355202
direct_000195,Cs2NaUBr6,chi_B1,0.93,0.0414403311456036
direct_000196,Cs2NaUCl6,chi_B1,0.93,0.0375781919150092
direct_000197,Cs2NaYBr6,chi_B1,0.93,0.0590320782644426
direct_000198,Cs2NaYCl6,chi_B1,0.93,0.0570412403956204
direct_000199,Cs2NaYI6,chi_B1,0.93,0.0658702966232139
direct_000200,Cs2AgNdBr6,chi_B1,1.93,-0.1191639452885096
direct_000201,Cs2AgNdCl6,chi_B1,1.93,-0.1202315537350887
direct_000202,Cs2AgNdI6,chi_B1,1.93,-0.1015356948394592
direct_000203,Cs2AuNdCl6,chi_B1,2.54,-0.1366821536893444
direct_000204,Cs2CuNdBr6,chi_B1,1.9,-0.1037467138111222
direct_000205,Cs2CuNdI6,chi_B1,1.9,-0.09405925979916
direct_000206,Cs2AgPrCl6,chi_B1,1.93,-0.1209978692142314
direct_000207,Cs2AgPrI6,chi_B1,1.93,-0.1009616544404207
direct_000208,Cs2AuPrCl6,chi_B1,2.54,-0.1371701147789868
direct_000209,Cs2CuPrBr6,chi_B1,1.9,-0.1029657705630616
direct_000210,Cs2CuPrCl6,chi_B1,1.9,-0.105229839876452
direct_000211,Cs2CuPrI6,chi_B1,1.9,-0.0923850698504388
direct_000212,Cs2RbAlBr6,chi_B1,0.82,0.0581933198651936
direct_000213,Cs2RbAlCl6,chi_B1,0.82,0.0584776366977022
direct_000214,Cs2RbAlI6,chi_B1,0.82,0.0655052195214529
direct_000215,Cs2RbAsBr6,chi_B1,0.82,0.0749226475380313
direct_000216,Cs2RbAsCl6,chi_B1,0.82,0.0781273216730143
direct_000217,Cs2RbAsI6,chi_B1,0.82,0.0358911599048357
direct_000218,Cs2RbAuCl6,chi_B1,0.82,0.0444279892145434
direct_000219,Cs2RbBiBr6,chi_B1,0.82,0.0840584710130583
direct_000220,Cs2RbBiCl6,chi_B1,0.82,0.0709603055011863
direct_000221,Cs2RbBiI6,chi_B1,0.82,0.0572720213829362
direct_000222,Cs2RbCeCl6,chi_B1,0.82,0.0424787225178228
direct_000223,Cs2RbDyCl6,chi_B1,0.82,0.0832407671020767
direct_000224,Cs2RbErCl6,chi_B1,0.82,0.0836039519337895
direct_000225,Cs2RbGaBr6,chi_B1,0.82,0.0697479644043413
direct_000226,Cs2RbGaCl6,chi_B1,0.82,0.0623999740035574
direct_000227,Cs2RbGaI6,chi_B1,0.82,0.0634083619022725
direct_000228,Cs2RbGdCl6,chi_B1,0.82,0.0831219638501345
direct_000229,Cs2RbInBr6,chi_B1,0.82,0.0777922667918872
direct_000230,Cs2RbInCl6,chi_B1,0.82,0.0664461501539278
direct_000231,Cs2RbInI6,chi_B1,0.82,0.0697297984578372
direct_000232,Cs2RbLaCl6,chi_B1,0.82,0.0709654826317282
direct_000233,Cs2RbLuCl6,chi_B1,0.82,0.0718525338747338
direct_000234,Cs2RbNdCl6,chi_B1,0.82,0.0787978303961981
direct_000235,Cs2RbPrCl6,chi_B1,0.82,0.0787700588107919
direct_000236,Cs2RbSbBr6,chi_B1,0.82,0.0968411242975114
direct_000237,Cs2RbSbCl6,chi_B1,0.82,0.0850040440446052
direct_000238,Cs2RbSbI6,chi_B1,0.82,0.0826019612692066
direct_000239,Cs2RbScBr6,chi_B1,0.82,0.0373035426702591
direct_000240,Cs2RbScCl6,chi_B1,0.82,0.0364133028763714
direct_000241,Cs2RbScI6,chi_B1,0.82,0.0395276886492477
direct_000242,Cs2RbSmCl6,chi_B1,0.82,0.0836167257650552
direct_000243,Cs2RbTbCl6,chi_B1,0.82,0.0766661059933775
direct_000244,Cs2RbTlBr6,chi_B1,0.82,0.0837356459196356
direct_000245,Cs2RbTlCl6,chi_B1,0.82,0.0827768755887736
direct_000246,Cs2RbTlI6,chi_B1,0.82,0.0862251719084504
direct_000247,Cs2RbTmCl6,chi_B1,0.82,0.0824516366495074
direct_000248,Cs2RbYBr6,chi_B1,0.82,0.0730663255849453
direct_000249,Cs2RbYCl6,chi_B1,0.82,0.0711249050380122
direct_000250,Cs2RbYI6,chi_B1,0.82,0.0575556303939883
direct_000251,Cs2AuSbBr6,chi_B1,2.54,-0.1465096508484711
direct_000252,Cs2AuSbCl6,chi_B1,2.54,-0.153468535866614
direct_000253,Cs2AgScBr6,chi_B1,1.93,-0.0795868171478032
direct_000254,Cs2AgScCl6,chi_B1,1.93,-0.0674258157887201
direct_000255,Cs2AgScI6,chi_B1,1.93,-0.0801151513667328
direct_000256,Cs2AuScBr6,chi_B1,2.54,-0.1401031220283173
direct_000257,Cs2AuScCl6,chi_B1,2.54,-0.1401643688884507
direct_000258,Cs2AuScI6,chi_B1,2.54,-0.1111260391106226
direct_000259,Cs2CuScCl6,chi_B1,1.9,-0.0738150287137715
direct_000260,Cs2InScBr6,chi_B1,1.78,0.0823582467268146
direct_000261,Cs2InScCl6,chi_B1,1.78,0.0793201076902005
direct_000262,Cs2InScI6,chi_B1,1.78,0.0802011888034484
direct_000263,Cs2TlScBr6,chi_B1,1.62,0.0695022897671222
direct_000264,Cs2TlScCl6,chi_B1,1.62,0.0678745962980388
direct_000265,Cs2TlScI6,chi_B1,1.62,0.0370043784787721
direct_000266,Cs2AuSmCl6,chi_B1,2.54,-0.1356586093753972
direct_000267,Cs2CuSmCl6,chi_B1,1.9,-0.1067151397629317
direct_000268,Cs2AuTbCl6,chi_B1,2.54,-0.1366517596327086
direct_000269,Cs2CuTbCl6,chi_B1,1.9,-0.1074521638106876
direct_000270,Cs2TlAsBr6,chi_B1,1.62,0.0869363703938681
direct_000271,Cs2TlAsCl6,chi_B1,1.62,0.0803482736529872
direct_000272,Cs2TlAsI6,chi_B1,1.62,0.0832734486499866
direct_000273,Cs2TlBiBr6,chi_B1,1.62,0.1030921954192148
direct_000274,Cs2TlBiCl6,chi_B1,1.62,0.0999451709916817
direct_000275,Cs2TlBiI6,chi_B1,1.62,0.0987877128099914
direct_000276,Cs2TlGaBr6,chi_B1,1.62,-0.0170114026048362
direct_000277,Cs2TlGaCl6,chi_B1,1.62,-0.0170436458676291
direct_000278,Cs2TlGaI6,chi_B1,1.62,-0.0138557515454655
direct_000279,Cs2TlInBr6,chi_B1,1.62,-0.013278528587378
direct_000280,Cs2TlInCl6,chi_B1,1.62,-0.0121470344123627
direct_000281,Cs2TlInI6,chi_B1,1.62,-0.0163703372340455
direct_000282,Cs2TlSbBr6,chi_B1,1.62,0.1041154661627296
direct_000283,Cs2TlSbCl6,chi_B1,1.62,0.102055369342209
direct_000284,Cs2TlSbI6,chi_B1,1.62,0.0954313322455117
direct_000285,Cs2CuTmCl6,chi_B1,1.9,-0.1068245102352052
direct_000286,Cs2AgYBr6,chi_B1,1.93,-0.1057897961865483
direct_000287,Cs2AgYCl6,chi_B1,1.93,-0.1068226471616618
direct_000288,Cs2AgYI6,chi_B1,1.93,-0.0968948259910574
direct_000289,Cs2AuYBr6,chi_B1,2.54,-0.140014971645632
direct_000290,Cs2AuYCl6,chi_B1,2.54,-0.1392203256744606
direct_000291,Cs2AuYI6,chi_B1,2.54,-0.1179041236408594
direct_000292,Cs2CuYBr6,chi_B1,1.9,-0.1064065249518463
direct_000293,Cs2CuYCl6,chi_B1,1.9,-0.1058608761981677
direct_000294,Cs2CuYI6,chi_B1,1.9,-0.1056115810378494
direct_000295,Cs2InYBr6,chi_B1,1.78,0.0910425332852284
direct_000296,Cs2InYCl6,chi_B1,1.78,0.0758184922656323
direct_000297,Cs2InYI6,chi_B1,1.78,0.0725816408643038
direct_000298,Cs2TlYBr6,chi_B1,1.62,0.0660962314189716
direct_000299,Cs2TlYCl6,chi_B1,1.62,0.0599470119369268
direct_000300,Cs2TlYI6,chi_B1,1.62,0.0646103378670767
direct_000301,K2CsAlBr6,chi_B1,0.79,0.0584954346734417
direct_000302,K2CsAlCl6,chi_B1,0.79,0.0537189934729374
direct_000303,K2CsAlI6,chi_B1,0.79,0.0648340443502078
direct_000304,K2CsAsBr6,chi_B1,0.79,0.074117162796861
direct_000305,K2CsAsCl6,chi_B1,0.79,0.067412716927586
direct_000306,K2CsBiCl6,chi_B1,0.79,0.0543115079545166
direct_000307,K2CsGaCl6,chi_B1,0.79,0.0585637765296254
direct_000308,K2CsInCl6,chi_B1,0.79,0.0632802378186815
direct_000309,K2CsSbCl6,chi_B1,0.79,0.0523687272219733
direct_000310,K2CsScCl6,chi_B1,0.79,0.0286962781918973
direct_000311,Mn2CsRbCl6,chi_B1,0.79,0.0463148931971073
direct_000312,Rb2CsAlBr6,chi_B1,0.79,0.0585179798283985
direct_000313,Rb2CsAlCl6,chi_B1,0.79,0.0569228897588732
direct_000314,Rb2CsAlI6,chi_B1,0.79,0.0647966845238451
direct_000315,Rb2CsAsBr6,chi_B1,0.79,0.0743798794208772
direct_000316,Rb2CsAsCl6,chi_B1,0.79,0.0679947743702531
direct_000317,Rb2CsAsI6,chi_B1,0.79,0.0430271091972976
direct_000318,Rb2CsAuCl6,chi_B1,0.79,0.0473675818659049
direct_000319,Rb2CsDyCl6,chi_B1,0.79,0.0809380938280579
direct_000320,Rb2CsErCl6,chi_B1,0.79,0.0813358373335365
direct_000321,Rb2CsGaBr6,chi_B1,0.79,0.0671583797773966
direct_000322,Rb2CsGaCl6,chi_B1,0.79,0.0591783401554004
direct_000323,Rb2CsGaI6,chi_B1,0.79,0.0636695258544608
direct_000324,Rb2CsGdCl6,chi_B1,0.79,0.0813042892334457
direct_000325,Rb2CsInBr6,chi_B1,0.79,0.0667081464653047
direct_000326,Rb2CsInCl6,chi_B1,0.79,0.0633042021878848
direct_000327,Rb2CsLuCl6,chi_B1,0.79,0.0802899949141059
direct_000328,Rb2CsSbCl6,chi_B1,0.79,0.0524152447780718
direct_000329,Rb2CsScBr6,chi_B1,0.79,0.0388845411183576
direct_000330,Rb2CsScCl6,chi_B1,0.79,0.0361874058503726
direct_000331,Rb2CsTbCl6,chi_B1,0.79,0.0741365421632548
direct_000332,Rb2CsTlBr6,chi_B1,0.79,0.0806045715179348
direct_000333,Rb2CsTmCl6,chi_B1,0.79,0.0816649139743603
direct_000334,Rb2CsYBr6,chi_B1,0.79,0.0700345452515723
direct_000335,Rb2CsYCl6,chi_B1,0.79,0.0692787296086662
direct_000336,O2GaReCl6,chi_B1,1.81,-0.0364215597339433
direct_000337,Se2NGaCl6,chi_B1,3.04,-0.0312478656635056
direct_000338,K2AgAsBr6,chi_B1,1.93,-0.098848986647789
direct_000339,K2AgAsCl6,chi_B1,1.93,-0.0919504945260622
direct_000340,K2AgBiBr6,chi_B1,1.93,-0.0868958346981746
direct_000341,K2AgBiCl6,chi_B1,1.93,-0.0849701839154697
direct_000342,K2AgBiI6,chi_B1,1.93,-0.0759791865933309
direct_000343,K2AgMoBr6,chi_B1,1.93,-0.0340854226845154
direct_000344,K2AgMoCl6,chi_B1,1.93,-0.024149201517153
direct_000345,K2AgMoI6,chi_B1,1.93,-0.0297915053413629
direct_000346,K2AgSbBr6,chi_B1,1.93,-0.0770832334877714
direct_000347,K2AgSbCl6,chi_B1,1.93,-0.071603310529024
direct_000348,K2AgSbI6,chi_B1,1.93,-0.0706987127857088
direct_000349,K2AgAlBr6,chi_B1,1.93,0.0049073259270247
direct_000350,K2AgAlCl6,chi_B1,1.93,0.0077429738183919
direct_000351,K2AlAuCl6,chi_B1,1.61,0.0863554944952497
direct_000352,K2InAlBr6,chi_B1,1.78,-0.0238686925703375
direct_000353,K2InAlCl6,chi_B1,1.78,-0.0281272709320672
direct_000354,K2InAlI6,chi_B1,1.78,-0.015528453572031
direct_000355,K2TlAlBr6,chi_B1,1.62,-0.0203882778065754
direct_000356,K2TlAlCl6,chi_B1,1.62,-0.0198915911522689
direct_000357,K2TlAlI6,chi_B1,1.62,-0.0142320306507998
direct_000358,K2AsAuBr6,chi_B1,2.18,-0.1142613617400321
direct_000359,K2AsAuCl6,chi_B1,2.18,-0.1209007623895814
direct_000360,K2BiAuBr6,chi_B1,2.02,-0.1348309643510514
direct_000361,K2BiAuCl6,chi_B1,2.02,-0.1396498036398884
direct_000362,K2FBrCl6,chi_B1,3.98,0.0092422928293343
direct_000363,K2AgCeBr6,chi_B1,1.93,-0.1014157487868444
direct_000364,K2AgCeCl6,chi_B1,1.93,-0.0985442603380009
direct_000365,K2AgCeI6,chi_B1,1.93,-0.0914878617910107
direct_000366,K2AuCeCl6,chi_B1,2.54,-0.1246393987039526
direct_000367,K2CuCeBr6,chi_B1,1.9,-0.0825434856548618
direct_000368,K2CuCeCl6,chi_B1,1.9,-0.0804716426551702
direct_000369,K2CuCeI6,chi_B1,1.9,-0.0791345643188169
direct_000370,K2CuBiBr6,chi_B1,1.9,-0.0829070990709257
direct_000371,K2CuBiCl6,chi_B1,1.9,-0.0800007229049647
direct_000372,K2CuBiI6,chi_B1,1.9,-0.0748242146794875
direct_000373,K2CuMoBr6,chi_B1,1.9,-0.0412747390183877
direct_000374,K2CuMoCl6,chi_B1,1.9,-0.0294892516963411
direct_000375,K2CuMoI6,chi_B1,1.9,-0.051178309891166
direct_000376,K2CuSbBr6,chi_B1,1.9,-0.0765853642273043
direct_000377,K2CuSbCl6,chi_B1,1.9,-0.0738937789452104
direct_000378,K2CuSbI6,chi_B1,1.9,-0.0771091193906758
direct_000379,K2AgDyCl6,chi_B1,1.93,-0.1175622847322993
direct_000380,K2AuDyCl6,chi_B1,2.54,-0.1410821225306169
direct_000381,K2CuDyCl6,chi_B1,1.9,-0.1057204991304662
direct_000382,K2AgErCl6,chi_B1,1.93,-0.1060894653460686
direct_000383,K2AuErCl6,chi_B1,2.54,-0.1423997675723221
direct_000384,K2CuErCl6,chi_B1,1.9,-0.1066227040542509
direct_000385,K2AgGaCl6,chi_B1,1.93,0.027776482304258
direct_000386,K2AuGdCl6,chi_B1,2.54,-0.1392375113598798
direct_000387,K2CuGdCl6,chi_B1,1.9,-0.1070354390478965
direct_000388,K2AgInBr6,chi_B1,1.93,0.0157824413949208
direct_000389,K2AgInCl6,chi_B1,1.93,0.0205389550407488
direct_000390,K2InAsBr6,chi_B1,1.78,0.0679094532643423
direct_000391,K2InAsCl6,chi_B1,1.78,0.0569986476768137
direct_000392,K2InGaBr6,chi_B1,1.78,-0.0239006020779273
direct_000393,K2InGaCl6,chi_B1,1.78,-0.0262178685190754
direct_000394,K2InGaI6,chi_B1,1.78,-0.0152475351259448
direct_000395,K2InSbBr6,chi_B1,1.78,0.0950652619378192
direct_000396,K2InSbCl6,chi_B1,1.78,0.0946773506006772
direct_000397,K2InSbI6,chi_B1,1.78,0.0709609521715186
direct_000398,K2AgLaCl6,chi_B1,1.93,-0.1171987258021323
direct_000399,K2AuLaCl6,chi_B1,2.54,-0.1377806841207935
direct_000400,K2CuLaCl6,chi_B1,1.9,-0.099325923663198
direct_000401,K2LiBiBr6,chi_B1,0.98,0.028417564697151
direct_000402,K2LiBiCl6,chi_B1,0.98,0.0275814440156111
direct_000403,K2LiBiI6,chi_B1,0.98,0.0252104292486657
direct_000404,K2LiCeBr6,chi_B1,0.98,0.0274750400997803
direct_000405,K2LiCeCl6,chi_B1,0.98,0.0261387152803129
direct_000406,K2LiCeI6,chi_B1,0.98,0.0290022905447333
direct_000407,K2LiDyCl6,chi_B1,0.98,0.0688542531935787
direct_000408,K2LiErCl6,chi_B1,0.98,0.0684489455075316
direct_000409,K2LiGdCl6,chi_B1,0.98,0.0686958502229796
direct_000410,K2LiInCl6,chi_B1,0.98,0.0536517661665021
direct_000411,K2LiLaCl6,chi_B1,0.98,0.0571596321453998
direct_000412,K2LiLuCl6,chi_B1,0.98,0.068834067740673
direct_000413,K2LiMoBr6,chi_B1,0.98,0.0436713061323219
direct_000414,K2LiMoCl6,chi_B1,0.98,0.0193943875308008
direct_000415,K2LiMoI6,chi_B1,0.98,0.0533522451296767
direct_000416,K2LiNdBr6,chi_B1,0.98,0.0660523414174645
direct_000417,K2LiNdCl6,chi_B1,0.98,0.0649520678523706
direct_000418,K2LiNdI6,chi_B1,0.98,0.0780257566350391
direct_000419,K2LiPrBr6,chi_B1,0.98,0.0659944956937434
direct_000420,K2LiPrCl6,chi_B1,0.98,0.0647827489111753
direct_000421,K2LiPrI6,chi_B1,0.98,0.0778798602484932
direct_000422,K2LiSbBr6,chi_B1,0.98,0.0210602186332747
direct_000423,K2LiSbCl6,chi_B1,0.98,0.0193229744398914
direct_000424,K2LiSbI6,chi_B1,0.98,0.0250070698234427
direct_000425,K2LiScCl6,chi_B1,0.98,0.0573342897537574
direct_000426,K2LiSmCl6,chi_B1,0.98,0.0661571674706542
direct_000427,K2LiTbCl6,chi_B1,0.98,0.0655164169995951
direct_000428,K2LiTlBr6,chi_B1,0.98,0.0793336105180339
direct_000429,K2LiTlCl6,chi_B1,0.98,0.0678861805841064
direct_000430,K2LiTmCl6,chi_B1,0.98,0.068548447791515
direct_000431,K2LiYBr6,chi_B1,0.98,0.0600468500554623
direct_000432,K2LiYCl6,chi_B1,0.98,0.0594902892381931
direct_000433,K2LiYI6,chi_B1,0.98,0.0689527700231638
direct_000434,K2AgLuCl6,chi_B1,1.93,-0.1023562551917477
direct_000435,K2AuLuCl6,chi_B1,2.54,-0.1405485587459098
direct_000436,K2CuLuCl6,chi_B1,1.9,-0.1038272592310272
direct_000437,K2NaAlCl6,chi_B1,0.93,0.0406067682490576
direct_000438,K2NaAsBr6,chi_B1,0.93,0.0206142393940774
direct_000439,K2NaAsCl6,chi_B1,0.93,0.0186106736201594
direct_000440,K2NaBiBr6,chi_B1,0.93,0.0264528555045216
direct_000441,K2NaBiCl6,chi_B1,0.93,0.0259396618862874
direct_000442,K2NaBiI6,chi_B1,0.93,0.0222910778505399
direct_000443,K2NaCeBr6,chi_B1,0.93,0.0240077564109203
direct_000444,K2NaCeCl6,chi_B1,0.93,0.0238805732327769
direct_000445,K2NaCrCl6,chi_B1,0.93,0.0580991314459016
direct_000446,K2NaDyCl6,chi_B1,0.93,0.0673326444461245
direct_000447,K2NaErCl6,chi_B1,0.93,0.0669235069368062
direct_000448,K2NaGaBr6,chi_B1,0.93,0.0496689533065347
direct_000449,K2NaGaCl6,chi_B1,0.93,0.0454170528237356
direct_000450,K2NaGdCl6,chi_B1,0.93,0.0675639044325934
direct_000451,K2NaInBr6,chi_B1,0.93,0.0638301936948109
direct_000452,K2NaInCl6,chi_B1,0.93,0.0529848967509926
direct_000453,K2NaInI6,chi_B1,0.93,0.0605144838433651
direct_000454,K2NaLaCl6,chi_B1,0.93,0.0601395009253643
direct_000455,K2NaLuCl6,chi_B1,0.93,0.066138928003666
direct_000456,K2NaMoBr6,chi_B1,0.93,0.048392186246332
direct_000457,K2NaMoCl6,chi_B1,0.93,0.0318266271414468
direct_000458,K2NaMoI6,chi_B1,0.93,0.0541761573217564
direct_000459,K2NaNdBr6,chi_B1,0.93,0.0673896806829336
direct_000460,K2NaNdCl6,chi_B1,0.93,0.0667600167755657
direct_000461,K2NaNdI6,chi_B1,0.93,0.0805163344831326
direct_000462,K2NaPrBr6,chi_B1,0.93,0.0675479797199942
direct_000463,K2NaPrCl6,chi_B1,0.93,0.0668707976029143
direct_000464,K2NaPrI6,chi_B1,0.93,0.0805765238949999
direct_000465,K2NaSbBr6,chi_B1,0.93,0.0274060376115603
direct_000466,K2NaSbCl6,chi_B1,0.93,0.0252205400219182
direct_000467,K2NaSbI6,chi_B1,0.93,0.0269126392808521
direct_000468,K2NaScBr6,chi_B1,0.93,0.0168639503006867
direct_000469,K2NaScCl6,chi_B1,0.93,0.0258612788270353
direct_000470,K2NaScI6,chi_B1,0.93,0.0222793012283291
direct_000471,K2NaSmCl6,chi_B1,0.93,0.0671711142306064
direct_000472,K2NaTbCl6,chi_B1,0.93,0.0643081612242586
direct_000473,K2NaTlBr6,chi_B1,0.93,0.0707090011965675
direct_000474,K2NaTlCl6,chi_B1,0.93,0.0674818408652272
direct_000475,K2NaTlI6,chi_B1,0.93,0.0529580656274747
direct_000476,K2NaTmCl6,chi_B1,0.93,0.0669356569769373
direct_000477,K2NaYBr6,chi_B1,0.93,0.0581248474082805
direct_000478,K2NaYCl6,chi_B1,0.93,0.0555831115614225
direct_000479,K2NaYI6,chi_B1,0.93,0.0671600570903414
direct_000480,K2AgNdBr6,chi_B1,1.93,-0.1191674474948983
direct_000481,K2AgNdCl6,chi_B1,1.93,-0.1198145091227048
direct_000482,K2AgNdI6,chi_B1,1.93,-0.1074096966834778
direct_000483,K2AuNdCl6,chi_B1,2.54,-0.1380680636270373
direct_000484,K2CuNdBr6,chi_B1,1.9,-0.103369015966431
direct_000485,K2CuNdCl6,chi_B1,1.9,-0.1040742459591007
direct_000486,K2CuNdI6,chi_B1,1.9,-0.0989846956423242
direct_000487,K2AgPrBr6,chi_B1,1.93,-0.1193010732911856
direct_000488,K2AgPrCl6,chi_B1,1.93,-0.1205630474194507
direct_000489,K2AgPrI6,chi_B1,1.93,-0.1070417607034599
direct_000490,K2AuPrCl6,chi_B1,2.54,-0.1387640351847092
direct_000491,K2CuPrBr6,chi_B1,1.9,-0.1025049939101571
direct_000492,K2CuPrCl6,chi_B1,1.9,-0.1043054197891114
direct_000493,K2CuPrI6,chi_B1,1.9,-0.0974682590002665
direct_000494,K2RbAlBr6,chi_B1,0.82,0.0567403930724583
direct_000495,K2RbAlCl6,chi_B1,0.82,0.0558024115872677
direct_000496,K2RbAlI6,chi_B1,0.82,0.0662028161866553
direct_000497,K2RbAsBr6,chi_B1,0.82,0.0749310045346912
direct_000498,K2RbAsCl6,chi_B1,0.82,0.0744553342039556
direct_000499,K2RbAsI6,chi_B1,0.82,0.0373872759894346
direct_000500,K2RbAuCl6,chi_B1,0.82,0.0477517514947378
direct_000501,K2RbBiBr6,chi_B1,0.82,0.0844219139191046
direct_000502,K2RbBiCl6,chi_B1,0.82,0.0663483571079799
direct_000503,K2RbBiI6,chi_B1,0.82,0.0572730435562332
direct_000504,K2RbCeBr6,chi_B1,0.82,0.041594029570907
direct_000505,K2RbCeCl6,chi_B1,0.82,0.0411230226929493
direct_000506,K2RbCeI6,chi_B1,0.82,0.0399635704994279
direct_000507,K2RbDyCl6,chi_B1,0.82,0.083178562722583
direct_000508,K2RbErCl6,chi_B1,0.82,0.0836775345268209
direct_000509,K2RbGaBr6,chi_B1,0.82,0.0695553333682152
direct_000510,K2RbGaCl6,chi_B1,0.82,0.059845298918193
direct_000511,K2RbGaI6,chi_B1,0.82,0.0661947224254683
direct_000512,K2RbGdCl6,chi_B1,0.82,0.083042916440546
direct_000513,K2RbInBr6,chi_B1,0.82,0.0773321101186556
direct_000514,K2RbInCl6,chi_B1,0.82,0.0632780508998632
direct_000515,K2RbLuCl6,chi_B1,0.82,0.0767654201581777
direct_000516,K2RbMoBr6,chi_B1,0.82,0.0678268524357625
direct_000517,K2RbMoCl6,chi_B1,0.82,0.0620245461055018
direct_000518,K2RbMoI6,chi_B1,0.82,0.0522796524525648
direct_000519,K2RbNdBr6,chi_B1,0.82,0.0792167871293775
direct_000520,K2RbNdCl6,chi_B1,0.82,0.0785249690793088
direct_000521,K2RbNdI6,chi_B1,0.82,0.0754400901705382
direct_000522,K2RbPrBr6,chi_B1,0.82,0.0790434358939223
direct_000523,K2RbPrCl6,chi_B1,0.82,0.0781853517619454
direct_000524,K2RbPrI6,chi_B1,0.82,0.075345275244267
direct_000525,K2RbSbBr6,chi_B1,0.82,0.0966803982829644
direct_000526,K2RbSbCl6,chi_B1,0.82,0.0807335870682453
direct_000527,K2RbSbI6,chi_B1,0.82,0.0866134676331853
direct_000528,K2RbScBr6,chi_B1,0.82,0.0344786615206069
direct_000529,K2RbScCl6,chi_B1,0.82,0.0316086407286181
direct_000530,K2RbTbCl6,chi_B1,0.82,0.0766290183381814
direct_000531,K2RbTlBr6,chi_B1,0.82,0.0839071691214934
direct_000532,K2RbTmCl6,chi_B1,0.82,0.0828058741515
direct_000533,K2RbYBr6,chi_B1,0.82,0.0714654042991274
direct_000534,K2RbYCl6,chi_B1,0.82,0.0659819550299689
direct_000535,K2RbYI6,chi_B1,0.82,0.0659500195047344
direct_000536,K2AuSbBr6,chi_B1,2.54,-0.148690328195081
direct_000537,K2AuSbCl6,chi_B1,2.54,-0.1583304031411201
direct_000538,K2AgScBr6,chi_B1,1.93,-0.0798098529337026
direct_000539,K2AgScCl6,chi_B1,1.93,-0.0520420353535766
direct_000540,K2AgScI6,chi_B1,1.93,-0.0810535894281017
direct_000541,K2AuScBr6,chi_B1,2.54,-0.142601755689499
direct_000542,K2AuScCl6,chi_B1,2.54,-0.143646766418527
direct_000543,K2AuScI6,chi_B1,2.54,-0.1128914653619463
direct_000544,K2CuScCl6,chi_B1,1.9,-0.0640245418320703
direct_000545,K2InScBr6,chi_B1,1.78,0.081475204313453
direct_000546,K2InScCl6,chi_B1,1.78,0.0691753910811878
direct_000547,K2InScI6,chi_B1,1.78,0.0826264292027137
direct_000548,K2TlScBr6,chi_B1,1.62,0.0709471150307337
direct_000549,K2TlScCl6,chi_B1,1.62,0.0691863504536899
direct_000550,K2AgSmCl6,chi_B1,1.93,-0.1209875363254687
direct_000551,K2AuSmCl6,chi_B1,2.54,-0.1377117568723852
direct_000552,K2CuSmCl6,chi_B1,1.9,-0.106048594180336
direct_000553,K2AgTbCl6,chi_B1,1.93,-0.1161458732354056
direct_000554,K2AuTbCl6,chi_B1,2.54,-0.1406545734125617
direct_000555,K2CuTbCl6,chi_B1,1.9,-0.1069117560828314
direct_000556,K2TlAsBr6,chi_B1,1.62,0.0864520526015498
direct_000557,K2TlAsCl6,chi_B1,1.62,0.0825331069490429
direct_000558,K2TlAsI6,chi_B1,1.62,0.0833057916941939
direct_000559,K2TlGaBr6,chi_B1,1.62,-0.0174840285465369
direct_000560,K2TlGaCl6,chi_B1,1.62,-0.0180186024400688
direct_000561,K2TlGaI6,chi_B1,1.62,-0.0134489011328544
direct_000562,K2TlInBr6,chi_B1,1.62,-0.0129946440339455
direct_000563,K2TlInCl6,chi_B1,1.62,-0.0131387489494432
direct_000564,K2TlInI6,chi_B1,1.62,-0.0160493862537022
direct_000565,K2TlSbBr6,chi_B1,1.62,0.1046666066228487
direct_000566,K2TlSbCl6,chi_B1,1.62,0.103624225831614
direct_000567,K2AgTmCl6,chi_B1,1.93,-0.1053186980356698
direct_000568,K2AuTmCl6,chi_B1,2.54,-0.1425933208407236
direct_000569,K2CuTmCl6,chi_B1,1.9,-0.1059780315433888
direct_000570,K2AgYBr6,chi_B1,1.93,-0.1053164945426309
direct_000571,K2AgYCl6,chi_B1,1.93,-0.0966198790629384
direct_000572,K2AgYI6,chi_B1,1.93,-0.1017757956191509
direct_000573,K2AuYBr6,chi_B1,2.54,-0.1418761671772744
direct_000574,K2AuYCl6,chi_B1,2.54,-0.141982740157544
direct_000575,K2AuYI6,chi_B1,2.54,-0.1191516927517988
direct_000576,K2CuYBr6,chi_B1,1.9,-0.1049378700217297
direct_000577,K2CuYCl6,chi_B1,1.9,-0.0959985243085975
direct_000578,K2CuYI6,chi_B1,1.9,-0.1079954692992346
direct_000579,K2InYCl6,chi_B1,1.78,0.059679984966464
direct_000580,K2TlYBr6,chi_B1,1.62,0.062109350348873
direct_000581,Rb2KAlBr6,chi_B1,0.82,0.0517183214481622
direct_000582,Rb2KAlCl6,chi_B1,0.82,0.0479382671300838
direct_000583,Rb2KAlI6,chi_B1,0.82,0.0591573787883298
direct_000584,Rb2KAsBr6,chi_B1,0.82,0.0635129085413783
direct_000585,Rb2KAsCl6,chi_B1,0.82,0.0667627085604611
direct_000586,Rb2KAsI6,chi_B1,0.82,0.0316190476307281
direct_000587,Rb2KAuCl6,chi_B1,0.82,0.0490263692906621
direct_000588,Rb2KDyCl6,chi_B1,0.82,0.0762355193038613
direct_000589,Rb2KErCl6,chi_B1,0.82,0.0766824032504762
direct_000590,Rb2KGaBr6,chi_B1,0.82,0.0617606605743969
direct_000591,Rb2KGaCl6,chi_B1,0.82,0.0523903898924029
direct_000592,Rb2KGaI6,chi_B1,0.82,0.0610501913217459
direct_000593,Rb2KGdCl6,chi_B1,0.82,0.0766614904321782
direct_000594,Rb2KInBr6,chi_B1,0.82,0.0718370865465139
direct_000595,Rb2KInCl6,chi_B1,0.82,0.0579946279942515
direct_000596,Rb2KInI6,chi_B1,0.82,0.0694359598100523
direct_000597,Rb2KLaCl6,chi_B1,0.82,0.0684914372472267
direct_000598,Rb2KLuCl6,chi_B1,0.82,0.0754784526025694
direct_000599,Rb2KScBr6,chi_B1,0.82,0.0313161317488721
direct_000600,Rb2KScCl6,chi_B1,0.82,0.0283065964649088
direct_000601,Rb2KScI6,chi_B1,0.82,0.0362431982482075
direct_000602,Rb2KSmCl6,chi_B1,0.82,0.076541278915556
direct_000603,Rb2KTbCl6,chi_B1,0.82,0.0725076138888683
direct_000604,Rb2KTlBr6,chi_B1,0.82,0.0779422932528449
direct_000605,Rb2KTlCl6,chi_B1,0.82,0.077310145004612
direct_000606,Rb2KTlI6,chi_B1,0.82,0.0790120194415687
direct_000607,Rb2KTmCl6,chi_B1,0.82,0.0764892837451926
direct_000608,Li2CuSbCl6,chi_B1,1.9,-0.0737683423249448
direct_000609,Li2CuInCl6,chi_B1,1.9,-0.048456676622749
direct_000610,Li2CuScCl6,chi_B1,1.9,-0.0563271278805818
direct_000611,Tl2LiScCl6,chi_B1,0.98,0.0565585862452908
direct_000612,Tl2LiInCl6,chi_B1,0.98,0.0309103460704785
direct_000613,Tl2LiYCl6,chi_B1,0.98,0.0369028090383919
direct_000614,O2MoPCl6,chi_B1,2.16,-0.0581167404420631
direct_000615,Na2AgAsBr6,chi_B1,1.93,-0.0988492505799936
direct_000616,Na2AgAsCl6,chi_B1,1.93,-0.0925570122576505
direct_000617,Na2AgSbCl6,chi_B1,1.93,-0.0722529121647322
direct_000618,Na2AgAlBr6,chi_B1,1.93,0.0049358162126606
direct_000619,Na2AgAlCl6,chi_B1,1.93,0.0071182118488809
direct_000620,Na2CuBiBr6,chi_B1,1.9,-0.0830002301410137
direct_000621,Na2CuBiCl6,chi_B1,1.9,-0.0800833188177377
direct_000622,Na2CuSbCl6,chi_B1,1.9,-0.0739619100448094
direct_000623,Na2CuDyCl6,chi_B1,1.9,-0.1059919336592568
direct_000624,Na2CuErCl6,chi_B1,1.9,-0.1068882695487241
direct_000625,Na2CuEuCl6,chi_B1,1.9,-0.1075022492658757
direct_000626,Na2AgGaCl6,chi_B1,1.93,0.0277046148282722
direct_000627,Na2AgInBr6,chi_B1,1.93,0.0157783614891111
direct_000628,Na2AgInCl6,chi_B1,1.93,0.0202700885783606
direct_000629,Na2CuLaCl6,chi_B1,1.9,-0.0993761827606031
direct_000630,Na2LiBiBr6,chi_B1,0.98,0.028417564697151
direct_000631,Na2LiBiCl6,chi_B1,0.98,0.0278210201869536
direct_000632,Na2LiBiI6,chi_B1,0.98,0.025258466817241
direct_000633,Na2LiCeCl6,chi_B1,0.98,0.0261851949350437
direct_000634,Na2LiDyCl6,chi_B1,0.98,0.0689038840112162
direct_000635,Na2LiErCl6,chi_B1,0.98,0.0685140996944764
direct_000636,Na2LiGdCl6,chi_B1,0.98,0.0687602808562083
direct_000637,Na2LiInCl6,chi_B1,0.98,0.0535426490965223
direct_000638,Na2LiLaCl6,chi_B1,0.98,0.0574941209060755
direct_000639,Na2LiLuCl6,chi_B1,0.98,0.0689073420393245
direct_000640,Na2LiNdCl6,chi_B1,0.98,0.0648608757938559
direct_000641,Na2LiPrCl6,chi_B1,0.98,0.0648420759814841
direct_000642,Na2LiSbCl6,chi_B1,0.98,0.0194116726150686
direct_000643,Na2LiScCl6,chi_B1,0.98,0.0575829631580137
direct_000644,Na2LiSmCl6,chi_B1,0.98,0.0662102145797162
direct_000645,Na2LiTbCl6,chi_B1,0.98,0.0655690767722555
direct_000646,Na2LiTlBr6,chi_B1,0.98,0.0793343839468957
direct_000647,Na2LiTlCl6,chi_B1,0.98,0.0679369568077486
direct_000648,Na2LiTmCl6,chi_B1,0.98,0.0686182096020656
direct_000649,Na2LiYBr6,chi_B1,0.98,0.0595005348801152
direct_000650,Na2LiYCl6,chi_B1,0.98,0.0596011055808333
direct_000651,Na2AgLuCl6,chi_B1,1.93,-0.102555609645733
direct_000652,Na2CuLuCl6,chi_B1,1.9,-0.1041022325873949
direct_000653,Na2CuNdCl6,chi_B1,1.9,-0.104379391992138
direct_000654,Na2CuPrCl6,chi_B1,1.9,-0.1046064657841373
direct_000655,Na2AgScCl6,chi_B1,1.93,-0.0543525114863117
direct_000656,Na2CuScCl6,chi_B1,1.9,-0.0554233517077587
direct_000657,Na2CuSmCl6,chi_B1,1.9,-0.1064936039722974
direct_000658,Na2CuTbCl6,chi_B1,1.9,-0.1070442097750505
direct_000659,Na2AgTmCl6,chi_B1,1.93,-0.105653862779799
direct_000660,Na2CuTmCl6,chi_B1,1.9,-0.1062623801744087
direct_000661,Na2CuYBr6,chi_B1,1.9,-0.1045076633256573
direct_000662,Na2CuYCl6,chi_B1,1.9,-0.0962428980445055
direct_000663,O2NbPCl6,chi_B1,1.6,0.0502755476079754
direct_000664,Rb2AgAsBr6,chi_B1,1.93,-0.0993497433078004
direct_000665,Rb2AgAsCl6,chi_B1,1.93,-0.0921535845087021
direct_000666,Rb2AgBiBr6,chi_B1,1.93,-0.0871598502619236
direct_000667,Rb2AgBiCl6,chi_B1,1.93,-0.0856504862169265
direct_000668,Rb2AgBiI6,chi_B1,1.93,-0.0759663834885629
direct_000669,Rb2AgMoBr6,chi_B1,1.93,-0.0341362761292651
direct_000670,Rb2AgMoCl6,chi_B1,1.93,-0.0279871384329712
direct_000671,Rb2AgMoI6,chi_B1,1.93,-0.0300408068579363
direct_000672,Rb2AgSbBr6,chi_B1,1.93,-0.077064717467064
direct_000673,Rb2AgSbCl6,chi_B1,1.93,-0.0723564608457499
direct_000674,Rb2AgSbI6,chi_B1,1.93,-0.0706708794766705
direct_000675,Rb2AgAlBr6,chi_B1,1.93,0.0046286357100973
direct_000676,Rb2AgAlCl6,chi_B1,1.93,0.0087520948283226
direct_000677,Rb2AlAuCl6,chi_B1,1.61,0.0862756317613552
direct_000678,Rb2InAlBr6,chi_B1,1.78,-0.0236555470150693
direct_000679,Rb2InAlCl6,chi_B1,1.78,-0.0287416231868149
direct_000680,Rb2InAlI6,chi_B1,1.78,-0.015282027916402
direct_000681,Rb2TlAlBr6,chi_B1,1.62,-0.0200012142743862
direct_000682,Rb2TlAlCl6,chi_B1,1.62,-0.0198712242410729
direct_000683,Rb2TlAlI6,chi_B1,1.62,-0.0142615866763969
direct_000684,Rb2AsAuCl6,chi_B1,2.18,-0.1209523576414914
direct_000685,Rb2BiAuBr6,chi_B1,2.02,-0.1348693124422435
direct_000686,Rb2BiAuCl6,chi_B1,2.02,-0.1390020820875295
direct_000687,Rb2FBrCl6,chi_B1,3.98,0.0094905086953416
direct_000688,Rb2AgCeBr6,chi_B1,1.93,-0.1014752317817171
direct_000689,Rb2AgCeCl6,chi_B1,1.93,-0.0989875603869319
direct_000690,Rb2AgCeI6,chi_B1,1.93,-0.0908326321781816
direct_000691,Rb2CuCeBr6,chi_B1,1.9,-0.0825528268658079
direct_000692,Rb2CuCeCl6,chi_B1,1.9,-0.0810022975357358
direct_000693,Rb2CuBiBr6,chi_B1,1.9,-0.083094566964961
direct_000694,Rb2CuBiCl6,chi_B1,1.9,-0.0800435879327284
direct_000695,Rb2CuBiI6,chi_B1,1.9,-0.0748818012896651
direct_000696,Rb2CuMoBr6,chi_B1,1.9,-0.0416166547095589
direct_000697,Rb2CuMoCl6,chi_B1,1.9,-0.0296842190257297
direct_000698,Rb2CuMoI6,chi_B1,1.9,-0.0531236271952917
direct_000699,Rb2CuSbBr6,chi_B1,1.9,-0.0766220344822867
direct_000700,Rb2CuSbCl6,chi_B1,1.9,-0.0758261370598741
direct_000701,Rb2CuSbI6,chi_B1,1.9,-0.0774653241226534
direct_000702,Rb2AgDyCl6,chi_B1,1.93,-0.1175598606047065
direct_000703,Rb2AuDyCl6,chi_B1,2.54,-0.1413367702657383
direct_000704,Rb2CuDyCl6,chi_B1,1.9,-0.1057535225992885
direct_000705,Rb2AgErCl6,chi_B1,1.93,-0.1063231721380847
direct_000706,Rb2AuErCl6,chi_B1,2.54,-0.1426817646955459
direct_000707,Rb2CuErCl6,chi_B1,1.9,-0.1066122844255643
direct_000708,Rb2AgGaBr6,chi_B1,1.93,0.0021798628018674
direct_000709,Rb2AgGaCl6,chi_B1,1.93,0.0283675403845471
direct_000710,Rb2AgGdCl6,chi_B1,1.93,-0.1183842694212114
direct_000711,Rb2AgInBr6,chi_B1,1.93,0.0157524273194416
direct_000712,Rb2AgInCl6,chi_B1,1.93,0.0173054293441594
direct_000713,Rb2InAsBr6,chi_B1,1.78,0.0683081436805032
direct_000714,Rb2InAsCl6,chi_B1,1.78,0.0582485540488009
direct_000715,Rb2InBiCl6,chi_B1,1.78,0.1017285761157016
direct_000716,Rb2InGaBr6,chi_B1,1.78,-0.0237749733973488
direct_000717,Rb2InGaCl6,chi_B1,1.78,-0.0259254845065826
direct_000718,Rb2InGaI6,chi_B1,1.78,-0.0153691026312117
direct_000719,Rb2InSbBr6,chi_B1,1.78,0.0950861518294545
direct_000720,Rb2InSbCl6,chi_B1,1.78,0.0953553194298516
direct_000721,Rb2InSbI6,chi_B1,1.78,0.07127009038964
direct_000722,Rb2AgLaCl6,chi_B1,1.93,-0.1177213544593321
direct_000723,Rb2AuLaCl6,chi_B1,2.54,-0.1377973261671437
direct_000724,Rb2CuLaCl6,chi_B1,1.9,-0.1005075000620856
direct_000725,Rb2LiBiBr6,chi_B1,0.98,0.0285052492417244
direct_000726,Rb2LiBiCl6,chi_B1,0.98,0.0275310347776959
direct_000727,Rb2LiBiI6,chi_B1,0.98,0.0252054753780717
direct_000728,Rb2LiCeBr6,chi_B1,0.98,0.0275046462405107
direct_000729,Rb2LiCeCl6,chi_B1,0.98,0.0266461794724359
direct_000730,Rb2LiCeI6,chi_B1,0.98,0.0289901943983224
direct_000731,Rb2LiDyBr6,chi_B1,0.98,0.0692037740031418
direct_000732,Rb2LiDyCl6,chi_B1,0.98,0.06886886910352
direct_000733,Rb2LiErCl6,chi_B1,0.98,0.0684328638255042
direct_000734,Rb2LiGdCl6,chi_B1,0.98,0.0687179853468968
direct_000735,Rb2LiHoCl6,chi_B1,0.98,0.0689410530309754
direct_000736,Rb2LiInCl6,chi_B1,0.98,0.0515177908680462
direct_000737,Rb2LiLaCl6,chi_B1,0.98,0.0590296255333905
direct_000738,Rb2LiMoBr6,chi_B1,0.98,0.0437256989931673
direct_000739,Rb2LiMoCl6,chi_B1,0.98,0.0213043219969028
direct_000740,Rb2LiMoI6,chi_B1,0.98,0.054023407342195
direct_000741,Rb2LiNdBr6,chi_B1,0.98,0.0660437645716404
direct_000742,Rb2LiNdCl6,chi_B1,0.98,0.0650109815957873
direct_000743,Rb2LiNdI6,chi_B1,0.98,0.0780290821084029
direct_000744,Rb2LiPrBr6,chi_B1,0.98,0.066000992119333
direct_000745,Rb2LiPrCl6,chi_B1,0.98,0.0649965181421263
direct_000746,Rb2LiPrI6,chi_B1,0.98,0.0779129230701258
direct_000747,Rb2LiRhCl6,chi_B1,0.98,0.0121686315823233
direct_000748,Rb2LiSbBr6,chi_B1,0.98,0.0210400261872883
direct_000749,Rb2LiSbCl6,chi_B1,0.98,0.0197015185312091
direct_000750,Rb2LiSbI6,chi_B1,0.98,0.0248608406256938
direct_000751,Rb2LiScCl6,chi_B1,0.98,0.0627818978464036
direct_000752,Rb2LiSmCl6,chi_B1,0.98,0.0661640762741487
direct_000753,Rb2LiTbCl6,chi_B1,0.98,0.0655334652609361
direct_000754,Rb2LiTlBr6,chi_B1,0.98,0.0794791250103012
direct_000755,Rb2LiTlCl6,chi_B1,0.98,0.0676621179746954
direct_000756,Rb2LiTmCl6,chi_B1,0.98,0.0685501694985167
direct_000757,Rb2LiYBr6,chi_B1,0.98,0.0607340685755956
direct_000758,Rb2LiYCl6,chi_B1,0.98,0.0595614486028147
direct_000759,Rb2LiYI6,chi_B1,0.98,0.0690591618382344
direct_000760,Rb2AgLuCl6,chi_B1,1.93,-0.1023227677743895
direct_000761,Rb2AuLuCl6,chi_B1,2.54,-0.139780247161581
direct_000762,Rb2CuLuCl6,chi_B1,1.9,-0.1040813704021685
direct_000763,Rb2NaAlCl6,chi_B1,0.93,0.0414934561201988
direct_000764,Rb2NaAsBr6,chi_B1,0.93,0.0228948945506917
direct_000765,Rb2NaAsCl6,chi_B1,0.93,0.0181747571292963
direct_000766,Rb2NaBiBr6,chi_B1,0.93,0.026533193953075
direct_000767,Rb2NaBiCl6,chi_B1,0.93,0.0258571908944247
direct_000768,Rb2NaBiI6,chi_B1,0.93,0.0227417175987898
direct_000769,Rb2NaCeBr6,chi_B1,0.93,0.0240373625516507
direct_000770,Rb2NaCeCl6,chi_B1,0.93,0.0244105625056071
direct_000771,Rb2NaCeI6,chi_B1,0.93,0.026471989747272
direct_000772,Rb2NaCrCl6,chi_B1,0.93,0.0604141714610791
direct_000773,Rb2NaDyCl6,chi_B1,0.93,0.0673471354897645
direct_000774,Rb2NaErCl6,chi_B1,0.93,0.0669060714972648
direct_000775,Rb2NaGaBr6,chi_B1,0.93,0.0537925358438236
direct_000776,Rb2NaGaCl6,chi_B1,0.93,0.0452640050947797
direct_000777,Rb2NaGdCl6,chi_B1,0.93,0.0676104622842098
direct_000778,Rb2NaInBr6,chi_B1,0.93,0.0638491777320209
direct_000779,Rb2NaInCl6,chi_B1,0.93,0.0507580097512031
direct_000780,Rb2NaInI6,chi_B1,0.93,0.0604940260385671
direct_000781,Rb2NaLaCl6,chi_B1,0.93,0.0609620126991648
direct_000782,Rb2NaMoBr6,chi_B1,0.93,0.0484808063581921
direct_000783,Rb2NaMoCl6,chi_B1,0.93,0.0353615004345483
direct_000784,Rb2NaMoI6,chi_B1,0.93,0.0549308762637396
direct_000785,Rb2NaNdBr6,chi_B1,0.93,0.0673804650669762
direct_000786,Rb2NaNdCl6,chi_B1,0.93,0.0671556080532856
direct_000787,Rb2NaNdI6,chi_B1,0.93,0.0805292956878715
direct_000788,Rb2NaPrBr6,chi_B1,0.93,0.0675544761455838
direct_000789,Rb2NaPrCl6,chi_B1,0.93,0.0674182027830879
direct_000790,Rb2NaPrI6,chi_B1,0.93,0.0806088425783289
direct_000791,Rb2NaSbBr6,chi_B1,0.93,0.0273621746068252
direct_000792,Rb2NaSbCl6,chi_B1,0.93,0.0253331371804247
direct_000793,Rb2NaSbI6,chi_B1,0.93,0.0267799424377592
direct_000794,Rb2NaScBr6,chi_B1,0.93,0.0205724196142536
direct_000795,Rb2NaScCl6,chi_B1,0.93,0.0207022894607964
direct_000796,Rb2NaScI6,chi_B1,0.93,0.0222968818414595
direct_000797,Rb2NaSmCl6,chi_B1,0.93,0.0671802448452822
direct_000798,Rb2NaTbCl6,chi_B1,0.93,0.064343976521986
direct_000799,Rb2NaTlBr6,chi_B1,0.93,0.0707137316210689
direct_000800,Rb2NaTlCl6,chi_B1,0.93,0.0672389213503873
direct_000801,Rb2NaTmCl6,chi_B1,0.93,0.0669360249264249
direct_000802,Rb2NaYBr6,chi_B1,0.93,0.0588932265894286
direct_000803,Rb2NaYCl6,chi_B1,0.93,0.0555017025084291
direct_000804,Rb2NaYI6,chi_B1,0.93,0.0672683193190625
direct_000805,Rb2AgNdBr6,chi_B1,1.93,-0.119173480572712
direct_000806,Rb2AgNdCl6,chi_B1,1.93,-0.120271995957975
direct_000807,Rb2AgNdI6,chi_B1,1.93,-0.1054846362524886
direct_000808,Rb2AuNdCl6,chi_B1,2.54,-0.1380031634907941
direct_000809,Rb2CuNdBr6,chi_B1,1.9,-0.1033535519582732
direct_000810,Rb2CuNdCl6,chi_B1,1.9,-0.1041435670683754
direct_000811,Rb2CuNdI6,chi_B1,1.9,-0.0990470041164166
direct_000812,Rb2AgPrBr6,chi_B1,1.93,-0.1197614046135645
direct_000813,Rb2AgPrCl6,chi_B1,1.93,-0.1210380318358924
direct_000814,Rb2AgPrI6,chi_B1,1.93,-0.1050254629732213
direct_000815,Rb2AuPrCl6,chi_B1,2.54,-0.1387520207155854
direct_000816,Rb2CuPrBr6,chi_B1,1.9,-0.1020982382525472
direct_000817,Rb2CuPrCl6,chi_B1,1.9,-0.104652247097779
direct_000818,Rb2CuPrI6,chi_B1,1.9,-0.0975432150957074
direct_000819,Rb2AuSbCl6,chi_B1,2.54,-0.157884530406729
direct_000820,Rb2AgScBr6,chi_B1,1.93,-0.0798199627703465
direct_000821,Rb2AgScCl6,chi_B1,1.93,-0.0491652074808026
direct_000822,Rb2AgScI6,chi_B1,1.93,-0.0816470430437096
direct_000823,Rb2AuScBr6,chi_B1,2.54,-0.1431454468891586
direct_000824,Rb2AuScCl6,chi_B1,2.54,-0.1446386505844908
direct_000825,Rb2AuScI6,chi_B1,2.54,-0.11236543569143
direct_000826,Rb2CuScCl6,chi_B1,1.9,-0.0637980910569032
direct_000827,Rb2InScBr6,chi_B1,1.78,0.0819415937803693
direct_000828,Rb2InScCl6,chi_B1,1.78,0.069489681865588
direct_000829,Rb2InScI6,chi_B1,1.78,0.0819894117422441
direct_000830,Rb2TlScBr6,chi_B1,1.62,0.0709928150996764
direct_000831,Rb2TlScCl6,chi_B1,1.62,0.0690664206443947
direct_000832,Rb2TlScI6,chi_B1,1.62,0.0377329108130024
direct_000833,Rb2AgSmCl6,chi_B1,1.93,-0.1210305773800489
direct_000834,Rb2AuSmCl6,chi_B1,2.54,-0.1377110451582577
direct_000835,Rb2CuSmCl6,chi_B1,1.9,-0.1062119752577829
direct_000836,Rb2AgTbCl6,chi_B1,1.93,-0.1161446003629205
direct_000837,Rb2AuTbCl6,chi_B1,2.54,-0.1402322286428863
direct_000838,Rb2CuTbCl6,chi_B1,1.9,-0.1070343374628339
direct_000839,Rb2TlAsBr6,chi_B1,1.62,0.0868707412912755
direct_000840,Rb2TlAsCl6,chi_B1,1.62,0.0829011660401456
direct_000841,Rb2TlAsI6,chi_B1,1.62,0.0834114259791266
direct_000842,Rb2TlBiBr6,chi_B1,1.62,0.1031475941976841
direct_000843,Rb2TlGaBr6,chi_B1,1.62,-0.017203074112824
direct_000844,Rb2TlGaCl6,chi_B1,1.62,-0.0180840345794743
direct_000845,Rb2TlGaI6,chi_B1,1.62,-0.0134592081577305
direct_000846,Rb2TlInBr6,chi_B1,1.62,-0.0129228290446299
direct_000847,Rb2TlInCl6,chi_B1,1.62,-0.0134197236460725
direct_000848,Rb2TlInI6,chi_B1,1.62,-0.0160319010948423
direct_000849,Rb2TlSbBr6,chi_B1,1.62,0.1047961476986029
direct_000850,Rb2TlSbCl6,chi_B1,1.62,0.1036776276288769
direct_000851,Rb2TlSbI6,chi_B1,1.62,0.0957060356430529
direct_000852,Rb2AgTmCl6,chi_B1,1.93,-0.1055159404502154
direct_000853,Rb2AuTmCl6,chi_B1,2.54,-0.1425412705622911
direct_000854,Rb2CuTmCl6,chi_B1,1.9,-0.1059757974498408
direct_000855,Rb2AgYBr6,chi_B1,1.93,-0.1053778943311922
direct_000856,Rb2AgYCl6,chi_B1,1.93,-0.1015762726514606
direct_000857,Rb2AgYI6,chi_B1,1.93,-0.1013944909069519
direct_000858,Rb2AuYBr6,chi_B1,2.54,-0.1417789006624012
direct_000859,Rb2AuYCl6,chi_B1,2.54,-0.1414598461749618
direct_000860,Rb2AuYI6,chi_B1,2.54,-0.1185431459167809
direct_000861,Rb2CuYBr6,chi_B1,1.9,-0.1057778152756692
direct_000862,Rb2CuYCl6,chi_B1,1.9,-0.0979951268284893
direct_000863,Rb2CuYI6,chi_B1,1.9,-0.1080444760904855
direct_000864,Rb2InYBr6,chi_B1,1.78,0.0909618726775464
direct_000865,Rb2InYCl6,chi_B1,1.78,0.0694297578766213
direct_000866,Rb2InYI6,chi_B1,1.78,0.0788753856520118
direct_000867,Rb2TlYBr6,chi_B1,1.62,0.0634284257742825
direct_000868,Rb2TlYCl6,chi_B1,1.62,0.0581647159570219
direct_000869,Rb2TlYI6,chi_B1,1.62,0.0662197359347775
direct_000870,O2PSbCl6,chi_B1,2.19,-0.059209737621574
direct_000871,S2NSbCl6,chi_B1,3.04,-0.0052843070202503
direct_000872,Cs2GeSnCl6,chi_B1,2.01,0.0214105641495844
direct_000873,Cs2GeSnBr6,chi_B1,2.01,0.017871564659783
direct_000874,Rb2GeSnCl6,chi_B1,2.01,0.0197678218916118
direct_000875,Rb2GeSnBr6,chi_B1,2.01,0.0179950293911933
direct_000876,K2GeSnBr6,chi_B1,2.01,0.0179939181182605
direct_000877,K2GeSnI6,chi_B1,2.01,0.0237771022128856
direct_000878,Na2GeSnCl6,chi_B1,2.01,0.0207100316935916
direct_000879,K2GeSnCl6,chi_B1,2.01,0.0208308247422525
direct_000880,Li2GeSnCl6,chi_B1,2.01,0.0208164888192284
direct_000881,Li2GeSnBr6,chi_B1,2.01,0.0188482460154882
direct_000882,Li2GeSnI6,chi_B1,2.01,0.0261154460241754
direct_000883,Rb2GeSnI6,chi_B1,2.01,0.0225420037301367
direct_000884,Cs2GeSnI6,chi_B1,2.01,0.0227384876998218
direct_000001,Al2OSnCl6,delta_chi_B,1.48,-0.0615794215109945
direct_000002,S2NAlCl6,delta_chi_B,1.43,-0.0473954711773778
direct_000003,Cs2AgAsBr6,delta_chi_B,0.2500000000000002,-0.0008605326158152
direct_000004,Cs2AgAsCl6,delta_chi_B,0.2500000000000002,-0.0017507240163887
direct_000005,Cs2AgAuCl6,delta_chi_B,0.6100000000000001,-0.0013027165105127
direct_000006,Cs2AgBiBr6,delta_chi_B,0.09,-0.0201782524861096
direct_000007,Cs2AgBiCl6,delta_chi_B,0.09,-0.0193594293662629
direct_000008,Cs2AgBiI6,delta_chi_B,0.09,-0.0132039340988958
direct_000009,Cs2AgMoBr6,delta_chi_B,0.2300000000000002,0.0866637108042068
direct_000010,Cs2AgMoCl6,delta_chi_B,0.2300000000000002,0.0856239832210194
direct_000011,Cs2AgSbBr6,delta_chi_B,0.1199999999999998,-0.0346073461828704
direct_000012,Cs2AgSbCl6,delta_chi_B,0.1199999999999998,-0.0342622440260376
direct_000013,Cs2AgSbI6,delta_chi_B,0.1199999999999998,-0.0270339143404525
direct_000014,Cs2AgAlBr6,delta_chi_B,0.3199999999999998,0.1298024511011229
direct_000015,Cs2AgAlCl6,delta_chi_B,0.3199999999999998,0.1226878733248856
direct_000016,Cs2AlAuCl6,delta_chi_B,0.93,0.0334315820994289
direct_000017,Cs2CuAlCl6,delta_chi_B,0.2899999999999998,0.0938522410416815
direct_000018,Cs2InAlBr6,delta_chi_B,0.1699999999999999,-0.1400784866744777
direct_000019,Cs2InAlCl6,delta_chi_B,0.1699999999999999,-0.1433018576610497
direct_000020,Cs2InAlI6,delta_chi_B,0.1699999999999999,-0.1272667469584011
direct_000021,Cs2TlAlBr6,delta_chi_B,0.01,-0.1576866701545182
direct_000022,Cs2TlAlCl6,delta_chi_B,0.01,-0.1540327391874196
direct_000023,Cs2TlAlI6,delta_chi_B,0.01,-0.1298291318704264
direct_000024,Cs2AsAuCl6,delta_chi_B,0.3599999999999999,0.0233702451518804
direct_000025,Cs2BrAsCl6,delta_chi_B,0.7799999999999998,0.0139105689430643
direct_000026,Cs2BiAuBr6,delta_chi_B,0.52,-0.0071714611865758
direct_000027,Cs2BiAuCl6,delta_chi_B,0.52,-0.0103281611592688
direct_000028,Cs2FBrCl6,delta_chi_B,1.02,0.0462218516162209
direct_000029,Cs2CaSnCl6,delta_chi_B,0.96,0.0182483588924425
direct_000030,Cs2AgCeBr6,delta_chi_B,0.8099999999999998,-0.0134026786337419
direct_000031,Cs2AgCeCl6,delta_chi_B,0.8099999999999998,-0.0143864767673836
direct_000032,Cs2AgCeI6,delta_chi_B,0.8099999999999998,-0.0132858832564382
direct_000033,Cs2CuCeCl6,delta_chi_B,0.7799999999999998,-0.0125230476831989
direct_000034,Cs2CuCeI6,delta_chi_B,0.7799999999999998,-0.0113037724376752
direct_000035,Cs2CuAsCl6,delta_chi_B,0.2800000000000002,0.0458617014790319
direct_000036,Cs2CuBiBr6,delta_chi_B,0.1200000000000001,-0.0177928259769012
direct_000037,Cs2CuBiCl6,delta_chi_B,0.1200000000000001,-0.0174484654450144
direct_000038,Cs2CuBiI6,delta_chi_B,0.1200000000000001,-0.0159593284977285
direct_000039,Cs2CuMoBr6,delta_chi_B,0.2600000000000002,0.0809616162083975
direct_000040,Cs2CuMoCl6,delta_chi_B,0.2600000000000002,0.081375640283299
direct_000041,Cs2CuMoI6,delta_chi_B,0.2600000000000002,0.070880326435018
direct_000042,Cs2CuSbBr6,delta_chi_B,0.1499999999999999,-0.0201626679394526
direct_000043,Cs2CuSbCl6,delta_chi_B,0.1499999999999999,-0.0159825268968749
direct_000044,Cs2CuSbI6,delta_chi_B,0.1499999999999999,-0.0183265098842456
direct_000045,Cs2AuDyCl6,delta_chi_B,1.32,-0.0615476560272955
direct_000046,Cs2CuDyCl6,delta_chi_B,0.6799999999999999,-0.0166983276443506
direct_000047,Cs2AuErCl6,delta_chi_B,1.3,-0.0632633245647639
direct_000048,Cs2CuErCl6,delta_chi_B,0.6599999999999999,-0.0152972317031822
direct_000049,Cs2AgGaBr6,delta_chi_B,0.1199999999999998,-0.0026042302610067
direct_000050,Cs2AgGaCl6,delta_chi_B,0.1199999999999998,0.0146523383207671
direct_000051,Cs2AuGdCl6,delta_chi_B,1.34,-0.0622341315189838
direct_000052,Cs2HgPdCl6,delta_chi_B,0.2000000000000001,0.0066433306667354
direct_000053,Cs2IBrCl6,delta_chi_B,0.2999999999999998,0.059195795621469
direct_000054,Cs2FICl6,delta_chi_B,1.3199999999999998,-0.018468407415206
direct_000055,Cs2AgInBr6,delta_chi_B,0.1499999999999999,0.0655485676936917
direct_000056,Cs2AgInCl6,delta_chi_B,0.1499999999999999,0.0630060565614484
direct_000057,Cs2InAsBr6,delta_chi_B,0.4000000000000001,0.0975664295562256
direct_000058,Cs2InAsCl6,delta_chi_B,0.4000000000000001,0.0834341311788597
direct_000059,Cs2InAsI6,delta_chi_B,0.4000000000000001,0.1044950125971087
direct_000060,Cs2InBiBr6,delta_chi_B,0.24,0.1005795337851344
direct_000061,Cs2InBiCl6,delta_chi_B,0.24,0.1014785009696117
direct_000062,Cs2InBiI6,delta_chi_B,0.24,0.0901540436030236
direct_000063,Cs2InGaBr6,delta_chi_B,0.03,-0.171545916914056
direct_000064,Cs2InGaCl6,delta_chi_B,0.03,-0.1705376989533903
direct_000065,Cs2InGaI6,delta_chi_B,0.03,-0.145240274238371
direct_000066,Cs2InSbBr6,delta_chi_B,0.2699999999999998,0.1105770825696306
direct_000067,Cs2InSbCl6,delta_chi_B,0.2699999999999998,0.1085417123278389
direct_000068,Cs2InSbI6,delta_chi_B,0.2699999999999998,0.0763302093487468
direct_000069,Cs2KAlBr6,delta_chi_B,0.7900000000000001,0.0466303679615633
direct_000070,Cs2KAlCl6,delta_chi_B,0.7900000000000001,0.0425553605499961
direct_000071,Cs2KAlI6,delta_chi_B,0.7900000000000001,0.0627076599496496
direct_000072,Cs2KAsBr6,delta_chi_B,1.3600000000000003,-0.0022609197008147
direct_000073,Cs2KAsCl6,delta_chi_B,1.3600000000000003,0.0051005306659701
direct_000074,Cs2KAsI6,delta_chi_B,1.3600000000000003,-0.068233018826312
direct_000075,Cs2KAuCl6,delta_chi_B,1.7200000000000002,-0.1012692152084361
direct_000076,Cs2KBiBr6,delta_chi_B,1.2000000000000002,0.0100873263042238
direct_000077,Cs2KBiCl6,delta_chi_B,1.2000000000000002,0.0095169079363927
direct_000078,Cs2KBiI6,delta_chi_B,1.2000000000000002,-0.0087905819107173
direct_000079,Cs2KCeBr6,delta_chi_B,0.3000000000000001,0.0229220442707493
direct_000080,Cs2KCeCl6,delta_chi_B,0.3000000000000001,0.0225625170999458
direct_000081,Cs2KCeI6,delta_chi_B,0.3000000000000001,0.0224017448904936
direct_000082,Cs2KCrCl6,delta_chi_B,0.84,0.0177571253461697
direct_000083,Cs2KDyCl6,delta_chi_B,0.4,0.0362784484185671
direct_000084,Cs2KGaBr6,delta_chi_B,0.99,0.0374994837027704
direct_000085,Cs2KGaCl6,delta_chi_B,0.99,0.0294362886319397
direct_000086,Cs2KGaI6,delta_chi_B,0.99,0.0493965448470684
direct_000087,Cs2KHoCl6,delta_chi_B,0.41,0.034943704550783
direct_000088,Cs2KInBr6,delta_chi_B,0.96,0.0232997567335435
direct_000089,Cs2KInCl6,delta_chi_B,0.96,0.0194081846114836
direct_000090,Cs2KInI6,delta_chi_B,0.96,0.0391650657098968
direct_000091,Cs2KLaCl6,delta_chi_B,0.2800000000000001,0.0381330191622797
direct_000092,Cs2KLuCl6,delta_chi_B,0.45,0.0181693245547367
direct_000093,Cs2KMoBr6,delta_chi_B,1.3400000000000003,0.0028513400531631
direct_000094,Cs2KMoCl6,delta_chi_B,1.3400000000000003,-0.0031360102606817
direct_000095,Cs2KMoI6,delta_chi_B,1.3400000000000003,-0.0129260474104425
direct_000096,Cs2KNdBr6,delta_chi_B,0.3199999999999999,0.0471755985642989
direct_000097,Cs2KNdCl6,delta_chi_B,0.3199999999999999,0.0445667605431466
direct_000098,Cs2KNdI6,delta_chi_B,0.3199999999999999,0.0498179120044968
direct_000099,Cs2KPrBr6,delta_chi_B,0.3099999999999999,0.047085810281597
direct_000100,Cs2KPrCl6,delta_chi_B,0.3099999999999999,0.0447454800696109
direct_000101,Cs2KPrI6,delta_chi_B,0.3099999999999999,0.0497780200190837
direct_000102,Cs2KSbBr6,delta_chi_B,1.23,0.0161861830331039
direct_000103,Cs2KSbCl6,delta_chi_B,1.23,0.0046732813361332
direct_000104,Cs2KSbI6,delta_chi_B,1.23,-0.0036923547975337
direct_000105,Cs2KScBr6,delta_chi_B,0.5400000000000001,-0.0535355257780088
direct_000106,Cs2KScCl6,delta_chi_B,0.5400000000000001,-0.0500292331811188
direct_000107,Cs2KScI6,delta_chi_B,0.5400000000000001,-0.0487792414823439
direct_000108,Cs2KSmCl6,delta_chi_B,0.35,0.0401489296076284
direct_000109,Cs2KTbCl6,delta_chi_B,0.2800000000000001,0.0411166349217591
direct_000110,Cs2KTlBr6,delta_chi_B,0.8000000000000002,0.0227634719061991
direct_000111,Cs2KTlCl6,delta_chi_B,0.8000000000000002,0.0201076070118696
direct_000112,Cs2KTlI6,delta_chi_B,0.8000000000000002,0.0314838554005164
direct_000113,Cs2KYBr6,delta_chi_B,0.4,0.038908443782965
direct_000114,Cs2KYCl6,delta_chi_B,0.4,0.0365024429100287
direct_000115,Cs2KYI6,delta_chi_B,0.4,0.0222148609445428
direct_000116,Cs2AgLaCl6,delta_chi_B,0.8299999999999998,-0.0169128870859241
direct_000117,Cs2AuLaCl6,delta_chi_B,1.44,-0.0541289273757255
direct_000118,Cs2CuLaCl6,delta_chi_B,0.7999999999999998,-0.0156946246133537
direct_000119,Cs2LiBiBr6,delta_chi_B,1.04,-0.0416172467056569
direct_000120,Cs2LiBiCl6,delta_chi_B,1.04,-0.0421951584360272
direct_000121,Cs2LiBiI6,delta_chi_B,1.04,-0.0347537018864297
direct_000122,Cs2LiCeBr6,delta_chi_B,0.1400000000000001,-0.0390528300185816
direct_000123,Cs2LiCeI6,delta_chi_B,0.1400000000000001,-0.041414806880487
direct_000124,Cs2LiDyCl6,delta_chi_B,0.24,0.0411524102669815
direct_000125,Cs2LiErCl6,delta_chi_B,0.26,0.0428811926005521
direct_000126,Cs2LiGdCl6,delta_chi_B,0.2199999999999999,0.0390856580589726
direct_000127,Cs2LiInBr6,delta_chi_B,0.8,0.0226944342964672
direct_000128,Cs2LiInCl6,delta_chi_B,0.8,0.0175133334079184
direct_000129,Cs2LiLaBr6,delta_chi_B,0.1200000000000001,0.0007172972608311
direct_000130,Cs2LiLaCl6,delta_chi_B,0.1200000000000001,0.0047290104529953
direct_000131,Cs2LiLuCl6,delta_chi_B,0.29,0.0445833636747728
direct_000132,Cs2LiMoBr6,delta_chi_B,1.1800000000000002,0.0302591654018807
direct_000133,Cs2LiMoCl6,delta_chi_B,1.1800000000000002,0.0135071214883404
direct_000134,Cs2LiMoI6,delta_chi_B,1.1800000000000002,0.0387938742087109
direct_000135,Cs2LiNdBr6,delta_chi_B,0.1599999999999999,0.0085347394420454
direct_000136,Cs2LiNdCl6,delta_chi_B,0.1599999999999999,0.0095578169858898
direct_000137,Cs2LiNdI6,delta_chi_B,0.1599999999999999,0.0242774543183788
direct_000138,Cs2LiPrBr6,delta_chi_B,0.1499999999999999,0.0086476054970568
direct_000139,Cs2LiPrCl6,delta_chi_B,0.1499999999999999,0.0087919018106874
direct_000140,Cs2LiPrI6,delta_chi_B,0.1499999999999999,0.0239025598804777
direct_000141,Cs2LiSbBr6,delta_chi_B,1.0699999999999998,-0.0393100338030993
direct_000142,Cs2LiSbCl6,delta_chi_B,1.0699999999999998,-0.039480222233433
direct_000143,Cs2LiSbI6,delta_chi_B,1.0699999999999998,-0.0368613845638132
direct_000144,Cs2LiScCl6,delta_chi_B,0.3800000000000001,0.0536313979543821
direct_000145,Cs2LiSmCl6,delta_chi_B,0.1899999999999999,0.0088529683007121
direct_000146,Cs2LiTbCl6,delta_chi_B,0.1200000000000001,0.0029559203649865
direct_000147,Cs2LiTlBr6,delta_chi_B,0.6400000000000001,0.0206824771847659
direct_000148,Cs2LiTlCl6,delta_chi_B,0.6400000000000001,0.014971195630708
direct_000149,Cs2LiTmCl6,delta_chi_B,0.27,0.043560266876625
direct_000150,Cs2LiYBr6,delta_chi_B,0.24,0.0490737002197084
direct_000151,Cs2LiYCl6,delta_chi_B,0.24,0.0465680097252185
direct_000152,Cs2LiYI6,delta_chi_B,0.24,0.0585301065592284
direct_000153,Cs2AgLuCl6,delta_chi_B,0.6599999999999999,-0.0199304511729672
direct_000154,Cs2NaAlCl6,delta_chi_B,0.68,0.0313317455924404
direct_000155,Cs2NaAsBr6,delta_chi_B,1.25,-0.0767585329892212
direct_000156,Cs2NaAsCl6,delta_chi_B,1.25,-0.0766501986912477
direct_000157,Cs2NaBiBr6,delta_chi_B,1.09,-0.0375445965564349
direct_000158,Cs2NaBiCl6,delta_chi_B,1.09,-0.0380646956108746
direct_000159,Cs2NaBiI6,delta_chi_B,1.09,-0.0321757927440843
direct_000160,Cs2NaCeCl6,delta_chi_B,0.19,-0.0156564334056355
direct_000161,Cs2NaCeI6,delta_chi_B,0.19,-0.0171531286396973
direct_000162,Cs2NaCrCl6,delta_chi_B,0.7299999999999999,0.0153306491908714
direct_000163,Cs2NaDyCl6,delta_chi_B,0.2899999999999999,0.044482707445693
direct_000164,Cs2NaErCl6,delta_chi_B,0.3099999999999999,0.0446316357711028
direct_000165,Cs2NaGaBr6,delta_chi_B,0.88,0.0369212917671185
direct_000166,Cs2NaGaCl6,delta_chi_B,0.88,0.0294244882900716
direct_000167,Cs2NaGdCl6,delta_chi_B,0.2699999999999999,0.0435660935126905
direct_000168,Cs2NaHoCl6,delta_chi_B,0.2999999999999999,0.0444381429795904
direct_000169,Cs2NaInBr6,delta_chi_B,0.85,0.0256432135894031
direct_000170,Cs2NaInCl6,delta_chi_B,0.85,0.017887139741468
direct_000171,Cs2NaInI6,delta_chi_B,0.85,0.0323007733634431
direct_000172,Cs2NaLaBr6,delta_chi_B,0.17,0.0035134432714516
direct_000173,Cs2NaLaCl6,delta_chi_B,0.17,0.0042284705699012
direct_000174,Cs2NaLuCl6,delta_chi_B,0.3399999999999999,0.0455840561232369
direct_000175,Cs2NaMoBr6,delta_chi_B,1.23,0.0403028292290249
direct_000176,Cs2NaMoCl6,delta_chi_B,1.23,0.0254518693426579
direct_000177,Cs2NaMoI6,delta_chi_B,1.23,0.0429911158451922
direct_000178,Cs2NaNdBr6,delta_chi_B,0.2099999999999998,0.0191523318835929
direct_000179,Cs2NaNdCl6,delta_chi_B,0.2099999999999998,0.016788836181334
direct_000180,Cs2NaPrBr6,delta_chi_B,0.1999999999999998,0.0185576608608697
direct_000181,Cs2NaPrCl6,delta_chi_B,0.1999999999999998,0.0161346399887179
direct_000182,Cs2NaPrI6,delta_chi_B,0.1999999999999998,0.0318599220599794
direct_000183,Cs2NaSbBr6,delta_chi_B,1.1199999999999997,-0.0462467059110292
direct_000184,Cs2NaSbCl6,delta_chi_B,1.1199999999999997,-0.0527021562620301
direct_000185,Cs2NaSbI6,delta_chi_B,1.1199999999999997,-0.0439860255453261
direct_000186,Cs2NaScBr6,delta_chi_B,0.43,-0.0320164748534068
direct_000187,Cs2NaScCl6,delta_chi_B,0.43,-0.0261161260763106
direct_000188,Cs2NaScI6,delta_chi_B,0.43,-0.0274552300301348
direct_000189,Cs2NaSmCl6,delta_chi_B,0.2399999999999998,0.0398757940563819
direct_000190,Cs2NaTbCl6,delta_chi_B,0.17,0.0048581975033662
direct_000191,Cs2NaTlBr6,delta_chi_B,0.6900000000000001,0.0157907782877056
direct_000192,Cs2NaTlCl6,delta_chi_B,0.6900000000000001,0.0143490981144196
direct_000193,Cs2NaTlI6,delta_chi_B,0.6900000000000001,-0.0033551509871285
direct_000194,Cs2NaTmCl6,delta_chi_B,0.3199999999999999,0.045103413839105
direct_000195,Cs2NaUBr6,delta_chi_B,0.4499999999999998,0.0164852053400338
direct_000196,Cs2NaUCl6,delta_chi_B,0.4499999999999998,0.0141587243388454
direct_000197,Cs2NaYBr6,delta_chi_B,0.2899999999999999,0.0522405833099817
direct_000198,Cs2NaYCl6,delta_chi_B,0.2899999999999999,0.0506934865684088
direct_000199,Cs2NaYI6,delta_chi_B,0.2899999999999999,0.0648700771635918
direct_000200,Cs2AgNdBr6,delta_chi_B,0.79,-0.0170742353350919
direct_000201,Cs2AgNdCl6,delta_chi_B,0.79,-0.0185220192242345
direct_000202,Cs2AgNdI6,delta_chi_B,0.79,-0.0170855679786965
direct_000203,Cs2AuNdCl6,delta_chi_B,1.4,-0.0632531179871352
direct_000204,Cs2CuNdBr6,delta_chi_B,0.76,-0.0133635776110092
direct_000205,Cs2CuNdI6,delta_chi_B,0.76,-0.0151905531159124
direct_000206,Cs2AgPrCl6,delta_chi_B,0.8,-0.0174892915398252
direct_000207,Cs2AgPrI6,delta_chi_B,0.8,-0.01682914465069
direct_000208,Cs2AuPrCl6,delta_chi_B,1.41,-0.0628782929010174
direct_000209,Cs2CuPrBr6,delta_chi_B,0.77,-0.0134243014114527
direct_000210,Cs2CuPrCl6,delta_chi_B,0.77,-0.0151652635347701
direct_000211,Cs2CuPrI6,delta_chi_B,0.77,-0.0151535392058301
direct_000212,Cs2RbAlBr6,delta_chi_B,0.7900000000000001,0.0466075921869803
direct_000213,Cs2RbAlCl6,delta_chi_B,0.7900000000000001,0.0442682945846812
direct_000214,Cs2RbAlI6,delta_chi_B,0.7900000000000001,0.062856929489304
direct_000215,Cs2RbAsBr6,delta_chi_B,1.3600000000000003,0.0061309812799079
direct_000216,Cs2RbAsCl6,delta_chi_B,1.3600000000000003,0.0102634226997969
direct_000217,Cs2RbAsI6,delta_chi_B,1.3600000000000003,-0.060022849960508
direct_000218,Cs2RbAuCl6,delta_chi_B,1.7200000000000002,-0.0968914878702099
direct_000219,Cs2RbBiBr6,delta_chi_B,1.2000000000000002,0.0049800373573447
direct_000220,Cs2RbBiCl6,delta_chi_B,1.2000000000000002,-0.0015992421763182
direct_000221,Cs2RbBiI6,delta_chi_B,1.2000000000000002,-0.0161815102985741
direct_000222,Cs2RbCeCl6,delta_chi_B,0.3000000000000001,0.0233059924631359
direct_000223,Cs2RbDyCl6,delta_chi_B,0.4,0.0398243948950261
direct_000224,Cs2RbErCl6,delta_chi_B,0.42,0.0369131763134184
direct_000225,Cs2RbGaBr6,delta_chi_B,0.99,0.0379892163496473
direct_000226,Cs2RbGaCl6,delta_chi_B,0.99,0.0315398612711337
direct_000227,Cs2RbGaI6,delta_chi_B,0.99,0.0495165688042732
direct_000228,Cs2RbGdCl6,delta_chi_B,0.38,0.0435802739221321
direct_000229,Cs2RbInBr6,delta_chi_B,0.96,0.0243900454127054
direct_000230,Cs2RbInCl6,delta_chi_B,0.96,0.02074506113699
direct_000231,Cs2RbInI6,delta_chi_B,0.96,0.036436760657671
direct_000232,Cs2RbLaCl6,delta_chi_B,0.2800000000000001,0.0386020264208647
direct_000233,Cs2RbLuCl6,delta_chi_B,0.45,0.012380323697075
direct_000234,Cs2RbNdCl6,delta_chi_B,0.3199999999999999,0.047532479802776
direct_000235,Cs2RbPrCl6,delta_chi_B,0.3099999999999999,0.0475026914502687
direct_000236,Cs2RbSbBr6,delta_chi_B,1.23,0.0197826172166598
direct_000237,Cs2RbSbCl6,delta_chi_B,1.23,0.004986548353053
direct_000238,Cs2RbSbI6,delta_chi_B,1.23,0.0088965575035429
direct_000239,Cs2RbScBr6,delta_chi_B,0.5400000000000001,-0.0509012573584368
direct_000240,Cs2RbScCl6,delta_chi_B,0.5400000000000001,-0.0466853571664469
direct_000241,Cs2RbScI6,delta_chi_B,0.5400000000000001,-0.043357316423281
direct_000242,Cs2RbSmCl6,delta_chi_B,0.35,0.043366366472765
direct_000243,Cs2RbTbCl6,delta_chi_B,0.2800000000000001,0.042185760397205
direct_000244,Cs2RbTlBr6,delta_chi_B,0.8000000000000002,0.0211081920305517
direct_000245,Cs2RbTlCl6,delta_chi_B,0.8000000000000002,0.0187927498885588
direct_000246,Cs2RbTlI6,delta_chi_B,0.8000000000000002,0.0284542969333626
direct_000247,Cs2RbTmCl6,delta_chi_B,0.43,0.0293798957339794
direct_000248,Cs2RbYBr6,delta_chi_B,0.4,0.0422177299079418
direct_000249,Cs2RbYCl6,delta_chi_B,0.4,0.0402490035446756
direct_000250,Cs2RbYI6,delta_chi_B,0.4,0.0306603454374504
direct_000251,Cs2AuSbBr6,delta_chi_B,0.4900000000000002,0.000439775481855
direct_000252,Cs2AuSbCl6,delta_chi_B,0.4900000000000002,-0.0025121485546818
direct_000253,Cs2AgScBr6,delta_chi_B,0.5699999999999998,-0.050164030995629
direct_000254,Cs2AgScCl6,delta_chi_B,0.5699999999999998,-0.0304638468295773
direct_000255,Cs2AgScI6,delta_chi_B,0.5699999999999998,-0.0402400013580466
direct_000256,Cs2AuScBr6,delta_chi_B,1.18,-0.048740181243988
direct_000257,Cs2AuScCl6,delta_chi_B,1.18,-0.0535404374456279
direct_000258,Cs2AuScI6,delta_chi_B,1.18,-0.0423199782644098
direct_000259,Cs2CuScCl6,delta_chi_B,0.5399999999999998,0.0054873952666647
direct_000260,Cs2InScBr6,delta_chi_B,0.4199999999999999,0.1217876562951637
direct_000261,Cs2InScCl6,delta_chi_B,0.4199999999999999,0.1144059685235123
direct_000262,Cs2InScI6,delta_chi_B,0.4199999999999999,0.124318276337107
direct_000263,Cs2TlScBr6,delta_chi_B,0.26,0.1057975131068622
direct_000264,Cs2TlScCl6,delta_chi_B,0.26,0.0985733162549717
direct_000265,Cs2TlScI6,delta_chi_B,0.26,0.0658209917710481
direct_000266,Cs2AuSmCl6,delta_chi_B,1.37,-0.0631311273168275
direct_000267,Cs2CuSmCl6,delta_chi_B,0.73,-0.0166101647947976
direct_000268,Cs2AuTbCl6,delta_chi_B,1.44,-0.0619710400105585
direct_000269,Cs2CuTbCl6,delta_chi_B,0.7999999999999998,-0.0140054260888608
direct_000270,Cs2TlAsBr6,delta_chi_B,0.56,0.0837597019142513
direct_000271,Cs2TlAsCl6,delta_chi_B,0.56,0.0789898360268939
direct_000272,Cs2TlAsI6,delta_chi_B,0.56,0.0893584207094858
direct_000273,Cs2TlBiBr6,delta_chi_B,0.3999999999999999,0.107287201338723
direct_000274,Cs2TlBiCl6,delta_chi_B,0.3999999999999999,0.1040209310141307
direct_000275,Cs2TlBiI6,delta_chi_B,0.3999999999999999,0.1020713782673776
direct_000276,Cs2TlGaBr6,delta_chi_B,0.1899999999999999,-0.1573808328607482
direct_000277,Cs2TlGaCl6,delta_chi_B,0.1899999999999999,-0.157519277307998
direct_000278,Cs2TlGaI6,delta_chi_B,0.1899999999999999,-0.1287424413278888
direct_000279,Cs2TlInBr6,delta_chi_B,0.1599999999999999,-0.1186762999260284
direct_000280,Cs2TlInCl6,delta_chi_B,0.1599999999999999,-0.1131150414433833
direct_000281,Cs2TlInI6,delta_chi_B,0.1599999999999999,-0.0988502509685295
direct_000282,Cs2TlSbBr6,delta_chi_B,0.4299999999999997,0.1091863866633372
direct_000283,Cs2TlSbCl6,delta_chi_B,0.4299999999999997,0.1073997600231973
direct_000284,Cs2TlSbI6,delta_chi_B,0.4299999999999997,0.1011760779960526
direct_000285,Cs2CuTmCl6,delta_chi_B,0.6499999999999999,-0.0152453264979816
direct_000286,Cs2AgYBr6,delta_chi_B,0.71,-0.0485098216504253
direct_000287,Cs2AgYCl6,delta_chi_B,0.71,-0.0481450113776055
direct_000288,Cs2AgYI6,delta_chi_B,0.71,-0.0387239538528091
direct_000289,Cs2AuYBr6,delta_chi_B,1.32,-0.0855614232391345
direct_000290,Cs2AuYCl6,delta_chi_B,1.32,-0.0894342469422277
direct_000291,Cs2AuYI6,delta_chi_B,1.32,-0.0778411899513748
direct_000292,Cs2CuYBr6,delta_chi_B,0.6799999999999999,-0.0378353009568213
direct_000293,Cs2CuYCl6,delta_chi_B,0.6799999999999999,-0.0360925230973221
direct_000294,Cs2CuYI6,delta_chi_B,0.6799999999999999,-0.0349100998193921
direct_000295,Cs2InYBr6,delta_chi_B,0.56,0.0629867658557834
direct_000296,Cs2InYCl6,delta_chi_B,0.56,0.0422895646957901
direct_000297,Cs2InYI6,delta_chi_B,0.56,0.0503816379215727
direct_000298,Cs2TlYBr6,delta_chi_B,0.4000000000000001,0.0579306282835623
direct_000299,Cs2TlYCl6,delta_chi_B,0.4000000000000001,0.0557576576258964
direct_000300,Cs2TlYI6,delta_chi_B,0.4000000000000001,0.062680544150529
direct_000301,K2CsAlBr6,delta_chi_B,0.8200000000000001,0.0455223649976918
direct_000302,K2CsAlCl6,delta_chi_B,0.8200000000000001,0.0440791073796727
direct_000303,K2CsAlI6,delta_chi_B,0.8200000000000001,0.0613978515005406
direct_000304,K2CsAsBr6,delta_chi_B,1.39,-0.0016463247970048
direct_000305,K2CsAsCl6,delta_chi_B,1.39,-0.010209613392581
direct_000306,K2CsBiCl6,delta_chi_B,1.23,-0.0150001040084034
direct_000307,K2CsGaCl6,delta_chi_B,1.02,0.0297221568897336
direct_000308,K2CsInCl6,delta_chi_B,0.99,0.0197964091693258
direct_000309,K2CsSbCl6,delta_chi_B,1.2599999999999998,-0.1389516936384848
direct_000310,K2CsScCl6,delta_chi_B,0.5700000000000001,-0.0509688092391876
direct_000311,Mn2CsRbCl6,delta_chi_B,0.0299999999999999,0.0133981017393287
direct_000312,Rb2CsAlBr6,delta_chi_B,0.8200000000000001,0.045551788282167
direct_000313,Rb2CsAlCl6,delta_chi_B,0.8200000000000001,0.043489521834586
direct_000314,Rb2CsAlI6,delta_chi_B,0.8200000000000001,0.0617983180034317
direct_000315,Rb2CsAsBr6,delta_chi_B,1.39,-0.0013049088820468
direct_000316,Rb2CsAsCl6,delta_chi_B,1.39,-0.0102679584463983
direct_000317,Rb2CsAsI6,delta_chi_B,1.39,-0.0480010950618538
direct_000318,Rb2CsAuCl6,delta_chi_B,1.75,-0.0921800969273662
direct_000319,Rb2CsDyCl6,delta_chi_B,0.4299999999999999,0.0296775290222221
direct_000320,Rb2CsErCl6,delta_chi_B,0.4499999999999999,0.0241875557509412
direct_000321,Rb2CsGaBr6,delta_chi_B,1.02,0.0357963976395508
direct_000322,Rb2CsGaCl6,delta_chi_B,1.02,0.029908897685817
direct_000323,Rb2CsGaI6,delta_chi_B,1.02,0.0430203251090233
direct_000324,Rb2CsGdCl6,delta_chi_B,0.4099999999999999,0.0374771792035418
direct_000325,Rb2CsInBr6,delta_chi_B,0.99,0.0215347832737711
direct_000326,Rb2CsInCl6,delta_chi_B,0.99,0.0197467403901948
direct_000327,Rb2CsLuCl6,delta_chi_B,0.48,0.0142589075077899
direct_000328,Rb2CsSbCl6,delta_chi_B,1.2599999999999998,-0.1389711616835025
direct_000329,Rb2CsScBr6,delta_chi_B,0.5700000000000001,-0.0541895879493818
direct_000330,Rb2CsScCl6,delta_chi_B,0.5700000000000001,-0.0518087027912559
direct_000331,Rb2CsTbCl6,delta_chi_B,0.31,0.0435824562688563
direct_000332,Rb2CsTlBr6,delta_chi_B,0.8300000000000001,0.0215298074890227
direct_000333,Rb2CsTmCl6,delta_chi_B,0.4599999999999999,0.0240982390251961
direct_000334,Rb2CsYBr6,delta_chi_B,0.4299999999999999,0.0270738199758954
direct_000335,Rb2CsYCl6,delta_chi_B,0.4299999999999999,0.0290585316072024
direct_000336,O2GaReCl6,delta_chi_B,0.0899999999999998,-0.0489064323676905
direct_000337,Se2NGaCl6,delta_chi_B,1.23,0.0120799171562569
direct_000338,K2AgAsBr6,delta_chi_B,0.2500000000000002,-0.001198686519608
direct_000339,K2AgAsCl6,delta_chi_B,0.2500000000000002,-0.006166530253873
direct_000340,K2AgBiBr6,delta_chi_B,0.09,-0.020975673779658
direct_000341,K2AgBiCl6,delta_chi_B,0.09,-0.0194365710353071
direct_000342,K2AgBiI6,delta_chi_B,0.09,-0.0137494649692708
direct_000343,K2AgMoBr6,delta_chi_B,0.2300000000000002,0.0866501792118087
direct_000344,K2AgMoCl6,delta_chi_B,0.2300000000000002,0.0812400301940163
direct_000345,K2AgMoI6,delta_chi_B,0.2300000000000002,0.082474440826468
direct_000346,K2AgSbBr6,delta_chi_B,0.1199999999999998,-0.0349285411460795
direct_000347,K2AgSbCl6,delta_chi_B,0.1199999999999998,-0.0356989341344135
direct_000348,K2AgSbI6,delta_chi_B,0.1199999999999998,-0.0283956859478378
direct_000349,K2AgAlBr6,delta_chi_B,0.3199999999999998,0.1303770693866716
direct_000350,K2AgAlCl6,delta_chi_B,0.3199999999999998,0.1181430490966654
direct_000351,K2AlAuCl6,delta_chi_B,0.93,0.0373691250311956
direct_000352,K2InAlBr6,delta_chi_B,0.1699999999999999,-0.1408757279757603
direct_000353,K2InAlCl6,delta_chi_B,0.1699999999999999,-0.1441310063062307
direct_000354,K2InAlI6,delta_chi_B,0.1699999999999999,-0.1264188344609839
direct_000355,K2TlAlBr6,delta_chi_B,0.01,-0.1582963460226161
direct_000356,K2TlAlCl6,delta_chi_B,0.01,-0.1571264535745327
direct_000357,K2TlAlI6,delta_chi_B,0.01,-0.1283205270022353
direct_000358,K2AsAuBr6,delta_chi_B,0.3599999999999999,0.0227868307055597
direct_000359,K2AsAuCl6,delta_chi_B,0.3599999999999999,0.0226259500442762
direct_000360,K2BiAuBr6,delta_chi_B,0.52,-0.0069667455198597
direct_000361,K2BiAuCl6,delta_chi_B,0.52,-0.0097988208471018
direct_000362,K2FBrCl6,delta_chi_B,1.02,0.0459532532432407
direct_000363,K2AgCeBr6,delta_chi_B,0.8099999999999998,-0.0146034001319135
direct_000364,K2AgCeCl6,delta_chi_B,0.8099999999999998,-0.0145933065831514
direct_000365,K2AgCeI6,delta_chi_B,0.8099999999999998,-0.0128736408478757
direct_000366,K2AuCeCl6,delta_chi_B,1.42,-0.0515465558778153
direct_000367,K2CuCeBr6,delta_chi_B,0.7799999999999998,-0.0108783428585972
direct_000368,K2CuCeCl6,delta_chi_B,0.7799999999999998,-0.0124386585722745
direct_000369,K2CuCeI6,delta_chi_B,0.7799999999999998,-0.0109027841327022
direct_000370,K2CuBiBr6,delta_chi_B,0.1200000000000001,-0.0185356190364533
direct_000371,K2CuBiCl6,delta_chi_B,0.1200000000000001,-0.0174316905791117
direct_000372,K2CuBiI6,delta_chi_B,0.1200000000000001,-0.0157972279154723
direct_000373,K2CuMoBr6,delta_chi_B,0.2600000000000002,0.0816029485199098
direct_000374,K2CuMoCl6,delta_chi_B,0.2600000000000002,0.0796541655551673
direct_000375,K2CuMoI6,delta_chi_B,0.2600000000000002,0.0710056407932997
direct_000376,K2CuSbBr6,delta_chi_B,0.1499999999999999,-0.0203054076525434
direct_000377,K2CuSbCl6,delta_chi_B,0.1499999999999999,-0.018269580060407
direct_000378,K2CuSbI6,delta_chi_B,0.1499999999999999,-0.018852123179464
direct_000379,K2AgDyCl6,delta_chi_B,0.71,-0.0217984031789601
direct_000380,K2AuDyCl6,delta_chi_B,1.32,-0.0622573019755487
direct_000381,K2CuDyCl6,delta_chi_B,0.6799999999999999,-0.0172302192720731
direct_000382,K2AgErCl6,delta_chi_B,0.69,-0.0217893345050248
direct_000383,K2AuErCl6,delta_chi_B,1.3,-0.0642886339938868
direct_000384,K2CuErCl6,delta_chi_B,0.6599999999999999,-0.0160116390001465
direct_000385,K2AgGaCl6,delta_chi_B,0.1199999999999998,0.0082793496650347
direct_000386,K2AuGdCl6,delta_chi_B,1.34,-0.0628625250468742
direct_000387,K2CuGdCl6,delta_chi_B,0.7,-0.0167707710028694
direct_000388,K2AgInBr6,delta_chi_B,0.1499999999999999,0.0664955166032495
direct_000389,K2AgInCl6,delta_chi_B,0.1499999999999999,0.0609276892444669
direct_000390,K2InAsBr6,delta_chi_B,0.4000000000000001,0.09718055945715
direct_000391,K2InAsCl6,delta_chi_B,0.4000000000000001,0.0902814094177147
direct_000392,K2InGaBr6,delta_chi_B,0.03,-0.1729500162527251
direct_000393,K2InGaCl6,delta_chi_B,0.03,-0.1726159146894514
direct_000394,K2InGaI6,delta_chi_B,0.03,-0.1450069970442272
direct_000395,K2InSbBr6,delta_chi_B,0.2699999999999998,0.1084814169314305
direct_000396,K2InSbCl6,delta_chi_B,0.2699999999999998,0.1101159787550467
direct_000397,K2InSbI6,delta_chi_B,0.2699999999999998,0.0773719643009076
direct_000398,K2AgLaCl6,delta_chi_B,0.8299999999999998,-0.0169661132281008
direct_000399,K2AuLaCl6,delta_chi_B,1.44,-0.0551302841666894
direct_000400,K2CuLaCl6,delta_chi_B,0.7999999999999998,-0.0156527382840481
direct_000401,K2LiBiBr6,delta_chi_B,1.04,-0.042117559414258
direct_000402,K2LiBiCl6,delta_chi_B,1.04,-0.0422487332917043
direct_000403,K2LiBiI6,delta_chi_B,1.04,-0.0345078328726609
direct_000404,K2LiCeBr6,delta_chi_B,0.1400000000000001,-0.0392937677248846
direct_000405,K2LiCeCl6,delta_chi_B,0.1400000000000001,-0.0382395161474717
direct_000406,K2LiCeI6,delta_chi_B,0.1400000000000001,-0.0452985846607042
direct_000407,K2LiDyCl6,delta_chi_B,0.24,0.0412235225843498
direct_000408,K2LiErCl6,delta_chi_B,0.26,0.042967898957975
direct_000409,K2LiGdCl6,delta_chi_B,0.2199999999999999,0.0392529667800701
direct_000410,K2LiInCl6,delta_chi_B,0.8,0.0186487955092149
direct_000411,K2LiLaCl6,delta_chi_B,0.1200000000000001,0.0041313627149162
direct_000412,K2LiLuCl6,delta_chi_B,0.29,0.0443695777090034
direct_000413,K2LiMoBr6,delta_chi_B,1.1800000000000002,0.027565773093809
direct_000414,K2LiMoCl6,delta_chi_B,1.1800000000000002,-0.0074107842152995
direct_000415,K2LiMoI6,delta_chi_B,1.1800000000000002,0.0379363254340238
direct_000416,K2LiNdBr6,delta_chi_B,0.1599999999999999,0.0094746365396568
direct_000417,K2LiNdCl6,delta_chi_B,0.1599999999999999,0.0097630185110266
direct_000418,K2LiNdI6,delta_chi_B,0.1599999999999999,0.0193706721777092
direct_000419,K2LiPrBr6,delta_chi_B,0.1499999999999999,0.0095368229584229
direct_000420,K2LiPrCl6,delta_chi_B,0.1499999999999999,0.0083799090451623
direct_000421,K2LiPrI6,delta_chi_B,0.1499999999999999,0.0195949384098217
direct_000422,K2LiSbBr6,delta_chi_B,1.0699999999999998,-0.0393594074077962
direct_000423,K2LiSbCl6,delta_chi_B,1.0699999999999998,-0.0389593199780091
direct_000424,K2LiSbI6,delta_chi_B,1.0699999999999998,-0.0377932945605514
direct_000425,K2LiScCl6,delta_chi_B,0.3800000000000001,0.0513698394502403
direct_000426,K2LiSmCl6,delta_chi_B,0.1899999999999999,0.0090348075446707
direct_000427,K2LiTbCl6,delta_chi_B,0.1200000000000001,0.0030689727781069
direct_000428,K2LiTlBr6,delta_chi_B,0.6400000000000001,0.0219713685376094
direct_000429,K2LiTlCl6,delta_chi_B,0.6400000000000001,0.0150743053863496
direct_000430,K2LiTmCl6,delta_chi_B,0.27,0.0434135726180503
direct_000431,K2LiYBr6,delta_chi_B,0.24,0.0491949434500576
direct_000432,K2LiYCl6,delta_chi_B,0.24,0.047452124745599
direct_000433,K2LiYI6,delta_chi_B,0.24,0.0585794322359345
direct_000434,K2AgLuCl6,delta_chi_B,0.6599999999999999,-0.0211265738324945
direct_000435,K2AuLuCl6,delta_chi_B,1.27,-0.0638867544672361
direct_000436,K2CuLuCl6,delta_chi_B,0.6299999999999999,-0.0156526765627358
direct_000437,K2NaAlCl6,delta_chi_B,0.68,0.0276421002305703
direct_000438,K2NaAsBr6,delta_chi_B,1.25,-0.079879110937847
direct_000439,K2NaAsCl6,delta_chi_B,1.25,-0.0804605659385668
direct_000440,K2NaBiBr6,delta_chi_B,1.09,-0.0373167728169048
direct_000441,K2NaBiCl6,delta_chi_B,1.09,-0.037718203252427
direct_000442,K2NaBiI6,delta_chi_B,1.09,-0.0320011968262477
direct_000443,K2NaCeBr6,delta_chi_B,0.19,-0.0160349216554895
direct_000444,K2NaCeCl6,delta_chi_B,0.19,-0.0153569384592764
direct_000445,K2NaCrCl6,delta_chi_B,0.7299999999999999,0.015685977014536
direct_000446,K2NaDyCl6,delta_chi_B,0.2899999999999999,0.0445480841085858
direct_000447,K2NaErCl6,delta_chi_B,0.3099999999999999,0.0444132088182499
direct_000448,K2NaGaBr6,delta_chi_B,0.88,0.0381544359965548
direct_000449,K2NaGaCl6,delta_chi_B,0.88,0.0275211557659024
direct_000450,K2NaGdCl6,delta_chi_B,0.2699999999999999,0.0437802239042749
direct_000451,K2NaInBr6,delta_chi_B,0.85,0.0257027514393917
direct_000452,K2NaInCl6,delta_chi_B,0.85,0.0187303960686633
direct_000453,K2NaInI6,delta_chi_B,0.85,0.0323488868954586
direct_000454,K2NaLaCl6,delta_chi_B,0.17,0.0045638530685484
direct_000455,K2NaLuCl6,delta_chi_B,0.3399999999999999,0.0448104181319917
direct_000456,K2NaMoBr6,delta_chi_B,1.23,0.0382923852473646
direct_000457,K2NaMoCl6,delta_chi_B,1.23,0.0075110819472153
direct_000458,K2NaMoI6,delta_chi_B,1.23,0.0415634317858489
direct_000459,K2NaNdBr6,delta_chi_B,0.2099999999999998,0.0187731496542089
direct_000460,K2NaNdCl6,delta_chi_B,0.2099999999999998,0.0170296277581154
direct_000461,K2NaNdI6,delta_chi_B,0.2099999999999998,0.0314221979525183
direct_000462,K2NaPrBr6,delta_chi_B,0.1999999999999998,0.0182152803824981
direct_000463,K2NaPrCl6,delta_chi_B,0.1999999999999998,0.0165493970520511
direct_000464,K2NaPrI6,delta_chi_B,0.1999999999999998,0.0304530383003183
direct_000465,K2NaSbBr6,delta_chi_B,1.1199999999999997,-0.0466137435023229
direct_000466,K2NaSbCl6,delta_chi_B,1.1199999999999997,-0.0514317133370539
direct_000467,K2NaSbI6,delta_chi_B,1.1199999999999997,-0.0454302396880927
direct_000468,K2NaScBr6,delta_chi_B,0.43,-0.032347117015708
direct_000469,K2NaScCl6,delta_chi_B,0.43,-0.0140827444832324
direct_000470,K2NaScI6,delta_chi_B,0.43,-0.0286760084016421
direct_000471,K2NaSmCl6,delta_chi_B,0.2399999999999998,0.0398896387915894
direct_000472,K2NaTbCl6,delta_chi_B,0.17,0.0048620185448965
direct_000473,K2NaTlBr6,delta_chi_B,0.6900000000000001,0.016947256822636
direct_000474,K2NaTlCl6,delta_chi_B,0.6900000000000001,0.0142153820483263
direct_000475,K2NaTlI6,delta_chi_B,0.6900000000000001,-0.0033171336997965
direct_000476,K2NaTmCl6,delta_chi_B,0.3199999999999999,0.0446253006423813
direct_000477,K2NaYBr6,delta_chi_B,0.2899999999999999,0.0522315776142737
direct_000478,K2NaYCl6,delta_chi_B,0.2899999999999999,0.0510717953657032
direct_000479,K2NaYI6,delta_chi_B,0.2899999999999999,0.065464637667878
direct_000480,K2AgNdBr6,delta_chi_B,0.79,-0.0181752212330989
direct_000481,K2AgNdCl6,delta_chi_B,0.79,-0.0187561036805528
direct_000482,K2AgNdI6,delta_chi_B,0.79,-0.0162329297941886
direct_000483,K2AuNdCl6,delta_chi_B,1.4,-0.0639472630694473
direct_000484,K2CuNdBr6,delta_chi_B,0.76,-0.0140506987706971
direct_000485,K2CuNdCl6,delta_chi_B,0.76,-0.0151943850438838
direct_000486,K2CuNdI6,delta_chi_B,0.76,-0.0148014331908996
direct_000487,K2AgPrBr6,delta_chi_B,0.8,-0.017741943855017
direct_000488,K2AgPrCl6,delta_chi_B,0.8,-0.0176994340528757
direct_000489,K2AgPrI6,delta_chi_B,0.8,-0.016041923116361
direct_000490,K2AuPrCl6,delta_chi_B,1.41,-0.0638750902713032
direct_000491,K2CuPrBr6,delta_chi_B,0.77,-0.0139985099309307
direct_000492,K2CuPrCl6,delta_chi_B,0.77,-0.0151352595121922
direct_000493,K2CuPrI6,delta_chi_B,0.77,-0.0147617781680411
direct_000494,K2RbAlBr6,delta_chi_B,0.7900000000000001,0.0465974154229979
direct_000495,K2RbAlCl6,delta_chi_B,0.7900000000000001,0.0425839167786414
direct_000496,K2RbAlI6,delta_chi_B,0.7900000000000001,0.0621013578480297
direct_000497,K2RbAsBr6,delta_chi_B,1.3600000000000003,0.0067388570948858
direct_000498,K2RbAsCl6,delta_chi_B,1.3600000000000003,0.0081219650439379
direct_000499,K2RbAsI6,delta_chi_B,1.3600000000000003,-0.0616135720072494
direct_000500,K2RbAuCl6,delta_chi_B,1.7200000000000002,-0.0962300214743619
direct_000501,K2RbBiBr6,delta_chi_B,1.2000000000000002,0.0044610408851979
direct_000502,K2RbBiCl6,delta_chi_B,1.2000000000000002,-0.0071804499437863
direct_000503,K2RbBiI6,delta_chi_B,1.2000000000000002,-0.015141770811265
direct_000504,K2RbCeBr6,delta_chi_B,0.3000000000000001,0.022126994131454
direct_000505,K2RbCeCl6,delta_chi_B,0.3000000000000001,0.0234088680407605
direct_000506,K2RbCeI6,delta_chi_B,0.3000000000000001,0.0239242601912975
direct_000507,K2RbDyCl6,delta_chi_B,0.4,0.0396189855400012
direct_000508,K2RbErCl6,delta_chi_B,0.42,0.0362587450644659
direct_000509,K2RbGaBr6,delta_chi_B,0.99,0.0379309479134367
direct_000510,K2RbGaCl6,delta_chi_B,0.99,0.030723155589178
direct_000511,K2RbGaI6,delta_chi_B,0.99,0.0483428034019377
direct_000512,K2RbGdCl6,delta_chi_B,0.38,0.043618726261477
direct_000513,K2RbInBr6,delta_chi_B,0.96,0.0247239224370944
direct_000514,K2RbInCl6,delta_chi_B,0.96,0.0211046915447584
direct_000515,K2RbLuCl6,delta_chi_B,0.45,0.0168796484155328
direct_000516,K2RbMoBr6,delta_chi_B,1.3400000000000003,0.0002954480269981
direct_000517,K2RbMoCl6,delta_chi_B,1.3400000000000003,-0.0036182201927264
direct_000518,K2RbMoI6,delta_chi_B,1.3400000000000003,-0.0118031745951016
direct_000519,K2RbNdBr6,delta_chi_B,0.3199999999999999,0.049275903492785
direct_000520,K2RbNdCl6,delta_chi_B,0.3199999999999999,0.047650758534112
direct_000521,K2RbNdI6,delta_chi_B,0.3199999999999999,0.0528102120337426
direct_000522,K2RbPrBr6,delta_chi_B,0.3099999999999999,0.0492014958924445
direct_000523,K2RbPrCl6,delta_chi_B,0.3099999999999999,0.0476419122007898
direct_000524,K2RbPrI6,delta_chi_B,0.3099999999999999,0.0531634026373453
direct_000525,K2RbSbBr6,delta_chi_B,1.23,0.0204235862270713
direct_000526,K2RbSbCl6,delta_chi_B,1.23,0.0053116152858317
direct_000527,K2RbSbI6,delta_chi_B,1.23,0.0120331650022205
direct_000528,K2RbScBr6,delta_chi_B,0.5400000000000001,-0.0504914920772021
direct_000529,K2RbScCl6,delta_chi_B,0.5400000000000001,-0.0455071322050284
direct_000530,K2RbTbCl6,delta_chi_B,0.2800000000000001,0.0425076236047096
direct_000531,K2RbTlBr6,delta_chi_B,0.8000000000000002,0.0209077226795256
direct_000532,K2RbTmCl6,delta_chi_B,0.43,0.0287929261185247
direct_000533,K2RbYBr6,delta_chi_B,0.4,0.0417637615586894
direct_000534,K2RbYCl6,delta_chi_B,0.4,0.0392269218343824
direct_000535,K2RbYI6,delta_chi_B,0.4,0.0334960722872339
direct_000536,K2AuSbBr6,delta_chi_B,0.4900000000000002,-0.0002144052943385
direct_000537,K2AuSbCl6,delta_chi_B,0.4900000000000002,-0.0022545279978982
direct_000538,K2AgScBr6,delta_chi_B,0.5699999999999998,-0.0491426569043884
direct_000539,K2AgScCl6,delta_chi_B,0.5699999999999998,-0.0181954123017148
direct_000540,K2AgScI6,delta_chi_B,0.5699999999999998,-0.0402042204888547
direct_000541,K2AuScBr6,delta_chi_B,1.18,-0.0490020959849527
direct_000542,K2AuScCl6,delta_chi_B,1.18,-0.055578613527082
direct_000543,K2AuScI6,delta_chi_B,1.18,-0.0431152780252866
direct_000544,K2CuScCl6,delta_chi_B,0.5399999999999998,0.0084091376678367
direct_000545,K2InScBr6,delta_chi_B,0.4199999999999999,0.1211796024335071
direct_000546,K2InScCl6,delta_chi_B,0.4199999999999999,0.1125162317606726
direct_000547,K2InScI6,delta_chi_B,0.4199999999999999,0.124191664424729
direct_000548,K2TlScBr6,delta_chi_B,0.26,0.1058519820883555
direct_000549,K2TlScCl6,delta_chi_B,0.26,0.0983459872573276
direct_000550,K2AgSmCl6,delta_chi_B,0.76,-0.018937649592878
direct_000551,K2AuSmCl6,delta_chi_B,1.37,-0.0638577146076876
direct_000552,K2CuSmCl6,delta_chi_B,0.73,-0.0165992016746568
direct_000553,K2AgTbCl6,delta_chi_B,0.8299999999999998,-0.0180861110715495
direct_000554,K2AuTbCl6,delta_chi_B,1.44,-0.062928841636326
direct_000555,K2CuTbCl6,delta_chi_B,0.7999999999999998,-0.0142811429661639
direct_000556,K2TlAsBr6,delta_chi_B,0.56,0.0837728038565928
direct_000557,K2TlAsCl6,delta_chi_B,0.56,0.0827133282376804
direct_000558,K2TlAsI6,delta_chi_B,0.56,0.0903168071216781
direct_000559,K2TlGaBr6,delta_chi_B,0.1899999999999999,-0.1585537280097829
direct_000560,K2TlGaCl6,delta_chi_B,0.1899999999999999,-0.161913779571735
direct_000561,K2TlGaI6,delta_chi_B,0.1899999999999999,-0.127492960959041
direct_000562,K2TlInBr6,delta_chi_B,0.1599999999999999,-0.1239165699111836
direct_000563,K2TlInCl6,delta_chi_B,0.1599999999999999,-0.1128554933345646
direct_000564,K2TlInI6,delta_chi_B,0.1599999999999999,-0.1005908038088212
direct_000565,K2TlSbBr6,delta_chi_B,0.4299999999999997,0.1086103072114278
direct_000566,K2TlSbCl6,delta_chi_B,0.4299999999999997,0.1068900546264268
direct_000567,K2AgTmCl6,delta_chi_B,0.6799999999999999,-0.022673199626558
direct_000568,K2AuTmCl6,delta_chi_B,1.29,-0.0639580177377204
direct_000569,K2CuTmCl6,delta_chi_B,0.6499999999999999,-0.0160779733270842
direct_000570,K2AgYBr6,delta_chi_B,0.71,-0.0484159496833251
direct_000571,K2AgYCl6,delta_chi_B,0.71,-0.04522218921158
direct_000572,K2AgYI6,delta_chi_B,0.71,-0.0393829229491236
direct_000573,K2AuYBr6,delta_chi_B,1.32,-0.0864711534651553
direct_000574,K2AuYCl6,delta_chi_B,1.32,-0.0920550384369365
direct_000575,K2AuYI6,delta_chi_B,1.32,-0.0775095800118766
direct_000576,K2CuYBr6,delta_chi_B,0.6799999999999999,-0.0376963365882498
direct_000577,K2CuYCl6,delta_chi_B,0.6799999999999999,-0.0340515725166229
direct_000578,K2CuYI6,delta_chi_B,0.6799999999999999,-0.0347886215553138
direct_000579,K2InYCl6,delta_chi_B,0.56,0.0370998982752553
direct_000580,K2TlYBr6,delta_chi_B,0.4000000000000001,0.0548819972303599
direct_000581,Rb2KAlBr6,delta_chi_B,0.7900000000000001,0.0473165677464456
direct_000582,Rb2KAlCl6,delta_chi_B,0.7900000000000001,0.0407285395104133
direct_000583,Rb2KAlI6,delta_chi_B,0.7900000000000001,0.0621539938799603
direct_000584,Rb2KAsBr6,delta_chi_B,1.3600000000000003,-0.0010095846729175
direct_000585,Rb2KAsCl6,delta_chi_B,1.3600000000000003,0.001706697167763
direct_000586,Rb2KAsI6,delta_chi_B,1.3600000000000003,-0.0707638837311914
direct_000587,Rb2KAuCl6,delta_chi_B,1.7200000000000002,-0.1009668546831597
direct_000588,Rb2KDyCl6,delta_chi_B,0.4,0.0362160132827503
direct_000589,Rb2KErCl6,delta_chi_B,0.42,0.0343160636535048
direct_000590,Rb2KGaBr6,delta_chi_B,0.99,0.0383320017655713
direct_000591,Rb2KGaCl6,delta_chi_B,0.99,0.0290053967435626
direct_000592,Rb2KGaI6,delta_chi_B,0.99,0.0486749040691125
direct_000593,Rb2KGdCl6,delta_chi_B,0.38,0.0400508222102326
direct_000594,Rb2KInBr6,delta_chi_B,0.96,0.0238885648630052
direct_000595,Rb2KInCl6,delta_chi_B,0.96,0.0198668392427148
direct_000596,Rb2KInI6,delta_chi_B,0.96,0.0382700297226797
direct_000597,Rb2KLaCl6,delta_chi_B,0.2800000000000001,0.0386274120427042
direct_000598,Rb2KLuCl6,delta_chi_B,0.45,0.0176769749146077
direct_000599,Rb2KScBr6,delta_chi_B,0.5400000000000001,-0.0539885555342961
direct_000600,Rb2KScCl6,delta_chi_B,0.5400000000000001,-0.0493580276774747
direct_000601,Rb2KScI6,delta_chi_B,0.5400000000000001,-0.0486454623380016
direct_000602,Rb2KSmCl6,delta_chi_B,0.35,0.0402581312658775
direct_000603,Rb2KTbCl6,delta_chi_B,0.2800000000000001,0.0411322615634989
direct_000604,Rb2KTlBr6,delta_chi_B,0.8000000000000002,0.0230703639606989
direct_000605,Rb2KTlCl6,delta_chi_B,0.8000000000000002,0.0202496494521947
direct_000606,Rb2KTlI6,delta_chi_B,0.8000000000000002,0.0327957976174121
direct_000607,Rb2KTmCl6,delta_chi_B,0.43,0.0255435108880994
direct_000608,Li2CuSbCl6,delta_chi_B,0.1499999999999999,-0.0183742083173947
direct_000609,Li2CuInCl6,delta_chi_B,0.1199999999999998,0.000220227716139
direct_000610,Li2CuScCl6,delta_chi_B,0.5399999999999998,0.0125526687492358
direct_000611,Tl2LiScCl6,delta_chi_B,0.3800000000000001,0.0522355319254894
direct_000612,Tl2LiInCl6,delta_chi_B,0.8,0.0078111214554907
direct_000613,Tl2LiYCl6,delta_chi_B,0.24,0.0376314350403522
direct_000614,O2MoPCl6,delta_chi_B,0.0299999999999998,-0.0464277811957076
direct_000615,Na2AgAsBr6,delta_chi_B,0.2500000000000002,-0.0012110061964516
direct_000616,Na2AgAsCl6,delta_chi_B,0.2500000000000002,-0.0062274243536175
direct_000617,Na2AgSbCl6,delta_chi_B,0.1199999999999998,-0.0357447668219053
direct_000618,Na2AgAlBr6,delta_chi_B,0.3199999999999998,0.1301078177871536
direct_000619,Na2AgAlCl6,delta_chi_B,0.3199999999999998,0.1180380222867753
direct_000620,Na2CuBiBr6,delta_chi_B,0.1200000000000001,-0.018552594153838
direct_000621,Na2CuBiCl6,delta_chi_B,0.1200000000000001,-0.0175270180979002
direct_000622,Na2CuSbCl6,delta_chi_B,0.1499999999999999,-0.0183743147589513
direct_000623,Na2CuDyCl6,delta_chi_B,0.6799999999999999,-0.0173641211086687
direct_000624,Na2CuErCl6,delta_chi_B,0.6599999999999999,-0.0161336598783201
direct_000625,Na2CuEuCl6,delta_chi_B,0.7,-0.0168773028409101
direct_000626,Na2AgGaCl6,delta_chi_B,0.1199999999999998,0.0085889811148069
direct_000627,Na2AgInBr6,delta_chi_B,0.1499999999999999,0.0665332066176171
direct_000628,Na2AgInCl6,delta_chi_B,0.1499999999999999,0.0606154717835579
direct_000629,Na2CuLaCl6,delta_chi_B,0.7999999999999998,-0.0158586654729738
direct_000630,Na2LiBiBr6,delta_chi_B,1.04,-0.0421298249574786
direct_000631,Na2LiBiCl6,delta_chi_B,1.04,-0.0421636904633824
direct_000632,Na2LiBiI6,delta_chi_B,1.04,-0.0345109506240157
direct_000633,Na2LiCeCl6,delta_chi_B,0.1400000000000001,-0.0383293572894041
direct_000634,Na2LiDyCl6,delta_chi_B,0.24,0.0411826844301757
direct_000635,Na2LiErCl6,delta_chi_B,0.26,0.0429271763037749
direct_000636,Na2LiGdCl6,delta_chi_B,0.2199999999999999,0.0391957597597834
direct_000637,Na2LiInCl6,delta_chi_B,0.8,0.0185074956023204
direct_000638,Na2LiLaCl6,delta_chi_B,0.1200000000000001,0.003918958539449
direct_000639,Na2LiLuCl6,delta_chi_B,0.29,0.0443667059798434
direct_000640,Na2LiNdCl6,delta_chi_B,0.1599999999999999,0.0097898014030971
direct_000641,Na2LiPrCl6,delta_chi_B,0.1499999999999999,0.008364660480686
direct_000642,Na2LiSbCl6,delta_chi_B,1.0699999999999998,-0.0383115127019497
direct_000643,Na2LiScCl6,delta_chi_B,0.3800000000000001,0.0513604662646594
direct_000644,Na2LiSmCl6,delta_chi_B,0.1899999999999999,0.0090108237565713
direct_000645,Na2LiTbCl6,delta_chi_B,0.1200000000000001,0.003041175848829
direct_000646,Na2LiTlBr6,delta_chi_B,0.6400000000000001,0.0219720515890216
direct_000647,Na2LiTlCl6,delta_chi_B,0.6400000000000001,0.0150268971364564
direct_000648,Na2LiTmCl6,delta_chi_B,0.27,0.0434079774728609
direct_000649,Na2LiYBr6,delta_chi_B,0.24,0.0492320830653972
direct_000650,Na2LiYCl6,delta_chi_B,0.24,0.0473327241168324
direct_000651,Na2AgLuCl6,delta_chi_B,0.6599999999999999,-0.0212642771562439
direct_000652,Na2CuLuCl6,delta_chi_B,0.6299999999999999,-0.015774329658893
direct_000653,Na2CuNdCl6,delta_chi_B,0.76,-0.0153238514993012
direct_000654,Na2CuPrCl6,delta_chi_B,0.77,-0.0152881076156038
direct_000655,Na2AgScCl6,delta_chi_B,0.5699999999999998,-0.0222240203177777
direct_000656,Na2CuScCl6,delta_chi_B,0.5399999999999998,0.0138991101893727
direct_000657,Na2CuSmCl6,delta_chi_B,0.73,-0.0167241637701553
direct_000658,Na2CuTbCl6,delta_chi_B,0.7999999999999998,-0.0144224077019896
direct_000659,Na2AgTmCl6,delta_chi_B,0.6799999999999999,-0.022804710359783
direct_000660,Na2CuTmCl6,delta_chi_B,0.6499999999999999,-0.0161999902943558
direct_000661,Na2CuYBr6,delta_chi_B,0.6799999999999999,-0.0377475566096407
direct_000662,Na2CuYCl6,delta_chi_B,0.6799999999999999,-0.0341365272212596
direct_000663,O2NbPCl6,delta_chi_B,0.5899999999999999,0.0429988011798739
direct_000664,Rb2AgAsBr6,delta_chi_B,0.2500000000000002,-0.0007458609474199
direct_000665,Rb2AgAsCl6,delta_chi_B,0.2500000000000002,-0.0067099898980859
direct_000666,Rb2AgBiBr6,delta_chi_B,0.09,-0.0212025415504862
direct_000667,Rb2AgBiCl6,delta_chi_B,0.09,-0.0198324347844738
direct_000668,Rb2AgBiI6,delta_chi_B,0.09,-0.013685122272029
direct_000669,Rb2AgMoBr6,delta_chi_B,0.2300000000000002,0.0868874679771422
direct_000670,Rb2AgMoCl6,delta_chi_B,0.2300000000000002,0.0855895198415023
direct_000671,Rb2AgMoI6,delta_chi_B,0.2300000000000002,0.0824132508434318
direct_000672,Rb2AgSbBr6,delta_chi_B,0.1199999999999998,-0.0349761141238724
direct_000673,Rb2AgSbCl6,delta_chi_B,0.1199999999999998,-0.0355936815027499
direct_000674,Rb2AgSbI6,delta_chi_B,0.1199999999999998,-0.028062104742655
direct_000675,Rb2AgAlBr6,delta_chi_B,0.3199999999999998,0.1301888005160607
direct_000676,Rb2AgAlCl6,delta_chi_B,0.3199999999999998,0.1200651628092928
direct_000677,Rb2AlAuCl6,delta_chi_B,0.93,0.0371912986447896
direct_000678,Rb2InAlBr6,delta_chi_B,0.1699999999999999,-0.1403080119404537
direct_000679,Rb2InAlCl6,delta_chi_B,0.1699999999999999,-0.146863677932663
direct_000680,Rb2InAlI6,delta_chi_B,0.1699999999999999,-0.1260229882629654
direct_000681,Rb2TlAlBr6,delta_chi_B,0.01,-0.1585631080582648
direct_000682,Rb2TlAlCl6,delta_chi_B,0.01,-0.1562419443132953
direct_000683,Rb2TlAlI6,delta_chi_B,0.01,-0.1282319543410653
direct_000684,Rb2AsAuCl6,delta_chi_B,0.3599999999999999,0.0226293240766006
direct_000685,Rb2BiAuBr6,delta_chi_B,0.52,-0.0069870824270195
direct_000686,Rb2BiAuCl6,delta_chi_B,0.52,-0.0095359519254255
direct_000687,Rb2FBrCl6,delta_chi_B,1.02,0.0480108999639859
direct_000688,Rb2AgCeBr6,delta_chi_B,0.8099999999999998,-0.0145828048774711
direct_000689,Rb2AgCeCl6,delta_chi_B,0.8099999999999998,-0.0145969271087054
direct_000690,Rb2AgCeI6,delta_chi_B,0.8099999999999998,-0.0128389974218986
direct_000691,Rb2CuCeBr6,delta_chi_B,0.7799999999999998,-0.0108823476018434
direct_000692,Rb2CuCeCl6,delta_chi_B,0.7799999999999998,-0.0123814154776449
direct_000693,Rb2CuBiBr6,delta_chi_B,0.1200000000000001,-0.0184904016214304
direct_000694,Rb2CuBiCl6,delta_chi_B,0.1200000000000001,-0.017278827254085
direct_000695,Rb2CuBiI6,delta_chi_B,0.1200000000000001,-0.0157865046179566
direct_000696,Rb2CuMoBr6,delta_chi_B,0.2600000000000002,0.0816160591417602
direct_000697,Rb2CuMoCl6,delta_chi_B,0.2600000000000002,0.0835700975455176
direct_000698,Rb2CuMoI6,delta_chi_B,0.2600000000000002,0.0693848281120115
direct_000699,Rb2CuSbBr6,delta_chi_B,0.1499999999999999,-0.0202891476375044
direct_000700,Rb2CuSbCl6,delta_chi_B,0.1499999999999999,-0.0166200744118109
direct_000701,Rb2CuSbI6,delta_chi_B,0.1499999999999999,-0.0187886819148595
direct_000702,Rb2AgDyCl6,delta_chi_B,0.71,-0.0217140616007263
direct_000703,Rb2AuDyCl6,delta_chi_B,1.32,-0.0621975899984264
direct_000704,Rb2CuDyCl6,delta_chi_B,0.6799999999999999,-0.0172077872269647
direct_000705,Rb2AgErCl6,delta_chi_B,0.69,-0.0217778286551226
direct_000706,Rb2AuErCl6,delta_chi_B,1.3,-0.0642130614706039
direct_000707,Rb2CuErCl6,delta_chi_B,0.6599999999999999,-0.0159364349501797
direct_000708,Rb2AgGaBr6,delta_chi_B,0.1199999999999998,-0.0073959751179244
direct_000709,Rb2AgGaCl6,delta_chi_B,0.1199999999999998,0.0071532973671123
direct_000710,Rb2AgGdCl6,delta_chi_B,0.73,-0.0201488078983852
direct_000711,Rb2AgInBr6,delta_chi_B,0.1499999999999999,0.0664194698814174
direct_000712,Rb2AgInCl6,delta_chi_B,0.1499999999999999,0.0631981148447042
direct_000713,Rb2InAsBr6,delta_chi_B,0.4000000000000001,0.096833379782302
direct_000714,Rb2InAsCl6,delta_chi_B,0.4000000000000001,0.0915716465553374
direct_000715,Rb2InBiCl6,delta_chi_B,0.24,0.1012296411392337
direct_000716,Rb2InGaBr6,delta_chi_B,0.03,-0.1724906063735043
direct_000717,Rb2InGaCl6,delta_chi_B,0.03,-0.1725103924702206
direct_000718,Rb2InGaI6,delta_chi_B,0.03,-0.1440030723931908
direct_000719,Rb2InSbBr6,delta_chi_B,0.2699999999999998,0.1085264426518385
direct_000720,Rb2InSbCl6,delta_chi_B,0.2699999999999998,0.1096172829339425
direct_000721,Rb2InSbI6,delta_chi_B,0.2699999999999998,0.0776793474572396
direct_000722,Rb2AgLaCl6,delta_chi_B,0.8299999999999998,-0.0171524396070073
direct_000723,Rb2AuLaCl6,delta_chi_B,1.44,-0.0552506077803375
direct_000724,Rb2CuLaCl6,delta_chi_B,0.7999999999999998,-0.0155871538557911
direct_000725,Rb2LiBiBr6,delta_chi_B,1.04,-0.0419220220687598
direct_000726,Rb2LiBiCl6,delta_chi_B,1.04,-0.0424301760744725
direct_000727,Rb2LiBiI6,delta_chi_B,1.04,-0.0345197300000051
direct_000728,Rb2LiCeBr6,delta_chi_B,0.1400000000000001,-0.0392880000221711
direct_000729,Rb2LiCeCl6,delta_chi_B,0.1400000000000001,-0.0377726716713274
direct_000730,Rb2LiCeI6,delta_chi_B,0.1400000000000001,-0.0459172824212889
direct_000731,Rb2LiDyBr6,delta_chi_B,0.24,0.0427858155418819
direct_000732,Rb2LiDyCl6,delta_chi_B,0.24,0.0412170673381169
direct_000733,Rb2LiErCl6,delta_chi_B,0.26,0.0429699747520911
direct_000734,Rb2LiGdCl6,delta_chi_B,0.2199999999999999,0.03924595541694
direct_000735,Rb2LiHoCl6,delta_chi_B,0.25,0.0407396651647537
direct_000736,Rb2LiInCl6,delta_chi_B,0.8,0.0185039654785327
direct_000737,Rb2LiLaCl6,delta_chi_B,0.1200000000000001,0.0052918956953276
direct_000738,Rb2LiMoBr6,delta_chi_B,1.1800000000000002,0.0291372606143387
direct_000739,Rb2LiMoCl6,delta_chi_B,1.1800000000000002,-0.001867283069614
direct_000740,Rb2LiMoI6,delta_chi_B,1.1800000000000002,0.0379497730317649
direct_000741,Rb2LiNdBr6,delta_chi_B,0.1599999999999999,0.0095031195620403
direct_000742,Rb2LiNdCl6,delta_chi_B,0.1599999999999999,0.009532428303606
direct_000743,Rb2LiNdI6,delta_chi_B,0.1599999999999999,0.0193649843721486
direct_000744,Rb2LiPrBr6,delta_chi_B,0.1499999999999999,0.0095409471364219
direct_000745,Rb2LiPrCl6,delta_chi_B,0.1499999999999999,0.0088152351102393
direct_000746,Rb2LiPrI6,delta_chi_B,0.1499999999999999,0.0195904447686053
direct_000747,Rb2LiRhCl6,delta_chi_B,1.2999999999999998,-0.0670293857046193
direct_000748,Rb2LiSbBr6,delta_chi_B,1.0699999999999998,-0.0393570949412476
direct_000749,Rb2LiSbCl6,delta_chi_B,1.0699999999999998,-0.0396212479436575
direct_000750,Rb2LiSbI6,delta_chi_B,1.0699999999999998,-0.0377523809290158
direct_000751,Rb2LiScCl6,delta_chi_B,0.3800000000000001,0.0548093587360264
direct_000752,Rb2LiSmCl6,delta_chi_B,0.1899999999999999,0.0090099544286394
direct_000753,Rb2LiTbCl6,delta_chi_B,0.1200000000000001,0.0030545536145433
direct_000754,Rb2LiTlBr6,delta_chi_B,0.6400000000000001,0.0219942579600977
direct_000755,Rb2LiTlCl6,delta_chi_B,0.6400000000000001,0.0150330084514902
direct_000756,Rb2LiTmCl6,delta_chi_B,0.27,0.0434237577849086
direct_000757,Rb2LiYBr6,delta_chi_B,0.24,0.0488413263440151
direct_000758,Rb2LiYCl6,delta_chi_B,0.24,0.0474195391031661
direct_000759,Rb2LiYI6,delta_chi_B,0.24,0.058547185977812
direct_000760,Rb2AgLuCl6,delta_chi_B,0.6599999999999999,-0.0207843556041326
direct_000761,Rb2AuLuCl6,delta_chi_B,1.27,-0.0634777056201009
direct_000762,Rb2CuLuCl6,delta_chi_B,0.6299999999999999,-0.0156264665549106
direct_000763,Rb2NaAlCl6,delta_chi_B,0.68,0.029573507186254
direct_000764,Rb2NaAsBr6,delta_chi_B,1.25,-0.0793020446560704
direct_000765,Rb2NaAsCl6,delta_chi_B,1.25,-0.0808162190188064
direct_000766,Rb2NaBiBr6,delta_chi_B,1.09,-0.0371351462215423
direct_000767,Rb2NaBiCl6,delta_chi_B,1.09,-0.0378744711598747
direct_000768,Rb2NaBiI6,delta_chi_B,1.09,-0.0320130939535918
direct_000769,Rb2NaCeBr6,delta_chi_B,0.19,-0.016029153952776
direct_000770,Rb2NaCeCl6,delta_chi_B,0.19,-0.0155813558010146
direct_000771,Rb2NaCeI6,delta_chi_B,0.19,-0.0191732990307634
direct_000772,Rb2NaCrCl6,delta_chi_B,0.7299999999999999,0.0164107534635069
direct_000773,Rb2NaDyCl6,delta_chi_B,0.2899999999999999,0.0445359574213511
direct_000774,Rb2NaErCl6,delta_chi_B,0.3099999999999999,0.0444136141925702
direct_000775,Rb2NaGaBr6,delta_chi_B,0.88,0.0376531501052781
direct_000776,Rb2NaGaCl6,delta_chi_B,0.88,0.0296000713897493
direct_000777,Rb2NaGdCl6,delta_chi_B,0.2699999999999999,0.0437637484807171
direct_000778,Rb2NaInBr6,delta_chi_B,0.85,0.0256978182815659
direct_000779,Rb2NaInCl6,delta_chi_B,0.85,0.0188271242531636
direct_000780,Rb2NaInI6,delta_chi_B,0.85,0.0329590194503454
direct_000781,Rb2NaLaCl6,delta_chi_B,0.17,0.0043906962375241
direct_000782,Rb2NaMoBr6,delta_chi_B,1.23,0.0402677386305846
direct_000783,Rb2NaMoCl6,delta_chi_B,1.23,0.0183049414752493
direct_000784,Rb2NaMoI6,delta_chi_B,1.23,0.0413262982824336
direct_000785,Rb2NaNdBr6,delta_chi_B,0.2099999999999998,0.0187923214764401
direct_000786,Rb2NaNdCl6,delta_chi_B,0.2099999999999998,0.016806202655299
direct_000787,Rb2NaNdI6,delta_chi_B,0.2099999999999998,0.0314192596770978
direct_000788,Rb2NaPrBr6,delta_chi_B,0.1999999999999998,0.0182194045604971
direct_000789,Rb2NaPrCl6,delta_chi_B,0.1999999999999998,0.0162759413964293
direct_000790,Rb2NaPrI6,delta_chi_B,0.1999999999999998,0.0304506985558061
direct_000791,Rb2NaSbBr6,delta_chi_B,1.1199999999999997,-0.0466227183579175
direct_000792,Rb2NaSbCl6,delta_chi_B,1.1199999999999997,-0.0519728237168846
direct_000793,Rb2NaSbI6,delta_chi_B,1.1199999999999997,-0.0451992580532817
direct_000794,Rb2NaScBr6,delta_chi_B,0.43,-0.0322321190137697
direct_000795,Rb2NaScCl6,delta_chi_B,0.43,-0.0232869901591295
direct_000796,Rb2NaScI6,delta_chi_B,0.43,-0.0285038770651981
direct_000797,Rb2NaSmCl6,delta_chi_B,0.2399999999999998,0.0399900658515992
direct_000798,Rb2NaTbCl6,delta_chi_B,0.17,0.0048486723215749
direct_000799,Rb2NaTlBr6,delta_chi_B,0.6900000000000001,0.0169530971112636
direct_000800,Rb2NaTlCl6,delta_chi_B,0.6900000000000001,0.0143571809556251
direct_000801,Rb2NaTmCl6,delta_chi_B,0.3199999999999999,0.044636472233678
direct_000802,Rb2NaYBr6,delta_chi_B,0.2899999999999999,0.0520888245471492
direct_000803,Rb2NaYCl6,delta_chi_B,0.2899999999999999,0.0511837567066315
direct_000804,Rb2NaYI6,delta_chi_B,0.2899999999999999,0.065437197475283
direct_000805,Rb2AgNdBr6,delta_chi_B,0.79,-0.0181804592706916
direct_000806,Rb2AgNdCl6,delta_chi_B,0.79,-0.0187575137551555
direct_000807,Rb2AgNdI6,delta_chi_B,0.79,-0.016262217418731
direct_000808,Rb2AuNdCl6,delta_chi_B,1.4,-0.0638961362435281
direct_000809,Rb2CuNdBr6,delta_chi_B,0.76,-0.0139776925533941
direct_000810,Rb2CuNdCl6,delta_chi_B,0.76,-0.0153003775860312
direct_000811,Rb2CuNdI6,delta_chi_B,0.76,-0.0147350219446134
direct_000812,Rb2AgPrBr6,delta_chi_B,0.8,-0.0176965921867338
direct_000813,Rb2AgPrCl6,delta_chi_B,0.8,-0.0177047810950361
direct_000814,Rb2AgPrI6,delta_chi_B,0.8,-0.0160651466494938
direct_000815,Rb2AuPrCl6,delta_chi_B,1.41,-0.0639236756911512
direct_000816,Rb2CuPrBr6,delta_chi_B,0.77,-0.0139699273552604
direct_000817,Rb2CuPrCl6,delta_chi_B,0.77,-0.0152434420126761
direct_000818,Rb2CuPrI6,delta_chi_B,0.77,-0.0146946881727092
direct_000819,Rb2AuSbCl6,delta_chi_B,0.4900000000000002,-0.0022481857809098
direct_000820,Rb2AgScBr6,delta_chi_B,0.5699999999999998,-0.049218450146518
direct_000821,Rb2AgScCl6,delta_chi_B,0.5699999999999998,-0.0186159908162016
direct_000822,Rb2AgScI6,delta_chi_B,0.5699999999999998,-0.040026411067094
direct_000823,Rb2AuScBr6,delta_chi_B,1.18,-0.0490067339769515
direct_000824,Rb2AuScCl6,delta_chi_B,1.18,-0.0555569871282076
direct_000825,Rb2AuScI6,delta_chi_B,1.18,-0.0421866149264148
direct_000826,Rb2CuScCl6,delta_chi_B,0.5399999999999998,0.0070299144061858
direct_000827,Rb2InScBr6,delta_chi_B,0.4199999999999999,0.1208151677145256
direct_000828,Rb2InScCl6,delta_chi_B,0.4199999999999999,0.1133520016627554
direct_000829,Rb2InScI6,delta_chi_B,0.4199999999999999,0.1238290710589804
direct_000830,Rb2TlScBr6,delta_chi_B,0.26,0.1056547599369149
direct_000831,Rb2TlScCl6,delta_chi_B,0.26,0.0986463107058595
direct_000832,Rb2TlScI6,delta_chi_B,0.26,0.0653019167139298
direct_000833,Rb2AgSmCl6,delta_chi_B,0.76,-0.0189593337259767
direct_000834,Rb2AuSmCl6,delta_chi_B,1.37,-0.063740359610996
direct_000835,Rb2CuSmCl6,delta_chi_B,0.73,-0.0167683364193398
direct_000836,Rb2AgTbCl6,delta_chi_B,0.8299999999999998,-0.0180017694933158
direct_000837,Rb2AuTbCl6,delta_chi_B,1.44,-0.062922335911374
direct_000838,Rb2CuTbCl6,delta_chi_B,0.7999999999999998,-0.014278766238042
direct_000839,Rb2TlAsBr6,delta_chi_B,0.56,0.0840852226124701
direct_000840,Rb2TlAsCl6,delta_chi_B,0.56,0.0828928525826399
direct_000841,Rb2TlAsI6,delta_chi_B,0.56,0.0906490767252831
direct_000842,Rb2TlBiBr6,delta_chi_B,0.3999999999999999,0.1075058313826696
direct_000843,Rb2TlGaBr6,delta_chi_B,0.1899999999999999,-0.1583855669644284
direct_000844,Rb2TlGaCl6,delta_chi_B,0.1899999999999999,-0.1605062622923831
direct_000845,Rb2TlGaI6,delta_chi_B,0.1899999999999999,-0.1275955157107879
direct_000846,Rb2TlInBr6,delta_chi_B,0.1599999999999999,-0.1240369534947074
direct_000847,Rb2TlInCl6,delta_chi_B,0.1599999999999999,-0.113456925108642
direct_000848,Rb2TlInI6,delta_chi_B,0.1599999999999999,-0.100574150479104
direct_000849,Rb2TlSbBr6,delta_chi_B,0.4299999999999997,0.1091077058242174
direct_000850,Rb2TlSbCl6,delta_chi_B,0.4299999999999997,0.1070008179883874
direct_000851,Rb2TlSbI6,delta_chi_B,0.4299999999999997,0.1009994538233179
direct_000852,Rb2AgTmCl6,delta_chi_B,0.6799999999999999,-0.0227082581117434
direct_000853,Rb2AuTmCl6,delta_chi_B,1.29,-0.0638455966178371
direct_000854,Rb2CuTmCl6,delta_chi_B,0.6499999999999999,-0.0160001373644487
direct_000855,Rb2AgYBr6,delta_chi_B,0.71,-0.0485414633959333
direct_000856,Rb2AgYCl6,delta_chi_B,0.71,-0.0477870346200065
direct_000857,Rb2AgYI6,delta_chi_B,0.71,-0.0389799846360517
direct_000858,Rb2AuYBr6,delta_chi_B,1.32,-0.0864418922724
direct_000859,Rb2AuYCl6,delta_chi_B,1.32,-0.0915376030121015
direct_000860,Rb2AuYI6,delta_chi_B,1.32,-0.0775165980809475
direct_000861,Rb2CuYBr6,delta_chi_B,0.6799999999999999,-0.0376605923205851
direct_000862,Rb2CuYCl6,delta_chi_B,0.6799999999999999,-0.0342232890010473
direct_000863,Rb2CuYI6,delta_chi_B,0.6799999999999999,-0.0348214065119603
direct_000864,Rb2InYBr6,delta_chi_B,0.56,0.0625450140498049
direct_000865,Rb2InYCl6,delta_chi_B,0.56,0.038769105467587
direct_000866,Rb2InYI6,delta_chi_B,0.56,0.0542970584162155
direct_000867,Rb2TlYBr6,delta_chi_B,0.4000000000000001,0.0561840574985858
direct_000868,Rb2TlYCl6,delta_chi_B,0.4000000000000001,0.0542932912459506
direct_000869,Rb2TlYI6,delta_chi_B,0.4000000000000001,0.0624225650339695
direct_000870,O2PSbCl6,delta_chi_B,0.1400000000000001,-0.0479126595778271
direct_000871,S2NSbCl6,delta_chi_B,0.9900000000000002,0.0402696670349679
direct_000872,Cs2GeSnCl6,delta_chi_B,0.0499999999999998,0.0594103749568636
direct_000873,Cs2GeSnBr6,delta_chi_B,0.0499999999999998,0.057775450675056
direct_000874,Rb2GeSnCl6,delta_chi_B,0.0499999999999998,0.0581629531476123
direct_000875,Rb2GeSnBr6,delta_chi_B,0.0499999999999998,0.0572818179258505
direct_000876,K2GeSnBr6,delta_chi_B,0.0499999999999998,0.057459525823261
direct_000877,K2GeSnI6,delta_chi_B,0.0499999999999998,0.0632198556065839
direct_000878,Na2GeSnCl6,delta_chi_B,0.0499999999999998,0.0556136506103827
direct_000879,K2GeSnCl6,delta_chi_B,0.0499999999999998,0.055508745141307
direct_000880,Li2GeSnCl6,delta_chi_B,0.0499999999999998,0.0554540094478892
direct_000881,Li2GeSnBr6,delta_chi_B,0.0499999999999998,0.0585728124688388
direct_000882,Li2GeSnI6,delta_chi_B,0.0499999999999998,0.0639619337199135
direct_000883,Rb2GeSnI6,delta_chi_B,0.0499999999999998,0.062815990564681
direct_000884,Cs2GeSnI6,delta_chi_B,0.0499999999999998,0.0625874073431729
direct_000001,Al2OSnCl6,delta_chi_BX,0.4599999999999999,-0.0317618878268857
direct_000002,S2NAlCl6,delta_chi_BX,0.835,-0.0420230083498607
direct_000003,Cs2AgAsBr6,delta_chi_BX,0.9049999999999998,-0.054456411943696
direct_000004,Cs2AgAsCl6,delta_chi_BX,1.105,-0.0485243358008458
direct_000005,Cs2AgAuCl6,delta_chi_BX,0.9250000000000004,-0.048095316322155
direct_000006,Cs2AgBiBr6,delta_chi_BX,0.985,-0.0374744087142838
direct_000007,Cs2AgBiCl6,delta_chi_BX,1.185,-0.0366616744143817
direct_000008,Cs2AgBiI6,delta_chi_BX,0.685,-0.0409117778427089
direct_000009,Cs2AgMoBr6,delta_chi_BX,0.915,-0.0256003144324852
direct_000010,Cs2AgMoCl6,delta_chi_BX,1.1150000000000002,-0.0172854883212949
direct_000011,Cs2AgSbBr6,delta_chi_BX,0.9700000000000002,-0.0467637675994892
direct_000012,Cs2AgSbCl6,delta_chi_BX,1.1700000000000004,-0.0436223409334503
direct_000013,Cs2AgSbI6,delta_chi_BX,0.6700000000000004,-0.0514719549495878
direct_000014,Cs2AgAlBr6,delta_chi_BX,1.19,-0.0135272976822377
direct_000015,Cs2AgAlCl6,delta_chi_BX,1.39,-0.0052335281194967
direct_000016,Cs2AlAuCl6,delta_chi_BX,1.085,-0.0315917185799348
direct_000017,Cs2CuAlCl6,delta_chi_BX,1.4050000000000002,-0.0122831948087916
direct_000018,Cs2InAlBr6,delta_chi_BX,1.265,-0.0438942634196996
direct_000019,Cs2InAlCl6,delta_chi_BX,1.465,-0.0343428400888553
direct_000020,Cs2InAlI6,delta_chi_BX,0.965,-0.0526327350458969
direct_000021,Cs2TlAlBr6,delta_chi_BX,1.3449999999999998,-0.038472832842403
direct_000022,Cs2TlAlCl6,delta_chi_BX,1.545,-0.03398612311882
direct_000023,Cs2TlAlI6,delta_chi_BX,1.045,-0.0473648478146334
direct_000024,Cs2AsAuCl6,delta_chi_BX,0.7999999999999998,-0.0493444474058445
direct_000025,Cs2BrAsCl6,delta_chi_BX,0.5899999999999999,-0.0427974032299351
direct_000026,Cs2BiAuBr6,delta_chi_BX,0.6799999999999997,-0.0513599955187009
direct_000027,Cs2BiAuCl6,delta_chi_BX,0.8799999999999999,-0.0467855945603247
direct_000028,Cs2FBrCl6,delta_chi_BX,0.3099999999999996,0.0111857055090447
direct_000029,Cs2CaSnCl6,delta_chi_BX,1.6800000000000002,0.0366828598276235
direct_000030,Cs2AgCeBr6,delta_chi_BX,1.435,-0.017335749950531
direct_000031,Cs2AgCeCl6,delta_chi_BX,1.6350000000000002,-0.0188315050701454
direct_000032,Cs2AgCeI6,delta_chi_BX,1.1350000000000002,-0.0285029436949101
direct_000033,Cs2CuCeCl6,delta_chi_BX,1.65,-0.0187805585764492
direct_000034,Cs2CuCeI6,delta_chi_BX,1.15,-0.0295712716298438
direct_000035,Cs2CuAsCl6,delta_chi_BX,1.12,-0.0351702345325623
direct_000036,Cs2CuBiBr6,delta_chi_BX,1.0,-0.0375216474547211
direct_000037,Cs2CuBiCl6,delta_chi_BX,1.2000000000000002,-0.0357773349683117
direct_000038,Cs2CuBiI6,delta_chi_BX,0.7000000000000002,-0.0413724628345769
direct_000039,Cs2CuMoBr6,delta_chi_BX,0.9299999999999996,-0.0200770525678582
direct_000040,Cs2CuMoCl6,delta_chi_BX,1.13,-0.0169984317295086
direct_000041,Cs2CuMoI6,delta_chi_BX,0.6299999999999999,-0.0399672442765005
direct_000042,Cs2CuSbBr6,delta_chi_BX,0.985,-0.0405814817820507
direct_000043,Cs2CuSbCl6,delta_chi_BX,1.1850000000000005,-0.040504548905304
direct_000044,Cs2CuSbI6,delta_chi_BX,0.6850000000000003,-0.0454747317852563
direct_000045,Cs2AuDyCl6,delta_chi_BX,1.2800000000000002,-0.0395089982005451
direct_000046,Cs2CuDyCl6,delta_chi_BX,1.6,-0.0361612897634911
direct_000047,Cs2AuErCl6,delta_chi_BX,1.27,-0.040351289000378
direct_000048,Cs2CuErCl6,delta_chi_BX,1.5900000000000003,-0.035482797873157
direct_000049,Cs2AgGaBr6,delta_chi_BX,1.09,-0.0508694059721179
direct_000050,Cs2AgGaCl6,delta_chi_BX,1.29,-0.0028341553432715
direct_000051,Cs2AuGdCl6,delta_chi_BX,1.29,-0.0386783902772032
direct_000052,Cs2HgPdCl6,delta_chi_BX,1.06,-0.0449981009398852
direct_000053,Cs2IBrCl6,delta_chi_BX,0.3500000000000001,-0.0135723938698988
direct_000054,Cs2FICl6,delta_chi_BX,0.1600000000000001,0.0370948981416232
direct_000055,Cs2AgInBr6,delta_chi_BX,1.105,-0.0192546887571122
direct_000056,Cs2AgInCl6,delta_chi_BX,1.3050000000000002,-0.0116888246195055
direct_000057,Cs2InAsBr6,delta_chi_BX,0.98,-0.0232205629461971
direct_000058,Cs2InAsCl6,delta_chi_BX,1.1800000000000002,-0.0331671863753512
direct_000059,Cs2InAsI6,delta_chi_BX,0.6800000000000002,-0.0394699470679267
direct_000060,Cs2InBiBr6,delta_chi_BX,1.06,-0.0050453295308318
direct_000061,Cs2InBiCl6,delta_chi_BX,1.2600000000000002,-0.003529792176465
direct_000062,Cs2InBiI6,delta_chi_BX,0.7600000000000002,-0.0201866426181904
direct_000063,Cs2InGaBr6,delta_chi_BX,1.165,-0.0508439096252852
direct_000064,Cs2InGaCl6,delta_chi_BX,1.3650000000000002,-0.0380575760875198
direct_000065,Cs2InGaI6,delta_chi_BX,0.8650000000000002,-0.0542854745391694
direct_000066,Cs2InSbBr6,delta_chi_BX,1.045,-0.0135375889101644
direct_000067,Cs2InSbCl6,delta_chi_BX,1.245,-0.0084062020887286
direct_000068,Cs2InSbI6,delta_chi_BX,0.7450000000000001,-0.077083994652273
direct_000069,Cs2KAlBr6,delta_chi_BX,1.745,0.0343815189537564
direct_000070,Cs2KAlCl6,delta_chi_BX,1.945,0.0361159454078831
direct_000071,Cs2KAlI6,delta_chi_BX,1.445,-0.0063562041837632
direct_000072,Cs2KAsBr6,delta_chi_BX,1.46,-0.0066044656856612
direct_000073,Cs2KAsCl6,delta_chi_BX,1.66,0.0114787523576774
direct_000074,Cs2KAsI6,delta_chi_BX,1.16,-0.0668433100322593
direct_000075,Cs2KAuCl6,delta_chi_BX,1.4800000000000002,-0.0387966033631081
direct_000076,Cs2KBiBr6,delta_chi_BX,1.54,-0.0009832055874862
direct_000077,Cs2KBiCl6,delta_chi_BX,1.7400000000000002,0.0258138244209139
direct_000078,Cs2KBiI6,delta_chi_BX,1.2400000000000002,-0.0477690930510761
direct_000079,Cs2KCeBr6,delta_chi_BX,1.99,0.000929963703873
direct_000080,Cs2KCeCl6,delta_chi_BX,2.1900000000000004,0.0077269688923911
direct_000081,Cs2KCeI6,delta_chi_BX,1.6900000000000002,0.0071004508732532
direct_000082,Cs2KCrCl6,delta_chi_BX,1.92,0.0430973162900974
direct_000083,Cs2KDyCl6,delta_chi_BX,2.14,0.0558720892020373
direct_000084,Cs2KGaBr6,delta_chi_BX,1.645,-0.0062216322504827
direct_000085,Cs2KGaCl6,delta_chi_BX,1.845,0.0351567395259695
direct_000086,Cs2KGaI6,delta_chi_BX,1.3450000000000002,-0.0147191220651334
direct_000087,Cs2KHoCl6,delta_chi_BX,2.135,0.0555337013106173
direct_000088,Cs2KInBr6,delta_chi_BX,1.66,-0.004277169053329
direct_000089,Cs2KInCl6,delta_chi_BX,1.86,0.0333576794475513
direct_000090,Cs2KInI6,delta_chi_BX,1.36,-0.0170749373207175
direct_000091,Cs2KLaCl6,delta_chi_BX,2.2,0.0621880709121219
direct_000092,Cs2KLuCl6,delta_chi_BX,2.115,0.0439002978274617
direct_000093,Cs2KMoBr6,delta_chi_BX,1.47,-0.0049460507505676
direct_000094,Cs2KMoCl6,delta_chi_BX,1.6700000000000002,0.0145291975412898
direct_000095,Cs2KMoI6,delta_chi_BX,1.1700000000000002,-0.0336931023605788
direct_000096,Cs2KNdBr6,delta_chi_BX,1.98,0.0511737912391695
direct_000097,Cs2KNdCl6,delta_chi_BX,2.18,0.053823589382258
direct_000098,Cs2KNdI6,delta_chi_BX,1.6800000000000002,0.0438041856848414
direct_000099,Cs2KPrBr6,delta_chi_BX,1.985,0.0519758128943305
direct_000100,Cs2KPrCl6,delta_chi_BX,2.1850000000000005,0.054635139156742
direct_000101,Cs2KPrI6,delta_chi_BX,1.6850000000000005,0.0445470283916221
direct_000102,Cs2KSbBr6,delta_chi_BX,1.525,-0.0082259753618743
direct_000103,Cs2KSbCl6,delta_chi_BX,1.7250000000000003,0.039147937078563
direct_000104,Cs2KSbI6,delta_chi_BX,1.2250000000000003,-0.0689463252867602
direct_000105,Cs2KScBr6,delta_chi_BX,1.87,0.0011862288697301
direct_000106,Cs2KScCl6,delta_chi_BX,2.0700000000000003,0.0010946393941704
direct_000107,Cs2KScI6,delta_chi_BX,1.57,-0.0212129451814839
direct_000108,Cs2KSmCl6,delta_chi_BX,2.165,0.05468739003184
direct_000109,Cs2KTbCl6,delta_chi_BX,2.2,0.062196947678111
direct_000110,Cs2KTlBr6,delta_chi_BX,1.74,0.0434991432564989
direct_000111,Cs2KTlCl6,delta_chi_BX,1.94,0.0474205315169534
direct_000112,Cs2KTlI6,delta_chi_BX,1.4400000000000002,-0.0096732330004833
direct_000113,Cs2KYBr6,delta_chi_BX,1.94,0.0529982050642848
direct_000114,Cs2KYCl6,delta_chi_BX,2.14,0.0524498551477793
direct_000115,Cs2KYI6,delta_chi_BX,1.64,-0.0507361950946323
direct_000116,Cs2AgLaCl6,delta_chi_BX,1.645,-0.0328311358563791
direct_000117,Cs2AuLaCl6,delta_chi_BX,1.34,-0.035701719267891
direct_000118,Cs2CuLaCl6,delta_chi_BX,1.66,-0.0262096176815653
direct_000119,Cs2LiBiBr6,delta_chi_BX,1.46,-0.0285166524200083
direct_000120,Cs2LiBiCl6,delta_chi_BX,1.66,-0.0202784707574789
direct_000121,Cs2LiBiI6,delta_chi_BX,1.16,-0.0425427031525447
direct_000122,Cs2LiCeBr6,delta_chi_BX,1.91,0.0163562447078213
direct_000123,Cs2LiCeI6,delta_chi_BX,1.61,-0.0140776203421356
direct_000124,Cs2LiDyCl6,delta_chi_BX,2.06,0.0462569067016572
direct_000125,Cs2LiErCl6,delta_chi_BX,2.0500000000000003,0.0465958737652081
direct_000126,Cs2LiGdCl6,delta_chi_BX,2.0700000000000003,0.0457846022888797
direct_000127,Cs2LiInBr6,delta_chi_BX,1.58,-0.014156055410911
direct_000128,Cs2LiInCl6,delta_chi_BX,1.7800000000000002,0.0396460536009064
direct_000129,Cs2LiLaBr6,delta_chi_BX,1.92,0.066711084973189
direct_000130,Cs2LiLaCl6,delta_chi_BX,2.12,0.0785825290159899
direct_000131,Cs2LiLuCl6,delta_chi_BX,2.035,0.0469092072405971
direct_000132,Cs2LiMoBr6,delta_chi_BX,1.39,-0.0037509962692646
direct_000133,Cs2LiMoCl6,delta_chi_BX,1.59,-0.0397958235765127
direct_000134,Cs2LiMoI6,delta_chi_BX,1.09,-0.0115698693986475
direct_000135,Cs2LiNdBr6,delta_chi_BX,1.9,0.0524420708285508
direct_000136,Cs2LiNdCl6,delta_chi_BX,2.1,0.0517814286461671
direct_000137,Cs2LiNdI6,delta_chi_BX,1.6,-0.0081525168295086
direct_000138,Cs2LiPrBr6,delta_chi_BX,1.905,0.05344926078671
direct_000139,Cs2LiPrCl6,delta_chi_BX,2.1050000000000004,0.0522303042150309
direct_000140,Cs2LiPrI6,delta_chi_BX,1.6050000000000002,-0.0082543284173256
direct_000141,Cs2LiSbBr6,delta_chi_BX,1.445,-0.0297621599637724
direct_000142,Cs2LiSbCl6,delta_chi_BX,1.6450000000000002,-0.0303125904054771
direct_000143,Cs2LiSbI6,delta_chi_BX,1.1450000000000002,-0.0418844263474032
direct_000144,Cs2LiScCl6,delta_chi_BX,1.99,0.0543370431114827
direct_000145,Cs2LiSmCl6,delta_chi_BX,2.085,0.052149782573029
direct_000146,Cs2LiTbCl6,delta_chi_BX,2.12,0.0691447221421555
direct_000147,Cs2LiTlBr6,delta_chi_BX,1.66,0.0014717542763128
direct_000148,Cs2LiTlCl6,delta_chi_BX,1.86,0.0548279766774324
direct_000149,Cs2LiTmCl6,delta_chi_BX,2.045,0.0470352266438563
direct_000150,Cs2LiYBr6,delta_chi_BX,1.86,0.0422117746826139
direct_000151,Cs2LiYCl6,delta_chi_BX,2.06,0.0419711925521047
direct_000152,Cs2LiYI6,delta_chi_BX,1.56,-0.0191452382367953
direct_000153,Cs2AgLuCl6,delta_chi_BX,1.56,-0.0361586218395476
direct_000154,Cs2NaAlCl6,delta_chi_BX,1.89,0.0438403429710503
direct_000155,Cs2NaAsBr6,delta_chi_BX,1.4049999999999998,-0.0357120239002366
direct_000156,Cs2NaAsCl6,delta_chi_BX,1.605,-0.0338027340893503
direct_000157,Cs2NaBiBr6,delta_chi_BX,1.485,-0.0226434817347293
direct_000158,Cs2NaBiCl6,delta_chi_BX,1.685,0.0234159168564828
direct_000159,Cs2NaBiI6,delta_chi_BX,1.185,-0.0386602387162949
direct_000160,Cs2NaCeCl6,delta_chi_BX,2.135,0.0198744536982599
direct_000161,Cs2NaCeI6,delta_chi_BX,1.635,-0.01232017515891
direct_000162,Cs2NaCrCl6,delta_chi_BX,1.865,0.0459036995217331
direct_000163,Cs2NaDyCl6,delta_chi_BX,2.085,0.0459552260116036
direct_000164,Cs2NaErCl6,delta_chi_BX,2.075,0.047255084237268
direct_000165,Cs2NaGaBr6,delta_chi_BX,1.59,-0.0099234798355646
direct_000166,Cs2NaGaCl6,delta_chi_BX,1.79,0.0390674946264857
direct_000167,Cs2NaGdCl6,delta_chi_BX,2.095,0.0450034261473435
direct_000168,Cs2NaHoCl6,delta_chi_BX,2.08,0.046159230941264
direct_000169,Cs2NaInBr6,delta_chi_BX,1.605,-0.0122416406359425
direct_000170,Cs2NaInCl6,delta_chi_BX,1.805,0.0379429056397777
direct_000171,Cs2NaInI6,delta_chi_BX,1.3050000000000002,-0.0281327000230615
direct_000172,Cs2NaLaBr6,delta_chi_BX,1.945,0.0707615911001595
direct_000173,Cs2NaLaCl6,delta_chi_BX,2.145,0.0786520534222773
direct_000174,Cs2NaLuCl6,delta_chi_BX,2.06,0.0467097421943552
direct_000175,Cs2NaMoBr6,delta_chi_BX,1.4149999999999998,-0.0066431999764914
direct_000176,Cs2NaMoCl6,delta_chi_BX,1.615,-0.0274537394861374
direct_000177,Cs2NaMoI6,delta_chi_BX,1.115,-0.0160840021186949
direct_000178,Cs2NaNdBr6,delta_chi_BX,1.925,0.0501561840852482
direct_000179,Cs2NaNdCl6,delta_chi_BX,2.125,0.0503299138498301
direct_000180,Cs2NaPrBr6,delta_chi_BX,1.93,0.051169716184725
direct_000181,Cs2NaPrCl6,delta_chi_BX,2.13,0.0514866612651224
direct_000182,Cs2NaPrI6,delta_chi_BX,1.63,-0.0082802112525745
direct_000183,Cs2NaSbBr6,delta_chi_BX,1.47,-0.0307229142006671
direct_000184,Cs2NaSbCl6,delta_chi_BX,1.6700000000000002,0.0094988629975598
direct_000185,Cs2NaSbI6,delta_chi_BX,1.1700000000000002,-0.0499065579129905
direct_000186,Cs2NaScBr6,delta_chi_BX,1.815,0.0150708845989738
direct_000187,Cs2NaScCl6,delta_chi_BX,2.015,0.0229584060527183
direct_000188,Cs2NaScI6,delta_chi_BX,1.515,-0.0239131675047582
direct_000189,Cs2NaSmCl6,delta_chi_BX,2.1100000000000003,0.0459533823849375
direct_000190,Cs2NaTbCl6,delta_chi_BX,2.145,0.0707542851514416
direct_000191,Cs2NaTlBr6,delta_chi_BX,1.6849999999999998,0.0508839384416339
direct_000192,Cs2NaTlCl6,delta_chi_BX,1.885,0.061712144180063
direct_000193,Cs2NaTlI6,delta_chi_BX,1.385,-0.0683024734571678
direct_000194,Cs2NaTmCl6,delta_chi_BX,2.0700000000000003,0.0476725677161605
direct_000195,Cs2NaUBr6,delta_chi_BX,1.805,0.0291391299898627
direct_000196,Cs2NaUCl6,delta_chi_BX,2.005,0.0159072686090388
direct_000197,Cs2NaYBr6,delta_chi_BX,1.885,0.042092582829145
direct_000198,Cs2NaYCl6,delta_chi_BX,2.085,0.0410958553159519
direct_000199,Cs2NaYI6,delta_chi_BX,1.5850000000000002,-0.0077477130562361
direct_000200,Cs2AgNdBr6,delta_chi_BX,1.425,-0.0361781891078692
direct_000201,Cs2AgNdCl6,delta_chi_BX,1.6250000000000002,-0.0336116743108642
direct_000202,Cs2AgNdI6,delta_chi_BX,1.1250000000000002,-0.0473919517867016
direct_000203,Cs2AuNdCl6,delta_chi_BX,1.3200000000000005,-0.0382795120990834
direct_000204,Cs2CuNdBr6,delta_chi_BX,1.44,-0.0364847056701605
direct_000205,Cs2CuNdI6,delta_chi_BX,1.14,-0.0494218228509108
direct_000206,Cs2AgPrCl6,delta_chi_BX,1.6300000000000003,-0.0345388824881078
direct_000207,Cs2AgPrI6,delta_chi_BX,1.1300000000000003,-0.0482177142793042
direct_000208,Cs2AuPrCl6,delta_chi_BX,1.3250000000000002,-0.0378111190459778
direct_000209,Cs2CuPrBr6,delta_chi_BX,1.445,-0.0360645025151601
direct_000210,Cs2CuPrCl6,delta_chi_BX,1.6450000000000002,-0.0348239403743303
direct_000211,Cs2CuPrI6,delta_chi_BX,1.1450000000000002,-0.0498189330050002
direct_000212,Cs2RbAlBr6,delta_chi_BX,1.745,0.0337423980102186
direct_000213,Cs2RbAlCl6,delta_chi_BX,1.945,0.0337579027397307
direct_000214,Cs2RbAlI6,delta_chi_BX,1.445,-0.0046389170162339
direct_000215,Cs2RbAsBr6,delta_chi_BX,1.46,-0.0022447711800125
direct_000216,Cs2RbAsCl6,delta_chi_BX,1.66,0.0126574544087672
direct_000217,Cs2RbAsI6,delta_chi_BX,1.16,-0.0684372580621833
direct_000218,Cs2RbAuCl6,delta_chi_BX,1.4800000000000002,-0.0383771797911332
direct_000219,Cs2RbBiBr6,delta_chi_BX,1.54,0.0027600719518378
direct_000220,Cs2RbBiCl6,delta_chi_BX,1.7400000000000002,0.0148930972241786
direct_000221,Cs2RbBiI6,delta_chi_BX,1.2400000000000002,-0.045053079967889
direct_000222,Cs2RbCeCl6,delta_chi_BX,2.1900000000000004,0.0021331083554607
direct_000223,Cs2RbDyCl6,delta_chi_BX,2.14,0.0572397202144028
direct_000224,Cs2RbErCl6,delta_chi_BX,2.13,0.0513255054714293
direct_000225,Cs2RbGaBr6,delta_chi_BX,1.645,-0.0057572634206763
direct_000226,Cs2RbGaCl6,delta_chi_BX,1.845,0.0351066290066961
direct_000227,Cs2RbGaI6,delta_chi_BX,1.3450000000000002,-0.0129354285134063
direct_000228,Cs2RbGdCl6,delta_chi_BX,2.1500000000000004,0.0549108534427369
direct_000229,Cs2RbInBr6,delta_chi_BX,1.66,-0.00295213335949
direct_000230,Cs2RbInCl6,delta_chi_BX,1.86,0.0348830783996669
direct_000231,Cs2RbInI6,delta_chi_BX,1.36,-0.0136333497407176
direct_000232,Cs2RbLaCl6,delta_chi_BX,2.2,0.0548487882102837
direct_000233,Cs2RbLuCl6,delta_chi_BX,2.115,0.0244747055404932
direct_000234,Cs2RbNdCl6,delta_chi_BX,2.18,0.0530591908090624
direct_000235,Cs2RbPrCl6,delta_chi_BX,2.1850000000000005,0.0537304740404092
direct_000236,Cs2RbSbBr6,delta_chi_BX,1.525,-0.0042845423857353
direct_000237,Cs2RbSbCl6,delta_chi_BX,1.7250000000000003,0.0312744989867626
direct_000238,Cs2RbSbI6,delta_chi_BX,1.2250000000000003,-0.0531702801639761
direct_000239,Cs2RbScBr6,delta_chi_BX,1.87,-0.0033773536560625
direct_000240,Cs2RbScCl6,delta_chi_BX,2.0700000000000003,-0.0048139223891396
direct_000241,Cs2RbScI6,delta_chi_BX,1.57,-0.0173576183124439
direct_000242,Cs2RbSmCl6,delta_chi_BX,2.165,0.0538785724912106
direct_000243,Cs2RbTbCl6,delta_chi_BX,2.2,0.0598170395459012
direct_000244,Cs2RbTlBr6,delta_chi_BX,1.74,0.0434375465964311
direct_000245,Cs2RbTlCl6,delta_chi_BX,1.94,0.0463062510325142
direct_000246,Cs2RbTlI6,delta_chi_BX,1.4400000000000002,-0.0085640922794377
direct_000247,Cs2RbTmCl6,delta_chi_BX,2.125,0.0524335046537632
direct_000248,Cs2RbYBr6,delta_chi_BX,1.94,0.0520118787902263
direct_000249,Cs2RbYCl6,delta_chi_BX,2.14,0.0548398566942996
direct_000250,Cs2RbYI6,delta_chi_BX,1.64,-0.0518551347058708
direct_000251,Cs2AuSbBr6,delta_chi_BX,0.665,-0.0510414355469765
direct_000252,Cs2AuSbCl6,delta_chi_BX,0.8650000000000002,-0.0485153693728017
direct_000253,Cs2AgScBr6,delta_chi_BX,1.315,-0.0313406144358707
direct_000254,Cs2AgScCl6,delta_chi_BX,1.515,-0.0172012603275127
direct_000255,Cs2AgScI6,delta_chi_BX,1.015,-0.0455488068000362
direct_000256,Cs2AuScBr6,delta_chi_BX,1.0099999999999998,-0.0445018036985045
direct_000257,Cs2AuScCl6,delta_chi_BX,1.21,-0.0398771612787849
direct_000258,Cs2AuScI6,delta_chi_BX,0.71,-0.0446584733216083
direct_000259,Cs2CuScCl6,delta_chi_BX,1.5300000000000002,-0.03100060557828
direct_000260,Cs2InScBr6,delta_chi_BX,1.39,-0.0010718258128705
direct_000261,Cs2InScCl6,delta_chi_BX,1.59,-0.0007969025896861
direct_000262,Cs2InScI6,delta_chi_BX,1.09,-0.0163696155230521
direct_000263,Cs2TlScBr6,delta_chi_BX,1.4699999999999998,0.0050575363834866
direct_000264,Cs2TlScCl6,delta_chi_BX,1.67,0.0415115987538067
direct_000265,Cs2TlScI6,delta_chi_BX,1.17,-0.0479718453555739
direct_000266,Cs2AuSmCl6,delta_chi_BX,1.3050000000000002,-0.0380261688410891
direct_000267,Cs2CuSmCl6,delta_chi_BX,1.6250000000000002,-0.0351271348298838
direct_000268,Cs2AuTbCl6,delta_chi_BX,1.34,-0.0386348285985468
direct_000269,Cs2CuTbCl6,delta_chi_BX,1.66,-0.027118869619359
direct_000270,Cs2TlAsBr6,delta_chi_BX,1.0599999999999998,-0.0219500714985415
direct_000271,Cs2TlAsCl6,delta_chi_BX,1.26,-0.0166058472151047
direct_000272,Cs2TlAsI6,delta_chi_BX,0.76,-0.0179994947153771
direct_000273,Cs2TlBiBr6,delta_chi_BX,1.14,-0.005433206489028
direct_000274,Cs2TlBiCl6,delta_chi_BX,1.34,0.0005307305541635
direct_000275,Cs2TlBiI6,delta_chi_BX,0.8400000000000001,-0.0090476853423981
direct_000276,Cs2TlGaBr6,delta_chi_BX,1.245,-0.0463259426135675
direct_000277,Cs2TlGaCl6,delta_chi_BX,1.445,-0.0388812918839615
direct_000278,Cs2TlGaI6,delta_chi_BX,0.945,-0.0500886340097656
direct_000279,Cs2TlInBr6,delta_chi_BX,1.2599999999999998,-0.0453549057141175
direct_000280,Cs2TlInCl6,delta_chi_BX,1.46,-0.0367840275377887
direct_000281,Cs2TlInI6,delta_chi_BX,0.96,-0.0439864290740376
direct_000282,Cs2TlSbBr6,delta_chi_BX,1.125,-0.0126612872657494
direct_000283,Cs2TlSbCl6,delta_chi_BX,1.3250000000000002,-0.0049471714863366
direct_000284,Cs2TlSbI6,delta_chi_BX,0.8250000000000002,-0.0136247259728469
direct_000285,Cs2CuTmCl6,delta_chi_BX,1.5850000000000002,-0.035211428847338
direct_000286,Cs2AgYBr6,delta_chi_BX,1.385,-0.0366869571811841
direct_000287,Cs2AgYCl6,delta_chi_BX,1.5850000000000002,-0.0317614661436389
direct_000288,Cs2AgYI6,delta_chi_BX,1.0850000000000002,-0.046253062234678
direct_000289,Cs2AuYBr6,delta_chi_BX,1.08,-0.0447885997936645
direct_000290,Cs2AuYCl6,delta_chi_BX,1.2800000000000002,-0.0367100774221623
direct_000291,Cs2AuYI6,delta_chi_BX,0.7800000000000002,-0.0426713245696115
direct_000292,Cs2CuYBr6,delta_chi_BX,1.4,-0.0384631320779702
direct_000293,Cs2CuYCl6,delta_chi_BX,1.6,-0.0348405059652764
direct_000294,Cs2CuYI6,delta_chi_BX,1.1,-0.0425348593113102
direct_000295,Cs2InYBr6,delta_chi_BX,1.46,-0.0072804477288121
direct_000296,Cs2InYCl6,delta_chi_BX,1.66,-0.0215659941696891
direct_000297,Cs2InYI6,delta_chi_BX,1.16,-0.0408572032083379
direct_000298,Cs2TlYBr6,delta_chi_BX,1.54,-0.0291050012382081
direct_000299,Cs2TlYCl6,delta_chi_BX,1.7400000000000002,0.0405630414560023
direct_000300,Cs2TlYI6,delta_chi_BX,1.2400000000000002,-0.0244847647449865
direct_000301,K2CsAlBr6,delta_chi_BX,1.7599999999999998,0.0336990331612516
direct_000302,K2CsAlCl6,delta_chi_BX,1.96,0.0319170392772254
direct_000303,K2CsAlI6,delta_chi_BX,1.46,-0.001719509621349
direct_000304,K2CsAsBr6,delta_chi_BX,1.475,-0.0024832017287757
direct_000305,K2CsAsCl6,delta_chi_BX,1.675,0.035810286232825
direct_000306,K2CsBiCl6,delta_chi_BX,1.755,0.0063658186323038
direct_000307,K2CsGaCl6,delta_chi_BX,1.86,0.0342910935227958
direct_000308,K2CsInCl6,delta_chi_BX,1.875,0.0366841483700949
direct_000309,K2CsSbCl6,delta_chi_BX,1.7400000000000002,-0.0008218361279555
direct_000310,K2CsScCl6,delta_chi_BX,2.085,-0.0035188835982599
direct_000311,Mn2CsRbCl6,delta_chi_BX,2.3550000000000004,0.0625778543053533
direct_000312,Rb2CsAlBr6,delta_chi_BX,1.7599999999999998,0.0337423032177481
direct_000313,Rb2CsAlCl6,delta_chi_BX,1.96,0.032036223190315
direct_000314,Rb2CsAlI6,delta_chi_BX,1.46,-0.0018115813533474
direct_000315,Rb2CsAsBr6,delta_chi_BX,1.475,-0.0025542945183422
direct_000316,Rb2CsAsCl6,delta_chi_BX,1.675,0.0358030719134659
direct_000317,Rb2CsAsI6,delta_chi_BX,1.175,-0.0599504996261544
direct_000318,Rb2CsAuCl6,delta_chi_BX,1.495,-0.0344234505659436
direct_000319,Rb2CsDyCl6,delta_chi_BX,2.155,0.0583597702489591
direct_000320,Rb2CsErCl6,delta_chi_BX,2.145,0.0577703706431457
direct_000321,Rb2CsGaBr6,delta_chi_BX,1.66,-0.0002564172599003
direct_000322,Rb2CsGaCl6,delta_chi_BX,1.86,0.0343970522187051
direct_000323,Rb2CsGaI6,delta_chi_BX,1.36,-0.0085176120689699
direct_000324,Rb2CsGdCl6,delta_chi_BX,2.165,0.0558742628235121
direct_000325,Rb2CsInBr6,delta_chi_BX,1.6749999999999998,0.0300273562038428
direct_000326,Rb2CsInCl6,delta_chi_BX,1.875,0.0366416182049309
direct_000327,Rb2CsLuCl6,delta_chi_BX,2.13,0.0456989426089625
direct_000328,Rb2CsSbCl6,delta_chi_BX,1.7400000000000002,-0.0006511468635663
direct_000329,Rb2CsScBr6,delta_chi_BX,1.885,-0.0013401382293176
direct_000330,Rb2CsScCl6,delta_chi_BX,2.085,-0.0025672968589885
direct_000331,Rb2CsTbCl6,delta_chi_BX,2.215,0.0594130829235475
direct_000332,Rb2CsTlBr6,delta_chi_BX,1.755,0.0424711393849038
direct_000333,Rb2CsTmCl6,delta_chi_BX,2.14,0.058122361576245
direct_000334,Rb2CsYBr6,delta_chi_BX,1.955,0.0546372691626642
direct_000335,Rb2CsYCl6,delta_chi_BX,2.155,0.0570712166915205
direct_000336,O2GaReCl6,delta_chi_BX,1.3050000000000002,-0.0264798379717113
direct_000337,Se2NGaCl6,delta_chi_BX,0.7350000000000003,-0.0224625752473889
direct_000338,K2AgAsBr6,delta_chi_BX,0.9049999999999998,-0.0549423524858126
direct_000339,K2AgAsCl6,delta_chi_BX,1.105,-0.0465269366208371
direct_000340,K2AgBiBr6,delta_chi_BX,0.985,-0.0373651256068378
direct_000341,K2AgBiCl6,delta_chi_BX,1.185,-0.0340982547702417
direct_000342,K2AgBiI6,delta_chi_BX,0.685,-0.041305287825129
direct_000343,K2AgMoBr6,delta_chi_BX,0.915,-0.0252995976678757
direct_000344,K2AgMoCl6,delta_chi_BX,1.1150000000000002,-0.0157872626010001
direct_000345,K2AgMoI6,delta_chi_BX,0.6150000000000002,-0.0308596422601088
direct_000346,K2AgSbBr6,delta_chi_BX,0.9700000000000002,-0.0472560687861235
direct_000347,K2AgSbCl6,delta_chi_BX,1.1700000000000004,-0.0431494937981049
direct_000348,K2AgSbI6,delta_chi_BX,0.6700000000000004,-0.0499072597646379
direct_000349,K2AgAlBr6,delta_chi_BX,1.19,-0.0130958479698742
direct_000350,K2AgAlCl6,delta_chi_BX,1.39,-0.0052594353593528
direct_000351,K2AlAuCl6,delta_chi_BX,1.085,-0.0235640022468694
direct_000352,K2InAlBr6,delta_chi_BX,1.265,-0.0443753961901245
direct_000353,K2InAlCl6,delta_chi_BX,1.465,-0.034377276188609
direct_000354,K2InAlI6,delta_chi_BX,0.965,-0.0518359962597917
direct_000355,K2TlAlBr6,delta_chi_BX,1.3449999999999998,-0.0388711511096447
direct_000356,K2TlAlCl6,delta_chi_BX,1.545,-0.0359419765077249
direct_000357,K2TlAlI6,delta_chi_BX,1.045,-0.0461798220743743
direct_000358,K2AsAuBr6,delta_chi_BX,0.5999999999999996,-0.0373271001929867
direct_000359,K2AsAuCl6,delta_chi_BX,0.7999999999999998,-0.0465559293550552
direct_000360,K2BiAuBr6,delta_chi_BX,0.6799999999999997,-0.0518882034965469
direct_000361,K2BiAuCl6,delta_chi_BX,0.8799999999999999,-0.0476736279972749
direct_000362,K2FBrCl6,delta_chi_BX,0.3099999999999996,0.0113779709357382
direct_000363,K2AgCeBr6,delta_chi_BX,1.435,-0.0180238594121782
direct_000364,K2AgCeCl6,delta_chi_BX,1.6350000000000002,-0.0190973620816781
direct_000365,K2AgCeI6,delta_chi_BX,1.1350000000000002,-0.0274246489486086
direct_000366,K2AuCeCl6,delta_chi_BX,1.33,-0.0193346552531401
direct_000367,K2CuCeBr6,delta_chi_BX,1.45,-0.0177375238681392
direct_000368,K2CuCeCl6,delta_chi_BX,1.65,-0.019062678810545
direct_000369,K2CuCeI6,delta_chi_BX,1.15,-0.0284001152557122
direct_000370,K2CuBiBr6,delta_chi_BX,1.0,-0.0364372079555021
direct_000371,K2CuBiCl6,delta_chi_BX,1.2000000000000002,-0.0335412321590666
direct_000372,K2CuBiI6,delta_chi_BX,0.7000000000000002,-0.0411292566152692
direct_000373,K2CuMoBr6,delta_chi_BX,0.9299999999999996,-0.0201131578648391
direct_000374,K2CuMoCl6,delta_chi_BX,1.13,-0.0170262390198579
direct_000375,K2CuMoI6,delta_chi_BX,0.6299999999999999,-0.0380768951639048
direct_000376,K2CuSbBr6,delta_chi_BX,0.985,-0.0409821473911516
direct_000377,K2CuSbCl6,delta_chi_BX,1.1850000000000005,-0.0396618956619532
direct_000378,K2CuSbI6,delta_chi_BX,0.6850000000000003,-0.0452430035197404
direct_000379,K2AgDyCl6,delta_chi_BX,1.5850000000000002,-0.0340359131714362
direct_000380,K2AuDyCl6,delta_chi_BX,1.2800000000000002,-0.038997482090675
direct_000381,K2CuDyCl6,delta_chi_BX,1.6,-0.0362308122052956
direct_000382,K2AgErCl6,delta_chi_BX,1.5750000000000002,-0.0365715517249582
direct_000383,K2AuErCl6,delta_chi_BX,1.27,-0.0398326113145866
direct_000384,K2CuErCl6,delta_chi_BX,1.5900000000000003,-0.0358302465210656
direct_000385,K2AgGaCl6,delta_chi_BX,1.29,-0.0023154168452496
direct_000386,K2AuGdCl6,delta_chi_BX,1.29,-0.038134181497953
direct_000387,K2CuGdCl6,delta_chi_BX,1.6100000000000003,-0.0357115403252124
direct_000388,K2AgInBr6,delta_chi_BX,1.105,-0.0181897140782839
direct_000389,K2AgInCl6,delta_chi_BX,1.3050000000000002,-0.0110136881824536
direct_000390,K2InAsBr6,delta_chi_BX,0.98,-0.0238467965874476
direct_000391,K2InAsCl6,delta_chi_BX,1.1800000000000002,-0.0274349977819961
direct_000392,K2InGaBr6,delta_chi_BX,1.165,-0.0501069554080186
direct_000393,K2InGaCl6,delta_chi_BX,1.3650000000000002,-0.0376266749468361
direct_000394,K2InGaI6,delta_chi_BX,0.8650000000000002,-0.052906185516626
direct_000395,K2InSbBr6,delta_chi_BX,1.045,-0.0137444816527272
direct_000396,K2InSbCl6,delta_chi_BX,1.245,-0.0080083949507853
direct_000397,K2InSbI6,delta_chi_BX,0.7450000000000001,-0.0741469118066083
direct_000398,K2AgLaCl6,delta_chi_BX,1.645,-0.0331312862750782
direct_000399,K2AuLaCl6,delta_chi_BX,1.34,-0.0352833901003535
direct_000400,K2CuLaCl6,delta_chi_BX,1.66,-0.0267422059301024
direct_000401,K2LiBiBr6,delta_chi_BX,1.46,-0.0266730992110315
direct_000402,K2LiBiCl6,delta_chi_BX,1.66,-0.0213721824783957
direct_000403,K2LiBiI6,delta_chi_BX,1.16,-0.0420150918302352
direct_000404,K2LiCeBr6,delta_chi_BX,1.91,0.0158322883539611
direct_000405,K2LiCeCl6,delta_chi_BX,2.1100000000000003,0.0145173786322437
direct_000406,K2LiCeI6,delta_chi_BX,1.61,-0.0133722489360603
direct_000407,K2LiDyCl6,delta_chi_BX,2.06,0.0460283664823541
direct_000408,K2LiErCl6,delta_chi_BX,2.0500000000000003,0.0462872604311378
direct_000409,K2LiGdCl6,delta_chi_BX,2.0700000000000003,0.0456056750216153
direct_000410,K2LiInCl6,delta_chi_BX,1.7800000000000002,0.0432583210551526
direct_000411,K2LiLaCl6,delta_chi_BX,2.12,0.0786926775171016
direct_000412,K2LiLuCl6,delta_chi_BX,2.035,0.0461392690503563
direct_000413,K2LiMoBr6,delta_chi_BX,1.39,-0.0037064532293018
direct_000414,K2LiMoCl6,delta_chi_BX,1.59,-0.0474034412424278
direct_000415,K2LiMoI6,delta_chi_BX,1.09,-0.0104299681152792
direct_000416,K2LiNdBr6,delta_chi_BX,1.9,0.0526720874523302
direct_000417,K2LiNdCl6,delta_chi_BX,2.1,0.0517382218153477
direct_000418,K2LiNdI6,delta_chi_BX,1.6,-0.0074757184761821
direct_000419,K2LiPrBr6,delta_chi_BX,1.905,0.0537407854567595
direct_000420,K2LiPrCl6,delta_chi_BX,2.1050000000000004,0.0522321587215703
direct_000421,K2LiPrI6,delta_chi_BX,1.6050000000000002,-0.0075756506147539
direct_000422,K2LiSbBr6,delta_chi_BX,1.445,-0.0299556712456072
direct_000423,K2LiSbCl6,delta_chi_BX,1.6450000000000002,-0.0312705916101859
direct_000424,K2LiSbI6,delta_chi_BX,1.1450000000000002,-0.0410203463231298
direct_000425,K2LiScCl6,delta_chi_BX,1.99,0.0560362657681357
direct_000426,K2LiSmCl6,delta_chi_BX,2.085,0.0521214373924126
direct_000427,K2LiTbCl6,delta_chi_BX,2.12,0.069138671310847
direct_000428,K2LiTlBr6,delta_chi_BX,1.66,0.0009603422064988
direct_000429,K2LiTlCl6,delta_chi_BX,1.86,0.0540870423406142
direct_000430,K2LiTmCl6,delta_chi_BX,2.045,0.0461943251748154
direct_000431,K2LiYBr6,delta_chi_BX,1.86,0.0424880907480732
direct_000432,K2LiYCl6,delta_chi_BX,2.06,0.0434884159139585
direct_000433,K2LiYI6,delta_chi_BX,1.56,-0.0179558406280831
direct_000434,K2AgLuCl6,delta_chi_BX,1.56,-0.0369904741154918
direct_000435,K2AuLuCl6,delta_chi_BX,1.255,-0.0405471863014986
direct_000436,K2CuLuCl6,delta_chi_BX,1.5750000000000002,-0.0382726909696269
direct_000437,K2NaAlCl6,delta_chi_BX,1.89,0.0465855693714102
direct_000438,K2NaAsBr6,delta_chi_BX,1.4049999999999998,-0.0354713053958344
direct_000439,K2NaAsCl6,delta_chi_BX,1.605,-0.0368459858067725
direct_000440,K2NaBiBr6,delta_chi_BX,1.485,-0.0205940879241364
direct_000441,K2NaBiCl6,delta_chi_BX,1.685,0.0200897313197467
direct_000442,K2NaBiI6,delta_chi_BX,1.185,-0.0381911177458704
direct_000443,K2NaCeBr6,delta_chi_BX,1.935,0.019575713265146
direct_000444,K2NaCeCl6,delta_chi_BX,2.135,0.0199678914711471
direct_000445,K2NaCrCl6,delta_chi_BX,1.865,0.0470606323573482
direct_000446,K2NaDyCl6,delta_chi_BX,2.085,0.0453987816492597
direct_000447,K2NaErCl6,delta_chi_BX,2.075,0.0469396879873542
direct_000448,K2NaGaBr6,delta_chi_BX,1.59,-0.0100132592391088
direct_000449,K2NaGaCl6,delta_chi_BX,1.79,0.0414559584310085
direct_000450,K2NaGdCl6,delta_chi_BX,2.095,0.0445809133402267
direct_000451,K2NaInBr6,delta_chi_BX,1.605,-0.0120709132384403
direct_000452,K2NaInCl6,delta_chi_BX,1.805,0.0406661996728594
direct_000453,K2NaInI6,delta_chi_BX,1.3050000000000002,-0.0250141936111215
direct_000454,K2NaLaCl6,delta_chi_BX,2.145,0.0786679390307247
direct_000455,K2NaLuCl6,delta_chi_BX,2.06,0.0458684961662399
direct_000456,K2NaMoBr6,delta_chi_BX,1.4149999999999998,-0.0074447934518087
direct_000457,K2NaMoCl6,delta_chi_BX,1.615,-0.0343766514177474
direct_000458,K2NaMoI6,delta_chi_BX,1.115,-0.015200912107277
direct_000459,K2NaNdBr6,delta_chi_BX,1.925,0.0504612635606555
direct_000460,K2NaNdCl6,delta_chi_BX,2.125,0.0500055992872705
direct_000461,K2NaNdI6,delta_chi_BX,1.6250000000000002,-0.0066369915247943
direct_000462,K2NaPrBr6,delta_chi_BX,1.93,0.0512713969068989
direct_000463,K2NaPrCl6,delta_chi_BX,2.13,0.0509415900487955
direct_000464,K2NaPrI6,delta_chi_BX,1.63,-0.0072151555968465
direct_000465,K2NaSbBr6,delta_chi_BX,1.47,-0.0310317495000483
direct_000466,K2NaSbCl6,delta_chi_BX,1.6700000000000002,0.0090916510564268
direct_000467,K2NaSbI6,delta_chi_BX,1.1700000000000002,-0.0486135104295662
direct_000468,K2NaScBr6,delta_chi_BX,1.815,0.0139949032705682
direct_000469,K2NaScCl6,delta_chi_BX,2.015,0.0332119309393839
direct_000470,K2NaScI6,delta_chi_BX,1.515,-0.0233419327400812
direct_000471,K2NaSmCl6,delta_chi_BX,2.1100000000000003,0.0455436570714995
direct_000472,K2NaTbCl6,delta_chi_BX,2.145,0.0705898719578899
direct_000473,K2NaTlBr6,delta_chi_BX,1.6849999999999998,0.0484757443249316
direct_000474,K2NaTlCl6,delta_chi_BX,1.885,0.0596327638127123
direct_000475,K2NaTlI6,delta_chi_BX,1.385,-0.0644895890305406
direct_000476,K2NaTmCl6,delta_chi_BX,2.0700000000000003,0.0468523252672889
direct_000477,K2NaYBr6,delta_chi_BX,1.885,0.0429125486214559
direct_000478,K2NaYCl6,delta_chi_BX,2.085,0.0422777199052951
direct_000479,K2NaYI6,delta_chi_BX,1.5850000000000002,-0.0061557482318499
direct_000480,K2AgNdBr6,delta_chi_BX,1.425,-0.0362885975555251
direct_000481,K2AgNdCl6,delta_chi_BX,1.6250000000000002,-0.0335727640558529
direct_000482,K2AgNdI6,delta_chi_BX,1.1250000000000002,-0.0476523934970903
direct_000483,K2AuNdCl6,delta_chi_BX,1.3200000000000005,-0.0376975968101958
direct_000484,K2CuNdBr6,delta_chi_BX,1.44,-0.036551594547607
direct_000485,K2CuNdCl6,delta_chi_BX,1.64,-0.0370170061895176
direct_000486,K2CuNdI6,delta_chi_BX,1.14,-0.0489590059056821
direct_000487,K2AgPrBr6,delta_chi_BX,1.4300000000000002,-0.0360835470929816
direct_000488,K2AgPrCl6,delta_chi_BX,1.6300000000000003,-0.0345186138049796
direct_000489,K2AgPrI6,delta_chi_BX,1.1300000000000003,-0.0477318021967642
direct_000490,K2AuPrCl6,delta_chi_BX,1.3250000000000002,-0.0374855055724927
direct_000491,K2CuPrBr6,delta_chi_BX,1.445,-0.0362164834347145
direct_000492,K2CuPrCl6,delta_chi_BX,1.6450000000000002,-0.0349379863503488
direct_000493,K2CuPrI6,delta_chi_BX,1.1450000000000002,-0.0490157177605362
direct_000494,K2RbAlBr6,delta_chi_BX,1.745,0.0339949618818089
direct_000495,K2RbAlCl6,delta_chi_BX,1.945,0.0355333708407417
direct_000496,K2RbAlI6,delta_chi_BX,1.445,-0.0035221175542268
direct_000497,K2RbAsBr6,delta_chi_BX,1.46,-0.0027667597527936
direct_000498,K2RbAsCl6,delta_chi_BX,1.66,0.0105866840145643
direct_000499,K2RbAsI6,delta_chi_BX,1.16,-0.066431595460516
direct_000500,K2RbAuCl6,delta_chi_BX,1.4800000000000002,-0.0400931824167667
direct_000501,K2RbBiBr6,delta_chi_BX,1.54,0.0038841495540989
direct_000502,K2RbBiCl6,delta_chi_BX,1.7400000000000002,0.0077673322919284
direct_000503,K2RbBiI6,delta_chi_BX,1.2400000000000002,-0.0448911696695233
direct_000504,K2RbCeBr6,delta_chi_BX,1.99,-0.0008048017846634
direct_000505,K2RbCeCl6,delta_chi_BX,2.1900000000000004,0.0021844306429828
direct_000506,K2RbCeI6,delta_chi_BX,1.6900000000000002,0.0007931028268517
direct_000507,K2RbDyCl6,delta_chi_BX,2.14,0.0568383150831979
direct_000508,K2RbErCl6,delta_chi_BX,2.13,0.0499565710903974
direct_000509,K2RbGaBr6,delta_chi_BX,1.645,-0.0058179751251122
direct_000510,K2RbGaCl6,delta_chi_BX,1.845,0.0364545041115446
direct_000511,K2RbGaI6,delta_chi_BX,1.3450000000000002,-0.0104645767973396
direct_000512,K2RbGdCl6,delta_chi_BX,2.1500000000000004,0.0546791777533202
direct_000513,K2RbInBr6,delta_chi_BX,1.66,-0.0030155196737324
direct_000514,K2RbInCl6,delta_chi_BX,1.86,0.0353117578430484
direct_000515,K2RbLuCl6,delta_chi_BX,2.115,0.0361408208877869
direct_000516,K2RbMoBr6,delta_chi_BX,1.47,-0.0016942268544523
direct_000517,K2RbMoCl6,delta_chi_BX,1.6700000000000002,0.0151836003497549
direct_000518,K2RbMoI6,delta_chi_BX,1.1700000000000002,-0.0336623379283429
direct_000519,K2RbNdBr6,delta_chi_BX,1.98,0.0517245741422547
direct_000520,K2RbNdCl6,delta_chi_BX,2.18,0.0533996033746092
direct_000521,K2RbNdI6,delta_chi_BX,1.6800000000000002,0.0451982598524982
direct_000522,K2RbPrBr6,delta_chi_BX,1.985,0.0523854242760885
direct_000523,K2RbPrCl6,delta_chi_BX,2.1850000000000005,0.0540929223806341
direct_000524,K2RbPrI6,delta_chi_BX,1.6850000000000005,0.0456725424729621
direct_000525,K2RbSbBr6,delta_chi_BX,1.525,-0.0041604398208175
direct_000526,K2RbSbCl6,delta_chi_BX,1.7250000000000003,0.0304413181309392
direct_000527,K2RbSbI6,delta_chi_BX,1.2250000000000003,-0.0490710810959658
direct_000528,K2RbScBr6,delta_chi_BX,1.87,-0.0040959800959233
direct_000529,K2RbScCl6,delta_chi_BX,2.0700000000000003,-0.0047121371342678
direct_000530,K2RbTbCl6,delta_chi_BX,2.2,0.0597794188817035
direct_000531,K2RbTlBr6,delta_chi_BX,1.74,0.0418034631267165
direct_000532,K2RbTmCl6,delta_chi_BX,2.125,0.050489792216512
direct_000533,K2RbYBr6,delta_chi_BX,1.94,0.0526686072693982
direct_000534,K2RbYCl6,delta_chi_BX,2.14,0.0548299270468638
direct_000535,K2RbYI6,delta_chi_BX,1.64,-0.0470214781626443
direct_000536,K2AuSbBr6,delta_chi_BX,0.665,-0.0514081416174906
direct_000537,K2AuSbCl6,delta_chi_BX,0.8650000000000002,-0.0476693341083033
direct_000538,K2AgScBr6,delta_chi_BX,1.315,-0.0314826324685137
direct_000539,K2AgScCl6,delta_chi_BX,1.515,-0.0156981288161403
direct_000540,K2AgScI6,delta_chi_BX,1.015,-0.0456347023489429
direct_000541,K2AuScBr6,delta_chi_BX,1.0099999999999998,-0.0444921659739189
direct_000542,K2AuScCl6,delta_chi_BX,1.21,-0.038925479256954
direct_000543,K2AuScI6,delta_chi_BX,0.71,-0.0458694114945785
direct_000544,K2CuScCl6,delta_chi_BX,1.5300000000000002,-0.0319284859624824
direct_000545,K2InScBr6,delta_chi_BX,1.39,-0.0008235265810193
direct_000546,K2InScCl6,delta_chi_BX,1.59,-0.0021516416883424
direct_000547,K2InScI6,delta_chi_BX,1.09,-0.0158772202646451
direct_000548,K2TlScBr6,delta_chi_BX,1.4699999999999998,0.0064907317862224
direct_000549,K2TlScCl6,delta_chi_BX,1.67,0.0391067106057151
direct_000550,K2AgSmCl6,delta_chi_BX,1.6100000000000003,-0.0340240580613757
direct_000551,K2AuSmCl6,delta_chi_BX,1.3050000000000002,-0.0374751833507053
direct_000552,K2CuSmCl6,delta_chi_BX,1.6250000000000002,-0.0351375950363943
direct_000553,K2AgTbCl6,delta_chi_BX,1.645,-0.0347030476746419
direct_000554,K2AuTbCl6,delta_chi_BX,1.34,-0.0383558590390708
direct_000555,K2CuTbCl6,delta_chi_BX,1.66,-0.027645630055357
direct_000556,K2TlAsBr6,delta_chi_BX,1.0599999999999998,-0.0223669836491736
direct_000557,K2TlAsCl6,delta_chi_BX,1.26,-0.0142072233049245
direct_000558,K2TlAsI6,delta_chi_BX,0.76,-0.01644637642299
direct_000559,K2TlGaBr6,delta_chi_BX,1.245,-0.0466586791253819
direct_000560,K2TlGaCl6,delta_chi_BX,1.445,-0.0396813623383809
direct_000561,K2TlGaI6,delta_chi_BX,0.945,-0.0482655609258254
direct_000562,K2TlInBr6,delta_chi_BX,1.2599999999999998,-0.046294176068302
direct_000563,K2TlInCl6,delta_chi_BX,1.46,-0.0377739020528192
direct_000564,K2TlInI6,delta_chi_BX,0.96,-0.0423142909160654
direct_000565,K2TlSbBr6,delta_chi_BX,1.125,-0.014005991047436
direct_000566,K2TlSbCl6,delta_chi_BX,1.3250000000000002,-0.00348168955079
direct_000567,K2AgTmCl6,delta_chi_BX,1.5700000000000005,-0.0371923054579069
direct_000568,K2AuTmCl6,delta_chi_BX,1.265,-0.0414059152013639
direct_000569,K2CuTmCl6,delta_chi_BX,1.5850000000000002,-0.0354837998812666
direct_000570,K2AgYBr6,delta_chi_BX,1.385,-0.0366580362269937
direct_000571,K2AgYCl6,delta_chi_BX,1.5850000000000002,-0.0313177278430687
direct_000572,K2AgYI6,delta_chi_BX,1.0850000000000002,-0.0459786987095539
direct_000573,K2AuYBr6,delta_chi_BX,1.08,-0.0452565099615861
direct_000574,K2AuYCl6,delta_chi_BX,1.2800000000000002,-0.0363364061597095
direct_000575,K2AuYI6,delta_chi_BX,0.7800000000000002,-0.0424556627428689
direct_000576,K2CuYBr6,delta_chi_BX,1.4,-0.0386604336639563
direct_000577,K2CuYCl6,delta_chi_BX,1.6,-0.0352833448994845
direct_000578,K2CuYI6,delta_chi_BX,1.1,-0.0424200447537618
direct_000579,K2InYCl6,delta_chi_BX,1.66,-0.0259595719567926
direct_000580,K2TlYBr6,delta_chi_BX,1.54,-0.030936431052899
direct_000581,Rb2KAlBr6,delta_chi_BX,1.745,0.0345300785352236
direct_000582,Rb2KAlCl6,delta_chi_BX,1.945,0.0362642030421649
direct_000583,Rb2KAlI6,delta_chi_BX,1.445,-0.0054318795462959
direct_000584,Rb2KAsBr6,delta_chi_BX,1.46,-0.0068158583274825
direct_000585,Rb2KAsCl6,delta_chi_BX,1.66,0.0087442738703981
direct_000586,Rb2KAsI6,delta_chi_BX,1.16,-0.06510044988096
direct_000587,Rb2KAuCl6,delta_chi_BX,1.4800000000000002,-0.0396648201516262
direct_000588,Rb2KDyCl6,delta_chi_BX,2.14,0.0554377936563976
direct_000589,Rb2KErCl6,delta_chi_BX,2.13,0.0466904691740338
direct_000590,Rb2KGaBr6,delta_chi_BX,1.645,-0.006346125999656
direct_000591,Rb2KGaCl6,delta_chi_BX,1.845,0.0348948981530563
direct_000592,Rb2KGaI6,delta_chi_BX,1.3450000000000002,-0.0124055493453322
direct_000593,Rb2KGdCl6,delta_chi_BX,2.1500000000000004,0.0545370626027578
direct_000594,Rb2KInBr6,delta_chi_BX,1.66,-0.0042693815837276
direct_000595,Rb2KInCl6,delta_chi_BX,1.86,0.0339399804361377
direct_000596,Rb2KInI6,delta_chi_BX,1.36,-0.0145633618037684
direct_000597,Rb2KLaCl6,delta_chi_BX,2.2,0.0628776214320496
direct_000598,Rb2KLuCl6,delta_chi_BX,2.115,0.0426211276522852
direct_000599,Rb2KScBr6,delta_chi_BX,1.87,0.0003449031642722
direct_000600,Rb2KScCl6,delta_chi_BX,2.0700000000000003,0.0005827545399023
direct_000601,Rb2KScI6,delta_chi_BX,1.57,-0.018030445240621
direct_000602,Rb2KSmCl6,delta_chi_BX,2.165,0.0543942555323505
direct_000603,Rb2KTbCl6,delta_chi_BX,2.2,0.061680313912436
direct_000604,Rb2KTlBr6,delta_chi_BX,1.74,0.0432956927157729
direct_000605,Rb2KTlCl6,delta_chi_BX,1.94,0.0458635928812716
direct_000606,Rb2KTlI6,delta_chi_BX,1.4400000000000002,-0.0060202692481577
direct_000607,Rb2KTmCl6,delta_chi_BX,2.125,0.0483637603715272
direct_000608,Li2CuSbCl6,delta_chi_BX,1.1850000000000005,-0.0397588382060829
direct_000609,Li2CuInCl6,delta_chi_BX,1.3200000000000005,-0.0338931780465008
direct_000610,Li2CuScCl6,delta_chi_BX,1.5300000000000002,-0.0292515618263091
direct_000611,Tl2LiScCl6,delta_chi_BX,1.99,0.0444768112372997
direct_000612,Tl2LiInCl6,delta_chi_BX,1.7800000000000002,0.0040958644633697
direct_000613,Tl2LiYCl6,delta_chi_BX,2.06,0.0005689124697581
direct_000614,O2MoPCl6,delta_chi_BX,0.9850000000000004,-0.0429620118527097
direct_000615,Na2AgAsBr6,delta_chi_BX,0.9049999999999998,-0.0552191213078041
direct_000616,Na2AgAsCl6,delta_chi_BX,1.105,-0.0464826190819205
direct_000617,Na2AgSbCl6,delta_chi_BX,1.1700000000000004,-0.0431447284727364
direct_000618,Na2AgAlBr6,delta_chi_BX,1.19,-0.0130247753475864
direct_000619,Na2AgAlCl6,delta_chi_BX,1.39,-0.005320745186077
direct_000620,Na2CuBiBr6,delta_chi_BX,1.0,-0.0364283351112568
direct_000621,Na2CuBiCl6,delta_chi_BX,1.2000000000000002,-0.0335678827406618
direct_000622,Na2CuSbCl6,delta_chi_BX,1.1850000000000005,-0.0396981903375801
direct_000623,Na2CuDyCl6,delta_chi_BX,1.6,-0.0361546759922927
direct_000624,Na2CuErCl6,delta_chi_BX,1.5900000000000003,-0.0357475441090536
direct_000625,Na2CuEuCl6,delta_chi_BX,1.6100000000000003,-0.0355247211686206
direct_000626,Na2AgGaCl6,delta_chi_BX,1.29,-0.0022075511319051
direct_000627,Na2AgInBr6,delta_chi_BX,1.105,-0.0181902801358275
direct_000628,Na2AgInCl6,delta_chi_BX,1.3050000000000002,-0.0109814308061327
direct_000629,Na2CuLaCl6,delta_chi_BX,1.66,-0.0266615553368312
direct_000630,Na2LiBiBr6,delta_chi_BX,1.46,-0.0266647516655755
direct_000631,Na2LiBiCl6,delta_chi_BX,1.66,-0.0205973254173238
direct_000632,Na2LiBiI6,delta_chi_BX,1.16,-0.0419271997353316
direct_000633,Na2LiCeCl6,delta_chi_BX,2.1100000000000003,0.014857534940549
direct_000634,Na2LiDyCl6,delta_chi_BX,2.06,0.0462756290583936
direct_000635,Na2LiErCl6,delta_chi_BX,2.0500000000000003,0.0465374612750321
direct_000636,Na2LiGdCl6,delta_chi_BX,2.0700000000000003,0.0458558758655095
direct_000637,Na2LiInCl6,delta_chi_BX,1.7800000000000002,0.0434476990756806
direct_000638,Na2LiLaCl6,delta_chi_BX,2.12,0.078526183798134
direct_000639,Na2LiLuCl6,delta_chi_BX,2.035,0.0463894698942505
direct_000640,Na2LiNdCl6,delta_chi_BX,2.1,0.0520458897730169
direct_000641,Na2LiPrCl6,delta_chi_BX,2.1050000000000004,0.0524947653418808
direct_000642,Na2LiSbCl6,delta_chi_BX,1.6450000000000002,-0.0308110788271883
direct_000643,Na2LiScCl6,delta_chi_BX,1.99,0.0559421125861865
direct_000644,Na2LiSmCl6,delta_chi_BX,2.085,0.0523929958120911
direct_000645,Na2LiTbCl6,delta_chi_BX,2.12,0.0694754555431712
direct_000646,Na2LiTlBr6,delta_chi_BX,1.66,0.0009638042199868
direct_000647,Na2LiTlCl6,delta_chi_BX,1.86,0.0543118339848061
direct_000648,Na2LiTmCl6,delta_chi_BX,2.045,0.0464445260187096
direct_000649,Na2LiYBr6,delta_chi_BX,1.86,0.0424810334532554
direct_000650,Na2LiYCl6,delta_chi_BX,2.06,0.0436740065732153
direct_000651,Na2AgLuCl6,delta_chi_BX,1.56,-0.03694108459155
direct_000652,Na2CuLuCl6,delta_chi_BX,1.5750000000000002,-0.0381958575919322
direct_000653,Na2CuNdCl6,delta_chi_BX,1.64,-0.0369058503780052
direct_000654,Na2CuPrCl6,delta_chi_BX,1.6450000000000002,-0.0348276801400274
direct_000655,Na2AgScCl6,delta_chi_BX,1.515,-0.0172868161207088
direct_000656,Na2CuScCl6,delta_chi_BX,1.5300000000000002,-0.0294587392014213
direct_000657,Na2CuSmCl6,delta_chi_BX,1.6250000000000002,-0.0350302215247869
direct_000658,Na2CuTbCl6,delta_chi_BX,1.66,-0.0275687247443277
direct_000659,Na2AgTmCl6,delta_chi_BX,1.5700000000000005,-0.0371397264586729
direct_000660,Na2CuTmCl6,delta_chi_BX,1.5850000000000002,-0.0354069665035719
direct_000661,Na2CuYBr6,delta_chi_BX,1.4,-0.038544587124939
direct_000662,Na2CuYCl6,delta_chi_BX,1.6,-0.0351957583308997
direct_000663,O2NbPCl6,delta_chi_BX,1.265,-0.0129499770502994
direct_000664,Rb2AgAsBr6,delta_chi_BX,0.9049999999999998,-0.0549498253420499
direct_000665,Rb2AgAsCl6,delta_chi_BX,1.105,-0.0466816083086992
direct_000666,Rb2AgBiBr6,delta_chi_BX,0.985,-0.037544373989699
direct_000667,Rb2AgBiCl6,delta_chi_BX,1.185,-0.0349482538407662
direct_000668,Rb2AgBiI6,delta_chi_BX,0.685,-0.0413366229744457
direct_000669,Rb2AgMoBr6,delta_chi_BX,0.915,-0.0252991200155987
direct_000670,Rb2AgMoCl6,delta_chi_BX,1.1150000000000002,-0.016130871814842
direct_000671,Rb2AgMoI6,delta_chi_BX,0.6150000000000002,-0.0312003180442683
direct_000672,Rb2AgSbBr6,delta_chi_BX,0.9700000000000002,-0.0476306619005723
direct_000673,Rb2AgSbCl6,delta_chi_BX,1.1700000000000004,-0.0431954017192693
direct_000674,Rb2AgSbI6,delta_chi_BX,0.6700000000000004,-0.0496989839896592
direct_000675,Rb2AgAlBr6,delta_chi_BX,1.19,-0.0131319903179168
direct_000676,Rb2AgAlCl6,delta_chi_BX,1.39,-0.0048644858682969
direct_000677,Rb2AlAuCl6,delta_chi_BX,1.085,-0.0246579951702273
direct_000678,Rb2InAlBr6,delta_chi_BX,1.265,-0.0443788628678573
direct_000679,Rb2InAlCl6,delta_chi_BX,1.465,-0.0345664808116123
direct_000680,Rb2InAlI6,delta_chi_BX,0.965,-0.052060557727253
direct_000681,Rb2TlAlBr6,delta_chi_BX,1.3449999999999998,-0.0389072541849891
direct_000682,Rb2TlAlCl6,delta_chi_BX,1.545,-0.0355372977013623
direct_000683,Rb2TlAlI6,delta_chi_BX,1.045,-0.046167307288055
direct_000684,Rb2AsAuCl6,delta_chi_BX,0.7999999999999998,-0.0473108534252913
direct_000685,Rb2BiAuBr6,delta_chi_BX,0.6799999999999997,-0.0519046038935511
direct_000686,Rb2BiAuCl6,delta_chi_BX,0.8799999999999999,-0.0461521439560889
direct_000687,Rb2FBrCl6,delta_chi_BX,0.3099999999999996,0.0118131458341675
direct_000688,Rb2AgCeBr6,delta_chi_BX,1.435,-0.0180200683560099
direct_000689,Rb2AgCeCl6,delta_chi_BX,1.6350000000000002,-0.0188840025795677
direct_000690,Rb2AgCeI6,delta_chi_BX,1.1350000000000002,-0.0281712915632548
direct_000691,Rb2CuCeBr6,delta_chi_BX,1.45,-0.017657787318823
direct_000692,Rb2CuCeCl6,delta_chi_BX,1.65,-0.0190132271387454
direct_000693,Rb2CuBiBr6,delta_chi_BX,1.0,-0.0367114343843233
direct_000694,Rb2CuBiCl6,delta_chi_BX,1.2000000000000002,-0.0334154860975928
direct_000695,Rb2CuBiI6,delta_chi_BX,0.7000000000000002,-0.0411429353965254
direct_000696,Rb2CuMoBr6,delta_chi_BX,0.9299999999999996,-0.0201902587067848
direct_000697,Rb2CuMoCl6,delta_chi_BX,1.13,-0.0160019286444913
direct_000698,Rb2CuMoI6,delta_chi_BX,0.6299999999999999,-0.0400692806519139
direct_000699,Rb2CuSbBr6,delta_chi_BX,0.985,-0.04097550144532
direct_000700,Rb2CuSbCl6,delta_chi_BX,1.1850000000000005,-0.0399772583592312
direct_000701,Rb2CuSbI6,delta_chi_BX,0.6850000000000003,-0.045355893096422
direct_000702,Rb2AgDyCl6,delta_chi_BX,1.5850000000000002,-0.0340605605742302
direct_000703,Rb2AuDyCl6,delta_chi_BX,1.2800000000000002,-0.0389657479283544
direct_000704,Rb2CuDyCl6,delta_chi_BX,1.6,-0.0361227569527417
direct_000705,Rb2AgErCl6,delta_chi_BX,1.5750000000000002,-0.0365178249887931
direct_000706,Rb2AuErCl6,delta_chi_BX,1.27,-0.0398529286905071
direct_000707,Rb2CuErCl6,delta_chi_BX,1.5900000000000003,-0.0357563186817431
direct_000708,Rb2AgGaBr6,delta_chi_BX,1.09,-0.0526585937672174
direct_000709,Rb2AgGaCl6,delta_chi_BX,1.29,-0.00261682329318
direct_000710,Rb2AgGdCl6,delta_chi_BX,1.5950000000000002,-0.034507237648846
direct_000711,Rb2AgInBr6,delta_chi_BX,1.105,-0.0181907613290583
direct_000712,Rb2AgInCl6,delta_chi_BX,1.3050000000000002,-0.0110420843072772
direct_000713,Rb2InAsBr6,delta_chi_BX,0.98,-0.023734831232996
direct_000714,Rb2InAsCl6,delta_chi_BX,1.1800000000000002,-0.0275447574792232
direct_000715,Rb2InBiCl6,delta_chi_BX,1.2600000000000002,-0.0010918629913078
direct_000716,Rb2InGaBr6,delta_chi_BX,1.165,-0.050258192855063
direct_000717,Rb2InGaCl6,delta_chi_BX,1.3650000000000002,-0.037605164344119
direct_000718,Rb2InGaI6,delta_chi_BX,0.8650000000000002,-0.0531467007749688
direct_000719,Rb2InSbBr6,delta_chi_BX,1.045,-0.013852857110086
direct_000720,Rb2InSbCl6,delta_chi_BX,1.245,-0.0080277709831127
direct_000721,Rb2InSbI6,delta_chi_BX,0.7450000000000001,-0.07381445745736
direct_000722,Rb2AgLaCl6,delta_chi_BX,1.645,-0.0330019803190532
direct_000723,Rb2AuLaCl6,delta_chi_BX,1.34,-0.0352954030458514
direct_000724,Rb2CuLaCl6,delta_chi_BX,1.66,-0.0266622958404206
direct_000725,Rb2LiBiBr6,delta_chi_BX,1.46,-0.0269717176142427
direct_000726,Rb2LiBiCl6,delta_chi_BX,1.66,-0.0212816089156248
direct_000727,Rb2LiBiI6,delta_chi_BX,1.16,-0.0420344161362873
direct_000728,Rb2LiCeBr6,delta_chi_BX,1.91,0.0158459880821229
direct_000729,Rb2LiCeCl6,delta_chi_BX,2.1100000000000003,0.0145284869174544
direct_000730,Rb2LiCeI6,delta_chi_BX,1.61,-0.0135093156223353
direct_000731,Rb2LiDyBr6,delta_chi_BX,1.86,0.0463237416479651
direct_000732,Rb2LiDyCl6,delta_chi_BX,2.06,0.046032480800822
direct_000733,Rb2LiErCl6,delta_chi_BX,2.0500000000000003,0.0463151181973772
direct_000734,Rb2LiGdCl6,delta_chi_BX,2.0700000000000003,0.0456081681923946
direct_000735,Rb2LiHoCl6,delta_chi_BX,2.055,0.046309885114895
direct_000736,Rb2LiInCl6,delta_chi_BX,1.7800000000000002,0.0410257763683862
direct_000737,Rb2LiLaCl6,delta_chi_BX,2.12,0.0788080026282848
direct_000738,Rb2LiMoBr6,delta_chi_BX,1.39,-0.0037516757667654
direct_000739,Rb2LiMoCl6,delta_chi_BX,1.59,-0.0450901646907342
direct_000740,Rb2LiMoI6,delta_chi_BX,1.09,-0.0103986337443518
direct_000741,Rb2LiNdBr6,delta_chi_BX,1.9,0.0527023460797967
direct_000742,Rb2LiNdCl6,delta_chi_BX,2.1,0.0518068214688102
direct_000743,Rb2LiNdI6,delta_chi_BX,1.6,-0.0072345298472897
direct_000744,Rb2LiPrBr6,delta_chi_BX,1.905,0.0537562645756031
direct_000745,Rb2LiPrCl6,delta_chi_BX,2.1050000000000004,0.0522556525262631
direct_000746,Rb2LiPrI6,delta_chi_BX,1.6050000000000002,-0.0074162847333389
direct_000747,Rb2LiRhCl6,delta_chi_BX,1.5300000000000002,-0.0467254171938809
direct_000748,Rb2LiSbBr6,delta_chi_BX,1.445,-0.0299141591437065
direct_000749,Rb2LiSbCl6,delta_chi_BX,1.6450000000000002,-0.0312158335182942
direct_000750,Rb2LiSbI6,delta_chi_BX,1.1450000000000002,-0.0412337101185697
direct_000751,Rb2LiScCl6,delta_chi_BX,1.99,0.0553623110777835
direct_000752,Rb2LiSmCl6,delta_chi_BX,2.085,0.0521251343344677
direct_000753,Rb2LiTbCl6,delta_chi_BX,2.12,0.0691331623907364
direct_000754,Rb2LiTlBr6,delta_chi_BX,1.66,0.0012958198425931
direct_000755,Rb2LiTlCl6,delta_chi_BX,1.86,0.0542995121560394
direct_000756,Rb2LiTmCl6,delta_chi_BX,2.045,0.0462044270746539
direct_000757,Rb2LiYBr6,delta_chi_BX,1.86,0.0424644433011221
direct_000758,Rb2LiYCl6,delta_chi_BX,2.06,0.0430200462815614
direct_000759,Rb2LiYI6,delta_chi_BX,1.56,-0.0179423077258518
direct_000760,Rb2AgLuCl6,delta_chi_BX,1.56,-0.0369844310718833
direct_000761,Rb2AuLuCl6,delta_chi_BX,1.255,-0.0404180340999535
direct_000762,Rb2CuLuCl6,delta_chi_BX,1.5750000000000002,-0.0382332575573016
direct_000763,Rb2NaAlCl6,delta_chi_BX,1.89,0.0441447598875483
direct_000764,Rb2NaAsBr6,delta_chi_BX,1.4049999999999998,-0.0359954746657521
direct_000765,Rb2NaAsCl6,delta_chi_BX,1.605,-0.0368768116223384
direct_000766,Rb2NaBiBr6,delta_chi_BX,1.485,-0.0213439874484264
direct_000767,Rb2NaBiCl6,delta_chi_BX,1.685,0.0201204752970969
direct_000768,Rb2NaBiI6,delta_chi_BX,1.185,-0.0382104420519225
direct_000769,Rb2NaCeBr6,delta_chi_BX,1.935,0.0195894129933078
direct_000770,Rb2NaCeCl6,delta_chi_BX,2.135,0.020011140005683
direct_000771,Rb2NaCeI6,delta_chi_BX,1.635,-0.011316111107786
direct_000772,Rb2NaCrCl6,delta_chi_BX,1.865,0.046455699755977
direct_000773,Rb2NaDyCl6,delta_chi_BX,2.085,0.0454057419512853
direct_000774,Rb2NaErCl6,delta_chi_BX,2.075,0.0469562937178989
direct_000775,Rb2NaGaBr6,delta_chi_BX,1.59,-0.0099642922414437
direct_000776,Rb2NaGaCl6,delta_chi_BX,1.79,0.0392641382574474
direct_000777,Rb2NaGdCl6,delta_chi_BX,2.095,0.0444413000508556
direct_000778,Rb2NaInBr6,delta_chi_BX,1.605,-0.0120304141349121
direct_000779,Rb2NaInCl6,delta_chi_BX,1.805,0.0388740114138909
direct_000780,Rb2NaInI6,delta_chi_BX,1.3050000000000002,-0.0253114051810046
direct_000781,Rb2NaLaCl6,delta_chi_BX,2.145,0.0787690875517584
direct_000782,Rb2NaMoBr6,delta_chi_BX,1.4149999999999998,-0.0070861670980662
direct_000783,Rb2NaMoCl6,delta_chi_BX,1.615,-0.0318575387703828
direct_000784,Rb2NaMoI6,delta_chi_BX,1.115,-0.015046698066392
direct_000785,Rb2NaNdBr6,delta_chi_BX,1.925,0.0505114830306013
direct_000786,Rb2NaNdCl6,delta_chi_BX,2.125,0.0500705361659324
direct_000787,Rb2NaNdI6,delta_chi_BX,1.6250000000000002,-0.006392768101962
direct_000788,Rb2NaPrBr6,delta_chi_BX,1.93,0.0512868760257424
direct_000789,Rb2NaPrCl6,delta_chi_BX,2.13,0.0509653676924645
direct_000790,Rb2NaPrI6,delta_chi_BX,1.63,-0.0070527549214916
direct_000791,Rb2NaSbBr6,delta_chi_BX,1.47,-0.0309882574510133
direct_000792,Rb2NaSbCl6,delta_chi_BX,1.6700000000000002,0.0091878475638238
direct_000793,Rb2NaSbI6,delta_chi_BX,1.1700000000000002,-0.0488347750096851
direct_000794,Rb2NaScBr6,delta_chi_BX,1.815,0.0142167474696654
direct_000795,Rb2NaScCl6,delta_chi_BX,2.015,0.0230221067801394
direct_000796,Rb2NaScI6,delta_chi_BX,1.515,-0.0233372345750872
direct_000797,Rb2NaSmCl6,delta_chi_BX,2.1100000000000003,0.045543407399778
direct_000798,Rb2NaTbCl6,delta_chi_BX,2.145,0.0704450813151824
direct_000799,Rb2NaTlBr6,delta_chi_BX,1.6849999999999998,0.0491782655285655
direct_000800,Rb2NaTlCl6,delta_chi_BX,1.885,0.0597340394250291
direct_000801,Rb2NaTmCl6,delta_chi_BX,2.0700000000000003,0.0468563694914004
direct_000802,Rb2NaYBr6,delta_chi_BX,1.885,0.0424382772431354
direct_000803,Rb2NaYCl6,delta_chi_BX,2.085,0.0416441613191421
direct_000804,Rb2NaYI6,delta_chi_BX,1.5850000000000002,-0.0061492279716862
direct_000805,Rb2AgNdBr6,delta_chi_BX,1.425,-0.0362671890233012
direct_000806,Rb2AgNdCl6,delta_chi_BX,1.6250000000000002,-0.0334830017885618
direct_000807,Rb2AgNdI6,delta_chi_BX,1.1250000000000002,-0.0475327192435881
direct_000808,Rb2AuNdCl6,delta_chi_BX,1.3200000000000005,-0.0377428258110156
direct_000809,Rb2CuNdBr6,delta_chi_BX,1.44,-0.0364776939176647
direct_000810,Rb2CuNdCl6,delta_chi_BX,1.64,-0.036945243801167
direct_000811,Rb2CuNdI6,delta_chi_BX,1.14,-0.0489699704136089
direct_000812,Rb2AgPrBr6,delta_chi_BX,1.4300000000000002,-0.0360702384635718
direct_000813,Rb2AgPrCl6,delta_chi_BX,1.6300000000000003,-0.0344144268407265
direct_000814,Rb2AgPrI6,delta_chi_BX,1.1300000000000003,-0.047616841990046
direct_000815,Rb2AuPrCl6,delta_chi_BX,1.3250000000000002,-0.0375104466488692
direct_000816,Rb2CuPrBr6,delta_chi_BX,1.445,-0.0361402013653161
direct_000817,Rb2CuPrCl6,delta_chi_BX,1.6450000000000002,-0.0348906445415414
direct_000818,Rb2CuPrI6,delta_chi_BX,1.1450000000000002,-0.0489762558534166
direct_000819,Rb2AuSbCl6,delta_chi_BX,0.8650000000000002,-0.0479231620164244
direct_000820,Rb2AgScBr6,delta_chi_BX,1.315,-0.0312040373427291
direct_000821,Rb2AgScCl6,delta_chi_BX,1.515,-0.014290103462662
direct_000822,Rb2AgScI6,delta_chi_BX,1.015,-0.0457594519788658
direct_000823,Rb2AuScBr6,delta_chi_BX,1.0099999999999998,-0.0446593734634947
direct_000824,Rb2AuScCl6,delta_chi_BX,1.21,-0.0394745318284847
direct_000825,Rb2AuScI6,delta_chi_BX,0.71,-0.0441881010113638
direct_000826,Rb2CuScCl6,delta_chi_BX,1.5300000000000002,-0.0311329252308597
direct_000827,Rb2InScBr6,delta_chi_BX,1.39,-0.0006287119677097
direct_000828,Rb2InScCl6,delta_chi_BX,1.59,-0.0016938594033047
direct_000829,Rb2InScI6,delta_chi_BX,1.09,-0.0161695123457263
direct_000830,Rb2TlScBr6,delta_chi_BX,1.4699999999999998,0.0060281896085729
direct_000831,Rb2TlScCl6,delta_chi_BX,1.67,0.0393424432200894
direct_000832,Rb2TlScI6,delta_chi_BX,1.17,-0.0468539802188884
direct_000833,Rb2AgSmCl6,delta_chi_BX,1.6100000000000003,-0.0339386939820492
direct_000834,Rb2AuSmCl6,delta_chi_BX,1.3050000000000002,-0.0375048479818707
direct_000835,Rb2CuSmCl6,delta_chi_BX,1.6250000000000002,-0.0350843876211284
direct_000836,Rb2AgTbCl6,delta_chi_BX,1.645,-0.0346352817543588
direct_000837,Rb2AuTbCl6,delta_chi_BX,1.34,-0.0383223783046297
direct_000838,Rb2CuTbCl6,delta_chi_BX,1.66,-0.0275226639679402
direct_000839,Rb2TlAsBr6,delta_chi_BX,1.0599999999999998,-0.0228450923192703
direct_000840,Rb2TlAsCl6,delta_chi_BX,1.26,-0.0139698449423554
direct_000841,Rb2TlAsI6,delta_chi_BX,0.76,-0.0164940587446452
direct_000842,Rb2TlBiBr6,delta_chi_BX,1.14,-0.0059668712248376
direct_000843,Rb2TlGaBr6,delta_chi_BX,1.245,-0.0469365809221099
direct_000844,Rb2TlGaCl6,delta_chi_BX,1.445,-0.039461536958705
direct_000845,Rb2TlGaI6,delta_chi_BX,0.945,-0.0482957959763249
direct_000846,Rb2TlInBr6,delta_chi_BX,1.2599999999999998,-0.0460235822324937
direct_000847,Rb2TlInCl6,delta_chi_BX,1.46,-0.0377651309331298
direct_000848,Rb2TlInI6,delta_chi_BX,0.96,-0.042324558395439
direct_000849,Rb2TlSbBr6,delta_chi_BX,1.125,-0.0136923272790224
direct_000850,Rb2TlSbCl6,delta_chi_BX,1.3250000000000002,-0.0034796750845998
direct_000851,Rb2TlSbI6,delta_chi_BX,0.8250000000000002,-0.0128159653501439
direct_000852,Rb2AgTmCl6,delta_chi_BX,1.5700000000000005,-0.037128846632558
direct_000853,Rb2AuTmCl6,delta_chi_BX,1.265,-0.0414255622008934
direct_000854,Rb2CuTmCl6,delta_chi_BX,1.5850000000000002,-0.0355022853650214
direct_000855,Rb2AgYBr6,delta_chi_BX,1.385,-0.0366862849049268
direct_000856,Rb2AgYCl6,delta_chi_BX,1.5850000000000002,-0.0318738258610116
direct_000857,Rb2AgYI6,delta_chi_BX,1.0850000000000002,-0.0460970763034152
direct_000858,Rb2AuYBr6,delta_chi_BX,1.08,-0.0453285845992335
direct_000859,Rb2AuYCl6,delta_chi_BX,1.2800000000000002,-0.0356908046739032
direct_000860,Rb2AuYI6,delta_chi_BX,0.7800000000000002,-0.0419971609169344
direct_000861,Rb2CuYBr6,delta_chi_BX,1.4,-0.0386219752830436
direct_000862,Rb2CuYCl6,delta_chi_BX,1.6,-0.0348374710620958
direct_000863,Rb2CuYI6,delta_chi_BX,1.1,-0.0426024616135594
direct_000864,Rb2InYBr6,delta_chi_BX,1.46,-0.0071782111243317
direct_000865,Rb2InYCl6,delta_chi_BX,1.66,-0.0261328184095862
direct_000866,Rb2InYI6,delta_chi_BX,1.16,-0.0373051811386576
direct_000867,Rb2TlYBr6,delta_chi_BX,1.54,-0.0308159316141189
direct_000868,Rb2TlYCl6,delta_chi_BX,1.7400000000000002,0.0391191353749392
direct_000869,Rb2TlYI6,delta_chi_BX,1.2400000000000002,-0.0214098172959616
direct_000870,O2PSbCl6,delta_chi_BX,1.04,-0.03641861710238
direct_000871,S2NSbCl6,delta_chi_BX,0.6150000000000002,-0.0084718409044113
direct_000872,Cs2GeSnCl6,delta_chi_BX,1.1750000000000005,-0.0218043590244667
direct_000873,Cs2GeSnBr6,delta_chi_BX,0.975,-0.0258182189260213
direct_000874,Rb2GeSnCl6,delta_chi_BX,1.1750000000000005,-0.0209742847909698
direct_000875,Rb2GeSnBr6,delta_chi_BX,0.975,-0.0259857688341511
direct_000876,K2GeSnBr6,delta_chi_BX,0.975,-0.0259694073551324
direct_000877,K2GeSnI6,delta_chi_BX,0.6750000000000003,-0.0291193311868314
direct_000878,Na2GeSnCl6,delta_chi_BX,1.1750000000000005,-0.0208113777957363
direct_000879,K2GeSnCl6,delta_chi_BX,1.1750000000000005,-0.0208092227151641
direct_000880,Li2GeSnCl6,delta_chi_BX,1.1750000000000005,-0.0204961154775209
direct_000881,Li2GeSnBr6,delta_chi_BX,0.975,-0.0260991538837199
direct_000882,Li2GeSnI6,delta_chi_BX,0.6750000000000003,-0.0253725213156203
direct_000883,Rb2GeSnI6,delta_chi_BX,0.6750000000000003,-0.0295444144756327
direct_000884,Cs2GeSnI6,delta_chi_BX,0.6750000000000003,-0.0303103321199624
direct_000001,Al2OSnCl6,Z_B2,50.0,0.0288090861595179
direct_000002,S2NAlCl6,Z_B2,13.0,0.030460515534468
direct_000003,Cs2AgAsBr6,Z_B2,33.0,0.0107276280740999
direct_000004,Cs2AgAsCl6,Z_B2,33.0,0.0092907496944241
direct_000005,Cs2AgAuCl6,Z_B2,79.0,-0.0625974712687417
direct_000006,Cs2AgBiBr6,Z_B2,83.0,-0.1030860308895218
direct_000007,Cs2AgBiCl6,Z_B2,83.0,-0.1055496565443533
direct_000008,Cs2AgBiI6,Z_B2,83.0,-0.0945353930998519
direct_000009,Cs2AgMoBr6,Z_B2,42.0,0.179616086926361
direct_000010,Cs2AgMoCl6,Z_B2,42.0,0.1748819284979522
direct_000011,Cs2AgSbBr6,Z_B2,51.0,-0.0789879014437108
direct_000012,Cs2AgSbCl6,Z_B2,51.0,-0.0818396279386643
direct_000013,Cs2AgSbI6,Z_B2,51.0,-0.0736863650752128
direct_000014,Cs2AgAlBr6,Z_B2,13.0,0.0922370236306394
direct_000015,Cs2AgAlCl6,Z_B2,13.0,0.0937738372764475
direct_000016,Cs2AlAuCl6,Z_B2,79.0,-0.0414659487161074
direct_000017,Cs2CuAlCl6,Z_B2,13.0,0.0905437942401568
direct_000018,Cs2InAlBr6,Z_B2,13.0,-0.0356553064655863
direct_000019,Cs2InAlCl6,Z_B2,13.0,-0.0363057821099405
direct_000020,Cs2InAlI6,Z_B2,13.0,-0.0293111495705788
direct_000021,Cs2TlAlBr6,Z_B2,13.0,-0.0309919885199241
direct_000022,Cs2TlAlCl6,Z_B2,13.0,-0.0308216029686909
direct_000023,Cs2TlAlI6,Z_B2,13.0,-0.0251969708253668
direct_000024,Cs2AsAuCl6,Z_B2,79.0,-0.0641551881558651
direct_000025,Cs2BrAsCl6,Z_B2,33.0,0.0126039189095127
direct_000026,Cs2BiAuBr6,Z_B2,79.0,-0.0604484831398644
direct_000027,Cs2BiAuCl6,Z_B2,79.0,-0.0562805613045792
direct_000028,Cs2FBrCl6,Z_B2,35.0,0.0707570774103095
direct_000029,Cs2CaSnCl6,Z_B2,50.0,0.10922524638875
direct_000030,Cs2AgCeBr6,Z_B2,58.0,-0.0682870842550233
direct_000031,Cs2AgCeCl6,Z_B2,58.0,-0.0703670867995068
direct_000032,Cs2AgCeI6,Z_B2,58.0,-0.0603853389604345
direct_000033,Cs2CuCeCl6,Z_B2,58.0,-0.0665719516425645
direct_000034,Cs2CuCeI6,Z_B2,58.0,-0.0589562390516256
direct_000035,Cs2CuAsCl6,Z_B2,33.0,0.0394755658333048
direct_000036,Cs2CuBiBr6,Z_B2,83.0,-0.0954003652312648
direct_000037,Cs2CuBiCl6,Z_B2,83.0,-0.0994550945176748
direct_000038,Cs2CuBiI6,Z_B2,83.0,-0.0951697513683466
direct_000039,Cs2CuMoBr6,Z_B2,42.0,0.1798630334582349
direct_000040,Cs2CuMoCl6,Z_B2,42.0,0.1760663878737172
direct_000041,Cs2CuMoI6,Z_B2,42.0,0.1499963398788817
direct_000042,Cs2CuSbBr6,Z_B2,51.0,-0.0651406386769368
direct_000043,Cs2CuSbCl6,Z_B2,51.0,-0.0633832687956002
direct_000044,Cs2CuSbI6,Z_B2,51.0,-0.0596058351614963
direct_000045,Cs2AuDyCl6,Z_B2,66.0,-0.0341879084032255
direct_000046,Cs2CuDyCl6,Z_B2,66.0,-0.0399586369862203
direct_000047,Cs2AuErCl6,Z_B2,68.0,-0.0370554082018748
direct_000048,Cs2CuErCl6,Z_B2,68.0,-0.0404315630071839
direct_000049,Cs2AgGaBr6,Z_B2,31.0,0.0856605081629313
direct_000050,Cs2AgGaCl6,Z_B2,31.0,0.1063508769028732
direct_000051,Cs2AuGdCl6,Z_B2,64.0,-0.0334894703854428
direct_000052,Cs2HgPdCl6,Z_B2,46.0,0.0979977270737006
direct_000053,Cs2IBrCl6,Z_B2,35.0,0.0713822769103256
direct_000054,Cs2FICl6,Z_B2,53.0,0.006505652153594
direct_000055,Cs2AgInBr6,Z_B2,49.0,0.1817926240866195
direct_000056,Cs2AgInCl6,Z_B2,49.0,0.1814237193580188
direct_000057,Cs2InAsBr6,Z_B2,33.0,0.0485099686234717
direct_000058,Cs2InAsCl6,Z_B2,33.0,0.0370608822030999
direct_000059,Cs2InAsI6,Z_B2,33.0,0.0505570629477674
direct_000060,Cs2InBiBr6,Z_B2,83.0,-0.0138865555509816
direct_000061,Cs2InBiCl6,Z_B2,83.0,-0.0117065979907551
direct_000062,Cs2InBiI6,Z_B2,83.0,-0.0102947473641472
direct_000063,Cs2InGaBr6,Z_B2,31.0,-0.0094242126157232
direct_000064,Cs2InGaCl6,Z_B2,31.0,-0.0076225885466036
direct_000065,Cs2InGaI6,Z_B2,31.0,-0.006637754426267
direct_000066,Cs2InSbBr6,Z_B2,51.0,0.0037800894938333
direct_000067,Cs2InSbCl6,Z_B2,51.0,0.003092028819247
direct_000068,Cs2InSbI6,Z_B2,51.0,-0.0142495348926142
direct_000069,Cs2KAlBr6,Z_B2,13.0,-0.0096250708428267
direct_000070,Cs2KAlCl6,Z_B2,13.0,-0.0065122188291718
direct_000071,Cs2KAlI6,Z_B2,13.0,0.0011458199497026
direct_000072,Cs2KAsBr6,Z_B2,33.0,0.0673754648907167
direct_000073,Cs2KAsCl6,Z_B2,33.0,0.0676966383775314
direct_000074,Cs2KAsI6,Z_B2,33.0,0.0258902443585325
direct_000075,Cs2KAuCl6,Z_B2,79.0,-0.0782118892442715
direct_000076,Cs2KBiBr6,Z_B2,83.0,-0.0463404467659128
direct_000077,Cs2KBiCl6,Z_B2,83.0,-0.0454522118716733
direct_000078,Cs2KBiI6,Z_B2,83.0,-0.0596336382639039
direct_000079,Cs2KCeBr6,Z_B2,58.0,-0.0897587203067817
direct_000080,Cs2KCeCl6,Z_B2,58.0,-0.0885619533644367
direct_000081,Cs2KCeI6,Z_B2,58.0,-0.079458631173531
direct_000082,Cs2KCrCl6,Z_B2,24.0,0.0466227729876491
direct_000083,Cs2KDyCl6,Z_B2,66.0,0.026173150670043
direct_000084,Cs2KGaBr6,Z_B2,31.0,0.0390631094585379
direct_000085,Cs2KGaCl6,Z_B2,31.0,0.0360003394646154
direct_000086,Cs2KGaI6,Z_B2,31.0,0.0379602911753004
direct_000087,Cs2KHoCl6,Z_B2,67.0,0.0279208554749669
direct_000088,Cs2KInBr6,Z_B2,49.0,0.0578521765570116
direct_000089,Cs2KInCl6,Z_B2,49.0,0.0554582630307248
direct_000090,Cs2KInI6,Z_B2,49.0,0.0629374072652429
direct_000091,Cs2KLaCl6,Z_B2,57.0,0.0482974170365639
direct_000092,Cs2KLuCl6,Z_B2,71.0,0.0207802782421209
direct_000093,Cs2KMoBr6,Z_B2,42.0,0.1071502220683097
direct_000094,Cs2KMoCl6,Z_B2,42.0,0.0977856408522765
direct_000095,Cs2KMoI6,Z_B2,42.0,0.1115722980915411
direct_000096,Cs2KNdBr6,Z_B2,60.0,0.0295544915721969
direct_000097,Cs2KNdCl6,Z_B2,60.0,0.0276262789194018
direct_000098,Cs2KNdI6,Z_B2,60.0,0.0335720016357716
direct_000099,Cs2KPrBr6,Z_B2,59.0,0.0291505191480084
direct_000100,Cs2KPrCl6,Z_B2,59.0,0.0273116908591389
direct_000101,Cs2KPrI6,Z_B2,59.0,0.0331596830069059
direct_000102,Cs2KSbBr6,Z_B2,51.0,-0.0061323587379036
direct_000103,Cs2KSbCl6,Z_B2,51.0,-0.0034269106278996
direct_000104,Cs2KSbI6,Z_B2,51.0,-0.0127094239113857
direct_000105,Cs2KScBr6,Z_B2,21.0,-0.2154274250250353
direct_000106,Cs2KScCl6,Z_B2,21.0,-0.2115604499568315
direct_000107,Cs2KScI6,Z_B2,21.0,-0.1801728141874875
direct_000108,Cs2KSmCl6,Z_B2,62.0,0.0286061020073033
direct_000109,Cs2KTbCl6,Z_B2,65.0,0.022870351334698
direct_000110,Cs2KTlBr6,Z_B2,81.0,-0.0062341392407417
direct_000111,Cs2KTlCl6,Z_B2,81.0,-0.0071862611976236
direct_000112,Cs2KTlI6,Z_B2,81.0,-0.0174747096837679
direct_000113,Cs2KYBr6,Z_B2,39.0,0.0623890778950195
direct_000114,Cs2KYCl6,Z_B2,39.0,0.0610046247138814
direct_000115,Cs2KYI6,Z_B2,39.0,0.0300404948282512
direct_000116,Cs2AgLaCl6,Z_B2,57.0,-0.0447582267260195
direct_000117,Cs2AuLaCl6,Z_B2,57.0,-0.0289171407251298
direct_000118,Cs2CuLaCl6,Z_B2,57.0,-0.0424922820929866
direct_000119,Cs2LiBiBr6,Z_B2,83.0,-0.0788200105262265
direct_000120,Cs2LiBiCl6,Z_B2,83.0,-0.0809030329827606
direct_000121,Cs2LiBiI6,Z_B2,83.0,-0.0763930877440368
direct_000122,Cs2LiCeBr6,Z_B2,58.0,-0.0919389171006775
direct_000123,Cs2LiCeI6,Z_B2,58.0,-0.0775592053908037
direct_000124,Cs2LiDyCl6,Z_B2,66.0,0.0131019227184819
direct_000125,Cs2LiErCl6,Z_B2,68.0,0.0119355377454489
direct_000126,Cs2LiGdCl6,Z_B2,64.0,0.0149241152767907
direct_000127,Cs2LiInBr6,Z_B2,49.0,0.0568031248197669
direct_000128,Cs2LiInCl6,Z_B2,49.0,0.0510795553934081
direct_000129,Cs2LiLaBr6,Z_B2,57.0,0.0506727526307588
direct_000130,Cs2LiLaCl6,Z_B2,57.0,0.0477570178265387
direct_000131,Cs2LiLuCl6,Z_B2,71.0,0.0061334769371739
direct_000132,Cs2LiMoBr6,Z_B2,42.0,0.1391743255816377
direct_000133,Cs2LiMoCl6,Z_B2,42.0,0.1153760020825068
direct_000134,Cs2LiMoI6,Z_B2,42.0,0.131893635342588
direct_000135,Cs2LiNdBr6,Z_B2,60.0,0.0235576091566578
direct_000136,Cs2LiNdCl6,Z_B2,60.0,0.0204401351819789
direct_000137,Cs2LiNdI6,Z_B2,60.0,0.0253598641596818
direct_000138,Cs2LiPrBr6,Z_B2,59.0,0.0234566367328479
direct_000139,Cs2LiPrCl6,Z_B2,59.0,0.0201983645577994
direct_000140,Cs2LiPrI6,Z_B2,59.0,0.0254359120582053
direct_000141,Cs2LiSbBr6,Z_B2,51.0,-0.0520886751751457
direct_000142,Cs2LiSbCl6,Z_B2,51.0,-0.0462494107779571
direct_000143,Cs2LiSbI6,Z_B2,51.0,-0.0475007599206468
direct_000144,Cs2LiScCl6,Z_B2,21.0,-0.0284026748148145
direct_000145,Cs2LiSmCl6,Z_B2,62.0,0.0204769429288249
direct_000146,Cs2LiTbCl6,Z_B2,65.0,0.0175502272255987
direct_000147,Cs2LiTlBr6,Z_B2,81.0,-0.0100451291593029
direct_000148,Cs2LiTlCl6,Z_B2,81.0,-0.0094630221696631
direct_000149,Cs2LiTmCl6,Z_B2,69.0,0.0117506355733983
direct_000150,Cs2LiYBr6,Z_B2,39.0,0.0551446649738299
direct_000151,Cs2LiYCl6,Z_B2,39.0,0.0520064094864623
direct_000152,Cs2LiYI6,Z_B2,39.0,0.0498034363821937
direct_000153,Cs2AgLuCl6,Z_B2,71.0,-0.0432698771527872
direct_000154,Cs2NaAlCl6,Z_B2,13.0,-0.0046148557865474
direct_000155,Cs2NaAsBr6,Z_B2,33.0,0.0095914554770624
direct_000156,Cs2NaAsCl6,Z_B2,33.0,0.0124060805193826
direct_000157,Cs2NaBiBr6,Z_B2,83.0,-0.0822066308393735
direct_000158,Cs2NaBiCl6,Z_B2,83.0,-0.0808064488346701
direct_000159,Cs2NaBiI6,Z_B2,83.0,-0.0741032790157479
direct_000160,Cs2NaCeCl6,Z_B2,58.0,-0.0870445593698009
direct_000161,Cs2NaCeI6,Z_B2,58.0,-0.0746124695998919
direct_000162,Cs2NaCrCl6,Z_B2,24.0,0.0559879428170901
direct_000163,Cs2NaDyCl6,Z_B2,66.0,0.0174157172231161
direct_000164,Cs2NaErCl6,Z_B2,68.0,0.0158568689937732
direct_000165,Cs2NaGaBr6,Z_B2,31.0,0.0368692197806129
direct_000166,Cs2NaGaCl6,Z_B2,31.0,0.0330110239969981
direct_000167,Cs2NaGdCl6,Z_B2,64.0,0.0191455713574099
direct_000168,Cs2NaHoCl6,Z_B2,67.0,0.0183259910985941
direct_000169,Cs2NaInBr6,Z_B2,49.0,0.0622371686048534
direct_000170,Cs2NaInCl6,Z_B2,49.0,0.0548059082596158
direct_000171,Cs2NaInI6,Z_B2,49.0,0.066399317207234
direct_000172,Cs2NaLaBr6,Z_B2,57.0,0.0530240756576442
direct_000173,Cs2NaLaCl6,Z_B2,57.0,0.0507662269634505
direct_000174,Cs2NaLuCl6,Z_B2,71.0,0.0111645565430427
direct_000175,Cs2NaMoBr6,Z_B2,42.0,0.1438351344334769
direct_000176,Cs2NaMoCl6,Z_B2,42.0,0.130315444264874
direct_000177,Cs2NaMoI6,Z_B2,42.0,0.139810513637428
direct_000178,Cs2NaNdBr6,Z_B2,60.0,0.0236295012829788
direct_000179,Cs2NaNdCl6,Z_B2,60.0,0.022603481969419
direct_000180,Cs2NaPrBr6,Z_B2,59.0,0.023278367227482
direct_000181,Cs2NaPrCl6,Z_B2,59.0,0.0223455414964992
direct_000182,Cs2NaPrI6,Z_B2,59.0,0.0248544082850972
direct_000183,Cs2NaSbBr6,Z_B2,51.0,-0.0510234265149433
direct_000184,Cs2NaSbCl6,Z_B2,51.0,-0.049820497313384
direct_000185,Cs2NaSbI6,Z_B2,51.0,-0.0495283094662547
direct_000186,Cs2NaScBr6,Z_B2,21.0,-0.2006742099611077
direct_000187,Cs2NaScCl6,Z_B2,21.0,-0.17824867674329
direct_000188,Cs2NaScI6,Z_B2,21.0,-0.1716848235528329
direct_000189,Cs2NaSmCl6,Z_B2,62.0,0.0221962540378137
direct_000190,Cs2NaTbCl6,Z_B2,65.0,0.022717311514292
direct_000191,Cs2NaTlBr6,Z_B2,81.0,-0.0061468815339637
direct_000192,Cs2NaTlCl6,Z_B2,81.0,-0.0086465276405899
direct_000193,Cs2NaTlI6,Z_B2,81.0,-0.0427766035214047
direct_000194,Cs2NaTmCl6,Z_B2,69.0,0.0155064063579551
direct_000195,Cs2NaUBr6,Z_B2,92.0,-0.0187743357249806
direct_000196,Cs2NaUCl6,Z_B2,92.0,-0.0234349926984097
direct_000197,Cs2NaYBr6,Z_B2,39.0,0.0594207762198117
direct_000198,Cs2NaYCl6,Z_B2,39.0,0.0590114532026879
direct_000199,Cs2NaYI6,Z_B2,39.0,0.0537079691980068
direct_000200,Cs2AgNdBr6,Z_B2,60.0,-0.0428751725350237
direct_000201,Cs2AgNdCl6,Z_B2,60.0,-0.044036671209852
direct_000202,Cs2AgNdI6,Z_B2,60.0,-0.0381682634585052
direct_000203,Cs2AuNdCl6,Z_B2,60.0,-0.0328620323757296
direct_000204,Cs2CuNdBr6,Z_B2,60.0,-0.0418206651259138
direct_000205,Cs2CuNdI6,Z_B2,60.0,-0.0400368335079393
direct_000206,Cs2AgPrCl6,Z_B2,59.0,-0.0462329096582559
direct_000207,Cs2AgPrI6,Z_B2,59.0,-0.039583979544416
direct_000208,Cs2AuPrCl6,Z_B2,59.0,-0.0331654941804637
direct_000209,Cs2CuPrBr6,Z_B2,59.0,-0.0420900207143924
direct_000210,Cs2CuPrCl6,Z_B2,59.0,-0.0454714915309844
direct_000211,Cs2CuPrI6,Z_B2,59.0,-0.0401081374019444
direct_000212,Cs2RbAlBr6,Z_B2,13.0,-0.0074277349816012
direct_000213,Cs2RbAlCl6,Z_B2,13.0,-0.008727215635544
direct_000214,Cs2RbAlI6,Z_B2,13.0,-0.0018685882306684
direct_000215,Cs2RbAsBr6,Z_B2,33.0,0.0577543894052343
direct_000216,Cs2RbAsCl6,Z_B2,33.0,0.0568829665421606
direct_000217,Cs2RbAsI6,Z_B2,33.0,0.0151805010687486
direct_000218,Cs2RbAuCl6,Z_B2,79.0,-0.067415403454922
direct_000219,Cs2RbBiBr6,Z_B2,83.0,-0.0320433052076477
direct_000220,Cs2RbBiCl6,Z_B2,83.0,-0.0397478709245161
direct_000221,Cs2RbBiI6,Z_B2,83.0,-0.0501680631167023
direct_000222,Cs2RbCeCl6,Z_B2,58.0,-0.0749226477549895
direct_000223,Cs2RbDyCl6,Z_B2,66.0,0.034826956652562
direct_000224,Cs2RbErCl6,Z_B2,68.0,0.032678033096429
direct_000225,Cs2RbGaBr6,Z_B2,31.0,0.0332234876863463
direct_000226,Cs2RbGaCl6,Z_B2,31.0,0.0313300651868673
direct_000227,Cs2RbGaI6,Z_B2,31.0,0.0291544968921125
direct_000228,Cs2RbGdCl6,Z_B2,64.0,0.0342448751070509
direct_000229,Cs2RbInBr6,Z_B2,49.0,0.0519069405173563
direct_000230,Cs2RbInCl6,Z_B2,49.0,0.0514756772523732
direct_000231,Cs2RbInI6,Z_B2,49.0,0.0527703748462487
direct_000232,Cs2RbLaCl6,Z_B2,57.0,0.0535109605817898
direct_000233,Cs2RbLuCl6,Z_B2,71.0,0.0035011394832564
direct_000234,Cs2RbNdCl6,Z_B2,60.0,0.035932158754102
direct_000235,Cs2RbPrCl6,Z_B2,59.0,0.0355520149722579
direct_000236,Cs2RbSbBr6,Z_B2,51.0,0.0066025279248836
direct_000237,Cs2RbSbCl6,Z_B2,51.0,0.0050238864060066
direct_000238,Cs2RbSbI6,Z_B2,51.0,0.0033563217441085
direct_000239,Cs2RbScBr6,Z_B2,21.0,-0.2144890903901554
direct_000240,Cs2RbScCl6,Z_B2,21.0,-0.2132460788002955
direct_000241,Cs2RbScI6,Z_B2,21.0,-0.1738074222514697
direct_000242,Cs2RbSmCl6,Z_B2,62.0,0.036896932565654
direct_000243,Cs2RbTbCl6,Z_B2,65.0,0.030861582385506
direct_000244,Cs2RbTlBr6,Z_B2,81.0,-0.0026175686421692
direct_000245,Cs2RbTlCl6,Z_B2,81.0,-0.0088480404837258
direct_000246,Cs2RbTlI6,Z_B2,81.0,-0.0111771670034171
direct_000247,Cs2RbTmCl6,Z_B2,69.0,0.035806422117727
direct_000248,Cs2RbYBr6,Z_B2,39.0,0.0586113606143969
direct_000249,Cs2RbYCl6,Z_B2,39.0,0.0592159853301501
direct_000250,Cs2RbYI6,Z_B2,39.0,0.0235478695887324
direct_000251,Cs2AuSbBr6,Z_B2,51.0,-0.0423904826340488
direct_000252,Cs2AuSbCl6,Z_B2,51.0,-0.040429524171771
direct_000253,Cs2AgScBr6,Z_B2,21.0,-0.0043283286215577
direct_000254,Cs2AgScCl6,Z_B2,21.0,0.0223243431192931
direct_000255,Cs2AgScI6,Z_B2,21.0,-0.0074287302203615
direct_000256,Cs2AuScBr6,Z_B2,21.0,-0.0038066945086476
direct_000257,Cs2AuScCl6,Z_B2,21.0,-0.0004642825349981
direct_000258,Cs2AuScI6,Z_B2,21.0,-0.0001288446535422
direct_000259,Cs2CuScCl6,Z_B2,21.0,0.0143760018474305
direct_000260,Cs2InScBr6,Z_B2,21.0,0.0029143627859899
direct_000261,Cs2InScCl6,Z_B2,21.0,0.0022969770205383
direct_000262,Cs2InScI6,Z_B2,21.0,0.0008371687679521
direct_000263,Cs2TlScBr6,Z_B2,21.0,-0.0021474197245521
direct_000264,Cs2TlScCl6,Z_B2,21.0,9.02210115969054e-05
direct_000265,Cs2TlScI6,Z_B2,21.0,-0.0344789162809748
direct_000266,Cs2AuSmCl6,Z_B2,62.0,-0.0339065838505069
direct_000267,Cs2CuSmCl6,Z_B2,62.0,-0.0424571949330729
direct_000268,Cs2AuTbCl6,Z_B2,65.0,-0.0326950423254959
direct_000269,Cs2CuTbCl6,Z_B2,65.0,-0.0440883650637401
direct_000270,Cs2TlAsBr6,Z_B2,33.0,0.0497461804453787
direct_000271,Cs2TlAsCl6,Z_B2,33.0,0.0500415436947205
direct_000272,Cs2TlAsI6,Z_B2,33.0,0.051415583413501
direct_000273,Cs2TlBiBr6,Z_B2,83.0,-0.0036821946346513
direct_000274,Cs2TlBiCl6,Z_B2,83.0,-0.0056129804946267
direct_000275,Cs2TlBiI6,Z_B2,83.0,-0.0015152075703366
direct_000276,Cs2TlGaBr6,Z_B2,31.0,-0.0070536571188134
direct_000277,Cs2TlGaCl6,Z_B2,31.0,-0.0068033629577664
direct_000278,Cs2TlGaI6,Z_B2,31.0,-0.0092128912164179
direct_000279,Cs2TlInBr6,Z_B2,49.0,0.0169400130641584
direct_000280,Cs2TlInCl6,Z_B2,49.0,0.0196725778251892
direct_000281,Cs2TlInI6,Z_B2,49.0,0.0178205368873743
direct_000282,Cs2TlSbBr6,Z_B2,51.0,0.0105636919790819
direct_000283,Cs2TlSbCl6,Z_B2,51.0,0.0108750357017112
direct_000284,Cs2TlSbI6,Z_B2,51.0,0.0147080761650571
direct_000285,Cs2CuTmCl6,Z_B2,69.0,-0.0398719211965828
direct_000286,Cs2AgYBr6,Z_B2,39.0,0.0427436649740907
direct_000287,Cs2AgYCl6,Z_B2,39.0,0.0425541310204832
direct_000288,Cs2AgYI6,Z_B2,39.0,0.0379554428866682
direct_000289,Cs2AuYBr6,Z_B2,39.0,0.0368752971374335
direct_000290,Cs2AuYCl6,Z_B2,39.0,0.0404351439689669
direct_000291,Cs2AuYI6,Z_B2,39.0,0.0351587291274534
direct_000292,Cs2CuYBr6,Z_B2,39.0,0.0401733450725835
direct_000293,Cs2CuYCl6,Z_B2,39.0,0.0407116384794507
direct_000294,Cs2CuYI6,Z_B2,39.0,0.0386269008849626
direct_000295,Cs2InYBr6,Z_B2,39.0,0.0554936363020278
direct_000296,Cs2InYCl6,Z_B2,39.0,0.0468137610616399
direct_000297,Cs2InYI6,Z_B2,39.0,0.0378247620718393
direct_000298,Cs2TlYBr6,Z_B2,39.0,0.0285955169708523
direct_000299,Cs2TlYCl6,Z_B2,39.0,0.0375382763643768
direct_000300,Cs2TlYI6,Z_B2,39.0,0.0294102013576121
direct_000301,K2CsAlBr6,Z_B2,13.0,-0.0082303163757512
direct_000302,K2CsAlCl6,Z_B2,13.0,-0.0095750774377597
direct_000303,K2CsAlI6,Z_B2,13.0,-0.0017179389016536
direct_000304,K2CsAsBr6,Z_B2,33.0,0.0532063762450057
direct_000305,K2CsAsCl6,Z_B2,33.0,0.0520794188503659
direct_000306,K2CsBiCl6,Z_B2,83.0,-0.050164627023771
direct_000307,K2CsGaCl6,Z_B2,31.0,0.0306023799857959
direct_000308,K2CsInCl6,Z_B2,49.0,0.0460730581751846
direct_000309,K2CsSbCl6,Z_B2,51.0,-0.0213817530149338
direct_000310,K2CsScCl6,Z_B2,21.0,-0.2009190498377282
direct_000311,Mn2CsRbCl6,Z_B2,37.0,0.0719114240717606
direct_000312,Rb2CsAlBr6,Z_B2,13.0,-0.008241936783394
direct_000313,Rb2CsAlCl6,Z_B2,13.0,-0.0102115043556458
direct_000314,Rb2CsAlI6,Z_B2,13.0,-0.0017889676488341
direct_000315,Rb2CsAsBr6,Z_B2,33.0,0.0530218262837627
direct_000316,Rb2CsAsCl6,Z_B2,33.0,0.0518640487282053
direct_000317,Rb2CsAsI6,Z_B2,33.0,0.0173152090161614
direct_000318,Rb2CsAuCl6,Z_B2,79.0,-0.0453245154496727
direct_000319,Rb2CsDyCl6,Z_B2,66.0,0.039060018230787
direct_000320,Rb2CsErCl6,Z_B2,68.0,0.0413303012094504
direct_000321,Rb2CsGaBr6,Z_B2,31.0,0.0318540790298054
direct_000322,Rb2CsGaCl6,Z_B2,31.0,0.0301714722511122
direct_000323,Rb2CsGaI6,Z_B2,31.0,0.029897304704743
direct_000324,Rb2CsGdCl6,Z_B2,64.0,0.0370168724556459
direct_000325,Rb2CsInBr6,Z_B2,49.0,0.0478419353360674
direct_000326,Rb2CsInCl6,Z_B2,49.0,0.0460908623755503
direct_000327,Rb2CsLuCl6,Z_B2,71.0,0.0196813575833816
direct_000328,Rb2CsSbCl6,Z_B2,51.0,-0.0213571231727367
direct_000329,Rb2CsScBr6,Z_B2,21.0,-0.2074838822559172
direct_000330,Rb2CsScCl6,Z_B2,21.0,-0.2027089198355253
direct_000331,Rb2CsTbCl6,Z_B2,65.0,0.0309030768525613
direct_000332,Rb2CsTlBr6,Z_B2,81.0,-0.0037369287582269
direct_000333,Rb2CsTmCl6,Z_B2,69.0,0.0417576831027863
direct_000334,Rb2CsYBr6,Z_B2,39.0,0.0585097528431175
direct_000335,Rb2CsYCl6,Z_B2,39.0,0.0600068670734359
direct_000336,O2GaReCl6,Z_B2,75.0,-0.0822385808127556
direct_000337,Se2NGaCl6,Z_B2,31.0,0.0533435430083246
direct_000338,K2AgAsBr6,Z_B2,33.0,0.0088223381728783
direct_000339,K2AgAsCl6,Z_B2,33.0,0.0140378691858645
direct_000340,K2AgBiBr6,Z_B2,83.0,-0.1050544157617707
direct_000341,K2AgBiCl6,Z_B2,83.0,-0.1093902891084632
direct_000342,K2AgBiI6,Z_B2,83.0,-0.0963106181161963
direct_000343,K2AgMoBr6,Z_B2,42.0,0.180030900693831
direct_000344,K2AgMoCl6,Z_B2,42.0,0.1725472552998427
direct_000345,K2AgMoI6,Z_B2,42.0,0.1642717371547607
direct_000346,K2AgSbBr6,Z_B2,51.0,-0.0785327961009009
direct_000347,K2AgSbCl6,Z_B2,51.0,-0.0825058056131266
direct_000348,K2AgSbI6,Z_B2,51.0,-0.0739252580994422
direct_000349,K2AgAlBr6,Z_B2,13.0,0.0914643721308214
direct_000350,K2AgAlCl6,Z_B2,13.0,0.0964594501206356
direct_000351,K2AlAuCl6,Z_B2,79.0,-0.0338330264116061
direct_000352,K2InAlBr6,Z_B2,13.0,-0.0357868805353893
direct_000353,K2InAlCl6,Z_B2,13.0,-0.0317839330287849
direct_000354,K2InAlI6,Z_B2,13.0,-0.0294539316030302
direct_000355,K2TlAlBr6,Z_B2,13.0,-0.03100467037742
direct_000356,K2TlAlCl6,Z_B2,13.0,-0.0319125107301537
direct_000357,K2TlAlI6,Z_B2,13.0,-0.0249663944624425
direct_000358,K2AsAuBr6,Z_B2,79.0,-0.060180615013726
direct_000359,K2AsAuCl6,Z_B2,79.0,-0.0629712952022854
direct_000360,K2BiAuBr6,Z_B2,79.0,-0.0607994332862991
direct_000361,K2BiAuCl6,Z_B2,79.0,-0.0575824826902636
direct_000362,K2FBrCl6,Z_B2,35.0,0.0711394946349004
direct_000363,K2AgCeBr6,Z_B2,58.0,-0.069360121435847
direct_000364,K2AgCeCl6,Z_B2,58.0,-0.0703149821418815
direct_000365,K2AgCeI6,Z_B2,58.0,-0.0618401045892291
direct_000366,K2AuCeCl6,Z_B2,58.0,-0.0507437677308064
direct_000367,K2CuCeBr6,Z_B2,58.0,-0.0622296391060984
direct_000368,K2CuCeCl6,Z_B2,58.0,-0.0661289224016796
direct_000369,K2CuCeI6,Z_B2,58.0,-0.0592967047483708
direct_000370,K2CuBiBr6,Z_B2,83.0,-0.0965452383067066
direct_000371,K2CuBiCl6,Z_B2,83.0,-0.1040298152983504
direct_000372,K2CuBiI6,Z_B2,83.0,-0.0946900892171437
direct_000373,K2CuMoBr6,Z_B2,42.0,0.1804045090147303
direct_000374,K2CuMoCl6,Z_B2,42.0,0.1564886069670805
direct_000375,K2CuMoI6,Z_B2,42.0,0.1541937211302912
direct_000376,K2CuSbBr6,Z_B2,51.0,-0.0655145079717326
direct_000377,K2CuSbCl6,Z_B2,51.0,-0.0638303465960302
direct_000378,K2CuSbI6,Z_B2,51.0,-0.0583351824455276
direct_000379,K2AgDyCl6,Z_B2,66.0,-0.0413657825309063
direct_000380,K2AuDyCl6,Z_B2,66.0,-0.0354941883868895
direct_000381,K2CuDyCl6,Z_B2,66.0,-0.0393900145968207
direct_000382,K2AgErCl6,Z_B2,68.0,-0.04259624617088
direct_000383,K2AuErCl6,Z_B2,68.0,-0.0385090661722623
direct_000384,K2CuErCl6,Z_B2,68.0,-0.0401005595311018
direct_000385,K2AgGaCl6,Z_B2,31.0,0.1097327694838974
direct_000386,K2AuGdCl6,Z_B2,64.0,-0.034773273612863
direct_000387,K2CuGdCl6,Z_B2,64.0,-0.042641874416221
direct_000388,K2AgInBr6,Z_B2,49.0,0.1836056750368089
direct_000389,K2AgInCl6,Z_B2,49.0,0.1795539046995117
direct_000390,K2InAsBr6,Z_B2,33.0,0.0497262656935298
direct_000391,K2InAsCl6,Z_B2,33.0,0.04285174754783
direct_000392,K2InGaBr6,Z_B2,31.0,-0.008814552256259
direct_000393,K2InGaCl6,Z_B2,31.0,-0.0058722510402563
direct_000394,K2InGaI6,Z_B2,31.0,-0.005248090689594
direct_000395,K2InSbBr6,Z_B2,51.0,0.0037904963282062
direct_000396,K2InSbCl6,Z_B2,51.0,0.00321351674323
direct_000397,K2InSbI6,Z_B2,51.0,-0.0133013902280435
direct_000398,K2AgLaCl6,Z_B2,57.0,-0.0447144632724679
direct_000399,K2AuLaCl6,Z_B2,57.0,-0.0287881416056705
direct_000400,K2CuLaCl6,Z_B2,57.0,-0.0418886516872349
direct_000401,K2LiBiBr6,Z_B2,83.0,-0.0803382163395751
direct_000402,K2LiBiCl6,Z_B2,83.0,-0.0828163932346748
direct_000403,K2LiBiI6,Z_B2,83.0,-0.0764899932353119
direct_000404,K2LiCeBr6,Z_B2,58.0,-0.0921240308135446
direct_000405,K2LiCeCl6,Z_B2,58.0,-0.0956941184376958
direct_000406,K2LiCeI6,Z_B2,58.0,-0.0791271573908255
direct_000407,K2LiDyCl6,Z_B2,66.0,0.0127968250213698
direct_000408,K2LiErCl6,Z_B2,68.0,0.0114465300941488
direct_000409,K2LiGdCl6,Z_B2,64.0,0.0145783152190681
direct_000410,K2LiInCl6,Z_B2,49.0,0.0477759172522724
direct_000411,K2LiLaCl6,Z_B2,57.0,0.0485645685495168
direct_000412,K2LiLuCl6,Z_B2,71.0,0.0060976511579705
direct_000413,K2LiMoBr6,Z_B2,42.0,0.1386757883623804
direct_000414,K2LiMoCl6,Z_B2,42.0,0.0835442491351704
direct_000415,K2LiMoI6,Z_B2,42.0,0.1340240485988158
direct_000416,K2LiNdBr6,Z_B2,60.0,0.0235055798834617
direct_000417,K2LiNdCl6,Z_B2,60.0,0.0202989294718403
direct_000418,K2LiNdI6,Z_B2,60.0,0.0228751670192639
direct_000419,K2LiPrBr6,Z_B2,59.0,0.0234724034893868
direct_000420,K2LiPrCl6,Z_B2,59.0,0.0200543586996815
direct_000421,K2LiPrI6,Z_B2,59.0,0.0229768061404302
direct_000422,K2LiSbBr6,Z_B2,51.0,-0.0518435058587358
direct_000423,K2LiSbCl6,Z_B2,51.0,-0.0426550489967665
direct_000424,K2LiSbI6,Z_B2,51.0,-0.0463153164184993
direct_000425,K2LiScCl6,Z_B2,21.0,-0.0175278132024118
direct_000426,K2LiSmCl6,Z_B2,62.0,0.0203390563801469
direct_000427,K2LiTbCl6,Z_B2,65.0,0.0173734872132449
direct_000428,K2LiTlBr6,Z_B2,81.0,-0.0116949347544398
direct_000429,K2LiTlCl6,Z_B2,81.0,-0.0099629881966843
direct_000430,K2LiTmCl6,Z_B2,69.0,0.0113446233457805
direct_000431,K2LiYBr6,Z_B2,39.0,0.0548335485601275
direct_000432,K2LiYCl6,Z_B2,39.0,0.0514851701040514
direct_000433,K2LiYI6,Z_B2,39.0,0.0527055251288807
direct_000434,K2AgLuCl6,Z_B2,71.0,-0.0443476429872654
direct_000435,K2AuLuCl6,Z_B2,71.0,-0.0434308619329493
direct_000436,K2CuLuCl6,Z_B2,71.0,-0.040872662177512
direct_000437,K2NaAlCl6,Z_B2,13.0,0.001350041089
direct_000438,K2NaAsBr6,Z_B2,33.0,0.0095118775063254
direct_000439,K2NaAsCl6,Z_B2,33.0,0.0197061987946486
direct_000440,K2NaBiBr6,Z_B2,83.0,-0.0840464596166546
direct_000441,K2NaBiCl6,Z_B2,83.0,-0.0839558121248878
direct_000442,K2NaBiI6,Z_B2,83.0,-0.0739483541425414
direct_000443,K2NaCeBr6,Z_B2,58.0,-0.0871723717087415
direct_000444,K2NaCeCl6,Z_B2,58.0,-0.0876127576637531
direct_000445,K2NaCrCl6,Z_B2,24.0,0.0603653357609874
direct_000446,K2NaDyCl6,Z_B2,66.0,0.0168275831249741
direct_000447,K2NaErCl6,Z_B2,68.0,0.0149131322841819
direct_000448,K2NaGaBr6,Z_B2,31.0,0.0377878317936059
direct_000449,K2NaGaCl6,Z_B2,31.0,0.032800381865591
direct_000450,K2NaGdCl6,Z_B2,64.0,0.0185847329052955
direct_000451,K2NaInBr6,Z_B2,49.0,0.0622564843508463
direct_000452,K2NaInCl6,Z_B2,49.0,0.052316978989097
direct_000453,K2NaInI6,Z_B2,49.0,0.0680199810208749
direct_000454,K2NaLaCl6,Z_B2,57.0,0.0516088156896784
direct_000455,K2NaLuCl6,Z_B2,71.0,0.0109924511683438
direct_000456,K2NaMoBr6,Z_B2,42.0,0.1438397095493057
direct_000457,K2NaMoCl6,Z_B2,42.0,0.0974538533248002
direct_000458,K2NaMoI6,Z_B2,42.0,0.1417105225729268
direct_000459,K2NaNdBr6,Z_B2,60.0,0.0226003608452894
direct_000460,K2NaNdCl6,Z_B2,60.0,0.0221976513468448
direct_000461,K2NaNdI6,Z_B2,60.0,0.0231594252694633
direct_000462,K2NaPrBr6,Z_B2,59.0,0.0223227625735896
direct_000463,K2NaPrCl6,Z_B2,59.0,0.0219511145111507
direct_000464,K2NaPrI6,Z_B2,59.0,0.0223556944667751
direct_000465,K2NaSbBr6,Z_B2,51.0,-0.0513606012808394
direct_000466,K2NaSbCl6,Z_B2,51.0,-0.0474731590569371
direct_000467,K2NaSbI6,Z_B2,51.0,-0.0488185379924682
direct_000468,K2NaScBr6,Z_B2,21.0,-0.2002552061860628
direct_000469,K2NaScCl6,Z_B2,21.0,-0.1326982648366033
direct_000470,K2NaScI6,Z_B2,21.0,-0.170623605333459
direct_000471,K2NaSmCl6,Z_B2,62.0,0.0217415125003398
direct_000472,K2NaTbCl6,Z_B2,65.0,0.0221579557169538
direct_000473,K2NaTlBr6,Z_B2,81.0,-0.0083010496417404
direct_000474,K2NaTlCl6,Z_B2,81.0,-0.0092731749352677
direct_000475,K2NaTlI6,Z_B2,81.0,-0.0433939832378082
direct_000476,K2NaTmCl6,Z_B2,69.0,0.014635812160989
direct_000477,K2NaYBr6,Z_B2,39.0,0.0589837048587424
direct_000478,K2NaYCl6,Z_B2,39.0,0.058341687798131
direct_000479,K2NaYI6,Z_B2,39.0,0.0570824589524144
direct_000480,K2AgNdBr6,Z_B2,60.0,-0.043927240351599
direct_000481,K2AgNdCl6,Z_B2,60.0,-0.0444046351661982
direct_000482,K2AgNdI6,Z_B2,60.0,-0.039020457742342
direct_000483,K2AuNdCl6,Z_B2,60.0,-0.0338616939147733
direct_000484,K2CuNdBr6,Z_B2,60.0,-0.0420773868424579
direct_000485,K2CuNdCl6,Z_B2,60.0,-0.0450729712752422
direct_000486,K2CuNdI6,Z_B2,60.0,-0.0402514678936768
direct_000487,K2AgPrBr6,Z_B2,59.0,-0.0457883781910306
direct_000488,K2AgPrCl6,Z_B2,59.0,-0.046384276112201
direct_000489,K2AgPrI6,Z_B2,59.0,-0.0407140433037595
direct_000490,K2AuPrCl6,Z_B2,59.0,-0.0340634609806717
direct_000491,K2CuPrBr6,Z_B2,59.0,-0.0421263475627596
direct_000492,K2CuPrCl6,Z_B2,59.0,-0.0449527195837735
direct_000493,K2CuPrI6,Z_B2,59.0,-0.0403940259789907
direct_000494,K2RbAlBr6,Z_B2,13.0,-0.0074777680750679
direct_000495,K2RbAlCl6,Z_B2,13.0,-0.0061496347134758
direct_000496,K2RbAlI6,Z_B2,13.0,-0.0006286304785914
direct_000497,K2RbAsBr6,Z_B2,33.0,0.0583416546571215
direct_000498,K2RbAsCl6,Z_B2,33.0,0.0604199271577294
direct_000499,K2RbAsI6,Z_B2,33.0,0.0147732777502915
direct_000500,K2RbAuCl6,Z_B2,79.0,-0.0672208157282469
direct_000501,K2RbBiBr6,Z_B2,83.0,-0.0354027532626325
direct_000502,K2RbBiCl6,Z_B2,83.0,-0.0470816024710865
direct_000503,K2RbBiI6,Z_B2,83.0,-0.0505563549707278
direct_000504,K2RbCeBr6,Z_B2,58.0,-0.0760056063478988
direct_000505,K2RbCeCl6,Z_B2,58.0,-0.0761200726432883
direct_000506,K2RbCeI6,Z_B2,58.0,-0.0684499163189178
direct_000507,K2RbDyCl6,Z_B2,66.0,0.0346283683825338
direct_000508,K2RbErCl6,Z_B2,68.0,0.0319320380880302
direct_000509,K2RbGaBr6,Z_B2,31.0,0.0334716158523976
direct_000510,K2RbGaCl6,Z_B2,31.0,0.0324520518276413
direct_000511,K2RbGaI6,Z_B2,31.0,0.0339366669966098
direct_000512,K2RbGdCl6,Z_B2,64.0,0.034335162884074
direct_000513,K2RbInBr6,Z_B2,49.0,0.0518994286435663
direct_000514,K2RbInCl6,Z_B2,49.0,0.0511232251863606
direct_000515,K2RbLuCl6,Z_B2,71.0,0.0084056751567994
direct_000516,K2RbMoBr6,Z_B2,42.0,0.0930422077186623
direct_000517,K2RbMoCl6,Z_B2,42.0,0.0738123688201792
direct_000518,K2RbMoI6,Z_B2,42.0,0.0971584412413939
direct_000519,K2RbNdBr6,Z_B2,60.0,0.0365865064705242
direct_000520,K2RbNdCl6,Z_B2,60.0,0.0360176162703012
direct_000521,K2RbNdI6,Z_B2,60.0,0.0366582560525901
direct_000522,K2RbPrBr6,Z_B2,59.0,0.0367101872668581
direct_000523,K2RbPrCl6,Z_B2,59.0,0.0357174388372255
direct_000524,K2RbPrI6,Z_B2,59.0,0.0361552832923758
direct_000525,K2RbSbBr6,Z_B2,51.0,0.0066482465157874
direct_000526,K2RbSbCl6,Z_B2,51.0,0.0059050100208649
direct_000527,K2RbSbI6,Z_B2,51.0,0.0052594041596432
direct_000528,K2RbScBr6,Z_B2,21.0,-0.21309402555226
direct_000529,K2RbScCl6,Z_B2,21.0,-0.2067042996843723
direct_000530,K2RbTbCl6,Z_B2,65.0,0.0308915789075837
direct_000531,K2RbTlBr6,Z_B2,81.0,-0.0059088060137627
direct_000532,K2RbTmCl6,Z_B2,69.0,0.0353227253362807
direct_000533,K2RbYBr6,Z_B2,39.0,0.0582258820258088
direct_000534,K2RbYCl6,Z_B2,39.0,0.0587823773288258
direct_000535,K2RbYI6,Z_B2,39.0,0.0369484292877565
direct_000536,K2AuSbBr6,Z_B2,51.0,-0.042609231357427
direct_000537,K2AuSbCl6,Z_B2,51.0,-0.0415404781996099
direct_000538,K2AgScBr6,Z_B2,21.0,-0.0047493937528495
direct_000539,K2AgScCl6,Z_B2,21.0,0.0367675376778434
direct_000540,K2AgScI6,Z_B2,21.0,-0.0074238049033872
direct_000541,K2AuScBr6,Z_B2,21.0,-0.0040505598501764
direct_000542,K2AuScCl6,Z_B2,21.0,-0.0001799692721711
direct_000543,K2AuScI6,Z_B2,21.0,0.0001100852149758
direct_000544,K2CuScCl6,Z_B2,21.0,0.0281274970435678
direct_000545,K2InScBr6,Z_B2,21.0,0.0031908300228101
direct_000546,K2InScCl6,Z_B2,21.0,0.0051018097106867
direct_000547,K2InScI6,Z_B2,21.0,0.0022396298288377
direct_000548,K2TlScBr6,Z_B2,21.0,-0.0011960539572472
direct_000549,K2TlScCl6,Z_B2,21.0,-0.0005420422656661
direct_000550,K2AgSmCl6,Z_B2,62.0,-0.0440790956481808
direct_000551,K2AuSmCl6,Z_B2,62.0,-0.0349496995277789
direct_000552,K2CuSmCl6,Z_B2,62.0,-0.0422220678163763
direct_000553,K2AgTbCl6,Z_B2,65.0,-0.0467084843497468
direct_000554,K2AuTbCl6,Z_B2,65.0,-0.0338865631457642
direct_000555,K2CuTbCl6,Z_B2,65.0,-0.0432975395636992
direct_000556,K2TlAsBr6,Z_B2,33.0,0.0514606122078382
direct_000557,K2TlAsCl6,Z_B2,33.0,0.0527610651287151
direct_000558,K2TlAsI6,Z_B2,33.0,0.0506353479108639
direct_000559,K2TlGaBr6,Z_B2,31.0,-0.0058322501860409
direct_000560,K2TlGaCl6,Z_B2,31.0,-0.0076056540722104
direct_000561,K2TlGaI6,Z_B2,31.0,-0.0086091879737902
direct_000562,K2TlInBr6,Z_B2,49.0,0.0191584207850013
direct_000563,K2TlInCl6,Z_B2,49.0,0.0204739264567024
direct_000564,K2TlInI6,Z_B2,49.0,0.0185229932659253
direct_000565,K2TlSbBr6,Z_B2,51.0,0.0106512895550025
direct_000566,K2TlSbCl6,Z_B2,51.0,0.0111994693869898
direct_000567,K2AgTmCl6,Z_B2,69.0,-0.0423031811629781
direct_000568,K2AuTmCl6,Z_B2,69.0,-0.04152941867325
direct_000569,K2CuTmCl6,Z_B2,69.0,-0.0393640712348712
direct_000570,K2AgYBr6,Z_B2,39.0,0.0427737233613832
direct_000571,K2AgYCl6,Z_B2,39.0,0.045326524066509
direct_000572,K2AgYI6,Z_B2,39.0,0.0392525961382181
direct_000573,K2AuYBr6,Z_B2,39.0,0.0383869611275878
direct_000574,K2AuYCl6,Z_B2,39.0,0.040992152096527
direct_000575,K2AuYI6,Z_B2,39.0,0.0352022417229882
direct_000576,K2CuYBr6,Z_B2,39.0,0.0399363367506826
direct_000577,K2CuYCl6,Z_B2,39.0,0.0433747542366936
direct_000578,K2CuYI6,Z_B2,39.0,0.0396050153489612
direct_000579,K2InYCl6,Z_B2,39.0,0.0445056118290377
direct_000580,K2TlYBr6,Z_B2,39.0,0.0307971697623886
direct_000581,Rb2KAlBr6,Z_B2,13.0,-0.0096429177264574
direct_000582,Rb2KAlCl6,Z_B2,13.0,-0.0048327316937106
direct_000583,Rb2KAlI6,Z_B2,13.0,0.0019455720168844
direct_000584,Rb2KAsBr6,Z_B2,33.0,0.0683477752318195
direct_000585,Rb2KAsCl6,Z_B2,33.0,0.0709669510808216
direct_000586,Rb2KAsI6,Z_B2,33.0,0.0240424652899524
direct_000587,Rb2KAuCl6,Z_B2,79.0,-0.0783253293246189
direct_000588,Rb2KDyCl6,Z_B2,66.0,0.0255806364081645
direct_000589,Rb2KErCl6,Z_B2,68.0,0.0264470973060584
direct_000590,Rb2KGaBr6,Z_B2,31.0,0.0392000515980544
direct_000591,Rb2KGaCl6,Z_B2,31.0,0.0373415289555462
direct_000592,Rb2KGaI6,Z_B2,31.0,0.0389735308325207
direct_000593,Rb2KGdCl6,Z_B2,64.0,0.0252190466079524
direct_000594,Rb2KInBr6,Z_B2,49.0,0.0580263017872307
direct_000595,Rb2KInCl6,Z_B2,49.0,0.0554953540441121
direct_000596,Rb2KInI6,Z_B2,49.0,0.063422986600593
direct_000597,Rb2KLaCl6,Z_B2,57.0,0.0489733106480046
direct_000598,Rb2KLuCl6,Z_B2,71.0,0.0207527549820816
direct_000599,Rb2KScBr6,Z_B2,21.0,-0.2150360268390122
direct_000600,Rb2KScCl6,Z_B2,21.0,-0.2081889354462635
direct_000601,Rb2KScI6,Z_B2,21.0,-0.1782273157346206
direct_000602,Rb2KSmCl6,Z_B2,62.0,0.0281235197661128
direct_000603,Rb2KTbCl6,Z_B2,65.0,0.0222976441999143
direct_000604,Rb2KTlBr6,Z_B2,81.0,-0.0091994285087552
direct_000605,Rb2KTlCl6,Z_B2,81.0,-0.0087984668622654
direct_000606,Rb2KTlI6,Z_B2,81.0,-0.0184010036164767
direct_000607,Rb2KTmCl6,Z_B2,69.0,0.0291116986214846
direct_000608,Li2CuSbCl6,Z_B2,51.0,-0.0636650593256335
direct_000609,Li2CuInCl6,Z_B2,49.0,0.1171950744974472
direct_000610,Li2CuScCl6,Z_B2,21.0,0.0338518144926524
direct_000611,Tl2LiScCl6,Z_B2,21.0,0.0521207171965207
direct_000612,Tl2LiInCl6,Z_B2,49.0,0.0258627945772399
direct_000613,Tl2LiYCl6,Z_B2,39.0,0.0174963732304241
direct_000614,O2MoPCl6,Z_B2,15.0,0.0404194176900623
direct_000615,Na2AgAsBr6,Z_B2,33.0,0.0090722246705737
direct_000616,Na2AgAsCl6,Z_B2,33.0,0.0141407260033537
direct_000617,Na2AgSbCl6,Z_B2,51.0,-0.0824875966446651
direct_000618,Na2AgAlBr6,Z_B2,13.0,0.0915099752446456
direct_000619,Na2AgAlCl6,Z_B2,13.0,0.0955746163839418
direct_000620,Na2CuBiBr6,Z_B2,83.0,-0.0966285910897037
direct_000621,Na2CuBiCl6,Z_B2,83.0,-0.1039719495539979
direct_000622,Na2CuSbCl6,Z_B2,51.0,-0.0639166885364701
direct_000623,Na2CuDyCl6,Z_B2,66.0,-0.0393881472249705
direct_000624,Na2CuErCl6,Z_B2,68.0,-0.040098907337502
direct_000625,Na2CuEuCl6,Z_B2,63.0,-0.0426349072130523
direct_000626,Na2AgGaCl6,Z_B2,31.0,0.1101087801129084
direct_000627,Na2AgInBr6,Z_B2,49.0,0.1833552810621086
direct_000628,Na2AgInCl6,Z_B2,49.0,0.1791499987351671
direct_000629,Na2CuLaCl6,Z_B2,57.0,-0.0421007756259197
direct_000630,Na2LiBiBr6,Z_B2,83.0,-0.0803572556403007
direct_000631,Na2LiBiCl6,Z_B2,83.0,-0.083016520091999
direct_000632,Na2LiBiI6,Z_B2,83.0,-0.0764770878912695
direct_000633,Na2LiCeCl6,Z_B2,58.0,-0.0951359434441008
direct_000634,Na2LiDyCl6,Z_B2,66.0,0.0130093634485777
direct_000635,Na2LiErCl6,Z_B2,68.0,0.0115865817749779
direct_000636,Na2LiGdCl6,Z_B2,64.0,0.0147422845416792
direct_000637,Na2LiInCl6,Z_B2,49.0,0.0477808126929676
direct_000638,Na2LiLaCl6,Z_B2,57.0,0.0487459814620884
direct_000639,Na2LiLuCl6,Z_B2,71.0,0.0061848921479947
direct_000640,Na2LiNdCl6,Z_B2,60.0,0.0204761967993484
direct_000641,Na2LiPrCl6,Z_B2,59.0,0.0202345983745252
direct_000642,Na2LiSbCl6,Z_B2,51.0,-0.0411051825537313
direct_000643,Na2LiScCl6,Z_B2,21.0,-0.0177336720364501
direct_000644,Na2LiSmCl6,Z_B2,62.0,0.0205157602813948
direct_000645,Na2LiTbCl6,Z_B2,65.0,0.0175583322170385
direct_000646,Na2LiTlBr6,Z_B2,81.0,-0.0117454061842551
direct_000647,Na2LiTlCl6,Z_B2,81.0,-0.0099155794276059
direct_000648,Na2LiTmCl6,Z_B2,69.0,0.0114450319800887
direct_000649,Na2LiYBr6,Z_B2,39.0,0.0547242819603
direct_000650,Na2LiYCl6,Z_B2,39.0,0.0516738023240161
direct_000651,Na2AgLuCl6,Z_B2,71.0,-0.0441334803914058
direct_000652,Na2CuLuCl6,Z_B2,71.0,-0.0408867711368499
direct_000653,Na2CuNdCl6,Z_B2,60.0,-0.0450251064297598
direct_000654,Na2CuPrCl6,Z_B2,59.0,-0.0449048547382911
direct_000655,Na2AgScCl6,Z_B2,21.0,0.0336017580607634
direct_000656,Na2CuScCl6,Z_B2,21.0,0.0357617767320372
direct_000657,Na2CuSmCl6,Z_B2,62.0,-0.0421981767229256
direct_000658,Na2CuTbCl6,Z_B2,65.0,-0.0432876126706729
direct_000659,Na2AgTmCl6,Z_B2,69.0,-0.042084478282626
direct_000660,Na2CuTmCl6,Z_B2,69.0,-0.0393777531628096
direct_000661,Na2CuYBr6,Z_B2,39.0,0.0399364184524788
direct_000662,Na2CuYCl6,Z_B2,39.0,0.043384428914972
direct_000663,O2NbPCl6,Z_B2,15.0,0.0478112315563366
direct_000664,Rb2AgAsBr6,Z_B2,33.0,0.0087950154226856
direct_000665,Rb2AgAsCl6,Z_B2,33.0,0.0117669424925604
direct_000666,Rb2AgBiBr6,Z_B2,83.0,-0.1048862526812843
direct_000667,Rb2AgBiCl6,Z_B2,83.0,-0.1077345886539168
direct_000668,Rb2AgBiI6,Z_B2,83.0,-0.0963111838602023
direct_000669,Rb2AgMoBr6,Z_B2,42.0,0.1801221008975077
direct_000670,Rb2AgMoCl6,Z_B2,42.0,0.175362437646033
direct_000671,Rb2AgMoI6,Z_B2,42.0,0.1637287938534295
direct_000672,Rb2AgSbBr6,Z_B2,51.0,-0.0787970869916273
direct_000673,Rb2AgSbCl6,Z_B2,51.0,-0.0825193001162052
direct_000674,Rb2AgSbI6,Z_B2,51.0,-0.0734357105958221
direct_000675,Rb2AgAlBr6,Z_B2,13.0,0.0914749561376113
direct_000676,Rb2AgAlCl6,Z_B2,13.0,0.0950968148725419
direct_000677,Rb2AlAuCl6,Z_B2,79.0,-0.035779621638137
direct_000678,Rb2InAlBr6,Z_B2,13.0,-0.0358051400727683
direct_000679,Rb2InAlCl6,Z_B2,13.0,-0.0345133337201578
direct_000680,Rb2InAlI6,Z_B2,13.0,-0.0294845036791902
direct_000681,Rb2TlAlBr6,Z_B2,13.0,-0.0309896835772158
direct_000682,Rb2TlAlCl6,Z_B2,13.0,-0.0313206515463786
direct_000683,Rb2TlAlI6,Z_B2,13.0,-0.0248581938170745
direct_000684,Rb2AsAuCl6,Z_B2,79.0,-0.0654784071769674
direct_000685,Rb2BiAuBr6,Z_B2,79.0,-0.0608152761789798
direct_000686,Rb2BiAuCl6,Z_B2,79.0,-0.0574158412672962
direct_000687,Rb2FBrCl6,Z_B2,35.0,0.0729080365634305
direct_000688,Rb2AgCeBr6,Z_B2,58.0,-0.0693566442736924
direct_000689,Rb2AgCeCl6,Z_B2,58.0,-0.0705578051756146
direct_000690,Rb2AgCeI6,Z_B2,58.0,-0.0617401526297863
direct_000691,Rb2CuCeBr6,Z_B2,58.0,-0.0618052247299707
direct_000692,Rb2CuCeCl6,Z_B2,58.0,-0.0662017829990606
direct_000693,Rb2CuBiBr6,Z_B2,83.0,-0.0956888977314536
direct_000694,Rb2CuBiCl6,Z_B2,83.0,-0.1038381357448152
direct_000695,Rb2CuBiI6,Z_B2,83.0,-0.094692619278413
direct_000696,Rb2CuMoBr6,Z_B2,42.0,0.180448359416821
direct_000697,Rb2CuMoCl6,Z_B2,42.0,0.1725298211548927
direct_000698,Rb2CuMoI6,Z_B2,42.0,0.1495965231003429
direct_000699,Rb2CuSbBr6,Z_B2,51.0,-0.0654141157885859
direct_000700,Rb2CuSbCl6,Z_B2,51.0,-0.0639829820710747
direct_000701,Rb2CuSbI6,Z_B2,51.0,-0.0582837135426477
direct_000702,Rb2AgDyCl6,Z_B2,66.0,-0.041317101603643
direct_000703,Rb2AuDyCl6,Z_B2,66.0,-0.0352197614490542
direct_000704,Rb2CuDyCl6,Z_B2,66.0,-0.0397154217779217
direct_000705,Rb2AgErCl6,Z_B2,68.0,-0.0426112501381147
direct_000706,Rb2AuErCl6,Z_B2,68.0,-0.0384067380597491
direct_000707,Rb2CuErCl6,Z_B2,68.0,-0.03997155207701
direct_000708,Rb2AgGaBr6,Z_B2,31.0,0.0815912771430292
direct_000709,Rb2AgGaCl6,Z_B2,31.0,0.1079339011533104
direct_000710,Rb2AgGdCl6,Z_B2,64.0,-0.041669715366107
direct_000711,Rb2AgInBr6,Z_B2,49.0,0.1835708446409096
direct_000712,Rb2AgInCl6,Z_B2,49.0,0.18155904188922
direct_000713,Rb2InAsBr6,Z_B2,33.0,0.0497026052764371
direct_000714,Rb2InAsCl6,Z_B2,33.0,0.0421183556977086
direct_000715,Rb2InBiCl6,Z_B2,83.0,-0.0138773945222624
direct_000716,Rb2InGaBr6,Z_B2,31.0,-0.008830207736383
direct_000717,Rb2InGaCl6,Z_B2,31.0,-0.0066949642603087
direct_000718,Rb2InGaI6,Z_B2,31.0,-0.0056505525538556
direct_000719,Rb2InSbBr6,Z_B2,51.0,0.0037757711383139
direct_000720,Rb2InSbCl6,Z_B2,51.0,0.0031036929199519
direct_000721,Rb2InSbI6,Z_B2,51.0,-0.0132256554996254
direct_000722,Rb2AgLaCl6,Z_B2,57.0,-0.0446814013176445
direct_000723,Rb2AuLaCl6,Z_B2,57.0,-0.0287316195347036
direct_000724,Rb2CuLaCl6,Z_B2,57.0,-0.0420100269826207
direct_000725,Rb2LiBiBr6,Z_B2,83.0,-0.0799796721087559
direct_000726,Rb2LiBiCl6,Z_B2,83.0,-0.0826878579126292
direct_000727,Rb2LiBiI6,Z_B2,83.0,-0.0764960986768765
direct_000728,Rb2LiCeBr6,Z_B2,58.0,-0.0920206595692972
direct_000729,Rb2LiCeCl6,Z_B2,58.0,-0.0957241864069818
direct_000730,Rb2LiCeI6,Z_B2,58.0,-0.0791721682377273
direct_000731,Rb2LiDyBr6,Z_B2,66.0,0.0154436611628813
direct_000732,Rb2LiDyCl6,Z_B2,66.0,0.0127522811319997
direct_000733,Rb2LiErCl6,Z_B2,68.0,0.0114394233642686
direct_000734,Rb2LiGdCl6,Z_B2,64.0,0.0145355622363724
direct_000735,Rb2LiHoCl6,Z_B2,67.0,0.011915034794338
direct_000736,Rb2LiInCl6,Z_B2,49.0,0.0503191427168437
direct_000737,Rb2LiLaCl6,Z_B2,57.0,0.0484941311476819
direct_000738,Rb2LiMoBr6,Z_B2,42.0,0.1388814852199983
direct_000739,Rb2LiMoCl6,Z_B2,42.0,0.0962065614286473
direct_000740,Rb2LiMoI6,Z_B2,42.0,0.1328964651393862
direct_000741,Rb2LiNdBr6,Z_B2,60.0,0.0235595731483324
direct_000742,Rb2LiNdCl6,Z_B2,60.0,0.0202754977178055
direct_000743,Rb2LiNdI6,Z_B2,60.0,0.0233771959934054
direct_000744,Rb2LiPrBr6,Z_B2,59.0,0.0235274770368537
direct_000745,Rb2LiPrCl6,Z_B2,59.0,0.020045038252296
direct_000746,Rb2LiPrI6,Z_B2,59.0,0.023412161898192
direct_000747,Rb2LiRhCl6,Z_B2,45.0,0.060421472747069
direct_000748,Rb2LiSbBr6,Z_B2,51.0,-0.051849318616007
direct_000749,Rb2LiSbCl6,Z_B2,51.0,-0.043049423871611
direct_000750,Rb2LiSbI6,Z_B2,51.0,-0.0458948644852264
direct_000751,Rb2LiScCl6,Z_B2,21.0,-0.0248155621801758
direct_000752,Rb2LiSmCl6,Z_B2,62.0,0.0203369429058976
direct_000753,Rb2LiTbCl6,Z_B2,65.0,0.0173173590852392
direct_000754,Rb2LiTlBr6,Z_B2,81.0,-0.0114748412128388
direct_000755,Rb2LiTlCl6,Z_B2,81.0,-0.0104708236168554
direct_000756,Rb2LiTmCl6,Z_B2,69.0,0.0113793761953343
direct_000757,Rb2LiYBr6,Z_B2,39.0,0.0550571702695468
direct_000758,Rb2LiYCl6,Z_B2,39.0,0.0521245410570753
direct_000759,Rb2LiYI6,Z_B2,39.0,0.0526397384473573
direct_000760,Rb2AgLuCl6,Z_B2,71.0,-0.0441177124587688
direct_000761,Rb2AuLuCl6,Z_B2,71.0,-0.0431930854294356
direct_000762,Rb2CuLuCl6,Z_B2,71.0,-0.0408844485236121
direct_000763,Rb2NaAlCl6,Z_B2,13.0,-0.0028349271100231
direct_000764,Rb2NaAsBr6,Z_B2,33.0,0.0089125585662318
direct_000765,Rb2NaAsCl6,Z_B2,33.0,0.0171322660940918
direct_000766,Rb2NaBiBr6,Z_B2,83.0,-0.0837299949811552
direct_000767,Rb2NaBiCl6,Z_B2,83.0,-0.0832951450577884
direct_000768,Rb2NaBiI6,Z_B2,83.0,-0.073954459584106
direct_000769,Rb2NaCeBr6,Z_B2,58.0,-0.087070788751897
direct_000770,Rb2NaCeCl6,Z_B2,58.0,-0.0876982146831385
direct_000771,Rb2NaCeI6,Z_B2,58.0,-0.0758532245166688
direct_000772,Rb2NaCrCl6,Z_B2,24.0,0.0578689193368976
direct_000773,Rb2NaDyCl6,Z_B2,66.0,0.016790346533825
direct_000774,Rb2NaErCl6,Z_B2,68.0,0.014912619314707
direct_000775,Rb2NaGaBr6,Z_B2,31.0,0.036657098397272
direct_000776,Rb2NaGaCl6,Z_B2,31.0,0.0341015489381931
direct_000777,Rb2NaGdCl6,Z_B2,64.0,0.0185530981188799
direct_000778,Rb2NaInBr6,Z_B2,49.0,0.0622682196524686
direct_000779,Rb2NaInCl6,Z_B2,49.0,0.0548966531557751
direct_000780,Rb2NaInI6,Z_B2,49.0,0.0679352944076681
direct_000781,Rb2NaLaCl6,Z_B2,57.0,0.0513428560540233
direct_000782,Rb2NaMoBr6,Z_B2,42.0,0.1441022777835498
direct_000783,Rb2NaMoCl6,Z_B2,42.0,0.1202810212319816
direct_000784,Rb2NaMoI6,Z_B2,42.0,0.1409674427313246
direct_000785,Rb2NaNdBr6,Z_B2,60.0,0.0226611228779394
direct_000786,Rb2NaNdCl6,Z_B2,60.0,0.0221615895181393
direct_000787,Rb2NaNdI6,Z_B2,60.0,0.0236571360957695
direct_000788,Rb2NaPrBr6,Z_B2,59.0,0.0223778361210565
direct_000789,Rb2NaPrCl6,Z_B2,59.0,0.0219252336064442
direct_000790,Rb2NaPrI6,Z_B2,59.0,0.0227856526884915
direct_000791,Rb2NaSbBr6,Z_B2,51.0,-0.0513675254384689
direct_000792,Rb2NaSbCl6,Z_B2,51.0,-0.0474617140219498
direct_000793,Rb2NaSbI6,Z_B2,51.0,-0.0484263353618275
direct_000794,Rb2NaScBr6,Z_B2,21.0,-0.2013892276493109
direct_000795,Rb2NaScCl6,Z_B2,21.0,-0.1726446470997628
direct_000796,Rb2NaScI6,Z_B2,21.0,-0.1717590241937779
direct_000797,Rb2NaSmCl6,Z_B2,62.0,0.0217393990260905
direct_000798,Rb2NaTbCl6,Z_B2,65.0,0.0221131662333931
direct_000799,Rb2NaTlBr6,Z_B2,81.0,-0.0081287612152095
direct_000800,Rb2NaTlCl6,Z_B2,81.0,-0.0097781762029539
direct_000801,Rb2NaTmCl6,Z_B2,69.0,0.0146771587709481
direct_000802,Rb2NaYBr6,Z_B2,39.0,0.059269849613961
direct_000803,Rb2NaYCl6,Z_B2,39.0,0.0591498869699858
direct_000804,Rb2NaYI6,Z_B2,39.0,0.0569890769418485
direct_000805,Rb2AgNdBr6,Z_B2,60.0,-0.0439422443188336
direct_000806,Rb2AgNdCl6,Z_B2,60.0,-0.0447548722276322
direct_000807,Rb2AgNdI6,Z_B2,60.0,-0.0389961333180575
direct_000808,Rb2AuNdCl6,Z_B2,60.0,-0.0336547349020775
direct_000809,Rb2CuNdBr6,Z_B2,60.0,-0.0416022550394463
direct_000810,Rb2CuNdCl6,Z_B2,60.0,-0.0451638015608138
direct_000811,Rb2CuNdI6,Z_B2,60.0,-0.0401890210206118
direct_000812,Rb2AgPrBr6,Z_B2,59.0,-0.0458144811962843
direct_000813,Rb2AgPrCl6,Z_B2,59.0,-0.0466719128803733
direct_000814,Rb2AgPrI6,Z_B2,59.0,-0.0408107151749956
direct_000815,Rb2AuPrCl6,Z_B2,59.0,-0.033870339943116
direct_000816,Rb2CuPrBr6,Z_B2,59.0,-0.0416634937674805
direct_000817,Rb2CuPrCl6,Z_B2,59.0,-0.0450454729815011
direct_000818,Rb2CuPrI6,Z_B2,59.0,-0.0402636133157097
direct_000819,Rb2AuSbCl6,Z_B2,51.0,-0.041454980106401
direct_000820,Rb2AgScBr6,Z_B2,21.0,-0.0045271848572735
direct_000821,Rb2AgScCl6,Z_B2,21.0,0.0349513527637375
direct_000822,Rb2AgScI6,Z_B2,21.0,-0.007303087022252
direct_000823,Rb2AuScBr6,Z_B2,21.0,-0.0037467347111527
direct_000824,Rb2AuScCl6,Z_B2,21.0,-0.0009164809298556
direct_000825,Rb2AuScI6,Z_B2,21.0,0.0001701940243367
direct_000826,Rb2CuScCl6,Z_B2,21.0,0.0238793500310984
direct_000827,Rb2InScBr6,Z_B2,21.0,0.0031247714813852
direct_000828,Rb2InScCl6,Z_B2,21.0,0.0040000515470642
direct_000829,Rb2InScI6,Z_B2,21.0,0.0019323975376616
direct_000830,Rb2TlScBr6,Z_B2,21.0,-0.0003728602890638
direct_000831,Rb2TlScCl6,Z_B2,21.0,0.0011659140446808
direct_000832,Rb2TlScI6,Z_B2,21.0,-0.0339842381804546
direct_000833,Rb2AgSmCl6,Z_B2,62.0,-0.0436749562180297
direct_000834,Rb2AuSmCl6,Z_B2,62.0,-0.0346589333090571
direct_000835,Rb2CuSmCl6,Z_B2,62.0,-0.0422374315822992
direct_000836,Rb2AgTbCl6,Z_B2,65.0,-0.0462300963328041
direct_000837,Rb2AuTbCl6,Z_B2,65.0,-0.0337128036937313
direct_000838,Rb2CuTbCl6,Z_B2,65.0,-0.0436635370270238
direct_000839,Rb2TlAsBr6,Z_B2,33.0,0.0515489040873448
direct_000840,Rb2TlAsCl6,Z_B2,33.0,0.0525265937843964
direct_000841,Rb2TlAsI6,Z_B2,33.0,0.0505811692561367
direct_000842,Rb2TlBiBr6,Z_B2,83.0,-0.0051506002668356
direct_000843,Rb2TlGaBr6,Z_B2,31.0,-0.0058993891881451
direct_000844,Rb2TlGaCl6,Z_B2,31.0,-0.0069297464162263
direct_000845,Rb2TlGaI6,Z_B2,31.0,-0.008657461465484
direct_000846,Rb2TlInBr6,Z_B2,49.0,0.0187458131318497
direct_000847,Rb2TlInCl6,Z_B2,49.0,0.0202576048685012
direct_000848,Rb2TlInI6,Z_B2,49.0,0.0185229932659253
direct_000849,Rb2TlSbBr6,Z_B2,51.0,0.0105703567066825
direct_000850,Rb2TlSbCl6,Z_B2,51.0,0.0111769416826151
direct_000851,Rb2TlSbI6,Z_B2,51.0,0.0139519766121072
direct_000852,Rb2AgTmCl6,Z_B2,69.0,-0.0422982380113585
direct_000853,Rb2AuTmCl6,Z_B2,69.0,-0.0415119816150864
direct_000854,Rb2CuTmCl6,Z_B2,69.0,-0.0393227944428836
direct_000855,Rb2AgYBr6,Z_B2,39.0,0.043000794628676
direct_000856,Rb2AgYCl6,Z_B2,39.0,0.0424023793494716
direct_000857,Rb2AgYI6,Z_B2,39.0,0.0391846776432628
direct_000858,Rb2AuYBr6,Z_B2,39.0,0.0382125015820665
direct_000859,Rb2AuYCl6,Z_B2,39.0,0.0409611152591534
direct_000860,Rb2AuYI6,Z_B2,39.0,0.0351674912432104
direct_000861,Rb2CuYBr6,Z_B2,39.0,0.0400195907172679
direct_000862,Rb2CuYCl6,Z_B2,39.0,0.0426062437680041
direct_000863,Rb2CuYI6,Z_B2,39.0,0.0394339629590201
direct_000864,Rb2InYBr6,Z_B2,39.0,0.0554884452441965
direct_000865,Rb2InYCl6,Z_B2,39.0,0.0441075074924556
direct_000866,Rb2InYI6,Z_B2,39.0,0.0446994030624427
direct_000867,Rb2TlYBr6,Z_B2,39.0,0.0311917867496003
direct_000868,Rb2TlYCl6,Z_B2,39.0,0.038781292416264
direct_000869,Rb2TlYI6,Z_B2,39.0,0.030188336443452
direct_000870,O2PSbCl6,Z_B2,51.0,-0.0472851503818737
direct_000871,S2NSbCl6,Z_B2,51.0,0.0070619905514936
direct_000872,Cs2GeSnCl6,Z_B2,50.0,0.164302035400644
direct_000873,Cs2GeSnBr6,Z_B2,50.0,0.1637404251662639
direct_000874,Rb2GeSnCl6,Z_B2,50.0,0.1641525547668352
direct_000875,Rb2GeSnBr6,Z_B2,50.0,0.1639768441455893
direct_000876,K2GeSnBr6,Z_B2,50.0,0.1635884866318574
direct_000877,K2GeSnI6,Z_B2,50.0,0.1626128236963414
direct_000878,Na2GeSnCl6,Z_B2,50.0,0.1633698516317949
direct_000879,K2GeSnCl6,Z_B2,50.0,0.1633885416425076
direct_000880,Li2GeSnCl6,Z_B2,50.0,0.1632771095793037
direct_000881,Li2GeSnBr6,Z_B2,50.0,0.1636019576127944
direct_000882,Li2GeSnI6,Z_B2,50.0,0.162019511160858
direct_000883,Rb2GeSnI6,Z_B2,50.0,0.1611353798636876
direct_000884,Cs2GeSnI6,Z_B2,50.0,0.1607379199173822
direct_000001,Al2OSnCl6,delta_r_B,0.1899999999999999,-0.0361901345438925
direct_000002,S2NAlCl6,delta_r_B,0.025,-0.0361698871102287
direct_000003,Cs2AgAsBr6,delta_r_B,0.5700000000000001,-0.0085672245026786
direct_000004,Cs2AgAsCl6,delta_r_B,0.5700000000000001,-0.0061124954674423
direct_000005,Cs2AgAuCl6,delta_r_B,0.3,-0.0207691362662871
direct_000006,Cs2AgBiBr6,delta_r_B,0.1200000000000001,-0.0525624994169644
direct_000007,Cs2AgBiCl6,delta_r_B,0.1200000000000001,-0.0529082491344197
direct_000008,Cs2AgBiI6,delta_r_B,0.1200000000000001,-0.0475391322811513
direct_000009,Cs2AgMoBr6,delta_r_B,0.4600000000000001,0.0290511064363536
direct_000010,Cs2AgMoCl6,delta_r_B,0.4600000000000001,0.0302142273012917
direct_000011,Cs2AgSbBr6,delta_r_B,0.39,-0.0130238239346813
direct_000012,Cs2AgSbCl6,delta_r_B,0.39,-0.0111098776721508
direct_000013,Cs2AgSbI6,delta_r_B,0.39,-0.0111408914451115
direct_000014,Cs2AgAlBr6,delta_r_B,0.615,0.0658370573457193
direct_000015,Cs2AgAlCl6,delta_r_B,0.615,0.0653640455723565
direct_000016,Cs2AlAuCl6,delta_r_B,0.26,-0.0251921624912498
direct_000017,Cs2CuAlCl6,delta_r_B,0.235,-0.0244095755669237
direct_000018,Cs2InAlBr6,delta_r_B,0.875,-0.0222827482050648
direct_000019,Cs2InAlCl6,delta_r_B,0.875,-0.0249218939791169
direct_000020,Cs2InAlI6,delta_r_B,0.875,-0.014969811339271
direct_000021,Cs2TlAlBr6,delta_r_B,0.965,-0.0152644697847269
direct_000022,Cs2TlAlCl6,delta_r_B,0.965,-0.0173121914653179
direct_000023,Cs2TlAlI6,delta_r_B,0.965,-0.0104543276646436
direct_000024,Cs2AsAuCl6,delta_r_B,0.1599999999999999,-0.0262577345290012
direct_000025,Cs2BrAsCl6,delta_r_B,1.2200000000000002,0.015283195339226
direct_000026,Cs2BiAuBr6,delta_r_B,0.6100000000000001,0.0043791937307553
direct_000027,Cs2BiAuCl6,delta_r_B,0.6100000000000001,0.0034850391307913
direct_000028,Cs2FBrCl6,delta_r_B,0.74,0.0541237185910547
direct_000029,Cs2CaSnCl6,delta_r_B,0.31,0.0156880572878681
direct_000030,Cs2AgCeBr6,delta_r_B,0.1400000000000001,-0.0445913256351873
direct_000031,Cs2AgCeCl6,delta_r_B,0.1400000000000001,-0.0464927438532264
direct_000032,Cs2AgCeI6,delta_r_B,0.1400000000000001,-0.0371994065092624
direct_000033,Cs2CuCeCl6,delta_r_B,0.2399999999999998,-0.0462349213004993
direct_000034,Cs2CuCeI6,delta_r_B,0.2399999999999998,-0.0385775761559987
direct_000035,Cs2CuAsCl6,delta_r_B,0.19,-0.0352404264392356
direct_000036,Cs2CuBiBr6,delta_r_B,0.2599999999999999,-0.0536716166635359
direct_000037,Cs2CuBiCl6,delta_r_B,0.2599999999999999,-0.0552042210701948
direct_000038,Cs2CuBiI6,delta_r_B,0.2599999999999999,-0.0503496190527819
direct_000039,Cs2CuMoBr6,delta_r_B,0.08,-0.0067073530596363
direct_000040,Cs2CuMoCl6,delta_r_B,0.08,-0.00989103683868
direct_000041,Cs2CuMoI6,delta_r_B,0.08,-0.0164136435024993
direct_000042,Cs2CuSbBr6,delta_r_B,0.01,-0.096917339166673
direct_000043,Cs2CuSbCl6,delta_r_B,0.01,-0.098109911446765
direct_000044,Cs2CuSbI6,delta_r_B,0.01,-0.0853112849530872
direct_000045,Cs2AuDyCl6,delta_r_B,0.4579999999999999,0.0029672964493515
direct_000046,Cs2CuDyCl6,delta_r_B,0.142,-0.0436879076262899
direct_000047,Cs2AuErCl6,delta_r_B,0.48,0.0066030386932086
direct_000048,Cs2CuErCl6,delta_r_B,0.12,-0.0421506278253189
direct_000049,Cs2AgGaBr6,delta_r_B,0.53,0.0527720219466319
direct_000050,Cs2AgGaCl6,delta_r_B,0.53,0.0640953090532746
direct_000051,Cs2AuGdCl6,delta_r_B,0.435,0.0015174422287192
direct_000052,Cs2HgPdCl6,delta_r_B,0.1599999999999999,-0.0295851486993633
direct_000053,Cs2IBrCl6,delta_r_B,1.61,0.0231796489300912
direct_000054,Cs2FICl6,delta_r_B,0.0999999999999998,-0.0104347824118796
direct_000055,Cs2AgInBr6,delta_r_B,0.3500000000000001,0.0515535070786644
direct_000056,Cs2AgInCl6,delta_r_B,0.3500000000000001,0.0526511495390115
direct_000057,Cs2InAsBr6,delta_r_B,0.8300000000000001,0.0590868889954373
direct_000058,Cs2InAsCl6,delta_r_B,0.8300000000000001,0.0471607806369361
direct_000059,Cs2InAsI6,delta_r_B,0.8300000000000001,0.0544784479791195
direct_000060,Cs2InBiBr6,delta_r_B,0.3800000000000001,0.0380872130658721
direct_000061,Cs2InBiCl6,delta_r_B,0.3800000000000001,0.0432252832575335
direct_000062,Cs2InBiI6,delta_r_B,0.3800000000000001,0.03897545522158
direct_000063,Cs2InGaBr6,delta_r_B,0.79,-0.0139240283378906
direct_000064,Cs2InGaCl6,delta_r_B,0.79,-0.0179131614182505
direct_000065,Cs2InGaI6,delta_r_B,0.79,-0.0094318456961253
direct_000066,Cs2InSbBr6,delta_r_B,0.65,0.0895083214534133
direct_000067,Cs2InSbCl6,delta_r_B,0.65,0.0900237085756506
direct_000068,Cs2InSbI6,delta_r_B,0.65,0.0576944207763024
direct_000069,Cs2KAlBr6,delta_r_B,0.845,0.0209979550788962
direct_000070,Cs2KAlCl6,delta_r_B,0.845,0.0186213120600927
direct_000071,Cs2KAlI6,delta_r_B,0.845,0.0239396257649664
direct_000072,Cs2KAsBr6,delta_r_B,0.8,0.061354298957231
direct_000073,Cs2KAsCl6,delta_r_B,0.8,0.0606277764869201
direct_000074,Cs2KAsI6,delta_r_B,0.8,0.0305792677433275
direct_000075,Cs2KAuCl6,delta_r_B,0.53,0.0017883325228369
direct_000076,Cs2KBiBr6,delta_r_B,0.3500000000000001,0.0108869699529306
direct_000077,Cs2KBiCl6,delta_r_B,0.3500000000000001,0.0187768469904402
direct_000078,Cs2KBiI6,delta_r_B,0.3500000000000001,0.0041790224647535
direct_000079,Cs2KCeBr6,delta_r_B,0.3700000000000001,-0.0044231125556675
direct_000080,Cs2KCeCl6,delta_r_B,0.3700000000000001,-0.0043369246192346
direct_000081,Cs2KCeI6,delta_r_B,0.3700000000000001,-0.0055945388799485
direct_000082,Cs2KCrCl6,delta_r_B,0.1200000000000001,-0.0009476779166125
direct_000083,Cs2KDyCl6,delta_r_B,0.4679999999999999,0.0121411923650462
direct_000084,Cs2KGaBr6,delta_r_B,0.76,0.0296862841792556
direct_000085,Cs2KGaCl6,delta_r_B,0.76,0.0246649575871665
direct_000086,Cs2KGaI6,delta_r_B,0.76,0.0278668215610015
direct_000087,Cs2KHoCl6,delta_r_B,0.4790000000000001,0.0120715925474453
direct_000088,Cs2KInBr6,delta_r_B,0.5800000000000001,0.0237968425359298
direct_000089,Cs2KInCl6,delta_r_B,0.5800000000000001,0.0225698739950384
direct_000090,Cs2KInI6,delta_r_B,0.5800000000000001,0.0235964530424432
direct_000091,Cs2KLaCl6,delta_r_B,0.3480000000000001,0.0110678577747758
direct_000092,Cs2KLuCl6,delta_r_B,0.5190000000000001,0.0166936777817098
direct_000093,Cs2KMoBr6,delta_r_B,0.6900000000000001,0.0522286464435043
direct_000094,Cs2KMoCl6,delta_r_B,0.6900000000000001,0.0492649228632637
direct_000095,Cs2KMoI6,delta_r_B,0.6900000000000001,0.0396779620431059
direct_000096,Cs2KNdBr6,delta_r_B,0.397,0.0066382517959431
direct_000097,Cs2KNdCl6,delta_r_B,0.397,0.0088637936058784
direct_000098,Cs2KNdI6,delta_r_B,0.397,0.0056930114003227
direct_000099,Cs2KPrBr6,delta_r_B,0.3900000000000001,0.0065214003293393
direct_000100,Cs2KPrCl6,delta_r_B,0.3900000000000001,0.0086317657352476
direct_000101,Cs2KPrI6,delta_r_B,0.3900000000000001,0.0051596289823675
direct_000102,Cs2KSbBr6,delta_r_B,0.62,0.0382964669373849
direct_000103,Cs2KSbCl6,delta_r_B,0.62,0.0344671030986618
direct_000104,Cs2KSbI6,delta_r_B,0.62,0.0252563018376498
direct_000105,Cs2KScBr6,delta_r_B,0.635,0.0067401843683184
direct_000106,Cs2KScCl6,delta_r_B,0.635,0.0058226855550736
direct_000107,Cs2KScI6,delta_r_B,0.635,0.0042594329158355
direct_000108,Cs2KSmCl6,delta_r_B,0.4219999999999999,0.0090038496704201
direct_000109,Cs2KTbCl6,delta_r_B,0.4570000000000001,0.0109148428588353
direct_000110,Cs2KTlBr6,delta_r_B,0.4950000000000001,0.0157279238087608
direct_000111,Cs2KTlCl6,delta_r_B,0.4950000000000001,0.0148509119941695
direct_000112,Cs2KTlI6,delta_r_B,0.4950000000000001,0.0279262684123274
direct_000113,Cs2KYBr6,delta_r_B,0.48,0.0096239594137038
direct_000114,Cs2KYCl6,delta_r_B,0.48,0.0111937695439542
direct_000115,Cs2KYI6,delta_r_B,0.48,0.0012312596167854
direct_000116,Cs2AgLaCl6,delta_r_B,0.1180000000000001,-0.0476447458674499
direct_000117,Cs2AuLaCl6,delta_r_B,0.3380000000000001,-0.0009056026785383
direct_000118,Cs2CuLaCl6,delta_r_B,0.2619999999999999,-0.0516430340049573
direct_000119,Cs2LiBiBr6,delta_r_B,0.2699999999999999,-0.060177013831672
direct_000120,Cs2LiBiCl6,delta_r_B,0.2699999999999999,-0.0599959637695355
direct_000121,Cs2LiBiI6,delta_r_B,0.2699999999999999,-0.0563568249511624
direct_000122,Cs2LiCeBr6,delta_r_B,0.2499999999999999,-0.0339693999349032
direct_000123,Cs2LiCeI6,delta_r_B,0.2499999999999999,-0.0313585701321331
direct_000124,Cs2LiDyCl6,delta_r_B,0.152,-0.0011096556924795
direct_000125,Cs2LiErCl6,delta_r_B,0.13,-0.0004165225004117
direct_000126,Cs2LiGdCl6,delta_r_B,0.1749999999999999,-0.0011939074662903
direct_000127,Cs2LiInBr6,delta_r_B,0.0399999999999999,-0.0132072802132971
direct_000128,Cs2LiInCl6,delta_r_B,0.0399999999999999,-0.0104319782215195
direct_000129,Cs2LiLaBr6,delta_r_B,0.2719999999999999,-0.0151065781159516
direct_000130,Cs2LiLaCl6,delta_r_B,0.2719999999999999,-0.0126587600163772
direct_000131,Cs2LiLuCl6,delta_r_B,0.1009999999999998,0.0010732908960388
direct_000132,Cs2LiMoBr6,delta_r_B,0.07,-0.0026514170960329
direct_000133,Cs2LiMoCl6,delta_r_B,0.07,-0.0192842938765169
direct_000134,Cs2LiMoI6,delta_r_B,0.07,-0.0050419610319552
direct_000135,Cs2LiNdBr6,delta_r_B,0.2229999999999999,0.0036786268232229
direct_000136,Cs2LiNdCl6,delta_r_B,0.2229999999999999,0.0036027248542187
direct_000137,Cs2LiNdI6,delta_r_B,0.2229999999999999,0.0065634791927958
direct_000138,Cs2LiPrBr6,delta_r_B,0.2299999999999998,0.0033871826434219
direct_000139,Cs2LiPrCl6,delta_r_B,0.2299999999999998,0.0036064944859207
direct_000140,Cs2LiPrI6,delta_r_B,0.2299999999999998,0.0062959144536282
direct_000141,Cs2LiSbBr6,delta_r_B,0.0,-0.124133348683345
direct_000142,Cs2LiSbCl6,delta_r_B,0.0,-0.126629631888049
direct_000143,Cs2LiSbI6,delta_r_B,0.0,-0.1157905595640222
direct_000144,Cs2LiScCl6,delta_r_B,0.015,-0.0003875800748453
direct_000145,Cs2LiSmCl6,delta_r_B,0.198,0.0034755104268539
direct_000146,Cs2LiTbCl6,delta_r_B,0.1629999999999999,0.0009450283515876
direct_000147,Cs2LiTlBr6,delta_r_B,0.1249999999999998,-0.0059487408605157
direct_000148,Cs2LiTlCl6,delta_r_B,0.1249999999999998,-0.0031301800554137
direct_000149,Cs2LiTmCl6,delta_r_B,0.12,-0.0001063153797226
direct_000150,Cs2LiYBr6,delta_r_B,0.14,0.0025424591711439
direct_000151,Cs2LiYCl6,delta_r_B,0.14,0.0017274137833289
direct_000152,Cs2LiYI6,delta_r_B,0.14,0.0081669480598279
direct_000153,Cs2AgLuCl6,delta_r_B,0.2890000000000001,-0.0412929392556989
direct_000154,Cs2NaAlCl6,delta_r_B,0.4849999999999999,0.0115643424405166
direct_000155,Cs2NaAsBr6,delta_r_B,0.4399999999999999,-0.0311641420147792
direct_000156,Cs2NaAsCl6,delta_r_B,0.4399999999999999,-0.0307059599220072
direct_000157,Cs2NaBiBr6,delta_r_B,0.01,-0.1203979671889196
direct_000158,Cs2NaBiCl6,delta_r_B,0.01,-0.1278263944048757
direct_000159,Cs2NaBiI6,delta_r_B,0.01,-0.0980803316386891
direct_000160,Cs2NaCeCl6,delta_r_B,0.01,-0.1150849002648195
direct_000161,Cs2NaCeI6,delta_r_B,0.01,-0.0902183300693755
direct_000162,Cs2NaCrCl6,delta_r_B,0.24,-0.0049171767366351
direct_000163,Cs2NaDyCl6,delta_r_B,0.1079999999999998,-0.0019546638457705
direct_000164,Cs2NaErCl6,delta_r_B,0.1299999999999999,-0.0021258629974607
direct_000165,Cs2NaGaBr6,delta_r_B,0.3999999999999999,0.006247366603808
direct_000166,Cs2NaGaCl6,delta_r_B,0.3999999999999999,0.0063778648317947
direct_000167,Cs2NaGdCl6,delta_r_B,0.0849999999999999,-0.0029607166734971
direct_000168,Cs2NaHoCl6,delta_r_B,0.119,-0.0019091375938645
direct_000169,Cs2NaInBr6,delta_r_B,0.2199999999999999,-0.0074669545969746
direct_000170,Cs2NaInCl6,delta_r_B,0.2199999999999999,-0.0068634137999419
direct_000171,Cs2NaInI6,delta_r_B,0.2199999999999999,-0.0082998017396297
direct_000172,Cs2NaLaBr6,delta_r_B,0.012,-0.0077150387954881
direct_000173,Cs2NaLaCl6,delta_r_B,0.012,-0.007837087765115
direct_000174,Cs2NaLuCl6,delta_r_B,0.159,-0.0001212783077148
direct_000175,Cs2NaMoBr6,delta_r_B,0.3299999999999999,0.0150976632550464
direct_000176,Cs2NaMoCl6,delta_r_B,0.3299999999999999,0.0090831174783077
direct_000177,Cs2NaMoI6,delta_r_B,0.3299999999999999,0.0183563784458471
direct_000178,Cs2NaNdBr6,delta_r_B,0.0369999999999999,-0.0037796447191893
direct_000179,Cs2NaNdCl6,delta_r_B,0.0369999999999999,-0.0044605806076205
direct_000180,Cs2NaPrBr6,delta_r_B,0.03,-0.0040210816767167
direct_000181,Cs2NaPrCl6,delta_r_B,0.03,-0.0044174494634834
direct_000182,Cs2NaPrI6,delta_r_B,0.03,-0.0002717191918483
direct_000183,Cs2NaSbBr6,delta_r_B,0.2599999999999999,-0.0809520844106461
direct_000184,Cs2NaSbCl6,delta_r_B,0.2599999999999999,-0.0794323060966215
direct_000185,Cs2NaSbI6,delta_r_B,0.2599999999999999,-0.071321747097739
direct_000186,Cs2NaScBr6,delta_r_B,0.2749999999999999,-0.0412995331219046
direct_000187,Cs2NaScCl6,delta_r_B,0.2749999999999999,-0.0384848872899051
direct_000188,Cs2NaScI6,delta_r_B,0.2749999999999999,-0.0434320011409954
direct_000189,Cs2NaSmCl6,delta_r_B,0.0619999999999998,-0.0029414440615268
direct_000190,Cs2NaTbCl6,delta_r_B,0.0969999999999999,0.0014655835464768
direct_000191,Cs2NaTlBr6,delta_r_B,0.135,-0.0074992347864291
direct_000192,Cs2NaTlCl6,delta_r_B,0.135,-0.0042409064326475
direct_000193,Cs2NaTlI6,delta_r_B,0.135,-0.0310619485521988
direct_000194,Cs2NaTmCl6,delta_r_B,0.1399999999999999,-0.0013411915109976
direct_000195,Cs2NaUBr6,delta_r_B,0.0050000000000001,-0.0869353975758482
direct_000196,Cs2NaUCl6,delta_r_B,0.0050000000000001,-0.1041795695678606
direct_000197,Cs2NaYBr6,delta_r_B,0.1199999999999998,0.0002970867236826
direct_000198,Cs2NaYCl6,delta_r_B,0.1199999999999998,-0.0003030548337503
direct_000199,Cs2NaYI6,delta_r_B,0.1199999999999998,0.0038100985569194
direct_000200,Cs2AgNdBr6,delta_r_B,0.167,-0.0442105891912382
direct_000201,Cs2AgNdCl6,delta_r_B,0.167,-0.0471656613861582
direct_000202,Cs2AgNdI6,delta_r_B,0.167,-0.0364685732272338
direct_000203,Cs2AuNdCl6,delta_r_B,0.387,0.0002585180652727
direct_000204,Cs2CuNdBr6,delta_r_B,0.2129999999999999,-0.0422517447334655
direct_000205,Cs2CuNdI6,delta_r_B,0.2129999999999999,-0.0371727224072461
direct_000206,Cs2AgPrCl6,delta_r_B,0.1600000000000001,-0.0466990973516572
direct_000207,Cs2AgPrI6,delta_r_B,0.1600000000000001,-0.0371068543860449
direct_000208,Cs2AuPrCl6,delta_r_B,0.3800000000000001,5.95887400474596e-05
direct_000209,Cs2CuPrBr6,delta_r_B,0.2199999999999998,-0.0428112904086092
direct_000210,Cs2CuPrCl6,delta_r_B,0.2199999999999998,-0.0454799662592479
direct_000211,Cs2CuPrI6,delta_r_B,0.2199999999999998,-0.0373800991932927
direct_000212,Cs2RbAlBr6,delta_r_B,0.985,0.0156798878090752
direct_000213,Cs2RbAlCl6,delta_r_B,0.985,0.0141042564536123
direct_000214,Cs2RbAlI6,delta_r_B,0.985,0.0204573322463908
direct_000215,Cs2RbAsBr6,delta_r_B,0.94,0.0564176748492363
direct_000216,Cs2RbAsCl6,delta_r_B,0.94,0.0531061514055804
direct_000217,Cs2RbAsI6,delta_r_B,0.94,0.0217126942177476
direct_000218,Cs2RbAuCl6,delta_r_B,0.6699999999999999,0.0116516386267181
direct_000219,Cs2RbBiBr6,delta_r_B,0.49,0.0122003324966653
direct_000220,Cs2RbBiCl6,delta_r_B,0.49,0.009024134418786
direct_000221,Cs2RbBiI6,delta_r_B,0.49,0.0023799435926698
direct_000222,Cs2RbCeCl6,delta_r_B,0.51,0.0011512815845655
direct_000223,Cs2RbDyCl6,delta_r_B,0.6079999999999999,0.0235633971439871
direct_000224,Cs2RbErCl6,delta_r_B,0.6299999999999999,0.0250368446225034
direct_000225,Cs2RbGaBr6,delta_r_B,0.8999999999999999,0.0206002075706973
direct_000226,Cs2RbGaCl6,delta_r_B,0.8999999999999999,0.0157596208061612
direct_000227,Cs2RbGaI6,delta_r_B,0.8999999999999999,0.0211016016642714
direct_000228,Cs2RbGdCl6,delta_r_B,0.585,0.0235442254435134
direct_000229,Cs2RbInBr6,delta_r_B,0.72,0.0299069319768211
direct_000230,Cs2RbInCl6,delta_r_B,0.72,0.0213501378542068
direct_000231,Cs2RbInI6,delta_r_B,0.72,0.0288070377903023
direct_000232,Cs2RbLaCl6,delta_r_B,0.488,0.0054457749253549
direct_000233,Cs2RbLuCl6,delta_r_B,0.659,-0.0080743622420375
direct_000234,Cs2RbNdCl6,delta_r_B,0.5369999999999999,0.0235839818678612
direct_000235,Cs2RbPrCl6,delta_r_B,0.53,0.0235919087575019
direct_000236,Cs2RbSbBr6,delta_r_B,0.7599999999999999,0.0537946931631995
direct_000237,Cs2RbSbCl6,delta_r_B,0.7599999999999999,0.0449813775550532
direct_000238,Cs2RbSbI6,delta_r_B,0.7599999999999999,0.0497901971445885
direct_000239,Cs2RbScBr6,delta_r_B,0.7749999999999999,-0.0028083859671891
direct_000240,Cs2RbScCl6,delta_r_B,0.7749999999999999,-0.0057870661602137
direct_000241,Cs2RbScI6,delta_r_B,0.7749999999999999,-0.0012240645613333
direct_000242,Cs2RbSmCl6,delta_r_B,0.5619999999999998,0.0223339047041434
direct_000243,Cs2RbTbCl6,delta_r_B,0.597,0.0216797372682718
direct_000244,Cs2RbTlBr6,delta_r_B,0.635,0.0271555768746913
direct_000245,Cs2RbTlCl6,delta_r_B,0.635,0.0256362384169511
direct_000246,Cs2RbTlI6,delta_r_B,0.635,0.040587403284341
direct_000247,Cs2RbTmCl6,delta_r_B,0.6399999999999999,0.0289332665346239
direct_000248,Cs2RbYBr6,delta_r_B,0.6199999999999999,0.0261845921926131
direct_000249,Cs2RbYCl6,delta_r_B,0.6199999999999999,0.0254802331044207
direct_000250,Cs2RbYI6,delta_r_B,0.6199999999999999,0.0151296808552563
direct_000251,Cs2AuSbBr6,delta_r_B,0.61,0.0106660747899944
direct_000252,Cs2AuSbCl6,delta_r_B,0.61,0.0107935083051958
direct_000253,Cs2AgScBr6,delta_r_B,0.405,-0.0143301606013862
direct_000254,Cs2AgScCl6,delta_r_B,0.405,-0.0014006522302676
direct_000255,Cs2AgScI6,delta_r_B,0.405,-0.0153330719119908
direct_000256,Cs2AuScBr6,delta_r_B,0.625,0.0100610294731907
direct_000257,Cs2AuScCl6,delta_r_B,0.625,0.0121172811382431
direct_000258,Cs2AuScI6,delta_r_B,0.625,0.0102225381908244
direct_000259,Cs2CuScCl6,delta_r_B,0.025,-0.0629007069278431
direct_000260,Cs2InScBr6,delta_r_B,0.665,0.0853492783824862
direct_000261,Cs2InScCl6,delta_r_B,0.665,0.084517302228875
direct_000262,Cs2InScI6,delta_r_B,0.665,0.0769623336853352
direct_000263,Cs2TlScBr6,delta_r_B,0.7549999999999999,0.0621987012483917
direct_000264,Cs2TlScCl6,delta_r_B,0.7549999999999999,0.0640815950685332
direct_000265,Cs2TlScI6,delta_r_B,0.7549999999999999,0.0377890192231654
direct_000266,Cs2AuSmCl6,delta_r_B,0.4119999999999999,0.0014825103314084
direct_000267,Cs2CuSmCl6,delta_r_B,0.188,-0.0453116602345047
direct_000268,Cs2AuTbCl6,delta_r_B,0.447,0.0015393518556167
direct_000269,Cs2CuTbCl6,delta_r_B,0.1529999999999999,-0.0455783300353436
direct_000270,Cs2TlAsBr6,delta_r_B,0.92,0.0547309014116037
direct_000271,Cs2TlAsCl6,delta_r_B,0.92,0.0511073199427262
direct_000272,Cs2TlAsI6,delta_r_B,0.92,0.0565462027611927
direct_000273,Cs2TlBiBr6,delta_r_B,0.47,0.0469519120838848
direct_000274,Cs2TlBiCl6,delta_r_B,0.47,0.0481812323340649
direct_000275,Cs2TlBiI6,delta_r_B,0.47,0.0433858951504742
direct_000276,Cs2TlGaBr6,delta_r_B,0.8799999999999999,-0.0137268377206753
direct_000277,Cs2TlGaCl6,delta_r_B,0.8799999999999999,-0.0164568526756704
direct_000278,Cs2TlGaI6,delta_r_B,0.8799999999999999,-0.0067574949429066
direct_000279,Cs2TlInBr6,delta_r_B,0.7,0.0076916579481069
direct_000280,Cs2TlInCl6,delta_r_B,0.7,0.0048411052275356
direct_000281,Cs2TlInI6,delta_r_B,0.7,0.0071943606516179
direct_000282,Cs2TlSbBr6,delta_r_B,0.7399999999999999,0.0923434576076005
direct_000283,Cs2TlSbCl6,delta_r_B,0.7399999999999999,0.0935390639189863
direct_000284,Cs2TlSbI6,delta_r_B,0.7399999999999999,0.0825368160675833
direct_000285,Cs2CuTmCl6,delta_r_B,0.1099999999999999,-0.0418850274647845
direct_000286,Cs2AgYBr6,delta_r_B,0.25,-0.0630418641001152
direct_000287,Cs2AgYCl6,delta_r_B,0.25,-0.0656595128525953
direct_000288,Cs2AgYI6,delta_r_B,0.25,-0.0515480557777637
direct_000289,Cs2AuYBr6,delta_r_B,0.47,0.0003593163157497
direct_000290,Cs2AuYCl6,delta_r_B,0.47,0.0008264052877859
direct_000291,Cs2AuYI6,delta_r_B,0.47,0.0024133151183261
direct_000292,Cs2CuYBr6,delta_r_B,0.13,-0.0572959745057588
direct_000293,Cs2CuYCl6,delta_r_B,0.13,-0.0587619335721322
direct_000294,Cs2CuYI6,delta_r_B,0.13,-0.049308237670938
direct_000295,Cs2InYBr6,delta_r_B,0.51,0.0560419379150973
direct_000296,Cs2InYCl6,delta_r_B,0.51,0.0435390965670669
direct_000297,Cs2InYI6,delta_r_B,0.51,0.0442682250979589
direct_000298,Cs2TlYBr6,delta_r_B,0.5999999999999999,0.0244968397808889
direct_000299,Cs2TlYCl6,delta_r_B,0.5999999999999999,0.027665450509756
direct_000300,Cs2TlYI6,delta_r_B,0.5999999999999999,0.03548776923135
direct_000301,K2CsAlBr6,delta_r_B,1.135,0.014145083803285
direct_000302,K2CsAlCl6,delta_r_B,1.135,0.0138701126379329
direct_000303,K2CsAlI6,delta_r_B,1.135,0.0160695418336525
direct_000304,K2CsAsBr6,delta_r_B,1.09,0.047383448326035
direct_000305,K2CsAsCl6,delta_r_B,1.09,0.0445029784733612
direct_000306,K2CsBiCl6,delta_r_B,0.6400000000000001,0.0069788338698631
direct_000307,K2CsGaCl6,delta_r_B,1.05,0.0061974656166989
direct_000308,K2CsInCl6,delta_r_B,0.8700000000000001,0.0122834178065862
direct_000309,K2CsSbCl6,delta_r_B,0.91,-0.0054994403114898
direct_000310,K2CsScCl6,delta_r_B,0.925,-0.0133728328499225
direct_000311,Mn2CsRbCl6,delta_r_B,0.1500000000000001,0.0030664904273304
direct_000312,Rb2CsAlBr6,delta_r_B,1.135,0.0141587117019533
direct_000313,Rb2CsAlCl6,delta_r_B,1.135,0.0137845885046128
direct_000314,Rb2CsAlI6,delta_r_B,1.135,0.0162340289908666
direct_000315,Rb2CsAsBr6,delta_r_B,1.09,0.047467633516783
direct_000316,Rb2CsAsCl6,delta_r_B,1.09,0.0439841605076479
direct_000317,Rb2CsAsI6,delta_r_B,1.09,0.0197640000824975
direct_000318,Rb2CsAuCl6,delta_r_B,0.8200000000000001,0.0088692775903215
direct_000319,Rb2CsDyCl6,delta_r_B,0.758,0.0217359520653795
direct_000320,Rb2CsErCl6,delta_r_B,0.78,0.0155335741129373
direct_000321,Rb2CsGaBr6,delta_r_B,1.05,0.0104691330875428
direct_000322,Rb2CsGaCl6,delta_r_B,1.05,0.0057544780914199
direct_000323,Rb2CsGaI6,delta_r_B,1.05,0.0121185130681907
direct_000324,Rb2CsGdCl6,delta_r_B,0.7350000000000001,0.0222138537702054
direct_000325,Rb2CsInBr6,delta_r_B,0.8700000000000001,0.0162404227714132
direct_000326,Rb2CsInCl6,delta_r_B,0.8700000000000001,0.0121874800015425
direct_000327,Rb2CsLuCl6,delta_r_B,0.8090000000000002,0.0077031508805481
direct_000328,Rb2CsSbCl6,delta_r_B,0.91,-0.0055187268918463
direct_000329,Rb2CsScBr6,delta_r_B,0.925,-0.0099742883530609
direct_000330,Rb2CsScCl6,delta_r_B,0.925,-0.013690239213073
direct_000331,Rb2CsTbCl6,delta_r_B,0.7470000000000001,0.0221906225296214
direct_000332,Rb2CsTlBr6,delta_r_B,0.7850000000000001,0.007206424320882
direct_000333,Rb2CsTmCl6,delta_r_B,0.79,0.0153034180962941
direct_000334,Rb2CsYBr6,delta_r_B,0.77,0.0225838049129233
direct_000335,Rb2CsYCl6,delta_r_B,0.77,0.0224586884282845
direct_000336,O2GaReCl6,delta_r_B,0.0899999999999999,-0.0327714712710713
direct_000337,Se2NGaCl6,delta_r_B,0.1099999999999999,-0.0200839645672592
direct_000338,K2AgAsBr6,delta_r_B,0.5700000000000001,-0.010036587455969
direct_000339,K2AgAsCl6,delta_r_B,0.5700000000000001,-0.0059697973974606
direct_000340,K2AgBiBr6,delta_r_B,0.1200000000000001,-0.0535677389592448
direct_000341,K2AgBiCl6,delta_r_B,0.1200000000000001,-0.0539636114312934
direct_000342,K2AgBiI6,delta_r_B,0.1200000000000001,-0.0475357745328769
direct_000343,K2AgMoBr6,delta_r_B,0.4600000000000001,0.0283225292694444
direct_000344,K2AgMoCl6,delta_r_B,0.4600000000000001,0.0310180769910519
direct_000345,K2AgMoI6,delta_r_B,0.4600000000000001,0.0286603215005073
direct_000346,K2AgSbBr6,delta_r_B,0.39,-0.0124128423096468
direct_000347,K2AgSbCl6,delta_r_B,0.39,-0.0118616317048654
direct_000348,K2AgSbI6,delta_r_B,0.39,-0.0118831926241523
direct_000349,K2AgAlBr6,delta_r_B,0.615,0.0652137210462064
direct_000350,K2AgAlCl6,delta_r_B,0.615,0.0670954979524428
direct_000351,K2AlAuCl6,delta_r_B,0.26,-0.0267088873342972
direct_000352,K2InAlBr6,delta_r_B,0.875,-0.0225107026432753
direct_000353,K2InAlCl6,delta_r_B,0.875,-0.0207917735903491
direct_000354,K2InAlI6,delta_r_B,0.875,-0.0151385846910398
direct_000355,K2TlAlBr6,delta_r_B,0.965,-0.0153046276359236
direct_000356,K2TlAlCl6,delta_r_B,0.965,-0.0181582508449429
direct_000357,K2TlAlI6,delta_r_B,0.965,-0.0099141104520158
direct_000358,K2AsAuBr6,delta_r_B,0.1599999999999999,-0.0251828236672413
direct_000359,K2AsAuCl6,delta_r_B,0.1599999999999999,-0.0258444359149753
direct_000360,K2BiAuBr6,delta_r_B,0.6100000000000001,0.0042835102679644
direct_000361,K2BiAuCl6,delta_r_B,0.6100000000000001,0.0029345718771971
direct_000362,K2FBrCl6,delta_r_B,0.74,0.0597715250316334
direct_000363,K2AgCeBr6,delta_r_B,0.1400000000000001,-0.0472265799205154
direct_000364,K2AgCeCl6,delta_r_B,0.1400000000000001,-0.0467799999480379
direct_000365,K2AgCeI6,delta_r_B,0.1400000000000001,-0.0388886288950268
direct_000366,K2AuCeCl6,delta_r_B,0.3600000000000001,0.0020803304255025
direct_000367,K2CuCeBr6,delta_r_B,0.2399999999999998,-0.0452437708484356
direct_000368,K2CuCeCl6,delta_r_B,0.2399999999999998,-0.0459435254254703
direct_000369,K2CuCeI6,delta_r_B,0.2399999999999998,-0.039786238872727
direct_000370,K2CuBiBr6,delta_r_B,0.2599999999999999,-0.0544899213187847
direct_000371,K2CuBiCl6,delta_r_B,0.2599999999999999,-0.0561973094045758
direct_000372,K2CuBiI6,delta_r_B,0.2599999999999999,-0.0503236064921301
direct_000373,K2CuMoBr6,delta_r_B,0.08,-0.0065244947409028
direct_000374,K2CuMoCl6,delta_r_B,0.08,-0.0136265981789572
direct_000375,K2CuMoI6,delta_r_B,0.08,-0.0156368978447807
direct_000376,K2CuSbBr6,delta_r_B,0.01,-0.0968180277001651
direct_000377,K2CuSbCl6,delta_r_B,0.01,-0.1013287694882615
direct_000378,K2CuSbI6,delta_r_B,0.01,-0.0884390086809375
direct_000379,K2AgDyCl6,delta_r_B,0.238,-0.0467879171384081
direct_000380,K2AuDyCl6,delta_r_B,0.4579999999999999,0.0028799436768302
direct_000381,K2CuDyCl6,delta_r_B,0.142,-0.044068430617772
direct_000382,K2AgErCl6,delta_r_B,0.26,-0.0514282350775784
direct_000383,K2AuErCl6,delta_r_B,0.48,0.0064442451974949
direct_000384,K2CuErCl6,delta_r_B,0.12,-0.043660098918724
direct_000385,K2AgGaCl6,delta_r_B,0.53,0.0639121027403922
direct_000386,K2AuGdCl6,delta_r_B,0.435,0.0011587462059869
direct_000387,K2CuGdCl6,delta_r_B,0.1649999999999999,-0.0455826214658342
direct_000388,K2AgInBr6,delta_r_B,0.3500000000000001,0.0530482368645323
direct_000389,K2AgInCl6,delta_r_B,0.3500000000000001,0.0537809773901069
direct_000390,K2InAsBr6,delta_r_B,0.8300000000000001,0.0590652913571063
direct_000391,K2InAsCl6,delta_r_B,0.8300000000000001,0.0540418828049828
direct_000392,K2InGaBr6,delta_r_B,0.79,-0.0137607284628843
direct_000393,K2InGaCl6,delta_r_B,0.79,-0.0150831220191306
direct_000394,K2InGaI6,delta_r_B,0.79,-0.0088410423048767
direct_000395,K2InSbBr6,delta_r_B,0.65,0.0906598763050343
direct_000396,K2InSbCl6,delta_r_B,0.65,0.0915336870382913
direct_000397,K2InSbI6,delta_r_B,0.65,0.0604598839293286
direct_000398,K2AgLaCl6,delta_r_B,0.1180000000000001,-0.0477444768879603
direct_000399,K2AuLaCl6,delta_r_B,0.3380000000000001,-0.001088692769466
direct_000400,K2CuLaCl6,delta_r_B,0.2619999999999999,-0.0512992215637059
direct_000401,K2LiBiBr6,delta_r_B,0.2699999999999999,-0.0614285316007978
direct_000402,K2LiBiCl6,delta_r_B,0.2699999999999999,-0.0605319413685437
direct_000403,K2LiBiI6,delta_r_B,0.2699999999999999,-0.055856005993003
direct_000404,K2LiCeBr6,delta_r_B,0.2499999999999999,-0.0352488705998796
direct_000405,K2LiCeCl6,delta_r_B,0.2499999999999999,-0.0339971658466059
direct_000406,K2LiCeI6,delta_r_B,0.2499999999999999,-0.0306693288386333
direct_000407,K2LiDyCl6,delta_r_B,0.152,-0.00197111529776
direct_000408,K2LiErCl6,delta_r_B,0.13,-0.0014166657329305
direct_000409,K2LiGdCl6,delta_r_B,0.1749999999999999,-0.0018524281595432
direct_000410,K2LiInCl6,delta_r_B,0.0399999999999999,-0.0115764085036457
direct_000411,K2LiLaCl6,delta_r_B,0.2719999999999999,-0.0116088305987119
direct_000412,K2LiLuCl6,delta_r_B,0.1009999999999998,-0.0005015683928059
direct_000413,K2LiMoBr6,delta_r_B,0.07,-0.0026676964533786
direct_000414,K2LiMoCl6,delta_r_B,0.07,-0.0294078207180054
direct_000415,K2LiMoI6,delta_r_B,0.07,-0.0048234611908086
direct_000416,K2LiNdBr6,delta_r_B,0.2229999999999999,0.004149655502217
direct_000417,K2LiNdCl6,delta_r_B,0.2229999999999999,0.0030824111633988
direct_000418,K2LiNdI6,delta_r_B,0.2229999999999999,0.0061383515985901
direct_000419,K2LiPrBr6,delta_r_B,0.2299999999999998,0.0039902156718661
direct_000420,K2LiPrCl6,delta_r_B,0.2299999999999998,0.0030847156697572
direct_000421,K2LiPrI6,delta_r_B,0.2299999999999998,0.0058848767930697
direct_000422,K2LiSbBr6,delta_r_B,0.0,-0.1249216136366574
direct_000423,K2LiSbCl6,delta_r_B,0.0,-0.1256771873082049
direct_000424,K2LiSbI6,delta_r_B,0.0,-0.1184658298605149
direct_000425,K2LiScCl6,delta_r_B,0.015,-0.0018211216738081
direct_000426,K2LiSmCl6,delta_r_B,0.198,0.0028484785987768
direct_000427,K2LiTbCl6,delta_r_B,0.1629999999999999,0.0003957067916494
direct_000428,K2LiTlBr6,delta_r_B,0.1249999999999998,-0.0028574797933817
direct_000429,K2LiTlCl6,delta_r_B,0.1249999999999998,-0.0041255980931588
direct_000430,K2LiTmCl6,delta_r_B,0.12,-0.0014403726707206
direct_000431,K2LiYBr6,delta_r_B,0.14,0.0029524470371277
direct_000432,K2LiYCl6,delta_r_B,0.14,0.0009278968360623
direct_000433,K2LiYI6,delta_r_B,0.14,0.0086684310048313
direct_000434,K2AgLuCl6,delta_r_B,0.2890000000000001,-0.0449382694849039
direct_000435,K2AuLuCl6,delta_r_B,0.5090000000000001,0.009065268536535
direct_000436,K2CuLuCl6,delta_r_B,0.0909999999999998,-0.0418268791292713
direct_000437,K2NaAlCl6,delta_r_B,0.4849999999999999,0.0113714766333803
direct_000438,K2NaAsBr6,delta_r_B,0.4399999999999999,-0.0322339884054385
direct_000439,K2NaAsCl6,delta_r_B,0.4399999999999999,-0.0296974669028794
direct_000440,K2NaBiBr6,delta_r_B,0.01,-0.1209844024876777
direct_000441,K2NaBiCl6,delta_r_B,0.01,-0.1264947607362443
direct_000442,K2NaBiI6,delta_r_B,0.01,-0.103362797128311
direct_000443,K2NaCeBr6,delta_r_B,0.01,-0.1080909579115975
direct_000444,K2NaCeCl6,delta_r_B,0.01,-0.1148812035290951
direct_000445,K2NaCrCl6,delta_r_B,0.24,-0.0045377942064158
direct_000446,K2NaDyCl6,delta_r_B,0.1079999999999998,-0.0028577640474943
direct_000447,K2NaErCl6,delta_r_B,0.1299999999999999,-0.0031287654839321
direct_000448,K2NaGaBr6,delta_r_B,0.3999999999999999,0.0062229656337194
direct_000449,K2NaGaCl6,delta_r_B,0.3999999999999999,0.0059124727140365
direct_000450,K2NaGdCl6,delta_r_B,0.0849999999999999,-0.00374129100831
direct_000451,K2NaInBr6,delta_r_B,0.2199999999999999,-0.0075891452989585
direct_000452,K2NaInCl6,delta_r_B,0.2199999999999999,-0.0081620919744039
direct_000453,K2NaInI6,delta_r_B,0.2199999999999999,-0.0076885578592296
direct_000454,K2NaLaCl6,delta_r_B,0.012,-0.0087073035660908
direct_000455,K2NaLuCl6,delta_r_B,0.159,-0.0016639335571446
direct_000456,K2NaMoBr6,delta_r_B,0.3299999999999999,0.0147798017755274
direct_000457,K2NaMoCl6,delta_r_B,0.3299999999999999,0.0033333163002652
direct_000458,K2NaMoI6,delta_r_B,0.3299999999999999,0.0179817627631981
direct_000459,K2NaNdBr6,delta_r_B,0.0369999999999999,-0.0038617164934367
direct_000460,K2NaNdCl6,delta_r_B,0.0369999999999999,-0.0049827916699085
direct_000461,K2NaNdI6,delta_r_B,0.0369999999999999,0.0014783184387321
direct_000462,K2NaPrBr6,delta_r_B,0.03,-0.0039267207245718
direct_000463,K2NaPrCl6,delta_r_B,0.03,-0.0049878881662266
direct_000464,K2NaPrI6,delta_r_B,0.03,0.0017019005900858
direct_000465,K2NaSbBr6,delta_r_B,0.2599999999999999,-0.0804948128956028
direct_000466,K2NaSbCl6,delta_r_B,0.2599999999999999,-0.0805858459710009
direct_000467,K2NaSbI6,delta_r_B,0.2599999999999999,-0.0726770523454319
direct_000468,K2NaScBr6,delta_r_B,0.2749999999999999,-0.0413133735003714
direct_000469,K2NaScCl6,delta_r_B,0.2749999999999999,-0.0310801430876841
direct_000470,K2NaScI6,delta_r_B,0.2749999999999999,-0.0436448535730899
direct_000471,K2NaSmCl6,delta_r_B,0.0619999999999998,-0.0036876757725982
direct_000472,K2NaTbCl6,delta_r_B,0.0969999999999999,0.0008320847921127
direct_000473,K2NaTlBr6,delta_r_B,0.135,-0.0049026446329746
direct_000474,K2NaTlCl6,delta_r_B,0.135,-0.0053324976777613
direct_000475,K2NaTlI6,delta_r_B,0.135,-0.0296546480176006
direct_000476,K2NaTmCl6,delta_r_B,0.1399999999999999,-0.0026454009068365
direct_000477,K2NaYBr6,delta_r_B,0.1199999999999998,0.0007632075860613
direct_000478,K2NaYCl6,delta_r_B,0.1199999999999998,-0.0011731855293163
direct_000479,K2NaYI6,delta_r_B,0.1199999999999998,0.0047150713846997
direct_000480,K2AgNdBr6,delta_r_B,0.167,-0.0468141542780077
direct_000481,K2AgNdCl6,delta_r_B,0.167,-0.0473156725483333
direct_000482,K2AgNdI6,delta_r_B,0.167,-0.038465240886366
direct_000483,K2AuNdCl6,delta_r_B,0.387,0.0003990475531924
direct_000484,K2CuNdBr6,delta_r_B,0.2129999999999999,-0.044130256679521
direct_000485,K2CuNdCl6,delta_r_B,0.2129999999999999,-0.045378705460433
direct_000486,K2CuNdI6,delta_r_B,0.2129999999999999,-0.0384824033268291
direct_000487,K2AgPrBr6,delta_r_B,0.1600000000000001,-0.047209857518156
direct_000488,K2AgPrCl6,delta_r_B,0.1600000000000001,-0.0469517115073645
direct_000489,K2AgPrI6,delta_r_B,0.1600000000000001,-0.0385995353063663
direct_000490,K2AuPrCl6,delta_r_B,0.3800000000000001,7.263753816331353e-05
direct_000491,K2CuPrBr6,delta_r_B,0.2199999999999998,-0.0441138499999229
direct_000492,K2CuPrCl6,delta_r_B,0.2199999999999998,-0.0452039009023332
direct_000493,K2CuPrI6,delta_r_B,0.2199999999999998,-0.0386852757877454
direct_000494,K2RbAlBr6,delta_r_B,0.985,0.0158525708878424
direct_000495,K2RbAlCl6,delta_r_B,0.985,0.0160112307606825
direct_000496,K2RbAlI6,delta_r_B,0.985,0.0200005819660369
direct_000497,K2RbAsBr6,delta_r_B,0.94,0.0576250974820023
direct_000498,K2RbAsCl6,delta_r_B,0.94,0.0588813609837836
direct_000499,K2RbAsI6,delta_r_B,0.94,0.0201460651540755
direct_000500,K2RbAuCl6,delta_r_B,0.6699999999999999,0.012983667944692
direct_000501,K2RbBiBr6,delta_r_B,0.49,0.0118432398084736
direct_000502,K2RbBiCl6,delta_r_B,0.49,0.0056908098894688
direct_000503,K2RbBiI6,delta_r_B,0.49,0.0020961333152897
direct_000504,K2RbCeBr6,delta_r_B,0.51,-0.0009195847002781
direct_000505,K2RbCeCl6,delta_r_B,0.51,-0.000633974833076
direct_000506,K2RbCeI6,delta_r_B,0.51,0.0002241438218782
direct_000507,K2RbDyCl6,delta_r_B,0.6079999999999999,0.0235134008239902
direct_000508,K2RbErCl6,delta_r_B,0.6299999999999999,0.0255635824497243
direct_000509,K2RbGaBr6,delta_r_B,0.8999999999999999,0.0214860245644509
direct_000510,K2RbGaCl6,delta_r_B,0.8999999999999999,0.0189609225921937
direct_000511,K2RbGaI6,delta_r_B,0.8999999999999999,0.0194918743346818
direct_000512,K2RbGdCl6,delta_r_B,0.585,0.0232785526844728
direct_000513,K2RbInBr6,delta_r_B,0.72,0.0300955149321855
direct_000514,K2RbInCl6,delta_r_B,0.72,0.0275241646132488
direct_000515,K2RbLuCl6,delta_r_B,0.659,0.0057247445770322
direct_000516,K2RbMoBr6,delta_r_B,0.83,0.046634951788718
direct_000517,K2RbMoCl6,delta_r_B,0.83,0.0502944621222318
direct_000518,K2RbMoI6,delta_r_B,0.83,0.0310927479507168
direct_000519,K2RbNdBr6,delta_r_B,0.5369999999999999,0.0230562564195062
direct_000520,K2RbNdCl6,delta_r_B,0.5369999999999999,0.022901692042759
direct_000521,K2RbNdI6,delta_r_B,0.5369999999999999,0.0192916107279691
direct_000522,K2RbPrBr6,delta_r_B,0.53,0.0228694840791891
direct_000523,K2RbPrCl6,delta_r_B,0.53,0.0230307748999663
direct_000524,K2RbPrI6,delta_r_B,0.53,0.0190883988609688
direct_000525,K2RbSbBr6,delta_r_B,0.7599999999999999,0.0545333255723778
direct_000526,K2RbSbCl6,delta_r_B,0.7599999999999999,0.048661801622135
direct_000527,K2RbSbI6,delta_r_B,0.7599999999999999,0.0502226610525723
direct_000528,K2RbScBr6,delta_r_B,0.7749999999999999,-0.002668947239242
direct_000529,K2RbScCl6,delta_r_B,0.7749999999999999,-0.003823165331945
direct_000530,K2RbTbCl6,delta_r_B,0.597,0.0216629267246447
direct_000531,K2RbTlBr6,delta_r_B,0.635,0.0267922411991847
direct_000532,K2RbTmCl6,delta_r_B,0.6399999999999999,0.0295359736354712
direct_000533,K2RbYBr6,delta_r_B,0.6199999999999999,0.0257328039055448
direct_000534,K2RbYCl6,delta_r_B,0.6199999999999999,0.0254777441604743
direct_000535,K2RbYI6,delta_r_B,0.6199999999999999,0.0162507128430923
direct_000536,K2AuSbBr6,delta_r_B,0.61,0.0110811622605498
direct_000537,K2AuSbCl6,delta_r_B,0.61,0.0110671762929552
direct_000538,K2AgScBr6,delta_r_B,0.405,-0.0141902824316942
direct_000539,K2AgScCl6,delta_r_B,0.405,0.004970412073549
direct_000540,K2AgScI6,delta_r_B,0.405,-0.0141709569270595
direct_000541,K2AuScBr6,delta_r_B,0.625,0.0105920370631115
direct_000542,K2AuScCl6,delta_r_B,0.625,0.0132369030973572
direct_000543,K2AuScI6,delta_r_B,0.625,0.0100839833491358
direct_000544,K2CuScCl6,delta_r_B,0.025,-0.0598871499741293
direct_000545,K2InScBr6,delta_r_B,0.665,0.085210435914326
direct_000546,K2InScCl6,delta_r_B,0.665,0.0824841474827648
direct_000547,K2InScI6,delta_r_B,0.665,0.0775785226920026
direct_000548,K2TlScBr6,delta_r_B,0.7549999999999999,0.0631348132636532
direct_000549,K2TlScCl6,delta_r_B,0.7549999999999999,0.0663985815116334
direct_000550,K2AgSmCl6,delta_r_B,0.1919999999999999,-0.046972908450239
direct_000551,K2AuSmCl6,delta_r_B,0.4119999999999999,0.0008263883578798
direct_000552,K2CuSmCl6,delta_r_B,0.188,-0.0455545091675877
direct_000553,K2AgTbCl6,delta_r_B,0.2270000000000001,-0.0471912927585351
direct_000554,K2AuTbCl6,delta_r_B,0.447,0.0013132706987558
direct_000555,K2CuTbCl6,delta_r_B,0.1529999999999999,-0.0459560599968935
direct_000556,K2TlAsBr6,delta_r_B,0.92,0.0546977653129651
direct_000557,K2TlAsCl6,delta_r_B,0.92,0.0539372345998642
direct_000558,K2TlAsI6,delta_r_B,0.92,0.0564172951146568
direct_000559,K2TlGaBr6,delta_r_B,0.8799999999999999,-0.0129449418894292
direct_000560,K2TlGaCl6,delta_r_B,0.8799999999999999,-0.0174387390846959
direct_000561,K2TlGaI6,delta_r_B,0.8799999999999999,-0.0061255556247936
direct_000562,K2TlInBr6,delta_r_B,0.7,0.0080212115962887
direct_000563,K2TlInCl6,delta_r_B,0.7,0.00630033623796
direct_000564,K2TlInI6,delta_r_B,0.7,0.007702791469849
direct_000565,K2TlSbBr6,delta_r_B,0.7399999999999999,0.0936668459336394
direct_000566,K2TlSbCl6,delta_r_B,0.7399999999999999,0.0944767977574543
direct_000567,K2AgTmCl6,delta_r_B,0.27,-0.0486694214664825
direct_000568,K2AuTmCl6,delta_r_B,0.49,0.0090016216971161
direct_000569,K2CuTmCl6,delta_r_B,0.1099999999999999,-0.0434960612953072
direct_000570,K2AgYBr6,delta_r_B,0.25,-0.0630756257388663
direct_000571,K2AgYCl6,delta_r_B,0.25,-0.0645739838264932
direct_000572,K2AgYI6,delta_r_B,0.25,-0.0530628310011709
direct_000573,K2AuYBr6,delta_r_B,0.47,0.000498889444581
direct_000574,K2AuYCl6,delta_r_B,0.47,0.0016209780772363
direct_000575,K2AuYI6,delta_r_B,0.47,0.002694249268065
direct_000576,K2CuYBr6,delta_r_B,0.13,-0.0562944740394093
direct_000577,K2CuYCl6,delta_r_B,0.13,-0.0576071964894161
direct_000578,K2CuYI6,delta_r_B,0.13,-0.0490368571841415
direct_000579,K2InYCl6,delta_r_B,0.51,0.0359694966123634
direct_000580,K2TlYBr6,delta_r_B,0.5999999999999999,0.0215091248027412
direct_000581,Rb2KAlBr6,delta_r_B,0.845,0.0215073119877736
direct_000582,Rb2KAlCl6,delta_r_B,0.845,0.0202702510079428
direct_000583,Rb2KAlI6,delta_r_B,0.845,0.0243616345705847
direct_000584,Rb2KAsBr6,delta_r_B,0.8,0.062661452621121
direct_000585,Rb2KAsCl6,delta_r_B,0.8,0.0663667060352404
direct_000586,Rb2KAsI6,delta_r_B,0.8,0.0287366906188494
direct_000587,Rb2KAuCl6,delta_r_B,0.53,0.0013588904191704
direct_000588,Rb2KDyCl6,delta_r_B,0.4679999999999999,0.0117678914021619
direct_000589,Rb2KErCl6,delta_r_B,0.49,0.01399660235364
direct_000590,Rb2KGaBr6,delta_r_B,0.76,0.0305552603100551
direct_000591,Rb2KGaCl6,delta_r_B,0.76,0.0273513897295737
direct_000592,Rb2KGaI6,delta_r_B,0.76,0.0280947003383415
direct_000593,Rb2KGdCl6,delta_r_B,0.445,0.0086763270799434
direct_000594,Rb2KInBr6,delta_r_B,0.5800000000000001,0.0236502472683406
direct_000595,Rb2KInCl6,delta_r_B,0.5800000000000001,0.0223462295532037
direct_000596,Rb2KInI6,delta_r_B,0.5800000000000001,0.0240540223205661
direct_000597,Rb2KLaCl6,delta_r_B,0.3480000000000001,0.0111779094663849
direct_000598,Rb2KLuCl6,delta_r_B,0.5190000000000001,0.0165117200488544
direct_000599,Rb2KScBr6,delta_r_B,0.635,0.0065534374504321
direct_000600,Rb2KScCl6,delta_r_B,0.635,0.0056221779259503
direct_000601,Rb2KScI6,delta_r_B,0.635,0.0044614312622218
direct_000602,Rb2KSmCl6,delta_r_B,0.4219999999999999,0.0081111865417068
direct_000603,Rb2KTbCl6,delta_r_B,0.4570000000000001,0.0105653106014104
direct_000604,Rb2KTlBr6,delta_r_B,0.4950000000000001,0.0152230906233816
direct_000605,Rb2KTlCl6,delta_r_B,0.4950000000000001,0.0139662661599159
direct_000606,Rb2KTlI6,delta_r_B,0.4950000000000001,0.0285089398728258
direct_000607,Rb2KTmCl6,delta_r_B,0.5,0.0140923919010643
direct_000608,Li2CuSbCl6,delta_r_B,0.01,-0.1009960460121904
direct_000609,Li2CuInCl6,delta_r_B,0.0299999999999999,-0.0797102064244973
direct_000610,Li2CuScCl6,delta_r_B,0.025,-0.054328391685206
direct_000611,Tl2LiScCl6,delta_r_B,0.015,-0.0063790662128614
direct_000612,Tl2LiInCl6,delta_r_B,0.0399999999999999,-0.0258588341829495
direct_000613,Tl2LiYCl6,delta_r_B,0.14,-0.0127710820513427
direct_000614,O2MoPCl6,delta_r_B,0.2299999999999999,-0.0183675654531658
direct_000615,Na2AgAsBr6,delta_r_B,0.5700000000000001,-0.0097141562183375
direct_000616,Na2AgAsCl6,delta_r_B,0.5700000000000001,-0.0064341079203256
direct_000617,Na2AgSbCl6,delta_r_B,0.39,-0.0121221315339929
direct_000618,Na2AgAlBr6,delta_r_B,0.615,0.0651929831567972
direct_000619,Na2AgAlCl6,delta_r_B,0.615,0.0666526169790552
direct_000620,Na2CuBiBr6,delta_r_B,0.2599999999999999,-0.0546009349283872
direct_000621,Na2CuBiCl6,delta_r_B,0.2599999999999999,-0.0562238561779701
direct_000622,Na2CuSbCl6,delta_r_B,0.01,-0.1013240420011415
direct_000623,Na2CuDyCl6,delta_r_B,0.142,-0.0437139530881052
direct_000624,Na2CuErCl6,delta_r_B,0.12,-0.0432884289417961
direct_000625,Na2CuEuCl6,delta_r_B,0.1769999999999999,-0.0448449860363742
direct_000626,Na2AgGaCl6,delta_r_B,0.53,0.0626847631959871
direct_000627,Na2AgInBr6,delta_r_B,0.3500000000000001,0.0530738911894823
direct_000628,Na2AgInCl6,delta_r_B,0.3500000000000001,0.0537412309168476
direct_000629,Na2CuLaCl6,delta_r_B,0.2619999999999999,-0.0510776129870452
direct_000630,Na2LiBiBr6,delta_r_B,0.2699999999999999,-0.0614475709015234
direct_000631,Na2LiBiCl6,delta_r_B,0.2699999999999999,-0.0602959572067002
direct_000632,Na2LiBiI6,delta_r_B,0.2699999999999999,-0.0558027883380678
direct_000633,Na2LiCeCl6,delta_r_B,0.2499999999999999,-0.0343743292847351
direct_000634,Na2LiDyCl6,delta_r_B,0.152,-0.0020071632828718
direct_000635,Na2LiErCl6,delta_r_B,0.13,-0.001435060969714
direct_000636,Na2LiGdCl6,delta_r_B,0.1749999999999999,-0.0018834875525854
direct_000637,Na2LiInCl6,delta_r_B,0.0399999999999999,-0.0114821533550843
direct_000638,Na2LiLaCl6,delta_r_B,0.2719999999999999,-0.0124115499688554
direct_000639,Na2LiLuCl6,delta_r_B,0.1009999999999998,-0.0005199636295894
direct_000640,Na2LiNdCl6,delta_r_B,0.2229999999999999,0.0030587228400036
direct_000641,Na2LiPrCl6,delta_r_B,0.2299999999999998,0.0030629360539872
direct_000642,Na2LiSbCl6,delta_r_B,0.0,-0.1253802028709879
direct_000643,Na2LiScCl6,delta_r_B,0.015,-0.0015813306058544
direct_000644,Na2LiSmCl6,delta_r_B,0.198,0.0028188274278334
direct_000645,Na2LiTbCl6,delta_r_B,0.1629999999999999,0.0003717061575367
direct_000646,Na2LiTlBr6,delta_r_B,0.1249999999999998,-0.0027502829839139
direct_000647,Na2LiTlCl6,delta_r_B,0.1249999999999998,-0.0040661890783107
direct_000648,Na2LiTmCl6,delta_r_B,0.12,-0.0014587679075041
direct_000649,Na2LiYBr6,delta_r_B,0.14,0.0029073853836064
direct_000650,Na2LiYCl6,delta_r_B,0.14,0.0010005239311274
direct_000651,Na2AgLuCl6,delta_r_B,0.2890000000000001,-0.0446721731388114
direct_000652,Na2CuLuCl6,delta_r_B,0.0909999999999998,-0.0414707260539538
direct_000653,Na2CuNdCl6,delta_r_B,0.2129999999999999,-0.0450179655024302
direct_000654,Na2CuPrCl6,delta_r_B,0.2199999999999998,-0.0448436740510082
direct_000655,Na2AgScCl6,delta_r_B,0.405,0.0016501189002275
direct_000656,Na2CuScCl6,delta_r_B,0.025,-0.053124009580136
direct_000657,Na2CuSmCl6,delta_r_B,0.188,-0.0451978226783652
direct_000658,Na2CuTbCl6,delta_r_B,0.1529999999999999,-0.04560223803223
direct_000659,Na2AgTmCl6,delta_r_B,0.27,-0.048409273972119
direct_000660,Na2CuTmCl6,delta_r_B,0.1099999999999999,-0.0431399082199896
direct_000661,Na2CuYBr6,delta_r_B,0.13,-0.0564409408252586
direct_000662,Na2CuYCl6,delta_r_B,0.13,-0.0571786358290684
direct_000663,O2NbPCl6,delta_r_B,0.26,-0.0315904220854585
direct_000664,Rb2AgAsBr6,delta_r_B,0.5700000000000001,-0.0101062399321696
direct_000665,Rb2AgAsCl6,delta_r_B,0.5700000000000001,-0.0063323699982329
direct_000666,Rb2AgBiBr6,delta_r_B,0.1200000000000001,-0.0536107567777975
direct_000667,Rb2AgBiCl6,delta_r_B,0.1200000000000001,-0.0543165511148191
direct_000668,Rb2AgBiI6,delta_r_B,0.1200000000000001,-0.0475257910932115
direct_000669,Rb2AgMoBr6,delta_r_B,0.4600000000000001,0.0281316397371328
direct_000670,Rb2AgMoCl6,delta_r_B,0.4600000000000001,0.0300294627585125
direct_000671,Rb2AgMoI6,delta_r_B,0.4600000000000001,0.0287083049203326
direct_000672,Rb2AgSbBr6,delta_r_B,0.39,-0.0123916234235421
direct_000673,Rb2AgSbCl6,delta_r_B,0.39,-0.0119344836127939
direct_000674,Rb2AgSbI6,delta_r_B,0.39,-0.0114475990115128
direct_000675,Rb2AgAlBr6,delta_r_B,0.615,0.0645303115579106
direct_000676,Rb2AgAlCl6,delta_r_B,0.615,0.0668570060760719
direct_000677,Rb2AlAuCl6,delta_r_B,0.26,-0.0249914582779683
direct_000678,Rb2InAlBr6,delta_r_B,0.875,-0.0223184680219619
direct_000679,Rb2InAlCl6,delta_r_B,0.875,-0.0232234186578195
direct_000680,Rb2InAlI6,delta_r_B,0.875,-0.015001606495102
direct_000681,Rb2TlAlBr6,delta_r_B,0.965,-0.0149529998117255
direct_000682,Rb2TlAlCl6,delta_r_B,0.965,-0.0180873039892412
direct_000683,Rb2TlAlI6,delta_r_B,0.965,-0.009867070176197
direct_000684,Rb2AsAuCl6,delta_r_B,0.1599999999999999,-0.0264018093897596
direct_000685,Rb2BiAuBr6,delta_r_B,0.6100000000000001,0.0042107297414607
direct_000686,Rb2BiAuCl6,delta_r_B,0.6100000000000001,0.0035214004710393
direct_000687,Rb2FBrCl6,delta_r_B,0.74,0.059137421191824
direct_000688,Rb2AgCeBr6,delta_r_B,0.1400000000000001,-0.0472265799205154
direct_000689,Rb2AgCeCl6,delta_r_B,0.1400000000000001,-0.0467030827741816
direct_000690,Rb2AgCeI6,delta_r_B,0.1400000000000001,-0.0385098731627581
direct_000691,Rb2CuCeBr6,delta_r_B,0.2399999999999998,-0.0452506755821605
direct_000692,Rb2CuCeCl6,delta_r_B,0.2399999999999998,-0.0463725554626221
direct_000693,Rb2CuBiBr6,delta_r_B,0.2599999999999999,-0.0540931165588496
direct_000694,Rb2CuBiCl6,delta_r_B,0.2599999999999999,-0.0562924862277576
direct_000695,Rb2CuBiI6,delta_r_B,0.2599999999999999,-0.0503881327874643
direct_000696,Rb2CuMoBr6,delta_r_B,0.08,-0.0064994574620151
direct_000697,Rb2CuMoCl6,delta_r_B,0.08,-0.0137844074332592
direct_000698,Rb2CuMoI6,delta_r_B,0.08,-0.0184247922124966
direct_000699,Rb2CuSbBr6,delta_r_B,0.01,-0.096630632212877
direct_000700,Rb2CuSbCl6,delta_r_B,0.01,-0.0994098021983929
direct_000701,Rb2CuSbI6,delta_r_B,0.01,-0.0875133142103084
direct_000702,Rb2AgDyCl6,delta_r_B,0.238,-0.0467961036825866
direct_000703,Rb2AuDyCl6,delta_r_B,0.4579999999999999,0.0028964518911804
direct_000704,Rb2CuDyCl6,delta_r_B,0.142,-0.0440657020888875
direct_000705,Rb2AgErCl6,delta_r_B,0.26,-0.0514105744617907
direct_000706,Rb2AuErCl6,delta_r_B,0.48,0.0064491835842074
direct_000707,Rb2CuErCl6,delta_r_B,0.12,-0.043660608826513
direct_000708,Rb2AgGaBr6,delta_r_B,0.53,0.0489753586667706
direct_000709,Rb2AgGaCl6,delta_r_B,0.53,0.0636578172291811
direct_000710,Rb2AgGdCl6,delta_r_B,0.215,-0.0465371330685756
direct_000711,Rb2AgInBr6,delta_r_B,0.3500000000000001,0.0530828835515224
direct_000712,Rb2AgInCl6,delta_r_B,0.3500000000000001,0.0525137781275118
direct_000713,Rb2InAsBr6,delta_r_B,0.8300000000000001,0.058786182778276
direct_000714,Rb2InAsCl6,delta_r_B,0.8300000000000001,0.0533158502361022
direct_000715,Rb2InBiCl6,delta_r_B,0.3800000000000001,0.0419779854184656
direct_000716,Rb2InGaBr6,delta_r_B,0.79,-0.0138271049078218
direct_000717,Rb2InGaCl6,delta_r_B,0.79,-0.0166813399746274
direct_000718,Rb2InGaI6,delta_r_B,0.79,-0.0093660498488432
direct_000719,Rb2InSbBr6,delta_r_B,0.65,0.0906420675271335
direct_000720,Rb2InSbCl6,delta_r_B,0.65,0.09148303190795
direct_000721,Rb2InSbI6,delta_r_B,0.65,0.0608224225375401
direct_000722,Rb2AgLaCl6,delta_r_B,0.1180000000000001,-0.0478406802717285
direct_000723,Rb2AuLaCl6,delta_r_B,0.3380000000000001,-0.0011251902133076
direct_000724,Rb2CuLaCl6,delta_r_B,0.2619999999999999,-0.0517243699398638
direct_000725,Rb2LiBiBr6,delta_r_B,0.2699999999999999,-0.061206196986383
direct_000726,Rb2LiBiCl6,delta_r_B,0.2699999999999999,-0.0605469137193948
direct_000727,Rb2LiBiI6,delta_r_B,0.2699999999999999,-0.0559206436460478
direct_000728,Rb2LiCeBr6,delta_r_B,0.2499999999999999,-0.0352336174318652
direct_000729,Rb2LiCeCl6,delta_r_B,0.2499999999999999,-0.0348829120131465
direct_000730,Rb2LiCeI6,delta_r_B,0.2499999999999999,-0.0305862802903303
direct_000731,Rb2LiDyBr6,delta_r_B,0.152,-0.0007677099198893
direct_000732,Rb2LiDyCl6,delta_r_B,0.152,-0.0019493135992266
direct_000733,Rb2LiErCl6,delta_r_B,0.13,-0.0014090422210597
direct_000734,Rb2LiGdCl6,delta_r_B,0.1749999999999999,-0.0018095133750165
direct_000735,Rb2LiHoCl6,delta_r_B,0.1409999999999999,-0.0007801684656014
direct_000736,Rb2LiInCl6,delta_r_B,0.0399999999999999,-0.0113543565902828
direct_000737,Rb2LiLaCl6,delta_r_B,0.2719999999999999,-0.0118213671344299
direct_000738,Rb2LiMoBr6,delta_r_B,0.07,-0.0024164967285806
direct_000739,Rb2LiMoCl6,delta_r_B,0.07,-0.0282262699123236
direct_000740,Rb2LiMoI6,delta_r_B,0.07,-0.0050098444125381
direct_000741,Rb2LiNdBr6,delta_r_B,0.2229999999999999,0.0041571198201032
direct_000742,Rb2LiNdCl6,delta_r_B,0.2229999999999999,0.0029648209900402
direct_000743,Rb2LiNdI6,delta_r_B,0.2229999999999999,0.0060912363642165
direct_000744,Rb2LiPrBr6,delta_r_B,0.2299999999999998,0.0040006131234317
direct_000745,Rb2LiPrCl6,delta_r_B,0.2299999999999998,0.0029760792462791
direct_000746,Rb2LiPrI6,delta_r_B,0.2299999999999998,0.0058607016535386
direct_000747,Rb2LiRhCl6,delta_r_B,0.0949999999999999,-0.029291613478345
direct_000748,Rb2LiSbBr6,delta_r_B,0.0,-0.1247510072033288
direct_000749,Rb2LiSbCl6,delta_r_B,0.0,-0.1261139043947602
direct_000750,Rb2LiSbI6,delta_r_B,0.0,-0.1173008371641197
direct_000751,Rb2LiScCl6,delta_r_B,0.015,-0.0003540512891755
direct_000752,Rb2LiSmCl6,delta_r_B,0.198,0.0028706809844267
direct_000753,Rb2LiTbCl6,delta_r_B,0.1629999999999999,0.000415767663122
direct_000754,Rb2LiTlBr6,delta_r_B,0.1249999999999998,-0.0030471791278873
direct_000755,Rb2LiTlCl6,delta_r_B,0.1249999999999998,-0.0033370073862002
direct_000756,Rb2LiTmCl6,delta_r_B,0.12,-0.0014433058044
direct_000757,Rb2LiYBr6,delta_r_B,0.14,0.0029098233325896
direct_000758,Rb2LiYCl6,delta_r_B,0.14,0.0005033415847129
direct_000759,Rb2LiYI6,delta_r_B,0.14,0.0085770296568796
direct_000760,Rb2AgLuCl6,delta_r_B,0.2890000000000001,-0.0445982162310817
direct_000761,Rb2AuLuCl6,delta_r_B,0.5090000000000001,0.0090821713090093
direct_000762,Rb2CuLuCl6,delta_r_B,0.0909999999999998,-0.0418009465748659
direct_000763,Rb2NaAlCl6,delta_r_B,0.4849999999999999,0.0116399924416551
direct_000764,Rb2NaAsBr6,delta_r_B,0.4399999999999999,-0.0322625636308261
direct_000765,Rb2NaAsCl6,delta_r_B,0.4399999999999999,-0.0307260609521357
direct_000766,Rb2NaBiBr6,delta_r_B,0.01,-0.1206462489088543
direct_000767,Rb2NaBiCl6,delta_r_B,0.01,-0.1265256612137246
direct_000768,Rb2NaBiI6,delta_r_B,0.01,-0.1006363535674878
direct_000769,Rb2NaCeBr6,delta_r_B,0.01,-0.108077493030986
direct_000770,Rb2NaCeCl6,delta_r_B,0.01,-0.1149641610174124
direct_000771,Rb2NaCeI6,delta_r_B,0.01,-0.0910786348122395
direct_000772,Rb2NaCrCl6,delta_r_B,0.24,-0.0049149834881683
direct_000773,Rb2NaDyCl6,delta_r_B,0.1079999999999998,-0.0028346339268438
direct_000774,Rb2NaErCl6,delta_r_B,0.1299999999999999,-0.0031198135499442
direct_000775,Rb2NaGaBr6,delta_r_B,0.3999999999999999,0.0059691674609694
direct_000776,Rb2NaGaCl6,delta_r_B,0.3999999999999999,0.0063258033636923
direct_000777,Rb2NaGdCl6,delta_r_B,0.0849999999999999,-0.0037279696094136
direct_000778,Rb2NaInBr6,delta_r_B,0.2199999999999999,-0.0073954274806782
direct_000779,Rb2NaInCl6,delta_r_B,0.2199999999999999,-0.0079107333644805
direct_000780,Rb2NaInI6,delta_r_B,0.2199999999999999,-0.0080725521516147
direct_000781,Rb2NaLaCl6,delta_r_B,0.012,-0.0086484471005516
direct_000782,Rb2NaMoBr6,delta_r_B,0.3299999999999999,0.01542469486905
direct_000783,Rb2NaMoCl6,delta_r_B,0.3299999999999999,0.005705002889002
direct_000784,Rb2NaMoI6,delta_r_B,0.3299999999999999,0.0183372971649437
direct_000785,Rb2NaNdBr6,delta_r_B,0.0369999999999999,-0.0038484378154616
direct_000786,Rb2NaNdCl6,delta_r_B,0.0369999999999999,-0.0052047064465625
direct_000787,Rb2NaNdI6,delta_r_B,0.0369999999999999,0.0014383910352393
direct_000788,Rb2NaPrBr6,delta_r_B,0.03,-0.0039163232730062
direct_000789,Rb2NaPrCl6,delta_r_B,0.03,-0.0051949799088812
direct_000790,Rb2NaPrI6,delta_r_B,0.03,0.0017000740906431
direct_000791,Rb2NaSbBr6,delta_r_B,0.2599999999999999,-0.0803242064622741
direct_000792,Rb2NaSbCl6,delta_r_B,0.2599999999999999,-0.0808516273442858
direct_000793,Rb2NaSbI6,delta_r_B,0.2599999999999999,-0.0717330310671458
direct_000794,Rb2NaScBr6,delta_r_B,0.2749999999999999,-0.0411089504569042
direct_000795,Rb2NaScCl6,delta_r_B,0.2749999999999999,-0.0374122733266304
direct_000796,Rb2NaScI6,delta_r_B,0.2749999999999999,-0.0436835139619901
direct_000797,Rb2NaSmCl6,delta_r_B,0.0619999999999998,-0.0036916146454821
direct_000798,Rb2NaTbCl6,delta_r_B,0.0969999999999999,0.0008430104755399
direct_000799,Rb2NaTlBr6,delta_r_B,0.135,-0.0050554178646409
direct_000800,Rb2NaTlCl6,delta_r_B,0.135,-0.0042495998951583
direct_000801,Rb2NaTmCl6,delta_r_B,0.1399999999999999,-0.0026483340405159
direct_000802,Rb2NaYBr6,delta_r_B,0.1199999999999998,0.0005970418260335
direct_000803,Rb2NaYCl6,delta_r_B,0.1199999999999998,-0.0016873541990233
direct_000804,Rb2NaYI6,delta_r_B,0.1199999999999998,0.0045894181125949
direct_000805,Rb2AgNdBr6,delta_r_B,0.167,-0.0467964936622199
direct_000806,Rb2AgNdCl6,delta_r_B,0.167,-0.0473274282224294
direct_000807,Rb2AgNdI6,delta_r_B,0.167,-0.0383088393651909
direct_000808,Rb2AuNdCl6,delta_r_B,0.387,0.0003852389679825
direct_000809,Rb2CuNdBr6,delta_r_B,0.2129999999999999,-0.0441298310558141
direct_000810,Rb2CuNdCl6,delta_r_B,0.2129999999999999,-0.045686298600498
direct_000811,Rb2CuNdI6,delta_r_B,0.2129999999999999,-0.0384986442320341
direct_000812,Rb2AgPrBr6,delta_r_B,0.1600000000000001,-0.0472275430001851
direct_000813,Rb2AgPrCl6,delta_r_B,0.1600000000000001,-0.0469574389583025
direct_000814,Rb2AgPrI6,delta_r_B,0.1600000000000001,-0.038387851114982
direct_000815,Rb2AuPrCl6,delta_r_B,0.3800000000000001,0.0001514088601528
direct_000816,Rb2CuPrBr6,delta_r_B,0.2199999999999998,-0.0441289412778263
direct_000817,Rb2CuPrCl6,delta_r_B,0.2199999999999998,-0.0457675981744164
direct_000818,Rb2CuPrI6,delta_r_B,0.2199999999999998,-0.0387057724134103
direct_000819,Rb2AuSbCl6,delta_r_B,0.61,0.0108178473250522
direct_000820,Rb2AgScBr6,delta_r_B,0.405,-0.0139530212593471
direct_000821,Rb2AgScCl6,delta_r_B,0.405,0.0051360655981067
direct_000822,Rb2AgScI6,delta_r_B,0.405,-0.0142541444346394
direct_000823,Rb2AuScBr6,delta_r_B,0.625,0.0105483159488705
direct_000824,Rb2AuScCl6,delta_r_B,0.625,0.0124954464763776
direct_000825,Rb2AuScI6,delta_r_B,0.625,0.0108099229569368
direct_000826,Rb2CuScCl6,delta_r_B,0.025,-0.0634363202299262
direct_000827,Rb2InScBr6,delta_r_B,0.665,0.085115675362517
direct_000828,Rb2InScCl6,delta_r_B,0.665,0.0846455022222189
direct_000829,Rb2InScI6,delta_r_B,0.665,0.0775748590426698
direct_000830,Rb2TlScBr6,delta_r_B,0.7549999999999999,0.0629879829130167
direct_000831,Rb2TlScCl6,delta_r_B,0.7549999999999999,0.0657615985992325
direct_000832,Rb2TlScI6,delta_r_B,0.7549999999999999,0.0385439617733073
direct_000833,Rb2AgSmCl6,delta_r_B,0.1919999999999999,-0.0469739366903451
direct_000834,Rb2AuSmCl6,delta_r_B,0.4119999999999999,0.0011940690102724
direct_000835,Rb2CuSmCl6,delta_r_B,0.188,-0.0455017247683628
direct_000836,Rb2AgTbCl6,delta_r_B,0.2270000000000001,-0.0471994793027136
direct_000837,Rb2AuTbCl6,delta_r_B,0.447,0.0013405533860709
direct_000838,Rb2CuTbCl6,delta_r_B,0.1529999999999999,-0.0459216677046145
direct_000839,Rb2TlAsBr6,delta_r_B,0.92,0.0549055567452158
direct_000840,Rb2TlAsCl6,delta_r_B,0.92,0.0538213813999365
direct_000841,Rb2TlAsI6,delta_r_B,0.92,0.0568778111438294
direct_000842,Rb2TlBiBr6,delta_r_B,0.47,0.0463983948626876
direct_000843,Rb2TlGaBr6,delta_r_B,0.8799999999999999,-0.0128187328109215
direct_000844,Rb2TlGaCl6,delta_r_B,0.8799999999999999,-0.0166506738175756
direct_000845,Rb2TlGaI6,delta_r_B,0.8799999999999999,-0.0060868657192736
direct_000846,Rb2TlInBr6,delta_r_B,0.7,0.0075368837910429
direct_000847,Rb2TlInCl6,delta_r_B,0.7,0.0064148230846318
direct_000848,Rb2TlInI6,delta_r_B,0.7,0.0074355865409485
direct_000849,Rb2TlSbBr6,delta_r_B,0.7399999999999999,0.0934125076789144
direct_000850,Rb2TlSbCl6,delta_r_B,0.7399999999999999,0.094451726347055
direct_000851,Rb2TlSbI6,delta_r_B,0.7399999999999999,0.0831204638689783
direct_000852,Rb2AgTmCl6,delta_r_B,0.27,-0.0486593126160263
direct_000853,Rb2AuTmCl6,delta_r_B,0.49,0.0089906961194237
direct_000854,Rb2CuTmCl6,delta_r_B,0.1099999999999999,-0.0435042478394857
direct_000855,Rb2AgYBr6,delta_r_B,0.25,-0.0632627088114514
direct_000856,Rb2AgYCl6,delta_r_B,0.25,-0.0647800858386206
direct_000857,Rb2AgYI6,delta_r_B,0.25,-0.0529969819086547
direct_000858,Rb2AuYBr6,delta_r_B,0.47,0.0001396200495993
direct_000859,Rb2AuYCl6,delta_r_B,0.47,0.001583394657516
direct_000860,Rb2AuYI6,delta_r_B,0.47,0.0029468277284261
direct_000861,Rb2CuYBr6,delta_r_B,0.13,-0.0564822209698889
direct_000862,Rb2CuYCl6,delta_r_B,0.13,-0.0601958281203124
direct_000863,Rb2CuYI6,delta_r_B,0.13,-0.0488599356315753
direct_000864,Rb2InYBr6,delta_r_B,0.51,0.0554646611791312
direct_000865,Rb2InYCl6,delta_r_B,0.51,0.0375449600693052
direct_000866,Rb2InYI6,delta_r_B,0.51,0.0498887789037577
direct_000867,Rb2TlYBr6,delta_r_B,0.5999999999999999,0.0227737831109659
direct_000868,Rb2TlYCl6,delta_r_B,0.5999999999999999,0.0266459957044061
direct_000869,Rb2TlYI6,delta_r_B,0.5999999999999999,0.0365920324587935
direct_000870,O2PSbCl6,delta_r_B,0.24,-0.0300131305223666
direct_000871,S2NSbCl6,delta_r_B,0.49,0.0293490023031957
direct_000872,Cs2GeSnCl6,delta_r_B,0.58,0.0660561487539426
direct_000873,Cs2GeSnBr6,delta_r_B,0.58,0.065782603289707
direct_000874,Rb2GeSnCl6,delta_r_B,0.58,0.0666539650795608
direct_000875,Rb2GeSnBr6,delta_r_B,0.58,0.0657220716341899
direct_000876,K2GeSnBr6,delta_r_B,0.58,0.0658937034207153
direct_000877,K2GeSnI6,delta_r_B,0.58,0.0613579363173392
direct_000878,Na2GeSnCl6,delta_r_B,0.58,0.0677198169325142
direct_000879,K2GeSnCl6,delta_r_B,0.58,0.0678304037882367
direct_000880,Li2GeSnCl6,delta_r_B,0.58,0.067658716421024
direct_000881,Li2GeSnBr6,delta_r_B,0.58,0.0658664374760271
direct_000882,Li2GeSnI6,delta_r_B,0.58,0.0616026588985146
direct_000883,Rb2GeSnI6,delta_r_B,0.58,0.0622014034219208
direct_000884,Cs2GeSnI6,delta_r_B,0.58,0.0600847791352018
direct_000001,Al2OSnCl6,chi_B2,1.96,0.022397724633473
direct_000002,S2NAlCl6,chi_B2,1.61,0.0190391500078453
direct_000003,Cs2AgAsBr6,chi_B2,2.18,-0.0529186842949541
direct_000004,Cs2AgAsCl6,chi_B2,2.18,-0.0636043652688146
direct_000005,Cs2AgAuCl6,chi_B2,2.54,0.0298060328941127
direct_000006,Cs2AgBiBr6,chi_B2,2.02,-0.0010088693267968
direct_000007,Cs2AgBiCl6,chi_B2,2.02,-0.0020952257301946
direct_000008,Cs2AgBiI6,chi_B2,2.02,-0.003015333440955
direct_000009,Cs2AgMoBr6,chi_B2,2.16,0.1059444285380026
direct_000010,Cs2AgMoCl6,chi_B2,2.16,0.0934692336923732
direct_000011,Cs2AgSbBr6,chi_B2,2.05,-0.0130977044164474
direct_000012,Cs2AgSbCl6,chi_B2,2.05,-0.017509142734951
direct_000013,Cs2AgSbI6,chi_B2,2.05,-0.0131088728275403
direct_000014,Cs2AgAlBr6,chi_B2,1.61,0.0658947249211391
direct_000015,Cs2AgAlCl6,chi_B2,1.61,0.0673449646985537
direct_000016,Cs2AlAuCl6,chi_B2,2.54,0.0396575617763606
direct_000017,Cs2CuAlCl6,chi_B2,1.61,0.0487580831214334
direct_000018,Cs2InAlBr6,chi_B2,1.61,-0.0329946190970313
direct_000019,Cs2InAlCl6,chi_B2,1.61,-0.0277910737394546
direct_000020,Cs2InAlI6,chi_B2,1.61,-0.0307768741646724
direct_000021,Cs2TlAlBr6,chi_B2,1.61,-0.0403020996451972
direct_000022,Cs2TlAlCl6,chi_B2,1.61,-0.0368760680872624
direct_000023,Cs2TlAlI6,chi_B2,1.61,-0.0390768958374507
direct_000024,Cs2AsAuCl6,chi_B2,2.54,0.0063256678593044
direct_000025,Cs2BrAsCl6,chi_B2,2.18,0.0276054925739075
direct_000026,Cs2BiAuBr6,chi_B2,2.54,-0.0168598155343243
direct_000027,Cs2BiAuCl6,chi_B2,2.54,-0.0187274213857361
direct_000028,Cs2FBrCl6,chi_B2,2.96,0.0657969575957821
direct_000029,Cs2CaSnCl6,chi_B2,1.96,0.0237440562018234
direct_000030,Cs2AgCeBr6,chi_B2,1.12,-0.0680186674240449
direct_000031,Cs2AgCeCl6,chi_B2,1.12,-0.0698247116111022
direct_000032,Cs2AgCeI6,chi_B2,1.12,-0.059435654118169
direct_000033,Cs2CuCeCl6,chi_B2,1.12,-0.063355077686947
direct_000034,Cs2CuCeI6,chi_B2,1.12,-0.0586147414867689
direct_000035,Cs2CuAsCl6,chi_B2,2.18,-0.0267912452046244
direct_000036,Cs2CuBiBr6,chi_B2,2.02,-0.0018362675595177
direct_000037,Cs2CuBiCl6,chi_B2,2.02,-0.0027253203985276
direct_000038,Cs2CuBiI6,chi_B2,2.02,-0.0021246814321439
direct_000039,Cs2CuMoBr6,chi_B2,2.16,0.1080705586702921
direct_000040,Cs2CuMoCl6,chi_B2,2.16,0.1042863485480575
direct_000041,Cs2CuMoI6,chi_B2,2.16,0.0953484380230845
direct_000042,Cs2CuSbBr6,chi_B2,2.05,-0.0087653612451553
direct_000043,Cs2CuSbCl6,chi_B2,2.05,-0.0096981378885859
direct_000044,Cs2CuSbI6,chi_B2,2.05,-0.0087945405248741
direct_000045,Cs2AuDyCl6,chi_B2,1.22,-0.0393772846853683
direct_000046,Cs2CuDyCl6,chi_B2,1.22,-0.030236034375854
direct_000047,Cs2AuErCl6,chi_B2,1.24,-0.040988261578063
direct_000048,Cs2CuErCl6,chi_B2,1.24,-0.0293877476404898
direct_000049,Cs2AgGaBr6,chi_B2,1.81,0.0473436239546009
direct_000050,Cs2AgGaCl6,chi_B2,1.81,0.0651791018978494
direct_000051,Cs2AuGdCl6,chi_B2,1.2,-0.0396892495471457
direct_000052,Cs2HgPdCl6,chi_B2,2.2,-0.0092726390981181
direct_000053,Cs2IBrCl6,chi_B2,2.96,0.0407578225016972
direct_000054,Cs2FICl6,chi_B2,2.66,0.0857423289926674
direct_000055,Cs2AgInBr6,chi_B2,1.78,0.0651201836770563
direct_000056,Cs2AgInCl6,chi_B2,1.78,0.0670344375398263
direct_000057,Cs2InAsBr6,chi_B2,2.18,0.0688740118697786
direct_000058,Cs2InAsCl6,chi_B2,2.18,0.0491097956729341
direct_000059,Cs2InAsI6,chi_B2,2.18,0.0591502281088752
direct_000060,Cs2InBiBr6,chi_B2,2.02,0.034040995220841
direct_000061,Cs2InBiCl6,chi_B2,2.02,0.0314045594678163
direct_000062,Cs2InBiI6,chi_B2,2.02,0.029945555025513
direct_000063,Cs2InGaBr6,chi_B2,1.81,-0.0379217637228831
direct_000064,Cs2InGaCl6,chi_B2,1.81,-0.0332965349698203
direct_000065,Cs2InGaI6,chi_B2,1.81,-0.0382439243218891
direct_000066,Cs2InSbBr6,chi_B2,2.05,0.0321316596893931
direct_000067,Cs2InSbCl6,chi_B2,2.05,0.0293625329778238
direct_000068,Cs2InSbI6,chi_B2,2.05,0.0158599999267366
direct_000069,Cs2KAlBr6,chi_B2,1.61,0.0353928557217142
direct_000070,Cs2KAlCl6,chi_B2,1.61,0.0350039524794613
direct_000071,Cs2KAlI6,chi_B2,1.61,0.0402074657953217
direct_000072,Cs2KAsBr6,chi_B2,2.18,0.0583713452065754
direct_000073,Cs2KAsCl6,chi_B2,2.18,0.0531417186214538
direct_000074,Cs2KAsI6,chi_B2,2.18,0.0065523979778626
direct_000075,Cs2KAuCl6,chi_B2,2.54,-0.0179675417296442
direct_000076,Cs2KBiBr6,chi_B2,2.02,0.0157613145258388
direct_000077,Cs2KBiCl6,chi_B2,2.02,0.0080260643374518
direct_000078,Cs2KBiI6,chi_B2,2.02,0.0010961570950501
direct_000079,Cs2KCeBr6,chi_B2,1.12,-0.1357479746482704
direct_000080,Cs2KCeCl6,chi_B2,1.12,-0.1232129548268485
direct_000081,Cs2KCeI6,chi_B2,1.12,-0.1237949268741397
direct_000082,Cs2KCrCl6,chi_B2,1.66,0.0208639094914658
direct_000083,Cs2KDyCl6,chi_B2,1.22,0.002971800924474
direct_000084,Cs2KGaBr6,chi_B2,1.81,0.0275092243514996
direct_000085,Cs2KGaCl6,chi_B2,1.81,0.0263266063094375
direct_000086,Cs2KGaI6,chi_B2,1.81,0.0304753133971618
direct_000087,Cs2KHoCl6,chi_B2,1.23,0.0029133686794699
direct_000088,Cs2KInBr6,chi_B2,1.78,0.0247121853854472
direct_000089,Cs2KInCl6,chi_B2,1.78,0.0229775149279811
direct_000090,Cs2KInI6,chi_B2,1.78,0.0299844514265393
direct_000091,Cs2KLaCl6,chi_B2,1.1,0.0198202424063865
direct_000092,Cs2KLuCl6,chi_B2,1.27,-0.0014462401500016
direct_000093,Cs2KMoBr6,chi_B2,2.16,0.0821165041365472
direct_000094,Cs2KMoCl6,chi_B2,2.16,0.0707461129443699
direct_000095,Cs2KMoI6,chi_B2,2.16,0.0814531701977624
direct_000096,Cs2KNdBr6,chi_B2,1.14,0.0077922929390229
direct_000097,Cs2KNdCl6,chi_B2,1.14,0.005407481282493
direct_000098,Cs2KNdI6,chi_B2,1.14,0.0070049125442558
direct_000099,Cs2KPrBr6,chi_B2,1.13,0.0077390520905944
direct_000100,Cs2KPrCl6,chi_B2,1.13,0.0057869489701636
direct_000101,Cs2KPrI6,chi_B2,1.13,0.0071020239318908
direct_000102,Cs2KSbBr6,chi_B2,2.05,0.015831953789651
direct_000103,Cs2KSbCl6,chi_B2,2.05,0.0108069490971735
direct_000104,Cs2KSbI6,chi_B2,2.05,0.0020657290722925
direct_000105,Cs2KScBr6,chi_B2,1.36,-0.0675048829508983
direct_000106,Cs2KScCl6,chi_B2,1.36,-0.0651599771726408
direct_000107,Cs2KScI6,chi_B2,1.36,-0.0627389871345752
direct_000108,Cs2KSmCl6,chi_B2,1.17,0.0026649648909005
direct_000109,Cs2KTbCl6,chi_B2,1.1,0.0009114172708514
direct_000110,Cs2KTlBr6,chi_B2,1.62,0.0214836363221344
direct_000111,Cs2KTlCl6,chi_B2,1.62,0.02012017879532
direct_000112,Cs2KTlI6,chi_B2,1.62,0.0215682522094114
direct_000113,Cs2KYBr6,chi_B2,1.22,0.0028009779109174
direct_000114,Cs2KYCl6,chi_B2,1.22,0.000828355450197
direct_000115,Cs2KYI6,chi_B2,1.22,-0.0145052789910823
direct_000116,Cs2AgLaCl6,chi_B2,1.1,-0.0409640723849698
direct_000117,Cs2AuLaCl6,chi_B2,1.1,-0.038013458731741
direct_000118,Cs2CuLaCl6,chi_B2,1.1,-0.0352402633341336
direct_000119,Cs2LiBiBr6,chi_B2,2.02,-0.0102847095944008
direct_000120,Cs2LiBiCl6,chi_B2,2.02,-0.0116342413146141
direct_000121,Cs2LiBiI6,chi_B2,2.02,-0.0099210877233227
direct_000122,Cs2LiCeBr6,chi_B2,1.12,-0.1298878593501947
direct_000123,Cs2LiCeI6,chi_B2,1.12,-0.1169122384134448
direct_000124,Cs2LiDyCl6,chi_B2,1.22,0.0092609976785072
direct_000125,Cs2LiErCl6,chi_B2,1.24,0.0092841349525876
direct_000126,Cs2LiGdCl6,chi_B2,1.2,0.0089449649589812
direct_000127,Cs2LiInBr6,chi_B2,1.78,0.0255497136386333
direct_000128,Cs2LiInCl6,chi_B2,1.78,0.0224578991558776
direct_000129,Cs2LiLaBr6,chi_B2,1.1,0.0230358772856781
direct_000130,Cs2LiLaCl6,chi_B2,1.1,0.0286348587063344
direct_000131,Cs2LiLuCl6,chi_B2,1.27,0.0071368844356043
direct_000132,Cs2LiMoBr6,chi_B2,2.16,0.1038610899361102
direct_000133,Cs2LiMoCl6,chi_B2,2.16,0.0761371862615815
direct_000134,Cs2LiMoI6,chi_B2,2.16,0.1031598182475274
direct_000135,Cs2LiNdBr6,chi_B2,1.14,0.0121402475234409
direct_000136,Cs2LiNdCl6,chi_B2,1.14,0.0118935045838352
direct_000137,Cs2LiNdI6,chi_B2,1.14,0.0141804864127118
direct_000138,Cs2LiPrBr6,chi_B2,1.13,0.0122085402477925
direct_000139,Cs2LiPrCl6,chi_B2,1.13,0.0120576449194077
direct_000140,Cs2LiPrI6,chi_B2,1.13,0.0149183853097916
direct_000141,Cs2LiSbBr6,chi_B2,2.05,-0.016947407569032
direct_000142,Cs2LiSbCl6,chi_B2,2.05,-0.0162899534963109
direct_000143,Cs2LiSbI6,chi_B2,2.05,-0.0166843408840083
direct_000144,Cs2LiScCl6,chi_B2,1.36,-0.0079686247401177
direct_000145,Cs2LiSmCl6,chi_B2,1.17,0.0102607675399359
direct_000146,Cs2LiTbCl6,chi_B2,1.1,0.0046215911661333
direct_000147,Cs2LiTlBr6,chi_B2,1.62,0.0233903594387307
direct_000148,Cs2LiTlCl6,chi_B2,1.62,0.0202016492939497
direct_000149,Cs2LiTmCl6,chi_B2,1.25,0.009303088662868
direct_000150,Cs2LiYBr6,chi_B2,1.22,0.0058967494907697
direct_000151,Cs2LiYCl6,chi_B2,1.22,0.0065223320686552
direct_000152,Cs2LiYI6,chi_B2,1.22,0.0054049824791104
direct_000153,Cs2AgLuCl6,chi_B2,1.27,-0.0331854581833034
direct_000154,Cs2NaAlCl6,chi_B2,1.61,0.0373636916425525
direct_000155,Cs2NaAsBr6,chi_B2,2.18,-0.0230570919586307
direct_000156,Cs2NaAsCl6,chi_B2,2.18,-0.0203262324426237
direct_000157,Cs2NaBiBr6,chi_B2,2.02,-0.0092989113262553
direct_000158,Cs2NaBiCl6,chi_B2,2.02,-0.0119530323870671
direct_000159,Cs2NaBiI6,chi_B2,2.02,-0.0093785174819785
direct_000160,Cs2NaCeCl6,chi_B2,1.12,-0.114212041339966
direct_000161,Cs2NaCeI6,chi_B2,1.12,-0.0984238816110414
direct_000162,Cs2NaCrCl6,chi_B2,1.66,0.0228103189685832
direct_000163,Cs2NaDyCl6,chi_B2,1.22,0.008129927286765
direct_000164,Cs2NaErCl6,chi_B2,1.24,0.0092682696191972
direct_000165,Cs2NaGaBr6,chi_B2,1.81,0.0350478856876441
direct_000166,Cs2NaGaCl6,chi_B2,1.81,0.0316527073602988
direct_000167,Cs2NaGdCl6,chi_B2,1.2,0.0072758512889759
direct_000168,Cs2NaHoCl6,chi_B2,1.23,0.008489216502228
direct_000169,Cs2NaInBr6,chi_B2,1.78,0.0253660681682401
direct_000170,Cs2NaInCl6,chi_B2,1.78,0.0236747606166192
direct_000171,Cs2NaInI6,chi_B2,1.78,0.0267082874811796
direct_000172,Cs2NaLaBr6,chi_B2,1.1,0.0232993080616415
direct_000173,Cs2NaLaCl6,chi_B2,1.1,0.0285797362261875
direct_000174,Cs2NaLuCl6,chi_B2,1.27,0.0068417447638243
direct_000175,Cs2NaMoBr6,chi_B2,2.16,0.1080386761370152
direct_000176,Cs2NaMoCl6,chi_B2,2.16,0.0890996211512554
direct_000177,Cs2NaMoI6,chi_B2,2.16,0.1046575599742971
direct_000178,Cs2NaNdBr6,chi_B2,1.14,0.0117876296468169
direct_000179,Cs2NaNdCl6,chi_B2,1.14,0.009365549056862
direct_000180,Cs2NaPrBr6,chi_B2,1.13,0.0116973968681338
direct_000181,Cs2NaPrCl6,chi_B2,1.13,0.0092944514881927
direct_000182,Cs2NaPrI6,chi_B2,1.13,0.0149534388138129
direct_000183,Cs2NaSbBr6,chi_B2,2.05,-0.0197079666352284
direct_000184,Cs2NaSbCl6,chi_B2,2.05,-0.0212877935568308
direct_000185,Cs2NaSbI6,chi_B2,2.05,-0.0174165785145028
direct_000186,Cs2NaScBr6,chi_B2,1.36,-0.0562054699645287
direct_000187,Cs2NaScCl6,chi_B2,1.36,-0.0501886216162726
direct_000188,Cs2NaScI6,chi_B2,1.36,-0.0539726002335739
direct_000189,Cs2NaSmCl6,chi_B2,1.17,0.0071701234319562
direct_000190,Cs2NaTbCl6,chi_B2,1.1,0.0061937949432793
direct_000191,Cs2NaTlBr6,chi_B2,1.62,0.0197913719894822
direct_000192,Cs2NaTlCl6,chi_B2,1.62,0.019084954031957
direct_000193,Cs2NaTlI6,chi_B2,1.62,0.0067968906161212
direct_000194,Cs2NaTmCl6,chi_B2,1.25,0.009393060446445
direct_000195,Cs2NaUBr6,chi_B2,1.38,-0.0156994890154637
direct_000196,Cs2NaUCl6,chi_B2,1.38,-0.017889512481743
direct_000197,Cs2NaYBr6,chi_B2,1.22,0.0058152393779788
direct_000198,Cs2NaYCl6,chi_B2,1.22,0.006711133752894
direct_000199,Cs2NaYI6,chi_B2,1.22,0.0071702914707536
direct_000200,Cs2AgNdBr6,chi_B2,1.14,-0.035725487324376
direct_000201,Cs2AgNdCl6,chi_B2,1.14,-0.0383259109641887
direct_000202,Cs2AgNdI6,chi_B2,1.14,-0.0302030775689861
direct_000203,Cs2AuNdCl6,chi_B2,1.14,-0.0387908844691176
direct_000204,Cs2CuNdBr6,chi_B2,1.14,-0.0335957360345057
direct_000205,Cs2CuNdI6,chi_B2,1.14,-0.0301568421607893
direct_000206,Cs2AgPrCl6,chi_B2,1.13,-0.038929964122436
direct_000207,Cs2AgPrI6,chi_B2,1.13,-0.030333862329052
direct_000208,Cs2AuPrCl6,chi_B2,1.13,-0.0385740989326692
direct_000209,Cs2CuPrBr6,chi_B2,1.13,-0.0338512400524052
direct_000210,Cs2CuPrCl6,chi_B2,1.13,-0.0323822393536079
direct_000211,Cs2CuPrI6,chi_B2,1.13,-0.0299522180544793
direct_000212,Cs2RbAlBr6,chi_B2,1.61,0.0344016642820496
direct_000213,Cs2RbAlCl6,chi_B2,1.61,0.0358997272819139
direct_000214,Cs2RbAlI6,chi_B2,1.61,0.0375678214195715
direct_000215,Cs2RbAsBr6,chi_B2,2.18,0.0581845755573901
direct_000216,Cs2RbAsCl6,chi_B2,2.18,0.0567353701643327
direct_000217,Cs2RbAsI6,chi_B2,2.18,0.011734139149269
direct_000218,Cs2RbAuCl6,chi_B2,2.54,-0.0366774005343046
direct_000219,Cs2RbBiBr6,chi_B2,2.02,0.0213591698434659
direct_000220,Cs2RbBiCl6,chi_B2,2.02,0.0071254878823754
direct_000221,Cs2RbBiI6,chi_B2,2.02,-6.471661910942134e-05
direct_000222,Cs2RbCeCl6,chi_B2,1.12,-0.1244566809015463
direct_000223,Cs2RbDyCl6,chi_B2,1.22,0.0067040667922188
direct_000224,Cs2RbErCl6,chi_B2,1.24,0.0058512875570525
direct_000225,Cs2RbGaBr6,chi_B2,1.81,0.0256535347269196
direct_000226,Cs2RbGaCl6,chi_B2,1.81,0.024718337515977
direct_000227,Cs2RbGaI6,chi_B2,1.81,0.0306848174879189
direct_000228,Cs2RbGdCl6,chi_B2,1.2,0.0064454098796987
direct_000229,Cs2RbInBr6,chi_B2,1.78,0.0241526531035976
direct_000230,Cs2RbInCl6,chi_B2,1.78,0.0208900591068317
direct_000231,Cs2RbInI6,chi_B2,1.78,0.028082815426075
direct_000232,Cs2RbLaCl6,chi_B2,1.1,0.0158885198202243
direct_000233,Cs2RbLuCl6,chi_B2,1.27,-0.0082267478672042
direct_000234,Cs2RbNdCl6,chi_B2,1.14,0.0078374619119839
direct_000235,Cs2RbPrCl6,chi_B2,1.13,0.0078400451155446
direct_000236,Cs2RbSbBr6,chi_B2,2.05,0.0217403417582228
direct_000237,Cs2RbSbCl6,chi_B2,2.05,0.0138689312286108
direct_000238,Cs2RbSbI6,chi_B2,2.05,0.0135712868816946
direct_000239,Cs2RbScBr6,chi_B2,1.36,-0.065978218000745
direct_000240,Cs2RbScCl6,chi_B2,1.36,-0.0644377419083984
direct_000241,Cs2RbScI6,chi_B2,1.36,-0.0618015362177498
direct_000242,Cs2RbSmCl6,chi_B2,1.17,0.0059075655407217
direct_000243,Cs2RbTbCl6,chi_B2,1.1,0.0024427797839273
direct_000244,Cs2RbTlBr6,chi_B2,1.62,0.022378369851351
direct_000245,Cs2RbTlCl6,chi_B2,1.62,0.0206233032448846
direct_000246,Cs2RbTlI6,chi_B2,1.62,0.0223081696615687
direct_000247,Cs2RbTmCl6,chi_B2,1.25,0.005187541921779
direct_000248,Cs2RbYBr6,chi_B2,1.22,0.0048518935524807
direct_000249,Cs2RbYCl6,chi_B2,1.22,0.0042921491733973
direct_000250,Cs2RbYI6,chi_B2,1.22,-0.0124058060369217
direct_000251,Cs2AuSbBr6,chi_B2,2.05,0.0034479450920131
direct_000252,Cs2AuSbCl6,chi_B2,2.05,0.0040391283322454
direct_000253,Cs2AgScBr6,chi_B2,1.36,-0.0490541041906403
direct_000254,Cs2AgScCl6,chi_B2,1.36,-0.0307532034061509
direct_000255,Cs2AgScI6,chi_B2,1.36,-0.0474700714850024
direct_000256,Cs2AuScBr6,chi_B2,1.36,-0.0577372100608058
direct_000257,Cs2AuScCl6,chi_B2,1.36,-0.0542967339905463
direct_000258,Cs2AuScI6,chi_B2,1.36,-0.0488374763018771
direct_000259,Cs2CuScCl6,chi_B2,1.36,-0.0249914972861589
direct_000260,Cs2InScBr6,chi_B2,1.36,9.825742525281028e-05
direct_000261,Cs2InScCl6,chi_B2,1.36,0.0046130623836897
direct_000262,Cs2InScI6,chi_B2,1.36,0.0025973749985259
direct_000263,Cs2TlScBr6,chi_B2,1.36,-0.0027617537959945
direct_000264,Cs2TlScCl6,chi_B2,1.36,-0.0002987582269624
direct_000265,Cs2TlScI6,chi_B2,1.36,-0.0257171154891535
direct_000266,Cs2AuSmCl6,chi_B2,1.17,-0.0392553207491542
direct_000267,Cs2CuSmCl6,chi_B2,1.17,-0.0319917496586485
direct_000268,Cs2AuTbCl6,chi_B2,1.1,-0.0412673896335487
direct_000269,Cs2CuTbCl6,chi_B2,1.1,-0.0366174405981046
direct_000270,Cs2TlAsBr6,chi_B2,2.18,0.0827439008473872
direct_000271,Cs2TlAsCl6,chi_B2,2.18,0.0733200070198135
direct_000272,Cs2TlAsI6,chi_B2,2.18,0.0801275504703845
direct_000273,Cs2TlBiBr6,chi_B2,2.02,0.0418946155422089
direct_000274,Cs2TlBiCl6,chi_B2,2.02,0.0394712918078413
direct_000275,Cs2TlBiI6,chi_B2,2.02,0.038187572328758
direct_000276,Cs2TlGaBr6,chi_B2,1.81,-0.0410114697651383
direct_000277,Cs2TlGaCl6,chi_B2,1.81,-0.0394890533726338
direct_000278,Cs2TlGaI6,chi_B2,1.81,-0.0342747747919964
direct_000279,Cs2TlInBr6,chi_B2,1.78,-0.0375032841450902
direct_000280,Cs2TlInCl6,chi_B2,1.78,-0.0357109650251551
direct_000281,Cs2TlInI6,chi_B2,1.78,-0.0327451009976273
direct_000282,Cs2TlSbBr6,chi_B2,2.05,0.0442189501709005
direct_000283,Cs2TlSbCl6,chi_B2,2.05,0.0433161594709894
direct_000284,Cs2TlSbI6,chi_B2,2.05,0.0404239312816832
direct_000285,Cs2CuTmCl6,chi_B2,1.25,-0.0286187903821816
direct_000286,Cs2AgYBr6,chi_B2,1.22,-0.0730495929779501
direct_000287,Cs2AgYCl6,chi_B2,1.22,-0.0712935468451621
direct_000288,Cs2AgYI6,chi_B2,1.22,-0.0651057691890751
direct_000289,Cs2AuYBr6,chi_B2,1.22,-0.0723311610926176
direct_000290,Cs2AuYCl6,chi_B2,1.22,-0.0721466463879069
direct_000291,Cs2AuYI6,chi_B2,1.22,-0.0665763985385382
direct_000292,Cs2CuYBr6,chi_B2,1.22,-0.0665386762547512
direct_000293,Cs2CuYCl6,chi_B2,1.22,-0.0615548610726556
direct_000294,Cs2CuYI6,chi_B2,1.22,-0.0614235650101987
direct_000295,Cs2InYBr6,chi_B2,1.22,-0.0322410966971588
direct_000296,Cs2InYCl6,chi_B2,1.22,-0.0370968123488189
direct_000297,Cs2InYI6,chi_B2,1.22,-0.0306456246132286
direct_000298,Cs2TlYBr6,chi_B2,1.22,-0.012811085514989
direct_000299,Cs2TlYCl6,chi_B2,1.22,-0.0043134843656432
direct_000300,Cs2TlYI6,chi_B2,1.22,-0.0100579726219
direct_000301,K2CsAlBr6,chi_B2,1.61,0.0368322021079229
direct_000302,K2CsAlCl6,chi_B2,1.61,0.036457658680368
direct_000303,K2CsAlI6,chi_B2,1.61,0.0397866777571115
direct_000304,K2CsAsBr6,chi_B2,2.18,0.0452552716540625
direct_000305,K2CsAsCl6,chi_B2,2.18,0.0448206807634099
direct_000306,K2CsBiCl6,chi_B2,2.02,-0.003536476303505
direct_000307,K2CsGaCl6,chi_B2,1.81,0.0232863169771442
direct_000308,K2CsInCl6,chi_B2,1.78,0.0177244041191759
direct_000309,K2CsSbCl6,chi_B2,2.05,-0.017862565374937
direct_000310,K2CsScCl6,chi_B2,1.36,-0.0603120793102715
direct_000311,Mn2CsRbCl6,chi_B2,0.82,0.0445692250982231
direct_000312,Rb2CsAlBr6,chi_B2,1.61,0.0368593867397336
direct_000313,Rb2CsAlCl6,chi_B2,1.61,0.0364594378982367
direct_000314,Rb2CsAlI6,chi_B2,1.61,0.039297036895833
direct_000315,Rb2CsAsBr6,chi_B2,2.18,0.0450230814978579
direct_000316,Rb2CsAsCl6,chi_B2,2.18,0.0445651402455045
direct_000317,Rb2CsAsI6,chi_B2,2.18,0.0117982664556214
direct_000318,Rb2CsAuCl6,chi_B2,2.54,-0.0277019068048455
direct_000319,Rb2CsDyCl6,chi_B2,1.22,0.0080485324318364
direct_000320,Rb2CsErCl6,chi_B2,1.24,0.0077594067639834
direct_000321,Rb2CsGaBr6,chi_B2,1.81,0.0259106673997343
direct_000322,Rb2CsGaCl6,chi_B2,1.81,0.0232555755713709
direct_000323,Rb2CsGaI6,chi_B2,1.81,0.0283626773784368
direct_000324,Rb2CsGdCl6,chi_B2,1.2,0.008277253837056
direct_000325,Rb2CsInBr6,chi_B2,1.78,0.021610439038343
direct_000326,Rb2CsInCl6,chi_B2,1.78,0.0177157725485202
direct_000327,Rb2CsLuCl6,chi_B2,1.27,0.0007271299265089
direct_000328,Rb2CsSbCl6,chi_B2,2.05,-0.018159134709343
direct_000329,Rb2CsScBr6,chi_B2,1.36,-0.0632054666327599
direct_000330,Rb2CsScCl6,chi_B2,1.36,-0.0609420191985608
direct_000331,Rb2CsTbCl6,chi_B2,1.1,0.0016909009239898
direct_000332,Rb2CsTlBr6,chi_B2,1.62,0.0210016679368658
direct_000333,Rb2CsTmCl6,chi_B2,1.25,0.007718798406714
direct_000334,Rb2CsYBr6,chi_B2,1.22,0.0026882510239251
direct_000335,Rb2CsYCl6,chi_B2,1.22,0.0047886938209498
direct_000336,O2GaReCl6,chi_B2,1.9,0.0064668866534974
direct_000337,Se2NGaCl6,chi_B2,1.81,0.0414215604288422
direct_000338,K2AgAsBr6,chi_B2,2.18,-0.050888008981278
direct_000339,K2AgAsCl6,chi_B2,2.18,-0.0643534987299607
direct_000340,K2AgBiBr6,chi_B2,2.02,-0.0013837107694677
direct_000341,K2AgBiCl6,chi_B2,2.02,-0.001810677033718
direct_000342,K2AgBiI6,chi_B2,2.02,-0.0032349413669029
direct_000343,K2AgMoBr6,chi_B2,2.16,0.1060128743865071
direct_000344,K2AgMoCl6,chi_B2,2.16,0.0901648181258128
direct_000345,K2AgMoI6,chi_B2,2.16,0.1023123611174845
direct_000346,K2AgSbBr6,chi_B2,2.05,-0.0147968432239347
direct_000347,K2AgSbCl6,chi_B2,2.05,-0.0181098537189956
direct_000348,K2AgSbI6,chi_B2,2.05,-0.0134508842624078
direct_000349,K2AgAlBr6,chi_B2,1.61,0.0647108484750264
direct_000350,K2AgAlCl6,chi_B2,1.61,0.0654860134537572
direct_000351,K2AlAuCl6,chi_B2,2.54,0.055115037401725
direct_000352,K2InAlBr6,chi_B2,1.61,-0.0335612744594654
direct_000353,K2InAlCl6,chi_B2,1.61,-0.0283147487207154
direct_000354,K2InAlI6,chi_B2,1.61,-0.0310137191627136
direct_000355,K2TlAlBr6,chi_B2,1.61,-0.0406677780683771
direct_000356,K2TlAlCl6,chi_B2,1.61,-0.0389794270258293
direct_000357,K2TlAlI6,chi_B2,1.61,-0.0387403765999086
direct_000358,K2AsAuBr6,chi_B2,2.54,0.0118645292735461
direct_000359,K2AsAuCl6,chi_B2,2.54,0.0128592509561607
direct_000360,K2BiAuBr6,chi_B2,2.54,-0.0167469358821552
direct_000361,K2BiAuCl6,chi_B2,2.54,-0.018274772237286
direct_000362,K2FBrCl6,chi_B2,2.96,0.0668299262947363
direct_000363,K2AgCeBr6,chi_B2,1.12,-0.0716505918777446
direct_000364,K2AgCeCl6,chi_B2,1.12,-0.0709616422997459
direct_000365,K2AgCeI6,chi_B2,1.12,-0.0592871472000249
direct_000366,K2AuCeCl6,chi_B2,1.12,-0.0670392123482662
direct_000367,K2CuCeBr6,chi_B2,1.12,-0.0644370249926005
direct_000368,K2CuCeCl6,chi_B2,1.12,-0.063806505697566
direct_000369,K2CuCeI6,chi_B2,1.12,-0.0585809272884373
direct_000370,K2CuBiBr6,chi_B2,2.02,-0.0020877794599999
direct_000371,K2CuBiCl6,chi_B2,2.02,-0.0023863296108215
direct_000372,K2CuBiI6,chi_B2,2.02,-0.002285109280219
direct_000373,K2CuMoBr6,chi_B2,2.16,0.107561240675948
direct_000374,K2CuMoCl6,chi_B2,2.16,0.0911096117359716
direct_000375,K2CuMoI6,chi_B2,2.16,0.0982861453521664
direct_000376,K2CuSbBr6,chi_B2,2.05,-0.0088089439029471
direct_000377,K2CuSbCl6,chi_B2,2.05,-0.0103222851296257
direct_000378,K2CuSbI6,chi_B2,2.05,-0.0088704841937768
direct_000379,K2AgDyCl6,chi_B2,1.22,-0.0374865875264788
direct_000380,K2AuDyCl6,chi_B2,1.22,-0.0390446974737931
direct_000381,K2CuDyCl6,chi_B2,1.22,-0.0308551051847575
direct_000382,K2AgErCl6,chi_B2,1.24,-0.0387211370244074
direct_000383,K2AuErCl6,chi_B2,1.24,-0.0411179151346184
direct_000384,K2CuErCl6,chi_B2,1.24,-0.0307939733713384
direct_000385,K2AgGaCl6,chi_B2,1.81,0.0650987427223469
direct_000386,K2AuGdCl6,chi_B2,1.2,-0.0395576906378831
direct_000387,K2CuGdCl6,chi_B2,1.2,-0.0328762356430591
direct_000388,K2AgInBr6,chi_B2,1.78,0.0673026403834421
direct_000389,K2AgInCl6,chi_B2,1.78,0.0656674586626323
direct_000390,K2InAsBr6,chi_B2,2.18,0.0691553336225392
direct_000391,K2InAsCl6,chi_B2,2.18,0.054551310760916
direct_000392,K2InGaBr6,chi_B2,1.81,-0.0373679403251659
direct_000393,K2InGaCl6,chi_B2,1.81,-0.0344688431717817
direct_000394,K2InGaI6,chi_B2,1.81,-0.0378137910323126
direct_000395,K2InSbBr6,chi_B2,2.05,0.0303285613094008
direct_000396,K2InSbCl6,chi_B2,2.05,0.0303661100366025
direct_000397,K2InSbI6,chi_B2,2.05,0.0131679491468866
direct_000398,K2AgLaCl6,chi_B2,1.1,-0.0419350689223667
direct_000399,K2AuLaCl6,chi_B2,1.1,-0.0387313518039235
direct_000400,K2CuLaCl6,chi_B2,1.1,-0.0351334955320293
direct_000401,K2LiBiBr6,chi_B2,2.02,-0.011524079358483
direct_000402,K2LiBiCl6,chi_B2,2.02,-0.0124750466952896
direct_000403,K2LiBiI6,chi_B2,2.02,-0.0099894436308768
direct_000404,K2LiCeBr6,chi_B2,1.12,-0.1292634281784038
direct_000405,K2LiCeCl6,chi_B2,1.12,-0.1269185805517348
direct_000406,K2LiCeI6,chi_B2,1.12,-0.1203573716914005
direct_000407,K2LiDyCl6,chi_B2,1.22,0.0091792833015042
direct_000408,K2LiErCl6,chi_B2,1.24,0.0091466555880123
direct_000409,K2LiGdCl6,chi_B2,1.2,0.0088548355983298
direct_000410,K2LiInCl6,chi_B2,1.78,0.0225746698799305
direct_000411,K2LiLaCl6,chi_B2,1.1,0.0287054795232177
direct_000412,K2LiLuCl6,chi_B2,1.27,0.0071612886035581
direct_000413,K2LiMoBr6,chi_B2,2.16,0.1033148980525169
direct_000414,K2LiMoCl6,chi_B2,2.16,0.0483638931665444
direct_000415,K2LiMoI6,chi_B2,2.16,0.1050624589237735
direct_000416,K2LiNdBr6,chi_B2,1.14,0.0125141510200713
direct_000417,K2LiNdCl6,chi_B2,1.14,0.0117158370873222
direct_000418,K2LiNdI6,chi_B2,1.14,0.0153463544405692
direct_000419,K2LiPrBr6,chi_B2,1.13,0.0126258352588595
direct_000420,K2LiPrCl6,chi_B2,1.13,0.0116329827493102
direct_000421,K2LiPrI6,chi_B2,1.13,0.0160536114914378
direct_000422,K2LiSbBr6,chi_B2,2.05,-0.0166092355552731
direct_000423,K2LiSbCl6,chi_B2,2.05,-0.0156312201521548
direct_000424,K2LiSbI6,chi_B2,2.05,-0.0172906221231862
direct_000425,K2LiScCl6,chi_B2,1.36,-0.004081299850899
direct_000426,K2LiSmCl6,chi_B2,1.17,0.0101986440094775
direct_000427,K2LiTbCl6,chi_B2,1.1,0.0045775213520838
direct_000428,K2LiTlBr6,chi_B2,1.62,0.0235667550589249
direct_000429,K2LiTlCl6,chi_B2,1.62,0.0196035405685029
direct_000430,K2LiTmCl6,chi_B2,1.25,0.0091270360396415
direct_000431,K2LiYBr6,chi_B2,1.22,0.0060891384545314
direct_000432,K2LiYCl6,chi_B2,1.22,0.007572977566666
direct_000433,K2LiYI6,chi_B2,1.22,0.0050869189390852
direct_000434,K2AgLuCl6,chi_B2,1.27,-0.037704348641384
direct_000435,K2AuLuCl6,chi_B2,1.27,-0.0404913946860931
direct_000436,K2CuLuCl6,chi_B2,1.27,-0.0304660142467795
direct_000437,K2NaAlCl6,chi_B2,1.61,0.033080295787754
direct_000438,K2NaAsBr6,chi_B2,2.18,-0.0230752888414841
direct_000439,K2NaAsCl6,chi_B2,2.18,-0.0144089934849123
direct_000440,K2NaBiBr6,chi_B2,2.02,-0.0107593551250088
direct_000441,K2NaBiCl6,chi_B2,2.02,-0.0134954840924249
direct_000442,K2NaBiI6,chi_B2,2.02,-0.0094679449972134
direct_000443,K2NaCeBr6,chi_B2,1.12,-0.1171120651542552
direct_000444,K2NaCeCl6,chi_B2,1.12,-0.1146020747995618
direct_000445,K2NaCrCl6,chi_B2,1.66,0.0217611410126627
direct_000446,K2NaDyCl6,chi_B2,1.22,0.0079971896594195
direct_000447,K2NaErCl6,chi_B2,1.24,0.0091297328720432
direct_000448,K2NaGaBr6,chi_B2,1.81,0.0352224495078079
direct_000449,K2NaGaCl6,chi_B2,1.81,0.0304672958985894
direct_000450,K2NaGdCl6,chi_B2,1.2,0.0070878660243018
direct_000451,K2NaInBr6,chi_B2,1.78,0.0262248790900551
direct_000452,K2NaInCl6,chi_B2,1.78,0.0239114403084773
direct_000453,K2NaInI6,chi_B2,1.78,0.0260567819972044
direct_000454,K2NaLaCl6,chi_B2,1.1,0.0285442166074482
direct_000455,K2NaLuCl6,chi_B2,1.27,0.0067932087520631
direct_000456,K2NaMoBr6,chi_B2,2.16,0.1085365226713549
direct_000457,K2NaMoCl6,chi_B2,2.16,0.0649991219574152
direct_000458,K2NaMoI6,chi_B2,2.16,0.1067727953630266
direct_000459,K2NaNdBr6,chi_B2,1.14,0.0123008180006032
direct_000460,K2NaNdCl6,chi_B2,1.14,0.0091232750550899
direct_000461,K2NaNdI6,chi_B2,1.14,0.0171684265909445
direct_000462,K2NaPrBr6,chi_B2,1.13,0.0122683586013911
direct_000463,K2NaPrCl6,chi_B2,1.13,0.0090684183763284
direct_000464,K2NaPrI6,chi_B2,1.13,0.0169687798458362
direct_000465,K2NaSbBr6,chi_B2,2.05,-0.019387295635506
direct_000466,K2NaSbCl6,chi_B2,2.05,-0.0211506151614351
direct_000467,K2NaSbI6,chi_B2,2.05,-0.0181412947895896
direct_000468,K2NaScBr6,chi_B2,1.36,-0.0552184040312237
direct_000469,K2NaScCl6,chi_B2,1.36,-0.0339991950200014
direct_000470,K2NaScI6,chi_B2,1.36,-0.0542327995196223
direct_000471,K2NaSmCl6,chi_B2,1.17,0.0070140665721637
direct_000472,K2NaTbCl6,chi_B2,1.1,0.0060803848352923
direct_000473,K2NaTlBr6,chi_B2,1.62,0.0197270471038296
direct_000474,K2NaTlCl6,chi_B2,1.62,0.0184393332989087
direct_000475,K2NaTlI6,chi_B2,1.62,0.007283710973142
direct_000476,K2NaTmCl6,chi_B2,1.25,0.0091766520106336
direct_000477,K2NaYBr6,chi_B2,1.22,0.0060811142544558
direct_000478,K2NaYCl6,chi_B2,1.22,0.0071677897611472
direct_000479,K2NaYI6,chi_B2,1.22,0.0069218987824814
direct_000480,K2AgNdBr6,chi_B2,1.14,-0.0391804443361296
direct_000481,K2AgNdCl6,chi_B2,1.14,-0.0395363093454125
direct_000482,K2AgNdI6,chi_B2,1.14,-0.0295288443674456
direct_000483,K2AuNdCl6,chi_B2,1.14,-0.0395986973959295
direct_000484,K2CuNdBr6,chi_B2,1.14,-0.0344737535640083
direct_000485,K2CuNdCl6,chi_B2,1.14,-0.0329372660247206
direct_000486,K2CuNdI6,chi_B2,1.14,-0.029547525000374
direct_000487,K2AgPrBr6,chi_B2,1.13,-0.0401154604602855
direct_000488,K2AgPrCl6,chi_B2,1.13,-0.0400590581099933
direct_000489,K2AgPrI6,chi_B2,1.13,-0.0296482998316316
direct_000490,K2AuPrCl6,chi_B2,1.13,-0.0393622018212614
direct_000491,K2CuPrBr6,chi_B2,1.13,-0.0344553850403495
direct_000492,K2CuPrCl6,chi_B2,1.13,-0.0329837188876035
direct_000493,K2CuPrI6,chi_B2,1.13,-0.0293376725077516
direct_000494,K2RbAlBr6,chi_B2,1.61,0.0346261971665895
direct_000495,K2RbAlCl6,chi_B2,1.61,0.032648209088658
direct_000496,K2RbAlI6,chi_B2,1.61,0.0371526608956877
direct_000497,K2RbAsBr6,chi_B2,2.18,0.0596334906345576
direct_000498,K2RbAsCl6,chi_B2,2.18,0.0576157934127218
direct_000499,K2RbAsI6,chi_B2,2.18,0.0093621833623485
direct_000500,K2RbAuCl6,chi_B2,2.54,-0.0335199323604534
direct_000501,K2RbBiBr6,chi_B2,2.02,0.0190767943660266
direct_000502,K2RbBiCl6,chi_B2,2.02,0.0038505699949952
direct_000503,K2RbBiI6,chi_B2,2.02,-0.0007402408880472
direct_000504,K2RbCeBr6,chi_B2,1.12,-0.1328905410056892
direct_000505,K2RbCeCl6,chi_B2,1.12,-0.1244492407613555
direct_000506,K2RbCeI6,chi_B2,1.12,-0.1193420287018803
direct_000507,K2RbDyCl6,chi_B2,1.22,0.0063063681675283
direct_000508,K2RbErCl6,chi_B2,1.24,0.0051943592749779
direct_000509,K2RbGaBr6,chi_B2,1.81,0.0262535648160784
direct_000510,K2RbGaCl6,chi_B2,1.81,0.0239538484740622
direct_000511,K2RbGaI6,chi_B2,1.81,0.0296813577720126
direct_000512,K2RbGdCl6,chi_B2,1.2,0.0059694557392984
direct_000513,K2RbInBr6,chi_B2,1.78,0.0249662610481439
direct_000514,K2RbInCl6,chi_B2,1.78,0.0206202452800574
direct_000515,K2RbLuCl6,chi_B2,1.27,-0.0048142772043408
direct_000516,K2RbMoBr6,chi_B2,2.16,0.0777770840133694
direct_000517,K2RbMoCl6,chi_B2,2.16,0.0681076091431517
direct_000518,K2RbMoI6,chi_B2,2.16,0.0761757511245941
direct_000519,K2RbNdBr6,chi_B2,1.14,0.0088120128341709
direct_000520,K2RbNdCl6,chi_B2,1.14,0.0073843053019689
direct_000521,K2RbNdI6,chi_B2,1.14,0.0082269936154669
direct_000522,K2RbPrBr6,chi_B2,1.13,0.0087217571644533
direct_000523,K2RbPrCl6,chi_B2,1.13,0.0073727903222286
direct_000524,K2RbPrI6,chi_B2,1.13,0.0082336322651652
direct_000525,K2RbSbBr6,chi_B2,2.05,0.0224940445257148
direct_000526,K2RbSbCl6,chi_B2,2.05,0.0143933634985766
direct_000527,K2RbSbI6,chi_B2,2.05,0.01432675156731
direct_000528,K2RbScBr6,chi_B2,1.36,-0.0657652347539412
direct_000529,K2RbScCl6,chi_B2,1.36,-0.0620942021686826
direct_000530,K2RbTbCl6,chi_B2,1.1,0.0030786403472752
direct_000531,K2RbTlBr6,chi_B2,1.62,0.0223767990483918
direct_000532,K2RbTmCl6,chi_B2,1.25,0.0046531424511605
direct_000533,K2RbYBr6,chi_B2,1.22,0.0050293231044638
direct_000534,K2RbYCl6,chi_B2,1.22,0.0033528997020138
direct_000535,K2RbYI6,chi_B2,1.22,-0.0074687438762824
direct_000536,K2AuSbBr6,chi_B2,2.05,0.0032645881914953
direct_000537,K2AuSbCl6,chi_B2,2.05,0.0038906320965847
direct_000538,K2AgScBr6,chi_B2,1.36,-0.0495599650094895
direct_000539,K2AgScCl6,chi_B2,1.36,-0.0236223768696436
direct_000540,K2AgScI6,chi_B2,1.36,-0.0484306216849679
direct_000541,K2AuScBr6,chi_B2,1.36,-0.0590416058472618
direct_000542,K2AuScCl6,chi_B2,1.36,-0.0553675845403236
direct_000543,K2AuScI6,chi_B2,1.36,-0.0480970963537558
direct_000544,K2CuScCl6,chi_B2,1.36,-0.0171515711804963
direct_000545,K2InScBr6,chi_B2,1.36,-0.0002777260743969
direct_000546,K2InScCl6,chi_B2,1.36,0.0027650151125724
direct_000547,K2InScI6,chi_B2,1.36,0.0023760015093219
direct_000548,K2TlScBr6,chi_B2,1.36,-0.0036814259392333
direct_000549,K2TlScCl6,chi_B2,1.36,-0.0018835715921783
direct_000550,K2AgSmCl6,chi_B2,1.17,-0.0394499098356892
direct_000551,K2AuSmCl6,chi_B2,1.17,-0.0402027086920587
direct_000552,K2CuSmCl6,chi_B2,1.17,-0.0323836067277916
direct_000553,K2AgTbCl6,chi_B2,1.1,-0.0428238359795752
direct_000554,K2AuTbCl6,chi_B2,1.1,-0.0408599981854702
direct_000555,K2CuTbCl6,chi_B2,1.1,-0.0366045848784018
direct_000556,K2TlAsBr6,chi_B2,2.18,0.0831649376457512
direct_000557,K2TlAsCl6,chi_B2,2.18,0.0778230779760334
direct_000558,K2TlAsI6,chi_B2,2.18,0.0784761348326193
direct_000559,K2TlGaBr6,chi_B2,1.81,-0.0409311224494972
direct_000560,K2TlGaCl6,chi_B2,1.81,-0.0398549692083415
direct_000561,K2TlGaI6,chi_B2,1.81,-0.0342241901194203
direct_000562,K2TlInBr6,chi_B2,1.78,-0.0377111141669237
direct_000563,K2TlInCl6,chi_B2,1.78,-0.0359344246353163
direct_000564,K2TlInI6,chi_B2,1.78,-0.0328110474127025
direct_000565,K2TlSbBr6,chi_B2,2.05,0.043560153668142
direct_000566,K2TlSbCl6,chi_B2,2.05,0.0431606647689527
direct_000567,K2AgTmCl6,chi_B2,1.25,-0.038239291633732
direct_000568,K2AuTmCl6,chi_B2,1.25,-0.0411351590249742
direct_000569,K2CuTmCl6,chi_B2,1.25,-0.0300247092109992
direct_000570,K2AgYBr6,chi_B2,1.22,-0.0743456307960155
direct_000571,K2AgYCl6,chi_B2,1.22,-0.0702332709387704
direct_000572,K2AgYI6,chi_B2,1.22,-0.0655943733316307
direct_000573,K2AuYBr6,chi_B2,1.22,-0.0738179204292721
direct_000574,K2AuYCl6,chi_B2,1.22,-0.0751439255176205
direct_000575,K2AuYI6,chi_B2,1.22,-0.0659785373768012
direct_000576,K2CuYBr6,chi_B2,1.22,-0.0665468061605397
direct_000577,K2CuYCl6,chi_B2,1.22,-0.0530298562397616
direct_000578,K2CuYI6,chi_B2,1.22,-0.063560557439861
direct_000579,K2InYCl6,chi_B2,1.22,-0.042256644295194
direct_000580,K2TlYBr6,chi_B2,1.22,-0.0132408041786058
direct_000581,Rb2KAlBr6,chi_B2,1.61,0.0362651578733083
direct_000582,Rb2KAlCl6,chi_B2,1.61,0.0340716720052781
direct_000583,Rb2KAlI6,chi_B2,1.61,0.0399655531416645
direct_000584,Rb2KAsBr6,chi_B2,2.18,0.0595660014738517
direct_000585,Rb2KAsCl6,chi_B2,2.18,0.0559722052630471
direct_000586,Rb2KAsI6,chi_B2,2.18,0.0041721582127627
direct_000587,Rb2KAuCl6,chi_B2,2.54,-0.0135039301448947
direct_000588,Rb2KDyCl6,chi_B2,1.22,0.002600870994229
direct_000589,Rb2KErCl6,chi_B2,1.24,0.0027453704553289
direct_000590,Rb2KGaBr6,chi_B2,1.81,0.028261934225813
direct_000591,Rb2KGaCl6,chi_B2,1.81,0.0262808364318679
direct_000592,Rb2KGaI6,chi_B2,1.81,0.030449574774511
direct_000593,Rb2KGdCl6,chi_B2,1.2,0.0031813397623579
direct_000594,Rb2KInBr6,chi_B2,1.78,0.0257037122784688
direct_000595,Rb2KInCl6,chi_B2,1.78,0.0228457625087982
direct_000596,Rb2KInI6,chi_B2,1.78,0.0288246023799703
direct_000597,Rb2KLaCl6,chi_B2,1.1,0.0202627904674802
direct_000598,Rb2KLuCl6,chi_B2,1.27,-0.0017086731254327
direct_000599,Rb2KScBr6,chi_B2,1.36,-0.0672908011861782
direct_000600,Rb2KScCl6,chi_B2,1.36,-0.0638939731082387
direct_000601,Rb2KScI6,chi_B2,1.36,-0.0625372490339026
direct_000602,Rb2KSmCl6,chi_B2,1.17,0.0024051659376283
direct_000603,Rb2KTbCl6,chi_B2,1.1,0.0005992447903151
direct_000604,Rb2KTlBr6,chi_B2,1.62,0.0214926556374733
direct_000605,Rb2KTlCl6,chi_B2,1.62,0.0194020798462062
direct_000606,Rb2KTlI6,chi_B2,1.62,0.0215100740385781
direct_000607,Rb2KTmCl6,chi_B2,1.25,0.0030082908056409
direct_000608,Li2CuSbCl6,chi_B2,2.05,-0.0103487610706865
direct_000609,Li2CuInCl6,chi_B2,1.78,0.0239122726567727
direct_000610,Li2CuScCl6,chi_B2,1.36,-0.0142838376269795
direct_000611,Tl2LiScCl6,chi_B2,1.36,-0.0049060890222333
direct_000612,Tl2LiInCl6,chi_B2,1.78,0.0121713849436877
direct_000613,Tl2LiYCl6,chi_B2,1.22,-0.0053901318242057
direct_000614,O2MoPCl6,chi_B2,2.19,-0.0194863528480129
direct_000615,Na2AgAsBr6,chi_B2,2.18,-0.0503959186941096
direct_000616,Na2AgAsCl6,chi_B2,2.18,-0.0640339093050639
direct_000617,Na2AgSbCl6,chi_B2,2.05,-0.0179625678807392
direct_000618,Na2AgAlBr6,chi_B2,1.61,0.0645826625764857
direct_000619,Na2AgAlCl6,chi_B2,1.61,0.0643123449678752
direct_000620,Na2CuBiBr6,chi_B2,2.02,-0.002104144905547
direct_000621,Na2CuBiCl6,chi_B2,2.02,-0.0025231388883849
direct_000622,Na2CuSbCl6,chi_B2,2.05,-0.0103911367665322
direct_000623,Na2CuDyCl6,chi_B2,1.22,-0.0310489129973449
direct_000624,Na2CuErCl6,chi_B2,1.24,-0.0309877811839259
direct_000625,Na2CuEuCl6,chi_B2,1.2,-0.0331213787611887
direct_000626,Na2AgGaCl6,chi_B2,1.81,0.064926989089854
direct_000627,Na2AgInBr6,chi_B2,1.78,0.0670238961299745
direct_000628,Na2AgInCl6,chi_B2,1.78,0.0645322637925983
direct_000629,Na2CuLaCl6,chi_B2,1.1,-0.0354463777605084
direct_000630,Na2LiBiBr6,chi_B2,2.02,-0.0115322601825787
direct_000631,Na2LiBiCl6,chi_B2,2.02,-0.0129007425132603
direct_000632,Na2LiBiI6,chi_B2,2.02,-0.0098696797882911
direct_000633,Na2LiCeCl6,chi_B2,1.12,-0.127039040889939
direct_000634,Na2LiDyCl6,chi_B2,1.22,0.0090528503713015
direct_000635,Na2LiErCl6,chi_B2,1.24,0.0090440456413684
direct_000636,Na2LiGdCl6,chi_B2,1.2,0.0087539915024052
direct_000637,Na2LiInCl6,chi_B2,1.78,0.0224970616491249
direct_000638,Na2LiLaCl6,chi_B2,1.1,0.0285897643093798
direct_000639,Na2LiLuCl6,chi_B2,1.27,0.0070639707027363
direct_000640,Na2LiNdCl6,chi_B2,1.14,0.0116458673601395
direct_000641,Na2LiPrCl6,chi_B2,1.13,0.0115498614563336
direct_000642,Na2LiSbCl6,chi_B2,2.05,-0.0157928722932047
direct_000643,Na2LiScCl6,chi_B2,1.36,-0.0042341223570235
direct_000644,Na2LiSmCl6,chi_B2,1.17,0.0101109086824127
direct_000645,Na2LiTbCl6,chi_B2,1.1,0.0044652408267088
direct_000646,Na2LiTlBr6,chi_B2,1.62,0.0235642505404625
direct_000647,Na2LiTlCl6,chi_B2,1.62,0.0194123826700046
direct_000648,Na2LiTmCl6,chi_B2,1.25,0.0090294046696711
direct_000649,Na2LiYBr6,chi_B2,1.22,0.0063978176095733
direct_000650,Na2LiYCl6,chi_B2,1.22,0.0074492216023336
direct_000651,Na2AgLuCl6,chi_B2,1.27,-0.0377635002961736
direct_000652,Na2CuLuCl6,chi_B2,1.27,-0.0306727006960619
direct_000653,Na2CuNdCl6,chi_B2,1.14,-0.0331200758062886
direct_000654,Na2CuPrCl6,chi_B2,1.13,-0.0331745394403728
direct_000655,Na2AgScCl6,chi_B2,1.36,-0.0279468939743565
direct_000656,Na2CuScCl6,chi_B2,1.36,-0.0131734869836899
direct_000657,Na2CuSmCl6,chi_B2,1.17,-0.0325903902613914
direct_000658,Na2CuTbCl6,chi_B2,1.1,-0.0368423743921968
direct_000659,Na2AgTmCl6,chi_B2,1.25,-0.0383129444721096
direct_000660,Na2CuTmCl6,chi_B2,1.25,-0.030231431125816
direct_000661,Na2CuYBr6,chi_B2,1.22,-0.0665613600422166
direct_000662,Na2CuYCl6,chi_B2,1.22,-0.0535428217110512
direct_000663,O2NbPCl6,chi_B2,2.19,0.0218770479797947
direct_000664,Rb2AgAsBr6,chi_B2,2.18,-0.0509822367449855
direct_000665,Rb2AgAsCl6,chi_B2,2.18,-0.0647898801385402
direct_000666,Rb2AgBiBr6,chi_B2,2.02,-0.001387725663189
direct_000667,Rb2AgBiCl6,chi_B2,2.02,-0.0022167243163367
direct_000668,Rb2AgBiI6,chi_B2,2.02,-0.0032628312696367
direct_000669,Rb2AgMoBr6,chi_B2,2.16,0.1053377178196218
direct_000670,Rb2AgMoCl6,chi_B2,2.16,0.0943328185887761
direct_000671,Rb2AgMoI6,chi_B2,2.16,0.1021776373963763
direct_000672,Rb2AgSbBr6,chi_B2,2.05,-0.0150813021949717
direct_000673,Rb2AgSbCl6,chi_B2,2.05,-0.0176572476560768
direct_000674,Rb2AgSbI6,chi_B2,2.05,-0.0136978528136291
direct_000675,Rb2AgAlBr6,chi_B2,1.61,0.064666825804088
direct_000676,Rb2AgAlCl6,chi_B2,1.61,0.0643630569078705
direct_000677,Rb2AlAuCl6,chi_B2,2.54,0.049095434490914
direct_000678,Rb2InAlBr6,chi_B2,1.61,-0.0335389811664238
direct_000679,Rb2InAlCl6,chi_B2,1.61,-0.0300214551139442
direct_000680,Rb2InAlI6,chi_B2,1.61,-0.0309766948890025
direct_000681,Rb2TlAlBr6,chi_B2,1.61,-0.0405501265549756
direct_000682,Rb2TlAlCl6,chi_B2,1.61,-0.0392154373743939
direct_000683,Rb2TlAlI6,chi_B2,1.61,-0.0387378030912076
direct_000684,Rb2AsAuCl6,chi_B2,2.54,0.0084398854071727
direct_000685,Rb2BiAuBr6,chi_B2,2.54,-0.0167755262475286
direct_000686,Rb2BiAuCl6,chi_B2,2.54,-0.0182420261582558
direct_000687,Rb2FBrCl6,chi_B2,2.96,0.0631544152987794
direct_000688,Rb2AgCeBr6,chi_B2,1.12,-0.0716405721016985
direct_000689,Rb2AgCeCl6,chi_B2,1.12,-0.0708696849566633
direct_000690,Rb2AgCeI6,chi_B2,1.12,-0.0592247201619086
direct_000691,Rb2CuCeBr6,chi_B2,1.12,-0.0644674364852968
direct_000692,Rb2CuCeCl6,chi_B2,1.12,-0.0637674678838203
direct_000693,Rb2CuBiBr6,chi_B2,2.02,-0.0021890762759774
direct_000694,Rb2CuBiCl6,chi_B2,2.02,-0.0023841802644221
direct_000695,Rb2CuBiI6,chi_B2,2.02,-0.0023031931831314
direct_000696,Rb2CuMoBr6,chi_B2,2.16,0.107874956073495
direct_000697,Rb2CuMoCl6,chi_B2,2.16,0.0993420086236448
direct_000698,Rb2CuMoI6,chi_B2,2.16,0.093909714024414
direct_000699,Rb2CuSbBr6,chi_B2,2.05,-0.0087657410908909
direct_000700,Rb2CuSbCl6,chi_B2,2.05,-0.0103247612794835
direct_000701,Rb2CuSbI6,chi_B2,2.05,-0.0090340834288682
direct_000702,Rb2AgDyCl6,chi_B2,1.22,-0.0373987716723417
direct_000703,Rb2AuDyCl6,chi_B2,1.22,-0.0389209364090561
direct_000704,Rb2CuDyCl6,chi_B2,1.22,-0.0308426713704442
direct_000705,Rb2AgErCl6,chi_B2,1.24,-0.0387182449763612
direct_000706,Rb2AuErCl6,chi_B2,1.24,-0.041148073315985
direct_000707,Rb2CuErCl6,chi_B2,1.24,-0.0307274147605364
direct_000708,Rb2AgGaBr6,chi_B2,1.81,0.0451061542963305
direct_000709,Rb2AgGaCl6,chi_B2,1.81,0.0638977627325399
direct_000710,Rb2AgGdCl6,chi_B2,1.2,-0.0384700917180537
direct_000711,Rb2AgInBr6,chi_B2,1.78,0.0673375655313107
direct_000712,Rb2AgInCl6,chi_B2,1.78,0.0665773396409016
direct_000713,Rb2InAsBr6,chi_B2,2.18,0.0691055686722607
direct_000714,Rb2InAsCl6,chi_B2,2.18,0.055955775695207
direct_000715,Rb2InBiCl6,chi_B2,2.02,0.0314521966320981
direct_000716,Rb2InGaBr6,chi_B2,1.81,-0.0373367000331556
direct_000717,Rb2InGaCl6,chi_B2,1.81,-0.0348479622238148
direct_000718,Rb2InGaI6,chi_B2,1.81,-0.0381390240546367
direct_000719,Rb2InSbBr6,chi_B2,2.05,0.0302485667028384
direct_000720,Rb2InSbCl6,chi_B2,2.05,0.0300869456630841
direct_000721,Rb2InSbI6,chi_B2,2.05,0.0133375141093461
direct_000722,Rb2AgLaCl6,chi_B2,1.1,-0.0418094590613134
direct_000723,Rb2AuLaCl6,chi_B2,1.1,-0.0383551355954102
direct_000724,Rb2CuLaCl6,chi_B2,1.1,-0.035118805829043
direct_000725,Rb2LiBiBr6,chi_B2,2.02,-0.0115359542484809
direct_000726,Rb2LiBiCl6,chi_B2,2.02,-0.0121556605901565
direct_000727,Rb2LiBiI6,chi_B2,2.02,-0.0100030246792996
direct_000728,Rb2LiCeBr6,chi_B2,1.12,-0.12926809188739
direct_000729,Rb2LiCeCl6,chi_B2,1.12,-0.1273750639154292
direct_000730,Rb2LiCeI6,chi_B2,1.12,-0.1206060660229242
direct_000731,Rb2LiDyBr6,chi_B2,1.22,0.0092084515882416
direct_000732,Rb2LiDyCl6,chi_B2,1.22,0.0091867889926842
direct_000733,Rb2LiErCl6,chi_B2,1.24,0.0091533459526351
direct_000734,Rb2LiGdCl6,chi_B2,1.2,0.0088803295396078
direct_000735,Rb2LiHoCl6,chi_B2,1.23,0.0093004261183419
direct_000736,Rb2LiInCl6,chi_B2,1.78,0.0223742823706561
direct_000737,Rb2LiLaCl6,chi_B2,1.1,0.0292204781005823
direct_000738,Rb2LiMoBr6,chi_B2,2.16,0.1035906764170599
direct_000739,Rb2LiMoCl6,chi_B2,2.16,0.0625073179636317
direct_000740,Rb2LiMoI6,chi_B2,2.16,0.1038787138290518
direct_000741,Rb2LiNdBr6,chi_B2,1.14,0.0125334043523065
direct_000742,Rb2LiNdCl6,chi_B2,1.14,0.0118430933457629
direct_000743,Rb2LiNdI6,chi_B2,1.14,0.0153101572423682
direct_000744,Rb2LiPrBr6,chi_B2,1.13,0.0126189597128305
direct_000745,Rb2LiPrCl6,chi_B2,1.13,0.012005235766353
direct_000746,Rb2LiPrI6,chi_B2,1.13,0.0160461761634193
direct_000747,Rb2LiRhCl6,chi_B2,2.28,-0.0044390480825781
direct_000748,Rb2LiSbBr6,chi_B2,2.05,-0.0166292235950748
direct_000749,Rb2LiSbCl6,chi_B2,2.05,-0.0169466474657158
direct_000750,Rb2LiSbI6,chi_B2,2.05,-0.0171462594352081
direct_000751,Rb2LiScCl6,chi_B2,1.36,-0.0064401978386819
direct_000752,Rb2LiSmCl6,chi_B2,1.17,0.0102065171062911
direct_000753,Rb2LiTbCl6,chi_B2,1.1,0.0046089022009025
direct_000754,Rb2LiTlBr6,chi_B2,1.62,0.0241330151570462
direct_000755,Rb2LiTlCl6,chi_B2,1.62,0.0201759346610774
direct_000756,Rb2LiTmCl6,chi_B2,1.25,0.0091312516430438
direct_000757,Rb2LiYBr6,chi_B2,1.22,0.0062736016939268
direct_000758,Rb2LiYCl6,chi_B2,1.22,0.007266857591091
direct_000759,Rb2LiYI6,chi_B2,1.22,0.0053197310568368
direct_000760,Rb2AgLuCl6,chi_B2,1.27,-0.037193298434114
direct_000761,Rb2AuLuCl6,chi_B2,1.27,-0.040588214323303
direct_000762,Rb2CuLuCl6,chi_B2,1.27,-0.0304501223260581
direct_000763,Rb2NaAlCl6,chi_B2,1.61,0.0369626132949648
direct_000764,Rb2NaAsBr6,chi_B2,2.18,-0.0232593116429348
direct_000765,Rb2NaAsCl6,chi_B2,2.18,-0.0198108484848287
direct_000766,Rb2NaBiBr6,chi_B2,2.02,-0.0106044760590269
direct_000767,Rb2NaBiCl6,chi_B2,2.02,-0.0131772633616139
direct_000768,Rb2NaBiI6,chi_B2,2.02,-0.0094902040087176
direct_000769,Rb2NaCeBr6,chi_B2,1.12,-0.1171185171506443
direct_000770,Rb2NaCeCl6,chi_B2,1.12,-0.1145724507890146
direct_000771,Rb2NaCeI6,chi_B2,1.12,-0.1027522312697823
direct_000772,Rb2NaCrCl6,chi_B2,1.66,0.0232115045115277
direct_000773,Rb2NaDyCl6,chi_B2,1.22,0.0080060237727167
direct_000774,Rb2NaErCl6,chi_B2,1.24,0.0091453513432518
direct_000775,Rb2NaGaBr6,chi_B2,1.81,0.0354063217538848
direct_000776,Rb2NaGaCl6,chi_B2,1.81,0.0316749581000084
direct_000777,Rb2NaGdCl6,chi_B2,1.2,0.0071424435871727
direct_000778,Rb2NaInBr6,chi_B2,1.78,0.0262259441762348
direct_000779,Rb2NaInCl6,chi_B2,1.78,0.0237387782119648
direct_000780,Rb2NaInI6,chi_B2,1.78,0.0262185836249615
direct_000781,Rb2NaLaCl6,chi_B2,1.1,0.0291027364920016
direct_000782,Rb2NaMoBr6,chi_B2,2.16,0.1087959630666855
direct_000783,Rb2NaMoCl6,chi_B2,2.16,0.0831417492253949
direct_000784,Rb2NaMoI6,chi_B2,2.16,0.1054540617745022
direct_000785,Rb2NaNdBr6,chi_B2,1.14,0.0123245096371207
direct_000786,Rb2NaNdCl6,chi_B2,1.14,0.0092555497312135
direct_000787,Rb2NaNdI6,chi_B2,1.14,0.0171143222433316
direct_000788,Rb2NaPrBr6,chi_B2,1.13,0.0122614830553621
direct_000789,Rb2NaPrCl6,chi_B2,1.13,0.0091772684800905
direct_000790,Rb2NaPrI6,chi_B2,1.13,0.0169330574987271
direct_000791,Rb2NaSbBr6,chi_B2,2.05,-0.019408395075666
direct_000792,Rb2NaSbCl6,chi_B2,2.05,-0.0220777907574246
direct_000793,Rb2NaSbI6,chi_B2,2.05,-0.0180805707972135
direct_000794,Rb2NaScBr6,chi_B2,1.36,-0.056187996617007
direct_000795,Rb2NaScCl6,chi_B2,1.36,-0.0476688705960012
direct_000796,Rb2NaScI6,chi_B2,1.36,-0.0542682252022083
direct_000797,Rb2NaSmCl6,chi_B2,1.17,0.0070256007670343
direct_000798,Rb2NaTbCl6,chi_B2,1.1,0.0061353737694098
direct_000799,Rb2NaTlBr6,chi_B2,1.62,0.0203155349615703
direct_000800,Rb2NaTlCl6,chi_B2,1.62,0.0190305816880334
direct_000801,Rb2NaTmCl6,chi_B2,1.25,0.0091884672985045
direct_000802,Rb2NaYBr6,chi_B2,1.22,0.0062902948005252
direct_000803,Rb2NaYCl6,chi_B2,1.22,0.0073404917421599
direct_000804,Rb2NaYI6,chi_B2,1.22,0.0071402509953243
direct_000805,Rb2AgNdBr6,chi_B2,1.14,-0.0391775522880833
direct_000806,Rb2AgNdCl6,chi_B2,1.14,-0.0394006407255862
direct_000807,Rb2AgNdI6,chi_B2,1.14,-0.0296938440565354
direct_000808,Rb2AuNdCl6,chi_B2,1.14,-0.0394423047937638
direct_000809,Rb2CuNdBr6,chi_B2,1.14,-0.0344325982105111
direct_000810,Rb2CuNdCl6,chi_B2,1.14,-0.0329251641660154
direct_000811,Rb2CuNdI6,chi_B2,1.14,-0.0295341090266707
direct_000812,Rb2AgPrBr6,chi_B2,1.13,-0.040108517758337
direct_000813,Rb2AgPrCl6,chi_B2,1.13,-0.0399242363423095
direct_000814,Rb2AgPrI6,chi_B2,1.13,-0.0298241621064449
direct_000815,Rb2AuPrCl6,chi_B2,1.13,-0.0392554560475897
direct_000816,Rb2CuPrBr6,chi_B2,1.13,-0.0344142296868523
direct_000817,Rb2CuPrCl6,chi_B2,1.13,-0.032888703618994
direct_000818,Rb2CuPrI6,chi_B2,1.13,-0.0293245397221554
direct_000819,Rb2AuSbCl6,chi_B2,2.05,0.0038454524595652
direct_000820,Rb2AgScBr6,chi_B2,1.36,-0.0490738936603999
direct_000821,Rb2AgScCl6,chi_B2,1.36,-0.0260006824292178
direct_000822,Rb2AgScI6,chi_B2,1.36,-0.0477427827727909
direct_000823,Rb2AuScBr6,chi_B2,1.36,-0.0585906358418363
direct_000824,Rb2AuScCl6,chi_B2,1.36,-0.0564331034708285
direct_000825,Rb2AuScI6,chi_B2,1.36,-0.0482335093909789
direct_000826,Rb2CuScCl6,chi_B2,1.36,-0.0196459557161701
direct_000827,Rb2InScBr6,chi_B2,1.36,8.307121553050846e-05
direct_000828,Rb2InScCl6,chi_B2,1.36,0.0022983565240194
direct_000829,Rb2InScI6,chi_B2,1.36,0.0027485105789985
direct_000830,Rb2TlScBr6,chi_B2,1.36,-0.0037619802135476
direct_000831,Rb2TlScCl6,chi_B2,1.36,-0.0021353917118216
direct_000832,Rb2TlScI6,chi_B2,1.36,-0.0256284037714458
direct_000833,Rb2AgSmCl6,chi_B2,1.17,-0.039476550578469
direct_000834,Rb2AuSmCl6,chi_B2,1.17,-0.0391563589587624
direct_000835,Rb2CuSmCl6,chi_B2,1.17,-0.0323003926017705
direct_000836,Rb2AgTbCl6,chi_B2,1.1,-0.0427833352562728
direct_000837,Rb2AuTbCl6,chi_B2,1.1,-0.0408083853635934
direct_000838,Rb2CuTbCl6,chi_B2,1.1,-0.036539722483371
direct_000839,Rb2TlAsBr6,chi_B2,2.18,0.0830258338928437
direct_000840,Rb2TlAsCl6,chi_B2,2.18,0.078913618607896
direct_000841,Rb2TlAsI6,chi_B2,2.18,0.0786523647216368
direct_000842,Rb2TlBiBr6,chi_B2,2.02,0.0419843377680006
direct_000843,Rb2TlGaBr6,chi_B2,1.81,-0.0408138443255008
direct_000844,Rb2TlGaCl6,chi_B2,1.81,-0.0404739717011624
direct_000845,Rb2TlGaI6,chi_B2,1.81,-0.0342066207599268
direct_000846,Rb2TlInBr6,chi_B2,1.78,-0.0378220832165
direct_000847,Rb2TlInCl6,chi_B2,1.78,-0.0359775573560872
direct_000848,Rb2TlInI6,chi_B2,1.78,-0.0328205196038765
direct_000849,Rb2TlSbBr6,chi_B2,2.05,0.0433417571370257
direct_000850,Rb2TlSbCl6,chi_B2,2.05,0.0431865928180693
direct_000851,Rb2TlSbI6,chi_B2,2.05,0.0397619586395588
direct_000852,Rb2AgTmCl6,chi_B2,1.25,-0.0381522781295642
direct_000853,Rb2AuTmCl6,chi_B2,1.25,-0.04112954993374
direct_000854,Rb2CuTmCl6,chi_B2,1.25,-0.0299548328784833
direct_000855,Rb2AgYBr6,chi_B2,1.22,-0.0741401485786525
direct_000856,Rb2AgYCl6,chi_B2,1.22,-0.0724579787675991
direct_000857,Rb2AgYI6,chi_B2,1.22,-0.0642348996599624
direct_000858,Rb2AuYBr6,chi_B2,1.22,-0.0730179694856711
direct_000859,Rb2AuYCl6,chi_B2,1.22,-0.0746192713895682
direct_000860,Rb2AuYI6,chi_B2,1.22,-0.0661479526718752
direct_000861,Rb2CuYBr6,chi_B2,1.22,-0.066622239717302
direct_000862,Rb2CuYCl6,chi_B2,1.22,-0.0575606420249088
direct_000863,Rb2CuYI6,chi_B2,1.22,-0.0622703043911871
direct_000864,Rb2InYBr6,chi_B2,1.22,-0.0338689813253609
direct_000865,Rb2InYCl6,chi_B2,1.22,-0.0424728292415021
direct_000866,Rb2InYI6,chi_B2,1.22,-0.0250440521634106
direct_000867,Rb2TlYBr6,chi_B2,1.22,-0.0118714364582105
direct_000868,Rb2TlYCl6,chi_B2,1.22,-0.0052848617015653
direct_000869,Rb2TlYI6,chi_B2,1.22,-0.0100199591873777
direct_000870,O2PSbCl6,chi_B2,2.05,-0.003838298904799
direct_000871,S2NSbCl6,chi_B2,2.05,0.0291493993560704
direct_000872,Cs2GeSnCl6,chi_B2,1.96,0.0648911513406329
direct_000873,Cs2GeSnBr6,chi_B2,1.96,0.0694216677698656
direct_000874,Rb2GeSnCl6,chi_B2,1.96,0.0648409280274505
direct_000875,Rb2GeSnBr6,chi_B2,1.96,0.0688663440547528
direct_000876,K2GeSnBr6,chi_B2,1.96,0.0687703489085893
direct_000877,K2GeSnI6,chi_B2,1.96,0.06979308043061
direct_000878,Na2GeSnCl6,chi_B2,1.96,0.0640299389272282
direct_000879,K2GeSnCl6,chi_B2,1.96,0.0640099726419163
direct_000880,Li2GeSnCl6,chi_B2,1.96,0.0641314902200303
direct_000881,Li2GeSnBr6,chi_B2,1.96,0.0686752165364833
direct_000882,Li2GeSnI6,chi_B2,1.96,0.070102697067433
direct_000883,Rb2GeSnI6,chi_B2,1.96,0.069585458455854
direct_000884,Cs2GeSnI6,chi_B2,1.96,0.069818695354011
direct_000001,Al2OSnCl6,r_B2,1.45,0.0016832242689662
direct_000002,S2NAlCl6,r_B2,0.675,0.0294077992950144
direct_000003,Cs2AgAsBr6,r_B2,0.72,0.0057827306621018
direct_000004,Cs2AgAsCl6,r_B2,0.72,0.0046549948426706
direct_000005,Cs2AgAuCl6,r_B2,0.99,-0.0137210606225273
direct_000006,Cs2AgBiBr6,r_B2,1.17,-0.0567628282867909
direct_000007,Cs2AgBiCl6,r_B2,1.17,-0.0558246761013118
direct_000008,Cs2AgBiI6,r_B2,1.17,-0.0513214302157038
direct_000009,Cs2AgMoBr6,r_B2,0.83,0.0996705709896864
direct_000010,Cs2AgMoCl6,r_B2,0.83,0.0999405391754261
direct_000011,Cs2AgSbBr6,r_B2,0.9,-0.0302839154906507
direct_000012,Cs2AgSbCl6,r_B2,0.9,-0.0290024882342039
direct_000013,Cs2AgSbI6,r_B2,0.9,-0.0300257329997185
direct_000014,Cs2AgAlBr6,r_B2,0.675,0.0831847067814611
direct_000015,Cs2AgAlCl6,r_B2,0.675,0.0814778320928133
direct_000016,Cs2AlAuCl6,r_B2,0.99,-0.0031722655809676
direct_000017,Cs2CuAlCl6,r_B2,0.675,0.1003356074451521
direct_000018,Cs2InAlBr6,r_B2,0.675,0.006136561209219
direct_000019,Cs2InAlCl6,r_B2,0.675,0.0056566642390713
direct_000020,Cs2InAlI6,r_B2,0.675,0.0088155441240712
direct_000021,Cs2TlAlBr6,r_B2,0.675,0.012009394966363
direct_000022,Cs2TlAlCl6,r_B2,0.675,0.0107524735709805
direct_000023,Cs2TlAlI6,r_B2,0.675,0.0114042988690456
direct_000024,Cs2AsAuCl6,r_B2,0.99,-0.0172835595011522
direct_000025,Cs2BrAsCl6,r_B2,0.6,0.0483839747683016
direct_000026,Cs2BiAuBr6,r_B2,0.99,-0.021355692880748
direct_000027,Cs2BiAuCl6,r_B2,0.99,-0.0210394195473648
direct_000028,Cs2FBrCl6,r_B2,0.45,0.0654315971066938
direct_000029,Cs2CaSnCl6,r_B2,1.45,0.0120542966557662
direct_000030,Cs2AgCeBr6,r_B2,1.15,-0.1018195071459041
direct_000031,Cs2AgCeCl6,r_B2,1.15,-0.1024468979976805
direct_000032,Cs2AgCeI6,r_B2,1.15,-0.0939544076729814
direct_000033,Cs2CuCeCl6,r_B2,1.15,-0.1030651392111629
direct_000034,Cs2CuCeI6,r_B2,1.15,-0.0946791771115998
direct_000035,Cs2CuAsCl6,r_B2,0.72,0.0452633173002748
direct_000036,Cs2CuBiBr6,r_B2,1.17,-0.0562464662113538
direct_000037,Cs2CuBiCl6,r_B2,1.17,-0.0586523831214638
direct_000038,Cs2CuBiI6,r_B2,1.17,-0.0509123040982203
direct_000039,Cs2CuMoBr6,r_B2,0.83,0.1208359685585891
direct_000040,Cs2CuMoCl6,r_B2,0.83,0.115249026793515
direct_000041,Cs2CuMoI6,r_B2,0.83,0.1000232998261901
direct_000042,Cs2CuSbBr6,r_B2,0.9,-0.0282163331997001
direct_000043,Cs2CuSbCl6,r_B2,0.9,-0.0287729625690308
direct_000044,Cs2CuSbI6,r_B2,0.9,-0.0280995856063132
direct_000045,Cs2AuDyCl6,r_B2,1.052,-0.0215954751695094
direct_000046,Cs2CuDyCl6,r_B2,1.052,-0.0206513346792745
direct_000047,Cs2AuErCl6,r_B2,1.03,-0.020995614460796
direct_000048,Cs2CuErCl6,r_B2,1.03,-0.0202653507193817
direct_000049,Cs2AgGaBr6,r_B2,0.76,0.0465730004092996
direct_000050,Cs2AgGaCl6,r_B2,0.76,0.058888376993038
direct_000051,Cs2AuGdCl6,r_B2,1.075,-0.0212345085464131
direct_000052,Cs2HgPdCl6,r_B2,1.0,-0.0163684460439104
direct_000053,Cs2IBrCl6,r_B2,0.45,0.0586740313983744
direct_000054,Cs2FICl6,r_B2,1.09,-0.0032959846348524
direct_000055,Cs2AgInBr6,r_B2,0.94,0.032032653827293
direct_000056,Cs2AgInCl6,r_B2,0.94,0.0304974688671146
direct_000057,Cs2InAsBr6,r_B2,0.72,0.0309983578689351
direct_000058,Cs2InAsCl6,r_B2,0.72,0.0241152257383873
direct_000059,Cs2InAsI6,r_B2,0.72,0.0394119092790018
direct_000060,Cs2InBiBr6,r_B2,1.17,-0.0357683002857416
direct_000061,Cs2InBiCl6,r_B2,1.17,-0.0343654842785705
direct_000062,Cs2InBiI6,r_B2,1.17,-0.0313391279545157
direct_000063,Cs2InGaBr6,r_B2,0.76,0.0003475713660288
direct_000064,Cs2InGaCl6,r_B2,0.76,0.000186776202283
direct_000065,Cs2InGaI6,r_B2,0.76,0.0032923738817728
direct_000066,Cs2InSbBr6,r_B2,0.9,-0.004645208928501
direct_000067,Cs2InSbCl6,r_B2,0.9,-0.0042727178748258
direct_000068,Cs2InSbI6,r_B2,0.9,-0.0161734836779675
direct_000069,Cs2KAlBr6,r_B2,0.675,0.0502049359237862
direct_000070,Cs2KAlCl6,r_B2,0.675,0.0495233204774493
direct_000071,Cs2KAlI6,r_B2,0.675,0.0518760375557292
direct_000072,Cs2KAsBr6,r_B2,0.72,0.0479250557278755
direct_000073,Cs2KAsCl6,r_B2,0.72,0.0463950864707155
direct_000074,Cs2KAsI6,r_B2,0.72,0.0193306885473396
direct_000075,Cs2KAuCl6,r_B2,0.99,-0.0213600982444522
direct_000076,Cs2KBiBr6,r_B2,1.17,-0.085567611960471
direct_000077,Cs2KBiCl6,r_B2,1.17,-0.0884166794527566
direct_000078,Cs2KBiI6,r_B2,1.17,-0.0986127810438707
direct_000079,Cs2KCeBr6,r_B2,1.15,-0.2805280022245026
direct_000080,Cs2KCeCl6,r_B2,1.15,-0.2699100850865403
direct_000081,Cs2KCeI6,r_B2,1.15,-0.2585943969892984
direct_000082,Cs2KCrCl6,r_B2,1.4,0.0009886571281662
direct_000083,Cs2KDyCl6,r_B2,1.052,0.0487534585620952
direct_000084,Cs2KGaBr6,r_B2,0.76,0.0439047135239485
direct_000085,Cs2KGaCl6,r_B2,0.76,0.042736838609149
direct_000086,Cs2KGaI6,r_B2,0.76,0.0477842308077252
direct_000087,Cs2KHoCl6,r_B2,1.041,0.0489361952901895
direct_000088,Cs2KInBr6,r_B2,0.94,0.0225711016355575
direct_000089,Cs2KInCl6,r_B2,0.94,0.0225058920393279
direct_000090,Cs2KInI6,r_B2,0.94,0.0213637444762781
direct_000091,Cs2KLaCl6,r_B2,1.172,-0.0068616610305191
direct_000092,Cs2KLuCl6,r_B2,1.001,0.0434319930398105
direct_000093,Cs2KMoBr6,r_B2,0.83,0.0623599946066202
direct_000094,Cs2KMoCl6,r_B2,0.83,0.0565866598019489
direct_000095,Cs2KMoI6,r_B2,0.83,0.0632474495311072
direct_000096,Cs2KNdBr6,r_B2,1.123,0.0499040776289794
direct_000097,Cs2KNdCl6,r_B2,1.123,0.0482019865518262
direct_000098,Cs2KNdI6,r_B2,1.123,0.0459531620238229
direct_000099,Cs2KPrBr6,r_B2,1.13,0.0500369189278108
direct_000100,Cs2KPrCl6,r_B2,1.13,0.0481962896584371
direct_000101,Cs2KPrI6,r_B2,1.13,0.0460136306159547
direct_000102,Cs2KSbBr6,r_B2,0.9,-0.0017691441780886
direct_000103,Cs2KSbCl6,r_B2,0.9,-0.0022405229063945
direct_000104,Cs2KSbI6,r_B2,0.9,-0.0163689040307243
direct_000105,Cs2KScBr6,r_B2,0.885,-0.0948542455175382
direct_000106,Cs2KScCl6,r_B2,0.885,-0.0952025913959848
direct_000107,Cs2KScI6,r_B2,0.885,-0.0797976939821071
direct_000108,Cs2KSmCl6,r_B2,1.098,0.0474415482936902
direct_000109,Cs2KTbCl6,r_B2,1.063,0.0438184681094229
direct_000110,Cs2KTlBr6,r_B2,1.025,0.028310872917442
direct_000111,Cs2KTlCl6,r_B2,1.025,0.0271600947377903
direct_000112,Cs2KTlI6,r_B2,1.025,0.0160254959238982
direct_000113,Cs2KYBr6,r_B2,1.04,0.0385346260234133
direct_000114,Cs2KYCl6,r_B2,1.04,0.0372956949099453
direct_000115,Cs2KYI6,r_B2,1.04,0.0157222927547373
direct_000116,Cs2AgLaCl6,r_B2,1.172,-0.0434130454139278
direct_000117,Cs2AuLaCl6,r_B2,1.172,-0.028375553077607
direct_000118,Cs2CuLaCl6,r_B2,1.172,-0.0431082826194528
direct_000119,Cs2LiBiBr6,r_B2,1.17,-0.0749328023388052
direct_000120,Cs2LiBiCl6,r_B2,1.17,-0.0796290607404824
direct_000121,Cs2LiBiI6,r_B2,1.17,-0.0632956069553071
direct_000122,Cs2LiCeBr6,r_B2,1.15,-0.2882610275273792
direct_000123,Cs2LiCeI6,r_B2,1.15,-0.2540791816017508
direct_000124,Cs2LiDyCl6,r_B2,1.052,0.0453301306540002
direct_000125,Cs2LiErCl6,r_B2,1.03,0.0442036252959272
direct_000126,Cs2LiGdCl6,r_B2,1.075,0.0458160182690932
direct_000127,Cs2LiInBr6,r_B2,0.94,0.0206992251191497
direct_000128,Cs2LiInCl6,r_B2,0.94,0.0212343797010787
direct_000129,Cs2LiLaBr6,r_B2,1.172,-0.0088181856272211
direct_000130,Cs2LiLaCl6,r_B2,1.172,-0.0075639950429057
direct_000131,Cs2LiLuCl6,r_B2,1.001,0.0394592859426806
direct_000132,Cs2LiMoBr6,r_B2,0.83,0.1045155022163238
direct_000133,Cs2LiMoCl6,r_B2,0.83,0.0778817606991412
direct_000134,Cs2LiMoI6,r_B2,0.83,0.097426079519172
direct_000135,Cs2LiNdBr6,r_B2,1.123,0.0474101334717875
direct_000136,Cs2LiNdCl6,r_B2,1.123,0.0448325402646098
direct_000137,Cs2LiNdI6,r_B2,1.123,0.0445251507686053
direct_000138,Cs2LiPrBr6,r_B2,1.13,0.0471096577880868
direct_000139,Cs2LiPrCl6,r_B2,1.13,0.0447886455794401
direct_000140,Cs2LiPrI6,r_B2,1.13,0.044194304258686
direct_000141,Cs2LiSbBr6,r_B2,0.9,-0.0332989936410109
direct_000142,Cs2LiSbCl6,r_B2,0.9,-0.0300590852344062
direct_000143,Cs2LiSbI6,r_B2,0.9,-0.0355459667010963
direct_000144,Cs2LiScCl6,r_B2,0.885,-0.006464431358483
direct_000145,Cs2LiSmCl6,r_B2,1.098,0.0448016177155732
direct_000146,Cs2LiTbCl6,r_B2,1.063,0.0414858799592905
direct_000147,Cs2LiTlBr6,r_B2,1.025,0.0252204198597451
direct_000148,Cs2LiTlCl6,r_B2,1.025,0.0298473638139602
direct_000149,Cs2LiTmCl6,r_B2,1.02,0.0443927708375717
direct_000150,Cs2LiYBr6,r_B2,1.04,0.0344837482960654
direct_000151,Cs2LiYCl6,r_B2,1.04,0.0323580811907052
direct_000152,Cs2LiYI6,r_B2,1.04,0.0294274398354675
direct_000153,Cs2AgLuCl6,r_B2,1.001,-0.0236943542275248
direct_000154,Cs2NaAlCl6,r_B2,0.675,0.0471253475443898
direct_000155,Cs2NaAsBr6,r_B2,0.72,0.0157449282584118
direct_000156,Cs2NaAsCl6,r_B2,0.72,0.016292514131072
direct_000157,Cs2NaBiBr6,r_B2,1.17,-0.0800203955948816
direct_000158,Cs2NaBiCl6,r_B2,1.17,-0.0979250029480759
direct_000159,Cs2NaBiI6,r_B2,1.17,-0.0643723220742755
direct_000160,Cs2NaCeCl6,r_B2,1.15,-0.2624437285778672
direct_000161,Cs2NaCeI6,r_B2,1.15,-0.2306257210497571
direct_000162,Cs2NaCrCl6,r_B2,1.4,0.0040808466618703
direct_000163,Cs2NaDyCl6,r_B2,1.052,0.0467388680928151
direct_000164,Cs2NaErCl6,r_B2,1.03,0.0457034016823589
direct_000165,Cs2NaGaBr6,r_B2,0.76,0.0497725097621081
direct_000166,Cs2NaGaCl6,r_B2,0.76,0.0431439620242496
direct_000167,Cs2NaGdCl6,r_B2,1.075,0.0472490823363594
direct_000168,Cs2NaHoCl6,r_B2,1.041,0.0468062863494665
direct_000169,Cs2NaInBr6,r_B2,0.94,0.0233266021615223
direct_000170,Cs2NaInCl6,r_B2,0.94,0.0233187547392106
direct_000171,Cs2NaInI6,r_B2,0.94,0.020947760499807
direct_000172,Cs2NaLaBr6,r_B2,1.172,-0.0083031506066256
direct_000173,Cs2NaLaCl6,r_B2,1.172,-0.0104511752104949
direct_000174,Cs2NaLuCl6,r_B2,1.001,0.043026469877274
direct_000175,Cs2NaMoBr6,r_B2,0.83,0.0912127676752791
direct_000176,Cs2NaMoCl6,r_B2,0.83,0.0808685520225489
direct_000177,Cs2NaMoI6,r_B2,0.83,0.0872139841697649
direct_000178,Cs2NaNdBr6,r_B2,1.123,0.0491597757369911
direct_000179,Cs2NaNdCl6,r_B2,1.123,0.0481200698403698
direct_000180,Cs2NaPrBr6,r_B2,1.13,0.0491921317813219
direct_000181,Cs2NaPrCl6,r_B2,1.13,0.0482086597948448
direct_000182,Cs2NaPrI6,r_B2,1.13,0.0464044976941471
direct_000183,Cs2NaSbBr6,r_B2,0.9,-0.0410074384483706
direct_000184,Cs2NaSbCl6,r_B2,0.9,-0.038894295059091
direct_000185,Cs2NaSbI6,r_B2,0.9,-0.0387377527859302
direct_000186,Cs2NaScBr6,r_B2,0.885,-0.0898408572110609
direct_000187,Cs2NaScCl6,r_B2,0.885,-0.0793099732715023
direct_000188,Cs2NaScI6,r_B2,0.885,-0.0786130735065291
direct_000189,Cs2NaSmCl6,r_B2,1.098,0.046996767082147
direct_000190,Cs2NaTbCl6,r_B2,1.063,0.0436591139024321
direct_000191,Cs2NaTlBr6,r_B2,1.025,0.02851805472651
direct_000192,Cs2NaTlCl6,r_B2,1.025,0.029827275283899
direct_000193,Cs2NaTlI6,r_B2,1.025,0.0033149764995085
direct_000194,Cs2NaTmCl6,r_B2,1.02,0.0458102656855057
direct_000195,Cs2NaUBr6,r_B2,1.165,-0.086667801784421
direct_000196,Cs2NaUCl6,r_B2,1.165,-0.1028755214176845
direct_000197,Cs2NaYBr6,r_B2,1.04,0.0362435194722132
direct_000198,Cs2NaYCl6,r_B2,1.04,0.0349637593477383
direct_000199,Cs2NaYI6,r_B2,1.04,0.0319065735139091
direct_000200,Cs2AgNdBr6,r_B2,1.123,-0.0241271462103975
direct_000201,Cs2AgNdCl6,r_B2,1.123,-0.0231327671755142
direct_000202,Cs2AgNdI6,r_B2,1.123,-0.020619824580351
direct_000203,Cs2AuNdCl6,r_B2,1.123,-0.0200453433227579
direct_000204,Cs2CuNdBr6,r_B2,1.123,-0.0225374370215672
direct_000205,Cs2CuNdI6,r_B2,1.123,-0.0205713406322709
direct_000206,Cs2AgPrCl6,r_B2,1.13,-0.0234229136179832
direct_000207,Cs2AgPrI6,r_B2,1.13,-0.0207932550936858
direct_000208,Cs2AuPrCl6,r_B2,1.13,-0.0200551481378125
direct_000209,Cs2CuPrBr6,r_B2,1.13,-0.022794808982532
direct_000210,Cs2CuPrCl6,r_B2,1.13,-0.0221425764529676
direct_000211,Cs2CuPrI6,r_B2,1.13,-0.020488031154289
direct_000212,Cs2RbAlBr6,r_B2,0.675,0.0523321675775478
direct_000213,Cs2RbAlCl6,r_B2,0.675,0.0532386239940947
direct_000214,Cs2RbAlI6,r_B2,0.675,0.0529746707887511
direct_000215,Cs2RbAsBr6,r_B2,0.72,0.0492347031162285
direct_000216,Cs2RbAsCl6,r_B2,0.72,0.0478245526065604
direct_000217,Cs2RbAsI6,r_B2,0.72,0.0184621027078064
direct_000218,Cs2RbAuCl6,r_B2,0.99,-0.0259210924199515
direct_000219,Cs2RbBiBr6,r_B2,1.17,-0.0815342957387161
direct_000220,Cs2RbBiCl6,r_B2,1.17,-0.0880967763652977
direct_000221,Cs2RbBiI6,r_B2,1.17,-0.1035260418567923
direct_000222,Cs2RbCeCl6,r_B2,1.15,-0.2730457596249722
direct_000223,Cs2RbDyCl6,r_B2,1.052,0.0499522742780475
direct_000224,Cs2RbErCl6,r_B2,1.03,0.0498675173504969
direct_000225,Cs2RbGaBr6,r_B2,0.76,0.0448931461642827
direct_000226,Cs2RbGaCl6,r_B2,0.76,0.0442418234368979
direct_000227,Cs2RbGaI6,r_B2,0.76,0.0480715587700047
direct_000228,Cs2RbGdCl6,r_B2,1.075,0.0497439452634184
direct_000229,Cs2RbInBr6,r_B2,0.94,0.0215948654290777
direct_000230,Cs2RbInCl6,r_B2,0.94,0.019452048784963
direct_000231,Cs2RbInI6,r_B2,0.94,0.0201032311218211
direct_000232,Cs2RbLaCl6,r_B2,1.172,-0.0243707032567736
direct_000233,Cs2RbLuCl6,r_B2,1.001,0.024707033091283
direct_000234,Cs2RbNdCl6,r_B2,1.123,0.0499873070685787
direct_000235,Cs2RbPrCl6,r_B2,1.13,0.0499740508490777
direct_000236,Cs2RbSbBr6,r_B2,0.9,0.0023058699026605
direct_000237,Cs2RbSbCl6,r_B2,0.9,0.0019457341916973
direct_000238,Cs2RbSbI6,r_B2,0.9,-0.0027305642516978
direct_000239,Cs2RbScBr6,r_B2,0.885,-0.0919746228392487
direct_000240,Cs2RbScCl6,r_B2,0.885,-0.0897434472380889
direct_000241,Cs2RbScI6,r_B2,0.885,-0.0707300601619732
direct_000242,Cs2RbSmCl6,r_B2,1.098,0.0499704538694176
direct_000243,Cs2RbTbCl6,r_B2,1.063,0.0456678932261781
direct_000244,Cs2RbTlBr6,r_B2,1.025,0.0316441138825938
direct_000245,Cs2RbTlCl6,r_B2,1.025,0.0312580599660627
direct_000246,Cs2RbTlI6,r_B2,1.025,0.0198690663055981
direct_000247,Cs2RbTmCl6,r_B2,1.02,0.0504979048613821
direct_000248,Cs2RbYBr6,r_B2,1.04,0.0394549474471435
direct_000249,Cs2RbYCl6,r_B2,1.04,0.0393665023222102
direct_000250,Cs2RbYI6,r_B2,1.04,0.0185082984183927
direct_000251,Cs2AuSbBr6,r_B2,0.9,-0.0308025122628346
direct_000252,Cs2AuSbCl6,r_B2,0.9,-0.0286366354073198
direct_000253,Cs2AgScBr6,r_B2,0.885,-0.0362636398730835
direct_000254,Cs2AgScCl6,r_B2,0.885,-0.0217689119587394
direct_000255,Cs2AgScI6,r_B2,0.885,-0.0342331761996651
direct_000256,Cs2AuScBr6,r_B2,0.885,-0.0285115500476991
direct_000257,Cs2AuScCl6,r_B2,0.885,-0.0277931500324666
direct_000258,Cs2AuScI6,r_B2,0.885,-0.0280461264128748
direct_000259,Cs2CuScCl6,r_B2,0.885,-0.0170385280834809
direct_000260,Cs2InScBr6,r_B2,0.885,0.001884575684776
direct_000261,Cs2InScCl6,r_B2,0.885,0.0052171481592702
direct_000262,Cs2InScI6,r_B2,0.885,0.0023758083046803
direct_000263,Cs2TlScBr6,r_B2,0.885,0.0055793233253003
direct_000264,Cs2TlScCl6,r_B2,0.885,0.0086061483062671
direct_000265,Cs2TlScI6,r_B2,0.885,-0.0119502884969614
direct_000266,Cs2AuSmCl6,r_B2,1.098,-0.0201113243848367
direct_000267,Cs2CuSmCl6,r_B2,1.098,-0.0204729123739722
direct_000268,Cs2AuTbCl6,r_B2,1.063,-0.0208757086975061
direct_000269,Cs2CuTbCl6,r_B2,1.063,-0.0200172175921865
direct_000270,Cs2TlAsBr6,r_B2,0.72,0.0431304285344839
direct_000271,Cs2TlAsCl6,r_B2,0.72,0.0406341059649809
direct_000272,Cs2TlAsI6,r_B2,0.72,0.0463851183999457
direct_000273,Cs2TlBiBr6,r_B2,1.17,-0.0299233013768253
direct_000274,Cs2TlBiCl6,r_B2,1.17,-0.0300359409141723
direct_000275,Cs2TlBiI6,r_B2,1.17,-0.0343606748397441
direct_000276,Cs2TlGaBr6,r_B2,0.76,0.0144609475675603
direct_000277,Cs2TlGaCl6,r_B2,0.76,0.0133007086852598
direct_000278,Cs2TlGaI6,r_B2,0.76,0.0144891227731377
direct_000279,Cs2TlInBr6,r_B2,0.94,-0.0011716725930723
direct_000280,Cs2TlInCl6,r_B2,0.94,-0.0025107052078237
direct_000281,Cs2TlInI6,r_B2,0.94,-0.0031599445750744
direct_000282,Cs2TlSbBr6,r_B2,0.9,-0.0069370045884567
direct_000283,Cs2TlSbCl6,r_B2,0.9,-0.0056326346178342
direct_000284,Cs2TlSbI6,r_B2,0.9,-0.0072094854056464
direct_000285,Cs2CuTmCl6,r_B2,1.02,-0.0197290574000762
direct_000286,Cs2AgYBr6,r_B2,1.04,-0.0345804656730587
direct_000287,Cs2AgYCl6,r_B2,1.04,-0.0330266469250993
direct_000288,Cs2AgYI6,r_B2,1.04,-0.0303212042760942
direct_000289,Cs2AuYBr6,r_B2,1.04,-0.029452062541852
direct_000290,Cs2AuYCl6,r_B2,1.04,-0.0295940228587794
direct_000291,Cs2AuYI6,r_B2,1.04,-0.0285189511229186
direct_000292,Cs2CuYBr6,r_B2,1.04,-0.0337153292824519
direct_000293,Cs2CuYCl6,r_B2,1.04,-0.0315515010098973
direct_000294,Cs2CuYI6,r_B2,1.04,-0.0318748797518629
direct_000295,Cs2InYBr6,r_B2,1.04,-0.0116803587802011
direct_000296,Cs2InYCl6,r_B2,1.04,-0.0134019814266867
direct_000297,Cs2InYI6,r_B2,1.04,-0.0097278067735729
direct_000298,Cs2TlYBr6,r_B2,1.04,0.0100056835653905
direct_000299,Cs2TlYCl6,r_B2,1.04,0.0227145324035428
direct_000300,Cs2TlYI6,r_B2,1.04,0.0083827020593043
direct_000301,K2CsAlBr6,r_B2,0.675,0.0517162541227024
direct_000302,K2CsAlCl6,r_B2,0.675,0.0508642087521365
direct_000303,K2CsAlI6,r_B2,0.675,0.051046081107481
direct_000304,K2CsAsBr6,r_B2,0.72,0.0487358851585205
direct_000305,K2CsAsCl6,r_B2,0.72,0.0450992345939757
direct_000306,K2CsBiCl6,r_B2,1.17,-0.1305726667970997
direct_000307,K2CsGaCl6,r_B2,0.76,0.0430931640429186
direct_000308,K2CsInCl6,r_B2,0.94,0.0254016298457358
direct_000309,K2CsSbCl6,r_B2,0.9,-0.052681527743558
direct_000310,K2CsScCl6,r_B2,0.885,-0.0978022827046694
direct_000311,Mn2CsRbCl6,r_B2,1.66,0.0479799728773218
direct_000312,Rb2CsAlBr6,r_B2,0.675,0.0517915923375991
direct_000313,Rb2CsAlCl6,r_B2,0.675,0.0515669875547758
direct_000314,Rb2CsAlI6,r_B2,0.675,0.0508680940128041
direct_000315,Rb2CsAsBr6,r_B2,0.72,0.0486757809841383
direct_000316,Rb2CsAsCl6,r_B2,0.72,0.0454427154838077
direct_000317,Rb2CsAsI6,r_B2,0.72,0.0202499984065742
direct_000318,Rb2CsAuCl6,r_B2,0.99,-0.020964033313218
direct_000319,Rb2CsDyCl6,r_B2,1.052,0.0511486597262657
direct_000320,Rb2CsErCl6,r_B2,1.03,0.0519522569753634
direct_000321,Rb2CsGaBr6,r_B2,0.76,0.0443120739770125
direct_000322,Rb2CsGaCl6,r_B2,0.76,0.0430349340293229
direct_000323,Rb2CsGaI6,r_B2,0.76,0.0477716644669167
direct_000324,Rb2CsGdCl6,r_B2,1.075,0.0505410247918827
direct_000325,Rb2CsInBr6,r_B2,0.94,0.0256405168351995
direct_000326,Rb2CsInCl6,r_B2,0.94,0.0254520156927235
direct_000327,Rb2CsLuCl6,r_B2,1.001,0.0409047236664143
direct_000328,Rb2CsSbCl6,r_B2,0.9,-0.0524818626285236
direct_000329,Rb2CsScBr6,r_B2,0.885,-0.0944191656370638
direct_000330,Rb2CsScCl6,r_B2,0.885,-0.0986252545770558
direct_000331,Rb2CsTbCl6,r_B2,1.063,0.0449221778570545
direct_000332,Rb2CsTlBr6,r_B2,1.025,0.0278155347260172
direct_000333,Rb2CsTmCl6,r_B2,1.02,0.0519222618078345
direct_000334,Rb2CsYBr6,r_B2,1.04,0.0391739672251693
direct_000335,Rb2CsYCl6,r_B2,1.04,0.0408112387004
direct_000336,O2GaReCl6,r_B2,0.67,0.0286702473990558
direct_000337,Se2NGaCl6,r_B2,0.76,0.0698614774232517
direct_000338,K2AgAsBr6,r_B2,0.72,0.0054803514189519
direct_000339,K2AgAsCl6,r_B2,0.72,0.0034621952195342
direct_000340,K2AgBiBr6,r_B2,1.17,-0.057777576901718
direct_000341,K2AgBiCl6,r_B2,1.17,-0.0577830123886732
direct_000342,K2AgBiI6,r_B2,1.17,-0.0509037805414249
direct_000343,K2AgMoBr6,r_B2,0.83,0.0994294434748376
direct_000344,K2AgMoCl6,r_B2,0.83,0.0924098926995072
direct_000345,K2AgMoI6,r_B2,0.83,0.0920915072472514
direct_000346,K2AgSbBr6,r_B2,0.9,-0.0297139328330407
direct_000347,K2AgSbCl6,r_B2,0.9,-0.0297404614263404
direct_000348,K2AgSbI6,r_B2,0.9,-0.0291474658929817
direct_000349,K2AgAlBr6,r_B2,0.675,0.084629194110288
direct_000350,K2AgAlCl6,r_B2,0.675,0.0803110609463277
direct_000351,K2AlAuCl6,r_B2,0.99,0.0015831609335694
direct_000352,K2InAlBr6,r_B2,0.675,0.005618204134563
direct_000353,K2InAlCl6,r_B2,0.675,0.0076542203315858
direct_000354,K2InAlI6,r_B2,0.675,0.006789244329703
direct_000355,K2TlAlBr6,r_B2,0.675,0.0113284667690821
direct_000356,K2TlAlCl6,r_B2,0.675,0.0096201840157105
direct_000357,K2TlAlI6,r_B2,0.675,0.0105876398089168
direct_000358,K2AsAuBr6,r_B2,0.99,-0.0176589703008371
direct_000359,K2AsAuCl6,r_B2,0.99,-0.0164007935857587
direct_000360,K2BiAuBr6,r_B2,0.99,-0.021261903541409
direct_000361,K2BiAuCl6,r_B2,0.99,-0.0210146338160166
direct_000362,K2FBrCl6,r_B2,0.45,0.0640744376766011
direct_000363,K2AgCeBr6,r_B2,1.15,-0.1026033860399735
direct_000364,K2AgCeCl6,r_B2,1.15,-0.1032375904258246
direct_000365,K2AgCeI6,r_B2,1.15,-0.0951645308259635
direct_000366,K2AuCeCl6,r_B2,1.15,-0.0854315181360732
direct_000367,K2CuCeBr6,r_B2,1.15,-0.1013440184897385
direct_000368,K2CuCeCl6,r_B2,1.15,-0.1038562318926046
direct_000369,K2CuCeI6,r_B2,1.15,-0.0960903431621627
direct_000370,K2CuBiBr6,r_B2,1.17,-0.0577124130231086
direct_000371,K2CuBiCl6,r_B2,1.17,-0.0603642136618962
direct_000372,K2CuBiI6,r_B2,1.17,-0.0504783589524484
direct_000373,K2CuMoBr6,r_B2,0.83,0.1210817847701648
direct_000374,K2CuMoCl6,r_B2,0.83,0.107346899529262
direct_000375,K2CuMoI6,r_B2,0.83,0.1005155092422106
direct_000376,K2CuSbBr6,r_B2,0.9,-0.0281059361871097
direct_000377,K2CuSbCl6,r_B2,0.9,-0.0284290888294956
direct_000378,K2CuSbI6,r_B2,0.9,-0.0270319554118246
direct_000379,K2AgDyCl6,r_B2,1.052,-0.023730758740629
direct_000380,K2AuDyCl6,r_B2,1.052,-0.0214478596089984
direct_000381,K2CuDyCl6,r_B2,1.052,-0.0209993123982888
direct_000382,K2AgErCl6,r_B2,1.03,-0.0233422559044842
direct_000383,K2AuErCl6,r_B2,1.03,-0.0209629102121866
direct_000384,K2CuErCl6,r_B2,1.03,-0.0205512955808798
direct_000385,K2AgGaCl6,r_B2,0.76,0.0609288225143027
direct_000386,K2AuGdCl6,r_B2,1.075,-0.0211213513260359
direct_000387,K2CuGdCl6,r_B2,1.075,-0.0207212637412369
direct_000388,K2AgInBr6,r_B2,0.94,0.0344098161278622
direct_000389,K2AgInCl6,r_B2,0.94,0.0310642862313476
direct_000390,K2InAsBr6,r_B2,0.72,0.0320148026908073
direct_000391,K2InAsCl6,r_B2,0.72,0.0276007573374099
direct_000392,K2InGaBr6,r_B2,0.76,0.000659013899009
direct_000393,K2InGaCl6,r_B2,0.76,0.0010765699330363
direct_000394,K2InGaI6,r_B2,0.76,0.001293114309101
direct_000395,K2InSbBr6,r_B2,0.9,-0.0047383699041184
direct_000396,K2InSbCl6,r_B2,0.9,-0.0049883406285085
direct_000397,K2InSbI6,r_B2,0.9,-0.0148353283901627
direct_000398,K2AgLaCl6,r_B2,1.172,-0.044113633915503
direct_000399,K2AuLaCl6,r_B2,1.172,-0.0317114456293893
direct_000400,K2CuLaCl6,r_B2,1.172,-0.0438347239854799
direct_000401,K2LiBiBr6,r_B2,1.17,-0.0774760963322211
direct_000402,K2LiBiCl6,r_B2,1.17,-0.0819672895671918
direct_000403,K2LiBiI6,r_B2,1.17,-0.0634653508896402
direct_000404,K2LiCeBr6,r_B2,1.15,-0.2884945591842248
direct_000405,K2LiCeCl6,r_B2,1.15,-0.2893091709281129
direct_000406,K2LiCeI6,r_B2,1.15,-0.2643855731034128
direct_000407,K2LiDyCl6,r_B2,1.052,0.0453667129671195
direct_000408,K2LiErCl6,r_B2,1.03,0.0443476876996111
direct_000409,K2LiGdCl6,r_B2,1.075,0.0458605279905532
direct_000410,K2LiInCl6,r_B2,0.94,0.0213850361869808
direct_000411,K2LiLaCl6,r_B2,1.172,-0.0080368506757876
direct_000412,K2LiLuCl6,r_B2,1.001,0.0402497404581861
direct_000413,K2LiMoBr6,r_B2,0.83,0.1038295804000707
direct_000414,K2LiMoCl6,r_B2,0.83,0.0608258332201478
direct_000415,K2LiMoI6,r_B2,0.83,0.0976210277546446
direct_000416,K2LiNdBr6,r_B2,1.123,0.0478329075998497
direct_000417,K2LiNdCl6,r_B2,1.123,0.0449168373143746
direct_000418,K2LiNdI6,r_B2,1.123,0.0462403111959541
direct_000419,K2LiPrBr6,r_B2,1.13,0.0475229277165642
direct_000420,K2LiPrCl6,r_B2,1.13,0.0448525872143649
direct_000421,K2LiPrI6,r_B2,1.13,0.0458720487698151
direct_000422,K2LiSbBr6,r_B2,0.9,-0.0336948715415621
direct_000423,K2LiSbCl6,r_B2,0.9,-0.0291394500750166
direct_000424,K2LiSbI6,r_B2,0.9,-0.0347816604879541
direct_000425,K2LiScCl6,r_B2,0.885,-0.0021507052032715
direct_000426,K2LiSmCl6,r_B2,1.098,0.0448472896871301
direct_000427,K2LiTbCl6,r_B2,1.063,0.041470576722133
direct_000428,K2LiTlBr6,r_B2,1.025,0.0276738815892424
direct_000429,K2LiTlCl6,r_B2,1.025,0.0297277299782293
direct_000430,K2LiTmCl6,r_B2,1.02,0.0443734213025366
direct_000431,K2LiYBr6,r_B2,1.04,0.0345594287473762
direct_000432,K2LiYCl6,r_B2,1.04,0.0313705281036881
direct_000433,K2LiYI6,r_B2,1.04,0.0312373233168915
direct_000434,K2AgLuCl6,r_B2,1.001,-0.0233905414950424
direct_000435,K2AuLuCl6,r_B2,1.001,-0.0222885432561146
direct_000436,K2CuLuCl6,r_B2,1.001,-0.0207267023783717
direct_000437,K2NaAlCl6,r_B2,0.675,0.0445935036891493
direct_000438,K2NaAsBr6,r_B2,0.72,0.0155817416237846
direct_000439,K2NaAsCl6,r_B2,0.72,0.0153793716105704
direct_000440,K2NaBiBr6,r_B2,1.17,-0.0829724230767658
direct_000441,K2NaBiCl6,r_B2,1.17,-0.1015170414063208
direct_000442,K2NaBiI6,r_B2,1.17,-0.0645972520505627
direct_000443,K2NaCeBr6,r_B2,1.15,-0.2650428838953391
direct_000444,K2NaCeCl6,r_B2,1.15,-0.2639755456129933
direct_000445,K2NaCrCl6,r_B2,1.4,-0.0009046885120581
direct_000446,K2NaDyCl6,r_B2,1.052,0.0467447460633755
direct_000447,K2NaErCl6,r_B2,1.03,0.0458701279014605
direct_000448,K2NaGaBr6,r_B2,0.76,0.0493019638239825
direct_000449,K2NaGaCl6,r_B2,0.76,0.0412115007360239
direct_000450,K2NaGdCl6,r_B2,1.075,0.0472475192203369
direct_000451,K2NaInBr6,r_B2,0.94,0.0239800754645404
direct_000452,K2NaInCl6,r_B2,0.94,0.0235106794896822
direct_000453,K2NaInI6,r_B2,0.94,0.0230869779231746
direct_000454,K2NaLaCl6,r_B2,1.172,-0.0104065378782884
direct_000455,K2NaLuCl6,r_B2,1.001,0.0438485146124125
direct_000456,K2NaMoBr6,r_B2,0.83,0.0908454551528941
direct_000457,K2NaMoCl6,r_B2,0.83,0.0641123247033966
direct_000458,K2NaMoI6,r_B2,0.83,0.0874662054045264
direct_000459,K2NaNdBr6,r_B2,1.123,0.0496420435314952
direct_000460,K2NaNdCl6,r_B2,1.123,0.0481735621542813
direct_000461,K2NaNdI6,r_B2,1.123,0.0486054536697799
direct_000462,K2NaPrBr6,r_B2,1.13,0.0496661213379471
direct_000463,K2NaPrCl6,r_B2,1.13,0.0482534504266385
direct_000464,K2NaPrI6,r_B2,1.13,0.0486433184572392
direct_000465,K2NaSbBr6,r_B2,0.9,-0.0420444677920172
direct_000466,K2NaSbCl6,r_B2,0.9,-0.0376495680545094
direct_000467,K2NaSbI6,r_B2,0.9,-0.0376153311041177
direct_000468,K2NaScBr6,r_B2,0.885,-0.0901964782354455
direct_000469,K2NaScCl6,r_B2,0.885,-0.059020580878873
direct_000470,K2NaScI6,r_B2,0.885,-0.0799821697468716
direct_000471,K2NaSmCl6,r_B2,1.098,0.0469005682321786
direct_000472,K2NaTbCl6,r_B2,1.063,0.0436409308925664
direct_000473,K2NaTlBr6,r_B2,1.025,0.0312952731265104
direct_000474,K2NaTlCl6,r_B2,1.025,0.0299612983887828
direct_000475,K2NaTlI6,r_B2,1.025,0.0051351877848068
direct_000476,K2NaTmCl6,r_B2,1.02,0.0458245931477655
direct_000477,K2NaYBr6,r_B2,1.04,0.0362724036880293
direct_000478,K2NaYCl6,r_B2,1.04,0.0338947810250995
direct_000479,K2NaYI6,r_B2,1.04,0.0339638336971708
direct_000480,K2AgNdBr6,r_B2,1.123,-0.0242340321556674
direct_000481,K2AgNdCl6,r_B2,1.123,-0.0234502740959203
direct_000482,K2AgNdI6,r_B2,1.123,-0.0196777979990397
direct_000483,K2AuNdCl6,r_B2,1.123,-0.0202892343589261
direct_000484,K2CuNdBr6,r_B2,1.123,-0.0228939057186948
direct_000485,K2CuNdCl6,r_B2,1.123,-0.0226223733521887
direct_000486,K2CuNdI6,r_B2,1.123,-0.019808951593207
direct_000487,K2AgPrBr6,r_B2,1.13,-0.0244532165619734
direct_000488,K2AgPrCl6,r_B2,1.13,-0.023751209599321
direct_000489,K2AgPrI6,r_B2,1.13,-0.0200452109523194
direct_000490,K2AuPrCl6,r_B2,1.13,-0.020208149793368
direct_000491,K2CuPrBr6,r_B2,1.13,-0.022952722522448
direct_000492,K2CuPrCl6,r_B2,1.13,-0.0225616550581679
direct_000493,K2CuPrI6,r_B2,1.13,-0.0197299331747928
direct_000494,K2RbAlBr6,r_B2,0.675,0.0518346583694304
direct_000495,K2RbAlCl6,r_B2,0.675,0.0491589122504846
direct_000496,K2RbAlI6,r_B2,0.675,0.052187647874756
direct_000497,K2RbAsBr6,r_B2,0.72,0.0503392269306691
direct_000498,K2RbAsCl6,r_B2,0.72,0.0478462947086302
direct_000499,K2RbAsI6,r_B2,0.72,0.016609047473243
direct_000500,K2RbAuCl6,r_B2,0.99,-0.023906755610729
direct_000501,K2RbBiBr6,r_B2,1.17,-0.0912472017132185
direct_000502,K2RbBiCl6,r_B2,1.17,-0.1132824588107919
direct_000503,K2RbBiI6,r_B2,1.17,-0.1032645329105192
direct_000504,K2RbCeBr6,r_B2,1.15,-0.2773692848241607
direct_000505,K2RbCeCl6,r_B2,1.15,-0.2751540466314491
direct_000506,K2RbCeI6,r_B2,1.15,-0.2588422797603305
direct_000507,K2RbDyCl6,r_B2,1.052,0.0500648901335146
direct_000508,K2RbErCl6,r_B2,1.03,0.0499201420559186
direct_000509,K2RbGaBr6,r_B2,0.76,0.045787418862606
direct_000510,K2RbGaCl6,r_B2,0.76,0.0407006188598055
direct_000511,K2RbGaI6,r_B2,0.76,0.0459646033822565
direct_000512,K2RbGdCl6,r_B2,1.075,0.0496043558729501
direct_000513,K2RbInBr6,r_B2,0.94,0.0220936480538712
direct_000514,K2RbInCl6,r_B2,0.94,0.0211620709969226
direct_000515,K2RbLuCl6,r_B2,1.001,0.0354088894239385
direct_000516,K2RbMoBr6,r_B2,0.83,0.0574510199987627
direct_000517,K2RbMoCl6,r_B2,0.83,0.0505054859271904
direct_000518,K2RbMoI6,r_B2,0.83,0.0549817686810757
direct_000519,K2RbNdBr6,r_B2,1.123,0.0502020295546328
direct_000520,K2RbNdCl6,r_B2,1.123,0.0497362676459363
direct_000521,K2RbNdI6,r_B2,1.123,0.0489677517963253
direct_000522,K2RbPrBr6,r_B2,1.13,0.0500278711553997
direct_000523,K2RbPrCl6,r_B2,1.13,0.0497404619918587
direct_000524,K2RbPrI6,r_B2,1.13,0.0490323626444237
direct_000525,K2RbSbBr6,r_B2,0.9,0.0024851587151473
direct_000526,K2RbSbCl6,r_B2,0.9,0.0003970585108757
direct_000527,K2RbSbI6,r_B2,0.9,0.002598810976911
direct_000528,K2RbScBr6,r_B2,0.885,-0.0922218765194922
direct_000529,K2RbScCl6,r_B2,0.885,-0.0881546421681445
direct_000530,K2RbTbCl6,r_B2,1.063,0.0456347907146509
direct_000531,K2RbTlBr6,r_B2,1.025,0.0326932542686985
direct_000532,K2RbTmCl6,r_B2,1.02,0.0506640797253724
direct_000533,K2RbYBr6,r_B2,1.04,0.0392289693342751
direct_000534,K2RbYCl6,r_B2,1.04,0.0381545123346078
direct_000535,K2RbYI6,r_B2,1.04,0.0259404641556429
direct_000536,K2AuSbBr6,r_B2,0.9,-0.0298126244260903
direct_000537,K2AuSbCl6,r_B2,0.9,-0.0291776644977065
direct_000538,K2AgScBr6,r_B2,0.885,-0.0355886840807969
direct_000539,K2AgScCl6,r_B2,0.885,-0.012135126159818
direct_000540,K2AgScI6,r_B2,0.885,-0.0343739135154459
direct_000541,K2AuScBr6,r_B2,0.885,-0.0287887486844522
direct_000542,K2AuScCl6,r_B2,0.885,-0.027957912096355
direct_000543,K2AuScI6,r_B2,0.885,-0.0278355387528692
direct_000544,K2CuScCl6,r_B2,0.885,-0.007575790900795
direct_000545,K2InScBr6,r_B2,0.885,0.0016982183905107
direct_000546,K2InScCl6,r_B2,0.885,0.005894594221371
direct_000547,K2InScI6,r_B2,0.885,0.0023514948708793
direct_000548,K2TlScBr6,r_B2,0.885,0.0058969090149193
direct_000549,K2TlScCl6,r_B2,0.885,0.0076681026762941
direct_000550,K2AgSmCl6,r_B2,1.098,-0.0232416154518179
direct_000551,K2AuSmCl6,r_B2,1.098,-0.0202253048314596
direct_000552,K2CuSmCl6,r_B2,1.098,-0.0211319727795591
direct_000553,K2AgTbCl6,r_B2,1.063,-0.0242132290494071
direct_000554,K2AuTbCl6,r_B2,1.063,-0.0207529931716331
direct_000555,K2CuTbCl6,r_B2,1.063,-0.0204813704214633
direct_000556,K2TlAsBr6,r_B2,0.72,0.0426670603144844
direct_000557,K2TlAsCl6,r_B2,0.72,0.0413770125991824
direct_000558,K2TlAsI6,r_B2,0.72,0.0449228220105837
direct_000559,K2TlGaBr6,r_B2,0.76,0.0142201861383753
direct_000560,K2TlGaCl6,r_B2,0.76,0.0131350288461775
direct_000561,K2TlGaI6,r_B2,0.76,0.0135265734981168
direct_000562,K2TlInBr6,r_B2,0.94,0.00010947060591
direct_000563,K2TlInCl6,r_B2,0.94,-0.0015213936463726
direct_000564,K2TlInI6,r_B2,0.94,-0.0034334194558147
direct_000565,K2TlSbBr6,r_B2,0.9,-0.0055925954678621
direct_000566,K2TlSbCl6,r_B2,0.9,-0.0054527077477153
direct_000567,K2AgTmCl6,r_B2,1.02,-0.0232641952672362
direct_000568,K2AuTmCl6,r_B2,1.02,-0.0208318487834535
direct_000569,K2CuTmCl6,r_B2,1.02,-0.0200458924885378
direct_000570,K2AgYBr6,r_B2,1.04,-0.034905203684256
direct_000571,K2AgYCl6,r_B2,1.04,-0.0335589275851476
direct_000572,K2AgYI6,r_B2,1.04,-0.0290112531442978
direct_000573,K2AuYBr6,r_B2,1.04,-0.0292007544238041
direct_000574,K2AuYCl6,r_B2,1.04,-0.0300342924141633
direct_000575,K2AuYI6,r_B2,1.04,-0.0278790970506772
direct_000576,K2CuYBr6,r_B2,1.04,-0.033927629048905
direct_000577,K2CuYCl6,r_B2,1.04,-0.0295035049277117
direct_000578,K2CuYI6,r_B2,1.04,-0.0313973337420393
direct_000579,K2InYCl6,r_B2,1.04,-0.0185818851919376
direct_000580,K2TlYBr6,r_B2,1.04,0.0085360877619394
direct_000581,Rb2KAlBr6,r_B2,0.675,0.0504816228711323
direct_000582,Rb2KAlCl6,r_B2,0.675,0.0463402284412652
direct_000583,Rb2KAlI6,r_B2,0.675,0.0513498733873072
direct_000584,Rb2KAsBr6,r_B2,0.72,0.0487419804522655
direct_000585,Rb2KAsCl6,r_B2,0.72,0.0465680420013695
direct_000586,Rb2KAsI6,r_B2,0.72,0.0172429927656929
direct_000587,Rb2KAuCl6,r_B2,0.99,-0.0206099565157444
direct_000588,Rb2KDyCl6,r_B2,1.052,0.0489086706042013
direct_000589,Rb2KErCl6,r_B2,1.03,0.0499656293597312
direct_000590,Rb2KGaBr6,r_B2,0.76,0.0445118753655056
direct_000591,Rb2KGaCl6,r_B2,0.76,0.040033612006839
direct_000592,Rb2KGaI6,r_B2,0.76,0.0464419293150304
direct_000593,Rb2KGdCl6,r_B2,1.075,0.0479661800866374
direct_000594,Rb2KInBr6,r_B2,0.94,0.0232048953717927
direct_000595,Rb2KInCl6,r_B2,0.94,0.0229619340537615
direct_000596,Rb2KInI6,r_B2,0.94,0.0228313048847412
direct_000597,Rb2KLaCl6,r_B2,1.172,-0.0074484602632778
direct_000598,Rb2KLuCl6,r_B2,1.001,0.0447457674481914
direct_000599,Rb2KScBr6,r_B2,0.885,-0.0950511734724591
direct_000600,Rb2KScCl6,r_B2,0.885,-0.0922248179911884
direct_000601,Rb2KScI6,r_B2,0.885,-0.0804377199340421
direct_000602,Rb2KSmCl6,r_B2,1.098,0.047399527717323
direct_000603,Rb2KTbCl6,r_B2,1.063,0.0438749263420981
direct_000604,Rb2KTlBr6,r_B2,1.025,0.029689241618219
direct_000605,Rb2KTlCl6,r_B2,1.025,0.0268830844561992
direct_000606,Rb2KTlI6,r_B2,1.025,0.0173555171550636
direct_000607,Rb2KTmCl6,r_B2,1.02,0.0508147994695788
direct_000608,Li2CuSbCl6,r_B2,0.9,-0.0285927142244803
direct_000609,Li2CuInCl6,r_B2,0.94,0.0026733867072165
direct_000610,Li2CuScCl6,r_B2,0.885,-0.0072959099082951
direct_000611,Tl2LiScCl6,r_B2,0.885,0.0129253558404685
direct_000612,Tl2LiInCl6,r_B2,0.94,-0.0078363457217336
direct_000613,Tl2LiYCl6,r_B2,1.04,0.0013396518783175
direct_000614,O2MoPCl6,r_B2,0.52,0.0098649100411725
direct_000615,Na2AgAsBr6,r_B2,0.72,0.0052847605402175
direct_000616,Na2AgAsCl6,r_B2,0.72,0.0039633985128625
direct_000617,Na2AgSbCl6,r_B2,0.9,-0.0297946592658944
direct_000618,Na2AgAlBr6,r_B2,0.675,0.0847412781869213
direct_000619,Na2AgAlCl6,r_B2,0.675,0.0792816560978053
direct_000620,Na2CuBiBr6,r_B2,1.17,-0.0577318436873862
direct_000621,Na2CuBiCl6,r_B2,1.17,-0.0604196664832891
direct_000622,Na2CuSbCl6,r_B2,0.9,-0.0285833261688842
direct_000623,Na2CuDyCl6,r_B2,1.052,-0.0210282077469786
direct_000624,Na2CuErCl6,r_B2,1.03,-0.0205964373940499
direct_000625,Na2CuEuCl6,r_B2,1.087,-0.0207484451699172
direct_000626,Na2AgGaCl6,r_B2,0.76,0.0613675959063731
direct_000627,Na2AgInBr6,r_B2,0.94,0.0344181636733182
direct_000628,Na2AgInCl6,r_B2,0.94,0.031089901876482
direct_000629,Na2CuLaCl6,r_B2,1.172,-0.0439595189116236
direct_000630,Na2LiBiBr6,r_B2,1.17,-0.0774677487867651
direct_000631,Na2LiBiCl6,r_B2,1.17,-0.0819408334016654
direct_000632,Na2LiBiI6,r_B2,1.17,-0.0632584929898439
direct_000633,Na2LiCeCl6,r_B2,1.15,-0.2890957268111286
direct_000634,Na2LiDyCl6,r_B2,1.052,0.0455555146258535
direct_000635,Na2LiErCl6,r_B2,1.03,0.044532678942677
direct_000636,Na2LiGdCl6,r_B2,1.075,0.0460435519213195
direct_000637,Na2LiInCl6,r_B2,0.94,0.0211709742175473
direct_000638,Na2LiLaCl6,r_B2,1.172,-0.0078268719743855
direct_000639,Na2LiLuCl6,r_B2,1.001,0.0404325362540814
direct_000640,Na2LiNdCl6,r_B2,1.123,0.0449949911063712
direct_000641,Na2LiPrCl6,r_B2,1.13,0.0449210158682189
direct_000642,Na2LiSbCl6,r_B2,0.9,-0.0286682726158546
direct_000643,Na2LiScCl6,r_B2,0.885,-0.0022979897710279
direct_000644,Na2LiSmCl6,r_B2,1.098,0.0449441318705979
direct_000645,Na2LiTbCl6,r_B2,1.063,0.0415655903850307
direct_000646,Na2LiTlBr6,r_B2,1.025,0.0276521938299817
direct_000647,Na2LiTlCl6,r_B2,1.025,0.0297091966214452
direct_000648,Na2LiTmCl6,r_B2,1.02,0.0445589405144613
direct_000649,Na2LiYBr6,r_B2,1.04,0.0345369430627374
direct_000650,Na2LiYCl6,r_B2,1.04,0.0315524906058902
direct_000651,Na2AgLuCl6,r_B2,1.001,-0.0234338548859082
direct_000652,Na2CuLuCl6,r_B2,1.001,-0.0207718441915419
direct_000653,Na2CuNdCl6,r_B2,1.123,-0.0226667566053218
direct_000654,Na2CuPrCl6,r_B2,1.13,-0.0226419757869846
direct_000655,Na2AgScCl6,r_B2,0.885,-0.0135191390964362
direct_000656,Na2CuScCl6,r_B2,0.885,-0.0066337108945699
direct_000657,Na2CuSmCl6,r_B2,1.098,-0.0211750989241585
direct_000658,Na2CuTbCl6,r_B2,1.063,-0.0204663700423489
direct_000659,Na2AgTmCl6,r_B2,1.02,-0.0233076526928743
direct_000660,Na2CuTmCl6,r_B2,1.02,-0.020091034301708
direct_000661,Na2CuYBr6,r_B2,1.04,-0.0339244196350118
direct_000662,Na2CuYCl6,r_B2,1.04,-0.0298081608885212
direct_000663,O2NbPCl6,r_B2,0.52,0.063354285389629
direct_000664,Rb2AgAsBr6,r_B2,0.72,0.004714487999331
direct_000665,Rb2AgAsCl6,r_B2,0.72,-0.001094809007232
direct_000666,Rb2AgBiBr6,r_B2,1.17,-0.057512045315637
direct_000667,Rb2AgBiCl6,r_B2,1.17,-0.0582942794171093
direct_000668,Rb2AgBiI6,r_B2,1.17,-0.0505531040375321
direct_000669,Rb2AgMoBr6,r_B2,0.83,0.0992201040632418
direct_000670,Rb2AgMoCl6,r_B2,0.83,0.1004091707979228
direct_000671,Rb2AgMoI6,r_B2,0.83,0.0921778455092869
direct_000672,Rb2AgSbBr6,r_B2,0.9,-0.0298540165392524
direct_000673,Rb2AgSbCl6,r_B2,0.9,-0.0297129240108008
direct_000674,Rb2AgSbI6,r_B2,0.9,-0.0293206194523971
direct_000675,Rb2AgAlBr6,r_B2,0.675,0.0838343852308221
direct_000676,Rb2AgAlCl6,r_B2,0.675,0.0773936199988196
direct_000677,Rb2AlAuCl6,r_B2,0.99,0.0002711823083898
direct_000678,Rb2InAlBr6,r_B2,0.675,0.0056687648588488
direct_000679,Rb2InAlCl6,r_B2,0.675,0.0061812721604222
direct_000680,Rb2InAlI6,r_B2,0.675,0.0068375992817922
direct_000681,Rb2TlAlBr6,r_B2,0.675,0.0112525177917083
direct_000682,Rb2TlAlCl6,r_B2,0.675,0.0099265841553712
direct_000683,Rb2TlAlI6,r_B2,0.675,0.0107051995276336
direct_000684,Rb2AsAuCl6,r_B2,0.99,-0.0173167747680663
direct_000685,Rb2BiAuBr6,r_B2,0.99,-0.0212955266215874
direct_000686,Rb2BiAuCl6,r_B2,0.99,-0.0211427612051708
direct_000687,Rb2FBrCl6,r_B2,0.45,0.0670753541816141
direct_000688,Rb2AgCeBr6,r_B2,1.15,-0.102621168467812
direct_000689,Rb2AgCeCl6,r_B2,1.15,-0.103085088214408
direct_000690,Rb2AgCeI6,r_B2,1.15,-0.0945007955603628
direct_000691,Rb2CuCeBr6,r_B2,1.15,-0.101348375800194
direct_000692,Rb2CuCeCl6,r_B2,1.15,-0.1037389925214377
direct_000693,Rb2CuBiBr6,r_B2,1.17,-0.057417783697016
direct_000694,Rb2CuBiCl6,r_B2,1.17,-0.0602245217702824
direct_000695,Rb2CuBiI6,r_B2,1.17,-0.0503023899183774
direct_000696,Rb2CuMoBr6,r_B2,0.83,0.1207879475297633
direct_000697,Rb2CuMoCl6,r_B2,0.83,0.1117729786550787
direct_000698,Rb2CuMoI6,r_B2,0.83,0.096970380385283
direct_000699,Rb2CuSbBr6,r_B2,0.9,-0.0280470412450304
direct_000700,Rb2CuSbCl6,r_B2,0.9,-0.0291251338161178
direct_000701,Rb2CuSbI6,r_B2,0.9,-0.0270078864907484
direct_000702,Rb2AgDyCl6,r_B2,1.052,-0.0237772983187873
direct_000703,Rb2AuDyCl6,r_B2,1.052,-0.0214151834638548
direct_000704,Rb2CuDyCl6,r_B2,1.052,-0.0209772586834823
direct_000705,Rb2AgErCl6,r_B2,1.03,-0.0233508212732352
direct_000706,Rb2AuErCl6,r_B2,1.03,-0.020998432882692
direct_000707,Rb2CuErCl6,r_B2,1.03,-0.0205896044016225
direct_000708,Rb2AgGaBr6,r_B2,0.76,0.0425301182103763
direct_000709,Rb2AgGaCl6,r_B2,0.76,0.0574596253292382
direct_000710,Rb2AgGdCl6,r_B2,1.075,-0.0233021412960593
direct_000711,Rb2AgInBr6,r_B2,0.94,0.0344536757498009
direct_000712,Rb2AgInCl6,r_B2,0.94,0.0310394817718196
direct_000713,Rb2InAsBr6,r_B2,0.72,0.0315180984345184
direct_000714,Rb2InAsCl6,r_B2,0.72,0.0278854107862675
direct_000715,Rb2InBiCl6,r_B2,1.17,-0.0383205341416426
direct_000716,Rb2InGaBr6,r_B2,0.76,0.0004048133744593
direct_000717,Rb2InGaCl6,r_B2,0.76,0.0012364338244751
direct_000718,Rb2InGaI6,r_B2,0.76,0.0011886443926356
direct_000719,Rb2InSbBr6,r_B2,0.9,-0.0047261384637564
direct_000720,Rb2InSbCl6,r_B2,0.9,-0.0051789365580175
direct_000721,Rb2InSbI6,r_B2,0.9,-0.0149979346757474
direct_000722,Rb2AgLaCl6,r_B2,1.172,-0.0439085393972384
direct_000723,Rb2AuLaCl6,r_B2,1.172,-0.031154787062812
direct_000724,Rb2CuLaCl6,r_B2,1.172,-0.0437295929538853
direct_000725,Rb2LiBiBr6,r_B2,1.17,-0.0769560996673606
direct_000726,Rb2LiBiCl6,r_B2,1.17,-0.0814583941315028
direct_000727,Rb2LiBiI6,r_B2,1.17,-0.0632874244271922
direct_000728,Rb2LiCeBr6,r_B2,1.15,-0.2884937363017046
direct_000729,Rb2LiCeCl6,r_B2,1.15,-0.2893018797142804
direct_000730,Rb2LiCeI6,r_B2,1.15,-0.2632020102253521
direct_000731,Rb2LiDyBr6,r_B2,1.052,0.0472124788273761
direct_000732,Rb2LiDyCl6,r_B2,1.052,0.0454687417423078
direct_000733,Rb2LiErCl6,r_B2,1.03,0.0443371751709958
direct_000734,Rb2LiGdCl6,r_B2,1.075,0.0459646469275223
direct_000735,Rb2LiHoCl6,r_B2,1.041,0.0444456621669622
direct_000736,Rb2LiInCl6,r_B2,0.94,0.0216450622238047
direct_000737,Rb2LiLaCl6,r_B2,1.172,-0.0083158534287842
direct_000738,Rb2LiMoBr6,r_B2,0.83,0.1041080024090226
direct_000739,Rb2LiMoCl6,r_B2,0.83,0.0692754313183663
direct_000740,Rb2LiMoI6,r_B2,0.83,0.0971866137393039
direct_000741,Rb2LiNdBr6,r_B2,1.123,0.047787429138866
direct_000742,Rb2LiNdCl6,r_B2,1.123,0.0449839928691408
direct_000743,Rb2LiNdI6,r_B2,1.123,0.0461540086371619
direct_000744,Rb2LiPrBr6,r_B2,1.13,0.0475202657294394
direct_000745,Rb2LiPrCl6,r_B2,1.13,0.0449129269510768
direct_000746,Rb2LiPrI6,r_B2,1.13,0.0457986980046696
direct_000747,Rb2LiRhCl6,r_B2,0.805,0.0452048100077538
direct_000748,Rb2LiSbBr6,r_B2,0.9,-0.0338843008685133
direct_000749,Rb2LiSbCl6,r_B2,0.9,-0.0300627104989308
direct_000750,Rb2LiSbI6,r_B2,0.9,-0.0341904278182191
direct_000751,Rb2LiScCl6,r_B2,0.885,-0.0049228607660478
direct_000752,Rb2LiSmCl6,r_B2,1.098,0.0448884445749431
direct_000753,Rb2LiTbCl6,r_B2,1.063,0.0415715196103853
direct_000754,Rb2LiTlBr6,r_B2,1.025,0.0280073631331755
direct_000755,Rb2LiTlCl6,r_B2,1.025,0.0296536323466548
direct_000756,Rb2LiTmCl6,r_B2,1.02,0.0443564069827052
direct_000757,Rb2LiYBr6,r_B2,1.04,0.0347720510121586
direct_000758,Rb2LiYCl6,r_B2,1.04,0.0314886013670814
direct_000759,Rb2LiYI6,r_B2,1.04,0.031292682221704
direct_000760,Rb2AgLuCl6,r_B2,1.001,-0.0231863661637085
direct_000761,Rb2AuLuCl6,r_B2,1.001,-0.0226535764201097
direct_000762,Rb2CuLuCl6,r_B2,1.001,-0.0207355145118698
direct_000763,Rb2NaAlCl6,r_B2,0.675,0.0464866370374651
direct_000764,Rb2NaAsBr6,r_B2,0.72,0.0151653625571484
direct_000765,Rb2NaAsCl6,r_B2,0.72,0.0164514796927385
direct_000766,Rb2NaBiBr6,r_B2,1.17,-0.0823081878820032
direct_000767,Rb2NaBiCl6,r_B2,1.17,-0.1015203303577943
direct_000768,Rb2NaBiI6,r_B2,1.17,-0.0638020695354054
direct_000769,Rb2NaCeBr6,r_B2,1.15,-0.2650419690734328
direct_000770,Rb2NaCeCl6,r_B2,1.15,-0.2640532797667396
direct_000771,Rb2NaCeI6,r_B2,1.15,-0.2394471841817548
direct_000772,Rb2NaCrCl6,r_B2,1.4,0.0042785276704576
direct_000773,Rb2NaDyCl6,r_B2,1.052,0.046898040604221
direct_000774,Rb2NaErCl6,r_B2,1.03,0.0458497039810153
direct_000775,Rb2NaGaBr6,r_B2,0.76,0.0503340003850298
direct_000776,Rb2NaGaCl6,r_B2,0.76,0.0429129403570575
direct_000777,Rb2NaGdCl6,r_B2,1.075,0.0474104333702988
direct_000778,Rb2NaInBr6,r_B2,0.94,0.0239920403397409
direct_000779,Rb2NaInCl6,r_B2,0.94,0.0238045347329725
direct_000780,Rb2NaInI6,r_B2,0.94,0.0228495009871535
direct_000781,Rb2NaLaCl6,r_B2,1.172,-0.0107185987062068
direct_000782,Rb2NaMoBr6,r_B2,0.83,0.0911238771618461
direct_000783,Rb2NaMoCl6,r_B2,0.83,0.076933007963792
direct_000784,Rb2NaMoI6,r_B2,0.83,0.0870344254038379
direct_000785,Rb2NaNdBr6,r_B2,1.123,0.049511224692452
direct_000786,Rb2NaNdCl6,r_B2,1.123,0.0482265419985379
direct_000787,Rb2NaNdI6,r_B2,1.123,0.0484408579319587
direct_000788,Rb2NaPrBr6,r_B2,1.13,0.0496634593508223
direct_000789,Rb2NaPrCl6,r_B2,1.13,0.0483016773869736
direct_000790,Rb2NaPrI6,r_B2,1.13,0.0484916745130647
direct_000791,Rb2NaSbBr6,r_B2,0.9,-0.0420318259937724
direct_000792,Rb2NaSbCl6,r_B2,0.9,-0.0389776046037219
direct_000793,Rb2NaSbI6,r_B2,0.9,-0.0372145293866435
direct_000794,Rb2NaScBr6,r_B2,0.885,-0.0905107353648436
direct_000795,Rb2NaScCl6,r_B2,0.885,-0.075756917802378
direct_000796,Rb2NaScI6,r_B2,0.885,-0.0797187733392977
direct_000797,Rb2NaSmCl6,r_B2,1.098,0.0470245060352171
direct_000798,Rb2NaTbCl6,r_B2,1.063,0.0437923769307234
direct_000799,Rb2NaTlBr6,r_B2,1.025,0.0315701972744386
direct_000800,Rb2NaTlCl6,r_B2,1.025,0.029855786287133
direct_000801,Rb2NaTmCl6,r_B2,1.02,0.0458015333739548
direct_000802,Rb2NaYBr6,r_B2,1.04,0.0365672199954084
direct_000803,Rb2NaYCl6,r_B2,1.04,0.0339785461513453
direct_000804,Rb2NaYI6,r_B2,1.04,0.0340176309713096
direct_000805,Rb2AgNdBr6,r_B2,1.123,-0.0242425975244184
direct_000806,Rb2AgNdCl6,r_B2,1.123,-0.0233743016805439
direct_000807,Rb2AgNdI6,r_B2,1.123,-0.0201555036180154
direct_000808,Rb2AuNdCl6,r_B2,1.123,-0.0200423496687481
direct_000809,Rb2CuNdBr6,r_B2,1.123,-0.0229322145394375
direct_000810,Rb2CuNdCl6,r_B2,1.123,-0.0224064410103321
direct_000811,Rb2CuNdI6,r_B2,1.123,-0.0197816651095577
direct_000812,Rb2AgPrBr6,r_B2,1.13,-0.0244616340851981
direct_000813,Rb2AgPrCl6,r_B2,1.13,-0.0236257831495742
direct_000814,Rb2AgPrI6,r_B2,1.13,-0.0207070780621923
direct_000815,Rb2AuPrCl6,r_B2,1.13,-0.0197140273415005
direct_000816,Rb2CuPrBr6,r_B2,1.13,-0.0229858369832231
direct_000817,Rb2CuPrCl6,r_B2,1.13,-0.0223733498903269
direct_000818,Rb2CuPrI6,r_B2,1.13,-0.0196973647094737
direct_000819,Rb2AuSbCl6,r_B2,0.9,-0.0291653682215529
direct_000820,Rb2AgScBr6,r_B2,0.885,-0.0364192370105389
direct_000821,Rb2AgScCl6,r_B2,0.885,-0.0131239798668716
direct_000822,Rb2AgScI6,r_B2,0.885,-0.0341626230790164
direct_000823,Rb2AuScBr6,r_B2,0.885,-0.0283203603307554
direct_000824,Rb2AuScCl6,r_B2,0.885,-0.0287158411930907
direct_000825,Rb2AuScI6,r_B2,0.885,-0.0278348722206696
direct_000826,Rb2CuScCl6,r_B2,0.885,-0.0123748174120755
direct_000827,Rb2InScBr6,r_B2,0.885,0.0018043086129115
direct_000828,Rb2InScCl6,r_B2,0.885,0.0060264221184554
direct_000829,Rb2InScI6,r_B2,0.885,0.0022535462746143
direct_000830,Rb2TlScBr6,r_B2,0.885,0.0061093094096542
direct_000831,Rb2TlScCl6,r_B2,0.885,0.0083832928545625
direct_000832,Rb2TlScI6,r_B2,0.885,-0.0115498570218345
direct_000833,Rb2AgSmCl6,r_B2,1.098,-0.0232193593772519
direct_000834,Rb2AuSmCl6,r_B2,1.098,-0.0202023466980162
direct_000835,Rb2CuSmCl6,r_B2,1.098,-0.020925968803879
direct_000836,Rb2AgTbCl6,r_B2,1.063,-0.0242640926305467
direct_000837,Rb2AuTbCl6,r_B2,1.063,-0.0208048278736163
direct_000838,Rb2CuTbCl6,r_B2,1.063,-0.0204149225463783
direct_000839,Rb2TlAsBr6,r_B2,0.72,0.0427042570245102
direct_000840,Rb2TlAsCl6,r_B2,0.72,0.0419824278610675
direct_000841,Rb2TlAsI6,r_B2,0.72,0.0449097441312944
direct_000842,Rb2TlBiBr6,r_B2,1.17,-0.0302405394718892
direct_000843,Rb2TlGaBr6,r_B2,0.76,0.0142459356936428
direct_000844,Rb2TlGaCl6,r_B2,0.76,0.0134889009196904
direct_000845,Rb2TlGaI6,r_B2,0.76,0.0135134956188276
direct_000846,Rb2TlInBr6,r_B2,0.94,-0.0005105677717401
direct_000847,Rb2TlInCl6,r_B2,0.94,-0.0014179517641808
direct_000848,Rb2TlInI6,r_B2,0.94,-0.003389977036483
direct_000849,Rb2TlSbBr6,r_B2,0.9,-0.006390159378433
direct_000850,Rb2TlSbCl6,r_B2,0.9,-0.0052564985819661
direct_000851,Rb2TlSbI6,r_B2,0.9,-0.0068288650753488
direct_000852,Rb2AgTmCl6,r_B2,1.02,-0.0232663620568681
direct_000853,Rb2AuTmCl6,r_B2,1.02,-0.0208751391176213
direct_000854,Rb2CuTmCl6,r_B2,1.02,-0.0200863866127166
direct_000855,Rb2AgYBr6,r_B2,1.04,-0.0347216504161062
direct_000856,Rb2AgYCl6,r_B2,1.04,-0.0335042762122271
direct_000857,Rb2AgYI6,r_B2,1.04,-0.0291725915216083
direct_000858,Rb2AuYBr6,r_B2,1.04,-0.0289095938219636
direct_000859,Rb2AuYCl6,r_B2,1.04,-0.0301920523474344
direct_000860,Rb2AuYI6,r_B2,1.04,-0.0278792479068466
direct_000861,Rb2CuYBr6,r_B2,1.04,-0.0338145601000592
direct_000862,Rb2CuYCl6,r_B2,1.04,-0.0319330744800908
direct_000863,Rb2CuYI6,r_B2,1.04,-0.0310694774467562
direct_000864,Rb2InYBr6,r_B2,1.04,-0.0120363478590403
direct_000865,Rb2InYCl6,r_B2,1.04,-0.0179705660473734
direct_000866,Rb2InYI6,r_B2,1.04,-0.0062661485157838
direct_000867,Rb2TlYBr6,r_B2,1.04,0.0095847044966401
direct_000868,Rb2TlYCl6,r_B2,1.04,0.0211430185603772
direct_000869,Rb2TlYI6,r_B2,1.04,0.0093722164154648
direct_000870,O2PSbCl6,r_B2,0.76,0.0366437955810654
direct_000871,S2NSbCl6,r_B2,0.76,0.0616978870455894
direct_000872,Cs2GeSnCl6,r_B2,1.45,0.0467537485826028
direct_000873,Cs2GeSnBr6,r_B2,1.45,0.0493802343566971
direct_000874,Rb2GeSnCl6,r_B2,1.45,0.0461763113547437
direct_000875,Rb2GeSnBr6,r_B2,1.45,0.0495062570457143
direct_000876,K2GeSnBr6,r_B2,1.45,0.0493824215375957
direct_000877,K2GeSnI6,r_B2,1.45,0.0534763514240554
direct_000878,Na2GeSnCl6,r_B2,1.45,0.0443530272953095
direct_000879,K2GeSnCl6,r_B2,1.45,0.0444083322321912
direct_000880,Li2GeSnCl6,r_B2,1.45,0.044276837645199
direct_000881,Li2GeSnBr6,r_B2,1.45,0.0490774959420955
direct_000882,Li2GeSnI6,r_B2,1.45,0.0595124058633134
direct_000883,Rb2GeSnI6,r_B2,1.45,0.053309853681692
direct_000884,Cs2GeSnI6,r_B2,1.45,0.0535785076666401
direct_000001,Al2OSnCl6,Z_B1,8.0,0.0229419810880938
direct_000002,S2NAlCl6,Z_B1,7.0,0.018918939765941
direct_000003,Cs2AgAsBr6,Z_B1,47.0,-0.0113601910544455
direct_000004,Cs2AgAsCl6,Z_B1,47.0,-0.011727948899516
direct_000005,Cs2AgAuCl6,Z_B1,47.0,-0.0146395515522185
direct_000006,Cs2AgBiBr6,Z_B1,47.0,-0.0080702231739179
direct_000007,Cs2AgBiCl6,Z_B1,47.0,-0.0086929809549804
direct_000008,Cs2AgBiI6,Z_B1,47.0,-0.0047705594382031
direct_000009,Cs2AgMoBr6,Z_B1,47.0,0.0039247453700812
direct_000010,Cs2AgMoCl6,Z_B1,47.0,0.003877928342202
direct_000011,Cs2AgSbBr6,Z_B1,47.0,-0.0102647302024955
direct_000012,Cs2AgSbCl6,Z_B1,47.0,-0.0106132596462591
direct_000013,Cs2AgSbI6,Z_B1,47.0,-0.010181183126939
direct_000014,Cs2AgAlBr6,Z_B1,47.0,0.0146239121117766
direct_000015,Cs2AgAlCl6,Z_B1,47.0,0.0143689425761
direct_000016,Cs2AlAuCl6,Z_B1,13.0,0.0309285565729775
direct_000017,Cs2CuAlCl6,Z_B1,29.0,-0.0040953265679169
direct_000018,Cs2InAlBr6,Z_B1,49.0,-0.015923893809622
direct_000019,Cs2InAlCl6,Z_B1,49.0,-0.0164775817497406
direct_000020,Cs2InAlI6,Z_B1,49.0,-0.0149673019058518
direct_000021,Cs2TlAlBr6,Z_B1,81.0,-0.0179375176967069
direct_000022,Cs2TlAlCl6,Z_B1,81.0,-0.0176980221245768
direct_000023,Cs2TlAlI6,Z_B1,81.0,-0.0150477523049595
direct_000024,Cs2AsAuCl6,Z_B1,33.0,-0.0176788822806318
direct_000025,Cs2BrAsCl6,Z_B1,35.0,-0.016642132999654
direct_000026,Cs2BiAuBr6,Z_B1,83.0,-0.0167534122726449
direct_000027,Cs2BiAuCl6,Z_B1,83.0,-0.0163247661568388
direct_000028,Cs2FBrCl6,Z_B1,9.0,0.042541452743416
direct_000029,Cs2CaSnCl6,Z_B1,20.0,0.0172679751578406
direct_000030,Cs2AgCeBr6,Z_B1,47.0,-0.0061206804178814
direct_000031,Cs2AgCeCl6,Z_B1,47.0,-0.0070094150961499
direct_000032,Cs2AgCeI6,Z_B1,47.0,-0.0060779436562751
direct_000033,Cs2CuCeCl6,Z_B1,29.0,-0.0067710533440394
direct_000034,Cs2CuCeI6,Z_B1,29.0,-0.0060914129081985
direct_000035,Cs2CuAsCl6,Z_B1,29.0,-0.0083780904480545
direct_000036,Cs2CuBiBr6,Z_B1,29.0,-0.0075433511808974
direct_000037,Cs2CuBiCl6,Z_B1,29.0,-0.0091697714105349
direct_000038,Cs2CuBiI6,Z_B1,29.0,-0.0057099028545651
direct_000039,Cs2CuMoBr6,Z_B1,29.0,-0.0011504321942856
direct_000040,Cs2CuMoCl6,Z_B1,29.0,0.0002249916873493
direct_000041,Cs2CuMoI6,Z_B1,29.0,-0.0045899622668404
direct_000042,Cs2CuSbBr6,Z_B1,29.0,-0.0076063387469886
direct_000043,Cs2CuSbCl6,Z_B1,29.0,-0.0083145602329703
direct_000044,Cs2CuSbI6,Z_B1,29.0,-0.007408943065327
direct_000045,Cs2AuDyCl6,Z_B1,79.0,-0.02141762235675
direct_000046,Cs2CuDyCl6,Z_B1,29.0,-0.0145193273481966
direct_000047,Cs2AuErCl6,Z_B1,79.0,-0.0213814732878768
direct_000048,Cs2CuErCl6,Z_B1,29.0,-0.0147184854142306
direct_000049,Cs2AgGaBr6,Z_B1,47.0,0.0115422041863663
direct_000050,Cs2AgGaCl6,Z_B1,47.0,0.016276164963066
direct_000051,Cs2AuGdCl6,Z_B1,79.0,-0.0210385659577898
direct_000052,Cs2HgPdCl6,Z_B1,80.0,-0.0347770100901439
direct_000053,Cs2IBrCl6,Z_B1,53.0,-0.0086680422483411
direct_000054,Cs2FICl6,Z_B1,9.0,0.0690286095854669
direct_000055,Cs2AgInBr6,Z_B1,47.0,0.0116976315877796
direct_000056,Cs2AgInCl6,Z_B1,47.0,0.0116984338122304
direct_000057,Cs2InAsBr6,Z_B1,49.0,0.0031618452461045
direct_000058,Cs2InAsCl6,Z_B1,49.0,-0.0022576758048657
direct_000059,Cs2InAsI6,Z_B1,49.0,0.0031286362413801
direct_000060,Cs2InBiBr6,Z_B1,49.0,0.007071633040134
direct_000061,Cs2InBiCl6,Z_B1,49.0,0.0062952281221375
direct_000062,Cs2InBiI6,Z_B1,49.0,0.0070350212065293
direct_000063,Cs2InGaBr6,Z_B1,49.0,-0.014097131648731
direct_000064,Cs2InGaCl6,Z_B1,49.0,-0.0148053619943633
direct_000065,Cs2InGaI6,Z_B1,49.0,-0.0134144897580503
direct_000066,Cs2InSbBr6,Z_B1,49.0,0.0073225030149387
direct_000067,Cs2InSbCl6,Z_B1,49.0,0.0071700859733106
direct_000068,Cs2InSbI6,Z_B1,49.0,-0.002077276385514
direct_000069,Cs2KAlBr6,Z_B1,19.0,0.0153554645639396
direct_000070,Cs2KAlCl6,Z_B1,19.0,0.0162174228049473
direct_000071,Cs2KAlI6,Z_B1,19.0,0.0157216107059913
direct_000072,Cs2KAsBr6,Z_B1,19.0,0.0134299835599549
direct_000073,Cs2KAsCl6,Z_B1,19.0,0.0174914980627367
direct_000074,Cs2KAsI6,Z_B1,19.0,0.0049933531124903
direct_000075,Cs2KAuCl6,Z_B1,19.0,0.0104200074814877
direct_000076,Cs2KBiBr6,Z_B1,19.0,0.0149434080813548
direct_000077,Cs2KBiCl6,Z_B1,19.0,0.0184707852903446
direct_000078,Cs2KBiI6,Z_B1,19.0,0.0105190192887679
direct_000079,Cs2KCeBr6,Z_B1,19.0,0.0093635292368623
direct_000080,Cs2KCeCl6,Z_B1,19.0,0.0098777791420225
direct_000081,Cs2KCeI6,Z_B1,19.0,0.0100638217656175
direct_000082,Cs2KCrCl6,Z_B1,19.0,0.018212604282339
direct_000083,Cs2KDyCl6,Z_B1,19.0,0.0210681568977606
direct_000084,Cs2KGaBr6,Z_B1,19.0,0.0161387768126982
direct_000085,Cs2KGaCl6,Z_B1,19.0,0.0159184389020452
direct_000086,Cs2KGaI6,Z_B1,19.0,0.0164062171495397
direct_000087,Cs2KHoCl6,Z_B1,19.0,0.0210645010568949
direct_000088,Cs2KInBr6,Z_B1,19.0,0.0164034921210139
direct_000089,Cs2KInCl6,Z_B1,19.0,0.0162144341062154
direct_000090,Cs2KInI6,Z_B1,19.0,0.0166110508619217
direct_000091,Cs2KLaCl6,Z_B1,19.0,0.020086684279345
direct_000092,Cs2KLuCl6,Z_B1,19.0,0.0194995330478328
direct_000093,Cs2KMoBr6,Z_B1,19.0,0.0194269304776331
direct_000094,Cs2KMoCl6,Z_B1,19.0,0.0185018695249648
direct_000095,Cs2KMoI6,Z_B1,19.0,0.0176264399784746
direct_000096,Cs2KNdBr6,Z_B1,19.0,0.019982643821961
direct_000097,Cs2KNdCl6,Z_B1,19.0,0.0199876826073925
direct_000098,Cs2KNdI6,Z_B1,19.0,0.0192572355532706
direct_000099,Cs2KPrBr6,Z_B1,19.0,0.020002064969141
direct_000100,Cs2KPrCl6,Z_B1,19.0,0.0200257638919
direct_000101,Cs2KPrI6,Z_B1,19.0,0.0190982940626733
direct_000102,Cs2KSbBr6,Z_B1,19.0,0.0154008039466736
direct_000103,Cs2KSbCl6,Z_B1,19.0,0.0155405414183517
direct_000104,Cs2KSbI6,Z_B1,19.0,0.0101917703458041
direct_000105,Cs2KScBr6,Z_B1,19.0,0.0076212273959269
direct_000106,Cs2KScCl6,Z_B1,19.0,0.0086458074351594
direct_000107,Cs2KScI6,Z_B1,19.0,0.0036869353109777
direct_000108,Cs2KSmCl6,Z_B1,19.0,0.0207128692824253
direct_000109,Cs2KTbCl6,Z_B1,19.0,0.0202788031470804
direct_000110,Cs2KTlBr6,Z_B1,19.0,0.0216152564187053
direct_000111,Cs2KTlCl6,Z_B1,19.0,0.0217657993499397
direct_000112,Cs2KTlI6,Z_B1,19.0,0.0159411314083496
direct_000113,Cs2KYBr6,Z_B1,19.0,0.0191596240912971
direct_000114,Cs2KYCl6,Z_B1,19.0,0.0201574554635327
direct_000115,Cs2KYI6,Z_B1,19.0,0.0154697914543266
direct_000116,Cs2AgLaCl6,Z_B1,47.0,-0.0133046798045108
direct_000117,Cs2AuLaCl6,Z_B1,79.0,-0.019461528816812
direct_000118,Cs2CuLaCl6,Z_B1,29.0,-0.0132292590802213
direct_000119,Cs2LiBiBr6,Z_B1,3.0,0.0025362491132823
direct_000120,Cs2LiBiCl6,Z_B1,3.0,0.0039110856700555
direct_000121,Cs2LiBiI6,Z_B1,3.0,0.0016813733899369
direct_000122,Cs2LiCeBr6,Z_B1,3.0,0.0134746569888702
direct_000123,Cs2LiCeI6,Z_B1,3.0,0.0134192152764817
direct_000124,Cs2LiDyCl6,Z_B1,3.0,0.0287073920767578
direct_000125,Cs2LiErCl6,Z_B1,3.0,0.0287412632368277
direct_000126,Cs2LiGdCl6,Z_B1,3.0,0.0288117071597067
direct_000127,Cs2LiInBr6,Z_B1,3.0,0.0227173704376901
direct_000128,Cs2LiInCl6,Z_B1,3.0,0.0223543802957232
direct_000129,Cs2LiLaBr6,Z_B1,3.0,0.026575360237554
direct_000130,Cs2LiLaCl6,Z_B1,3.0,0.0282693089174984
direct_000131,Cs2LiLuCl6,Z_B1,3.0,0.0289440995113913
direct_000132,Cs2LiMoBr6,Z_B1,3.0,0.0171724062616797
direct_000133,Cs2LiMoCl6,Z_B1,3.0,0.0120137687550049
direct_000134,Cs2LiMoI6,Z_B1,3.0,0.0209749511120618
direct_000135,Cs2LiNdBr6,Z_B1,3.0,0.0290185687279749
direct_000136,Cs2LiNdCl6,Z_B1,3.0,0.0294596727500872
direct_000137,Cs2LiNdI6,Z_B1,3.0,0.0299304142011462
direct_000138,Cs2LiPrBr6,Z_B1,3.0,0.028992202182733
direct_000139,Cs2LiPrCl6,Z_B1,3.0,0.0293841048952812
direct_000140,Cs2LiPrI6,Z_B1,3.0,0.0299857322825071
direct_000141,Cs2LiSbBr6,Z_B1,3.0,0.003245215018659
direct_000142,Cs2LiSbCl6,Z_B1,3.0,0.0054301132827982
direct_000143,Cs2LiSbI6,Z_B1,3.0,0.0048958967371353
direct_000144,Cs2LiScCl6,Z_B1,3.0,0.0320980197515822
direct_000145,Cs2LiSmCl6,Z_B1,3.0,0.0301192718854014
direct_000146,Cs2LiTbCl6,Z_B1,3.0,0.0285777608649255
direct_000147,Cs2LiTlBr6,Z_B1,3.0,0.0290918219757733
direct_000148,Cs2LiTlCl6,Z_B1,3.0,0.0287053857775579
direct_000149,Cs2LiTmCl6,Z_B1,3.0,0.028713110310024
direct_000150,Cs2LiYBr6,Z_B1,3.0,0.0260583782209158
direct_000151,Cs2LiYCl6,Z_B1,3.0,0.0260487175119871
direct_000152,Cs2LiYI6,Z_B1,3.0,0.0263868535106903
direct_000153,Cs2AgLuCl6,Z_B1,47.0,-0.0120921686256504
direct_000154,Cs2NaAlCl6,Z_B1,11.0,0.019499792531095
direct_000155,Cs2NaAsBr6,Z_B1,11.0,-0.0011616123055559
direct_000156,Cs2NaAsCl6,Z_B1,11.0,-0.0016603397564821
direct_000157,Cs2NaBiBr6,Z_B1,11.0,0.001822776532656
direct_000158,Cs2NaBiCl6,Z_B1,11.0,0.0019067979450636
direct_000159,Cs2NaBiI6,Z_B1,11.0,0.0027638806246705
direct_000160,Cs2NaCeCl6,Z_B1,11.0,0.0114850511955099
direct_000161,Cs2NaCeI6,Z_B1,11.0,0.0112857501669438
direct_000162,Cs2NaCrCl6,Z_B1,11.0,0.0196020275443596
direct_000163,Cs2NaDyCl6,Z_B1,11.0,0.0267697822669688
direct_000164,Cs2NaErCl6,Z_B1,11.0,0.0270260658072808
direct_000165,Cs2NaGaBr6,Z_B1,11.0,0.0197912601990618
direct_000166,Cs2NaGaCl6,Z_B1,11.0,0.0202617299545801
direct_000167,Cs2NaGdCl6,Z_B1,11.0,0.0268399633859603
direct_000168,Cs2NaHoCl6,Z_B1,11.0,0.0272561747106638
direct_000169,Cs2NaInBr6,Z_B1,11.0,0.0231901128218177
direct_000170,Cs2NaInCl6,Z_B1,11.0,0.0214678081713623
direct_000171,Cs2NaInI6,Z_B1,11.0,0.0215061146745595
direct_000172,Cs2NaLaBr6,Z_B1,11.0,0.0261951489386238
direct_000173,Cs2NaLaCl6,Z_B1,11.0,0.0263816542716686
direct_000174,Cs2NaLuCl6,Z_B1,11.0,0.0276880202088883
direct_000175,Cs2NaMoBr6,Z_B1,11.0,0.0205270333379271
direct_000176,Cs2NaMoCl6,Z_B1,11.0,0.0171703219816923
direct_000177,Cs2NaMoI6,Z_B1,11.0,0.0233125461833746
direct_000178,Cs2NaNdBr6,Z_B1,11.0,0.0273064531325156
direct_000179,Cs2NaNdCl6,Z_B1,11.0,0.0277122096056814
direct_000180,Cs2NaPrBr6,Z_B1,11.0,0.0273021582676471
direct_000181,Cs2NaPrCl6,Z_B1,11.0,0.0277131762176105
direct_000182,Cs2NaPrI6,Z_B1,11.0,0.0295980696240621
direct_000183,Cs2NaSbBr6,Z_B1,11.0,0.0008635824546491
direct_000184,Cs2NaSbCl6,Z_B1,11.0,0.0026069717558336
direct_000185,Cs2NaSbI6,Z_B1,11.0,0.0028792383775202
direct_000186,Cs2NaScBr6,Z_B1,11.0,0.0102057821892331
direct_000187,Cs2NaScCl6,Z_B1,11.0,0.0120235059818715
direct_000188,Cs2NaScI6,Z_B1,11.0,0.0072414736470425
direct_000189,Cs2NaSmCl6,Z_B1,11.0,0.0261898835251541
direct_000190,Cs2NaTbCl6,Z_B1,11.0,0.0275368687771514
direct_000191,Cs2NaTlBr6,Z_B1,11.0,0.0260530816047759
direct_000192,Cs2NaTlCl6,Z_B1,11.0,0.0259596912849709
direct_000193,Cs2NaTlI6,Z_B1,11.0,0.0113355583203974
direct_000194,Cs2NaTmCl6,Z_B1,11.0,0.0270640487883527
direct_000195,Cs2NaUBr6,Z_B1,11.0,0.0147377672284902
direct_000196,Cs2NaUCl6,Z_B1,11.0,0.0139508990471195
direct_000197,Cs2NaYBr6,Z_B1,11.0,0.0240233364695477
direct_000198,Cs2NaYCl6,Z_B1,11.0,0.0233029609840788
direct_000199,Cs2NaYI6,Z_B1,11.0,0.0250301471166762
direct_000200,Cs2AgNdBr6,Z_B1,47.0,-0.0128294757266335
direct_000201,Cs2AgNdCl6,Z_B1,47.0,-0.0139017780071647
direct_000202,Cs2AgNdI6,Z_B1,47.0,-0.0115713303929879
direct_000203,Cs2AuNdCl6,Z_B1,79.0,-0.0210000614675133
direct_000204,Cs2CuNdBr6,Z_B1,29.0,-0.0134739589480612
direct_000205,Cs2CuNdI6,Z_B1,29.0,-0.0124640003812776
direct_000206,Cs2AgPrCl6,Z_B1,47.0,-0.0138058799329577
direct_000207,Cs2AgPrI6,Z_B1,47.0,-0.0117877327540686
direct_000208,Cs2AuPrCl6,Z_B1,79.0,-0.0206220970852482
direct_000209,Cs2CuPrBr6,Z_B1,29.0,-0.0134226539209635
direct_000210,Cs2CuPrCl6,Z_B1,29.0,-0.0141583683966723
direct_000211,Cs2CuPrI6,Z_B1,29.0,-0.0124291673893478
direct_000212,Cs2RbAlBr6,Z_B1,37.0,0.0001116270515374
direct_000213,Cs2RbAlCl6,Z_B1,37.0,-0.0006772411437555
direct_000214,Cs2RbAlI6,Z_B1,37.0,0.000728641742266
direct_000215,Cs2RbAsBr6,Z_B1,37.0,0.0039705617343475
direct_000216,Cs2RbAsCl6,Z_B1,37.0,0.004661304175728
direct_000217,Cs2RbAsI6,Z_B1,37.0,-0.0030241463815059
direct_000218,Cs2RbAuCl6,Z_B1,37.0,-0.004644708688017
direct_000219,Cs2RbBiBr6,Z_B1,37.0,0.0021424777020909
direct_000220,Cs2RbBiCl6,Z_B1,37.0,-0.0013068779165301
direct_000221,Cs2RbBiI6,Z_B1,37.0,-0.0012655490399335
direct_000222,Cs2RbCeCl6,Z_B1,37.0,-0.0019006489622827
direct_000223,Cs2RbDyCl6,Z_B1,37.0,-0.0017097919000359
direct_000224,Cs2RbErCl6,Z_B1,37.0,-0.0018245945705503
direct_000225,Cs2RbGaBr6,Z_B1,37.0,0.0007287620184942
direct_000226,Cs2RbGaCl6,Z_B1,37.0,-0.0001407605057745
direct_000227,Cs2RbGaI6,Z_B1,37.0,0.0001537604777669
direct_000228,Cs2RbGdCl6,Z_B1,37.0,-0.0017973592036507
direct_000229,Cs2RbInBr6,Z_B1,37.0,0.0017510231128792
direct_000230,Cs2RbInCl6,Z_B1,37.0,-0.0002303017368839
direct_000231,Cs2RbInI6,Z_B1,37.0,0.0024049883956078
direct_000232,Cs2RbLaCl6,Z_B1,37.0,-0.0071980539663506
direct_000233,Cs2RbLuCl6,Z_B1,37.0,-0.0050763409029533
direct_000234,Cs2RbNdCl6,Z_B1,37.0,-0.0015101350907774
direct_000235,Cs2RbPrCl6,Z_B1,37.0,-0.0015069706621155
direct_000236,Cs2RbSbBr6,Z_B1,37.0,0.0043356338194813
direct_000237,Cs2RbSbCl6,Z_B1,37.0,0.0023566355201286
direct_000238,Cs2RbSbI6,Z_B1,37.0,0.0040115287326013
direct_000239,Cs2RbScBr6,Z_B1,37.0,-0.0045477712333173
direct_000240,Cs2RbScCl6,Z_B1,37.0,-0.0061136164794117
direct_000241,Cs2RbScI6,Z_B1,37.0,-0.0046850302292056
direct_000242,Cs2RbSmCl6,Z_B1,37.0,-0.001768476227081
direct_000243,Cs2RbTbCl6,Z_B1,37.0,-0.0023538065877967
direct_000244,Cs2RbTlBr6,Z_B1,37.0,-0.0010189158573548
direct_000245,Cs2RbTlCl6,Z_B1,37.0,-0.0017144335985085
direct_000246,Cs2RbTlI6,Z_B1,37.0,0.0049859584837898
direct_000247,Cs2RbTmCl6,Z_B1,37.0,-0.0011085409444225
direct_000248,Cs2RbYBr6,Z_B1,37.0,-0.0007513859407305
direct_000249,Cs2RbYCl6,Z_B1,37.0,-0.0017134601694107
direct_000250,Cs2RbYI6,Z_B1,37.0,-0.0012327593826536
direct_000251,Cs2AuSbBr6,Z_B1,79.0,-0.0242507327087372
direct_000252,Cs2AuSbCl6,Z_B1,79.0,-0.0245708716381436
direct_000253,Cs2AgScBr6,Z_B1,47.0,-0.0060645444654972
direct_000254,Cs2AgScCl6,Z_B1,47.0,-0.003855382036146
direct_000255,Cs2AgScI6,Z_B1,47.0,-0.0072040769991779
direct_000256,Cs2AuScBr6,Z_B1,79.0,-0.029448692815341
direct_000257,Cs2AuScCl6,Z_B1,79.0,-0.0310424634476707
direct_000258,Cs2AuScI6,Z_B1,79.0,-0.0247587015230025
direct_000259,Cs2CuScCl6,Z_B1,29.0,-0.0097020656299016
direct_000260,Cs2InScBr6,Z_B1,49.0,0.01034261582002
direct_000261,Cs2InScCl6,Z_B1,49.0,0.0087650784467726
direct_000262,Cs2InScI6,Z_B1,49.0,0.0116495785503171
direct_000263,Cs2TlScBr6,Z_B1,81.0,-2.6729157933052007e-06
direct_000264,Cs2TlScCl6,Z_B1,81.0,0.0004938665237937
direct_000265,Cs2TlScI6,Z_B1,81.0,-0.0049068118410153
direct_000266,Cs2AuSmCl6,Z_B1,79.0,-0.0208625439559543
direct_000267,Cs2CuSmCl6,Z_B1,29.0,-0.0146033063498048
direct_000268,Cs2AuTbCl6,Z_B1,79.0,-0.0196401258954478
direct_000269,Cs2CuTbCl6,Z_B1,29.0,-0.0142731623944045
direct_000270,Cs2TlAsBr6,Z_B1,81.0,0.0072625796812387
direct_000271,Cs2TlAsCl6,Z_B1,81.0,0.0065189423649422
direct_000272,Cs2TlAsI6,Z_B1,81.0,0.010953099951031
direct_000273,Cs2TlBiBr6,Z_B1,81.0,0.0109364894975851
direct_000274,Cs2TlBiCl6,Z_B1,81.0,0.0109512070022647
direct_000275,Cs2TlBiI6,Z_B1,81.0,0.0112544289220719
direct_000276,Cs2TlGaBr6,Z_B1,81.0,-0.0238844857450721
direct_000277,Cs2TlGaCl6,Z_B1,81.0,-0.0246860619541495
direct_000278,Cs2TlGaI6,Z_B1,81.0,-0.0177039135282828
direct_000279,Cs2TlInBr6,Z_B1,81.0,-0.037822561077336
direct_000280,Cs2TlInCl6,Z_B1,81.0,-0.0379375804133376
direct_000281,Cs2TlInI6,Z_B1,81.0,-0.0319469824868242
direct_000282,Cs2TlSbBr6,Z_B1,81.0,0.0088785610523353
direct_000283,Cs2TlSbCl6,Z_B1,81.0,0.0066801724034033
direct_000284,Cs2TlSbI6,Z_B1,81.0,0.0118035718994362
direct_000285,Cs2CuTmCl6,Z_B1,29.0,-0.0145693194695284
direct_000286,Cs2AgYBr6,Z_B1,47.0,-0.0092771933994506
direct_000287,Cs2AgYCl6,Z_B1,47.0,-0.0102554021919086
direct_000288,Cs2AgYI6,Z_B1,47.0,-0.0095742422940606
direct_000289,Cs2AuYBr6,Z_B1,79.0,-0.0260975462506191
direct_000290,Cs2AuYCl6,Z_B1,79.0,-0.0264839441444089
direct_000291,Cs2AuYI6,Z_B1,79.0,-0.0213156316754019
direct_000292,Cs2CuYBr6,Z_B1,29.0,-0.0123188917789085
direct_000293,Cs2CuYCl6,Z_B1,29.0,-0.0136488309525039
direct_000294,Cs2CuYI6,Z_B1,29.0,-0.012052251397214
direct_000295,Cs2InYBr6,Z_B1,49.0,0.0031711747765863
direct_000296,Cs2InYCl6,Z_B1,49.0,-0.0016093577216099
direct_000297,Cs2InYI6,Z_B1,49.0,0.0010759992637006
direct_000298,Cs2TlYBr6,Z_B1,81.0,-0.0138228919433584
direct_000299,Cs2TlYCl6,Z_B1,81.0,-0.0134223592397236
direct_000300,Cs2TlYI6,Z_B1,81.0,-0.0016457439605691
direct_000301,K2CsAlBr6,Z_B1,55.0,-0.0032453840718589
direct_000302,K2CsAlCl6,Z_B1,55.0,-0.0038276830382079
direct_000303,K2CsAlI6,Z_B1,55.0,-0.0027066062256557
direct_000304,K2CsAsBr6,Z_B1,55.0,0.0034039812906597
direct_000305,K2CsAsCl6,Z_B1,55.0,0.0026383927505604
direct_000306,K2CsBiCl6,Z_B1,55.0,-0.0104626628776145
direct_000307,K2CsGaCl6,Z_B1,55.0,-0.0042622605235908
direct_000308,K2CsInCl6,Z_B1,55.0,-0.0045183850773766
direct_000309,K2CsSbCl6,Z_B1,55.0,-0.0098717921583898
direct_000310,K2CsScCl6,Z_B1,55.0,-0.0065260442989535
direct_000311,Mn2CsRbCl6,Z_B1,55.0,-0.0044844157296556
direct_000312,Rb2CsAlBr6,Z_B1,55.0,-0.00325950441706
direct_000313,Rb2CsAlCl6,Z_B1,55.0,-0.0037863951179664
direct_000314,Rb2CsAlI6,Z_B1,55.0,-0.0028668596481908
direct_000315,Rb2CsAsBr6,Z_B1,55.0,0.0037905984170749
direct_000316,Rb2CsAsCl6,Z_B1,55.0,0.0020364302057931
direct_000317,Rb2CsAsI6,Z_B1,55.0,-0.0020010677519424
direct_000318,Rb2CsAuCl6,Z_B1,55.0,-0.0025251551355513
direct_000319,Rb2CsDyCl6,Z_B1,55.0,-0.0026183771930529
direct_000320,Rb2CsErCl6,Z_B1,55.0,-0.0027339277344819
direct_000321,Rb2CsGaBr6,Z_B1,55.0,-0.0029835406026414
direct_000322,Rb2CsGaCl6,Z_B1,55.0,-0.0041383675743448
direct_000323,Rb2CsGaI6,Z_B1,55.0,-0.0026804382403317
direct_000324,Rb2CsGdCl6,Z_B1,55.0,-0.0034851174056226
direct_000325,Rb2CsInBr6,Z_B1,55.0,-0.0034740905312358
direct_000326,Rb2CsInCl6,Z_B1,55.0,-0.0045199226459434
direct_000327,Rb2CsLuCl6,Z_B1,55.0,-0.0043877030531668
direct_000328,Rb2CsSbCl6,Z_B1,55.0,-0.0098741516930487
direct_000329,Rb2CsScBr6,Z_B1,55.0,-0.0052035871729766
direct_000330,Rb2CsScCl6,Z_B1,55.0,-0.0065044380720195
direct_000331,Rb2CsTbCl6,Z_B1,55.0,-0.0037406585372378
direct_000332,Rb2CsTlBr6,Z_B1,55.0,-0.0041568420533183
direct_000333,Rb2CsTmCl6,Z_B1,55.0,-0.0027372681262965
direct_000334,Rb2CsYBr6,Z_B1,55.0,-0.0014177609582481
direct_000335,Rb2CsYCl6,Z_B1,55.0,-0.0029785119822268
direct_000336,O2GaReCl6,Z_B1,31.0,-0.0064318008704788
direct_000337,Se2NGaCl6,Z_B1,7.0,0.0300628624061343
direct_000338,K2AgAsBr6,Z_B1,47.0,-0.0117533159530566
direct_000339,K2AgAsCl6,Z_B1,47.0,-0.0107466748210784
direct_000340,K2AgBiBr6,Z_B1,47.0,-0.0080087770889173
direct_000341,K2AgBiCl6,Z_B1,47.0,-0.0080898634296936
direct_000342,K2AgBiI6,Z_B1,47.0,-0.0048763647752974
direct_000343,K2AgMoBr6,Z_B1,47.0,0.0040920568418044
direct_000344,K2AgMoCl6,Z_B1,47.0,0.0048173721763994
direct_000345,K2AgMoI6,Z_B1,47.0,0.0034281943368878
direct_000346,K2AgSbBr6,Z_B1,47.0,-0.0100824275934369
direct_000347,K2AgSbCl6,Z_B1,47.0,-0.0104277494747495
direct_000348,K2AgSbI6,Z_B1,47.0,-0.0102884570434709
direct_000349,K2AgAlBr6,Z_B1,47.0,0.0141046407155675
direct_000350,K2AgAlCl6,Z_B1,47.0,0.0149837721182006
direct_000351,K2AlAuCl6,Z_B1,13.0,0.0342780298216277
direct_000352,K2InAlBr6,Z_B1,49.0,-0.0154379321918426
direct_000353,K2InAlCl6,Z_B1,49.0,-0.015622827135393
direct_000354,K2InAlI6,Z_B1,49.0,-0.0148558322295911
direct_000355,K2TlAlBr6,Z_B1,81.0,-0.0177072353617037
direct_000356,K2TlAlCl6,Z_B1,81.0,-0.0176948688033791
direct_000357,K2TlAlI6,Z_B1,81.0,-0.0152531310469082
direct_000358,K2AsAuBr6,Z_B1,33.0,-0.0173360349346157
direct_000359,K2AsAuCl6,Z_B1,33.0,-0.0176509063223982
direct_000360,K2BiAuBr6,Z_B1,83.0,-0.0172243166023861
direct_000361,K2BiAuCl6,Z_B1,83.0,-0.0168107778930985
direct_000362,K2FBrCl6,Z_B1,9.0,0.0397173539365553
direct_000363,K2AgCeBr6,Z_B1,47.0,-0.0059629864017318
direct_000364,K2AgCeCl6,Z_B1,47.0,-0.0065615059217801
direct_000365,K2AgCeI6,Z_B1,47.0,-0.0053895797686937
direct_000366,K2AuCeCl6,Z_B1,79.0,-0.016514906052776
direct_000367,K2CuCeBr6,Z_B1,29.0,-0.0062026320830744
direct_000368,K2CuCeCl6,Z_B1,29.0,-0.0062833615709703
direct_000369,K2CuCeI6,Z_B1,29.0,-0.0055849435494451
direct_000370,K2CuBiBr6,Z_B1,29.0,-0.0077576054655288
direct_000371,K2CuBiCl6,Z_B1,29.0,-0.0087523850171644
direct_000372,K2CuBiI6,Z_B1,29.0,-0.0056634562664257
direct_000373,K2CuMoBr6,Z_B1,29.0,-0.0009971086688941
direct_000374,K2CuMoCl6,Z_B1,29.0,0.0009744606322293
direct_000375,K2CuMoI6,Z_B1,29.0,-0.0039507734826356
direct_000376,K2CuSbBr6,Z_B1,29.0,-0.0076096239192883
direct_000377,K2CuSbCl6,Z_B1,29.0,-0.0077706681924966
direct_000378,K2CuSbI6,Z_B1,29.0,-0.0074847725281134
direct_000379,K2AgDyCl6,Z_B1,47.0,-0.0119441921546211
direct_000380,K2AuDyCl6,Z_B1,79.0,-0.0230467351592191
direct_000381,K2CuDyCl6,Z_B1,29.0,-0.0144062692473185
direct_000382,K2AgErCl6,Z_B1,47.0,-0.0116167745201211
direct_000383,K2AuErCl6,Z_B1,79.0,-0.0230425890423212
direct_000384,K2CuErCl6,Z_B1,29.0,-0.0146754874088893
direct_000385,K2AgGaCl6,Z_B1,47.0,0.0176845773526059
direct_000386,K2AuGdCl6,Z_B1,79.0,-0.0223621784259402
direct_000387,K2CuGdCl6,Z_B1,29.0,-0.0145041634053734
direct_000388,K2AgInBr6,Z_B1,47.0,0.0122100371603256
direct_000389,K2AgInCl6,Z_B1,47.0,0.0126429493089972
direct_000390,K2InAsBr6,Z_B1,49.0,0.0038225280266674
direct_000391,K2InAsCl6,Z_B1,49.0,0.0001976061716884
direct_000392,K2InGaBr6,Z_B1,49.0,-0.0131434188659197
direct_000393,K2InGaCl6,Z_B1,49.0,-0.0139405176183353
direct_000394,K2InGaI6,Z_B1,49.0,-0.013200729239784
direct_000395,K2InSbBr6,Z_B1,49.0,0.0075474144194758
direct_000396,K2InSbCl6,Z_B1,49.0,0.007756029489144
direct_000397,K2InSbI6,Z_B1,49.0,-0.0003222525938026
direct_000398,K2AgLaCl6,Z_B1,47.0,-0.0131685977323902
direct_000399,K2AuLaCl6,Z_B1,79.0,-0.0195030397927887
direct_000400,K2CuLaCl6,Z_B1,29.0,-0.0130492273710099
direct_000401,K2LiBiBr6,Z_B1,3.0,0.0024567319329799
direct_000402,K2LiBiCl6,Z_B1,3.0,0.0032017034301164
direct_000403,K2LiBiI6,Z_B1,3.0,0.0018689442048742
direct_000404,K2LiCeBr6,Z_B1,3.0,0.0128689405184031
direct_000405,K2LiCeCl6,Z_B1,3.0,0.0150762532378821
direct_000406,K2LiCeI6,Z_B1,3.0,0.0131914456429432
direct_000407,K2LiDyCl6,Z_B1,3.0,0.0286475777571647
direct_000408,K2LiErCl6,Z_B1,3.0,0.0286991823303616
direct_000409,K2LiGdCl6,Z_B1,3.0,0.0287272183808162
direct_000410,K2LiInCl6,Z_B1,3.0,0.0215337033310705
direct_000411,K2LiLaCl6,Z_B1,3.0,0.0279939760293384
direct_000412,K2LiLuCl6,Z_B1,3.0,0.0289248092974989
direct_000413,K2LiMoBr6,Z_B1,3.0,0.0153008534351072
direct_000414,K2LiMoCl6,Z_B1,3.0,0.0036990891255197
direct_000415,K2LiMoI6,Z_B1,3.0,0.020470648855499
direct_000416,K2LiNdBr6,Z_B1,3.0,0.0289326737960703
direct_000417,K2LiNdCl6,Z_B1,3.0,0.0293347355493263
direct_000418,K2LiNdI6,Z_B1,3.0,0.0300562634356874
direct_000419,K2LiPrBr6,Z_B1,3.0,0.0288991435153692
direct_000420,K2LiPrCl6,Z_B1,3.0,0.0292559879516569
direct_000421,K2LiPrI6,Z_B1,3.0,0.0299830672304016
direct_000422,K2LiSbBr6,Z_B1,3.0,0.0031334443813288
direct_000423,K2LiSbCl6,Z_B1,3.0,0.003162605007924
direct_000424,K2LiSbI6,Z_B1,3.0,0.0047403852907593
direct_000425,K2LiScCl6,Z_B1,3.0,0.0263137063167638
direct_000426,K2LiSmCl6,Z_B1,3.0,0.0299882766734025
direct_000427,K2LiTbCl6,Z_B1,3.0,0.0284661475617241
direct_000428,K2LiTlBr6,Z_B1,3.0,0.0294963544477017
direct_000429,K2LiTlCl6,Z_B1,3.0,0.0289385690569782
direct_000430,K2LiTmCl6,Z_B1,3.0,0.0286118666013723
direct_000431,K2LiYBr6,Z_B1,3.0,0.0260569175770427
direct_000432,K2LiYCl6,Z_B1,3.0,0.025038715107345
direct_000433,K2LiYI6,Z_B1,3.0,0.0260049946097633
direct_000434,K2AgLuCl6,Z_B1,47.0,-0.0120342202696239
direct_000435,K2AuLuCl6,Z_B1,79.0,-0.0229939965066473
direct_000436,K2CuLuCl6,Z_B1,29.0,-0.0147274846987444
direct_000437,K2NaAlCl6,Z_B1,11.0,0.0185518230906128
direct_000438,K2NaAsBr6,Z_B1,11.0,-0.0041818214713647
direct_000439,K2NaAsCl6,Z_B1,11.0,-0.0038867089039619
direct_000440,K2NaBiBr6,Z_B1,11.0,0.0011717200172291
direct_000441,K2NaBiCl6,Z_B1,11.0,0.0016415328248651
direct_000442,K2NaBiI6,Z_B1,11.0,0.0028312164648747
direct_000443,K2NaCeBr6,Z_B1,11.0,0.0111037937398591
direct_000444,K2NaCeCl6,Z_B1,11.0,0.0115964962395511
direct_000445,K2NaCrCl6,Z_B1,11.0,0.0190687760215259
direct_000446,K2NaDyCl6,Z_B1,11.0,0.026726952944057
direct_000447,K2NaErCl6,Z_B1,11.0,0.0269862971140723
direct_000448,K2NaGaBr6,Z_B1,11.0,0.0188529654118631
direct_000449,K2NaGaCl6,Z_B1,11.0,0.0196276852226261
direct_000450,K2NaGdCl6,Z_B1,11.0,0.0267731005762965
direct_000451,K2NaInBr6,Z_B1,11.0,0.0231509926844479
direct_000452,K2NaInCl6,Z_B1,11.0,0.0205516133446451
direct_000453,K2NaInI6,Z_B1,11.0,0.0216346198393831
direct_000454,K2NaLaCl6,Z_B1,11.0,0.0261116750647416
direct_000455,K2NaLuCl6,Z_B1,11.0,0.0276855302808314
direct_000456,K2NaMoBr6,Z_B1,11.0,0.0190205201942505
direct_000457,K2NaMoCl6,Z_B1,11.0,0.0085093707340904
direct_000458,K2NaMoI6,Z_B1,11.0,0.0231207739979832
direct_000459,K2NaNdBr6,Z_B1,11.0,0.0272012005628487
direct_000460,K2NaNdCl6,Z_B1,11.0,0.0275747739763823
direct_000461,K2NaNdI6,Z_B1,11.0,0.0295925998684086
direct_000462,K2NaPrBr6,Z_B1,11.0,0.0271949673778366
direct_000463,K2NaPrCl6,Z_B1,11.0,0.0275796400125509
direct_000464,K2NaPrI6,Z_B1,11.0,0.0296197628528099
direct_000465,K2NaSbBr6,Z_B1,11.0,0.0007436685411466
direct_000466,K2NaSbCl6,Z_B1,11.0,0.0009806072710936
direct_000467,K2NaSbI6,Z_B1,11.0,0.0026229610079768
direct_000468,K2NaScBr6,Z_B1,11.0,0.0084021631851672
direct_000469,K2NaScCl6,Z_B1,11.0,0.0102153460381515
direct_000470,K2NaScI6,Z_B1,11.0,0.0069521357433874
direct_000471,K2NaSmCl6,Z_B1,11.0,0.0261196879984363
direct_000472,K2NaTbCl6,Z_B1,11.0,0.0274378910531289
direct_000473,K2NaTlBr6,Z_B1,11.0,0.0262380724263853
direct_000474,K2NaTlCl6,Z_B1,11.0,0.0262232504060698
direct_000475,K2NaTlI6,Z_B1,11.0,0.0119872105049197
direct_000476,K2NaTmCl6,Z_B1,11.0,0.0269790095617047
direct_000477,K2NaYBr6,Z_B1,11.0,0.0240522969859778
direct_000478,K2NaYCl6,Z_B1,11.0,0.0229004203326833
direct_000479,K2NaYI6,Z_B1,11.0,0.0246460885556617
direct_000480,K2AgNdBr6,Z_B1,47.0,-0.0128363068193568
direct_000481,K2AgNdCl6,Z_B1,47.0,-0.0138059307301669
direct_000482,K2AgNdI6,Z_B1,47.0,-0.0117121008571597
direct_000483,K2AuNdCl6,Z_B1,79.0,-0.0212628753393552
direct_000484,K2CuNdBr6,Z_B1,29.0,-0.0134895795656566
direct_000485,K2CuNdCl6,Z_B1,29.0,-0.0142053808523897
direct_000486,K2CuNdI6,Z_B1,29.0,-0.0123561078916921
direct_000487,K2AgPrBr6,Z_B1,47.0,-0.0127192850305445
direct_000488,K2AgPrCl6,Z_B1,47.0,-0.0137036005349045
direct_000489,K2AgPrI6,Z_B1,47.0,-0.0115574278770886
direct_000490,K2AuPrCl6,Z_B1,79.0,-0.0208363378729297
direct_000491,K2CuPrBr6,Z_B1,29.0,-0.0134563858669176
direct_000492,K2CuPrCl6,Z_B1,29.0,-0.0140219749751349
direct_000493,K2CuPrI6,Z_B1,29.0,-0.0123212748997623
direct_000494,K2RbAlBr6,Z_B1,37.0,0.0001420182748467
direct_000495,K2RbAlCl6,Z_B1,37.0,-0.0006726834985007
direct_000496,K2RbAlI6,Z_B1,37.0,0.0007810659477401
direct_000497,K2RbAsBr6,Z_B1,37.0,0.0051882683394105
direct_000498,K2RbAsCl6,Z_B1,37.0,0.0053127577403179
direct_000499,K2RbAsI6,Z_B1,37.0,-0.0024023754068727
direct_000500,K2RbAuCl6,Z_B1,37.0,-0.0045579392238709
direct_000501,K2RbBiBr6,Z_B1,37.0,0.0016819206467562
direct_000502,K2RbBiCl6,Z_B1,37.0,-0.0024158768940568
direct_000503,K2RbBiI6,Z_B1,37.0,-0.0012424203992862
direct_000504,K2RbCeBr6,Z_B1,37.0,-0.0021218167641329
direct_000505,K2RbCeCl6,Z_B1,37.0,-0.0019638363504723
direct_000506,K2RbCeI6,Z_B1,37.0,-0.0024415352908832
direct_000507,K2RbDyCl6,Z_B1,37.0,-0.0018059755406003
direct_000508,K2RbErCl6,Z_B1,37.0,-0.0018164603350205
direct_000509,K2RbGaBr6,Z_B1,37.0,0.0006849839775051
direct_000510,K2RbGaCl6,Z_B1,37.0,-4.035981488008874e-05
direct_000511,K2RbGaI6,Z_B1,37.0,0.0003939780935592
direct_000512,K2RbGdCl6,Z_B1,37.0,-0.001866795754695
direct_000513,K2RbInBr6,Z_B1,37.0,0.0014264164236529
direct_000514,K2RbInCl6,Z_B1,37.0,-0.000329354007677
direct_000515,K2RbLuCl6,Z_B1,37.0,-0.0046362048749971
direct_000516,K2RbMoBr6,Z_B1,37.0,0.0058748555444679
direct_000517,K2RbMoCl6,Z_B1,37.0,0.0071583774535381
direct_000518,K2RbMoI6,Z_B1,37.0,0.0031050890769647
direct_000519,K2RbNdBr6,Z_B1,37.0,-0.0014717427097626
direct_000520,K2RbNdCl6,Z_B1,37.0,-0.0015560157434565
direct_000521,K2RbNdI6,Z_B1,37.0,-0.0016620103829333
direct_000522,K2RbPrBr6,Z_B1,37.0,-0.0011845666164855
direct_000523,K2RbPrCl6,Z_B1,37.0,-0.0015529144252668
direct_000524,K2RbPrI6,Z_B1,37.0,-0.0018159148570421
direct_000525,K2RbSbBr6,Z_B1,37.0,0.0042734366219555
direct_000526,K2RbSbCl6,Z_B1,37.0,0.0027364868180995
direct_000527,K2RbSbI6,Z_B1,37.0,0.0041503317907543
direct_000528,K2RbScBr6,Z_B1,37.0,-0.0044925709188363
direct_000529,K2RbScCl6,Z_B1,37.0,-0.0061761164634082
direct_000530,K2RbTbCl6,Z_B1,37.0,-0.0024224847105321
direct_000531,K2RbTlBr6,Z_B1,37.0,-0.0014254480432517
direct_000532,K2RbTmCl6,Z_B1,37.0,-0.0011075872845244
direct_000533,K2RbYBr6,Z_B1,37.0,-0.0007375011887461
direct_000534,K2RbYCl6,Z_B1,37.0,-0.0013190196762464
direct_000535,K2RbYI6,Z_B1,37.0,-0.0002488899961963
direct_000536,K2AuSbBr6,Z_B1,79.0,-0.0252861543581736
direct_000537,K2AuSbCl6,Z_B1,79.0,-0.0250589920319205
direct_000538,K2AgScBr6,Z_B1,47.0,-0.0058756751874239
direct_000539,K2AgScCl6,Z_B1,47.0,-0.0009519640063281
direct_000540,K2AgScI6,Z_B1,47.0,-0.007106278728291
direct_000541,K2AuScBr6,Z_B1,79.0,-0.0298809322086125
direct_000542,K2AuScCl6,Z_B1,79.0,-0.0319400866282291
direct_000543,K2AuScI6,Z_B1,79.0,-0.025471995765472
direct_000544,K2CuScCl6,Z_B1,29.0,-0.0081289068796401
direct_000545,K2InScBr6,Z_B1,49.0,0.0103715947282229
direct_000546,K2InScCl6,Z_B1,49.0,0.0096547941886286
direct_000547,K2InScI6,Z_B1,49.0,0.0129008204805084
direct_000548,K2TlScBr6,Z_B1,81.0,-0.0004027954324958
direct_000549,K2TlScCl6,Z_B1,81.0,-6.210661997402083e-05
direct_000550,K2AgSmCl6,Z_B1,47.0,-0.0137554277333429
direct_000551,K2AuSmCl6,Z_B1,79.0,-0.0220633134489464
direct_000552,K2CuSmCl6,Z_B1,29.0,-0.0145118339887521
direct_000553,K2AgTbCl6,Z_B1,47.0,-0.0135315037260591
direct_000554,K2AuTbCl6,Z_B1,79.0,-0.0202876071503808
direct_000555,K2CuTbCl6,Z_B1,29.0,-0.014232524472548
direct_000556,K2TlAsBr6,Z_B1,81.0,0.0066103967902049
direct_000557,K2TlAsCl6,Z_B1,81.0,0.0053743352896012
direct_000558,K2TlAsI6,Z_B1,81.0,0.0103418269266041
direct_000559,K2TlGaBr6,Z_B1,81.0,-0.0239549705735341
direct_000560,K2TlGaCl6,Z_B1,81.0,-0.0249877242871783
direct_000561,K2TlGaI6,Z_B1,81.0,-0.0186539221488587
direct_000562,K2TlInBr6,Z_B1,81.0,-0.0395464015539559
direct_000563,K2TlInCl6,Z_B1,81.0,-0.0383543421783454
direct_000564,K2TlInI6,Z_B1,81.0,-0.0325204977842435
direct_000565,K2TlSbBr6,Z_B1,81.0,0.0067380641786156
direct_000566,K2TlSbCl6,Z_B1,81.0,0.005971636900589
direct_000567,K2AgTmCl6,Z_B1,47.0,-0.0113792522524999
direct_000568,K2AuTmCl6,Z_B1,79.0,-0.0231427881481352
direct_000569,K2CuTmCl6,Z_B1,29.0,-0.0145190938085427
direct_000570,K2AgYBr6,Z_B1,47.0,-0.0093669531204265
direct_000571,K2AgYCl6,Z_B1,47.0,-0.0095273274058075
direct_000572,K2AgYI6,Z_B1,47.0,-0.0096309975164546
direct_000573,K2AuYBr6,Z_B1,79.0,-0.026669559120079
direct_000574,K2AuYCl6,Z_B1,79.0,-0.0268629111609844
direct_000575,K2AuYI6,Z_B1,79.0,-0.0222418444569901
direct_000576,K2CuYBr6,Z_B1,29.0,-0.0122278373249329
direct_000577,K2CuYCl6,Z_B1,29.0,-0.0126960922141719
direct_000578,K2CuYI6,Z_B1,29.0,-0.0119072376005988
direct_000579,K2InYCl6,Z_B1,49.0,-0.0035434181193049
direct_000580,K2TlYBr6,Z_B1,81.0,-0.0169802056165361
direct_000581,Rb2KAlBr6,Z_B1,19.0,0.0153554779165662
direct_000582,Rb2KAlCl6,Z_B1,19.0,0.0154543559799289
direct_000583,Rb2KAlI6,Z_B1,19.0,0.0157778738426852
direct_000584,Rb2KAsBr6,Z_B1,19.0,0.0142828744882978
direct_000585,Rb2KAsCl6,Z_B1,19.0,0.0151378144376765
direct_000586,Rb2KAsI6,Z_B1,19.0,0.0047201069588779
direct_000587,Rb2KAuCl6,Z_B1,19.0,0.0123996435727049
direct_000588,Rb2KDyCl6,Z_B1,19.0,0.0209733429483169
direct_000589,Rb2KErCl6,Z_B1,19.0,0.0208170292636675
direct_000590,Rb2KGaBr6,Z_B1,19.0,0.0160672955642523
direct_000591,Rb2KGaCl6,Z_B1,19.0,0.0151168900112981
direct_000592,Rb2KGaI6,Z_B1,19.0,0.0166937213392124
direct_000593,Rb2KGdCl6,Z_B1,19.0,0.0205580469258792
direct_000594,Rb2KInBr6,Z_B1,19.0,0.0161772961770009
direct_000595,Rb2KInCl6,Z_B1,19.0,0.0158757017749099
direct_000596,Rb2KInI6,Z_B1,19.0,0.0169965960349342
direct_000597,Rb2KLaCl6,Z_B1,19.0,0.020577000616945
direct_000598,Rb2KLuCl6,Z_B1,19.0,0.0194308083347579
direct_000599,Rb2KScBr6,Z_B1,19.0,0.0071961287932995
direct_000600,Rb2KScCl6,Z_B1,19.0,0.0074546826846438
direct_000601,Rb2KScI6,Z_B1,19.0,0.0037988260127149
direct_000602,Rb2KSmCl6,Z_B1,19.0,0.0206524367310217
direct_000603,Rb2KTbCl6,Z_B1,19.0,0.0202396236448458
direct_000604,Rb2KTlBr6,Z_B1,19.0,0.0217835754009623
direct_000605,Rb2KTlCl6,Z_B1,19.0,0.0221456923017401
direct_000606,Rb2KTlI6,Z_B1,19.0,0.0170324211441549
direct_000607,Rb2KTmCl6,Z_B1,19.0,0.0198807305967224
direct_000608,Li2CuSbCl6,Z_B1,29.0,-0.0074561147742968
direct_000609,Li2CuInCl6,Z_B1,29.0,-0.0064992842221193
direct_000610,Li2CuScCl6,Z_B1,29.0,-0.0065292621988476
direct_000611,Tl2LiScCl6,Z_B1,3.0,0.0252137265790622
direct_000612,Tl2LiInCl6,Z_B1,3.0,0.0092608256254765
direct_000613,Tl2LiYCl6,Z_B1,3.0,0.0138041502733609
direct_000614,O2MoPCl6,Z_B1,42.0,-0.0089691658519667
direct_000615,Na2AgAsBr6,Z_B1,47.0,-0.0115915924707145
direct_000616,Na2AgAsCl6,Z_B1,47.0,-0.0104628084507048
direct_000617,Na2AgSbCl6,Z_B1,47.0,-0.0100867368786178
direct_000618,Na2AgAlBr6,Z_B1,47.0,0.0141581964138946
direct_000619,Na2AgAlCl6,Z_B1,47.0,0.015307919488743
direct_000620,Na2CuBiBr6,Z_B1,29.0,-0.0077331881824057
direct_000621,Na2CuBiCl6,Z_B1,29.0,-0.008355021539358
direct_000622,Na2CuSbCl6,Z_B1,29.0,-0.0074807405583114
direct_000623,Na2CuDyCl6,Z_B1,29.0,-0.014361744193904
direct_000624,Na2CuErCl6,Z_B1,29.0,-0.0146381082922878
direct_000625,Na2CuEuCl6,Z_B1,29.0,-0.014446580315315
direct_000626,Na2AgGaCl6,Z_B1,47.0,0.0180122152157022
direct_000627,Na2AgInBr6,Z_B1,47.0,0.0122324436699656
direct_000628,Na2AgInCl6,Z_B1,47.0,0.0129605983749991
direct_000629,Na2CuLaCl6,Z_B1,29.0,-0.0126729437408439
direct_000630,Na2LiBiBr6,Z_B1,3.0,0.0024597524205315
direct_000631,Na2LiBiCl6,Z_B1,3.0,0.0031187462659813
direct_000632,Na2LiBiI6,Z_B1,3.0,0.0018689442048742
direct_000633,Na2LiCeCl6,Z_B1,3.0,0.0148437835763532
direct_000634,Na2LiDyCl6,Z_B1,3.0,0.0285369708887007
direct_000635,Na2LiErCl6,Z_B1,3.0,0.0285885754618976
direct_000636,Na2LiGdCl6,Z_B1,3.0,0.0286167851070825
direct_000637,Na2LiInCl6,Z_B1,3.0,0.0214687977610509
direct_000638,Na2LiLaCl6,Z_B1,3.0,0.0273679131407335
direct_000639,Na2LiLuCl6,Z_B1,3.0,0.0288142024290348
direct_000640,Na2LiNdCl6,Z_B1,3.0,0.029222698932456
direct_000641,Na2LiPrCl6,Z_B1,3.0,0.0293192190908497
direct_000642,Na2LiSbCl6,Z_B1,3.0,0.0028888130171898
direct_000643,Na2LiScCl6,Z_B1,3.0,0.0262481474402833
direct_000644,Na2LiSmCl6,Z_B1,3.0,0.0298762400565322
direct_000645,Na2LiTbCl6,Z_B1,3.0,0.0283539373501235
direct_000646,Na2LiTlBr6,Z_B1,3.0,0.0295412027946841
direct_000647,Na2LiTlCl6,Z_B1,3.0,0.028837458066937
direct_000648,Na2LiTmCl6,Z_B1,3.0,0.0285055428136835
direct_000649,Na2LiYBr6,Z_B1,3.0,0.0257512474016622
direct_000650,Na2LiYCl6,Z_B1,3.0,0.024955038321083
direct_000651,Na2AgLuCl6,Z_B1,47.0,-0.0119148107324668
direct_000652,Na2CuLuCl6,Z_B1,29.0,-0.01468295964533
direct_000653,Na2CuNdCl6,Z_B1,29.0,-0.0141591696243939
direct_000654,Na2CuPrCl6,Z_B1,29.0,-0.0139757637471392
direct_000655,Na2AgScCl6,Z_B1,47.0,-0.0019911862875461
direct_000656,Na2CuScCl6,Z_B1,29.0,-0.0059746520745292
direct_000657,Na2CuSmCl6,Z_B1,29.0,-0.0144656227607563
direct_000658,Na2CuTbCl6,Z_B1,29.0,-0.0141879994191335
direct_000659,Na2AgTmCl6,Z_B1,47.0,-0.0112598427153428
direct_000660,Na2CuTmCl6,Z_B1,29.0,-0.0144745687551283
direct_000661,Na2CuYBr6,Z_B1,29.0,-0.0122210726371682
direct_000662,Na2CuYCl6,Z_B1,29.0,-0.0126300717083173
direct_000663,O2NbPCl6,Z_B1,41.0,0.0044833936336037
direct_000664,Rb2AgAsBr6,Z_B1,47.0,-0.0117737333768627
direct_000665,Rb2AgAsCl6,Z_B1,47.0,-0.0108552406043041
direct_000666,Rb2AgBiBr6,Z_B1,47.0,-0.0080014470195768
direct_000667,Rb2AgBiCl6,Z_B1,47.0,-0.0081261865373187
direct_000668,Rb2AgBiI6,Z_B1,47.0,-0.0047501069939334
direct_000669,Rb2AgMoBr6,Z_B1,47.0,0.003919944884109
direct_000670,Rb2AgMoCl6,Z_B1,47.0,0.0042999091032267
direct_000671,Rb2AgMoI6,Z_B1,47.0,0.0033901902219038
direct_000672,Rb2AgSbBr6,Z_B1,47.0,-0.010141782325849
direct_000673,Rb2AgSbCl6,Z_B1,47.0,-0.0102843814697746
direct_000674,Rb2AgSbI6,Z_B1,47.0,-0.010383968914016
direct_000675,Rb2AgAlBr6,Z_B1,47.0,0.0140908488430339
direct_000676,Rb2AgAlCl6,Z_B1,47.0,0.0151057469679478
direct_000677,Rb2AlAuCl6,Z_B1,13.0,0.0337389380457858
direct_000678,Rb2InAlBr6,Z_B1,49.0,-0.0153862615714425
direct_000679,Rb2InAlCl6,Z_B1,49.0,-0.0158536622335457
direct_000680,Rb2InAlI6,Z_B1,49.0,-0.0148559820354614
direct_000681,Rb2TlAlBr6,Z_B1,81.0,-0.0177266076718566
direct_000682,Rb2TlAlCl6,Z_B1,81.0,-0.0176298521881231
direct_000683,Rb2TlAlI6,Z_B1,81.0,-0.0151869535684369
direct_000684,Rb2AsAuCl6,Z_B1,33.0,-0.0175353781359967
direct_000685,Rb2BiAuBr6,Z_B1,83.0,-0.0171736504228235
direct_000686,Rb2BiAuCl6,Z_B1,83.0,-0.0165877403211818
direct_000687,Rb2FBrCl6,Z_B1,9.0,0.0404011220181029
direct_000688,Rb2AgCeBr6,Z_B1,47.0,-0.0059656702460434
direct_000689,Rb2AgCeCl6,Z_B1,47.0,-0.0065754919469389
direct_000690,Rb2AgCeI6,Z_B1,47.0,-0.005521249954043
direct_000691,Rb2CuCeBr6,Z_B1,29.0,-0.0061909588627226
direct_000692,Rb2CuCeCl6,Z_B1,29.0,-0.0063753566927859
direct_000693,Rb2CuBiBr6,Z_B1,29.0,-0.0077524251934062
direct_000694,Rb2CuBiCl6,Z_B1,29.0,-0.0087104957661908
direct_000695,Rb2CuBiI6,Z_B1,29.0,-0.0056668072242839
direct_000696,Rb2CuMoBr6,Z_B1,29.0,-0.0010961419863381
direct_000697,Rb2CuMoCl6,Z_B1,29.0,0.001357120902983
direct_000698,Rb2CuMoI6,Z_B1,29.0,-0.0051620427445205
direct_000699,Rb2CuSbBr6,Z_B1,29.0,-0.0076237478388171
direct_000700,Rb2CuSbCl6,Z_B1,29.0,-0.0078802422258823
direct_000701,Rb2CuSbI6,Z_B1,29.0,-0.0075129959406383
direct_000702,Rb2AgDyCl6,Z_B1,47.0,-0.0119607973131997
direct_000703,Rb2AuDyCl6,Z_B1,79.0,-0.0230401944520819
direct_000704,Rb2CuDyCl6,Z_B1,29.0,-0.0144626586568318
direct_000705,Rb2AgErCl6,Z_B1,47.0,-0.0116184706250229
direct_000706,Rb2AuErCl6,Z_B1,79.0,-0.0230303517643446
direct_000707,Rb2CuErCl6,Z_B1,29.0,-0.014690462761275
direct_000708,Rb2AgGaBr6,Z_B1,47.0,0.0095897787818363
direct_000709,Rb2AgGaCl6,Z_B1,47.0,0.0175419687084942
direct_000710,Rb2AgGdCl6,Z_B1,47.0,-0.0131776780040715
direct_000711,Rb2AgInBr6,Z_B1,47.0,0.012145022279125
direct_000712,Rb2AgInCl6,Z_B1,47.0,0.0124247239540479
direct_000713,Rb2InAsBr6,Z_B1,49.0,0.0038165915413072
direct_000714,Rb2InAsCl6,Z_B1,49.0,0.0001593491821247
direct_000715,Rb2InBiCl6,Z_B1,49.0,0.0071267299287781
direct_000716,Rb2InGaBr6,Z_B1,49.0,-0.0130917482455196
direct_000717,Rb2InGaCl6,Z_B1,49.0,-0.0139624711460919
direct_000718,Rb2InGaI6,Z_B1,49.0,-0.013233522902879
direct_000719,Rb2InSbBr6,Z_B1,49.0,0.0075584901548857
direct_000720,Rb2InSbCl6,Z_B1,49.0,0.0077673486900109
direct_000721,Rb2InSbI6,Z_B1,49.0,3.705051501252005e-05
direct_000722,Rb2AgLaCl6,Z_B1,47.0,-0.013180113756158
direct_000723,Rb2AuLaCl6,Z_B1,79.0,-0.0194928080918251
direct_000724,Rb2CuLaCl6,Z_B1,29.0,-0.0131412224928255
direct_000725,Rb2LiBiBr6,Z_B1,3.0,0.0026590717333691
direct_000726,Rb2LiBiCl6,Z_B1,3.0,0.0032049963197518
direct_000727,Rb2LiBiI6,Z_B1,3.0,0.0018676398122073
direct_000728,Rb2LiCeBr6,Z_B1,3.0,0.0127396108965339
direct_000729,Rb2LiCeCl6,Z_B1,3.0,0.0150593065462174
direct_000730,Rb2LiCeI6,Z_B1,3.0,0.0131991161740169
direct_000731,Rb2LiDyBr6,Z_B1,3.0,0.0288806643666914
direct_000732,Rb2LiDyCl6,Z_B1,3.0,0.0286373484302864
direct_000733,Rb2LiErCl6,Z_B1,3.0,0.0287457746954365
direct_000734,Rb2LiGdCl6,Z_B1,3.0,0.0287516336063831
direct_000735,Rb2LiHoCl6,Z_B1,3.0,0.0287585615309152
direct_000736,Rb2LiInCl6,Z_B1,3.0,0.0217000390702405
direct_000737,Rb2LiLaCl6,Z_B1,3.0,0.0284002008021161
direct_000738,Rb2LiMoBr6,Z_B1,3.0,0.0165370381346529
direct_000739,Rb2LiMoCl6,Z_B1,3.0,0.0036067927883805
direct_000740,Rb2LiMoI6,Z_B1,3.0,0.0205046127772443
direct_000741,Rb2LiNdBr6,Z_B1,3.0,0.0289584617018331
direct_000742,Rb2LiNdCl6,Z_B1,3.0,0.0293480753536157
direct_000743,Rb2LiNdI6,Z_B1,3.0,0.0300402955765315
direct_000744,Rb2LiPrBr6,Z_B1,3.0,0.028886260779726
direct_000745,Rb2LiPrCl6,Z_B1,3.0,0.0292717617668787
direct_000746,Rb2LiPrI6,Z_B1,3.0,0.0299670993712457
direct_000747,Rb2LiRhCl6,Z_B1,3.0,0.0029992904378716
direct_000748,Rb2LiSbBr6,Z_B1,3.0,0.0031357234879633
direct_000749,Rb2LiSbCl6,Z_B1,3.0,0.0034465797959237
direct_000750,Rb2LiSbI6,Z_B1,3.0,0.0047257576225635
direct_000751,Rb2LiScCl6,Z_B1,3.0,0.0299156959257559
direct_000752,Rb2LiSmCl6,Z_B1,3.0,0.0299964018846433
direct_000753,Rb2LiTbCl6,Z_B1,3.0,0.0284804138711626
direct_000754,Rb2LiTlBr6,Z_B1,3.0,0.0295547825316451
direct_000755,Rb2LiTlCl6,Z_B1,3.0,0.0286209464972194
direct_000756,Rb2LiTmCl6,Z_B1,3.0,0.0286225556262509
direct_000757,Rb2LiYBr6,Z_B1,3.0,0.0260948764879393
direct_000758,Rb2LiYCl6,Z_B1,3.0,0.0251339784004603
direct_000759,Rb2LiYI6,Z_B1,3.0,0.0260049211014731
direct_000760,Rb2AgLuCl6,Z_B1,47.0,-0.0120966503756589
direct_000761,Rb2AuLuCl6,Z_B1,79.0,-0.0227832768703528
direct_000762,Rb2CuLuCl6,Z_B1,29.0,-0.0147313696808333
direct_000763,Rb2NaAlCl6,Z_B1,11.0,0.0187047187389701
direct_000764,Rb2NaAsBr6,Z_B1,11.0,-0.0031274348391483
direct_000765,Rb2NaAsCl6,Z_B1,11.0,-0.004670929037851
direct_000766,Rb2NaBiBr6,Z_B1,11.0,0.0011062955110823
direct_000767,Rb2NaBiCl6,Z_B1,11.0,0.0016443350757517
direct_000768,Rb2NaBiI6,Z_B1,11.0,0.0028278655070164
direct_000769,Rb2NaCeBr6,Z_B1,11.0,0.01097446411799
direct_000770,Rb2NaCeCl6,Z_B1,11.0,0.0115795495478864
direct_000771,Rb2NaCeI6,Z_B1,11.0,0.0110367513740272
direct_000772,Rb2NaCrCl6,Z_B1,11.0,0.0193384738751192
direct_000773,Rb2NaDyCl6,Z_B1,11.0,0.0267167236171786
direct_000774,Rb2NaErCl6,Z_B1,11.0,0.0270338954032106
direct_000775,Rb2NaGaBr6,Z_B1,11.0,0.0193898072797772
direct_000776,Rb2NaGaCl6,Z_B1,11.0,0.0194265809856036
direct_000777,Rb2NaGdCl6,Z_B1,11.0,0.0267980375488731
direct_000778,Rb2NaInBr6,Z_B1,11.0,0.0231539558431687
direct_000779,Rb2NaInCl6,Z_B1,11.0,0.0207877599945345
direct_000780,Rb2NaInI6,Z_B1,11.0,0.0216593979091942
direct_000781,Rb2NaLaCl6,Z_B1,11.0,0.0265178998375192
direct_000782,Rb2NaMoBr6,Z_B1,11.0,0.0202567048937963
direct_000783,Rb2NaMoCl6,Z_B1,11.0,0.0130347295851274
direct_000784,Rb2NaMoI6,Z_B1,11.0,0.0228483536339563
direct_000785,Rb2NaNdBr6,Z_B1,11.0,0.0272408897829313
direct_000786,Rb2NaNdCl6,Z_B1,11.0,0.0275881137806717
direct_000787,Rb2NaNdI6,Z_B1,11.0,0.0295750549629658
direct_000788,Rb2NaPrBr6,Z_B1,11.0,0.0271820846421933
direct_000789,Rb2NaPrCl6,Z_B1,11.0,0.0275954138277727
direct_000790,Rb2NaPrI6,Z_B1,11.0,0.0296022179473672
direct_000791,Rb2NaSbBr6,Z_B1,11.0,0.0007459476477811
direct_000792,Rb2NaSbCl6,Z_B1,11.0,0.0010848589403339
direct_000793,Rb2NaSbI6,Z_B1,11.0,0.0026339465102754
direct_000794,Rb2NaScBr6,Z_B1,11.0,0.0093430942615568
direct_000795,Rb2NaScCl6,Z_B1,11.0,0.0106845665591786
direct_000796,Rb2NaScI6,Z_B1,11.0,0.0075084410961678
direct_000797,Rb2NaSmCl6,Z_B1,11.0,0.0261278132096772
direct_000798,Rb2NaTbCl6,Z_B1,11.0,0.0274541810674549
direct_000799,Rb2NaTlBr6,Z_B1,11.0,0.0262965005103288
direct_000800,Rb2NaTlCl6,Z_B1,11.0,0.025905627846311
direct_000801,Rb2NaTmCl6,Z_B1,11.0,0.0269907045106468
direct_000802,Rb2NaYBr6,Z_B1,11.0,0.0240902558968744
direct_000803,Rb2NaYCl6,Z_B1,11.0,0.0224407950706504
direct_000804,Rb2NaYI6,Z_B1,11.0,0.0246369483417172
direct_000805,Rb2AgNdBr6,Z_B1,47.0,-0.0128380029242586
direct_000806,Rb2AgNdCl6,Z_B1,47.0,-0.0138334399814986
direct_000807,Rb2AgNdI6,Z_B1,47.0,-0.0118732421969382
direct_000808,Rb2AuNdCl6,Z_B1,79.0,-0.0212670973510823
direct_000809,Rb2CuNdBr6,Z_B1,29.0,-0.0135065272413596
direct_000810,Rb2CuNdCl6,Z_B1,29.0,-0.0142202353038236
direct_000811,Rb2CuNdI6,Z_B1,29.0,-0.0123447784962877
direct_000812,Rb2AgPrBr6,Z_B1,47.0,-0.012631604519893
direct_000813,Rb2AgPrCl6,Z_B1,47.0,-0.0137374910604307
direct_000814,Rb2AgPrI6,Z_B1,47.0,-0.0117209937157699
direct_000815,Rb2AuPrCl6,Z_B1,79.0,-0.0208467818942052
direct_000816,Rb2CuPrBr6,Z_B1,29.0,-0.0135545376754574
direct_000817,Rb2CuPrCl6,Z_B1,29.0,-0.0140999983855322
direct_000818,Rb2CuPrI6,Z_B1,29.0,-0.0123099455043579
direct_000819,Rb2AuSbCl6,Z_B1,79.0,-0.0251016939127445
direct_000820,Rb2AgScBr6,Z_B1,47.0,-0.0058894670599576
direct_000821,Rb2AgScCl6,Z_B1,47.0,-0.0015717476232512
direct_000822,Rb2AgScI6,Z_B1,47.0,-0.0071301400804411
direct_000823,Rb2AuScBr6,Z_B1,79.0,-0.0299106161834136
direct_000824,Rb2AuScCl6,Z_B1,79.0,-0.0315630380923715
direct_000825,Rb2AuScI6,Z_B1,79.0,-0.0251534350970484
direct_000826,Rb2CuScCl6,Z_B1,29.0,-0.0081528776340026
direct_000827,Rb2InScBr6,Z_B1,49.0,0.0103351890863885
direct_000828,Rb2InScCl6,Z_B1,49.0,0.0095292495580145
direct_000829,Rb2InScI6,Z_B1,49.0,0.0128900302607246
direct_000830,Rb2TlScBr6,Z_B1,81.0,-0.0006482065960662
direct_000831,Rb2TlScCl6,Z_B1,81.0,0.0002999198405304
direct_000832,Rb2TlScI6,Z_B1,81.0,-0.005346560059563
direct_000833,Rb2AgSmCl6,Z_B1,47.0,-0.0137714296110208
direct_000834,Rb2AuSmCl6,Z_B1,79.0,-0.0218840576977339
direct_000835,Rb2CuSmCl6,Z_B1,29.0,-0.0145233500125199
direct_000836,Rb2AgTbCl6,Z_B1,47.0,-0.0135481088846376
direct_000837,Rb2AuTbCl6,Z_B1,79.0,-0.0202686069211124
direct_000838,Rb2CuTbCl6,Z_B1,29.0,-0.0142484225964917
direct_000839,Rb2TlAsBr6,Z_B1,81.0,0.0066191712534517
direct_000840,Rb2TlAsCl6,Z_B1,81.0,0.0060189097897079
direct_000841,Rb2TlAsI6,Z_B1,81.0,0.0104898595176592
direct_000842,Rb2TlBiBr6,Z_B1,81.0,0.0116713007792031
direct_000843,Rb2TlGaBr6,Z_B1,81.0,-0.0238632623197854
direct_000844,Rb2TlGaCl6,Z_B1,81.0,-0.0246477732287301
direct_000845,Rb2TlGaI6,Z_B1,81.0,-0.0185058895578035
direct_000846,Rb2TlInBr6,Z_B1,81.0,-0.0395757785517251
direct_000847,Rb2TlInCl6,Z_B1,81.0,-0.0383125080563624
direct_000848,Rb2TlInI6,Z_B1,81.0,-0.032469831604681
direct_000849,Rb2TlSbBr6,Z_B1,81.0,0.0066825182967538
direct_000850,Rb2TlSbCl6,Z_B1,81.0,0.0060421402159465
direct_000851,Rb2TlSbI6,Z_B1,81.0,0.0111462912520632
direct_000852,Rb2AgTmCl6,Z_B1,47.0,-0.011386230318107
direct_000853,Rb2AuTmCl6,Z_B1,79.0,-0.0231210141057261
direct_000854,Rb2CuTmCl6,Z_B1,29.0,-0.0145355404782937
direct_000855,Rb2AgYBr6,Z_B1,47.0,-0.0093784691441943
direct_000856,Rb2AgYCl6,Z_B1,47.0,-0.0102300338096264
direct_000857,Rb2AgYI6,Z_B1,47.0,-0.0096556408124601
direct_000858,Rb2AuYBr6,Z_B1,79.0,-0.0265850378882184
direct_000859,Rb2AuYCl6,Z_B1,79.0,-0.0268416400207531
direct_000860,Rb2AuYI6,Z_B1,79.0,-0.0221465699497006
direct_000861,Rb2CuYBr6,Z_B1,29.0,-0.012343389185671
direct_000862,Rb2CuYCl6,Z_B1,29.0,-0.0126043431815135
direct_000863,Rb2CuYI6,Z_B1,29.0,-0.0120018940347204
direct_000864,Rb2InYBr6,Z_B1,49.0,0.002750364783247
direct_000865,Rb2InYCl6,Z_B1,49.0,-0.0035581439373598
direct_000866,Rb2InYI6,Z_B1,49.0,0.0041419491861947
direct_000867,Rb2TlYBr6,Z_B1,81.0,-0.0164832710973387
direct_000868,Rb2TlYCl6,Z_B1,81.0,-0.0136132509344881
direct_000869,Rb2TlYI6,Z_B1,81.0,-0.0021909361227428
direct_000870,O2PSbCl6,Z_B1,15.0,0.0152637319703593
direct_000871,S2NSbCl6,Z_B1,7.0,0.0542212299610296
direct_000872,Cs2GeSnCl6,Z_B1,32.0,0.0157662369757084
direct_000873,Cs2GeSnBr6,Z_B1,32.0,0.0150687915153322
direct_000874,Rb2GeSnCl6,Z_B1,32.0,0.0161836205737748
direct_000875,Rb2GeSnBr6,Z_B1,32.0,0.0151366444235669
direct_000876,K2GeSnBr6,Z_B1,32.0,0.0151475658511168
direct_000877,K2GeSnI6,Z_B1,32.0,0.0155534798029297
direct_000878,Na2GeSnCl6,Z_B1,32.0,0.0169725082544244
direct_000879,K2GeSnCl6,Z_B1,32.0,0.0165930023071386
direct_000880,Li2GeSnCl6,Z_B1,32.0,0.0173662422164043
direct_000881,Li2GeSnBr6,Z_B1,32.0,0.0151181648166096
direct_000882,Li2GeSnI6,Z_B1,32.0,0.0161277464620807
direct_000883,Rb2GeSnI6,Z_B1,32.0,0.0153797894144138
direct_000884,Cs2GeSnI6,Z_B1,32.0,0.0150162429850065
direct_000001,Al2OSnCl6,r_B1,1.26,-0.007888437238346
direct_000002,S2NAlCl6,r_B1,0.65,0.0184944512991159
direct_000003,Cs2AgAsBr6,r_B1,1.29,-0.0125839406152533
direct_000004,Cs2AgAsCl6,r_B1,1.29,-0.0123989545348054
direct_000005,Cs2AgAuCl6,r_B1,1.29,-0.0087457081533889
direct_000006,Cs2AgBiBr6,r_B1,1.29,-0.0148980540220474
direct_000007,Cs2AgBiCl6,r_B1,1.29,-0.0148743823545075
direct_000008,Cs2AgBiI6,r_B1,1.29,-0.0122402814736796
direct_000009,Cs2AgMoBr6,r_B1,1.29,-0.0051366113588611
direct_000010,Cs2AgMoCl6,r_B1,1.29,-0.0045347133638861
direct_000011,Cs2AgSbBr6,r_B1,1.29,-0.0162029494706236
direct_000012,Cs2AgSbCl6,r_B1,1.29,-0.0163777383833109
direct_000013,Cs2AgSbI6,r_B1,1.29,-0.0138225845684746
direct_000014,Cs2AgAlBr6,r_B1,1.29,0.0050612063776976
direct_000015,Cs2AgAlCl6,r_B1,1.29,0.0036389533695499
direct_000016,Cs2AlAuCl6,r_B1,1.25,-0.0057121998032558
direct_000017,Cs2CuAlCl6,r_B1,0.91,-0.0001462782227747
direct_000018,Cs2InAlBr6,r_B1,1.55,0.0082955765722441
direct_000019,Cs2InAlCl6,r_B1,1.55,0.0078585212767101
direct_000020,Cs2InAlI6,r_B1,1.55,0.006641473989201
direct_000021,Cs2TlAlBr6,r_B1,1.64,0.01019700797945
direct_000022,Cs2TlAlCl6,r_B1,1.64,0.01000981397615
direct_000023,Cs2TlAlI6,r_B1,1.64,0.0085342158747008
direct_000024,Cs2AsAuCl6,r_B1,1.15,-0.0129151647697979
direct_000025,Cs2BrAsCl6,r_B1,1.82,0.0008588885694322
direct_000026,Cs2BiAuBr6,r_B1,1.6,0.0110972441551357
direct_000027,Cs2BiAuCl6,r_B1,1.6,0.0125625943613167
direct_000028,Cs2FBrCl6,r_B1,1.19,0.0055218956242362
direct_000029,Cs2CaSnCl6,r_B1,1.14,-0.0067544329128867
direct_000030,Cs2AgCeBr6,r_B1,1.29,-0.014049754502755
direct_000031,Cs2AgCeCl6,r_B1,1.29,-0.013909348922578
direct_000032,Cs2AgCeI6,r_B1,1.29,-0.0124506553632995
direct_000033,Cs2CuCeCl6,r_B1,0.91,-0.0150145578953323
direct_000034,Cs2CuCeI6,r_B1,0.91,-0.0118265959103331
direct_000035,Cs2CuAsCl6,r_B1,0.91,-0.0085726970771395
direct_000036,Cs2CuBiBr6,r_B1,0.91,-0.0141856695291403
direct_000037,Cs2CuBiCl6,r_B1,0.91,-0.0155070395097551
direct_000038,Cs2CuBiI6,r_B1,0.91,-0.0125472248927559
direct_000039,Cs2CuMoBr6,r_B1,0.91,-0.0018942705479516
direct_000040,Cs2CuMoCl6,r_B1,0.91,-0.0019437761253429
direct_000041,Cs2CuMoI6,r_B1,0.91,-0.0033758954909073
direct_000042,Cs2CuSbBr6,r_B1,0.91,-0.0149050981459195
direct_000043,Cs2CuSbCl6,r_B1,0.91,-0.0145645550710969
direct_000044,Cs2CuSbI6,r_B1,0.91,-0.0127972326104147
direct_000045,Cs2AuDyCl6,r_B1,1.51,-0.0144434638590495
direct_000046,Cs2CuDyCl6,r_B1,0.91,-0.0143170658412771
direct_000047,Cs2AuErCl6,r_B1,1.51,-0.0148149729640805
direct_000048,Cs2CuErCl6,r_B1,0.91,-0.0137483320334245
direct_000049,Cs2AgGaBr6,r_B1,1.29,0.0032670234445009
direct_000050,Cs2AgGaCl6,r_B1,1.29,0.0054533526678435
direct_000051,Cs2AuGdCl6,r_B1,1.51,-0.0142409255716872
direct_000052,Cs2HgPdCl6,r_B1,1.16,-0.0104215635099943
direct_000053,Cs2IBrCl6,r_B1,2.06,0.0066906619858481
direct_000054,Cs2FICl6,r_B1,1.19,0.0001776018794718
direct_000055,Cs2AgInBr6,r_B1,1.29,0.0012393512333863
direct_000056,Cs2AgInCl6,r_B1,1.29,0.0022922573167721
direct_000057,Cs2InAsBr6,r_B1,1.55,0.0315982315883959
direct_000058,Cs2InAsCl6,r_B1,1.55,0.0283756900079248
direct_000059,Cs2InAsI6,r_B1,1.55,0.0271852060406807
direct_000060,Cs2InBiBr6,r_B1,1.55,0.0831802070499836
direct_000061,Cs2InBiCl6,r_B1,1.55,0.0817063050565021
direct_000062,Cs2InBiI6,r_B1,1.55,0.0708789423531098
direct_000063,Cs2InGaBr6,r_B1,1.55,0.0078405095522147
direct_000064,Cs2InGaCl6,r_B1,1.55,0.0077555695399386
direct_000065,Cs2InGaI6,r_B1,1.55,0.0071651657271506
direct_000066,Cs2InSbBr6,r_B1,1.55,0.0721747723445922
direct_000067,Cs2InSbCl6,r_B1,1.55,0.0721668162948
direct_000068,Cs2InSbI6,r_B1,1.55,0.0504582486540961
direct_000069,Cs2KAlBr6,r_B1,1.52,0.0016113101180398
direct_000070,Cs2KAlCl6,r_B1,1.52,0.0004199594023139
direct_000071,Cs2KAlI6,r_B1,1.52,0.0002168323220233
direct_000072,Cs2KAsBr6,r_B1,1.52,0.0136414597360723
direct_000073,Cs2KAsCl6,r_B1,1.52,0.0138171714488269
direct_000074,Cs2KAsI6,r_B1,1.52,0.0016785916467174
direct_000075,Cs2KAuCl6,r_B1,1.52,-8.537467150757442e-06
direct_000076,Cs2KBiBr6,r_B1,1.52,0.0117650139500564
direct_000077,Cs2KBiCl6,r_B1,1.52,0.0102525358232944
direct_000078,Cs2KBiI6,r_B1,1.52,0.0057600214505162
direct_000079,Cs2KCeBr6,r_B1,1.52,0.0003037026834275
direct_000080,Cs2KCeCl6,r_B1,1.52,0.0004050861407044
direct_000081,Cs2KCeI6,r_B1,1.52,0.000140567463591
direct_000082,Cs2KCrCl6,r_B1,1.52,0.000810418381735
direct_000083,Cs2KDyCl6,r_B1,1.52,0.0018944910492572
direct_000084,Cs2KGaBr6,r_B1,1.52,0.0028056959781839
direct_000085,Cs2KGaCl6,r_B1,1.52,0.0012638788721216
direct_000086,Cs2KGaI6,r_B1,1.52,0.0015001584597652
direct_000087,Cs2KHoCl6,r_B1,1.52,0.0019291757981243
direct_000088,Cs2KInBr6,r_B1,1.52,0.0028719556001432
direct_000089,Cs2KInCl6,r_B1,1.52,0.0008609107872445
direct_000090,Cs2KInI6,r_B1,1.52,0.0023484666809918
direct_000091,Cs2KLaCl6,r_B1,1.52,0.0013265965561106
direct_000092,Cs2KLuCl6,r_B1,1.52,0.0018499586962089
direct_000093,Cs2KMoBr6,r_B1,1.52,0.0083822366069393
direct_000094,Cs2KMoCl6,r_B1,1.52,0.0090444964906023
direct_000095,Cs2KMoI6,r_B1,1.52,0.0018838092125934
direct_000096,Cs2KNdBr6,r_B1,1.52,0.0027077009836996
direct_000097,Cs2KNdCl6,r_B1,1.52,0.0021810319683883
direct_000098,Cs2KNdI6,r_B1,1.52,0.0022032692453984
direct_000099,Cs2KPrBr6,r_B1,1.52,0.0027118540064375
direct_000100,Cs2KPrCl6,r_B1,1.52,0.0021629633496676
direct_000101,Cs2KPrI6,r_B1,1.52,0.0022136077898252
direct_000102,Cs2KSbBr6,r_B1,1.52,0.0120325785995431
direct_000103,Cs2KSbCl6,r_B1,1.52,0.0092016465897694
direct_000104,Cs2KSbI6,r_B1,1.52,0.0032498066040223
direct_000105,Cs2KScBr6,r_B1,1.52,-0.0022574197316123
direct_000106,Cs2KScCl6,r_B1,1.52,-0.0030822476590599
direct_000107,Cs2KScI6,r_B1,1.52,-0.0034164312906597
direct_000108,Cs2KSmCl6,r_B1,1.52,0.0021794109887224
direct_000109,Cs2KTbCl6,r_B1,1.52,0.0021103562941163
direct_000110,Cs2KTlBr6,r_B1,1.52,0.002988914203153
direct_000111,Cs2KTlCl6,r_B1,1.52,0.0024876243684277
direct_000112,Cs2KTlI6,r_B1,1.52,0.0050503351969221
direct_000113,Cs2KYBr6,r_B1,1.52,0.0021222892857737
direct_000114,Cs2KYCl6,r_B1,1.52,0.0008366402783589
direct_000115,Cs2KYI6,r_B1,1.52,-0.0002435420636202
direct_000116,Cs2AgLaCl6,r_B1,1.29,-0.013731417288999
direct_000117,Cs2AuLaCl6,r_B1,1.51,-0.0134552883812753
direct_000118,Cs2CuLaCl6,r_B1,0.91,-0.0151061022801704
direct_000119,Cs2LiBiBr6,r_B1,0.9,-0.0161702930913549
direct_000120,Cs2LiBiCl6,r_B1,0.9,-0.0193361245330812
direct_000121,Cs2LiBiI6,r_B1,0.9,-0.0129709734739599
direct_000122,Cs2LiCeBr6,r_B1,0.9,-0.0014158629354509
direct_000123,Cs2LiCeI6,r_B1,0.9,-0.0020115790232823
direct_000124,Cs2LiDyCl6,r_B1,0.9,-0.0019598124841986
direct_000125,Cs2LiErCl6,r_B1,0.9,-0.0018535787028643
direct_000126,Cs2LiGdCl6,r_B1,0.9,-0.0020156209775552
direct_000127,Cs2LiInBr6,r_B1,0.9,-0.0002562438117338
direct_000128,Cs2LiInCl6,r_B1,0.9,-0.0013730650218918
direct_000129,Cs2LiLaBr6,r_B1,0.9,-0.0018991746933663
direct_000130,Cs2LiLaCl6,r_B1,0.9,-0.0008286563528216
direct_000131,Cs2LiLuCl6,r_B1,0.9,-0.0016540684935536
direct_000132,Cs2LiMoBr6,r_B1,0.9,-0.0009257490633522
direct_000133,Cs2LiMoCl6,r_B1,0.9,-0.00569487779739
direct_000134,Cs2LiMoI6,r_B1,0.9,-0.0002118688844299
direct_000135,Cs2LiNdBr6,r_B1,0.9,0.0015025598662142
direct_000136,Cs2LiNdCl6,r_B1,0.9,0.0004295263100734
direct_000137,Cs2LiNdI6,r_B1,0.9,0.0011866790421886
direct_000138,Cs2LiPrBr6,r_B1,0.9,0.0014270514394164
direct_000139,Cs2LiPrCl6,r_B1,0.9,0.0004358411726362
direct_000140,Cs2LiPrI6,r_B1,0.9,0.0011382005524673
direct_000141,Cs2LiSbBr6,r_B1,0.9,-0.0154483832703752
direct_000142,Cs2LiSbCl6,r_B1,0.9,-0.0158173418523745
direct_000143,Cs2LiSbI6,r_B1,0.9,-0.0134853663108975
direct_000144,Cs2LiScCl6,r_B1,0.9,0.0114776327111623
direct_000145,Cs2LiSmCl6,r_B1,0.9,0.000496837180424
direct_000146,Cs2LiTbCl6,r_B1,0.9,-0.0003913599942716
direct_000147,Cs2LiTlBr6,r_B1,0.9,-0.0013688955940537
direct_000148,Cs2LiTlCl6,r_B1,0.9,-0.0019509142033343
direct_000149,Cs2LiTmCl6,r_B1,0.9,-0.0018526644659815
direct_000150,Cs2LiYBr6,r_B1,0.9,0.00043122269426
direct_000151,Cs2LiYCl6,r_B1,0.9,-0.0003063884536882
direct_000152,Cs2LiYI6,r_B1,0.9,0.0020017134396334
direct_000153,Cs2AgLuCl6,r_B1,1.29,-0.0129546175135652
direct_000154,Cs2NaAlCl6,r_B1,1.16,-0.0033033750963603
direct_000155,Cs2NaAsBr6,r_B1,1.16,-0.0150893480860008
direct_000156,Cs2NaAsCl6,r_B1,1.16,-0.0178181015369856
direct_000157,Cs2NaBiBr6,r_B1,1.16,-0.0179703238706636
direct_000158,Cs2NaBiCl6,r_B1,1.16,-0.0164119000423675
direct_000159,Cs2NaBiI6,r_B1,1.16,-0.0148629165841854
direct_000160,Cs2NaCeCl6,r_B1,1.16,-0.004997744086268
direct_000161,Cs2NaCeI6,r_B1,1.16,-0.005092453915958
direct_000162,Cs2NaCrCl6,r_B1,1.16,-0.0040584283049532
direct_000163,Cs2NaDyCl6,r_B1,1.16,-0.0050522192853028
direct_000164,Cs2NaErCl6,r_B1,1.16,-0.0053788676414059
direct_000165,Cs2NaGaBr6,r_B1,1.16,-0.0030660278121411
direct_000166,Cs2NaGaCl6,r_B1,1.16,-0.0039398082520134
direct_000167,Cs2NaGdCl6,r_B1,1.16,-0.0050541539261263
direct_000168,Cs2NaHoCl6,r_B1,1.16,-0.0050619615135756
direct_000169,Cs2NaInBr6,r_B1,1.16,-0.0036565441724891
direct_000170,Cs2NaInCl6,r_B1,1.16,-0.0042613906286748
direct_000171,Cs2NaInI6,r_B1,1.16,-0.0033769255878196
direct_000172,Cs2NaLaBr6,r_B1,1.16,-0.0029245045430607
direct_000173,Cs2NaLaCl6,r_B1,1.16,-0.0030348303941744
direct_000174,Cs2NaLuCl6,r_B1,1.16,-0.0052529724793686
direct_000175,Cs2NaMoBr6,r_B1,1.16,-0.0031740626446408
direct_000176,Cs2NaMoCl6,r_B1,1.16,-0.0074246128409465
direct_000177,Cs2NaMoI6,r_B1,1.16,-0.0015076395811959
direct_000178,Cs2NaNdBr6,r_B1,1.16,-0.0031623744180187
direct_000179,Cs2NaNdCl6,r_B1,1.16,-0.0033317051032217
direct_000180,Cs2NaPrBr6,r_B1,1.16,-0.0032045839563866
direct_000181,Cs2NaPrCl6,r_B1,1.16,-0.0033638642723729
direct_000182,Cs2NaPrI6,r_B1,1.16,-0.0027710687183176
direct_000183,Cs2NaSbBr6,r_B1,1.16,-0.0194789020433573
direct_000184,Cs2NaSbCl6,r_B1,1.16,-0.0228949376102582
direct_000185,Cs2NaSbI6,r_B1,1.16,-0.015421133331772
direct_000186,Cs2NaScBr6,r_B1,1.16,-0.0079220612167459
direct_000187,Cs2NaScCl6,r_B1,1.16,-0.0069591423322996
direct_000188,Cs2NaScI6,r_B1,1.16,-0.0083631197186309
direct_000189,Cs2NaSmCl6,r_B1,1.16,-0.0048471371489792
direct_000190,Cs2NaTbCl6,r_B1,1.16,-0.0032747045709406
direct_000191,Cs2NaTlBr6,r_B1,1.16,-0.0056209637979225
direct_000192,Cs2NaTlCl6,r_B1,1.16,-0.0054843348133513
direct_000193,Cs2NaTlI6,r_B1,1.16,-0.0087373341917956
direct_000194,Cs2NaTmCl6,r_B1,1.16,-0.0053907299427107
direct_000195,Cs2NaUBr6,r_B1,1.16,-0.0073339520019769
direct_000196,Cs2NaUCl6,r_B1,1.16,-0.0072424607232788
direct_000197,Cs2NaYBr6,r_B1,1.16,-0.0036919447325257
direct_000198,Cs2NaYCl6,r_B1,1.16,-0.0036299469043193
direct_000199,Cs2NaYI6,r_B1,1.16,-0.0018435902366782
direct_000200,Cs2AgNdBr6,r_B1,1.29,-0.0144643514796192
direct_000201,Cs2AgNdCl6,r_B1,1.29,-0.0143159596711555
direct_000202,Cs2AgNdI6,r_B1,1.29,-0.0129633778383494
direct_000203,Cs2AuNdCl6,r_B1,1.51,-0.013985184894985
direct_000204,Cs2CuNdBr6,r_B1,0.91,-0.0139660235731755
direct_000205,Cs2CuNdI6,r_B1,0.91,-0.0120983126190689
direct_000206,Cs2AgPrCl6,r_B1,1.29,-0.0142881589228758
direct_000207,Cs2AgPrI6,r_B1,1.29,-0.0128897945746954
direct_000208,Cs2AuPrCl6,r_B1,1.51,-0.0140075822346081
direct_000209,Cs2CuPrBr6,r_B1,0.91,-0.0140560563575327
direct_000210,Cs2CuPrCl6,r_B1,0.91,-0.0153076942224581
direct_000211,Cs2CuPrI6,r_B1,0.91,-0.0120330283766209
direct_000212,Cs2RbAlBr6,r_B1,1.66,0.0138651492905514
direct_000213,Cs2RbAlCl6,r_B1,1.66,0.0133063005011199
direct_000214,Cs2RbAlI6,r_B1,1.66,0.0138111185296599
direct_000215,Cs2RbAsBr6,r_B1,1.66,0.0308484781642077
direct_000216,Cs2RbAsCl6,r_B1,1.66,0.0305642701010816
direct_000217,Cs2RbAsI6,r_B1,1.66,0.021398900456414
direct_000218,Cs2RbAuCl6,r_B1,1.66,0.0226932275257432
direct_000219,Cs2RbBiBr6,r_B1,1.66,0.0317096044939617
direct_000220,Cs2RbBiCl6,r_B1,1.66,0.0252593276298769
direct_000221,Cs2RbBiI6,r_B1,1.66,0.0266806243671145
direct_000222,Cs2RbCeCl6,r_B1,1.66,0.0218723883021354
direct_000223,Cs2RbDyCl6,r_B1,1.66,0.0234652902316643
direct_000224,Cs2RbErCl6,r_B1,1.66,0.0241248535131074
direct_000225,Cs2RbGaBr6,r_B1,1.66,0.0160258377731462
direct_000226,Cs2RbGaCl6,r_B1,1.66,0.0144421233923328
direct_000227,Cs2RbGaI6,r_B1,1.66,0.0148584336963846
direct_000228,Cs2RbGdCl6,r_B1,1.66,0.0235835163709616
direct_000229,Cs2RbInBr6,r_B1,1.66,0.0167587473316634
direct_000230,Cs2RbInCl6,r_B1,1.66,0.0141778707272267
direct_000231,Cs2RbInI6,r_B1,1.66,0.0165791063273163
direct_000232,Cs2RbLaCl6,r_B1,1.66,0.022826366411203
direct_000233,Cs2RbLuCl6,r_B1,1.66,0.0224361446436354
direct_000234,Cs2RbNdCl6,r_B1,1.66,0.024095718687726
direct_000235,Cs2RbPrCl6,r_B1,1.66,0.0240969932327095
direct_000236,Cs2RbSbBr6,r_B1,1.66,0.0352745942031715
direct_000237,Cs2RbSbCl6,r_B1,1.66,0.0299744087051761
direct_000238,Cs2RbSbI6,r_B1,1.66,0.034179820837866
direct_000239,Cs2RbScBr6,r_B1,1.66,0.0124208809032058
direct_000240,Cs2RbScCl6,r_B1,1.66,0.01212238174536
direct_000241,Cs2RbScI6,r_B1,1.66,0.0132780026669788
direct_000242,Cs2RbSmCl6,r_B1,1.66,0.0241101258591622
direct_000243,Cs2RbTbCl6,r_B1,1.66,0.0228334426618846
direct_000244,Cs2RbTlBr6,r_B1,1.66,0.0228987861458587
direct_000245,Cs2RbTlCl6,r_B1,1.66,0.021546817986225
direct_000246,Cs2RbTlI6,r_B1,1.66,0.0288446144254373
direct_000247,Cs2RbTmCl6,r_B1,1.66,0.0240549903215311
direct_000248,Cs2RbYBr6,r_B1,1.66,0.0167108973713788
direct_000249,Cs2RbYCl6,r_B1,1.66,0.0165114266452419
direct_000250,Cs2RbYI6,r_B1,1.66,0.0150071273302136
direct_000251,Cs2AuSbBr6,r_B1,1.51,-0.021135019849834
direct_000252,Cs2AuSbCl6,r_B1,1.51,-0.021917578986557
direct_000253,Cs2AgScBr6,r_B1,1.29,-0.0163967766708903
direct_000254,Cs2AgScCl6,r_B1,1.29,-0.0128908410479315
direct_000255,Cs2AgScI6,r_B1,1.29,-0.015144740592719
direct_000256,Cs2AuScBr6,r_B1,1.51,-0.0226241243334982
direct_000257,Cs2AuScCl6,r_B1,1.51,-0.0218203477629545
direct_000258,Cs2AuScI6,r_B1,1.51,-0.0190056974092595
direct_000259,Cs2CuScCl6,r_B1,0.91,-0.0116953100345214
direct_000260,Cs2InScBr6,r_B1,1.55,0.0439069822047723
direct_000261,Cs2InScCl6,r_B1,1.55,0.0417816515755492
direct_000262,Cs2InScI6,r_B1,1.55,0.0396337760058644
direct_000263,Cs2TlScBr6,r_B1,1.64,0.0385700382728976
direct_000264,Cs2TlScCl6,r_B1,1.64,0.0366513022009847
direct_000265,Cs2TlScI6,r_B1,1.64,0.0248987709135091
direct_000266,Cs2AuSmCl6,r_B1,1.51,-0.0143674214114664
direct_000267,Cs2CuSmCl6,r_B1,0.91,-0.0151496768687088
direct_000268,Cs2AuTbCl6,r_B1,1.51,-0.0136456558434075
direct_000269,Cs2CuTbCl6,r_B1,0.91,-0.0142851661370427
direct_000270,Cs2TlAsBr6,r_B1,1.64,0.0363950445040334
direct_000271,Cs2TlAsCl6,r_B1,1.64,0.0368628390490386
direct_000272,Cs2TlAsI6,r_B1,1.64,0.0340584895576828
direct_000273,Cs2TlBiBr6,r_B1,1.64,0.0838874960391455
direct_000274,Cs2TlBiCl6,r_B1,1.64,0.0802916716773313
direct_000275,Cs2TlBiI6,r_B1,1.64,0.077387493755213
direct_000276,Cs2TlGaBr6,r_B1,1.64,0.0113255600024917
direct_000277,Cs2TlGaCl6,r_B1,1.64,0.0117333052856466
direct_000278,Cs2TlGaI6,r_B1,1.64,0.0102966943046558
direct_000279,Cs2TlInBr6,r_B1,1.64,0.0031191057493474
direct_000280,Cs2TlInCl6,r_B1,1.64,0.0037913815479217
direct_000281,Cs2TlInI6,r_B1,1.64,0.0025841999143685
direct_000282,Cs2TlSbBr6,r_B1,1.64,0.0789733323595
direct_000283,Cs2TlSbCl6,r_B1,1.64,0.0788058390628804
direct_000284,Cs2TlSbI6,r_B1,1.64,0.0734957082929981
direct_000285,Cs2CuTmCl6,r_B1,0.91,-0.0137398129601214
direct_000286,Cs2AgYBr6,r_B1,1.29,-0.0132756655633569
direct_000287,Cs2AgYCl6,r_B1,1.29,-0.0126284141835066
direct_000288,Cs2AgYI6,r_B1,1.29,-0.0115267879831382
direct_000289,Cs2AuYBr6,r_B1,1.51,-0.0146066499056447
direct_000290,Cs2AuYCl6,r_B1,1.51,-0.0145930151510794
direct_000291,Cs2AuYI6,r_B1,1.51,-0.0126653569697268
direct_000292,Cs2CuYBr6,r_B1,0.91,-0.0112301182586231
direct_000293,Cs2CuYCl6,r_B1,0.91,-0.0126020576322622
direct_000294,Cs2CuYI6,r_B1,0.91,-0.010286661685752
direct_000295,Cs2InYBr6,r_B1,1.55,0.0412139328064125
direct_000296,Cs2InYCl6,r_B1,1.55,0.0356961592894856
direct_000297,Cs2InYI6,r_B1,1.55,0.0323856227231815
direct_000298,Cs2TlYBr6,r_B1,1.64,0.0207307063079497
direct_000299,Cs2TlYCl6,r_B1,1.64,0.0210469402622787
direct_000300,Cs2TlYI6,r_B1,1.64,0.0216055553857135
direct_000301,K2CsAlBr6,r_B1,1.81,0.0124625386680176
direct_000302,K2CsAlCl6,r_B1,1.81,0.0113947247337952
direct_000303,K2CsAlI6,r_B1,1.81,0.0125880056918594
direct_000304,K2CsAsBr6,r_B1,1.81,0.0261211217776503
direct_000305,K2CsAsCl6,r_B1,1.81,0.0240627721232639
direct_000306,K2CsBiCl6,r_B1,1.81,0.012548800587152
direct_000307,K2CsGaCl6,r_B1,1.81,0.011948673578296
direct_000308,K2CsInCl6,r_B1,1.81,0.0115343828584282
direct_000309,K2CsSbCl6,r_B1,1.81,0.0103768199719099
direct_000310,K2CsScCl6,r_B1,1.81,0.0082415269539012
direct_000311,Mn2CsRbCl6,r_B1,1.81,0.0100542340964691
direct_000312,Rb2CsAlBr6,r_B1,1.81,0.0124486922332996
direct_000313,Rb2CsAlCl6,r_B1,1.81,0.0113669634893567
direct_000314,Rb2CsAlI6,r_B1,1.81,0.0125821538663899
direct_000315,Rb2CsAsBr6,r_B1,1.81,0.026082956214637
direct_000316,Rb2CsAsCl6,r_B1,1.81,0.0239668042527333
direct_000317,Rb2CsAsI6,r_B1,1.81,0.0173274261387207
direct_000318,Rb2CsAuCl6,r_B1,1.81,0.0158559456523166
direct_000319,Rb2CsDyCl6,r_B1,1.81,0.0217242675520946
direct_000320,Rb2CsErCl6,r_B1,1.81,0.0216872029284344
direct_000321,Rb2CsGaBr6,r_B1,1.81,0.0139650927974062
direct_000322,Rb2CsGaCl6,r_B1,1.81,0.0118664112331745
direct_000323,Rb2CsGaI6,r_B1,1.81,0.0137124363129199
direct_000324,Rb2CsGdCl6,r_B1,1.81,0.0214750946600262
direct_000325,Rb2CsInBr6,r_B1,1.81,0.0134213607783848
direct_000326,Rb2CsInCl6,r_B1,1.81,0.0115444821008599
direct_000327,Rb2CsLuCl6,r_B1,1.81,0.0188833611896672
direct_000328,Rb2CsSbCl6,r_B1,1.81,0.0103534411631217
direct_000329,Rb2CsScBr6,r_B1,1.81,0.0100748788597069
direct_000330,Rb2CsScCl6,r_B1,1.81,0.0088768205288149
direct_000331,Rb2CsTbCl6,r_B1,1.81,0.0209065721745974
direct_000332,Rb2CsTlBr6,r_B1,1.81,0.0201132604737579
direct_000333,Rb2CsTmCl6,r_B1,1.81,0.021491591475621
direct_000334,Rb2CsYBr6,r_B1,1.81,0.0150629875372581
direct_000335,Rb2CsYCl6,r_B1,1.81,0.014837443183951
direct_000336,O2GaReCl6,r_B1,0.76,0.0061261539613136
direct_000337,Se2NGaCl6,r_B1,0.65,0.0245381727676637
direct_000338,K2AgAsBr6,r_B1,1.29,-0.0126665366522061
direct_000339,K2AgAsCl6,r_B1,1.29,-0.0116993647767794
direct_000340,K2AgBiBr6,r_B1,1.29,-0.0150943739850078
direct_000341,K2AgBiCl6,r_B1,1.29,-0.0145674695242986
direct_000342,K2AgBiI6,r_B1,1.29,-0.0120801645693186
direct_000343,K2AgMoBr6,r_B1,1.29,-0.0044695451635739
direct_000344,K2AgMoCl6,r_B1,1.29,-0.0039257890970204
direct_000345,K2AgMoI6,r_B1,1.29,-0.0028606232068207
direct_000346,K2AgSbBr6,r_B1,1.29,-0.0160292269508233
direct_000347,K2AgSbCl6,r_B1,1.29,-0.0162777865233548
direct_000348,K2AgSbI6,r_B1,1.29,-0.0136259434327738
direct_000349,K2AgAlBr6,r_B1,1.29,0.0044907974687254
direct_000350,K2AgAlCl6,r_B1,1.29,0.0040662747977173
direct_000351,K2AlAuCl6,r_B1,1.25,-0.0033649352108055
direct_000352,K2InAlBr6,r_B1,1.55,0.0082732980786857
direct_000353,K2InAlCl6,r_B1,1.55,0.0082672575983266
direct_000354,K2InAlI6,r_B1,1.55,0.0066856640455083
direct_000355,K2TlAlBr6,r_B1,1.64,0.0106774968811533
direct_000356,K2TlAlCl6,r_B1,1.64,0.0099101175642201
direct_000357,K2TlAlI6,r_B1,1.64,0.0083893393646981
direct_000358,K2AsAuBr6,r_B1,1.15,-0.0110186938381129
direct_000359,K2AsAuCl6,r_B1,1.15,-0.0121427925146722
direct_000360,K2BiAuBr6,r_B1,1.6,0.0112119240634986
direct_000361,K2BiAuCl6,r_B1,1.6,0.0125034678298432
direct_000362,K2FBrCl6,r_B1,1.19,0.0053025389571068
direct_000363,K2AgCeBr6,r_B1,1.29,-0.0140519618268355
direct_000364,K2AgCeCl6,r_B1,1.29,-0.0137704862698623
direct_000365,K2AgCeI6,r_B1,1.29,-0.0125691634188469
direct_000366,K2AuCeCl6,r_B1,1.51,-0.0135516230783223
direct_000367,K2CuCeBr6,r_B1,0.91,-0.0138253016687103
direct_000368,K2CuCeCl6,r_B1,0.91,-0.014808684659678
direct_000369,K2CuCeI6,r_B1,0.91,-0.0120924782600868
direct_000370,K2CuBiBr6,r_B1,0.91,-0.0144724212588654
direct_000371,K2CuBiCl6,r_B1,0.91,-0.0153575971896044
direct_000372,K2CuBiI6,r_B1,0.91,-0.0122582275726357
direct_000373,K2CuMoBr6,r_B1,0.91,-0.0021115930733946
direct_000374,K2CuMoCl6,r_B1,0.91,-0.0031765121292182
direct_000375,K2CuMoI6,r_B1,0.91,-0.0021693186527383
direct_000376,K2CuSbBr6,r_B1,0.91,-0.0148865243704327
direct_000377,K2CuSbCl6,r_B1,0.91,-0.0142365633364159
direct_000378,K2CuSbI6,r_B1,0.91,-0.0127275439177042
direct_000379,K2AgDyCl6,r_B1,1.29,-0.0142196820640396
direct_000380,K2AuDyCl6,r_B1,1.51,-0.0145632079176177
direct_000381,K2CuDyCl6,r_B1,0.91,-0.0143483538222628
direct_000382,K2AgErCl6,r_B1,1.29,-0.0141928743990078
direct_000383,K2AuErCl6,r_B1,1.51,-0.0148945968376343
direct_000384,K2CuErCl6,r_B1,0.91,-0.0138313585207904
direct_000385,K2AgGaCl6,r_B1,1.29,0.0064078397859671
direct_000386,K2AuGdCl6,r_B1,1.51,-0.0142817433639898
direct_000387,K2CuGdCl6,r_B1,0.91,-0.0148636822571332
direct_000388,K2AgInBr6,r_B1,1.29,0.0013836722182148
direct_000389,K2AgInCl6,r_B1,1.29,0.0027349413010283
direct_000390,K2InAsBr6,r_B1,1.55,0.0317214364110107
direct_000391,K2InAsCl6,r_B1,1.55,0.0288157541888316
direct_000392,K2InGaBr6,r_B1,1.55,0.0081983581022849
direct_000393,K2InGaCl6,r_B1,1.55,0.0079323146830417
direct_000394,K2InGaI6,r_B1,1.55,0.0070948514533537
direct_000395,K2InSbBr6,r_B1,1.55,0.0719728296207763
direct_000396,K2InSbCl6,r_B1,1.55,0.0718713403703728
direct_000397,K2InSbI6,r_B1,1.55,0.0509514828549096
direct_000398,K2AgLaCl6,r_B1,1.29,-0.0135041457952522
direct_000399,K2AuLaCl6,r_B1,1.51,-0.013410906343228
direct_000400,K2CuLaCl6,r_B1,0.91,-0.0148764221534969
direct_000401,K2LiBiBr6,r_B1,0.9,-0.016593465332141
direct_000402,K2LiBiCl6,r_B1,0.9,-0.0193885012498948
direct_000403,K2LiBiI6,r_B1,0.9,-0.0129062281806714
direct_000404,K2LiCeBr6,r_B1,0.9,-0.0020042985277538
direct_000405,K2LiCeCl6,r_B1,0.9,-0.0019235476683815
direct_000406,K2LiCeI6,r_B1,0.9,-0.0016677833877114
direct_000407,K2LiDyCl6,r_B1,0.9,-0.0018410134013338
direct_000408,K2LiErCl6,r_B1,0.9,-0.001799619759316
direct_000409,K2LiGdCl6,r_B1,0.9,-0.0018779748145575
direct_000410,K2LiInCl6,r_B1,0.9,-0.0014193394551284
direct_000411,K2LiLaCl6,r_B1,0.9,-0.0010882827187687
direct_000412,K2LiLuCl6,r_B1,0.9,-0.0016030056587393
direct_000413,K2LiMoBr6,r_B1,0.9,-0.0012994793418422
direct_000414,K2LiMoCl6,r_B1,0.9,-0.008738147765047
direct_000415,K2LiMoI6,r_B1,0.9,0.0004343485352138
direct_000416,K2LiNdBr6,r_B1,0.9,0.0008955851088174
direct_000417,K2LiNdCl6,r_B1,0.9,0.000453067392289
direct_000418,K2LiNdI6,r_B1,0.9,0.001994970034256
direct_000419,K2LiPrBr6,r_B1,0.9,0.0008386334778564
direct_000420,K2LiPrCl6,r_B1,0.9,-0.000100314127316
direct_000421,K2LiPrI6,r_B1,0.9,0.0019464915445348
direct_000422,K2LiSbBr6,r_B1,0.9,-0.0153464829553835
direct_000423,K2LiSbCl6,r_B1,0.9,-0.0158774180831938
direct_000424,K2LiSbI6,r_B1,0.9,-0.0130610785404903
direct_000425,K2LiScCl6,r_B1,0.9,0.0092164277444621
direct_000426,K2LiSmCl6,r_B1,0.9,0.0005224191662319
direct_000427,K2LiTbCl6,r_B1,0.9,-0.0003785882998619
direct_000428,K2LiTlBr6,r_B1,0.9,-0.0007899085837541
direct_000429,K2LiTlCl6,r_B1,0.9,-0.0019042366768951
direct_000430,K2LiTmCl6,r_B1,0.9,-0.001800339507178
direct_000431,K2LiYBr6,r_B1,0.9,0.0003932845978888
direct_000432,K2LiYCl6,r_B1,0.9,-0.0003734053997545
direct_000433,K2LiYI6,r_B1,0.9,0.0016795995733111
direct_000434,K2AgLuCl6,r_B1,1.29,-0.0127864896100599
direct_000435,K2AuLuCl6,r_B1,1.51,-0.0156660651484826
direct_000436,K2CuLuCl6,r_B1,0.91,-0.0137404851767359
direct_000437,K2NaAlCl6,r_B1,1.16,-0.0030279529877747
direct_000438,K2NaAsBr6,r_B1,1.16,-0.0154818151301721
direct_000439,K2NaAsCl6,r_B1,1.16,-0.0174336589903422
direct_000440,K2NaBiBr6,r_B1,1.16,-0.0186556036999591
direct_000441,K2NaBiCl6,r_B1,1.16,-0.0164796209396667
direct_000442,K2NaBiI6,r_B1,1.16,-0.0148001275879264
direct_000443,K2NaCeBr6,r_B1,1.16,-0.0049866148153106
direct_000444,K2NaCeCl6,r_B1,1.16,-0.0047324920506534
direct_000445,K2NaCrCl6,r_B1,1.16,-0.0038751910840316
direct_000446,K2NaDyCl6,r_B1,1.16,-0.0049297528495143
direct_000447,K2NaErCl6,r_B1,1.16,-0.0052458649608342
direct_000448,K2NaGaBr6,r_B1,1.16,-0.0030242816172911
direct_000449,K2NaGaCl6,r_B1,1.16,-0.0039847759229849
direct_000450,K2NaGdCl6,r_B1,1.16,-0.0049122586824995
direct_000451,K2NaInBr6,r_B1,1.16,-0.0034212599316164
direct_000452,K2NaInCl6,r_B1,1.16,-0.0039063737053535
direct_000453,K2NaInI6,r_B1,1.16,-0.0029953592545389
direct_000454,K2NaLaCl6,r_B1,1.16,-0.0027664276379797
direct_000455,K2NaLuCl6,r_B1,1.16,-0.0051155622804898
direct_000456,K2NaMoBr6,r_B1,1.16,-0.0032663374674806
direct_000457,K2NaMoCl6,r_B1,1.16,-0.0105899858620082
direct_000458,K2NaMoI6,r_B1,1.16,-0.0005466852775582
direct_000459,K2NaNdBr6,r_B1,1.16,-0.003184975874373
direct_000460,K2NaNdCl6,r_B1,1.16,-0.0032586110660558
direct_000461,K2NaNdI6,r_B1,1.16,-0.0029249006402522
direct_000462,K2NaPrBr6,r_B1,1.16,-0.0032089357898076
direct_000463,K2NaPrCl6,r_B1,1.16,-0.0032718373196515
direct_000464,K2NaPrI6,r_B1,1.16,-0.0029650716001934
direct_000465,K2NaSbBr6,r_B1,1.16,-0.0194862277409577
direct_000466,K2NaSbCl6,r_B1,1.16,-0.0223496860566391
direct_000467,K2NaSbI6,r_B1,1.16,-0.015476731962425
direct_000468,K2NaScBr6,r_B1,1.16,-0.0073327586210823
direct_000469,K2NaScCl6,r_B1,1.16,-0.0052708334878381
direct_000470,K2NaScI6,r_B1,1.16,-0.0083196971599716
direct_000471,K2NaSmCl6,r_B1,1.16,-0.0046892843773074
direct_000472,K2NaTbCl6,r_B1,1.16,-0.0032592366953196
direct_000473,K2NaTlBr6,r_B1,1.16,-0.0059519829499576
direct_000474,K2NaTlCl6,r_B1,1.16,-0.0053516424176203
direct_000475,K2NaTlI6,r_B1,1.16,-0.0087980923609425
direct_000476,K2NaTmCl6,r_B1,1.16,-0.0052601261206942
direct_000477,K2NaYBr6,r_B1,1.16,-0.0036877263266848
direct_000478,K2NaYCl6,r_B1,1.16,-0.0035009519611941
direct_000479,K2NaYI6,r_B1,1.16,-0.0021370305089933
direct_000480,K2AgNdBr6,r_B1,1.29,-0.0144213682358841
direct_000481,K2AgNdCl6,r_B1,1.29,-0.0141780449711619
direct_000482,K2AgNdI6,r_B1,1.29,-0.0130969167551475
direct_000483,K2AuNdCl6,r_B1,1.51,-0.0139576775771547
direct_000484,K2CuNdBr6,r_B1,0.91,-0.0141199815578819
direct_000485,K2CuNdCl6,r_B1,0.91,-0.0150890866617416
direct_000486,K2CuNdI6,r_B1,0.91,-0.0122807813802719
direct_000487,K2AgPrBr6,r_B1,1.29,-0.014408600761744
direct_000488,K2AgPrCl6,r_B1,1.29,-0.014149404012458
direct_000489,K2AgPrI6,r_B1,1.29,-0.0130181727203751
direct_000490,K2AuPrCl6,r_B1,1.51,-0.0139809895019727
direct_000491,K2CuPrBr6,r_B1,0.91,-0.0141140619752228
direct_000492,K2CuPrCl6,r_B1,0.91,-0.0150890866617416
direct_000493,K2CuPrI6,r_B1,0.91,-0.0122154971378239
direct_000494,K2RbAlBr6,r_B1,1.66,0.0134597254397347
direct_000495,K2RbAlCl6,r_B1,1.66,0.0131139419356502
direct_000496,K2RbAlI6,r_B1,1.66,0.0135176395815926
direct_000497,K2RbAsBr6,r_B1,1.66,0.0307745911942571
direct_000498,K2RbAsCl6,r_B1,1.66,0.0308932004871254
direct_000499,K2RbAsI6,r_B1,1.66,0.0203763667706283
direct_000500,K2RbAuCl6,r_B1,1.66,0.0211344670915238
direct_000501,K2RbBiBr6,r_B1,1.66,0.0327698393505475
direct_000502,K2RbBiCl6,r_B1,1.66,0.0246715908905208
direct_000503,K2RbBiI6,r_B1,1.66,0.0265868367693083
direct_000504,K2RbCeBr6,r_B1,1.66,0.0228351783859033
direct_000505,K2RbCeCl6,r_B1,1.66,0.0212058077148114
direct_000506,K2RbCeI6,r_B1,1.66,0.0220035257681194
direct_000507,K2RbDyCl6,r_B1,1.66,0.0234968719043659
direct_000508,K2RbErCl6,r_B1,1.66,0.0242507219089421
direct_000509,K2RbGaBr6,r_B1,1.66,0.0155223003700635
direct_000510,K2RbGaCl6,r_B1,1.66,0.0139519698586631
direct_000511,K2RbGaI6,r_B1,1.66,0.0146392460773497
direct_000512,K2RbGdCl6,r_B1,1.66,0.0235394793118729
direct_000513,K2RbInBr6,r_B1,1.66,0.0167969661273636
direct_000514,K2RbInCl6,r_B1,1.66,0.0134298195064919
direct_000515,K2RbLuCl6,r_B1,1.66,0.0225736988845023
direct_000516,K2RbMoBr6,r_B1,1.66,0.026796658212426
direct_000517,K2RbMoCl6,r_B1,1.66,0.0290566580511361
direct_000518,K2RbMoI6,r_B1,1.66,0.0199394782094807
direct_000519,K2RbNdBr6,r_B1,1.66,0.0252074176207375
direct_000520,K2RbNdCl6,r_B1,1.66,0.0239738769297985
direct_000521,K2RbNdI6,r_B1,1.66,0.0239769910415906
direct_000522,K2RbPrBr6,r_B1,1.66,0.0251139771685504
direct_000523,K2RbPrCl6,r_B1,1.66,0.023425817676103
direct_000524,K2RbPrI6,r_B1,1.66,0.023990967786174
direct_000525,K2RbSbBr6,r_B1,1.66,0.035425374503229
direct_000526,K2RbSbCl6,r_B1,1.66,0.0293096495045235
direct_000527,K2RbSbI6,r_B1,1.66,0.0347783000115662
direct_000528,K2RbScBr6,r_B1,1.66,0.0117921163772157
direct_000529,K2RbScCl6,r_B1,1.66,0.0107807859535704
direct_000530,K2RbTbCl6,r_B1,1.66,0.0228588780488455
direct_000531,K2RbTlBr6,r_B1,1.66,0.0229036147371526
direct_000532,K2RbTmCl6,r_B1,1.66,0.0241717201303322
direct_000533,K2RbYBr6,r_B1,1.66,0.0161991545962574
direct_000534,K2RbYCl6,r_B1,1.66,0.0150693875836904
direct_000535,K2RbYI6,r_B1,1.66,0.0157194728966751
direct_000536,K2AuSbBr6,r_B1,1.51,-0.0212817296676573
direct_000537,K2AuSbCl6,r_B1,1.51,-0.0218102926612467
direct_000538,K2AgScBr6,r_B1,1.29,-0.0153956902257864
direct_000539,K2AgScCl6,r_B1,1.29,-0.0090308698307708
direct_000540,K2AgScI6,r_B1,1.29,-0.0150851252304066
direct_000541,K2AuScBr6,r_B1,1.51,-0.0224622885667409
direct_000542,K2AuScCl6,r_B1,1.51,-0.0209857599762541
direct_000543,K2AuScI6,r_B1,1.51,-0.0190811174491399
direct_000544,K2CuScCl6,r_B1,0.91,-0.0107360331213004
direct_000545,K2InScBr6,r_B1,1.55,0.0434035409774914
direct_000546,K2InScCl6,r_B1,1.55,0.0394287977871964
direct_000547,K2InScI6,r_B1,1.55,0.0396436636584927
direct_000548,K2TlScBr6,r_B1,1.64,0.0385755145487643
direct_000549,K2TlScCl6,r_B1,1.64,0.0364515926029942
direct_000550,K2AgSmCl6,r_B1,1.29,-0.0142146009200886
direct_000551,K2AuSmCl6,r_B1,1.51,-0.0143521360547269
direct_000552,K2CuSmCl6,r_B1,0.91,-0.0150966342729512
direct_000553,K2AgTbCl6,r_B1,1.29,-0.0136155209856467
direct_000554,K2AuTbCl6,r_B1,1.51,-0.0137663502122689
direct_000555,K2CuTbCl6,r_B1,0.91,-0.0143234870729687
direct_000556,K2TlAsBr6,r_B1,1.64,0.0367652637587378
direct_000557,K2TlAsCl6,r_B1,1.64,0.036388854419623
direct_000558,K2TlAsI6,r_B1,1.64,0.0331842426374018
direct_000559,K2TlGaBr6,r_B1,1.64,0.0114534859147157
direct_000560,K2TlGaCl6,r_B1,1.64,0.0116338971781224
direct_000561,K2TlGaI6,r_B1,1.64,0.0101518177946531
direct_000562,K2TlInBr6,r_B1,1.64,0.0032349294541125
direct_000563,K2TlInCl6,r_B1,1.64,0.0033888185192783
direct_000564,K2TlInI6,r_B1,1.64,0.0025612934922775
direct_000565,K2TlSbBr6,r_B1,1.64,0.0792144468909529
direct_000566,K2TlSbCl6,r_B1,1.64,0.0782651208877932
direct_000567,K2AgTmCl6,r_B1,1.29,-0.0138501094299912
direct_000568,K2AuTmCl6,r_B1,1.51,-0.0149121117764366
direct_000569,K2CuTmCl6,r_B1,0.91,-0.0138296087780551
direct_000570,K2AgYBr6,r_B1,1.29,-0.0132806150949646
direct_000571,K2AgYCl6,r_B1,1.29,-0.0099844965172629
direct_000572,K2AgYI6,r_B1,1.29,-0.0115894986853467
direct_000573,K2AuYBr6,r_B1,1.51,-0.014833628744967
direct_000574,K2AuYCl6,r_B1,1.51,-0.0144431264264624
direct_000575,K2AuYI6,r_B1,1.51,-0.012700024791326
direct_000576,K2CuYBr6,r_B1,0.91,-0.0112772246079429
direct_000577,K2CuYCl6,r_B1,0.91,-0.0124078870406478
direct_000578,K2CuYI6,r_B1,0.91,-0.0102591231558536
direct_000579,K2InYCl6,r_B1,1.55,0.0338007648870925
direct_000580,K2TlYBr6,r_B1,1.64,0.0204972491032825
direct_000581,Rb2KAlBr6,r_B1,1.52,0.0010730953862215
direct_000582,Rb2KAlCl6,r_B1,1.52,-7.50794865524885e-05
direct_000583,Rb2KAlI6,r_B1,1.52,-0.0003253686359084
direct_000584,Rb2KAsBr6,r_B1,1.52,0.0139473869250472
direct_000585,Rb2KAsCl6,r_B1,1.52,0.0135059368880831
direct_000586,Rb2KAsI6,r_B1,1.52,0.0007901906352562
direct_000587,Rb2KAuCl6,r_B1,1.52,0.0004184942024155
direct_000588,Rb2KDyCl6,r_B1,1.52,0.0018657189344936
direct_000589,Rb2KErCl6,r_B1,1.52,0.0019684340031722
direct_000590,Rb2KGaBr6,r_B1,1.52,0.0022216999180022
direct_000591,Rb2KGaCl6,r_B1,1.52,0.000597345023632
direct_000592,Rb2KGaI6,r_B1,1.52,0.0009330251155264
direct_000593,Rb2KGdCl6,r_B1,1.52,0.0019452022151264
direct_000594,Rb2KInBr6,r_B1,1.52,0.0029051511066095
direct_000595,Rb2KInCl6,r_B1,1.52,0.0004535890176504
direct_000596,Rb2KInI6,r_B1,1.52,0.0019257800111213
direct_000597,Rb2KLaCl6,r_B1,1.52,0.0007635750245869
direct_000598,Rb2KLuCl6,r_B1,1.52,0.0018291222769707
direct_000599,Rb2KScBr6,r_B1,1.52,-0.0028592774587968
direct_000600,Rb2KScCl6,r_B1,1.52,-0.0040644615534019
direct_000601,Rb2KScI6,r_B1,1.52,-0.0035834864094923
direct_000602,Rb2KSmCl6,r_B1,1.52,0.0021695107523566
direct_000603,Rb2KTbCl6,r_B1,1.52,0.0020787308965888
direct_000604,Rb2KTlBr6,r_B1,1.52,0.0028970558097788
direct_000605,Rb2KTlCl6,r_B1,1.52,0.0025009760676195
direct_000606,Rb2KTlI6,r_B1,1.52,0.0051073402016813
direct_000607,Rb2KTmCl6,r_B1,1.52,0.0019244012241946
direct_000608,Li2CuSbCl6,r_B1,0.91,-0.0142601100541495
direct_000609,Li2CuInCl6,r_B1,0.91,-0.0042870166820093
direct_000610,Li2CuScCl6,r_B1,0.91,-0.0099775371408575
direct_000611,Tl2LiScCl6,r_B1,0.9,0.008843007576222
direct_000612,Tl2LiInCl6,r_B1,0.9,-0.0051119371466806
direct_000613,Tl2LiYCl6,r_B1,0.9,-0.0037139535510283
direct_000614,O2MoPCl6,r_B1,0.75,0.0156868922278534
direct_000615,Na2AgAsBr6,r_B1,1.29,-0.0126406023122846
direct_000616,Na2AgAsCl6,r_B1,1.29,-0.0117146659241408
direct_000617,Na2AgSbCl6,r_B1,1.29,-0.0164523916029514
direct_000618,Na2AgAlBr6,r_B1,1.29,0.0044907974687254
direct_000619,Na2AgAlCl6,r_B1,1.29,0.0036539294314162
direct_000620,Na2CuBiBr6,r_B1,0.91,-0.014470337480697
direct_000621,Na2CuBiCl6,r_B1,0.91,-0.0153603161261702
direct_000622,Na2CuSbCl6,r_B1,0.91,-0.0142371350342616
direct_000623,Na2CuDyCl6,r_B1,0.91,-0.014322221098331
direct_000624,Na2CuErCl6,r_B1,0.91,-0.0138052257968587
direct_000625,Na2CuEuCl6,r_B1,0.91,-0.0151226132995159
direct_000626,Na2AgGaCl6,r_B1,1.29,0.0063585377141322
direct_000627,Na2AgInBr6,r_B1,1.29,0.0013255980182871
direct_000628,Na2AgInCl6,r_B1,1.29,0.0036286573135058
direct_000629,Na2CuLaCl6,r_B1,0.91,-0.0148709004077138
direct_000630,Na2LiBiBr6,r_B1,0.9,-0.016593465332141
direct_000631,Na2LiBiCl6,r_B1,0.9,-0.0190016273511618
direct_000632,Na2LiBiI6,r_B1,0.9,-0.0129156321563444
direct_000633,Na2LiCeCl6,r_B1,0.9,-0.0019881785038333
direct_000634,Na2LiDyCl6,r_B1,0.9,-0.0018082111249681
direct_000635,Na2LiErCl6,r_B1,0.9,-0.0017654152844532
direct_000636,Na2LiGdCl6,r_B1,0.9,-0.0018437703396947
direct_000637,Na2LiInCl6,r_B1,0.9,-0.0014350162241169
direct_000638,Na2LiLaCl6,r_B1,0.9,-0.0012833346036592
direct_000639,Na2LiLuCl6,r_B1,0.9,-0.0015688011838765
direct_000640,Na2LiNdCl6,r_B1,0.9,0.0004835001850642
direct_000641,Na2LiPrCl6,r_B1,0.9,-6.708689345449073e-05
direct_000642,Na2LiSbCl6,r_B1,0.9,-0.0158605229150963
direct_000643,Na2LiScCl6,r_B1,0.9,0.0092746925079415
direct_000644,Na2LiSmCl6,r_B1,0.9,0.0005641292099313
direct_000645,Na2LiTbCl6,r_B1,0.9,-0.0003650184518623
direct_000646,Na2LiTlBr6,r_B1,0.9,-0.0007859615220439
direct_000647,Na2LiTlCl6,r_B1,0.9,-0.0018744437116453
direct_000648,Na2LiTmCl6,r_B1,0.9,-0.0017661350323151
direct_000649,Na2LiYBr6,r_B1,0.9,0.0003476328951335
direct_000650,Na2LiYCl6,r_B1,0.9,-0.0003457035780474
direct_000651,Na2AgLuCl6,r_B1,1.29,-0.0127884159863936
direct_000652,Na2CuLuCl6,r_B1,0.91,-0.0137143524528041
direct_000653,Na2CuNdCl6,r_B1,0.91,-0.0150236433856967
direct_000654,Na2CuPrCl6,r_B1,0.91,-0.0150446793213527
direct_000655,Na2AgScCl6,r_B1,1.29,-0.0095255862452335
direct_000656,Na2CuScCl6,r_B1,0.91,-0.009879382180457
direct_000657,Na2CuSmCl6,r_B1,0.91,-0.0150311909969064
direct_000658,Na2CuTbCl6,r_B1,0.91,-0.0142972655761782
direct_000659,Na2AgTmCl6,r_B1,1.29,-0.0138488107304037
direct_000660,Na2CuTmCl6,r_B1,0.91,-0.0138034760541234
direct_000661,Na2CuYBr6,r_B1,0.91,-0.0112772246079429
direct_000662,Na2CuYCl6,r_B1,0.91,-0.012385697735822
direct_000663,O2NbPCl6,r_B1,0.78,0.0098365253037427
direct_000664,Rb2AgAsBr6,r_B1,1.29,-0.012670582802826
direct_000665,Rb2AgAsCl6,r_B1,1.29,-0.0123661544216159
direct_000666,Rb2AgBiBr6,r_B1,1.29,-0.0150898982998314
direct_000667,Rb2AgBiCl6,r_B1,1.29,-0.014882972229803
direct_000668,Rb2AgBiI6,r_B1,1.29,-0.0120803875174075
direct_000669,Rb2AgMoBr6,r_B1,1.29,-0.0044516558926629
direct_000670,Rb2AgMoCl6,r_B1,1.29,-0.0044791066352716
direct_000671,Rb2AgMoI6,r_B1,1.29,-0.0028886473675366
direct_000672,Rb2AgSbBr6,r_B1,1.29,-0.0159543704183143
direct_000673,Rb2AgSbCl6,r_B1,1.29,-0.016601385485187
direct_000674,Rb2AgSbI6,r_B1,1.29,-0.0135930179058226
direct_000675,Rb2AgAlBr6,r_B1,1.29,0.0044702495273503
direct_000676,Rb2AgAlCl6,r_B1,1.29,0.0041105929788023
direct_000677,Rb2AlAuCl6,r_B1,1.25,-0.0036065563867578
direct_000678,Rb2InAlBr6,r_B1,1.55,0.0083435481501224
direct_000679,Rb2InAlCl6,r_B1,1.55,0.0082415337966329
direct_000680,Rb2InAlI6,r_B1,1.55,0.0067131075229732
direct_000681,Rb2TlAlBr6,r_B1,1.64,0.0106798684232258
direct_000682,Rb2TlAlCl6,r_B1,1.64,0.0099098756084413
direct_000683,Rb2TlAlI6,r_B1,1.64,0.0083965836094121
direct_000684,Rb2AsAuCl6,r_B1,1.15,-0.012454755922652
direct_000685,Rb2BiAuBr6,r_B1,1.6,0.0112119240634986
direct_000686,Rb2BiAuCl6,r_B1,1.6,0.0125810958920495
direct_000687,Rb2FBrCl6,r_B1,1.19,0.0055494858141195
direct_000688,Rb2AgCeBr6,r_B1,1.29,-0.0140512018490247
direct_000689,Rb2AgCeCl6,r_B1,1.29,-0.0137595195053726
direct_000690,Rb2AgCeI6,r_B1,1.29,-0.0125098267073412
direct_000691,Rb2CuCeBr6,r_B1,0.91,-0.0138389682584395
direct_000692,Rb2CuCeCl6,r_B1,0.91,-0.0150445896623704
direct_000693,Rb2CuBiBr6,r_B1,0.91,-0.0144275692756375
direct_000694,Rb2CuBiCl6,r_B1,0.91,-0.0153869412904985
direct_000695,Rb2CuBiI6,r_B1,0.91,-0.0122582275726357
direct_000696,Rb2CuMoBr6,r_B1,0.91,-0.0021023153311088
direct_000697,Rb2CuMoCl6,r_B1,0.91,-0.0020019854555236
direct_000698,Rb2CuMoI6,r_B1,0.91,-0.0028387211729931
direct_000699,Rb2CuSbBr6,r_B1,0.91,-0.0148684733704048
direct_000700,Rb2CuSbCl6,r_B1,0.91,-0.0145231086994482
direct_000701,Rb2CuSbI6,r_B1,0.91,-0.0127477501428397
direct_000702,Rb2AgDyCl6,r_B1,1.29,-0.014223980726446
direct_000703,Rb2AuDyCl6,r_B1,1.51,-0.0145215979608005
direct_000704,Rb2CuDyCl6,r_B1,0.91,-0.014159357653993
direct_000705,Rb2AgErCl6,r_B1,1.29,-0.0141928743990078
direct_000706,Rb2AuErCl6,r_B1,1.51,-0.0148833551969787
direct_000707,Rb2CuErCl6,r_B1,0.91,-0.0138486156401131
direct_000708,Rb2AgGaBr6,r_B1,1.29,0.0029778672487257
direct_000709,Rb2AgGaCl6,r_B1,1.29,0.006291371778946
direct_000710,Rb2AgGdCl6,r_B1,1.29,-0.014232817860598
direct_000711,Rb2AgInBr6,r_B1,1.29,0.0015747951140584
direct_000712,Rb2AgInCl6,r_B1,1.29,0.0024258810464951
direct_000713,Rb2InAsBr6,r_B1,1.55,0.0317136784209247
direct_000714,Rb2InAsCl6,r_B1,1.55,0.0294758292407164
direct_000715,Rb2InBiCl6,r_B1,1.55,0.0817460251046496
direct_000716,Rb2InGaBr6,r_B1,1.55,0.0081522387608564
direct_000717,Rb2InGaCl6,r_B1,1.55,0.0081400626754331
direct_000718,Rb2InGaI6,r_B1,1.55,0.00723976926496
direct_000719,Rb2InSbBr6,r_B1,1.55,0.0722650731738682
direct_000720,Rb2InSbCl6,r_B1,1.55,0.0719635796809243
direct_000721,Rb2InSbI6,r_B1,1.55,0.0515276171205619
direct_000722,Rb2AgLaCl6,r_B1,1.29,-0.0135852648061024
direct_000723,Rb2AuLaCl6,r_B1,1.51,-0.0134479834879522
direct_000724,Rb2CuLaCl6,r_B1,0.91,-0.0151355245740257
direct_000725,Rb2LiBiBr6,r_B1,0.9,-0.0163922317846795
direct_000726,Rb2LiBiCl6,r_B1,0.9,-0.0194388886248127
direct_000727,Rb2LiBiI6,r_B1,0.9,-0.0129062281806714
direct_000728,Rb2LiCeBr6,r_B1,0.9,-0.0019740307882814
direct_000729,Rb2LiCeCl6,r_B1,0.9,-0.0021329797420031
direct_000730,Rb2LiCeI6,r_B1,0.9,-0.0016322537100541
direct_000731,Rb2LiDyBr6,r_B1,0.9,-0.0009635716223624
direct_000732,Rb2LiDyCl6,r_B1,0.9,-0.0018061023573929
direct_000733,Rb2LiErCl6,r_B1,0.9,-0.0018029556005027
direct_000734,Rb2LiGdCl6,r_B1,0.9,-0.0018399251730703
direct_000735,Rb2LiHoCl6,r_B1,0.9,-0.0017970514224423
direct_000736,Rb2LiInCl6,r_B1,0.9,-0.0013753176427575
direct_000737,Rb2LiLaCl6,r_B1,0.9,-0.0005400018591487
direct_000738,Rb2LiMoBr6,r_B1,0.9,-0.001296406850774
direct_000739,Rb2LiMoCl6,r_B1,0.9,-0.0078310724978952
direct_000740,Rb2LiMoI6,r_B1,0.9,0.0004066703491572
direct_000741,Rb2LiNdBr6,r_B1,0.9,0.0008634680175373
direct_000742,Rb2LiNdCl6,r_B1,0.9,0.0004164079475042
direct_000743,Rb2LiNdI6,r_B1,0.9,0.0019944291918351
direct_000744,Rb2LiPrBr6,r_B1,0.9,0.0008341146505221
direct_000745,Rb2LiPrCl6,r_B1,0.9,0.0004379402128423
direct_000746,Rb2LiPrI6,r_B1,0.9,0.0019459507021139
direct_000747,Rb2LiRhCl6,r_B1,0.9,-0.0117022298517905
direct_000748,Rb2LiSbBr6,r_B1,0.9,-0.0153341963828814
direct_000749,Rb2LiSbCl6,r_B1,0.9,-0.0160786975425167
direct_000750,Rb2LiSbI6,r_B1,0.9,-0.0131271458473949
direct_000751,Rb2LiScCl6,r_B1,0.9,0.0110863558375984
direct_000752,Rb2LiSmCl6,r_B1,0.9,0.00050906263964
direct_000753,Rb2LiTbCl6,r_B1,0.9,-0.0003422061185146
direct_000754,Rb2LiTlBr6,r_B1,0.9,-0.0008053577632955
direct_000755,Rb2LiTlCl6,r_B1,0.9,-0.0019042906052081
direct_000756,Rb2LiTmCl6,r_B1,0.9,-0.001808800769423
direct_000757,Rb2LiYBr6,r_B1,0.9,0.0004362224186005
direct_000758,Rb2LiYCl6,r_B1,0.9,-0.000319786180154
direct_000759,Rb2LiYI6,r_B1,0.9,0.0016695386569642
direct_000760,Rb2AgLuCl6,r_B1,1.29,-0.0128762085145062
direct_000761,Rb2AuLuCl6,r_B1,1.51,-0.0156563235980275
direct_000762,Rb2CuLuCl6,r_B1,0.91,-0.0137404851767359
direct_000763,Rb2NaAlCl6,r_B1,1.16,-0.0030191514147962
direct_000764,Rb2NaAsBr6,r_B1,1.16,-0.0153988541060493
direct_000765,Rb2NaAsCl6,r_B1,1.16,-0.0174153522174783
direct_000766,Rb2NaBiBr6,r_B1,1.16,-0.0184543701524976
direct_000767,Rb2NaBiCl6,r_B1,1.16,-0.0165045896128352
direct_000768,Rb2NaBiI6,r_B1,1.16,-0.0148001275879264
direct_000769,Rb2NaCeBr6,r_B1,1.16,-0.0049563470758382
direct_000770,Rb2NaCeCl6,r_B1,1.16,-0.0049952748738723
direct_000771,Rb2NaCeI6,r_B1,1.16,-0.0051315713758775
direct_000772,Rb2NaCrCl6,r_B1,1.16,-0.0039250093477735
direct_000773,Rb2NaDyCl6,r_B1,1.16,-0.0048949576420903
direct_000774,Rb2NaErCl6,r_B1,1.16,-0.0052485458709228
direct_000775,Rb2NaGaBr6,r_B1,1.16,-0.0030008739739081
direct_000776,Rb2NaGaCl6,r_B1,1.16,-0.0037832845132189
direct_000777,Rb2NaGdCl6,r_B1,1.16,-0.0048729662700077
direct_000778,Rb2NaInBr6,r_B1,1.16,-0.0036755864032506
direct_000779,Rb2NaInCl6,r_B1,1.16,-0.0039762131068121
direct_000780,Rb2NaInI6,r_B1,1.16,-0.0032949251497155
direct_000781,Rb2NaLaCl6,r_B1,1.16,-0.0030064203239385
direct_000782,Rb2NaMoBr6,r_B1,1.16,-0.0033486633831574
direct_000783,Rb2NaMoCl6,r_B1,1.16,-0.0076657607789116
direct_000784,Rb2NaMoI6,r_B1,1.16,-0.0007990628849755
direct_000785,Rb2NaNdBr6,r_B1,1.16,-0.0031874126310445
direct_000786,Rb2NaNdCl6,r_B1,1.16,-0.0032977561357223
direct_000787,Rb2NaNdI6,r_B1,1.16,-0.0029254414826731
direct_000788,Rb2NaPrBr6,r_B1,1.16,-0.0032134546171419
direct_000789,Rb2NaPrCl6,r_B1,1.16,-0.0033146979020982
direct_000790,Rb2NaPrI6,r_B1,1.16,-0.0029656124426143
direct_000791,Rb2NaSbBr6,r_B1,1.16,-0.0194739411684556
direct_000792,Rb2NaSbCl6,r_B1,1.16,-0.0228328341997062
direct_000793,Rb2NaSbI6,r_B1,1.16,-0.0155460449855737
direct_000794,Rb2NaScBr6,r_B1,1.16,-0.0077556960097738
direct_000795,Rb2NaScCl6,r_B1,1.16,-0.0062011607629414
direct_000796,Rb2NaScI6,r_B1,1.16,-0.0080298550897954
direct_000797,Rb2NaSmCl6,r_B1,1.16,-0.0047026409038994
direct_000798,Rb2NaTbCl6,r_B1,1.16,-0.0032229703504891
direct_000799,Rb2NaTlBr6,r_B1,1.16,-0.0059625560351678
direct_000800,Rb2NaTlCl6,r_B1,1.16,-0.0053516963459333
direct_000801,Rb2NaTmCl6,r_B1,1.16,-0.0052627380918734
direct_000802,Rb2NaYBr6,r_B1,1.16,-0.0037056465271381
direct_000803,Rb2NaYCl6,r_B1,1.16,-0.0034532013507752
direct_000804,Rb2NaYI6,r_B1,1.16,-0.0021467704135136
direct_000805,Rb2AgNdBr6,r_B1,1.29,-0.0144213682358841
direct_000806,Rb2AgNdCl6,r_B1,1.29,-0.0141482592055921
direct_000807,Rb2AgNdI6,r_B1,1.29,-0.0129947634112755
direct_000808,Rb2AuNdCl6,r_B1,1.51,-0.0139683360726094
direct_000809,Rb2CuNdBr6,r_B1,0.91,-0.0141434599889529
direct_000810,Rb2CuNdCl6,r_B1,0.91,-0.0154261348305272
direct_000811,Rb2CuNdI6,r_B1,0.91,-0.0122961918841868
direct_000812,Rb2AgPrBr6,r_B1,1.29,-0.014408600761744
direct_000813,Rb2AgPrCl6,r_B1,1.29,-0.0141133739447814
direct_000814,Rb2AgPrI6,r_B1,1.29,-0.0129215757788206
direct_000815,Rb2AuPrCl6,r_B1,1.51,-0.0139953358293869
direct_000816,Rb2CuPrBr6,r_B1,0.91,-0.0141323460463261
direct_000817,Rb2CuPrCl6,r_B1,0.91,-0.0154261348305272
direct_000818,Rb2CuPrI6,r_B1,0.91,-0.0122309076417388
direct_000819,Rb2AuSbCl6,r_B1,1.51,-0.0218111159817814
direct_000820,Rb2AgScBr6,r_B1,1.29,-0.0156433603879538
direct_000821,Rb2AgScCl6,r_B1,1.29,-0.0089925492283685
direct_000822,Rb2AgScI6,r_B1,1.29,-0.0151121621014029
direct_000823,Rb2AuScBr6,r_B1,1.51,-0.0225786740368293
direct_000824,Rb2AuScCl6,r_B1,1.51,-0.0218556752514532
direct_000825,Rb2AuScI6,r_B1,1.51,-0.019137655340401
direct_000826,Rb2CuScCl6,r_B1,0.91,-0.0107532656125064
direct_000827,Rb2InScBr6,r_B1,1.55,0.0438181316463207
direct_000828,Rb2InScCl6,r_B1,1.55,0.0408194885733771
direct_000829,Rb2InScI6,r_B1,1.55,0.0396921651418996
direct_000830,Rb2TlScBr6,r_B1,1.64,0.0385990930950385
direct_000831,Rb2TlScCl6,r_B1,1.64,0.0364515926029942
direct_000832,Rb2TlScI6,r_B1,1.64,0.0254846801091247
direct_000833,Rb2AgSmCl6,r_B1,1.29,-0.014208660768487
direct_000834,Rb2AuSmCl6,r_B1,1.51,-0.0144578700338006
direct_000835,Rb2CuSmCl6,r_B1,0.91,-0.0151753058188964
direct_000836,Rb2AgTbCl6,r_B1,1.29,-0.0136337997871706
direct_000837,Rb2AuTbCl6,r_B1,1.51,-0.0137359818961072
direct_000838,Rb2CuTbCl6,r_B1,0.91,-0.014133414090095
direct_000839,Rb2TlAsBr6,r_B1,1.64,0.0368630504350708
direct_000840,Rb2TlAsCl6,r_B1,1.64,0.0363606429955256
direct_000841,Rb2TlAsI6,r_B1,1.64,0.0331914868821159
direct_000842,Rb2TlBiBr6,r_B1,1.64,0.0841507698158348
direct_000843,Rb2TlGaBr6,r_B1,1.64,0.0115013508350221
direct_000844,Rb2TlGaCl6,r_B1,1.64,0.0116267647209976
direct_000845,Rb2TlGaI6,r_B1,1.64,0.0101590620393671
direct_000846,Rb2TlInBr6,r_B1,1.64,0.0032560534630367
direct_000847,Rb2TlInCl6,r_B1,1.64,0.0034622178094073
direct_000848,Rb2TlInI6,r_B1,1.64,0.0025612934922775
direct_000849,Rb2TlSbBr6,r_B1,1.64,0.0791797315445484
direct_000850,Rb2TlSbCl6,r_B1,1.64,0.0785482664929197
direct_000851,Rb2TlSbI6,r_B1,1.64,0.0735230071443361
direct_000852,Rb2AgTmCl6,r_B1,1.29,-0.0138501094299912
direct_000853,Rb2AuTmCl6,r_B1,1.51,-0.0149121117764366
direct_000854,Rb2CuTmCl6,r_B1,0.91,-0.0138395434004565
direct_000855,Rb2AgYBr6,r_B1,1.29,-0.0133044464910335
direct_000856,Rb2AgYCl6,r_B1,1.29,-0.0123195912983463
direct_000857,Rb2AgYI6,r_B1,1.29,-0.0116476132769108
direct_000858,Rb2AuYBr6,r_B1,1.51,-0.0148722649643267
direct_000859,Rb2AuYCl6,r_B1,1.51,-0.0145335274883607
direct_000860,Rb2AuYI6,r_B1,1.51,-0.0126994914908281
direct_000861,Rb2CuYBr6,r_B1,0.91,-0.0113333778969738
direct_000862,Rb2CuYCl6,r_B1,0.91,-0.012341478232324
direct_000863,Rb2CuYI6,r_B1,0.91,-0.0102799075235015
direct_000864,Rb2InYBr6,r_B1,1.55,0.0405735931418291
direct_000865,Rb2InYCl6,r_B1,1.55,0.0347016443585307
direct_000866,Rb2InYI6,r_B1,1.55,0.0343548736575239
direct_000867,Rb2TlYBr6,r_B1,1.64,0.0205733783476453
direct_000868,Rb2TlYCl6,r_B1,1.64,0.0205536651096503
direct_000869,Rb2TlYI6,r_B1,1.64,0.0215766224130345
direct_000870,O2PSbCl6,r_B1,0.52,0.0125501209019
direct_000871,S2NSbCl6,r_B1,0.27,0.035426180723188
direct_000872,Cs2GeSnCl6,r_B1,0.87,0.0538424017031774
direct_000873,Cs2GeSnBr6,r_B1,0.87,0.0542108087298952
direct_000874,Rb2GeSnCl6,r_B1,0.87,0.0505490344701353
direct_000875,Rb2GeSnBr6,r_B1,0.87,0.0522031042383214
direct_000876,K2GeSnBr6,r_B1,0.87,0.0527851718505194
direct_000877,K2GeSnI6,r_B1,0.87,0.0606887602207861
direct_000878,Na2GeSnCl6,r_B1,0.87,0.0499356304525387
direct_000879,K2GeSnCl6,r_B1,0.87,0.0499415948533499
direct_000880,Li2GeSnCl6,r_B1,0.87,0.0498856056305079
direct_000881,Li2GeSnBr6,r_B1,0.87,0.0528660073037382
direct_000882,Li2GeSnI6,r_B1,0.87,0.0602837713806502
direct_000883,Rb2GeSnI6,r_B1,0.87,0.0614057820398299
direct_000884,Cs2GeSnI6,r_B1,0.87,0.0624687316163705
direct_000001,Al2OSnCl6,SOC_proxy,6812344.0,-0.0034713156227482
direct_000002,S2NAlCl6,SOC_proxy,663160.0,0.0139504046840389
direct_000003,Cs2AgAsBr6,SOC_proxy,33370602.0,0.0050206335425732
direct_000004,Cs2AgAsCl6,SOC_proxy,24867978.0,0.0041908751723589
direct_000005,Cs2AgAuCl6,SOC_proxy,62632138.0,-0.0175352732457586
direct_000006,Cs2AgBiBr6,SOC_proxy,79643002.0,-0.0208269123722351
direct_000007,Cs2AgBiCl6,SOC_proxy,71140378.0,-0.0160144068485613
direct_000008,Cs2AgBiI6,SOC_proxy,117982138.0,-0.0357292200175549
direct_000009,Cs2AgMoBr6,SOC_proxy,35296377.0,0.0166192276569107
direct_000010,Cs2AgMoCl6,SOC_proxy,26793753.0,0.0194378564465026
direct_000011,Cs2AgSbBr6,SOC_proxy,38949882.0,0.0029213184481755
direct_000012,Cs2AgSbCl6,SOC_proxy,30447258.0,0.0090101521290137
direct_000013,Cs2AgSbI6,SOC_proxy,77289018.0,-0.0219402207362256
direct_000014,Cs2AgAlBr6,SOC_proxy,32213242.0,0.0197273106900027
direct_000015,Cs2AgAlCl6,SOC_proxy,23710618.0,0.0204828746889955
direct_000016,Cs2AlAuCl6,SOC_proxy,57781018.0,-0.0152083508454262
direct_000017,Cs2CuAlCl6,SOC_proxy,19538218.0,0.0164716030904833
direct_000018,Cs2InAlBr6,SOC_proxy,33098362.0,0.0108224904525302
direct_000019,Cs2InAlCl6,SOC_proxy,24595738.0,0.0093425998620033
direct_000020,Cs2InAlI6,SOC_proxy,71437498.0,-0.0177873652929601
direct_000021,Cs2TlAlBr6,SOC_proxy,70380282.0,-0.0167291439968703
direct_000022,Cs2TlAlCl6,SOC_proxy,61877658.0,-0.011993147162343
direct_000023,Cs2TlAlI6,SOC_proxy,108719418.0,-0.0458182301356894
direct_000024,Cs2AsAuCl6,SOC_proxy,58938378.0,-0.0131131935989073
direct_000025,Cs2BrAsCl6,SOC_proxy,21488922.0,0.010637279343496
direct_000026,Cs2BiAuBr6,SOC_proxy,113713402.0,-0.0520363374822542
direct_000027,Cs2BiAuCl6,SOC_proxy,105210778.0,-0.050092658293494
direct_000028,Cs2FBrCl6,SOC_proxy,20309562.0,0.0183206753001702
direct_000029,Cs2CaSnCl6,SOC_proxy,25212376.0,0.015112618450461
direct_000030,Cs2AgCeBr6,SOC_proxy,43501177.0,-0.0009702599350642
direct_000031,Cs2AgCeCl6,SOC_proxy,34998553.0,0.0051873327206633
direct_000032,Cs2AgCeI6,SOC_proxy,81840313.0,-0.0173085617592184
direct_000033,Cs2CuCeCl6,SOC_proxy,30826153.0,0.0053498394386878
direct_000034,Cs2CuCeI6,SOC_proxy,77667913.0,-0.0146430824519765
direct_000035,Cs2CuAsCl6,SOC_proxy,20695578.0,0.010493736351505
direct_000036,Cs2CuBiBr6,SOC_proxy,75470602.0,-0.0148269256500841
direct_000037,Cs2CuBiCl6,SOC_proxy,66967978.0,-0.0110963734045805
direct_000038,Cs2CuBiI6,SOC_proxy,113809738.0,-0.0386996760399616
direct_000039,Cs2CuMoBr6,SOC_proxy,31123977.0,0.020204990287024
direct_000040,Cs2CuMoCl6,SOC_proxy,22621353.0,0.0206338988008761
direct_000041,Cs2CuMoI6,SOC_proxy,69463113.0,-0.027216635460148
direct_000042,Cs2CuSbBr6,SOC_proxy,34777482.0,0.0066434415614653
direct_000043,Cs2CuSbCl6,SOC_proxy,26274858.0,0.00684109566792
direct_000044,Cs2CuSbI6,SOC_proxy,73116618.0,-0.0144613741370952
direct_000045,Cs2AuDyCl6,SOC_proxy,76727193.0,-0.0184048473516906
direct_000046,Cs2CuDyCl6,SOC_proxy,38484393.0,0.004420012328694
direct_000047,Cs2AuErCl6,SOC_proxy,79133833.0,-0.0192878540987263
direct_000048,Cs2CuErCl6,SOC_proxy,40891033.0,0.0021228246050739
direct_000049,Cs2AgGaBr6,SOC_proxy,33108202.0,0.020942118872786
direct_000050,Cs2AgGaCl6,SOC_proxy,24605578.0,0.0219332592855148
direct_000051,Cs2AuGdCl6,SOC_proxy,74529673.0,-0.0157984305590411
direct_000052,Cs2HgPdCl6,SOC_proxy,64239832.0,-0.0156508722123278
direct_000053,Cs2IBrCl6,SOC_proxy,28193482.0,0.0151881322513779
direct_000054,Cs2FICl6,SOC_proxy,26699418.0,0.0240367366785104
direct_000055,Cs2AgInBr6,SOC_proxy,37949482.0,0.0179056650208481
direct_000056,Cs2AgInCl6,SOC_proxy,29446858.0,0.0266188780255207
direct_000057,Cs2InAsBr6,SOC_proxy,34255722.0,0.0123227162008836
direct_000058,Cs2InAsCl6,SOC_proxy,25753098.0,0.0084336020407031
direct_000059,Cs2InAsI6,SOC_proxy,72594858.0,-0.0202756254047048
direct_000060,Cs2InBiBr6,SOC_proxy,80528122.0,-0.0122588794791072
direct_000061,Cs2InBiCl6,SOC_proxy,72025498.0,-0.0021707812738307
direct_000062,Cs2InBiI6,SOC_proxy,118867258.0,-0.0291251619623677
direct_000063,Cs2InGaBr6,SOC_proxy,33993322.0,0.0107727510084375
direct_000064,Cs2InGaCl6,SOC_proxy,25490698.0,0.0117452874154941
direct_000065,Cs2InGaI6,SOC_proxy,72332458.0,-0.0211657706899462
direct_000066,Cs2InSbBr6,SOC_proxy,39835002.0,0.0151961866162566
direct_000067,Cs2InSbCl6,SOC_proxy,31332378.0,0.0208906676816037
direct_000068,Cs2InSbI6,SOC_proxy,78174138.0,-0.0402472426088206
direct_000069,Cs2KAlBr6,SOC_proxy,27463882.0,0.0086314050715983
direct_000070,Cs2KAlCl6,SOC_proxy,18961258.0,0.0083733353038817
direct_000071,Cs2KAlI6,SOC_proxy,65803018.0,-0.0044005372901057
direct_000072,Cs2KAsBr6,SOC_proxy,28621242.0,0.0274260352825495
direct_000073,Cs2KAsCl6,SOC_proxy,20118618.0,0.0279239095389291
direct_000074,Cs2KAsI6,SOC_proxy,66960378.0,-0.0336701741650136
direct_000075,Cs2KAuCl6,SOC_proxy,57882778.0,-0.0239471185747401
direct_000076,Cs2KBiBr6,SOC_proxy,74893642.0,-0.0056074427228248
direct_000077,Cs2KBiCl6,SOC_proxy,66391018.0,0.0092529974901087
direct_000078,Cs2KBiI6,SOC_proxy,113232778.0,-0.0822794694990835
direct_000079,Cs2KCeBr6,SOC_proxy,38751817.0,0.0006085812671321
direct_000080,Cs2KCeCl6,SOC_proxy,30249193.0,0.0024031996092687
direct_000081,Cs2KCeI6,SOC_proxy,77090953.0,-0.0144449057004364
direct_000082,Cs2KCrCl6,SOC_proxy,19264473.0,0.01021360400429
direct_000083,Cs2KDyCl6,SOC_proxy,37907433.0,0.0142732946315923
direct_000084,Cs2KGaBr6,SOC_proxy,28358842.0,0.0147547710498519
direct_000085,Cs2KGaCl6,SOC_proxy,19856218.0,0.0129522778184444
direct_000086,Cs2KGaI6,SOC_proxy,66697978.0,-0.0108326859920097
direct_000087,Cs2KHoCl6,SOC_proxy,39083818.0,0.0132342961425923
direct_000088,Cs2KInBr6,SOC_proxy,33200122.0,0.0159870640474587
direct_000089,Cs2KInCl6,SOC_proxy,24697498.0,0.0149228418641347
direct_000090,Cs2KInI6,SOC_proxy,71539258.0,-0.0218556229700368
direct_000091,Cs2KLaCl6,SOC_proxy,29488698.0,0.0107770570081117
direct_000092,Cs2KLuCl6,SOC_proxy,44344378.0,0.0074898459414553
direct_000093,Cs2KMoBr6,SOC_proxy,30547017.0,0.0279151140463184
direct_000094,Cs2KMoCl6,SOC_proxy,22044393.0,0.0242473648998518
direct_000095,Cs2KMoI6,SOC_proxy,68886153.0,-0.0204352382801414
direct_000096,Cs2KNdBr6,SOC_proxy,40395321.0,0.0096457836694571
direct_000097,Cs2KNdCl6,SOC_proxy,31892697.0,0.0146171651386138
direct_000098,Cs2KNdI6,SOC_proxy,78734457.0,-0.0316621709579101
direct_000099,Cs2KPrBr6,SOC_proxy,39552682.0,0.0106409320340762
direct_000100,Cs2KPrCl6,SOC_proxy,31050058.0,0.014844716988284
direct_000101,Cs2KPrI6,SOC_proxy,77891818.0,-0.0311648684089099
direct_000102,Cs2KSbBr6,SOC_proxy,34200522.0,0.0199348210180362
direct_000103,Cs2KSbCl6,SOC_proxy,25697898.0,0.0172112699107123
direct_000104,Cs2KSbI6,SOC_proxy,72539658.0,-0.0438687874310587
direct_000105,Cs2KScBr6,SOC_proxy,27629802.0,0.0006734689599914
direct_000106,Cs2KScCl6,SOC_proxy,19127178.0,-0.0003882252219661
direct_000107,Cs2KScI6,SOC_proxy,65968938.0,-0.0201863927526004
direct_000108,Cs2KSmCl6,SOC_proxy,33709033.0,0.0143725590904611
direct_000109,Cs2KTbCl6,SOC_proxy,36783322.0,0.0128865523384832
direct_000110,Cs2KTlBr6,SOC_proxy,70482042.0,-0.0116617757976116
direct_000111,Cs2KTlCl6,SOC_proxy,61979418.0,-0.0030184745274322
direct_000112,Cs2KTlI6,SOC_proxy,108821178.0,-0.1226216428315285
direct_000113,Cs2KYBr6,SOC_proxy,29748762.0,0.0176137388665107
direct_000114,Cs2KYCl6,SOC_proxy,21246138.0,0.0175210278059642
direct_000115,Cs2KYI6,SOC_proxy,68087898.0,-0.0688640181155022
direct_000116,Cs2AgLaCl6,SOC_proxy,34238058.0,0.0060767318460875
direct_000117,Cs2AuLaCl6,SOC_proxy,68308458.0,-0.0131218427500891
direct_000118,Cs2CuLaCl6,SOC_proxy,30065658.0,0.0058875056337527
direct_000119,Cs2LiBiBr6,SOC_proxy,74763402.0,-0.0164010518676148
direct_000120,Cs2LiBiCl6,SOC_proxy,66260778.0,-0.0087233136926862
direct_000121,Cs2LiBiI6,SOC_proxy,113102538.0,-0.0488145774919228
direct_000122,Cs2LiCeBr6,SOC_proxy,38621577.0,0.0019208636448494
direct_000123,Cs2LiCeI6,SOC_proxy,76960713.0,-0.0136453958992831
direct_000124,Cs2LiDyCl6,SOC_proxy,37777193.0,0.0126079939249705
direct_000125,Cs2LiErCl6,SOC_proxy,40183833.0,0.0115638588604869
direct_000126,Cs2LiGdCl6,SOC_proxy,35579673.0,0.0132129905684613
direct_000127,Cs2LiInBr6,SOC_proxy,33069882.0,0.0193111779056038
direct_000128,Cs2LiInCl6,SOC_proxy,24567258.0,0.0163092352303787
direct_000129,Cs2LiLaBr6,SOC_proxy,37861082.0,0.0091057920784753
direct_000130,Cs2LiLaCl6,SOC_proxy,29358458.0,0.0115590834135404
direct_000131,Cs2LiLuCl6,SOC_proxy,44214138.0,0.0093684492272857
direct_000132,Cs2LiMoBr6,SOC_proxy,30416777.0,0.0286259552281743
direct_000133,Cs2LiMoCl6,SOC_proxy,21914153.0,0.0273180114992597
direct_000134,Cs2LiMoI6,SOC_proxy,68755913.0,-0.0048307310608353
direct_000135,Cs2LiNdBr6,SOC_proxy,40265081.0,0.0081372536606143
direct_000136,Cs2LiNdCl6,SOC_proxy,31762457.0,0.0139169987749526
direct_000137,Cs2LiNdI6,SOC_proxy,78604217.0,-0.0234893031863085
direct_000138,Cs2LiPrBr6,SOC_proxy,39422442.0,0.0086815169194735
direct_000139,Cs2LiPrCl6,SOC_proxy,30919818.0,0.0140820968833986
direct_000140,Cs2LiPrI6,SOC_proxy,77761578.0,-0.0229882000906539
direct_000141,Cs2LiSbBr6,SOC_proxy,34070282.0,0.0090516081889746
direct_000142,Cs2LiSbCl6,SOC_proxy,25567658.0,0.0079572502064318
direct_000143,Cs2LiSbI6,SOC_proxy,72409418.0,-0.0150039023164673
direct_000144,Cs2LiScCl6,SOC_proxy,18996938.0,0.0069371112673698
direct_000145,Cs2LiSmCl6,SOC_proxy,33578793.0,0.0133182075630009
direct_000146,Cs2LiTbCl6,SOC_proxy,36653082.0,0.0129952289212789
direct_000147,Cs2LiTlBr6,SOC_proxy,70351802.0,-0.0145198177681629
direct_000148,Cs2LiTlCl6,SOC_proxy,61849178.0,0.0016267919970198
direct_000149,Cs2LiTmCl6,SOC_proxy,41469578.0,0.0106166966998566
direct_000150,Cs2LiYBr6,SOC_proxy,29618522.0,0.0139493099768958
direct_000151,Cs2LiYCl6,SOC_proxy,21115898.0,0.0150396139198282
direct_000152,Cs2LiYI6,SOC_proxy,67957658.0,-0.0067885882491172
direct_000153,Cs2AgLuCl6,SOC_proxy,49093738.0,-0.0046223741675803
direct_000154,Cs2NaAlCl6,SOC_proxy,18845578.0,0.0100453963643371
direct_000155,Cs2NaAsBr6,SOC_proxy,28505562.0,0.0091831865665658
direct_000156,Cs2NaAsCl6,SOC_proxy,20002938.0,0.0055241845212805
direct_000157,Cs2NaBiBr6,SOC_proxy,74777962.0,-0.0163604548731797
direct_000158,Cs2NaBiCl6,SOC_proxy,66275338.0,-0.0087980969836889
direct_000159,Cs2NaBiI6,SOC_proxy,113117098.0,-0.0403701535101874
direct_000160,Cs2NaCeCl6,SOC_proxy,30133513.0,0.00406172324912
direct_000161,Cs2NaCeI6,SOC_proxy,76975273.0,-0.0152449817813023
direct_000162,Cs2NaCrCl6,SOC_proxy,19148793.0,0.010690172757782
direct_000163,Cs2NaDyCl6,SOC_proxy,37791753.0,0.0120848604670083
direct_000164,Cs2NaErCl6,SOC_proxy,40198393.0,0.010731344169115
direct_000165,Cs2NaGaBr6,SOC_proxy,28243162.0,0.0160429913613467
direct_000166,Cs2NaGaCl6,SOC_proxy,19740538.0,0.0134955957568961
direct_000167,Cs2NaGdCl6,SOC_proxy,35594233.0,0.0129856925379304
direct_000168,Cs2NaHoCl6,SOC_proxy,38968138.0,0.0111750703679837
direct_000169,Cs2NaInBr6,SOC_proxy,33084442.0,0.015718602336561
direct_000170,Cs2NaInCl6,SOC_proxy,24581818.0,0.0139540751388076
direct_000171,Cs2NaInI6,SOC_proxy,71423578.0,-0.0160121823444487
direct_000172,Cs2NaLaBr6,SOC_proxy,37875642.0,0.0100068156127579
direct_000173,Cs2NaLaCl6,SOC_proxy,29373018.0,0.0127530563306574
direct_000174,Cs2NaLuCl6,SOC_proxy,44228698.0,0.008574299113037
direct_000175,Cs2NaMoBr6,SOC_proxy,30431337.0,0.0266925535435888
direct_000176,Cs2NaMoCl6,SOC_proxy,21928713.0,0.0253803685435071
direct_000177,Cs2NaMoI6,SOC_proxy,68770473.0,-0.0082952022060896
direct_000178,Cs2NaNdBr6,SOC_proxy,40279641.0,0.0085912953230645
direct_000179,Cs2NaNdCl6,SOC_proxy,31777017.0,0.0135027179776615
direct_000180,Cs2NaPrBr6,SOC_proxy,39437002.0,0.0090007457152157
direct_000181,Cs2NaPrCl6,SOC_proxy,30934378.0,0.0134962607812536
direct_000182,Cs2NaPrI6,SOC_proxy,77776138.0,-0.0276301272169572
direct_000183,Cs2NaSbBr6,SOC_proxy,34084842.0,0.0104582971054768
direct_000184,Cs2NaSbCl6,SOC_proxy,25582218.0,0.0077026926539861
direct_000185,Cs2NaSbI6,SOC_proxy,72423978.0,-0.0179442413656545
direct_000186,Cs2NaScBr6,SOC_proxy,27514122.0,-0.0020626406086902
direct_000187,Cs2NaScCl6,SOC_proxy,19011498.0,-0.0027392270924441
direct_000188,Cs2NaScI6,SOC_proxy,65853258.0,-0.0108164741975161
direct_000189,Cs2NaSmCl6,SOC_proxy,33593353.0,0.0127241204636165
direct_000190,Cs2NaTbCl6,SOC_proxy,36667642.0,0.0135126685951448
direct_000191,Cs2NaTlBr6,SOC_proxy,70366362.0,-0.0134253994313683
direct_000192,Cs2NaTlCl6,SOC_proxy,61863738.0,0.0007864951812284
direct_000193,Cs2NaTlI6,SOC_proxy,108705498.0,-0.1767721943662152
direct_000194,Cs2NaTmCl6,SOC_proxy,41484138.0,0.0097978627580495
direct_000195,Cs2NaUBr6,SOC_proxy,98958937.0,-0.0583553217910081
direct_000196,Cs2NaUCl6,SOC_proxy,90456313.0,-0.0830801514493949
direct_000197,Cs2NaYBr6,SOC_proxy,29633082.0,0.0136492520437683
direct_000198,Cs2NaYCl6,SOC_proxy,21130458.0,0.0146708192355143
direct_000199,Cs2NaYI6,SOC_proxy,67972218.0,-0.0084464766763236
direct_000200,Cs2AgNdBr6,SOC_proxy,45144681.0,-0.0010178330544111
direct_000201,Cs2AgNdCl6,SOC_proxy,36642057.0,0.0060629248460422
direct_000202,Cs2AgNdI6,SOC_proxy,83483817.0,-0.0225639138450409
direct_000203,Cs2AuNdCl6,SOC_proxy,70712457.0,-0.0125745440536341
direct_000204,Cs2CuNdBr6,SOC_proxy,40972281.0,0.0017548900762806
direct_000205,Cs2CuNdI6,SOC_proxy,79311417.0,-0.0163232509277175
direct_000206,Cs2AgPrCl6,SOC_proxy,35799418.0,0.0063636131203914
direct_000207,Cs2AgPrI6,SOC_proxy,82641178.0,-0.0201259164427247
direct_000208,Cs2AuPrCl6,SOC_proxy,69869818.0,-0.0146406672276572
direct_000209,Cs2CuPrBr6,SOC_proxy,40129642.0,0.0033528932401386
direct_000210,Cs2CuPrCl6,SOC_proxy,31627018.0,0.0061574718580108
direct_000211,Cs2CuPrI6,SOC_proxy,78468778.0,-0.0166654495258844
direct_000212,Cs2RbAlBr6,SOC_proxy,29207722.0,0.0089888883412983
direct_000213,Cs2RbAlCl6,SOC_proxy,20705098.0,0.0085268730832854
direct_000214,Cs2RbAlI6,SOC_proxy,67546858.0,-0.0110419854894872
direct_000215,Cs2RbAsBr6,SOC_proxy,30365082.0,0.0274829977072317
direct_000216,Cs2RbAsCl6,SOC_proxy,21862458.0,0.0254358364335127
direct_000217,Cs2RbAsI6,SOC_proxy,68704218.0,-0.0371317223707266
direct_000218,Cs2RbAuCl6,SOC_proxy,59626618.0,-0.0191552626716087
direct_000219,Cs2RbBiBr6,SOC_proxy,76637482.0,-0.0046364886704904
direct_000220,Cs2RbBiCl6,SOC_proxy,68134858.0,0.0013227494103482
direct_000221,Cs2RbBiI6,SOC_proxy,114976618.0,-0.0749715369819906
direct_000222,Cs2RbCeCl6,SOC_proxy,31993033.0,0.0044656853677169
direct_000223,Cs2RbDyCl6,SOC_proxy,39651273.0,0.0129826419599156
direct_000224,Cs2RbErCl6,SOC_proxy,42057913.0,0.0102236957864555
direct_000225,Cs2RbGaBr6,SOC_proxy,30102682.0,0.0142933972875618
direct_000226,Cs2RbGaCl6,SOC_proxy,21600058.0,0.0123909632423331
direct_000227,Cs2RbGaI6,SOC_proxy,68441818.0,-0.0276151852088661
direct_000228,Cs2RbGdCl6,SOC_proxy,37453753.0,0.0131592642184112
direct_000229,Cs2RbInBr6,SOC_proxy,34943962.0,0.0151314391561344
direct_000230,Cs2RbInCl6,SOC_proxy,26441338.0,0.0142312295170082
direct_000231,Cs2RbInI6,SOC_proxy,73283098.0,-0.0251554249456111
direct_000232,Cs2RbLaCl6,SOC_proxy,31232538.0,0.0108650582424075
direct_000233,Cs2RbLuCl6,SOC_proxy,46088218.0,-0.0350341426236063
direct_000234,Cs2RbNdCl6,SOC_proxy,33636537.0,0.0144105868202122
direct_000235,Cs2RbPrCl6,SOC_proxy,32793898.0,0.0145836078020523
direct_000236,Cs2RbSbBr6,SOC_proxy,35944362.0,0.0204623915666012
direct_000237,Cs2RbSbCl6,SOC_proxy,27441738.0,0.0164669170007174
direct_000238,Cs2RbSbI6,SOC_proxy,74283498.0,-0.0358017021700233
direct_000239,Cs2RbScBr6,SOC_proxy,29373642.0,0.0011846165556239
direct_000240,Cs2RbScCl6,SOC_proxy,20871018.0,-0.0008174197643453
direct_000241,Cs2RbScI6,SOC_proxy,67712778.0,-0.0216787805575546
direct_000242,Cs2RbSmCl6,SOC_proxy,35452873.0,0.013958553361565
direct_000243,Cs2RbTbCl6,SOC_proxy,38527162.0,0.0105204319202097
direct_000244,Cs2RbTlBr6,SOC_proxy,72225882.0,-0.0133374231703509
direct_000245,Cs2RbTlCl6,SOC_proxy,63723258.0,-0.0068535823506944
direct_000246,Cs2RbTlI6,SOC_proxy,110565018.0,-0.103306421697624
direct_000247,Cs2RbTmCl6,SOC_proxy,43343658.0,0.0099897598621062
direct_000248,Cs2RbYBr6,SOC_proxy,31492602.0,0.0168519252991443
direct_000249,Cs2RbYCl6,SOC_proxy,22989978.0,0.0173493660660687
direct_000250,Cs2RbYI6,SOC_proxy,69831738.0,-0.0693825507771025
direct_000251,Cs2AuSbBr6,SOC_proxy,73020282.0,-0.0264887670899626
direct_000252,Cs2AuSbCl6,SOC_proxy,64517658.0,-0.0197974136840441
direct_000253,Cs2AgScBr6,SOC_proxy,32379162.0,0.0007482003747376
direct_000254,Cs2AgScCl6,SOC_proxy,23876538.0,0.0041534602658912
direct_000255,Cs2AgScI6,SOC_proxy,70718298.0,-0.026212486197989
direct_000256,Cs2AuScBr6,SOC_proxy,66449562.0,-0.0290662214411599
direct_000257,Cs2AuScCl6,SOC_proxy,57946938.0,-0.0263220236337541
direct_000258,Cs2AuScI6,SOC_proxy,104788698.0,-0.0574581189011905
direct_000259,Cs2CuScCl6,SOC_proxy,19704138.0,0.0007530420428475
direct_000260,Cs2InScBr6,SOC_proxy,33264282.0,0.0204994134401965
direct_000261,Cs2InScCl6,SOC_proxy,24761658.0,0.0202196929786247
direct_000262,Cs2InScI6,SOC_proxy,71603418.0,-0.0185328927814038
direct_000263,Cs2TlScBr6,SOC_proxy,70546202.0,-0.015366883210172
direct_000264,Cs2TlScCl6,SOC_proxy,62043578.0,-0.0074868898684336
direct_000265,Cs2TlScI6,SOC_proxy,108885338.0,-0.0897048851935243
direct_000266,Cs2AuSmCl6,SOC_proxy,72528793.0,-0.014291769208721
direct_000267,Cs2CuSmCl6,SOC_proxy,34285993.0,0.0055744006582098
direct_000268,Cs2AuTbCl6,SOC_proxy,75603082.0,-0.0171265918821951
direct_000269,Cs2CuTbCl6,SOC_proxy,37360282.0,0.0050043057769223
direct_000270,Cs2TlAsBr6,SOC_proxy,71537642.0,-0.0153474316907017
direct_000271,Cs2TlAsCl6,SOC_proxy,63035018.0,-0.0089235428683331
direct_000272,Cs2TlAsI6,SOC_proxy,109876778.0,-0.0436640492887537
direct_000273,Cs2TlBiBr6,SOC_proxy,117810042.0,-0.0279950890186741
direct_000274,Cs2TlBiCl6,SOC_proxy,109307418.0,-0.0304525562009765
direct_000275,Cs2TlBiI6,SOC_proxy,156149178.0,-0.0250200146507592
direct_000276,Cs2TlGaBr6,SOC_proxy,71275242.0,-0.0250088284263488
direct_000277,Cs2TlGaCl6,SOC_proxy,62772618.0,-0.0193658696367626
direct_000278,Cs2TlGaI6,SOC_proxy,109614378.0,-0.0559479423112785
direct_000279,Cs2TlInBr6,SOC_proxy,76116522.0,-0.0390855478772418
direct_000280,Cs2TlInCl6,SOC_proxy,67613898.0,-0.0248713807708512
direct_000281,Cs2TlInI6,SOC_proxy,114455658.0,-0.0687137104236644
direct_000282,Cs2TlSbBr6,SOC_proxy,77116922.0,-0.0211933992681721
direct_000283,Cs2TlSbCl6,SOC_proxy,68614298.0,-0.0130547288174243
direct_000284,Cs2TlSbI6,SOC_proxy,115456058.0,-0.0516758448278755
direct_000285,Cs2CuTmCl6,SOC_proxy,42176778.0,0.0018215017374014
direct_000286,Cs2AgYBr6,SOC_proxy,34498122.0,0.0046509230711617
direct_000287,Cs2AgYCl6,SOC_proxy,25995498.0,0.0056931548771755
direct_000288,Cs2AgYI6,SOC_proxy,72837258.0,-0.0202354859876423
direct_000289,Cs2AuYBr6,SOC_proxy,68568522.0,-0.0242040154668386
direct_000290,Cs2AuYCl6,SOC_proxy,60065898.0,-0.0178162456212887
direct_000291,Cs2AuYI6,SOC_proxy,106907658.0,-0.0536840024797624
direct_000292,Cs2CuYBr6,SOC_proxy,30325722.0,0.0055073605412107
direct_000293,Cs2CuYCl6,SOC_proxy,21823098.0,0.0047277234283008
direct_000294,Cs2CuYI6,SOC_proxy,68664858.0,-0.0167480495756482
direct_000295,Cs2InYBr6,SOC_proxy,35383242.0,0.0226520631066012
direct_000296,Cs2InYCl6,SOC_proxy,26880618.0,0.0181459473665662
direct_000297,Cs2InYI6,SOC_proxy,73722378.0,-0.0422294885875716
direct_000298,Cs2TlYBr6,SOC_proxy,72665162.0,-0.0171369327179333
direct_000299,Cs2TlYCl6,SOC_proxy,64162538.0,-0.0021417896765149
direct_000300,Cs2TlYI6,SOC_proxy,111004298.0,-0.0756500664767377
direct_000301,K2CsAlBr6,SOC_proxy,18443578.0,0.0096763050494738
direct_000302,K2CsAlCl6,SOC_proxy,9940954.0,0.0120777892208871
direct_000303,K2CsAlI6,SOC_proxy,56782714.0,-0.0008406300279748
direct_000304,K2CsAsBr6,SOC_proxy,19600938.0,0.0298961833172279
direct_000305,K2CsAsCl6,SOC_proxy,11098314.0,0.0236756759779054
direct_000306,K2CsBiCl6,SOC_proxy,57370714.0,-0.0118820324381853
direct_000307,K2CsGaCl6,SOC_proxy,10835914.0,0.0124551142786235
direct_000308,K2CsInCl6,SOC_proxy,15677194.0,0.0123061922570351
direct_000309,K2CsSbCl6,SOC_proxy,16677594.0,0.003287022863458
direct_000310,K2CsScCl6,SOC_proxy,10106874.0,0.0021616431743961
direct_000311,Mn2CsRbCl6,SOC_proxy,12307162.0,0.0111224547766794
direct_000312,Rb2CsAlBr6,SOC_proxy,21931258.0,0.0096312727298548
direct_000313,Rb2CsAlCl6,SOC_proxy,13428634.0,0.0081523135122732
direct_000314,Rb2CsAlI6,SOC_proxy,60270394.0,-0.00289286356139
direct_000315,Rb2CsAsBr6,SOC_proxy,23088618.0,0.029708172541763
direct_000316,Rb2CsAsCl6,SOC_proxy,14585994.0,0.024170647311474
direct_000317,Rb2CsAsI6,SOC_proxy,61427754.0,-0.0313047703903442
direct_000318,Rb2CsAuCl6,SOC_proxy,52350154.0,-0.0161849779158602
direct_000319,Rb2CsDyCl6,SOC_proxy,32374809.0,0.0175312306898178
direct_000320,Rb2CsErCl6,SOC_proxy,34781449.0,0.0165733626545515
direct_000321,Rb2CsGaBr6,SOC_proxy,22826218.0,0.0149065239427748
direct_000322,Rb2CsGaCl6,SOC_proxy,14323594.0,0.0124693336257195
direct_000323,Rb2CsGaI6,SOC_proxy,61165354.0,-0.0045106753206256
direct_000324,Rb2CsGdCl6,SOC_proxy,30177289.0,0.0168292420463667
direct_000325,Rb2CsInBr6,SOC_proxy,27667498.0,0.0150670131233381
direct_000326,Rb2CsInCl6,SOC_proxy,19164874.0,0.0123367665426255
direct_000327,Rb2CsLuCl6,SOC_proxy,38811754.0,0.0140401540281719
direct_000328,Rb2CsSbCl6,SOC_proxy,20165274.0,0.0032354157029229
direct_000329,Rb2CsScBr6,SOC_proxy,22097178.0,-0.0017359216059338
direct_000330,Rb2CsScCl6,SOC_proxy,13594554.0,-0.0030488623404989
direct_000331,Rb2CsTbCl6,SOC_proxy,31250698.0,0.0150513118940318
direct_000332,Rb2CsTlBr6,SOC_proxy,64949418.0,-0.0061611689218984
direct_000333,Rb2CsTmCl6,SOC_proxy,36067194.0,0.0166457085525569
direct_000334,Rb2CsYBr6,SOC_proxy,24216138.0,0.0188821793527805
direct_000335,Rb2CsYCl6,SOC_proxy,15713514.0,0.0181560132482946
direct_000336,O2GaReCl6,SOC_proxy,33073464.0,0.0069226773404105
direct_000337,Se2NGaCl6,SOC_proxy,4099720.0,0.0118310159117012
direct_000338,K2AgAsBr6,SOC_proxy,15329994.0,0.0055044241263485
direct_000339,K2AgAsCl6,SOC_proxy,6827370.0,0.0103163774266979
direct_000340,K2AgBiBr6,SOC_proxy,61602394.0,-0.0139581727877757
direct_000341,K2AgBiCl6,SOC_proxy,53099770.0,-0.0087040445727782
direct_000342,K2AgBiI6,SOC_proxy,99941530.0,-0.0412223764053976
direct_000343,K2AgMoBr6,SOC_proxy,17255769.0,0.0198989673445329
direct_000344,K2AgMoCl6,SOC_proxy,8753145.0,0.0238936360727882
direct_000345,K2AgMoI6,SOC_proxy,55594905.0,-0.0099421579958173
direct_000346,K2AgSbBr6,SOC_proxy,20909274.0,0.0105665169203666
direct_000347,K2AgSbCl6,SOC_proxy,12406650.0,0.0087288565572489
direct_000348,K2AgSbI6,SOC_proxy,59248410.0,-0.0107758064781414
direct_000349,K2AgAlBr6,SOC_proxy,14172634.0,0.0220485896336028
direct_000350,K2AgAlCl6,SOC_proxy,5670010.0,0.022375188478231
direct_000351,K2AlAuCl6,SOC_proxy,39740410.0,0.0280207383016468
direct_000352,K2InAlBr6,SOC_proxy,15057754.0,0.0106889530155849
direct_000353,K2InAlCl6,SOC_proxy,6555130.0,0.0158962195886732
direct_000354,K2InAlI6,SOC_proxy,53396890.0,-0.0084474565013827
direct_000355,K2TlAlBr6,SOC_proxy,52339674.0,-0.0090225307323608
direct_000356,K2TlAlCl6,SOC_proxy,43837050.0,-0.0044435154160883
direct_000357,K2TlAlI6,SOC_proxy,90678810.0,-0.0441399052523947
direct_000358,K2AsAuBr6,SOC_proxy,49400394.0,-0.0072656326282441
direct_000359,K2AsAuCl6,SOC_proxy,40897770.0,0.0068208062937909
direct_000360,K2BiAuBr6,SOC_proxy,95672794.0,-0.0493546148732129
direct_000361,K2BiAuCl6,SOC_proxy,87170170.0,-0.0425795095107516
direct_000362,K2FBrCl6,SOC_proxy,2268954.0,0.0126459572771318
direct_000363,K2AgCeBr6,SOC_proxy,25460569.0,0.0068863113395504
direct_000364,K2AgCeCl6,SOC_proxy,16957945.0,0.0063318254702153
direct_000365,K2AgCeI6,SOC_proxy,63799705.0,-0.0075558149183433
direct_000366,K2AuCeCl6,SOC_proxy,51028345.0,-0.0077207580873635
direct_000367,K2CuCeBr6,SOC_proxy,21288169.0,0.0057806393884235
direct_000368,K2CuCeCl6,SOC_proxy,12785545.0,0.004502477620484
direct_000369,K2CuCeI6,SOC_proxy,59627305.0,-0.0067574428459804
direct_000370,K2CuBiBr6,SOC_proxy,57429994.0,-0.0100585222236089
direct_000371,K2CuBiCl6,SOC_proxy,48927370.0,-0.0063723092799902
direct_000372,K2CuBiI6,SOC_proxy,95769130.0,-0.0369005012222374
direct_000373,K2CuMoBr6,SOC_proxy,13083369.0,0.0218931253419455
direct_000374,K2CuMoCl6,SOC_proxy,4580745.0,-0.0196570800393409
direct_000375,K2CuMoI6,SOC_proxy,51422505.0,0.0009763977273546
direct_000376,K2CuSbBr6,SOC_proxy,16736874.0,0.0081123243007643
direct_000377,K2CuSbCl6,SOC_proxy,8234250.0,0.0121839464097754
direct_000378,K2CuSbI6,SOC_proxy,55076010.0,-0.0062724873524148
direct_000379,K2AgDyCl6,SOC_proxy,24616185.0,0.0076359021604709
direct_000380,K2AuDyCl6,SOC_proxy,58686585.0,-0.0104236086746464
direct_000381,K2CuDyCl6,SOC_proxy,20443785.0,0.0066991928486076
direct_000382,K2AgErCl6,SOC_proxy,27022825.0,0.0072185051299021
direct_000383,K2AuErCl6,SOC_proxy,61093225.0,-0.0112901025802771
direct_000384,K2CuErCl6,SOC_proxy,22850425.0,0.0069024948348564
direct_000385,K2AgGaCl6,SOC_proxy,6564970.0,0.0291838982551373
direct_000386,K2AuGdCl6,SOC_proxy,56489065.0,-0.009362053010057
direct_000387,K2CuGdCl6,SOC_proxy,18246265.0,0.0066774247255259
direct_000388,K2AgInBr6,SOC_proxy,19908874.0,0.0303766231746005
direct_000389,K2AgInCl6,SOC_proxy,11406250.0,0.0339478155673036
direct_000390,K2InAsBr6,SOC_proxy,16215114.0,0.0176532398782129
direct_000391,K2InAsCl6,SOC_proxy,7712490.0,0.0159194863967744
direct_000392,K2InGaBr6,SOC_proxy,15952714.0,0.0153154343850094
direct_000393,K2InGaCl6,SOC_proxy,7450090.0,0.0156134091815253
direct_000394,K2InGaI6,SOC_proxy,54291850.0,-0.0098037471995073
direct_000395,K2InSbBr6,SOC_proxy,21794394.0,0.0225832486304902
direct_000396,K2InSbCl6,SOC_proxy,13291770.0,0.0211685003827063
direct_000397,K2InSbI6,SOC_proxy,60133530.0,-0.0171850013588722
direct_000398,K2AgLaCl6,SOC_proxy,16197450.0,0.0071069667151589
direct_000399,K2AuLaCl6,SOC_proxy,50267850.0,-0.0072599666124077
direct_000400,K2CuLaCl6,SOC_proxy,12025050.0,0.0047271747276346
direct_000401,K2LiBiBr6,SOC_proxy,56722794.0,-0.0088533786672263
direct_000402,K2LiBiCl6,SOC_proxy,48220170.0,-0.0045404035687486
direct_000403,K2LiBiI6,SOC_proxy,95061930.0,-0.0462003090703584
direct_000404,K2LiCeBr6,SOC_proxy,20580969.0,0.0040403623461551
direct_000405,K2LiCeCl6,SOC_proxy,12078345.0,0.0038418721698219
direct_000406,K2LiCeI6,SOC_proxy,58920105.0,-0.003404569139246
direct_000407,K2LiDyCl6,SOC_proxy,19736585.0,0.0136598223902374
direct_000408,K2LiErCl6,SOC_proxy,22143225.0,0.0138962128869721
direct_000409,K2LiGdCl6,SOC_proxy,17539065.0,0.0135793674765255
direct_000410,K2LiInCl6,SOC_proxy,6526650.0,0.0111543842956752
direct_000411,K2LiLaCl6,SOC_proxy,11317850.0,0.0122502641475248
direct_000412,K2LiLuCl6,SOC_proxy,26173530.0,0.0140690230669247
direct_000413,K2LiMoBr6,SOC_proxy,12376169.0,0.0210756805418044
direct_000414,K2LiMoCl6,SOC_proxy,3873545.0,-0.0723108413676121
direct_000415,K2LiMoI6,SOC_proxy,50715305.0,0.0156676985291035
direct_000416,K2LiNdBr6,SOC_proxy,22224473.0,0.0122053507520701
direct_000417,K2LiNdCl6,SOC_proxy,13721849.0,0.0134196462835364
direct_000418,K2LiNdI6,SOC_proxy,60563609.0,0.0011342979113648
direct_000419,K2LiPrBr6,SOC_proxy,21381834.0,0.012285467349473
direct_000420,K2LiPrCl6,SOC_proxy,12879210.0,0.0126204130989421
direct_000421,K2LiPrI6,SOC_proxy,59720970.0,0.001473561563897
direct_000422,K2LiSbBr6,SOC_proxy,16029674.0,0.0089302365729582
direct_000423,K2LiSbCl6,SOC_proxy,7527050.0,0.0062568243699626
direct_000424,K2LiSbI6,SOC_proxy,54368810.0,-0.0027997594217018
direct_000425,K2LiScCl6,SOC_proxy,956330.0,0.0305215037665016
direct_000426,K2LiSmCl6,SOC_proxy,15538185.0,0.0136564439592501
direct_000427,K2LiTbCl6,SOC_proxy,18612474.0,0.0137045722990613
direct_000428,K2LiTlBr6,SOC_proxy,52311194.0,0.0071548283544511
direct_000429,K2LiTlCl6,SOC_proxy,43808570.0,0.0087269257511391
direct_000430,K2LiTmCl6,SOC_proxy,23428970.0,0.0139566974254283
direct_000431,K2LiYBr6,SOC_proxy,11577914.0,0.0130203151786104
direct_000432,K2LiYCl6,SOC_proxy,3075290.0,0.0099062008221727
direct_000433,K2LiYI6,SOC_proxy,49917050.0,0.0080094049176752
direct_000434,K2AgLuCl6,SOC_proxy,31053130.0,0.0076585204955761
direct_000435,K2AuLuCl6,SOC_proxy,65123530.0,-0.0121976719394982
direct_000436,K2CuLuCl6,SOC_proxy,26880730.0,0.0067898895629434
direct_000437,K2NaAlCl6,SOC_proxy,804970.0,0.0205035772014334
direct_000438,K2NaAsBr6,SOC_proxy,10464954.0,0.0010394199021721
direct_000439,K2NaAsCl6,SOC_proxy,1962330.0,-0.0088695434975201
direct_000440,K2NaBiBr6,SOC_proxy,56737354.0,-0.0096730822072129
direct_000441,K2NaBiCl6,SOC_proxy,48234730.0,-0.0074079313041764
direct_000442,K2NaBiI6,SOC_proxy,95076490.0,-0.0441799610239457
direct_000443,K2NaCeBr6,SOC_proxy,20595529.0,0.0038724009369827
direct_000444,K2NaCeCl6,SOC_proxy,12092905.0,0.0033814901941256
direct_000445,K2NaCrCl6,SOC_proxy,1108185.0,0.022673670622327
direct_000446,K2NaDyCl6,SOC_proxy,19751145.0,0.0132766084816021
direct_000447,K2NaErCl6,SOC_proxy,22157785.0,0.0131092583262975
direct_000448,K2NaGaBr6,SOC_proxy,10202554.0,0.0167086679442603
direct_000449,K2NaGaCl6,SOC_proxy,1699930.0,0.0134560352289993
direct_000450,K2NaGdCl6,SOC_proxy,17553625.0,0.0136680476858343
direct_000451,K2NaInBr6,SOC_proxy,15043834.0,0.0158476359741506
direct_000452,K2NaInCl6,SOC_proxy,6541210.0,0.0102509702413046
direct_000453,K2NaInI6,SOC_proxy,53382970.0,0.0096472084498554
direct_000454,K2NaLaCl6,SOC_proxy,11332410.0,0.0138858482617335
direct_000455,K2NaLuCl6,SOC_proxy,26188090.0,0.0131538422993804
direct_000456,K2NaMoBr6,SOC_proxy,12390729.0,0.0219453824908561
direct_000457,K2NaMoCl6,SOC_proxy,3888105.0,-0.0711869576035264
direct_000458,K2NaMoI6,SOC_proxy,50729865.0,0.0107330838629309
direct_000459,K2NaNdBr6,SOC_proxy,22239033.0,0.011956497262004
direct_000460,K2NaNdCl6,SOC_proxy,13736409.0,0.0130757406751174
direct_000461,K2NaNdI6,SOC_proxy,60578169.0,0.0032370424264812
direct_000462,K2NaPrBr6,SOC_proxy,21396394.0,0.0119516128583907
direct_000463,K2NaPrCl6,SOC_proxy,12893770.0,0.0130814188209784
direct_000464,K2NaPrI6,SOC_proxy,59735530.0,0.0032394058785851
direct_000465,K2NaSbBr6,SOC_proxy,16044234.0,0.0101888619821703
direct_000466,K2NaSbCl6,SOC_proxy,7541610.0,0.0074920753274473
direct_000467,K2NaSbI6,SOC_proxy,54383370.0,-0.0047084504865991
direct_000468,K2NaScBr6,SOC_proxy,9473514.0,0.0010554861300467
direct_000469,K2NaScCl6,SOC_proxy,970890.0,0.0997270358486794
direct_000470,K2NaScI6,SOC_proxy,47812650.0,-0.0098464030744412
direct_000471,K2NaSmCl6,SOC_proxy,15552745.0,0.0129758268229454
direct_000472,K2NaTbCl6,SOC_proxy,18627034.0,0.0142853356816603
direct_000473,K2NaTlBr6,SOC_proxy,52325754.0,0.0045676488816756
direct_000474,K2NaTlCl6,SOC_proxy,43823130.0,0.0080296057138432
direct_000475,K2NaTlI6,SOC_proxy,90664890.0,-0.1638856813819062
direct_000476,K2NaTmCl6,SOC_proxy,23443530.0,0.0132069372362699
direct_000477,K2NaYBr6,SOC_proxy,11592474.0,0.0123544710675438
direct_000478,K2NaYCl6,SOC_proxy,3089850.0,0.0101331547814917
direct_000479,K2NaYI6,SOC_proxy,49931610.0,0.0086729067413234
direct_000480,K2AgNdBr6,SOC_proxy,27104073.0,0.0076726674927045
direct_000481,K2AgNdCl6,SOC_proxy,18601449.0,0.0073933350817949
direct_000482,K2AgNdI6,SOC_proxy,65443209.0,-0.007790352306151
direct_000483,K2AuNdCl6,SOC_proxy,52671849.0,-0.0076882994320627
direct_000484,K2CuNdBr6,SOC_proxy,22931673.0,0.0071774662707928
direct_000485,K2CuNdCl6,SOC_proxy,14429049.0,0.00620726541577
direct_000486,K2CuNdI6,SOC_proxy,61270809.0,-0.0062990112080458
direct_000487,K2AgPrBr6,SOC_proxy,26261434.0,0.0076961974000405
direct_000488,K2AgPrCl6,SOC_proxy,17758810.0,0.0075169778251348
direct_000489,K2AgPrI6,SOC_proxy,64600570.0,-0.0076829348814232
direct_000490,K2AuPrCl6,SOC_proxy,51829210.0,-0.0075718990895401
direct_000491,K2CuPrBr6,SOC_proxy,22089034.0,0.0070041014929576
direct_000492,K2CuPrCl6,SOC_proxy,13586410.0,0.005663732336988
direct_000493,K2CuPrI6,SOC_proxy,60428170.0,-0.0066137875380963
direct_000494,K2RbAlBr6,SOC_proxy,11167114.0,0.008153991590508
direct_000495,K2RbAlCl6,SOC_proxy,2664490.0,0.0089093904539587
direct_000496,K2RbAlI6,SOC_proxy,49506250.0,-6.389865903607204e-05
direct_000497,K2RbAsBr6,SOC_proxy,12324474.0,0.0291871318289588
direct_000498,K2RbAsCl6,SOC_proxy,3821850.0,0.011873571153577
direct_000499,K2RbAsI6,SOC_proxy,50663610.0,-0.0217816880883972
direct_000500,K2RbAuCl6,SOC_proxy,41586010.0,-0.0030390248256229
direct_000501,K2RbBiBr6,SOC_proxy,58596874.0,0.0032322596720044
direct_000502,K2RbBiCl6,SOC_proxy,50094250.0,-0.0104188788591137
direct_000503,K2RbBiI6,SOC_proxy,96936010.0,-0.0712591305841214
direct_000504,K2RbCeBr6,SOC_proxy,22455049.0,0.0025003311351696
direct_000505,K2RbCeCl6,SOC_proxy,13952425.0,0.0001076516454364
direct_000506,K2RbCeI6,SOC_proxy,60794185.0,-0.0065825807533197
direct_000507,K2RbDyCl6,SOC_proxy,21610665.0,0.0152662537105229
direct_000508,K2RbErCl6,SOC_proxy,24017305.0,0.0147612687450256
direct_000509,K2RbGaBr6,SOC_proxy,12062074.0,0.0138178934678056
direct_000510,K2RbGaCl6,SOC_proxy,3559450.0,0.0085410345717248
direct_000511,K2RbGaI6,SOC_proxy,50401210.0,0.0018295461943071
direct_000512,K2RbGdCl6,SOC_proxy,19413145.0,0.0140837966020781
direct_000513,K2RbInBr6,SOC_proxy,16903354.0,0.0157481932024723
direct_000514,K2RbInCl6,SOC_proxy,8400730.0,0.0123176982922021
direct_000515,K2RbLuCl6,SOC_proxy,28047610.0,0.0145852789830733
direct_000516,K2RbMoBr6,SOC_proxy,14250249.0,0.0269349990163856
direct_000517,K2RbMoCl6,SOC_proxy,5747625.0,0.003680994579087
direct_000518,K2RbMoI6,SOC_proxy,52589385.0,-0.0030830517959381
direct_000519,K2RbNdBr6,SOC_proxy,24098553.0,0.0140220039007793
direct_000520,K2RbNdCl6,SOC_proxy,15595929.0,0.0135539147513504
direct_000521,K2RbNdI6,SOC_proxy,62437689.0,-0.0025086013349207
direct_000522,K2RbPrBr6,SOC_proxy,23255914.0,0.0138988457171855
direct_000523,K2RbPrCl6,SOC_proxy,14753290.0,0.0138317144406911
direct_000524,K2RbPrI6,SOC_proxy,61595050.0,-0.0020407928766256
direct_000525,K2RbSbBr6,SOC_proxy,17903754.0,0.0214615159750916
direct_000526,K2RbSbCl6,SOC_proxy,9401130.0,0.0189773433703387
direct_000527,K2RbSbI6,SOC_proxy,56242890.0,-0.0040994043991119
direct_000528,K2RbScBr6,SOC_proxy,11333034.0,0.0009505508801633
direct_000529,K2RbScCl6,SOC_proxy,2830410.0,0.0078950687532388
direct_000530,K2RbTbCl6,SOC_proxy,20486554.0,0.0131064147722124
direct_000531,K2RbTlBr6,SOC_proxy,54185274.0,-0.0024713580695328
direct_000532,K2RbTmCl6,SOC_proxy,25303050.0,0.0159649589317952
direct_000533,K2RbYBr6,SOC_proxy,13451994.0,0.0155173657307259
direct_000534,K2RbYCl6,SOC_proxy,4949370.0,0.0099875797444116
direct_000535,K2RbYI6,SOC_proxy,51791130.0,0.0015160489351123
direct_000536,K2AuSbBr6,SOC_proxy,54979674.0,-0.0180459132447214
direct_000537,K2AuSbCl6,SOC_proxy,46477050.0,-0.014335776394527
direct_000538,K2AgScBr6,SOC_proxy,14338554.0,0.0019322066979725
direct_000539,K2AgScCl6,SOC_proxy,5835930.0,0.052285817717333
direct_000540,K2AgScI6,SOC_proxy,52677690.0,-0.0181020092607061
direct_000541,K2AuScBr6,SOC_proxy,48408954.0,-0.0230239272239275
direct_000542,K2AuScCl6,SOC_proxy,39906330.0,-0.0091462086541964
direct_000543,K2AuScI6,SOC_proxy,86748090.0,-0.0493786458969085
direct_000544,K2CuScCl6,SOC_proxy,1663530.0,0.0312078428738644
direct_000545,K2InScBr6,SOC_proxy,15223674.0,0.02038055439897
direct_000546,K2InScCl6,SOC_proxy,6721050.0,0.0113265905066622
direct_000547,K2InScI6,SOC_proxy,53562810.0,-0.0001722779704253
direct_000548,K2TlScBr6,SOC_proxy,52505594.0,0.000887679238792
direct_000549,K2TlScCl6,SOC_proxy,44002970.0,0.0046576586599111
direct_000550,K2AgSmCl6,SOC_proxy,20417785.0,0.0077061860082367
direct_000551,K2AuSmCl6,SOC_proxy,54488185.0,-0.0091338894866308
direct_000552,K2CuSmCl6,SOC_proxy,16245385.0,0.0065010698942335
direct_000553,K2AgTbCl6,SOC_proxy,23492074.0,0.00797154443832
direct_000554,K2AuTbCl6,SOC_proxy,57562474.0,-0.0100047647980745
direct_000555,K2CuTbCl6,SOC_proxy,19319674.0,0.0066274348884011
direct_000556,K2TlAsBr6,SOC_proxy,53497034.0,-0.0048997123646338
direct_000557,K2TlAsCl6,SOC_proxy,44994410.0,0.0004582243849335
direct_000558,K2TlAsI6,SOC_proxy,91836170.0,-0.040148572436084
direct_000559,K2TlGaBr6,SOC_proxy,53234634.0,-0.0146275839463657
direct_000560,K2TlGaCl6,SOC_proxy,44732010.0,-0.0102850738938589
direct_000561,K2TlGaI6,SOC_proxy,91573770.0,-0.0540002501723096
direct_000562,K2TlInBr6,SOC_proxy,58075914.0,-0.0235266610631213
direct_000563,K2TlInCl6,SOC_proxy,49573290.0,-0.0175955573175451
direct_000564,K2TlInI6,SOC_proxy,96415050.0,-0.0670774524932118
direct_000565,K2TlSbBr6,SOC_proxy,59076314.0,-0.0061475345684772
direct_000566,K2TlSbCl6,SOC_proxy,50573690.0,-0.0030028652528139
direct_000567,K2AgTmCl6,SOC_proxy,28308570.0,0.0071600942519003
direct_000568,K2AuTmCl6,SOC_proxy,62378970.0,-0.0119930100054581
direct_000569,K2CuTmCl6,SOC_proxy,24136170.0,0.0067379220189362
direct_000570,K2AgYBr6,SOC_proxy,16457514.0,0.0063804531109539
direct_000571,K2AgYCl6,SOC_proxy,7954890.0,0.0212853576507571
direct_000572,K2AgYI6,SOC_proxy,54796650.0,-0.0084780409442288
direct_000573,K2AuYBr6,SOC_proxy,50527914.0,-0.0141547559054833
direct_000574,K2AuYCl6,SOC_proxy,42025290.0,-0.0087138300019317
direct_000575,K2AuYI6,SOC_proxy,88867050.0,-0.0501759684523105
direct_000576,K2CuYBr6,SOC_proxy,12285114.0,0.0044598525722544
direct_000577,K2CuYCl6,SOC_proxy,3782490.0,0.0071105126335101
direct_000578,K2CuYI6,SOC_proxy,50624250.0,-0.0043366793650834
direct_000579,K2InYCl6,SOC_proxy,8840010.0,-0.0032188578327948
direct_000580,K2TlYBr6,SOC_proxy,54624554.0,-0.011189795739272
direct_000581,Rb2KAlBr6,SOC_proxy,12910954.0,0.0084261691516067
direct_000582,Rb2KAlCl6,SOC_proxy,4408330.0,0.007964641373923
direct_000583,Rb2KAlI6,SOC_proxy,51250090.0,0.0016464358097349
direct_000584,Rb2KAsBr6,SOC_proxy,14068314.0,0.030623772751187
direct_000585,Rb2KAsCl6,SOC_proxy,5565690.0,0.0204959459618228
direct_000586,Rb2KAsI6,SOC_proxy,52407450.0,-0.0271368434687779
direct_000587,Rb2KAuCl6,SOC_proxy,43329850.0,-0.0032250311167669
direct_000588,Rb2KDyCl6,SOC_proxy,23354505.0,0.0158185953400626
direct_000589,Rb2KErCl6,SOC_proxy,25761145.0,0.0150772073660751
direct_000590,Rb2KGaBr6,SOC_proxy,13805914.0,0.0146352684931293
direct_000591,Rb2KGaCl6,SOC_proxy,5303290.0,0.0118273735273956
direct_000592,Rb2KGaI6,SOC_proxy,52145050.0,0.0015416909308644
direct_000593,Rb2KGdCl6,SOC_proxy,21156985.0,0.0146430032899841
direct_000594,Rb2KInBr6,SOC_proxy,18647194.0,0.0166322811875609
direct_000595,Rb2KInCl6,SOC_proxy,10144570.0,0.0180549070545314
direct_000596,Rb2KInI6,SOC_proxy,56986330.0,0.0013684275323809
direct_000597,Rb2KLaCl6,SOC_proxy,14935770.0,0.0115807537807778
direct_000598,Rb2KLuCl6,SOC_proxy,29791450.0,0.0158596848207949
direct_000599,Rb2KScBr6,SOC_proxy,13076874.0,-0.000785093737751
direct_000600,Rb2KScCl6,SOC_proxy,4574250.0,0.0029008984884517
direct_000601,Rb2KScI6,SOC_proxy,51416010.0,-0.0073018953545764
direct_000602,Rb2KSmCl6,SOC_proxy,19156105.0,0.0140544520639374
direct_000603,Rb2KTbCl6,SOC_proxy,22230394.0,0.0136976301438231
direct_000604,Rb2KTlBr6,SOC_proxy,55929114.0,-0.0006833203239976
direct_000605,Rb2KTlCl6,SOC_proxy,47426490.0,-0.0028823443570356
direct_000606,Rb2KTlI6,SOC_proxy,94268250.0,-0.1131872572389643
direct_000607,Rb2KTmCl6,SOC_proxy,27046890.0,0.0157935920397513
direct_000608,Li2CuSbCl6,SOC_proxy,7973770.0,0.0122588633545938
direct_000609,Li2CuInCl6,SOC_proxy,6973370.0,-0.0062858288788812
direct_000610,Li2CuScCl6,SOC_proxy,1403050.0,0.0667403312879929
direct_000611,Tl2LiScCl6,SOC_proxy,86789130.0,-0.0719580349154682
direct_000612,Tl2LiInCl6,SOC_proxy,92359450.0,-0.1845410582337479
direct_000613,Tl2LiYCl6,SOC_proxy,88908090.0,-0.1815501242725959
direct_000614,O2MoPCl6,SOC_proxy,3671639.0,0.0019810331342253
direct_000615,Na2AgAsBr6,SOC_proxy,15098634.0,0.0056054669156255
direct_000616,Na2AgAsCl6,SOC_proxy,6596010.0,0.0108040554939702
direct_000617,Na2AgSbCl6,SOC_proxy,12175290.0,0.0085939607294383
direct_000618,Na2AgAlBr6,SOC_proxy,13941274.0,0.0217018556608405
direct_000619,Na2AgAlCl6,SOC_proxy,5438650.0,0.0168645288018581
direct_000620,Na2CuBiBr6,SOC_proxy,57198634.0,-0.0098265907184902
direct_000621,Na2CuBiCl6,SOC_proxy,48696010.0,-0.0063692794861603
direct_000622,Na2CuSbCl6,SOC_proxy,8002890.0,0.0122640188472287
direct_000623,Na2CuDyCl6,SOC_proxy,20212425.0,0.0066990270728705
direct_000624,Na2CuErCl6,SOC_proxy,22619065.0,0.006852959578334
direct_000625,Na2CuEuCl6,SOC_proxy,16990650.0,0.0068421139085418
direct_000626,Na2AgGaCl6,SOC_proxy,6333610.0,0.0314193600204225
direct_000627,Na2AgInBr6,SOC_proxy,19677514.0,0.0294978629096299
direct_000628,Na2AgInCl6,SOC_proxy,11174890.0,0.0339199379551979
direct_000629,Na2CuLaCl6,SOC_proxy,11793690.0,0.0051014963494458
direct_000630,Na2LiBiBr6,SOC_proxy,56491434.0,-0.008854787513762
direct_000631,Na2LiBiCl6,SOC_proxy,47988810.0,-0.0047514365774671
direct_000632,Na2LiBiI6,SOC_proxy,94830570.0,-0.0459688346864318
direct_000633,Na2LiCeCl6,SOC_proxy,11846985.0,0.0038283719192085
direct_000634,Na2LiDyCl6,SOC_proxy,19505225.0,0.0135261810462645
direct_000635,Na2LiErCl6,SOC_proxy,21911865.0,0.0139004890537204
direct_000636,Na2LiGdCl6,SOC_proxy,17307705.0,0.0136081254340612
direct_000637,Na2LiInCl6,SOC_proxy,6295290.0,0.0116217458171144
direct_000638,Na2LiLaCl6,SOC_proxy,11086490.0,0.0124116146503111
direct_000639,Na2LiLuCl6,SOC_proxy,25942170.0,0.014073299233673
direct_000640,Na2LiNdCl6,SOC_proxy,13490489.0,0.0134469562235581
direct_000641,Na2LiPrCl6,SOC_proxy,12647850.0,0.0124434407951912
direct_000642,Na2LiSbCl6,SOC_proxy,7295690.0,0.0033488130349388
direct_000643,Na2LiScCl6,SOC_proxy,724970.0,0.0305048623491079
direct_000644,Na2LiSmCl6,SOC_proxy,15306825.0,0.0136507693924909
direct_000645,Na2LiTbCl6,SOC_proxy,18381114.0,0.0137136922135581
direct_000646,Na2LiTlBr6,SOC_proxy,52079834.0,0.0071201799479376
direct_000647,Na2LiTlCl6,SOC_proxy,43577210.0,0.008897112651571
direct_000648,Na2LiTmCl6,SOC_proxy,23197610.0,0.0139459634230312
direct_000649,Na2LiYBr6,SOC_proxy,11346554.0,0.013417164447027
direct_000650,Na2LiYCl6,SOC_proxy,2843930.0,0.0098790245161061
direct_000651,Na2AgLuCl6,SOC_proxy,30821770.0,0.007696350785953
direct_000652,Na2CuLuCl6,SOC_proxy,26649370.0,0.0068246167785835
direct_000653,Na2CuNdCl6,SOC_proxy,14197689.0,0.0061840815025908
direct_000654,Na2CuPrCl6,SOC_proxy,13355050.0,0.0057203326983615
direct_000655,Na2AgScCl6,SOC_proxy,5604570.0,0.040435560638552
direct_000656,Na2CuScCl6,SOC_proxy,1432170.0,0.0683479598673797
direct_000657,Na2CuSmCl6,SOC_proxy,16014025.0,0.0064965013324676
direct_000658,Na2CuTbCl6,SOC_proxy,19088314.0,0.0066120489413758
direct_000659,Na2AgTmCl6,SOC_proxy,28077210.0,0.0071730619875196
direct_000660,Na2CuTmCl6,SOC_proxy,23904810.0,0.0067479846380713
direct_000661,Na2CuYBr6,SOC_proxy,12053754.0,0.0041424492409271
direct_000662,Na2CuYCl6,SOC_proxy,3551130.0,0.006972907781032
direct_000663,O2NbPCl6,SOC_proxy,3385704.0,-0.0055609803781311
direct_000664,Rb2AgAsBr6,SOC_proxy,18817674.0,0.0043389546437503
direct_000665,Rb2AgAsCl6,SOC_proxy,10315050.0,0.015306004578949
direct_000666,Rb2AgBiBr6,SOC_proxy,65090074.0,-0.0139065937800709
direct_000667,Rb2AgBiCl6,SOC_proxy,56587450.0,-0.0129129331769241
direct_000668,Rb2AgBiI6,SOC_proxy,103429210.0,-0.0421206220386244
direct_000669,Rb2AgMoBr6,SOC_proxy,20743449.0,0.0193596386116953
direct_000670,Rb2AgMoCl6,SOC_proxy,12240825.0,0.0205000137751538
direct_000671,Rb2AgMoI6,SOC_proxy,59082585.0,-0.0116592682750945
direct_000672,Rb2AgSbBr6,SOC_proxy,24396954.0,0.0091733892679219
direct_000673,Rb2AgSbCl6,SOC_proxy,15894330.0,0.0090665751545959
direct_000674,Rb2AgSbI6,SOC_proxy,62736090.0,-0.0121967895536947
direct_000675,Rb2AgAlBr6,SOC_proxy,17660314.0,0.0205780684719174
direct_000676,Rb2AgAlCl6,SOC_proxy,9157690.0,0.0296094533448559
direct_000677,Rb2AlAuCl6,SOC_proxy,43228090.0,0.0160433718912939
direct_000678,Rb2InAlBr6,SOC_proxy,18545434.0,0.0110027337180014
direct_000679,Rb2InAlCl6,SOC_proxy,10042810.0,0.0152314202820897
direct_000680,Rb2InAlI6,SOC_proxy,56884570.0,-0.0106919018480079
direct_000681,Rb2TlAlBr6,SOC_proxy,55827354.0,-0.0102741171199571
direct_000682,Rb2TlAlCl6,SOC_proxy,47324730.0,-0.006535601605866
direct_000683,Rb2TlAlI6,SOC_proxy,94166490.0,-0.0445138936716694
direct_000684,Rb2AsAuCl6,SOC_proxy,44385450.0,-0.0038557276560759
direct_000685,Rb2BiAuBr6,SOC_proxy,99160474.0,-0.049578175751583
direct_000686,Rb2BiAuCl6,SOC_proxy,90657850.0,-0.0484440551937645
direct_000687,Rb2FBrCl6,SOC_proxy,5756634.0,0.0218447183509164
direct_000688,Rb2AgCeBr6,SOC_proxy,28948249.0,0.0069461101898523
direct_000689,Rb2AgCeCl6,SOC_proxy,20445625.0,0.0065052725516692
direct_000690,Rb2AgCeI6,SOC_proxy,67287385.0,-0.008593919128024
direct_000691,Rb2CuCeBr6,SOC_proxy,24775849.0,0.0055534294776158
direct_000692,Rb2CuCeCl6,SOC_proxy,16273225.0,0.0053080624225798
direct_000693,Rb2CuBiBr6,SOC_proxy,60917674.0,-0.0105942596846136
direct_000694,Rb2CuBiCl6,SOC_proxy,52415050.0,-0.0066305396578253
direct_000695,Rb2CuBiI6,SOC_proxy,99256810.0,-0.036884129663967
direct_000696,Rb2CuMoBr6,SOC_proxy,16571049.0,0.0218060503185835
direct_000697,Rb2CuMoCl6,SOC_proxy,8068425.0,0.0168311010106665
direct_000698,Rb2CuMoI6,SOC_proxy,54910185.0,-0.0163372043710969
direct_000699,Rb2CuSbBr6,SOC_proxy,20224554.0,0.0081276798382886
direct_000700,Rb2CuSbCl6,SOC_proxy,11721930.0,0.0071677788534288
direct_000701,Rb2CuSbI6,SOC_proxy,58563690.0,-0.0070726708839424
direct_000702,Rb2AgDyCl6,SOC_proxy,28103865.0,0.0075072676750798
direct_000703,Rb2AuDyCl6,SOC_proxy,62174265.0,-0.0109231014435794
direct_000704,Rb2CuDyCl6,SOC_proxy,23931465.0,0.0067329976043147
direct_000705,Rb2AgErCl6,SOC_proxy,30510505.0,0.007333239773417
direct_000706,Rb2AuErCl6,SOC_proxy,64580905.0,-0.0112314882769672
direct_000707,Rb2CuErCl6,SOC_proxy,26338105.0,0.0066041819415547
direct_000708,Rb2AgGaBr6,SOC_proxy,18555274.0,0.0157976554495183
direct_000709,Rb2AgGaCl6,SOC_proxy,10052650.0,0.0340239267924958
direct_000710,Rb2AgGdCl6,SOC_proxy,25906345.0,0.0072121434165702
direct_000711,Rb2AgInBr6,SOC_proxy,23396554.0,0.0303898729928292
direct_000712,Rb2AgInCl6,SOC_proxy,14893930.0,0.0294166253395006
direct_000713,Rb2InAsBr6,SOC_proxy,19702794.0,0.017215312493802
direct_000714,Rb2InAsCl6,SOC_proxy,11200170.0,0.017148720030493
direct_000715,Rb2InBiCl6,SOC_proxy,57472570.0,-0.0002493699967872
direct_000716,Rb2InGaBr6,SOC_proxy,19440394.0,0.0150608037359921
direct_000717,Rb2InGaCl6,SOC_proxy,10937770.0,0.0150568340882546
direct_000718,Rb2InGaI6,SOC_proxy,57779530.0,-0.0131392162974739
direct_000719,Rb2InSbBr6,SOC_proxy,25282074.0,0.022159120457371
direct_000720,Rb2InSbCl6,SOC_proxy,16779450.0,0.0218858062130717
direct_000721,Rb2InSbI6,SOC_proxy,63621210.0,-0.0157817943852959
direct_000722,Rb2AgLaCl6,SOC_proxy,19685130.0,0.0074208453239819
direct_000723,Rb2AuLaCl6,SOC_proxy,53755530.0,-0.0079021579266896
direct_000724,Rb2CuLaCl6,SOC_proxy,15512730.0,0.0059393394178303
direct_000725,Rb2LiBiBr6,SOC_proxy,60210474.0,-0.0090113460963763
direct_000726,Rb2LiBiCl6,SOC_proxy,51707850.0,-0.0050276329664557
direct_000727,Rb2LiBiI6,SOC_proxy,98549610.0,-0.046146317794304
direct_000728,Rb2LiCeBr6,SOC_proxy,24068649.0,0.0040300070988739
direct_000729,Rb2LiCeCl6,SOC_proxy,15566025.0,0.0047482284610151
direct_000730,Rb2LiCeI6,SOC_proxy,62407785.0,-0.0045525574084133
direct_000731,Rb2LiDyBr6,SOC_proxy,31726889.0,0.0121143436156613
direct_000732,Rb2LiDyCl6,SOC_proxy,23224265.0,0.0136633324129989
direct_000733,Rb2LiErCl6,SOC_proxy,25630905.0,0.0136939042642501
direct_000734,Rb2LiGdCl6,SOC_proxy,21026745.0,0.0136157373843635
direct_000735,Rb2LiHoCl6,SOC_proxy,24400650.0,0.0135385227691298
direct_000736,Rb2LiInCl6,SOC_proxy,10014330.0,0.0185112948108643
direct_000737,Rb2LiLaCl6,SOC_proxy,14805530.0,0.0132111791284112
direct_000738,Rb2LiMoBr6,SOC_proxy,15863849.0,0.0258225544253775
direct_000739,Rb2LiMoCl6,SOC_proxy,7361225.0,-0.0312557778225594
direct_000740,Rb2LiMoI6,SOC_proxy,54202985.0,0.011132561451971
direct_000741,Rb2LiNdBr6,SOC_proxy,25712153.0,0.012008856059149
direct_000742,Rb2LiNdCl6,SOC_proxy,17209529.0,0.0139870184812556
direct_000743,Rb2LiNdI6,SOC_proxy,64051289.0,0.0006647338274822
direct_000744,Rb2LiPrBr6,SOC_proxy,24869514.0,0.0121798570862211
direct_000745,Rb2LiPrCl6,SOC_proxy,16366890.0,0.0140127483424009
direct_000746,Rb2LiPrI6,SOC_proxy,63208650.0,0.0010106661203344
direct_000747,Rb2LiRhCl6,SOC_proxy,8350154.0,-0.0015122883061722
direct_000748,Rb2LiSbBr6,SOC_proxy,19517354.0,0.0089368755377099
direct_000749,Rb2LiSbCl6,SOC_proxy,11014730.0,0.0073294051756128
direct_000750,Rb2LiSbI6,SOC_proxy,57856490.0,-0.0049889967982846
direct_000751,Rb2LiScCl6,SOC_proxy,4444010.0,0.0099122597835352
direct_000752,Rb2LiSmCl6,SOC_proxy,19025865.0,0.0136580792404786
direct_000753,Rb2LiTbCl6,SOC_proxy,22100154.0,0.013811262812365
direct_000754,Rb2LiTlBr6,SOC_proxy,55798874.0,0.0056604974447159
direct_000755,Rb2LiTlCl6,SOC_proxy,47296250.0,0.003506244863179
direct_000756,Rb2LiTmCl6,SOC_proxy,26916650.0,0.0138007624668802
direct_000757,Rb2LiYBr6,SOC_proxy,15065594.0,0.0135526480415304
direct_000758,Rb2LiYCl6,SOC_proxy,6562970.0,0.011664555117398
direct_000759,Rb2LiYI6,SOC_proxy,53404730.0,0.0075598848588148
direct_000760,Rb2AgLuCl6,SOC_proxy,34540810.0,0.0063936858285711
direct_000761,Rb2AuLuCl6,SOC_proxy,68611210.0,-0.0170227367751522
direct_000762,Rb2CuLuCl6,SOC_proxy,30368410.0,0.0068923102605588
direct_000763,Rb2NaAlCl6,SOC_proxy,4292650.0,0.0084641751499483
direct_000764,Rb2NaAsBr6,SOC_proxy,13952634.0,0.002415995844823
direct_000765,Rb2NaAsCl6,SOC_proxy,5450010.0,-0.0080816144925467
direct_000766,Rb2NaBiBr6,SOC_proxy,60225034.0,-0.0096677961405384
direct_000767,Rb2NaBiCl6,SOC_proxy,51722410.0,-0.0078650017579708
direct_000768,Rb2NaBiI6,SOC_proxy,98564170.0,-0.0406653986607501
direct_000769,Rb2NaCeBr6,SOC_proxy,24083209.0,0.0038655417325403
direct_000770,Rb2NaCeCl6,SOC_proxy,15580585.0,0.0040064039864574
direct_000771,Rb2NaCeI6,SOC_proxy,62422345.0,-0.005814835059735
direct_000772,Rb2NaCrCl6,SOC_proxy,4595865.0,0.0109153072393937
direct_000773,Rb2NaDyCl6,SOC_proxy,23238825.0,0.0132473452579229
direct_000774,Rb2NaErCl6,SOC_proxy,25645465.0,0.0129141996711043
direct_000775,Rb2NaGaBr6,SOC_proxy,13690234.0,0.0153822988884716
direct_000776,Rb2NaGaCl6,SOC_proxy,5187610.0,0.0119936692694115
direct_000777,Rb2NaGdCl6,SOC_proxy,21041305.0,0.0137470850937429
direct_000778,Rb2NaInBr6,SOC_proxy,18531514.0,0.0158785198035195
direct_000779,Rb2NaInCl6,SOC_proxy,10028890.0,0.0174200861450702
direct_000780,Rb2NaInI6,SOC_proxy,56870650.0,0.006306886357173
direct_000781,Rb2NaLaCl6,SOC_proxy,14820090.0,0.0136029679759169
direct_000782,Rb2NaMoBr6,SOC_proxy,15878409.0,0.0263681226233542
direct_000783,Rb2NaMoCl6,SOC_proxy,7375785.0,-0.0028760705963973
direct_000784,Rb2NaMoI6,SOC_proxy,54217545.0,0.0059931664914645
direct_000785,Rb2NaNdBr6,SOC_proxy,25726713.0,0.0117777166466764
direct_000786,Rb2NaNdCl6,SOC_proxy,17224089.0,0.0135379666059993
direct_000787,Rb2NaNdI6,SOC_proxy,64065849.0,0.0028195213101023
direct_000788,Rb2NaPrBr6,SOC_proxy,24884074.0,0.0118460025951388
direct_000789,Rb2NaPrCl6,SOC_proxy,16381450.0,0.0134570051466098
direct_000790,Rb2NaPrI6,SOC_proxy,63223210.0,0.0028350093637011
direct_000791,Rb2NaSbBr6,SOC_proxy,19531914.0,0.0101230216755232
direct_000792,Rb2NaSbCl6,SOC_proxy,11029290.0,0.0079896576865514
direct_000793,Rb2NaSbI6,SOC_proxy,57871050.0,-0.0072429055688707
direct_000794,Rb2NaScBr6,SOC_proxy,12961194.0,-0.0026903243295812
direct_000795,Rb2NaScCl6,SOC_proxy,4458570.0,0.0065346439300197
direct_000796,Rb2NaScI6,SOC_proxy,51300330.0,-0.0070548325711111
direct_000797,Rb2NaSmCl6,SOC_proxy,19040425.0,0.0131239324250374
direct_000798,Rb2NaTbCl6,SOC_proxy,22114714.0,0.0144194754861241
direct_000799,Rb2NaTlBr6,SOC_proxy,55813434.0,0.0031197319953949
direct_000800,Rb2NaTlCl6,SOC_proxy,47310810.0,0.0027946998602446
direct_000801,Rb2NaTmCl6,SOC_proxy,26931210.0,0.0130455644695236
direct_000802,Rb2NaYBr6,SOC_proxy,15080154.0,0.0131603698934909
direct_000803,Rb2NaYCl6,SOC_proxy,6577530.0,0.011964101750334
direct_000804,Rb2NaYI6,SOC_proxy,53419290.0,0.0081666374725973
direct_000805,Rb2AgNdBr6,SOC_proxy,30591753.0,0.0077126281665976
direct_000806,Rb2AgNdCl6,SOC_proxy,22089129.0,0.007803889261175
direct_000807,Rb2AgNdI6,SOC_proxy,68930889.0,-0.0150006204944458
direct_000808,Rb2AuNdCl6,SOC_proxy,56159529.0,-0.0090523881911256
direct_000809,Rb2CuNdBr6,SOC_proxy,26419353.0,0.0067478235451089
direct_000810,Rb2CuNdCl6,SOC_proxy,17916729.0,0.0065914318425371
direct_000811,Rb2CuNdI6,SOC_proxy,64758489.0,-0.00638726053146
direct_000812,Rb2AgPrBr6,SOC_proxy,29749114.0,0.0080335880185838
direct_000813,Rb2AgPrCl6,SOC_proxy,21246490.0,0.0078105305131267
direct_000814,Rb2AgPrI6,SOC_proxy,68088250.0,-0.0170256438989058
direct_000815,Rb2AuPrCl6,SOC_proxy,55316890.0,-0.0088557641956589
direct_000816,Rb2CuPrBr6,SOC_proxy,25576714.0,0.0063920963137472
direct_000817,Rb2CuPrCl6,SOC_proxy,17074090.0,0.0065780638185332
direct_000818,Rb2CuPrI6,SOC_proxy,63915850.0,-0.006748987818908
direct_000819,Rb2AuSbCl6,SOC_proxy,49964730.0,-0.0156509522846622
direct_000820,Rb2AgScBr6,SOC_proxy,17826234.0,0.0017093750035796
direct_000821,Rb2AgScCl6,SOC_proxy,9323610.0,0.0576634726110918
direct_000822,Rb2AgScI6,SOC_proxy,56165370.0,-0.0198202420892063
direct_000823,Rb2AuScBr6,SOC_proxy,51896634.0,-0.0236654354548455
direct_000824,Rb2AuScCl6,SOC_proxy,43394010.0,-0.0193214490200676
direct_000825,Rb2AuScI6,SOC_proxy,90235770.0,-0.0548491134768755
direct_000826,Rb2CuScCl6,SOC_proxy,5151210.0,0.0182335922927282
direct_000827,Rb2InScBr6,SOC_proxy,18711354.0,0.0208246960593798
direct_000828,Rb2InScCl6,SOC_proxy,10208730.0,0.0212325439318463
direct_000829,Rb2InScI6,SOC_proxy,57050490.0,-0.0033062635610247
direct_000830,Rb2TlScBr6,SOC_proxy,55993274.0,-0.0025167903757356
direct_000831,Rb2TlScCl6,SOC_proxy,47490650.0,0.0017482075905419
direct_000832,Rb2TlScI6,SOC_proxy,94332410.0,-0.0855702108011987
direct_000833,Rb2AgSmCl6,SOC_proxy,23905465.0,0.0075227639144491
direct_000834,Rb2AuSmCl6,SOC_proxy,57975865.0,-0.0095323284028367
direct_000835,Rb2CuSmCl6,SOC_proxy,19733065.0,0.0066953698980207
direct_000836,Rb2AgTbCl6,SOC_proxy,26979754.0,0.0075260059494359
direct_000837,Rb2AuTbCl6,SOC_proxy,61050154.0,-0.0106231609966105
direct_000838,Rb2CuTbCl6,SOC_proxy,22807354.0,0.0069040091737912
direct_000839,Rb2TlAsBr6,SOC_proxy,56984714.0,-0.00658391906283
direct_000840,Rb2TlAsCl6,SOC_proxy,48482090.0,-0.00267521658287
direct_000841,Rb2TlAsI6,SOC_proxy,95323850.0,-0.03995364765186
direct_000842,Rb2TlBiBr6,SOC_proxy,103257114.0,-0.0305342801781821
direct_000843,Rb2TlGaBr6,SOC_proxy,56722314.0,-0.0166889242234552
direct_000844,Rb2TlGaCl6,SOC_proxy,48219690.0,-0.0153945988380847
direct_000845,Rb2TlGaI6,SOC_proxy,95061450.0,-0.0541817778119643
direct_000846,Rb2TlInBr6,SOC_proxy,61563594.0,-0.0270167413590063
direct_000847,Rb2TlInCl6,SOC_proxy,53060970.0,-0.0182868393221356
direct_000848,Rb2TlInI6,SOC_proxy,99902730.0,-0.067100487428947
direct_000849,Rb2TlSbBr6,SOC_proxy,62563994.0,-0.0081118230740387
direct_000850,Rb2TlSbCl6,SOC_proxy,54061370.0,-0.0037779333634709
direct_000851,Rb2TlSbI6,SOC_proxy,100903130.0,-0.0495936061019259
direct_000852,Rb2AgTmCl6,SOC_proxy,31796250.0,0.0071550592291106
direct_000853,Rb2AuTmCl6,SOC_proxy,65866650.0,-0.0124640945603068
direct_000854,Rb2CuTmCl6,SOC_proxy,27623850.0,0.0066156559682525
direct_000855,Rb2AgYBr6,SOC_proxy,19945194.0,0.0072657885594804
direct_000856,Rb2AgYCl6,SOC_proxy,11442570.0,0.0101336487105374
direct_000857,Rb2AgYI6,SOC_proxy,58284330.0,-0.0096858671891531
direct_000858,Rb2AuYBr6,SOC_proxy,54015594.0,-0.0150314470719277
direct_000859,Rb2AuYCl6,SOC_proxy,45512970.0,-0.0127148005739288
direct_000860,Rb2AuYI6,SOC_proxy,92354730.0,-0.0516544336669569
direct_000861,Rb2CuYBr6,SOC_proxy,15772794.0,0.0054373394768925
direct_000862,Rb2CuYCl6,SOC_proxy,7270170.0,0.0103695308520526
direct_000863,Rb2CuYI6,SOC_proxy,54111930.0,-0.0062256442991912
direct_000864,Rb2InYBr6,SOC_proxy,20830314.0,0.0244141729756118
direct_000865,Rb2InYCl6,SOC_proxy,12327690.0,-0.003202321683456
direct_000866,Rb2InYI6,SOC_proxy,59169450.0,-0.0054000863552239
direct_000867,Rb2TlYBr6,SOC_proxy,58112234.0,-0.0054362619251567
direct_000868,Rb2TlYCl6,SOC_proxy,49609610.0,-0.0036870274640577
direct_000869,Rb2TlYI6,SOC_proxy,96451370.0,-0.0690221309730204
direct_000870,O2PSbCl6,SOC_proxy,7325144.0,0.0043184529909033
direct_000871,S2NSbCl6,SOC_proxy,7399800.0,0.0220186151188193
direct_000872,Cs2GeSnCl6,SOC_proxy,26100952.0,0.0154677217417869
direct_000873,Cs2GeSnBr6,SOC_proxy,34603576.0,0.0132932591280684
direct_000874,Rb2GeSnCl6,SOC_proxy,11548024.0,0.0172500281894993
direct_000875,Rb2GeSnBr6,SOC_proxy,20050648.0,0.0165323877286989
direct_000876,K2GeSnBr6,SOC_proxy,16562968.0,0.0162902487682622
direct_000877,K2GeSnI6,SOC_proxy,54902104.0,-0.002915634095773
direct_000878,Na2GeSnCl6,SOC_proxy,7828984.0,0.0184674178850268
direct_000879,K2GeSnCl6,SOC_proxy,8060344.0,0.0184154998630279
direct_000880,Li2GeSnCl6,SOC_proxy,7799864.0,0.0184763701962908
direct_000881,Li2GeSnBr6,SOC_proxy,16302488.0,0.0162884635649495
direct_000882,Li2GeSnI6,SOC_proxy,54641624.0,-0.0026051640903369
direct_000883,Rb2GeSnI6,SOC_proxy,58389784.0,-0.006554782272145
direct_000884,Cs2GeSnI6,SOC_proxy,72942712.0,-0.0163059352992605
direct_000001,Al2OSnCl6,r_B_avg,1.355,-0.003540049115123
direct_000002,S2NAlCl6,r_B_avg,0.6625000000000001,0.0174923474473336
direct_000003,Cs2AgAsBr6,r_B_avg,1.005,-0.0300548749823914
direct_000004,Cs2AgAsCl6,r_B_avg,1.005,-0.029245459541961
direct_000005,Cs2AgAuCl6,r_B_avg,1.14,0.00072395935003
direct_000006,Cs2AgBiBr6,r_B_avg,1.23,0.0022432419467102
direct_000007,Cs2AgBiCl6,r_B_avg,1.23,0.0026375234921691
direct_000008,Cs2AgBiI6,r_B_avg,1.23,0.0019129034124125
direct_000009,Cs2AgMoBr6,r_B_avg,1.06,0.0063363113712119
direct_000010,Cs2AgMoCl6,r_B_avg,1.06,0.0057389980811654
direct_000011,Cs2AgSbBr6,r_B_avg,1.095,-0.021357450015503
direct_000012,Cs2AgSbCl6,r_B_avg,1.095,-0.0233268415029413
direct_000013,Cs2AgSbI6,r_B_avg,1.095,-0.0161054406111781
direct_000014,Cs2AgAlBr6,r_B_avg,0.9825,0.0129470606625187
direct_000015,Cs2AgAlCl6,r_B_avg,0.9825,0.0130396704575822
direct_000016,Cs2AlAuCl6,r_B_avg,1.12,0.0012901543897378
direct_000017,Cs2CuAlCl6,r_B_avg,0.7925,0.0126971816424068
direct_000018,Cs2InAlBr6,r_B_avg,1.1125,-0.0217944719917514
direct_000019,Cs2InAlCl6,r_B_avg,1.1125,-0.0223299750613206
direct_000020,Cs2InAlI6,r_B_avg,1.1125,-0.0149622633291155
direct_000021,Cs2TlAlBr6,r_B_avg,1.1575,-0.011783689582262
direct_000022,Cs2TlAlCl6,r_B_avg,1.1575,-0.0119832300908102
direct_000023,Cs2TlAlI6,r_B_avg,1.1575,-0.009777817489618
direct_000024,Cs2AsAuCl6,r_B_avg,1.0699999999999998,-0.006782168431933
direct_000025,Cs2BrAsCl6,r_B_avg,1.21,-0.0006199308911045
direct_000026,Cs2BiAuBr6,r_B_avg,1.295,-0.003686609631883
direct_000027,Cs2BiAuCl6,r_B_avg,1.295,-0.0035468049989889
direct_000028,Cs2FBrCl6,r_B_avg,0.82,0.0237652799222418
direct_000029,Cs2CaSnCl6,r_B_avg,1.295,0.0125378072857682
direct_000030,Cs2AgCeBr6,r_B_avg,1.22,0.0047417895408084
direct_000031,Cs2AgCeCl6,r_B_avg,1.22,0.0048581121760988
direct_000032,Cs2AgCeI6,r_B_avg,1.22,0.0034762665024063
direct_000033,Cs2CuCeCl6,r_B_avg,1.03,-0.0119122163942099
direct_000034,Cs2CuCeI6,r_B_avg,1.03,-0.0116086809049272
direct_000035,Cs2CuAsCl6,r_B_avg,0.815,0.0055419464292977
direct_000036,Cs2CuBiBr6,r_B_avg,1.04,-0.0092739140434163
direct_000037,Cs2CuBiCl6,r_B_avg,1.04,-0.009125781784015
direct_000038,Cs2CuBiI6,r_B_avg,1.04,-0.0094389969397007
direct_000039,Cs2CuMoBr6,r_B_avg,0.87,0.0223539106977636
direct_000040,Cs2CuMoCl6,r_B_avg,0.87,0.0208032736720927
direct_000041,Cs2CuMoI6,r_B_avg,0.87,0.0130878622717401
direct_000042,Cs2CuSbBr6,r_B_avg,0.905,-0.0103042619593518
direct_000043,Cs2CuSbCl6,r_B_avg,0.905,-0.0108415617119145
direct_000044,Cs2CuSbI6,r_B_avg,0.905,-0.0088742631875031
direct_000045,Cs2AuDyCl6,r_B_avg,1.281,-0.0013546219535266
direct_000046,Cs2CuDyCl6,r_B_avg,0.981,-0.0069260790171726
direct_000047,Cs2AuErCl6,r_B_avg,1.27,0.0017204378492296
direct_000048,Cs2CuErCl6,r_B_avg,0.97,-0.007146694784476
direct_000049,Cs2AgGaBr6,r_B_avg,1.025,0.0015736757628159
direct_000050,Cs2AgGaCl6,r_B_avg,1.025,0.0089526363300432
direct_000051,Cs2AuGdCl6,r_B_avg,1.2925,-0.0012167648838511
direct_000052,Cs2HgPdCl6,r_B_avg,1.08,-0.0039404984344063
direct_000053,Cs2IBrCl6,r_B_avg,1.255,0.0086243822447836
direct_000054,Cs2FICl6,r_B_avg,1.14,0.0033858903160808
direct_000055,Cs2AgInBr6,r_B_avg,1.115,0.0178285296998093
direct_000056,Cs2AgInCl6,r_B_avg,1.115,0.0179418746159852
direct_000057,Cs2InAsBr6,r_B_avg,1.135,0.0069106593212559
direct_000058,Cs2InAsCl6,r_B_avg,1.135,0.0008705483067569
direct_000059,Cs2InAsI6,r_B_avg,1.135,0.0063244888081649
direct_000060,Cs2InBiBr6,r_B_avg,1.36,0.0851448486842185
direct_000061,Cs2InBiCl6,r_B_avg,1.36,0.079568869653449
direct_000062,Cs2InBiI6,r_B_avg,1.36,0.0785569361505505
direct_000063,Cs2InGaBr6,r_B_avg,1.155,-0.0155453376940242
direct_000064,Cs2InGaCl6,r_B_avg,1.155,-0.017285024768495
direct_000065,Cs2InGaI6,r_B_avg,1.155,-0.0114821631272927
direct_000066,Cs2InSbBr6,r_B_avg,1.225,0.0295377482018862
direct_000067,Cs2InSbCl6,r_B_avg,1.225,0.0306922486618965
direct_000068,Cs2InSbI6,r_B_avg,1.225,0.0168733261732341
direct_000069,Cs2KAlBr6,r_B_avg,1.0975,-0.0041629422689476
direct_000070,Cs2KAlCl6,r_B_avg,1.0975,-0.0037181197575082
direct_000071,Cs2KAlI6,r_B_avg,1.0975,-0.0029779989720616
direct_000072,Cs2KAsBr6,r_B_avg,1.12,0.0086883208677113
direct_000073,Cs2KAsCl6,r_B_avg,1.12,0.0089074939473706
direct_000074,Cs2KAsI6,r_B_avg,1.12,-0.0027612477166489
direct_000075,Cs2KAuCl6,r_B_avg,1.255,0.0046565477227503
direct_000076,Cs2KBiBr6,r_B_avg,1.345,0.0077932881239215
direct_000077,Cs2KBiCl6,r_B_avg,1.345,0.0045069648699553
direct_000078,Cs2KBiI6,r_B_avg,1.345,0.0040042412215713
direct_000079,Cs2KCeBr6,r_B_avg,1.335,-0.0056763698271864
direct_000080,Cs2KCeCl6,r_B_avg,1.335,-0.0080455638908998
direct_000081,Cs2KCeI6,r_B_avg,1.335,-0.0035245043949905
direct_000082,Cs2KCrCl6,r_B_avg,1.46,0.0084510313984699
direct_000083,Cs2KDyCl6,r_B_avg,1.286,0.0045449793772076
direct_000084,Cs2KGaBr6,r_B_avg,1.14,0.0022275343963828
direct_000085,Cs2KGaCl6,r_B_avg,1.14,0.0002695003473693
direct_000086,Cs2KGaI6,r_B_avg,1.14,0.0013008365975961
direct_000087,Cs2KHoCl6,r_B_avg,1.2805,0.0041731816995013
direct_000088,Cs2KInBr6,r_B_avg,1.23,0.0097214828923685
direct_000089,Cs2KInCl6,r_B_avg,1.23,0.0094449995865306
direct_000090,Cs2KInI6,r_B_avg,1.23,0.0089266108024513
direct_000091,Cs2KLaCl6,r_B_avg,1.346,0.0024091818930672
direct_000092,Cs2KLuCl6,r_B_avg,1.2605,0.0077063156137272
direct_000093,Cs2KMoBr6,r_B_avg,1.175,0.0157151166564176
direct_000094,Cs2KMoCl6,r_B_avg,1.175,0.0146299832640957
direct_000095,Cs2KMoI6,r_B_avg,1.175,0.0129326270581516
direct_000096,Cs2KNdBr6,r_B_avg,1.3215,0.0006462228191842
direct_000097,Cs2KNdCl6,r_B_avg,1.3215,0.0018450566538717
direct_000098,Cs2KNdI6,r_B_avg,1.3215,0.0038225010204134
direct_000099,Cs2KPrBr6,r_B_avg,1.325,0.0002892869633215
direct_000100,Cs2KPrCl6,r_B_avg,1.325,0.0015463052741604
direct_000101,Cs2KPrI6,r_B_avg,1.325,0.0035643874487851
direct_000102,Cs2KSbBr6,r_B_avg,1.21,0.0139824134149045
direct_000103,Cs2KSbCl6,r_B_avg,1.21,0.0144023316095975
direct_000104,Cs2KSbI6,r_B_avg,1.21,0.0052614519801536
direct_000105,Cs2KScBr6,r_B_avg,1.2025,-0.0055914732098085
direct_000106,Cs2KScCl6,r_B_avg,1.2025,-0.0054962917282535
direct_000107,Cs2KScI6,r_B_avg,1.2025,-0.0054932773431847
direct_000108,Cs2KSmCl6,r_B_avg,1.3090000000000002,0.0037408283618137
direct_000109,Cs2KTbCl6,r_B_avg,1.2915,0.0036996429756298
direct_000110,Cs2KTlBr6,r_B_avg,1.2725,0.0075344523478762
direct_000111,Cs2KTlCl6,r_B_avg,1.2725,0.0075456058639608
direct_000112,Cs2KTlI6,r_B_avg,1.2725,0.0101565934654856
direct_000113,Cs2KYBr6,r_B_avg,1.28,0.0035329158199093
direct_000114,Cs2KYCl6,r_B_avg,1.28,0.0044143572369616
direct_000115,Cs2KYI6,r_B_avg,1.28,-0.0013397285460745
direct_000116,Cs2AgLaCl6,r_B_avg,1.231,0.005313523621628
direct_000117,Cs2AuLaCl6,r_B_avg,1.341,-0.0017575837476751
direct_000118,Cs2CuLaCl6,r_B_avg,1.041,-0.0082443228750364
direct_000119,Cs2LiBiBr6,r_B_avg,1.035,-0.0252337292204626
direct_000120,Cs2LiBiCl6,r_B_avg,1.035,-0.0252939182026854
direct_000121,Cs2LiBiI6,r_B_avg,1.035,-0.0235243124721351
direct_000122,Cs2LiCeBr6,r_B_avg,1.025,-0.0205831839762818
direct_000123,Cs2LiCeI6,r_B_avg,1.025,-0.0193421629531284
direct_000124,Cs2LiDyCl6,r_B_avg,0.976,-0.0017764333612438
direct_000125,Cs2LiErCl6,r_B_avg,0.965,-0.0022243456829968
direct_000126,Cs2LiGdCl6,r_B_avg,0.9875,-0.0016208045356681
direct_000127,Cs2LiInBr6,r_B_avg,0.92,-0.0034231557263699
direct_000128,Cs2LiInCl6,r_B_avg,0.92,-0.0034727410949708
direct_000129,Cs2LiLaBr6,r_B_avg,1.036,-0.0004076636063367
direct_000130,Cs2LiLaCl6,r_B_avg,1.036,-0.0002135727387372
direct_000131,Cs2LiLuCl6,r_B_avg,0.9505,-0.0007317635894965
direct_000132,Cs2LiMoBr6,r_B_avg,0.865,0.0215073777241821
direct_000133,Cs2LiMoCl6,r_B_avg,0.865,0.0080257265322911
direct_000134,Cs2LiMoI6,r_B_avg,0.865,0.0207053315951471
direct_000135,Cs2LiNdBr6,r_B_avg,1.0115,0.0001990485154139
direct_000136,Cs2LiNdCl6,r_B_avg,1.0115,-0.0002557854549861
direct_000137,Cs2LiNdI6,r_B_avg,1.0115,0.0036185682006969
direct_000138,Cs2LiPrBr6,r_B_avg,1.015,-8.838185370266296e-05
direct_000139,Cs2LiPrCl6,r_B_avg,1.015,-0.0004160863845937
direct_000140,Cs2LiPrI6,r_B_avg,1.015,0.0028966090905672
direct_000141,Cs2LiSbBr6,r_B_avg,0.9,-0.0219568980488065
direct_000142,Cs2LiSbCl6,r_B_avg,0.9,-0.0213457391680605
direct_000143,Cs2LiSbI6,r_B_avg,0.9,-0.0176138837286338
direct_000144,Cs2LiScCl6,r_B_avg,0.8925000000000001,0.0102556252570885
direct_000145,Cs2LiSmCl6,r_B_avg,0.999,0.0005944001065793
direct_000146,Cs2LiTbCl6,r_B_avg,0.9815,0.0003517253323974
direct_000147,Cs2LiTlBr6,r_B_avg,0.9625,-0.0014817635039039
direct_000148,Cs2LiTlCl6,r_B_avg,0.9625,-0.0020321987461698
direct_000149,Cs2LiTmCl6,r_B_avg,0.96,-0.0023381231705724
direct_000150,Cs2LiYBr6,r_B_avg,0.97,-0.0012849732257343
direct_000151,Cs2LiYCl6,r_B_avg,0.97,-0.0012427657875646
direct_000152,Cs2LiYI6,r_B_avg,0.97,0.0039202466124308
direct_000153,Cs2AgLuCl6,r_B_avg,1.1455,-0.0060643126832206
direct_000154,Cs2NaAlCl6,r_B_avg,0.9175,0.000903831665778
direct_000155,Cs2NaAsBr6,r_B_avg,0.94,-0.0408150361031513
direct_000156,Cs2NaAsCl6,r_B_avg,0.94,-0.0408822297039101
direct_000157,Cs2NaBiBr6,r_B_avg,1.165,-0.0140427496373687
direct_000158,Cs2NaBiCl6,r_B_avg,1.165,-0.0135158969579801
direct_000159,Cs2NaBiI6,r_B_avg,1.165,-0.0125197175131946
direct_000160,Cs2NaCeCl6,r_B_avg,1.1549999999999998,-0.0072460877362841
direct_000161,Cs2NaCeI6,r_B_avg,1.1549999999999998,-0.0057285523231274
direct_000162,Cs2NaCrCl6,r_B_avg,1.2799999999999998,0.0082520056225866
direct_000163,Cs2NaDyCl6,r_B_avg,1.106,-0.00208633584057
direct_000164,Cs2NaErCl6,r_B_avg,1.095,-0.0035743431024908
direct_000165,Cs2NaGaBr6,r_B_avg,0.96,0.0002596734217178
direct_000166,Cs2NaGaCl6,r_B_avg,0.96,-0.0006011907428429
direct_000167,Cs2NaGdCl6,r_B_avg,1.1175,-0.0008200217051485
direct_000168,Cs2NaHoCl6,r_B_avg,1.1004999999999998,-0.0032589480055144
direct_000169,Cs2NaInBr6,r_B_avg,1.0499999999999998,-0.0009212226794247
direct_000170,Cs2NaInCl6,r_B_avg,1.0499999999999998,-0.0008922088718407
direct_000171,Cs2NaInI6,r_B_avg,1.0499999999999998,-0.0044869849661566
direct_000172,Cs2NaLaBr6,r_B_avg,1.166,0.0032569976761989
direct_000173,Cs2NaLaCl6,r_B_avg,1.166,0.0035874984338095
direct_000174,Cs2NaLuCl6,r_B_avg,1.0804999999999998,-0.0032604956788831
direct_000175,Cs2NaMoBr6,r_B_avg,0.995,0.0013788642510088
direct_000176,Cs2NaMoCl6,r_B_avg,0.995,-0.0034611151879126
direct_000177,Cs2NaMoI6,r_B_avg,0.995,0.0045275938351433
direct_000178,Cs2NaNdBr6,r_B_avg,1.1415,0.0001624798363287
direct_000179,Cs2NaNdCl6,r_B_avg,1.1415,-0.0001358065523095
direct_000180,Cs2NaPrBr6,r_B_avg,1.145,-0.0001004521865664
direct_000181,Cs2NaPrCl6,r_B_avg,1.145,-0.0004565512774213
direct_000182,Cs2NaPrI6,r_B_avg,1.145,0.0020000015409498
direct_000183,Cs2NaSbBr6,r_B_avg,1.03,-0.0336638674978683
direct_000184,Cs2NaSbCl6,r_B_avg,1.03,-0.0317853665565652
direct_000185,Cs2NaSbI6,r_B_avg,1.03,-0.028775152328127
direct_000186,Cs2NaScBr6,r_B_avg,1.0225,-0.0175367796711345
direct_000187,Cs2NaScCl6,r_B_avg,1.0225,-0.014983732299641
direct_000188,Cs2NaScI6,r_B_avg,1.0225,-0.0202071243230851
direct_000189,Cs2NaSmCl6,r_B_avg,1.129,-0.0004481880301009
direct_000190,Cs2NaTbCl6,r_B_avg,1.1115,-0.0016465828907505
direct_000191,Cs2NaTlBr6,r_B_avg,1.0924999999999998,-0.0043740227978292
direct_000192,Cs2NaTlCl6,r_B_avg,1.0924999999999998,-0.003597348552483
direct_000193,Cs2NaTlI6,r_B_avg,1.0924999999999998,-0.0209041588645154
direct_000194,Cs2NaTmCl6,r_B_avg,1.09,-0.0040086429058192
direct_000195,Cs2NaUBr6,r_B_avg,1.1625,-0.0017703104927491
direct_000196,Cs2NaUCl6,r_B_avg,1.1625,-0.0028689828017086
direct_000197,Cs2NaYBr6,r_B_avg,1.1,-0.0014433331853981
direct_000198,Cs2NaYCl6,r_B_avg,1.1,-0.0025078168364883
direct_000199,Cs2NaYI6,r_B_avg,1.1,1.5423373646485156e-06
direct_000200,Cs2AgNdBr6,r_B_avg,1.2065,-0.0003436254744621
direct_000201,Cs2AgNdCl6,r_B_avg,1.2065,1.2559587209830151e-05
direct_000202,Cs2AgNdI6,r_B_avg,1.2065,-0.0004734377853545
direct_000203,Cs2AuNdCl6,r_B_avg,1.3165,-0.0013442754304085
direct_000204,Cs2CuNdBr6,r_B_avg,1.0165,-0.0089106049363806
direct_000205,Cs2CuNdI6,r_B_avg,1.0165,-0.0085985956918873
direct_000206,Cs2AgPrCl6,r_B_avg,1.21,0.002397987385719
direct_000207,Cs2AgPrI6,r_B_avg,1.21,0.0011228275702756
direct_000208,Cs2AuPrCl6,r_B_avg,1.3199999999999998,-0.0022987890180508
direct_000209,Cs2CuPrBr6,r_B_avg,1.02,-0.0106458677588229
direct_000210,Cs2CuPrCl6,r_B_avg,1.02,-0.0104861829001662
direct_000211,Cs2CuPrI6,r_B_avg,1.02,-0.0106305129864451
direct_000212,Cs2RbAlBr6,r_B_avg,1.1675,0.0024868534480104
direct_000213,Cs2RbAlCl6,r_B_avg,1.1675,0.0037902430818672
direct_000214,Cs2RbAlI6,r_B_avg,1.1675,0.0038790195684175
direct_000215,Cs2RbAsBr6,r_B_avg,1.19,0.0179296753784127
direct_000216,Cs2RbAsCl6,r_B_avg,1.19,0.0179477886639974
direct_000217,Cs2RbAsI6,r_B_avg,1.19,0.0058271731136644
direct_000218,Cs2RbAuCl6,r_B_avg,1.325,-0.0118030252279246
direct_000219,Cs2RbBiBr6,r_B_avg,1.415,0.0205705489460742
direct_000220,Cs2RbBiCl6,r_B_avg,1.415,0.0152319237999095
direct_000221,Cs2RbBiI6,r_B_avg,1.415,0.0137638734115967
direct_000222,Cs2RbCeCl6,r_B_avg,1.4049999999999998,0.0120415720509189
direct_000223,Cs2RbDyCl6,r_B_avg,1.356,0.0147539639667668
direct_000224,Cs2RbErCl6,r_B_avg,1.345,0.0005823320931782
direct_000225,Cs2RbGaBr6,r_B_avg,1.21,0.007888394738598
direct_000226,Cs2RbGaCl6,r_B_avg,1.21,0.0082162790244524
direct_000227,Cs2RbGaI6,r_B_avg,1.21,0.007662543175479
direct_000228,Cs2RbGdCl6,r_B_avg,1.3675,0.0167399855994635
direct_000229,Cs2RbInBr6,r_B_avg,1.2999999999999998,0.0021872731239427
direct_000230,Cs2RbInCl6,r_B_avg,1.2999999999999998,0.0024075672181826
direct_000231,Cs2RbInI6,r_B_avg,1.2999999999999998,0.0048746908138963
direct_000232,Cs2RbLaCl6,r_B_avg,1.416,0.0200333810760808
direct_000233,Cs2RbLuCl6,r_B_avg,1.3304999999999998,-0.0183930082882776
direct_000234,Cs2RbNdCl6,r_B_avg,1.3915,0.017019057105358
direct_000235,Cs2RbPrCl6,r_B_avg,1.395,0.0169665263820927
direct_000236,Cs2RbSbBr6,r_B_avg,1.28,0.0233791736587839
direct_000237,Cs2RbSbCl6,r_B_avg,1.28,0.0195708034565896
direct_000238,Cs2RbSbI6,r_B_avg,1.28,0.0184895160603888
direct_000239,Cs2RbScBr6,r_B_avg,1.2725,-0.0014723483204908
direct_000240,Cs2RbScCl6,r_B_avg,1.2725,-0.0024074828141759
direct_000241,Cs2RbScI6,r_B_avg,1.2725,-0.0009271968986402
direct_000242,Cs2RbSmCl6,r_B_avg,1.379,0.0171431287998321
direct_000243,Cs2RbTbCl6,r_B_avg,1.3615,0.0164511719772688
direct_000244,Cs2RbTlBr6,r_B_avg,1.3424999999999998,0.001543390609141
direct_000245,Cs2RbTlCl6,r_B_avg,1.3424999999999998,-0.0022575499478221
direct_000246,Cs2RbTlI6,r_B_avg,1.3424999999999998,0.0075792709700088
direct_000247,Cs2RbTmCl6,r_B_avg,1.34,-0.0001725653501653
direct_000248,Cs2RbYBr6,r_B_avg,1.35,-9.82072184013925e-05
direct_000249,Cs2RbYCl6,r_B_avg,1.35,-0.000559095384585
direct_000250,Cs2RbYI6,r_B_avg,1.35,-0.0090449492696383
direct_000251,Cs2AuSbBr6,r_B_avg,1.205,-0.0026035709401719
direct_000252,Cs2AuSbCl6,r_B_avg,1.205,-0.0029710336497889
direct_000253,Cs2AgScBr6,r_B_avg,1.0875,-0.021503154400482
direct_000254,Cs2AgScCl6,r_B_avg,1.0875,-0.0158436072243621
direct_000255,Cs2AgScI6,r_B_avg,1.0875,-0.0142769116085457
direct_000256,Cs2AuScBr6,r_B_avg,1.1975,-0.0097042660881898
direct_000257,Cs2AuScCl6,r_B_avg,1.1975,-0.0110856231015333
direct_000258,Cs2AuScI6,r_B_avg,1.1975,-0.0081597937723171
direct_000259,Cs2CuScCl6,r_B_avg,0.8975,-0.0033116282996759
direct_000260,Cs2InScBr6,r_B_avg,1.2175,0.0406569779022693
direct_000261,Cs2InScCl6,r_B_avg,1.2175,0.0389272789003507
direct_000262,Cs2InScI6,r_B_avg,1.2175,0.032331684782883
direct_000263,Cs2TlScBr6,r_B_avg,1.2625,0.0332921915076583
direct_000264,Cs2TlScCl6,r_B_avg,1.2625,0.0302981013248841
direct_000265,Cs2TlScI6,r_B_avg,1.2625,0.014557379516346
direct_000266,Cs2AuSmCl6,r_B_avg,1.304,-0.0002812352534037
direct_000267,Cs2CuSmCl6,r_B_avg,1.004,-0.0082794468305364
direct_000268,Cs2AuTbCl6,r_B_avg,1.2865,-0.000566926506163
direct_000269,Cs2CuTbCl6,r_B_avg,0.9865,-0.0067717629363003
direct_000270,Cs2TlAsBr6,r_B_avg,1.18,0.0149622095252164
direct_000271,Cs2TlAsCl6,r_B_avg,1.18,0.0151731636115901
direct_000272,Cs2TlAsI6,r_B_avg,1.18,0.0174298038096137
direct_000273,Cs2TlBiBr6,r_B_avg,1.4049999999999998,0.0806146879229325
direct_000274,Cs2TlBiCl6,r_B_avg,1.4049999999999998,0.0737238117636855
direct_000275,Cs2TlBiI6,r_B_avg,1.4049999999999998,0.072796793652469
direct_000276,Cs2TlGaBr6,r_B_avg,1.2,-0.0051612648465702
direct_000277,Cs2TlGaCl6,r_B_avg,1.2,-0.0055244898391872
direct_000278,Cs2TlGaI6,r_B_avg,1.2,-0.0041953371146059
direct_000279,Cs2TlInBr6,r_B_avg,1.29,-0.016144617246713
direct_000280,Cs2TlInCl6,r_B_avg,1.29,-0.0135560007853341
direct_000281,Cs2TlInI6,r_B_avg,1.29,-0.0110105912302736
direct_000282,Cs2TlSbBr6,r_B_avg,1.27,0.0292934253380249
direct_000283,Cs2TlSbCl6,r_B_avg,1.27,0.0306042592490744
direct_000284,Cs2TlSbI6,r_B_avg,1.27,0.0249873519196735
direct_000285,Cs2CuTmCl6,r_B_avg,0.965,-0.0080126594337071
direct_000286,Cs2AgYBr6,r_B_avg,1.165,-0.0072997193054765
direct_000287,Cs2AgYCl6,r_B_avg,1.165,-0.0071691312011907
direct_000288,Cs2AgYI6,r_B_avg,1.165,-0.0051870447788444
direct_000289,Cs2AuYBr6,r_B_avg,1.275,-0.0026906419960317
direct_000290,Cs2AuYCl6,r_B_avg,1.275,-0.0033276567454544
direct_000291,Cs2AuYI6,r_B_avg,1.275,-0.0033275832136279
direct_000292,Cs2CuYBr6,r_B_avg,0.975,-0.0087738463475538
direct_000293,Cs2CuYCl6,r_B_avg,0.975,-0.0084316262263121
direct_000294,Cs2CuYI6,r_B_avg,0.975,-0.0068702860846842
direct_000295,Cs2InYBr6,r_B_avg,1.295,0.0170053159730704
direct_000296,Cs2InYCl6,r_B_avg,1.295,0.0094146519724025
direct_000297,Cs2InYI6,r_B_avg,1.295,0.0089654131517782
direct_000298,Cs2TlYBr6,r_B_avg,1.34,0.0016143136864247
direct_000299,Cs2TlYCl6,r_B_avg,1.34,0.0010254284109241
direct_000300,Cs2TlYI6,r_B_avg,1.34,0.0059439408058915
direct_000301,K2CsAlBr6,r_B_avg,1.2425000000000002,0.0104235842355497
direct_000302,K2CsAlCl6,r_B_avg,1.2425000000000002,0.0107243340418179
direct_000303,K2CsAlI6,r_B_avg,1.2425000000000002,0.0111662857243087
direct_000304,K2CsAsBr6,r_B_avg,1.265,0.0276251442645178
direct_000305,K2CsAsCl6,r_B_avg,1.265,0.0250925288403814
direct_000306,K2CsBiCl6,r_B_avg,1.49,-0.0062816742649111
direct_000307,K2CsGaCl6,r_B_avg,1.285,0.0055875353877145
direct_000308,K2CsInCl6,r_B_avg,1.375,-0.0024223759761184
direct_000309,K2CsSbCl6,r_B_avg,1.355,-0.0292167817318693
direct_000310,K2CsScCl6,r_B_avg,1.3475,-0.0126161552068835
direct_000311,Mn2CsRbCl6,r_B_avg,1.735,0.0093925702422291
direct_000312,Rb2CsAlBr6,r_B_avg,1.2425000000000002,0.0102950889907614
direct_000313,Rb2CsAlCl6,r_B_avg,1.2425000000000002,0.0107581854562815
direct_000314,Rb2CsAlI6,r_B_avg,1.2425000000000002,0.0106670912242661
direct_000315,Rb2CsAsBr6,r_B_avg,1.265,0.0272182544349305
direct_000316,Rb2CsAsCl6,r_B_avg,1.265,0.024880422879245
direct_000317,Rb2CsAsI6,r_B_avg,1.265,0.0103001954022031
direct_000318,Rb2CsAuCl6,r_B_avg,1.4,0.0289597670720318
direct_000319,Rb2CsDyCl6,r_B_avg,1.431,0.0150103706877323
direct_000320,Rb2CsErCl6,r_B_avg,1.42,0.0155578335322628
direct_000321,Rb2CsGaBr6,r_B_avg,1.285,0.0067287664207643
direct_000322,Rb2CsGaCl6,r_B_avg,1.285,0.0056694654016092
direct_000323,Rb2CsGaI6,r_B_avg,1.285,0.0073048539144235
direct_000324,Rb2CsGdCl6,r_B_avg,1.4425,0.014908626578257
direct_000325,Rb2CsInBr6,r_B_avg,1.375,-0.0001975947000218
direct_000326,Rb2CsInCl6,r_B_avg,1.375,-0.0023712604588012
direct_000327,Rb2CsLuCl6,r_B_avg,1.4055,0.0118607253742744
direct_000328,Rb2CsSbCl6,r_B_avg,1.355,-0.0292203886381989
direct_000329,Rb2CsScBr6,r_B_avg,1.3475,-0.0102443160876288
direct_000330,Rb2CsScCl6,r_B_avg,1.3475,-0.0119549328358724
direct_000331,Rb2CsTbCl6,r_B_avg,1.4365,0.0136677617037019
direct_000332,Rb2CsTlBr6,r_B_avg,1.4175,0.0112602822448207
direct_000333,Rb2CsTmCl6,r_B_avg,1.415,0.0151827535364126
direct_000334,Rb2CsYBr6,r_B_avg,1.425,0.0103741929246099
direct_000335,Rb2CsYCl6,r_B_avg,1.425,0.0102274006744857
direct_000336,O2GaReCl6,r_B_avg,0.7150000000000001,0.0035358741819033
direct_000337,Se2NGaCl6,r_B_avg,0.7050000000000001,0.0297591566304779
direct_000338,K2AgAsBr6,r_B_avg,1.005,-0.0303702538482855
direct_000339,K2AgAsCl6,r_B_avg,1.005,-0.0294797445645782
direct_000340,K2AgBiBr6,r_B_avg,1.23,0.0024117234919932
direct_000341,K2AgBiCl6,r_B_avg,1.23,0.0025969881768519
direct_000342,K2AgBiI6,r_B_avg,1.23,0.0017741477438709
direct_000343,K2AgMoBr6,r_B_avg,1.06,0.0065249205259376
direct_000344,K2AgMoCl6,r_B_avg,1.06,0.0066874536093133
direct_000345,K2AgMoI6,r_B_avg,1.06,0.005683018500094
direct_000346,K2AgSbBr6,r_B_avg,1.095,-0.0239193127476795
direct_000347,K2AgSbCl6,r_B_avg,1.095,-0.0240066855616796
direct_000348,K2AgSbI6,r_B_avg,1.095,-0.0161436249329361
direct_000349,K2AgAlBr6,r_B_avg,0.9825,0.0131009461817703
direct_000350,K2AgAlCl6,r_B_avg,0.9825,0.0125376451737105
direct_000351,K2AlAuCl6,r_B_avg,1.12,0.0041206021040298
direct_000352,K2InAlBr6,r_B_avg,1.1125,-0.0215920281095115
direct_000353,K2InAlCl6,r_B_avg,1.1125,-0.0211664047707865
direct_000354,K2InAlI6,r_B_avg,1.1125,-0.0161292168829532
direct_000355,K2TlAlBr6,r_B_avg,1.1575,-0.0127547456604866
direct_000356,K2TlAlCl6,r_B_avg,1.1575,-0.0133386191833625
direct_000357,K2TlAlI6,r_B_avg,1.1575,-0.0099090250550441
direct_000358,K2AsAuBr6,r_B_avg,1.0699999999999998,-0.0056118809808198
direct_000359,K2AsAuCl6,r_B_avg,1.0699999999999998,-0.0066440461327856
direct_000360,K2BiAuBr6,r_B_avg,1.295,-0.0037245151973184
direct_000361,K2BiAuCl6,r_B_avg,1.295,-0.0038873043822242
direct_000362,K2FBrCl6,r_B_avg,0.82,0.0216322172471863
direct_000363,K2AgCeBr6,r_B_avg,1.22,0.0051872200723898
direct_000364,K2AgCeCl6,r_B_avg,1.22,0.0050197495651744
direct_000365,K2AgCeI6,r_B_avg,1.22,0.0039253752572729
direct_000366,K2AuCeCl6,r_B_avg,1.33,-0.0033205490832557
direct_000367,K2CuCeBr6,r_B_avg,1.03,-0.0122387979003198
direct_000368,K2CuCeCl6,r_B_avg,1.03,-0.0118102537207229
direct_000369,K2CuCeI6,r_B_avg,1.03,-0.0117710462866203
direct_000370,K2CuBiBr6,r_B_avg,1.04,-0.0092751052557672
direct_000371,K2CuBiCl6,r_B_avg,1.04,-0.0089789895653844
direct_000372,K2CuBiI6,r_B_avg,1.04,-0.0094558043829
direct_000373,K2CuMoBr6,r_B_avg,0.87,0.0230265827252011
direct_000374,K2CuMoCl6,r_B_avg,0.87,0.0194078897755842
direct_000375,K2CuMoI6,r_B_avg,0.87,0.0147554944665392
direct_000376,K2CuSbBr6,r_B_avg,0.905,-0.0105754434238854
direct_000377,K2CuSbCl6,r_B_avg,0.905,-0.0110146314452637
direct_000378,K2CuSbI6,r_B_avg,0.905,-0.0088490581465962
direct_000379,K2AgDyCl6,r_B_avg,1.171,-0.0007703648664151
direct_000380,K2AuDyCl6,r_B_avg,1.281,-0.0014346340599003
direct_000381,K2CuDyCl6,r_B_avg,0.981,-0.0070512589658204
direct_000382,K2AgErCl6,r_B_avg,1.16,-0.0049197563779489
direct_000383,K2AuErCl6,r_B_avg,1.27,0.0017929888021891
direct_000384,K2CuErCl6,r_B_avg,0.97,-0.0075184401198797
direct_000385,K2AgGaCl6,r_B_avg,1.025,0.0095103930061561
direct_000386,K2AuGdCl6,r_B_avg,1.2925,-0.0011819746705585
direct_000387,K2CuGdCl6,r_B_avg,0.9925,-0.0067807868328535
direct_000388,K2AgInBr6,r_B_avg,1.115,0.0197122372644831
direct_000389,K2AgInCl6,r_B_avg,1.115,0.0180974513610572
direct_000390,K2InAsBr6,r_B_avg,1.135,0.0084002213949289
direct_000391,K2InAsCl6,r_B_avg,1.135,0.0044033989899812
direct_000392,K2InGaBr6,r_B_avg,1.155,-0.0147703647912924
direct_000393,K2InGaCl6,r_B_avg,1.155,-0.0168770638049224
direct_000394,K2InGaI6,r_B_avg,1.155,-0.0122745723998648
direct_000395,K2InSbBr6,r_B_avg,1.225,0.0303232832316756
direct_000396,K2InSbCl6,r_B_avg,1.225,0.0315136848595296
direct_000397,K2InSbI6,r_B_avg,1.225,0.0171317999059167
direct_000398,K2AgLaCl6,r_B_avg,1.231,0.0054794912596601
direct_000399,K2AuLaCl6,r_B_avg,1.341,-0.0021181646795724
direct_000400,K2CuLaCl6,r_B_avg,1.041,-0.0079994519317907
direct_000401,K2LiBiBr6,r_B_avg,1.035,-0.0251890916030647
direct_000402,K2LiBiCl6,r_B_avg,1.035,-0.0252915760516917
direct_000403,K2LiBiI6,r_B_avg,1.035,-0.0243595633885661
direct_000404,K2LiCeBr6,r_B_avg,1.025,-0.0200887002495389
direct_000405,K2LiCeCl6,r_B_avg,1.025,-0.0191890951084479
direct_000406,K2LiCeI6,r_B_avg,1.025,-0.0196575642382246
direct_000407,K2LiDyCl6,r_B_avg,0.976,-0.0018977549721331
direct_000408,K2LiErCl6,r_B_avg,0.965,-0.0023968294764554
direct_000409,K2LiGdCl6,r_B_avg,0.9875,-0.0017200573091786
direct_000410,K2LiInCl6,r_B_avg,0.92,-0.0038532975331867
direct_000411,K2LiLaCl6,r_B_avg,1.036,0.0002382319120653
direct_000412,K2LiLuCl6,r_B_avg,0.9505,-0.0011574336046817
direct_000413,K2LiMoBr6,r_B_avg,0.865,0.0194405884025518
direct_000414,K2LiMoCl6,r_B_avg,0.865,-0.0009644383062189
direct_000415,K2LiMoI6,r_B_avg,0.865,0.0214360038893047
direct_000416,K2LiNdBr6,r_B_avg,1.0115,8.230558716159259e-05
direct_000417,K2LiNdCl6,r_B_avg,1.0115,-0.0002429867637899
direct_000418,K2LiNdI6,r_B_avg,1.0115,0.0038442884752401
direct_000419,K2LiPrBr6,r_B_avg,1.015,-0.0001808409233443
direct_000420,K2LiPrCl6,r_B_avg,1.015,-0.0004077831305432
direct_000421,K2LiPrI6,r_B_avg,1.015,0.0027934995934796
direct_000422,K2LiSbBr6,r_B_avg,0.9,-0.0218825763841515
direct_000423,K2LiSbCl6,r_B_avg,0.9,-0.0208805321797609
direct_000424,K2LiSbI6,r_B_avg,0.9,-0.0176787073956378
direct_000425,K2LiScCl6,r_B_avg,0.8925000000000001,0.008371034456359
direct_000426,K2LiSmCl6,r_B_avg,0.999,0.0005369807751107
direct_000427,K2LiTbCl6,r_B_avg,0.9815,0.0002743293843528
direct_000428,K2LiTlBr6,r_B_avg,0.9625,-6.472694349969132e-05
direct_000429,K2LiTlCl6,r_B_avg,0.9625,-0.0027032370014037
direct_000430,K2LiTmCl6,r_B_avg,0.96,-0.0025382649780613
direct_000431,K2LiYBr6,r_B_avg,0.97,-0.0013000891856606
direct_000432,K2LiYCl6,r_B_avg,0.97,-0.0013812562278541
direct_000433,K2LiYI6,r_B_avg,0.97,0.0026815007440286
direct_000434,K2AgLuCl6,r_B_avg,1.1455,-0.005940763868384
direct_000435,K2AuLuCl6,r_B_avg,1.2555,0.0023297724180518
direct_000436,K2CuLuCl6,r_B_avg,0.9555,-0.0081961177428103
direct_000437,K2NaAlCl6,r_B_avg,0.9175,0.0002949494424224
direct_000438,K2NaAsBr6,r_B_avg,0.94,-0.0416890473981483
direct_000439,K2NaAsCl6,r_B_avg,0.94,-0.0402356890139412
direct_000440,K2NaBiBr6,r_B_avg,1.165,-0.0141065204163111
direct_000441,K2NaBiCl6,r_B_avg,1.165,-0.0134666176394442
direct_000442,K2NaBiI6,r_B_avg,1.165,-0.0126813151980452
direct_000443,K2NaCeBr6,r_B_avg,1.1549999999999998,-0.0064493499082566
direct_000444,K2NaCeCl6,r_B_avg,1.1549999999999998,-0.0069686061186902
direct_000445,K2NaCrCl6,r_B_avg,1.2799999999999998,0.0085092044795859
direct_000446,K2NaDyCl6,r_B_avg,1.106,-0.0021890978440215
direct_000447,K2NaErCl6,r_B_avg,1.095,-0.0037997266946382
direct_000448,K2NaGaBr6,r_B_avg,0.96,0.0006070767876638
direct_000449,K2NaGaCl6,r_B_avg,0.96,-0.0010436229548842
direct_000450,K2NaGdCl6,r_B_avg,1.1175,-0.0007596660284306
direct_000451,K2NaInBr6,r_B_avg,1.0499999999999998,-0.0009279108370831
direct_000452,K2NaInCl6,r_B_avg,1.0499999999999998,-0.0004739454895772
direct_000453,K2NaInI6,r_B_avg,1.0499999999999998,-0.0033250070747036
direct_000454,K2NaLaCl6,r_B_avg,1.166,0.0037409853159375
direct_000455,K2NaLuCl6,r_B_avg,1.0804999999999998,-0.0037424706150618
direct_000456,K2NaMoBr6,r_B_avg,0.995,0.0020537212435853
direct_000457,K2NaMoCl6,r_B_avg,0.995,-0.009952091915885
direct_000458,K2NaMoI6,r_B_avg,0.995,0.004527181864878
direct_000459,K2NaNdBr6,r_B_avg,1.1415,0.0001970474678973
direct_000460,K2NaNdCl6,r_B_avg,1.1415,6.597848159967164e-05
direct_000461,K2NaNdI6,r_B_avg,1.1415,0.0024341826048114
direct_000462,K2NaPrBr6,r_B_avg,1.145,-6.076517031916333e-05
direct_000463,K2NaPrCl6,r_B_avg,1.145,-0.0002117662150029
direct_000464,K2NaPrI6,r_B_avg,1.145,0.0021342693262438
direct_000465,K2NaSbBr6,r_B_avg,1.03,-0.0338493573411201
direct_000466,K2NaSbCl6,r_B_avg,1.03,-0.0304550759658423
direct_000467,K2NaSbI6,r_B_avg,1.03,-0.0298907817707431
direct_000468,K2NaScBr6,r_B_avg,1.0225,-0.0165429549961057
direct_000469,K2NaScCl6,r_B_avg,1.0225,-0.0122974083790228
direct_000470,K2NaScI6,r_B_avg,1.0225,-0.0204557310729216
direct_000471,K2NaSmCl6,r_B_avg,1.129,-0.0003823179041531
direct_000472,K2NaTbCl6,r_B_avg,1.1115,-0.0016292591570172
direct_000473,K2NaTlBr6,r_B_avg,1.0924999999999998,-0.0031509534014005
direct_000474,K2NaTlCl6,r_B_avg,1.0924999999999998,-0.0043392863113327
direct_000475,K2NaTlI6,r_B_avg,1.0924999999999998,-0.0206202510278879
direct_000476,K2NaTmCl6,r_B_avg,1.09,-0.0042694298128262
direct_000477,K2NaYBr6,r_B_avg,1.1,-0.0013023575265155
direct_000478,K2NaYCl6,r_B_avg,1.1,-0.002033784748068
direct_000479,K2NaYI6,r_B_avg,1.1,8.617162876925407e-05
direct_000480,K2AgNdBr6,r_B_avg,1.2065,0.0001432709370888
direct_000481,K2AgNdCl6,r_B_avg,1.2065,0.0001995504968397
direct_000482,K2AgNdI6,r_B_avg,1.2065,-0.0004326687109389
direct_000483,K2AuNdCl6,r_B_avg,1.3165,-0.0017696429104318
direct_000484,K2CuNdBr6,r_B_avg,1.0165,-0.0092584640337525
direct_000485,K2CuNdCl6,r_B_avg,1.0165,-0.0088092428799367
direct_000486,K2CuNdI6,r_B_avg,1.0165,-0.0085572472109643
direct_000487,K2AgPrBr6,r_B_avg,1.21,0.0025124128814239
direct_000488,K2AgPrCl6,r_B_avg,1.21,0.002541881157299
direct_000489,K2AgPrI6,r_B_avg,1.21,0.001415561921679
direct_000490,K2AuPrCl6,r_B_avg,1.3199999999999998,-0.002670905291446
direct_000491,K2CuPrBr6,r_B_avg,1.02,-0.0108962616505825
direct_000492,K2CuPrCl6,r_B_avg,1.02,-0.0103796160949307
direct_000493,K2CuPrI6,r_B_avg,1.02,-0.0107455620494236
direct_000494,K2RbAlBr6,r_B_avg,1.1675,0.0030100380005612
direct_000495,K2RbAlCl6,r_B_avg,1.1675,0.0041217193102275
direct_000496,K2RbAlI6,r_B_avg,1.1675,0.0031869123547448
direct_000497,K2RbAsBr6,r_B_avg,1.19,0.0191626661422846
direct_000498,K2RbAsCl6,r_B_avg,1.19,0.0197818811229922
direct_000499,K2RbAsI6,r_B_avg,1.19,0.0053360216872662
direct_000500,K2RbAuCl6,r_B_avg,1.325,-0.0138777099050026
direct_000501,K2RbBiBr6,r_B_avg,1.415,0.0191959083587027
direct_000502,K2RbBiCl6,r_B_avg,1.415,0.0121956417007441
direct_000503,K2RbBiI6,r_B_avg,1.415,0.0134412939039582
direct_000504,K2RbCeBr6,r_B_avg,1.4049999999999998,0.0134428555704125
direct_000505,K2RbCeCl6,r_B_avg,1.4049999999999998,0.0116314893160695
direct_000506,K2RbCeI6,r_B_avg,1.4049999999999998,0.0154855319142573
direct_000507,K2RbDyCl6,r_B_avg,1.356,0.0145088055995476
direct_000508,K2RbErCl6,r_B_avg,1.345,0.0003313642284201
direct_000509,K2RbGaBr6,r_B_avg,1.21,0.0082565481559807
direct_000510,K2RbGaCl6,r_B_avg,1.21,0.0087757887609138
direct_000511,K2RbGaI6,r_B_avg,1.21,0.0078295127176907
direct_000512,K2RbGdCl6,r_B_avg,1.3675,0.0164649197797268
direct_000513,K2RbInBr6,r_B_avg,1.2999999999999998,0.0018240304478421
direct_000514,K2RbInCl6,r_B_avg,1.2999999999999998,0.0021151037163255
direct_000515,K2RbLuCl6,r_B_avg,1.3304999999999998,-0.0169304571145397
direct_000516,K2RbMoBr6,r_B_avg,1.245,0.0238657703516409
direct_000517,K2RbMoCl6,r_B_avg,1.245,0.0233663214760365
direct_000518,K2RbMoI6,r_B_avg,1.245,0.0144660203722232
direct_000519,K2RbNdBr6,r_B_avg,1.3915,0.0181644626446062
direct_000520,K2RbNdCl6,r_B_avg,1.3915,0.0166122752246202
direct_000521,K2RbNdI6,r_B_avg,1.3915,0.0173994589483835
direct_000522,K2RbPrBr6,r_B_avg,1.395,0.0180308125883571
direct_000523,K2RbPrCl6,r_B_avg,1.395,0.0167774200825133
direct_000524,K2RbPrI6,r_B_avg,1.395,0.0173595534024102
direct_000525,K2RbSbBr6,r_B_avg,1.28,0.0236475272612646
direct_000526,K2RbSbCl6,r_B_avg,1.28,0.0199141760652817
direct_000527,K2RbSbI6,r_B_avg,1.28,0.0188625301456074
direct_000528,K2RbScBr6,r_B_avg,1.2725,-0.0017910012375566
direct_000529,K2RbScCl6,r_B_avg,1.2725,-0.002100938899944
direct_000530,K2RbTbCl6,r_B_avg,1.3615,0.0161546255675905
direct_000531,K2RbTlBr6,r_B_avg,1.3424999999999998,-0.0019537741146558
direct_000532,K2RbTmCl6,r_B_avg,1.34,-0.0003216360888856
direct_000533,K2RbYBr6,r_B_avg,1.35,-0.0002320949631205
direct_000534,K2RbYCl6,r_B_avg,1.35,-0.0013228923933317
direct_000535,K2RbYI6,r_B_avg,1.35,-0.0047844678983184
direct_000536,K2AuSbBr6,r_B_avg,1.205,-0.0030094154458688
direct_000537,K2AuSbCl6,r_B_avg,1.205,-0.0031300275274063
direct_000538,K2AgScBr6,r_B_avg,1.0875,-0.0214541635581074
direct_000539,K2AgScCl6,r_B_avg,1.0875,-0.0129211511913885
direct_000540,K2AgScI6,r_B_avg,1.0875,-0.0148333953930528
direct_000541,K2AuScBr6,r_B_avg,1.1975,-0.0098390623969592
direct_000542,K2AuScCl6,r_B_avg,1.1975,-0.0110825944387695
direct_000543,K2AuScI6,r_B_avg,1.1975,-0.0081707142513791
direct_000544,K2CuScCl6,r_B_avg,0.8975,-0.0022821922040069
direct_000545,K2InScBr6,r_B_avg,1.2175,0.0421080985653234
direct_000546,K2InScCl6,r_B_avg,1.2175,0.0402518918166621
direct_000547,K2InScI6,r_B_avg,1.2175,0.0350988586740361
direct_000548,K2TlScBr6,r_B_avg,1.2625,0.0350500572427205
direct_000549,K2TlScCl6,r_B_avg,1.2625,0.0313841412808572
direct_000550,K2AgSmCl6,r_B_avg,1.194,-0.0006932613816097
direct_000551,K2AuSmCl6,r_B_avg,1.304,-0.0008034041255037
direct_000552,K2CuSmCl6,r_B_avg,1.004,-0.0082554367743628
direct_000553,K2AgTbCl6,r_B_avg,1.1765,-0.0003676634364195
direct_000554,K2AuTbCl6,r_B_avg,1.2865,-0.0005078250082192
direct_000555,K2CuTbCl6,r_B_avg,0.9865,-0.006809886514091
direct_000556,K2TlAsBr6,r_B_avg,1.18,0.0151373422281316
direct_000557,K2TlAsCl6,r_B_avg,1.18,0.0158428065072682
direct_000558,K2TlAsI6,r_B_avg,1.18,0.0169122351205793
direct_000559,K2TlGaBr6,r_B_avg,1.2,-0.0052215199409842
direct_000560,K2TlGaCl6,r_B_avg,1.2,-0.0056534142381472
direct_000561,K2TlGaI6,r_B_avg,1.2,-0.00423871086926
direct_000562,K2TlInBr6,r_B_avg,1.29,-0.015627991426495
direct_000563,K2TlInCl6,r_B_avg,1.29,-0.0141420205242428
direct_000564,K2TlInI6,r_B_avg,1.29,-0.011132355570862
direct_000565,K2TlSbBr6,r_B_avg,1.27,0.0301025872484732
direct_000566,K2TlSbCl6,r_B_avg,1.27,0.0301655180441239
direct_000567,K2AgTmCl6,r_B_avg,1.155,-0.0061390788877676
direct_000568,K2AuTmCl6,r_B_avg,1.265,0.0025120469763274
direct_000569,K2CuTmCl6,r_B_avg,0.965,-0.0084359683870356
direct_000570,K2AgYBr6,r_B_avg,1.165,-0.0070733053802918
direct_000571,K2AgYCl6,r_B_avg,1.165,-0.0066679432575002
direct_000572,K2AgYI6,r_B_avg,1.165,-0.0056360944581431
direct_000573,K2AuYBr6,r_B_avg,1.275,-0.0030573641152717
direct_000574,K2AuYCl6,r_B_avg,1.275,-0.003263748330425
direct_000575,K2AuYI6,r_B_avg,1.275,-0.0033162676635804
direct_000576,K2CuYBr6,r_B_avg,0.975,-0.0085638432002454
direct_000577,K2CuYCl6,r_B_avg,0.975,-0.0093063988133331
direct_000578,K2CuYI6,r_B_avg,0.975,-0.0071630816044371
direct_000579,K2InYCl6,r_B_avg,1.295,0.0067449368845076
direct_000580,K2TlYBr6,r_B_avg,1.34,-0.0039546969868257
direct_000581,Rb2KAlBr6,r_B_avg,1.0975,-0.0033985441546985
direct_000582,Rb2KAlCl6,r_B_avg,1.0975,-0.0029509056796728
direct_000583,Rb2KAlI6,r_B_avg,1.0975,-0.0031440232928824
direct_000584,Rb2KAsBr6,r_B_avg,1.12,0.0098648270849829
direct_000585,Rb2KAsCl6,r_B_avg,1.12,0.0100010682587139
direct_000586,Rb2KAsI6,r_B_avg,1.12,-0.0045382627908094
direct_000587,Rb2KAuCl6,r_B_avg,1.255,0.0058381447388377
direct_000588,Rb2KDyCl6,r_B_avg,1.286,0.0045404212713138
direct_000589,Rb2KErCl6,r_B_avg,1.275,0.0061885314863634
direct_000590,Rb2KGaBr6,r_B_avg,1.14,0.0024569195535434
direct_000591,Rb2KGaCl6,r_B_avg,1.14,0.0006142363320996
direct_000592,Rb2KGaI6,r_B_avg,1.14,0.0011964365223463
direct_000593,Rb2KGdCl6,r_B_avg,1.2975,0.004014673830132
direct_000594,Rb2KInBr6,r_B_avg,1.23,0.0098158769926331
direct_000595,Rb2KInCl6,r_B_avg,1.23,0.0095768076268728
direct_000596,Rb2KInI6,r_B_avg,1.23,0.0096026207547698
direct_000597,Rb2KLaCl6,r_B_avg,1.346,0.0022509601629407
direct_000598,Rb2KLuCl6,r_B_avg,1.2605,0.0078362117535362
direct_000599,Rb2KScBr6,r_B_avg,1.2025,-0.0052124143366225
direct_000600,Rb2KScCl6,r_B_avg,1.2025,-0.0052013909439785
direct_000601,Rb2KScI6,r_B_avg,1.2025,-0.0058091022358712
direct_000602,Rb2KSmCl6,r_B_avg,1.3090000000000002,0.003680794393832
direct_000603,Rb2KTbCl6,r_B_avg,1.2915,0.003656283109183
direct_000604,Rb2KTlBr6,r_B_avg,1.2725,0.0061251182005624
direct_000605,Rb2KTlCl6,r_B_avg,1.2725,0.0070868508177701
direct_000606,Rb2KTlI6,r_B_avg,1.2725,0.010385237431228
direct_000607,Rb2KTmCl6,r_B_avg,1.27,0.0069671992291494
direct_000608,Li2CuSbCl6,r_B_avg,0.905,-0.0111241151918888
direct_000609,Li2CuInCl6,r_B_avg,0.925,-0.0156824235381617
direct_000610,Li2CuScCl6,r_B_avg,0.8975,-0.0013637665180233
direct_000611,Tl2LiScCl6,r_B_avg,0.8925000000000001,0.0069551711440263
direct_000612,Tl2LiInCl6,r_B_avg,0.92,-0.0139066262694625
direct_000613,Tl2LiYCl6,r_B_avg,0.97,-0.0061195798397788
direct_000614,O2MoPCl6,r_B_avg,0.635,0.0070489909951581
direct_000615,Na2AgAsBr6,r_B_avg,1.005,-0.0299613539844103
direct_000616,Na2AgAsCl6,r_B_avg,1.005,-0.0295037660329242
direct_000617,Na2AgSbCl6,r_B_avg,1.095,-0.0245170220953051
direct_000618,Na2AgAlBr6,r_B_avg,0.9825,0.0131725267895168
direct_000619,Na2AgAlCl6,r_B_avg,0.9825,0.0124267631632739
direct_000620,Na2CuBiBr6,r_B_avg,1.04,-0.0093251454337938
direct_000621,Na2CuBiCl6,r_B_avg,1.04,-0.008992078446803
direct_000622,Na2CuSbCl6,r_B_avg,0.905,-0.0110408036802319
direct_000623,Na2CuDyCl6,r_B_avg,0.981,-0.0070725382201024
direct_000624,Na2CuErCl6,r_B_avg,0.97,-0.0075075832329506
direct_000625,Na2CuEuCl6,r_B_avg,0.9985,-0.0075893167267216
direct_000626,Na2AgGaCl6,r_B_avg,1.025,0.0096022403530117
direct_000627,Na2AgInBr6,r_B_avg,1.115,0.019211531839282
direct_000628,Na2AgInCl6,r_B_avg,1.115,0.0179717259233422
direct_000629,Na2CuLaCl6,r_B_avg,1.041,-0.0080259089358997
direct_000630,Na2LiBiBr6,r_B_avg,1.035,-0.0251805574173051
direct_000631,Na2LiBiCl6,r_B_avg,1.035,-0.0253953554930585
direct_000632,Na2LiBiI6,r_B_avg,1.035,-0.0243595633885661
direct_000633,Na2LiCeCl6,r_B_avg,1.025,-0.0192089566201391
direct_000634,Na2LiDyCl6,r_B_avg,0.976,-0.001877076230087
direct_000635,Na2LiErCl6,r_B_avg,0.965,-0.0024195721609641
direct_000636,Na2LiGdCl6,r_B_avg,0.9875,-0.0017427999936872
direct_000637,Na2LiInCl6,r_B_avg,0.92,-0.0038831168485726
direct_000638,Na2LiLaCl6,r_B_avg,1.036,0.0002183704003741
direct_000639,Na2LiLuCl6,r_B_avg,0.9505,-0.0011766713973729
direct_000640,Na2LiNdCl6,r_B_avg,1.0115,-0.000262906777537
direct_000641,Na2LiPrCl6,r_B_avg,1.015,-0.0004277365537778
direct_000642,Na2LiSbCl6,r_B_avg,0.9,-0.0211660789565276
direct_000643,Na2LiScCl6,r_B_avg,0.8925000000000001,0.0086263085816053
direct_000644,Na2LiSmCl6,r_B_avg,0.999,0.0005093636513677
direct_000645,Na2LiTbCl6,r_B_avg,0.9815,0.0002560310290476
direct_000646,Na2LiTlBr6,r_B_avg,0.9625,-4.678343774164268e-06
direct_000647,Na2LiTlCl6,r_B_avg,0.9625,-0.0027250809151792
direct_000648,Na2LiTmCl6,r_B_avg,0.96,-0.0025567245817947
direct_000649,Na2LiYBr6,r_B_avg,0.97,-0.0013115294513981
direct_000650,Na2LiYCl6,r_B_avg,0.97,-0.0014205528987671
direct_000651,Na2AgLuCl6,r_B_avg,1.1455,-0.0059439076134271
direct_000652,Na2CuLuCl6,r_B_avg,0.9555,-0.0082517596981498
direct_000653,Na2CuNdCl6,r_B_avg,1.0165,-0.008837436202972
direct_000654,Na2CuPrCl6,r_B_avg,1.02,-0.0104072602796541
direct_000655,Na2AgScCl6,r_B_avg,1.0875,-0.0142767379935683
direct_000656,Na2CuScCl6,r_B_avg,0.8975,-0.0012867034159057
direct_000657,Na2CuSmCl6,r_B_avg,1.004,-0.0082780785747268
direct_000658,Na2CuTbCl6,r_B_avg,0.9865,-0.0068313595367518
direct_000659,Na2AgTmCl6,r_B_avg,1.155,-0.0061422226328106
direct_000660,Na2CuTmCl6,r_B_avg,0.965,-0.008457402383036
direct_000661,Na2CuYBr6,r_B_avg,0.975,-0.0085557274084856
direct_000662,Na2CuYCl6,r_B_avg,0.975,-0.0094575515066148
direct_000663,O2NbPCl6,r_B_avg,0.65,0.0122903014802402
direct_000664,Rb2AgAsBr6,r_B_avg,1.005,-0.0304220971502574
direct_000665,Rb2AgAsCl6,r_B_avg,1.005,-0.0293646824926232
direct_000666,Rb2AgBiBr6,r_B_avg,1.23,0.00247625733395
direct_000667,Rb2AgBiCl6,r_B_avg,1.23,0.002434414067108
direct_000668,Rb2AgBiI6,r_B_avg,1.23,0.001769108380652
direct_000669,Rb2AgMoBr6,r_B_avg,1.06,0.0063274723021369
direct_000670,Rb2AgMoCl6,r_B_avg,1.06,0.006918191755683
direct_000671,Rb2AgMoI6,r_B_avg,1.06,0.0053756565179647
direct_000672,Rb2AgSbBr6,r_B_avg,1.095,-0.0241439194827365
direct_000673,Rb2AgSbCl6,r_B_avg,1.095,-0.0240141557642873
direct_000674,Rb2AgSbI6,r_B_avg,1.095,-0.0161727422227011
direct_000675,Rb2AgAlBr6,r_B_avg,0.9825,0.0131403493781661
direct_000676,Rb2AgAlCl6,r_B_avg,0.9825,0.0130306053848231
direct_000677,Rb2AlAuCl6,r_B_avg,1.12,0.003123157426216
direct_000678,Rb2InAlBr6,r_B_avg,1.1125,-0.0216383071486801
direct_000679,Rb2InAlCl6,r_B_avg,1.1125,-0.0218253630414181
direct_000680,Rb2InAlI6,r_B_avg,1.1125,-0.0162095270897113
direct_000681,Rb2TlAlBr6,r_B_avg,1.1575,-0.01270303114357
direct_000682,Rb2TlAlCl6,r_B_avg,1.1575,-0.0121107839886178
direct_000683,Rb2TlAlI6,r_B_avg,1.1575,-0.0099289674573221
direct_000684,Rb2AsAuCl6,r_B_avg,1.0699999999999998,-0.0071307239066108
direct_000685,Rb2BiAuBr6,r_B_avg,1.295,-0.0037174791404334
direct_000686,Rb2BiAuCl6,r_B_avg,1.295,-0.0038005934926632
direct_000687,Rb2FBrCl6,r_B_avg,0.82,0.0220487229258383
direct_000688,Rb2AgCeBr6,r_B_avg,1.22,0.0051573502366374
direct_000689,Rb2AgCeCl6,r_B_avg,1.22,0.0049333164342043
direct_000690,Rb2AgCeI6,r_B_avg,1.22,0.0038935711667583
direct_000691,Rb2CuCeBr6,r_B_avg,1.03,-0.0123156351562286
direct_000692,Rb2CuCeCl6,r_B_avg,1.03,-0.011819428391187
direct_000693,Rb2CuBiBr6,r_B_avg,1.04,-0.0092900587000678
direct_000694,Rb2CuBiCl6,r_B_avg,1.04,-0.0091230516475771
direct_000695,Rb2CuBiI6,r_B_avg,1.04,-0.0094580346711132
direct_000696,Rb2CuMoBr6,r_B_avg,0.87,0.0229891888316427
direct_000697,Rb2CuMoCl6,r_B_avg,0.87,0.020471379547959
direct_000698,Rb2CuMoI6,r_B_avg,0.87,0.0126802206884893
direct_000699,Rb2CuSbBr6,r_B_avg,0.905,-0.010582932168306
direct_000700,Rb2CuSbCl6,r_B_avg,0.905,-0.0109808318459493
direct_000701,Rb2CuSbI6,r_B_avg,0.905,-0.008542809478109
direct_000702,Rb2AgDyCl6,r_B_avg,1.171,-0.0007377241909298
direct_000703,Rb2AuDyCl6,r_B_avg,1.281,-0.0014116851225188
direct_000704,Rb2CuDyCl6,r_B_avg,0.981,-0.0071837413635358
direct_000705,Rb2AgErCl6,r_B_avg,1.16,-0.0048799424342758
direct_000706,Rb2AuErCl6,r_B_avg,1.27,0.0018157844088381
direct_000707,Rb2CuErCl6,r_B_avg,0.97,-0.0075270257847405
direct_000708,Rb2AgGaBr6,r_B_avg,1.025,0.0004086928120304
direct_000709,Rb2AgGaCl6,r_B_avg,1.025,0.0094253021981109
direct_000710,Rb2AgGdCl6,r_B_avg,1.1825,-0.0007556159070649
direct_000711,Rb2AgInBr6,r_B_avg,1.115,0.0196237325028502
direct_000712,Rb2AgInCl6,r_B_avg,1.115,0.0192337673982862
direct_000713,Rb2InAsBr6,r_B_avg,1.135,0.0082606680570428
direct_000714,Rb2InAsCl6,r_B_avg,1.135,0.0042309457132467
direct_000715,Rb2InBiCl6,r_B_avg,1.36,0.077638222211587
direct_000716,Rb2InGaBr6,r_B_avg,1.155,-0.0147069873132485
direct_000717,Rb2InGaCl6,r_B_avg,1.155,-0.0168905510778452
direct_000718,Rb2InGaI6,r_B_avg,1.155,-0.0116056608321007
direct_000719,Rb2InSbBr6,r_B_avg,1.225,0.0308164821138297
direct_000720,Rb2InSbCl6,r_B_avg,1.225,0.0313477824511778
direct_000721,Rb2InSbI6,r_B_avg,1.225,0.0176579188563477
direct_000722,Rb2AgLaCl6,r_B_avg,1.231,0.0054820412764674
direct_000723,Rb2AuLaCl6,r_B_avg,1.341,-0.0022310728122847
direct_000724,Rb2CuLaCl6,r_B_avg,1.041,-0.0080985574307069
direct_000725,Rb2LiBiBr6,r_B_avg,1.035,-0.0251108106633542
direct_000726,Rb2LiBiCl6,r_B_avg,1.035,-0.0253269239660321
direct_000727,Rb2LiBiI6,r_B_avg,1.035,-0.0241820606634749
direct_000728,Rb2LiCeBr6,r_B_avg,1.025,-0.0201479070725033
direct_000729,Rb2LiCeCl6,r_B_avg,1.025,-0.0195509099776472
direct_000730,Rb2LiCeI6,r_B_avg,1.025,-0.0197233787942815
direct_000731,Rb2LiDyBr6,r_B_avg,0.976,-0.0015937696778342
direct_000732,Rb2LiDyCl6,r_B_avg,0.976,-0.0019404624259466
direct_000733,Rb2LiErCl6,r_B_avg,0.965,-0.0024149542590093
direct_000734,Rb2LiGdCl6,r_B_avg,0.9875,-0.0018099823591748
direct_000735,Rb2LiHoCl6,r_B_avg,0.9705,-0.0020046571501001
direct_000736,Rb2LiInCl6,r_B_avg,0.92,-0.0036935960832291
direct_000737,Rb2LiLaCl6,r_B_avg,1.036,0.0001304693952738
direct_000738,Rb2LiMoBr6,r_B_avg,0.865,0.0203908755544842
direct_000739,Rb2LiMoCl6,r_B_avg,0.865,0.0017595788409261
direct_000740,Rb2LiMoI6,r_B_avg,0.865,0.0204585834527801
direct_000741,Rb2LiNdBr6,r_B_avg,1.0115,5.697035730722492e-05
direct_000742,Rb2LiNdCl6,r_B_avg,1.0115,-0.0002997303245712
direct_000743,Rb2LiNdI6,r_B_avg,1.0115,0.0038046101607593
direct_000744,Rb2LiPrBr6,r_B_avg,1.015,-0.0002110888623388
direct_000745,Rb2LiPrCl6,r_B_avg,1.015,-0.0004562512505531
direct_000746,Rb2LiPrI6,r_B_avg,1.015,0.0027619748961571
direct_000747,Rb2LiRhCl6,r_B_avg,0.8525,-0.0092529913111055
direct_000748,Rb2LiSbBr6,r_B_avg,0.9,-0.0218846707190061
direct_000749,Rb2LiSbCl6,r_B_avg,0.9,-0.0207960654051939
direct_000750,Rb2LiSbI6,r_B_avg,0.9,-0.0173203744749879
direct_000751,Rb2LiScCl6,r_B_avg,0.8925000000000001,0.010215144389581
direct_000752,Rb2LiSmCl6,r_B_avg,0.999,0.0005169935413999
direct_000753,Rb2LiTbCl6,r_B_avg,0.9815,0.0002033684992706
direct_000754,Rb2LiTlBr6,r_B_avg,0.9625,-2.4318551943431785e-05
direct_000755,Rb2LiTlCl6,r_B_avg,0.9625,-0.0022561751267814
direct_000756,Rb2LiTmCl6,r_B_avg,0.96,-0.002534570198349
direct_000757,Rb2LiYBr6,r_B_avg,0.97,-0.0011768554792109
direct_000758,Rb2LiYCl6,r_B_avg,0.97,-0.0013048817647979
direct_000759,Rb2LiYI6,r_B_avg,0.97,0.0026219551966402
direct_000760,Rb2AgLuCl6,r_B_avg,1.1455,-0.0060461836230162
direct_000761,Rb2AuLuCl6,r_B_avg,1.2555,0.0024444694017401
direct_000762,Rb2CuLuCl6,r_B_avg,0.9555,-0.0081370943722239
direct_000763,Rb2NaAlCl6,r_B_avg,0.9175,0.0003752864472158
direct_000764,Rb2NaAsBr6,r_B_avg,0.94,-0.0414067387919648
direct_000765,Rb2NaAsCl6,r_B_avg,0.94,-0.0414764468717165
direct_000766,Rb2NaBiBr6,r_B_avg,1.165,-0.0139422253683371
direct_000767,Rb2NaBiCl6,r_B_avg,1.165,-0.0134674655482258
direct_000768,Rb2NaBiI6,r_B_avg,1.165,-0.012624582538817
direct_000769,Rb2NaCeBr6,r_B_avg,1.1549999999999998,-0.0065050606883822
direct_000770,Rb2NaCeCl6,r_B_avg,1.1549999999999998,-0.007165678980208
direct_000771,Rb2NaCeI6,r_B_avg,1.1549999999999998,-0.0065420991091392
direct_000772,Rb2NaCrCl6,r_B_avg,1.2799999999999998,0.0084350361965072
direct_000773,Rb2NaDyCl6,r_B_avg,1.106,-0.0022318052978351
direct_000774,Rb2NaErCl6,r_B_avg,1.095,-0.003825491332484
direct_000775,Rb2NaGaBr6,r_B_avg,0.96,0.0006032375896567
direct_000776,Rb2NaGaCl6,r_B_avg,0.96,-0.0005430161169666
direct_000777,Rb2NaGdCl6,r_B_avg,1.1175,-0.0007957451733201
direct_000778,Rb2NaInBr6,r_B_avg,1.0499999999999998,-0.0009933159605435
direct_000779,Rb2NaInCl6,r_B_avg,1.0499999999999998,-0.0004854511029067
direct_000780,Rb2NaInI6,r_B_avg,1.0499999999999998,-0.0033540287022101
direct_000781,Rb2NaLaCl6,r_B_avg,1.166,0.0038362740760125
direct_000782,Rb2NaMoBr6,r_B_avg,0.995,0.0016395760464978
direct_000783,Rb2NaMoCl6,r_B_avg,0.995,-0.0049370350045378
direct_000784,Rb2NaMoI6,r_B_avg,0.995,0.0039440637243062
direct_000785,Rb2NaNdBr6,r_B_avg,1.1415,0.0001641389557864
direct_000786,Rb2NaNdCl6,r_B_avg,1.1415,-9.9382619983621e-05
direct_000787,Rb2NaNdI6,r_B_avg,1.1415,0.0024286037286145
direct_000788,Rb2NaPrBr6,r_B_avg,1.145,-9.101310931369642e-05
direct_000789,Rb2NaPrCl6,r_B_avg,1.145,-0.0003766682396925
direct_000790,Rb2NaPrI6,r_B_avg,1.145,0.0021368440672052
direct_000791,Rb2NaSbBr6,r_B_avg,1.03,-0.0339259108945078
direct_000792,Rb2NaSbCl6,r_B_avg,1.03,-0.0304186747534544
direct_000793,Rb2NaSbI6,r_B_avg,1.03,-0.0293380063699132
direct_000794,Rb2NaScBr6,r_B_avg,1.0225,-0.0167729050669509
direct_000795,Rb2NaScCl6,r_B_avg,1.0225,-0.0144276012690074
direct_000796,Rb2NaScI6,r_B_avg,1.0225,-0.0205086126279475
direct_000797,Rb2NaSmCl6,r_B_avg,1.129,-0.000387818541647
direct_000798,Rb2NaTbCl6,r_B_avg,1.1115,-0.0016626405745155
direct_000799,Rb2NaTlBr6,r_B_avg,1.0924999999999998,-0.0030919448336494
direct_000800,Rb2NaTlCl6,r_B_avg,1.0924999999999998,-0.0037954060526895
direct_000801,Rb2NaTmCl6,r_B_avg,1.09,-0.0042733748884057
direct_000802,Rb2NaYBr6,r_B_avg,1.1,-0.0014063089573698
direct_000803,Rb2NaYCl6,r_B_avg,1.1,-0.0020562430139401
direct_000804,Rb2NaYI6,r_B_avg,1.1,3.593715429248725e-05
direct_000805,Rb2AgNdBr6,r_B_avg,1.2065,6.895641699441657e-05
direct_000806,Rb2AgNdCl6,r_B_avg,1.2065,0.0002018370398144
direct_000807,Rb2AgNdI6,r_B_avg,1.2065,-0.0004412188314852
direct_000808,Rb2AuNdCl6,r_B_avg,1.3165,-0.001699011217147
direct_000809,Rb2CuNdBr6,r_B_avg,1.0165,-0.0092843526033511
direct_000810,Rb2CuNdCl6,r_B_avg,1.0165,-0.0088269944958217
direct_000811,Rb2CuNdI6,r_B_avg,1.0165,-0.0085772160347518
direct_000812,Rb2AgPrBr6,r_B_avg,1.21,0.0024851373829357
direct_000813,Rb2AgPrCl6,r_B_avg,1.21,0.0025524414153609
direct_000814,Rb2AgPrI6,r_B_avg,1.21,0.0014775099610953
direct_000815,Rb2AuPrCl6,r_B_avg,1.3199999999999998,-0.0027278955204295
direct_000816,Rb2CuPrBr6,r_B_avg,1.02,-0.0109544411031106
direct_000817,Rb2CuPrCl6,r_B_avg,1.02,-0.0104147702934316
direct_000818,Rb2CuPrI6,r_B_avg,1.02,-0.0107671739482507
direct_000819,Rb2AuSbCl6,r_B_avg,1.205,-0.0035126211849313
direct_000820,Rb2AgScBr6,r_B_avg,1.0875,-0.0215370110203467
direct_000821,Rb2AgScCl6,r_B_avg,1.0875,-0.0136530808269271
direct_000822,Rb2AgScI6,r_B_avg,1.0875,-0.0146757372989084
direct_000823,Rb2AuScBr6,r_B_avg,1.1975,-0.0098330478946878
direct_000824,Rb2AuScCl6,r_B_avg,1.1975,-0.0109198357461851
direct_000825,Rb2AuScI6,r_B_avg,1.1975,-0.0080948828104071
direct_000826,Rb2CuScCl6,r_B_avg,0.8975,-0.0020345503514178
direct_000827,Rb2InScBr6,r_B_avg,1.2175,0.0419015017871891
direct_000828,Rb2InScCl6,r_B_avg,1.2175,0.0400889343571886
direct_000829,Rb2InScI6,r_B_avg,1.2175,0.0350714638567175
direct_000830,Rb2TlScBr6,r_B_avg,1.2625,0.0351606949447625
direct_000831,Rb2TlScCl6,r_B_avg,1.2625,0.0312034187349239
direct_000832,Rb2TlScI6,r_B_avg,1.2625,0.0145035036397476
direct_000833,Rb2AgSmCl6,r_B_avg,1.194,-0.0007733526797391
direct_000834,Rb2AuSmCl6,r_B_avg,1.304,-0.0004343567591684
direct_000835,Rb2CuSmCl6,r_B_avg,1.004,-0.0083845070595894
direct_000836,Rb2AgTbCl6,r_B_avg,1.1765,-0.0003567260958116
direct_000837,Rb2AuTbCl6,r_B_avg,1.2865,-0.0005824335621127
direct_000838,Rb2CuTbCl6,r_B_avg,0.9865,-0.0070076830973249
direct_000839,Rb2TlAsBr6,r_B_avg,1.18,0.0151926641529928
direct_000840,Rb2TlAsCl6,r_B_avg,1.18,0.0154480174588595
direct_000841,Rb2TlAsI6,r_B_avg,1.18,0.0168789096758322
direct_000842,Rb2TlBiBr6,r_B_avg,1.4049999999999998,0.0812706379071933
direct_000843,Rb2TlGaBr6,r_B_avg,1.2,-0.0052696910456404
direct_000844,Rb2TlGaCl6,r_B_avg,1.2,-0.0059132790192064
direct_000845,Rb2TlGaI6,r_B_avg,1.2,-0.0042720363140071
direct_000846,Rb2TlInBr6,r_B_avg,1.29,-0.0162219626850142
direct_000847,Rb2TlInCl6,r_B_avg,1.29,-0.0138184147966072
direct_000848,Rb2TlInI6,r_B_avg,1.29,-0.0111040854807287
direct_000849,Rb2TlSbBr6,r_B_avg,1.27,0.0304745622180752
direct_000850,Rb2TlSbCl6,r_B_avg,1.27,0.0305074467035472
direct_000851,Rb2TlSbI6,r_B_avg,1.27,0.0247652956482207
direct_000852,Rb2AgTmCl6,r_B_avg,1.155,-0.0060990511607067
direct_000853,Rb2AuTmCl6,r_B_avg,1.265,0.0025006194413991
direct_000854,Rb2CuTmCl6,r_B_avg,0.965,-0.0083933571491916
direct_000855,Rb2AgYBr6,r_B_avg,1.165,-0.0069423360255858
direct_000856,Rb2AgYCl6,r_B_avg,1.165,-0.0068117907367244
direct_000857,Rb2AgYI6,r_B_avg,1.165,-0.0056017380667856
direct_000858,Rb2AuYBr6,r_B_avg,1.275,-0.0029539936391251
direct_000859,Rb2AuYCl6,r_B_avg,1.275,-0.003255720417214
direct_000860,Rb2AuYI6,r_B_avg,1.275,-0.0032725853879973
direct_000861,Rb2CuYBr6,r_B_avg,0.975,-0.008649798681057
direct_000862,Rb2CuYCl6,r_B_avg,0.975,-0.0092251314449657
direct_000863,Rb2CuYI6,r_B_avg,0.975,-0.0072916269409967
direct_000864,Rb2InYBr6,r_B_avg,1.295,0.0158429769065312
direct_000865,Rb2InYCl6,r_B_avg,1.295,0.0068570272011512
direct_000866,Rb2InYI6,r_B_avg,1.295,0.0114961807264621
direct_000867,Rb2TlYBr6,r_B_avg,1.34,-0.001205506448673
direct_000868,Rb2TlYCl6,r_B_avg,1.34,-0.0008675181314607
direct_000869,Rb2TlYI6,r_B_avg,1.34,0.0066464917848654
direct_000870,O2PSbCl6,r_B_avg,0.64,0.0088429977048832
direct_000871,S2NSbCl6,r_B_avg,0.515,0.0269949351181394
direct_000872,Cs2GeSnCl6,r_B_avg,1.16,0.0156683605157908
direct_000873,Cs2GeSnBr6,r_B_avg,1.16,0.0157697189363264
direct_000874,Rb2GeSnCl6,r_B_avg,1.16,0.0162033151264892
direct_000875,Rb2GeSnBr6,r_B_avg,1.16,0.0164246476871796
direct_000876,K2GeSnBr6,r_B_avg,1.16,0.0163324329966676
direct_000877,K2GeSnI6,r_B_avg,1.16,0.0149313685094268
direct_000878,Na2GeSnCl6,r_B_avg,1.16,0.0159394844500483
direct_000879,K2GeSnCl6,r_B_avg,1.16,0.0160089681092115
direct_000880,Li2GeSnCl6,r_B_avg,1.16,0.0159385542960314
direct_000881,Li2GeSnBr6,r_B_avg,1.16,0.0161225756658641
direct_000882,Li2GeSnI6,r_B_avg,1.16,0.0149807449813333
direct_000883,Rb2GeSnI6,r_B_avg,1.16,0.014662125241489
direct_000884,Cs2GeSnI6,r_B_avg,1.16,0.0148563806345378
direct_000001,Al2OSnCl6,octahedral_factor_mu,0.811377245508982,0.0039270417296755
direct_000002,S2NAlCl6,octahedral_factor_mu,0.3967065868263473,-0.0074500156169374
direct_000003,Cs2AgAsBr6,octahedral_factor_mu,0.5521978021978021,-0.018902851011944
direct_000004,Cs2AgAsCl6,octahedral_factor_mu,0.6017964071856287,-0.0109817907115901
direct_000005,Cs2AgAuCl6,octahedral_factor_mu,0.6826347305389222,0.008299264056964
direct_000006,Cs2AgBiBr6,octahedral_factor_mu,0.6758241758241758,0.0041420769435655
direct_000007,Cs2AgBiCl6,octahedral_factor_mu,0.7365269461077845,0.006885144982687
direct_000008,Cs2AgBiI6,octahedral_factor_mu,0.5970873786407767,-0.0062556086193293
direct_000009,Cs2AgMoBr6,octahedral_factor_mu,0.5824175824175825,-0.0029903039165494
direct_000010,Cs2AgMoCl6,octahedral_factor_mu,0.6347305389221557,0.0091881600015594
direct_000011,Cs2AgSbBr6,octahedral_factor_mu,0.6016483516483516,-0.0083196007717245
direct_000012,Cs2AgSbCl6,octahedral_factor_mu,0.655688622754491,0.0003209733487546
direct_000013,Cs2AgSbI6,octahedral_factor_mu,0.5315533980582524,-0.0140715054927824
direct_000014,Cs2AgAlBr6,octahedral_factor_mu,0.5398351648351648,-0.009037474467652
direct_000015,Cs2AgAlCl6,octahedral_factor_mu,0.5883233532934132,0.0009071442498107
direct_000016,Cs2AlAuCl6,octahedral_factor_mu,0.6706586826347306,0.0113600893200635
direct_000017,Cs2CuAlCl6,octahedral_factor_mu,0.4745508982035928,-0.0010235494464048
direct_000018,Cs2InAlBr6,octahedral_factor_mu,0.6112637362637363,-0.004305432628508
direct_000019,Cs2InAlCl6,octahedral_factor_mu,0.6661676646706587,0.00343948677984
direct_000020,Cs2InAlI6,octahedral_factor_mu,0.5400485436893204,-0.0160339844283525
direct_000021,Cs2TlAlBr6,octahedral_factor_mu,0.635989010989011,0.0032713660550181
direct_000022,Cs2TlAlCl6,octahedral_factor_mu,0.6931137724550899,0.0057573609528835
direct_000023,Cs2TlAlI6,octahedral_factor_mu,0.5618932038834952,-0.0132840313605302
direct_000024,Cs2AsAuCl6,octahedral_factor_mu,0.6407185628742514,0.0013761079681059
direct_000025,Cs2BrAsCl6,octahedral_factor_mu,0.7245508982035929,0.0049836735768483
direct_000026,Cs2BiAuBr6,octahedral_factor_mu,0.7115384615384615,0.0052932018541361
direct_000027,Cs2BiAuCl6,octahedral_factor_mu,0.7754491017964071,0.0015735536417251
direct_000028,Cs2FBrCl6,octahedral_factor_mu,0.4910179640718562,0.0028641653816867
direct_000029,Cs2CaSnCl6,octahedral_factor_mu,0.7754491017964071,0.0061419180326366
direct_000030,Cs2AgCeBr6,octahedral_factor_mu,0.6703296703296703,0.005082426685947
direct_000031,Cs2AgCeCl6,octahedral_factor_mu,0.7305389221556886,0.0070177906957669
direct_000032,Cs2AgCeI6,octahedral_factor_mu,0.5922330097087378,-0.0064337897389046
direct_000033,Cs2CuCeCl6,octahedral_factor_mu,0.6167664670658684,-0.0013433085921565
direct_000034,Cs2CuCeI6,octahedral_factor_mu,0.5,-0.0118965037650859
direct_000035,Cs2CuAsCl6,octahedral_factor_mu,0.4880239520958083,-0.0154105172619303
direct_000036,Cs2CuBiBr6,octahedral_factor_mu,0.5714285714285714,-0.0086126480097609
direct_000037,Cs2CuBiCl6,octahedral_factor_mu,0.6227544910179641,-0.0002461207329631
direct_000038,Cs2CuBiI6,octahedral_factor_mu,0.5048543689320388,-0.0112087861163014
direct_000039,Cs2CuMoBr6,octahedral_factor_mu,0.478021978021978,-0.0007760989237177
direct_000040,Cs2CuMoCl6,octahedral_factor_mu,0.5209580838323353,-0.0089205248989492
direct_000041,Cs2CuMoI6,octahedral_factor_mu,0.4223300970873786,-0.0213197738133571
direct_000042,Cs2CuSbBr6,octahedral_factor_mu,0.4972527472527472,-0.0123841364215939
direct_000043,Cs2CuSbCl6,octahedral_factor_mu,0.5419161676646707,-0.0123786528273476
direct_000044,Cs2CuSbI6,octahedral_factor_mu,0.4393203883495146,-0.0082221403750674
direct_000045,Cs2AuDyCl6,octahedral_factor_mu,0.7670658682634731,0.0040129571391925
direct_000046,Cs2CuDyCl6,octahedral_factor_mu,0.5874251497005989,-0.0061736722892357
direct_000047,Cs2AuErCl6,octahedral_factor_mu,0.7604790419161677,0.005188399138568
direct_000048,Cs2CuErCl6,octahedral_factor_mu,0.5808383233532934,-0.0074954362025477
direct_000049,Cs2AgGaBr6,octahedral_factor_mu,0.5631868131868131,-0.0171860962854989
direct_000050,Cs2AgGaCl6,octahedral_factor_mu,0.6137724550898204,0.0093204607846955
direct_000051,Cs2AuGdCl6,octahedral_factor_mu,0.7739520958083833,0.0017464003294142
direct_000052,Cs2HgPdCl6,octahedral_factor_mu,0.6467065868263474,0.0038315193518406
direct_000053,Cs2IBrCl6,octahedral_factor_mu,0.751497005988024,0.0072582476702582
direct_000054,Cs2FICl6,octahedral_factor_mu,0.6826347305389222,0.0086396603472087
direct_000055,Cs2AgInBr6,octahedral_factor_mu,0.6126373626373626,0.0084314312372539
direct_000056,Cs2AgInCl6,octahedral_factor_mu,0.6676646706586826,0.0155367043686222
direct_000057,Cs2InAsBr6,octahedral_factor_mu,0.6236263736263736,0.0155485153085682
direct_000058,Cs2InAsCl6,octahedral_factor_mu,0.6796407185628743,0.013165605086564
direct_000059,Cs2InAsI6,octahedral_factor_mu,0.5509708737864077,-0.0160701858115825
direct_000060,Cs2InBiBr6,octahedral_factor_mu,0.7472527472527472,0.0192601583581605
direct_000061,Cs2InBiCl6,octahedral_factor_mu,0.8143712574850299,0.0151282892386358
direct_000062,Cs2InBiI6,octahedral_factor_mu,0.6601941747572815,0.0081424327867407
direct_000063,Cs2InGaBr6,octahedral_factor_mu,0.6346153846153846,0.0036576028616676
direct_000064,Cs2InGaCl6,octahedral_factor_mu,0.6916167664670659,0.006529190763345
direct_000065,Cs2InGaI6,octahedral_factor_mu,0.5606796116504854,-0.0143649481157148
direct_000066,Cs2InSbBr6,octahedral_factor_mu,0.6730769230769231,0.0226271433379006
direct_000067,Cs2InSbCl6,octahedral_factor_mu,0.7335329341317366,0.0255354608483291
direct_000068,Cs2InSbI6,octahedral_factor_mu,0.5946601941747574,-0.0291272600323357
direct_000069,Cs2KAlBr6,octahedral_factor_mu,0.6030219780219781,-0.0014840032816462
direct_000070,Cs2KAlCl6,octahedral_factor_mu,0.6571856287425151,0.0061487377665951
direct_000071,Cs2KAlI6,octahedral_factor_mu,0.5327669902912622,-0.0115883389406615
direct_000072,Cs2KAsBr6,octahedral_factor_mu,0.6153846153846154,0.0377239500665005
direct_000073,Cs2KAsCl6,octahedral_factor_mu,0.6706586826347306,0.0465412548843615
direct_000074,Cs2KAsI6,octahedral_factor_mu,0.5436893203883496,-0.0701394659791075
direct_000075,Cs2KAuCl6,octahedral_factor_mu,0.7514970059880239,0.0105201887138649
direct_000076,Cs2KBiBr6,octahedral_factor_mu,0.7390109890109889,0.0255439512472411
direct_000077,Cs2KBiCl6,octahedral_factor_mu,0.8053892215568862,0.0209011623737128
direct_000078,Cs2KBiI6,octahedral_factor_mu,0.6529126213592232,0.0003028712384827
direct_000079,Cs2KCeBr6,octahedral_factor_mu,0.7335164835164835,0.00569159206249
direct_000080,Cs2KCeCl6,octahedral_factor_mu,0.7994011976047904,0.0035970638403276
direct_000081,Cs2KCeI6,octahedral_factor_mu,0.6480582524271844,-0.0018920645714756
direct_000082,Cs2KCrCl6,octahedral_factor_mu,0.874251497005988,-0.0086076375954001
direct_000083,Cs2KDyCl6,octahedral_factor_mu,0.770059880239521,0.0057591275463371
direct_000084,Cs2KGaBr6,octahedral_factor_mu,0.6263736263736264,0.0072690110883978
direct_000085,Cs2KGaCl6,octahedral_factor_mu,0.6826347305389222,0.0088331932345802
direct_000086,Cs2KGaI6,octahedral_factor_mu,0.5533980582524273,-0.0071364016664842
direct_000087,Cs2KHoCl6,octahedral_factor_mu,0.7667664670658683,0.0062909871640319
direct_000088,Cs2KInBr6,octahedral_factor_mu,0.6758241758241758,0.0093292681096801
direct_000089,Cs2KInCl6,octahedral_factor_mu,0.7365269461077845,0.0095396933625103
direct_000090,Cs2KInI6,octahedral_factor_mu,0.5970873786407767,-0.0027065958741768
direct_000091,Cs2KLaCl6,octahedral_factor_mu,0.8059880239520959,0.0040847732944467
direct_000092,Cs2KLuCl6,octahedral_factor_mu,0.7547904191616767,0.008408366248753
direct_000093,Cs2KMoBr6,octahedral_factor_mu,0.6456043956043956,0.0220039745244025
direct_000094,Cs2KMoCl6,octahedral_factor_mu,0.7035928143712575,0.0241804416294229
direct_000095,Cs2KMoI6,octahedral_factor_mu,0.5703883495145631,-0.0177866774162849
direct_000096,Cs2KNdBr6,octahedral_factor_mu,0.7260989010989011,0.0066615015562201
direct_000097,Cs2KNdCl6,octahedral_factor_mu,0.7913173652694611,0.0015301122360569
direct_000098,Cs2KNdI6,octahedral_factor_mu,0.641504854368932,0.0040516516155699
direct_000099,Cs2KPrBr6,octahedral_factor_mu,0.728021978021978,0.0067624987716306
direct_000100,Cs2KPrCl6,octahedral_factor_mu,0.7934131736526946,0.0013623432041815
direct_000101,Cs2KPrI6,octahedral_factor_mu,0.6432038834951456,0.004941760520974
direct_000102,Cs2KSbBr6,octahedral_factor_mu,0.6648351648351648,0.0189948841727725
direct_000103,Cs2KSbCl6,octahedral_factor_mu,0.7245508982035929,0.0214361763633376
direct_000104,Cs2KSbI6,octahedral_factor_mu,0.587378640776699,-0.0276441680538106
direct_000105,Cs2KScBr6,octahedral_factor_mu,0.6607142857142858,0.0029764797233373
direct_000106,Cs2KScCl6,octahedral_factor_mu,0.720059880239521,0.0055994722617762
direct_000107,Cs2KScI6,octahedral_factor_mu,0.5837378640776699,-0.0126548941302488
direct_000108,Cs2KSmCl6,octahedral_factor_mu,0.7838323353293415,0.0034484030299422
direct_000109,Cs2KTbCl6,octahedral_factor_mu,0.7733532934131737,0.0036174758628258
direct_000110,Cs2KTlBr6,octahedral_factor_mu,0.6991758241758241,0.0081330324676766
direct_000111,Cs2KTlCl6,octahedral_factor_mu,0.7619760479041916,0.0085302338328315
direct_000112,Cs2KTlI6,octahedral_factor_mu,0.6177184466019418,0.0025887013090234
direct_000113,Cs2KYBr6,octahedral_factor_mu,0.7032967032967032,0.007059796321897
direct_000114,Cs2KYCl6,octahedral_factor_mu,0.7664670658682635,0.0062360981828833
direct_000115,Cs2KYI6,octahedral_factor_mu,0.6213592233009708,-0.0091655287026992
direct_000116,Cs2AgLaCl6,octahedral_factor_mu,0.737125748502994,0.0069682338487403
direct_000117,Cs2AuLaCl6,octahedral_factor_mu,0.8029940119760479,0.0013445478226132
direct_000118,Cs2CuLaCl6,octahedral_factor_mu,0.6233532934131736,0.0006001864376678
direct_000119,Cs2LiBiBr6,octahedral_factor_mu,0.5686813186813187,-0.0144262363368657
direct_000120,Cs2LiBiCl6,octahedral_factor_mu,0.6197604790419161,-0.0052329487762533
direct_000121,Cs2LiBiI6,octahedral_factor_mu,0.5024271844660194,-0.0196628341049427
direct_000122,Cs2LiCeBr6,octahedral_factor_mu,0.5631868131868131,-0.014193084521028
direct_000123,Cs2LiCeI6,octahedral_factor_mu,0.4975728155339805,-0.0167625292107692
direct_000124,Cs2LiDyCl6,octahedral_factor_mu,0.5844311377245509,-0.0045845270506363
direct_000125,Cs2LiErCl6,octahedral_factor_mu,0.5778443113772456,-0.0053065752025645
direct_000126,Cs2LiGdCl6,octahedral_factor_mu,0.5913173652694611,-0.0040745793227613
direct_000127,Cs2LiInBr6,octahedral_factor_mu,0.5054945054945055,-0.0095210899799545
direct_000128,Cs2LiInCl6,octahedral_factor_mu,0.5508982035928144,-0.0040863587943987
direct_000129,Cs2LiLaBr6,octahedral_factor_mu,0.5692307692307692,-0.0079788906065293
direct_000130,Cs2LiLaCl6,octahedral_factor_mu,0.6203592814371258,0.0017587827677517
direct_000131,Cs2LiLuCl6,octahedral_factor_mu,0.5691616766467066,-0.0046411867747604
direct_000132,Cs2LiMoBr6,octahedral_factor_mu,0.4752747252747252,0.0142327771183778
direct_000133,Cs2LiMoCl6,octahedral_factor_mu,0.5179640718562875,-0.0239888522798757
direct_000134,Cs2LiMoI6,octahedral_factor_mu,0.4199029126213592,0.0061491227239209
direct_000135,Cs2LiNdBr6,octahedral_factor_mu,0.5557692307692308,-0.005497120447964
direct_000136,Cs2LiNdCl6,octahedral_factor_mu,0.6056886227544911,-0.0023923532179659
direct_000137,Cs2LiNdI6,octahedral_factor_mu,0.4910194174757282,0.0006335804189349
direct_000138,Cs2LiPrBr6,octahedral_factor_mu,0.5576923076923076,-0.0063051261089288
direct_000139,Cs2LiPrCl6,octahedral_factor_mu,0.6077844311377245,-0.0020165744918597
direct_000140,Cs2LiPrI6,octahedral_factor_mu,0.4927184466019417,0.0005569616926976
direct_000141,Cs2LiSbBr6,octahedral_factor_mu,0.4945054945054945,-0.0183233676956431
direct_000142,Cs2LiSbCl6,octahedral_factor_mu,0.5389221556886228,-0.0184590932481149
direct_000143,Cs2LiSbI6,octahedral_factor_mu,0.4368932038834951,-0.0093730917414575
direct_000144,Cs2LiScCl6,octahedral_factor_mu,0.534431137724551,-0.0050850709709208
direct_000145,Cs2LiSmCl6,octahedral_factor_mu,0.5982035928143713,-0.0032885009864961
direct_000146,Cs2LiTbCl6,octahedral_factor_mu,0.5877245508982036,-0.0041853790111186
direct_000147,Cs2LiTlBr6,octahedral_factor_mu,0.5288461538461537,-0.0105762939689662
direct_000148,Cs2LiTlCl6,octahedral_factor_mu,0.5763473053892215,-0.0038470492093502
direct_000149,Cs2LiTmCl6,octahedral_factor_mu,0.5748502994011976,-0.0053458882584925
direct_000150,Cs2LiYBr6,octahedral_factor_mu,0.532967032967033,-0.0084636557708956
direct_000151,Cs2LiYCl6,octahedral_factor_mu,0.5808383233532934,-0.0056699327863757
direct_000152,Cs2LiYI6,octahedral_factor_mu,0.4708737864077669,-0.0060827371629793
direct_000153,Cs2AgLuCl6,octahedral_factor_mu,0.6859281437125748,0.0048886179818297
direct_000154,Cs2NaAlCl6,octahedral_factor_mu,0.5494011976047904,-0.0053691717075407
direct_000155,Cs2NaAsBr6,octahedral_factor_mu,0.5164835164835164,-0.0574991946621653
direct_000156,Cs2NaAsCl6,octahedral_factor_mu,0.562874251497006,-0.0477259780809299
direct_000157,Cs2NaBiBr6,octahedral_factor_mu,0.6401098901098901,-0.0028706653611804
direct_000158,Cs2NaBiCl6,octahedral_factor_mu,0.6976047904191617,0.0047190384611294
direct_000159,Cs2NaBiI6,octahedral_factor_mu,0.5655339805825242,-0.0154897721198733
direct_000160,Cs2NaCeCl6,octahedral_factor_mu,0.6916167664670658,-0.0006028729180035
direct_000161,Cs2NaCeI6,octahedral_factor_mu,0.5606796116504853,-0.0124726027606041
direct_000162,Cs2NaCrCl6,octahedral_factor_mu,0.7664670658682634,0.0094532666961623
direct_000163,Cs2NaDyCl6,octahedral_factor_mu,0.6622754491017964,0.0038233114522775
direct_000164,Cs2NaErCl6,octahedral_factor_mu,0.655688622754491,0.003241831586248
direct_000165,Cs2NaGaBr6,octahedral_factor_mu,0.5274725274725275,-0.0126828862154827
direct_000166,Cs2NaGaCl6,octahedral_factor_mu,0.5748502994011976,-0.0054952223256846
direct_000167,Cs2NaGdCl6,octahedral_factor_mu,0.6691616766467066,0.004680071116603
direct_000168,Cs2NaHoCl6,octahedral_factor_mu,0.6589820359281436,0.0036423322400685
direct_000169,Cs2NaInBr6,octahedral_factor_mu,0.5769230769230768,-0.0048912227825691
direct_000170,Cs2NaInCl6,octahedral_factor_mu,0.6287425149700598,0.0035860427464209
direct_000171,Cs2NaInI6,octahedral_factor_mu,0.5097087378640776,-0.0150126999541141
direct_000172,Cs2NaLaBr6,octahedral_factor_mu,0.6406593406593406,0.0031043328808233
direct_000173,Cs2NaLaCl6,octahedral_factor_mu,0.6982035928143713,0.0059792937047964
direct_000174,Cs2NaLuCl6,octahedral_factor_mu,0.647005988023952,0.0041692160493517
direct_000175,Cs2NaMoBr6,octahedral_factor_mu,0.5467032967032966,-0.0133901452976861
direct_000176,Cs2NaMoCl6,octahedral_factor_mu,0.5958083832335329,-0.0074067789569218
direct_000177,Cs2NaMoI6,octahedral_factor_mu,0.483009708737864,-0.0028019978175752
direct_000178,Cs2NaNdBr6,octahedral_factor_mu,0.6271978021978022,0.0015233717102118
direct_000179,Cs2NaNdCl6,octahedral_factor_mu,0.6835329341317365,0.004303946279984
direct_000180,Cs2NaPrBr6,octahedral_factor_mu,0.6291208791208791,0.0015086632059353
direct_000181,Cs2NaPrCl6,octahedral_factor_mu,0.6856287425149701,0.004297263685121
direct_000182,Cs2NaPrI6,octahedral_factor_mu,0.5558252427184466,-0.0040767855182299
direct_000183,Cs2NaSbBr6,octahedral_factor_mu,0.5659340659340659,-0.0200089433956415
direct_000184,Cs2NaSbCl6,octahedral_factor_mu,0.6167664670658684,-0.0061260088968189
direct_000185,Cs2NaSbI6,octahedral_factor_mu,0.5,-0.0244520490175644
direct_000186,Cs2NaScBr6,octahedral_factor_mu,0.5618131868131868,-0.0102375434365614
direct_000187,Cs2NaScCl6,octahedral_factor_mu,0.6122754491017964,-0.0029502199338821
direct_000188,Cs2NaScI6,octahedral_factor_mu,0.4963592233009708,-0.0164341460921166
direct_000189,Cs2NaSmCl6,octahedral_factor_mu,0.6760479041916168,0.0048213429334514
direct_000190,Cs2NaTbCl6,octahedral_factor_mu,0.6655688622754491,0.0038778997261653
direct_000191,Cs2NaTlBr6,octahedral_factor_mu,0.6002747252747251,-0.0019268573768872
direct_000192,Cs2NaTlCl6,octahedral_factor_mu,0.654191616766467,0.0052611635532494
direct_000193,Cs2NaTlI6,octahedral_factor_mu,0.5303398058252426,-0.0304126033065491
direct_000194,Cs2NaTmCl6,octahedral_factor_mu,0.652694610778443,0.0033089568505218
direct_000195,Cs2NaUBr6,octahedral_factor_mu,0.6387362637362638,-0.0010210409383911
direct_000196,Cs2NaUCl6,octahedral_factor_mu,0.6961077844311379,-0.0020361996418666
direct_000197,Cs2NaYBr6,octahedral_factor_mu,0.6043956043956045,-0.0032069703074125
direct_000198,Cs2NaYCl6,octahedral_factor_mu,0.658682634730539,0.0040511481354137
direct_000199,Cs2NaYI6,octahedral_factor_mu,0.5339805825242718,-0.0070639640271652
direct_000200,Cs2AgNdBr6,octahedral_factor_mu,0.662912087912088,0.0044007286926979
direct_000201,Cs2AgNdCl6,octahedral_factor_mu,0.7224550898203594,0.0064115621649299
direct_000202,Cs2AgNdI6,octahedral_factor_mu,0.5856796116504854,-0.0060480884619008
direct_000203,Cs2AuNdCl6,octahedral_factor_mu,0.7883233532934132,0.001229022240201
direct_000204,Cs2CuNdBr6,octahedral_factor_mu,0.5585164835164834,-0.0087906901497288
direct_000205,Cs2CuNdI6,octahedral_factor_mu,0.4934466019417475,-0.009644057924649
direct_000206,Cs2AgPrCl6,octahedral_factor_mu,0.7245508982035929,0.0066384312943731
direct_000207,Cs2AgPrI6,octahedral_factor_mu,0.587378640776699,-0.0062976161208199
direct_000208,Cs2AuPrCl6,octahedral_factor_mu,0.7904191616766466,0.0008543650664868
direct_000209,Cs2CuPrBr6,octahedral_factor_mu,0.5604395604395604,-0.0095392260223203
direct_000210,Cs2CuPrCl6,octahedral_factor_mu,0.6107784431137725,-0.0028207253512262
direct_000211,Cs2CuPrI6,octahedral_factor_mu,0.4951456310679611,-0.0108762868621303
direct_000212,Cs2RbAlBr6,octahedral_factor_mu,0.6414835164835164,0.0060823578579685
direct_000213,Cs2RbAlCl6,octahedral_factor_mu,0.6991017964071856,0.0076660331878744
direct_000214,Cs2RbAlI6,octahedral_factor_mu,0.566747572815534,-0.0069458209406774
direct_000215,Cs2RbAsBr6,octahedral_factor_mu,0.6538461538461537,0.0447751414414951
direct_000216,Cs2RbAsCl6,octahedral_factor_mu,0.7125748502994012,0.0437194447294159
direct_000217,Cs2RbAsI6,octahedral_factor_mu,0.5776699029126213,-0.0433317359444735
direct_000218,Cs2RbAuCl6,octahedral_factor_mu,0.7934131736526946,-0.0078843358943955
direct_000219,Cs2RbBiBr6,octahedral_factor_mu,0.7774725274725275,0.029378597234605
direct_000220,Cs2RbBiCl6,octahedral_factor_mu,0.847305389221557,-0.0004030156485434
direct_000221,Cs2RbBiI6,octahedral_factor_mu,0.6868932038834952,-0.0035491277435422
direct_000222,Cs2RbCeCl6,octahedral_factor_mu,0.841317365269461,0.0047726961400919
direct_000223,Cs2RbDyCl6,octahedral_factor_mu,0.8119760479041915,0.0009111314758401
direct_000224,Cs2RbErCl6,octahedral_factor_mu,0.8053892215568862,0.0003991384697539
direct_000225,Cs2RbGaBr6,octahedral_factor_mu,0.6648351648351648,0.0103906069488413
direct_000226,Cs2RbGaCl6,octahedral_factor_mu,0.7245508982035929,0.0101469718381577
direct_000227,Cs2RbGaI6,octahedral_factor_mu,0.587378640776699,-0.0065013809536586
direct_000228,Cs2RbGdCl6,octahedral_factor_mu,0.8188622754491018,0.0002896132784403
direct_000229,Cs2RbInBr6,octahedral_factor_mu,0.7142857142857142,0.0111371958796828
direct_000230,Cs2RbInCl6,octahedral_factor_mu,0.778443113772455,0.0029397956576762
direct_000231,Cs2RbInI6,octahedral_factor_mu,0.6310679611650485,0.0039780488744763
direct_000232,Cs2RbLaCl6,octahedral_factor_mu,0.8479041916167664,0.0007453491963105
direct_000233,Cs2RbLuCl6,octahedral_factor_mu,0.7967065868263472,-0.0225946933406553
direct_000234,Cs2RbNdCl6,octahedral_factor_mu,0.8332335329341317,7.940805233039534e-05
direct_000235,Cs2RbPrCl6,octahedral_factor_mu,0.8353293413173654,8.404894378520612e-05
direct_000236,Cs2RbSbBr6,octahedral_factor_mu,0.7032967032967032,0.0218138530096176
direct_000237,Cs2RbSbCl6,octahedral_factor_mu,0.7664670658682635,0.0181960614462067
direct_000238,Cs2RbSbI6,octahedral_factor_mu,0.6213592233009708,0.0083499997126032
direct_000239,Cs2RbScBr6,octahedral_factor_mu,0.6991758241758241,0.0060897775546422
direct_000240,Cs2RbScCl6,octahedral_factor_mu,0.7619760479041916,0.0059063464880962
direct_000241,Cs2RbScI6,octahedral_factor_mu,0.6177184466019418,-0.0018394458341385
direct_000242,Cs2RbSmCl6,octahedral_factor_mu,0.825748502994012,0.0003256338126407
direct_000243,Cs2RbTbCl6,octahedral_factor_mu,0.8152694610778443,0.0003670127558176
direct_000244,Cs2RbTlBr6,octahedral_factor_mu,0.7376373626373625,0.0098407911413317
direct_000245,Cs2RbTlCl6,octahedral_factor_mu,0.8038922155688621,-0.0083913701064399
direct_000246,Cs2RbTlI6,octahedral_factor_mu,0.6516990291262135,0.008049954158075
direct_000247,Cs2RbTmCl6,octahedral_factor_mu,0.8023952095808383,-0.0004962628680054
direct_000248,Cs2RbYBr6,octahedral_factor_mu,0.7417582417582418,0.0106597209773405
direct_000249,Cs2RbYCl6,octahedral_factor_mu,0.8083832335329342,-0.0009034045912876
direct_000250,Cs2RbYI6,octahedral_factor_mu,0.6553398058252428,0.0005005561094867
direct_000251,Cs2AuSbBr6,octahedral_factor_mu,0.6620879120879121,0.0045486346469649
direct_000252,Cs2AuSbCl6,octahedral_factor_mu,0.721556886227545,0.0058974115111911
direct_000253,Cs2AgScBr6,octahedral_factor_mu,0.5975274725274724,-0.0165185150512623
direct_000254,Cs2AgScCl6,octahedral_factor_mu,0.6511976047904191,0.0173797752883371
direct_000255,Cs2AgScI6,octahedral_factor_mu,0.5279126213592232,-0.0220091039171292
direct_000256,Cs2AuScBr6,octahedral_factor_mu,0.657967032967033,0.0049287134335858
direct_000257,Cs2AuScCl6,octahedral_factor_mu,0.7170658682634731,0.0075409616650512
direct_000258,Cs2AuScI6,octahedral_factor_mu,0.5813106796116505,-0.0075489992356817
direct_000259,Cs2CuScCl6,octahedral_factor_mu,0.5374251497005988,-0.0194480917669857
direct_000260,Cs2InScBr6,octahedral_factor_mu,0.6689560439560439,0.0232756405156192
direct_000261,Cs2InScCl6,octahedral_factor_mu,0.7290419161676647,0.0271400792033168
direct_000262,Cs2InScI6,octahedral_factor_mu,0.5910194174757282,-0.0137946268249484
direct_000263,Cs2TlScBr6,octahedral_factor_mu,0.6936813186813187,0.030876289683512
direct_000264,Cs2TlScCl6,octahedral_factor_mu,0.7559880239520959,0.0279367359612702
direct_000265,Cs2TlScI6,octahedral_factor_mu,0.6128640776699029,-0.0268368620628649
direct_000266,Cs2AuSmCl6,octahedral_factor_mu,0.7808383233532935,0.0018241086809149
direct_000267,Cs2CuSmCl6,octahedral_factor_mu,0.6011976047904192,-0.0047965469440179
direct_000268,Cs2AuTbCl6,octahedral_factor_mu,0.7703592814371257,0.0034211722055069
direct_000269,Cs2CuTbCl6,octahedral_factor_mu,0.5907185628742515,-0.0053626081491683
direct_000270,Cs2TlAsBr6,octahedral_factor_mu,0.6483516483516483,0.0157107690116616
direct_000271,Cs2TlAsCl6,octahedral_factor_mu,0.7065868263473054,0.0170211133340377
direct_000272,Cs2TlAsI6,octahedral_factor_mu,0.5728155339805825,-0.0112750601318555
direct_000273,Cs2TlBiBr6,octahedral_factor_mu,0.7719780219780218,0.0129658158103094
direct_000274,Cs2TlBiCl6,octahedral_factor_mu,0.841317365269461,0.0078555883500552
direct_000275,Cs2TlBiI6,octahedral_factor_mu,0.6820388349514562,0.0089864235838581
direct_000276,Cs2TlGaBr6,octahedral_factor_mu,0.6593406593406593,0.0058892497266277
direct_000277,Cs2TlGaCl6,octahedral_factor_mu,0.718562874251497,0.0084259308711227
direct_000278,Cs2TlGaI6,octahedral_factor_mu,0.5825242718446602,-0.0120547307563574
direct_000279,Cs2TlInBr6,octahedral_factor_mu,0.7087912087912088,0.0080230693135985
direct_000280,Cs2TlInCl6,octahedral_factor_mu,0.7724550898203594,0.0007548832659652
direct_000281,Cs2TlInI6,octahedral_factor_mu,0.6262135922330098,0.0006965953317685
direct_000282,Cs2TlSbBr6,octahedral_factor_mu,0.6978021978021978,0.0197854265372924
direct_000283,Cs2TlSbCl6,octahedral_factor_mu,0.7604790419161677,0.0200978251692784
direct_000284,Cs2TlSbI6,octahedral_factor_mu,0.616504854368932,0.0041711560888815
direct_000285,Cs2CuTmCl6,octahedral_factor_mu,0.5778443113772456,-0.0077426936258978
direct_000286,Cs2AgYBr6,octahedral_factor_mu,0.6401098901098901,0.002824153177544
direct_000287,Cs2AgYCl6,octahedral_factor_mu,0.6976047904191617,0.0076156338016851
direct_000288,Cs2AgYI6,octahedral_factor_mu,0.5655339805825242,-0.0091637595376106
direct_000289,Cs2AuYBr6,octahedral_factor_mu,0.7005494505494505,0.006422679713836
direct_000290,Cs2AuYCl6,octahedral_factor_mu,0.7634730538922155,0.0054506287651038
direct_000291,Cs2AuYI6,octahedral_factor_mu,0.6189320388349514,0.001504898001852
direct_000292,Cs2CuYBr6,octahedral_factor_mu,0.5357142857142857,-0.0127350503572318
direct_000293,Cs2CuYCl6,octahedral_factor_mu,0.5838323353293414,-0.008545350256392
direct_000294,Cs2CuYI6,octahedral_factor_mu,0.4733009708737864,-0.0057768927915791
direct_000295,Cs2InYBr6,octahedral_factor_mu,0.7115384615384615,0.0227840034515575
direct_000296,Cs2InYCl6,octahedral_factor_mu,0.7754491017964071,-0.0155200346971252
direct_000297,Cs2InYI6,octahedral_factor_mu,0.6286407766990291,0.0008753273157818
direct_000298,Cs2TlYBr6,octahedral_factor_mu,0.7362637362637362,0.0109215229857408
direct_000299,Cs2TlYCl6,octahedral_factor_mu,0.8023952095808383,0.001323489791937
direct_000300,Cs2TlYI6,octahedral_factor_mu,0.6504854368932038,0.0087131247463249
direct_000301,K2CsAlBr6,octahedral_factor_mu,0.6826923076923077,0.0073402403705298
direct_000302,K2CsAlCl6,octahedral_factor_mu,0.7440119760479044,0.0082021301977663
direct_000303,K2CsAlI6,octahedral_factor_mu,0.6031553398058253,-0.0034320844266336
direct_000304,K2CsAsBr6,octahedral_factor_mu,0.6950549450549451,0.0437747080493565
direct_000305,K2CsAsCl6,octahedral_factor_mu,0.7574850299401199,0.0389284667713548
direct_000306,K2CsBiCl6,octahedral_factor_mu,0.8922155688622755,-0.0399485464086371
direct_000307,K2CsGaCl6,octahedral_factor_mu,0.7694610778443115,0.0075746935612477
direct_000308,K2CsInCl6,octahedral_factor_mu,0.8233532934131736,-0.013343116372796
direct_000309,K2CsSbCl6,octahedral_factor_mu,0.811377245508982,-0.0441003678827017
direct_000310,K2CsScCl6,octahedral_factor_mu,0.8068862275449104,-0.0077732460373543
direct_000311,Mn2CsRbCl6,octahedral_factor_mu,1.0389221556886228,-0.0059798256636193
direct_000312,Rb2CsAlBr6,octahedral_factor_mu,0.6826923076923077,0.0073303443809682
direct_000313,Rb2CsAlCl6,octahedral_factor_mu,0.7440119760479044,0.0080348347067614
direct_000314,Rb2CsAlI6,octahedral_factor_mu,0.6031553398058253,-0.0037228881485301
direct_000315,Rb2CsAsBr6,octahedral_factor_mu,0.6950549450549451,0.0437649243017291
direct_000316,Rb2CsAsCl6,octahedral_factor_mu,0.7574850299401199,0.038937128629937
direct_000317,Rb2CsAsI6,octahedral_factor_mu,0.6140776699029127,-0.0173402125545255
direct_000318,Rb2CsAuCl6,octahedral_factor_mu,0.8383233532934131,-0.0107948010721829
direct_000319,Rb2CsDyCl6,octahedral_factor_mu,0.8568862275449103,-0.001409455312371
direct_000320,Rb2CsErCl6,octahedral_factor_mu,0.8502994011976048,-0.0011198161416748
direct_000321,Rb2CsGaBr6,octahedral_factor_mu,0.7060439560439561,0.0114867324352598
direct_000322,Rb2CsGaCl6,octahedral_factor_mu,0.7694610778443115,0.0072539140668172
direct_000323,Rb2CsGaI6,octahedral_factor_mu,0.6237864077669903,0.0049740123180287
direct_000324,Rb2CsGdCl6,octahedral_factor_mu,0.8637724550898204,-0.0019902074095864
direct_000325,Rb2CsInBr6,octahedral_factor_mu,0.7554945054945055,0.0100402387110101
direct_000326,Rb2CsInCl6,octahedral_factor_mu,0.8233532934131736,-0.0133226092561241
direct_000327,Rb2CsLuCl6,octahedral_factor_mu,0.8416167664670658,-0.0062459452269472
direct_000328,Rb2CsSbCl6,octahedral_factor_mu,0.811377245508982,-0.0441023737211286
direct_000329,Rb2CsScBr6,octahedral_factor_mu,0.7403846153846154,0.0071593472719443
direct_000330,Rb2CsScCl6,octahedral_factor_mu,0.8068862275449104,-0.0078677403917166
direct_000331,Rb2CsTbCl6,octahedral_factor_mu,0.860179640718563,-0.0023077156688849
direct_000332,Rb2CsTlBr6,octahedral_factor_mu,0.7788461538461539,0.0046402379600182
direct_000333,Rb2CsTmCl6,octahedral_factor_mu,0.847305389221557,-0.0010854432149648
direct_000334,Rb2CsYBr6,octahedral_factor_mu,0.782967032967033,0.0032708159615385
direct_000335,Rb2CsYCl6,octahedral_factor_mu,0.8532934131736527,-0.0028589770556549
direct_000336,O2GaReCl6,octahedral_factor_mu,0.4281437125748503,-0.008633522403793
direct_000337,Se2NGaCl6,octahedral_factor_mu,0.4221556886227545,0.0037709040124396
direct_000338,K2AgAsBr6,octahedral_factor_mu,0.5521978021978021,-0.0196729295886378
direct_000339,K2AgAsCl6,octahedral_factor_mu,0.6017964071856287,-0.0113597620155987
direct_000340,K2AgBiBr6,octahedral_factor_mu,0.6758241758241758,0.0045137675203698
direct_000341,K2AgBiCl6,octahedral_factor_mu,0.7365269461077845,0.0067805716894911
direct_000342,K2AgBiI6,octahedral_factor_mu,0.5970873786407767,-0.0063582330945448
direct_000343,K2AgMoBr6,octahedral_factor_mu,0.5824175824175825,-0.0032573569747066
direct_000344,K2AgMoCl6,octahedral_factor_mu,0.6347305389221557,0.0096648371975328
direct_000345,K2AgMoI6,octahedral_factor_mu,0.5145631067961165,-0.0101824245395342
direct_000346,K2AgSbBr6,octahedral_factor_mu,0.6016483516483516,-0.009500195652799
direct_000347,K2AgSbCl6,octahedral_factor_mu,0.655688622754491,0.0004739244175066
direct_000348,K2AgSbI6,octahedral_factor_mu,0.5315533980582524,-0.0144426250546145
direct_000349,K2AgAlBr6,octahedral_factor_mu,0.5398351648351648,-0.0091849051635268
direct_000350,K2AgAlCl6,octahedral_factor_mu,0.5883233532934132,0.0011071500928119
direct_000351,K2AlAuCl6,octahedral_factor_mu,0.6706586826347306,0.0145547420283089
direct_000352,K2InAlBr6,octahedral_factor_mu,0.6112637362637363,-0.0046844837119748
direct_000353,K2InAlCl6,octahedral_factor_mu,0.6661676646706587,0.0039155929097132
direct_000354,K2InAlI6,octahedral_factor_mu,0.5400485436893204,-0.0157096737567574
direct_000355,K2TlAlBr6,octahedral_factor_mu,0.635989010989011,0.0033508134541601
direct_000356,K2TlAlCl6,octahedral_factor_mu,0.6931137724550899,0.0061723538838864
direct_000357,K2TlAlI6,octahedral_factor_mu,0.5618932038834952,-0.0133354514703834
direct_000358,K2AsAuBr6,octahedral_factor_mu,0.5879120879120878,-0.0077247022508885
direct_000359,K2AsAuCl6,octahedral_factor_mu,0.6407185628742514,0.0005820778656594
direct_000360,K2BiAuBr6,octahedral_factor_mu,0.7115384615384615,0.0053392550410951
direct_000361,K2BiAuCl6,octahedral_factor_mu,0.7754491017964071,0.0016202250428508
direct_000362,K2FBrCl6,octahedral_factor_mu,0.4910179640718562,0.0033531935475719
direct_000363,K2AgCeBr6,octahedral_factor_mu,0.6703296703296703,0.0054223769386931
direct_000364,K2AgCeCl6,octahedral_factor_mu,0.7305389221556886,0.0070885220724378
direct_000365,K2AgCeI6,octahedral_factor_mu,0.5922330097087378,-0.0062300811573159
direct_000366,K2AuCeCl6,octahedral_factor_mu,0.7964071856287426,0.0003870834711798
direct_000367,K2CuCeBr6,octahedral_factor_mu,0.5659340659340659,-0.009865990427524
direct_000368,K2CuCeCl6,octahedral_factor_mu,0.6167664670658684,-0.0013495454156486
direct_000369,K2CuCeI6,octahedral_factor_mu,0.5,-0.0117821863362136
direct_000370,K2CuBiBr6,octahedral_factor_mu,0.5714285714285714,-0.0087185939409245
direct_000371,K2CuBiCl6,octahedral_factor_mu,0.6227544910179641,8.401039021964069e-05
direct_000372,K2CuBiI6,octahedral_factor_mu,0.5048543689320388,-0.0112023887697547
direct_000373,K2CuMoBr6,octahedral_factor_mu,0.478021978021978,-0.0006330057818942
direct_000374,K2CuMoCl6,octahedral_factor_mu,0.5209580838323353,-0.0094947331186379
direct_000375,K2CuMoI6,octahedral_factor_mu,0.4223300970873786,-0.0214124437975592
direct_000376,K2CuSbBr6,octahedral_factor_mu,0.4972527472527472,-0.0126585965084452
direct_000377,K2CuSbCl6,octahedral_factor_mu,0.5419161676646707,-0.0137766105939694
direct_000378,K2CuSbI6,octahedral_factor_mu,0.4393203883495146,-0.0081255903251081
direct_000379,K2AgDyCl6,octahedral_factor_mu,0.7011976047904193,0.0062235796355904
direct_000380,K2AuDyCl6,octahedral_factor_mu,0.7670658682634731,0.0039193132788009
direct_000381,K2CuDyCl6,octahedral_factor_mu,0.5874251497005989,-0.006367955060152
direct_000382,K2AgErCl6,octahedral_factor_mu,0.6946107784431139,0.0058330967762079
direct_000383,K2AuErCl6,octahedral_factor_mu,0.7604790419161677,0.0051579696442044
direct_000384,K2CuErCl6,octahedral_factor_mu,0.5808383233532934,-0.0077240337768202
direct_000385,K2AgGaCl6,octahedral_factor_mu,0.6137724550898204,0.0093388691284946
direct_000386,K2AuGdCl6,octahedral_factor_mu,0.7739520958083833,0.0012736740365459
direct_000387,K2CuGdCl6,octahedral_factor_mu,0.594311377245509,-0.0057655186935567
direct_000388,K2AgInBr6,octahedral_factor_mu,0.6126373626373626,0.0094800846428066
direct_000389,K2AgInCl6,octahedral_factor_mu,0.6676646706586826,0.0168755954979215
direct_000390,K2InAsBr6,octahedral_factor_mu,0.6236263736263736,0.0161716384274004
direct_000391,K2InAsCl6,octahedral_factor_mu,0.6796407185628743,0.0144017110661711
direct_000392,K2InGaBr6,octahedral_factor_mu,0.6346153846153846,0.0038397552785611
direct_000393,K2InGaCl6,octahedral_factor_mu,0.6916167664670659,0.0068224282396042
direct_000394,K2InGaI6,octahedral_factor_mu,0.5606796116504854,-0.0146510531906577
direct_000395,K2InSbBr6,octahedral_factor_mu,0.6730769230769231,0.023280934541701
direct_000396,K2InSbCl6,octahedral_factor_mu,0.7335329341317366,0.0256111036686257
direct_000397,K2InSbI6,octahedral_factor_mu,0.5946601941747574,-0.0282456766930111
direct_000398,K2AgLaCl6,octahedral_factor_mu,0.737125748502994,0.0070483147764698
direct_000399,K2AuLaCl6,octahedral_factor_mu,0.8029940119760479,0.000817441310109
direct_000400,K2CuLaCl6,octahedral_factor_mu,0.6233532934131736,0.0005618329126993
direct_000401,K2LiBiBr6,octahedral_factor_mu,0.5686813186813187,-0.0140473155067614
direct_000402,K2LiBiCl6,octahedral_factor_mu,0.6197604790419161,-0.0046735769857982
direct_000403,K2LiBiI6,octahedral_factor_mu,0.5024271844660194,-0.0196147747923656
direct_000404,K2LiCeBr6,octahedral_factor_mu,0.5631868131868131,-0.014525237651979
direct_000405,K2LiCeCl6,octahedral_factor_mu,0.6137724550898204,-0.0078156949211808
direct_000406,K2LiCeI6,octahedral_factor_mu,0.4975728155339805,-0.0168313495954462
direct_000407,K2LiDyCl6,octahedral_factor_mu,0.5844311377245509,-0.0046698396877133
direct_000408,K2LiErCl6,octahedral_factor_mu,0.5778443113772456,-0.0053035096328198
direct_000409,K2LiGdCl6,octahedral_factor_mu,0.5913173652694611,-0.0041526844924818
direct_000410,K2LiInCl6,octahedral_factor_mu,0.5508982035928144,-0.0045147543725714
direct_000411,K2LiLaCl6,octahedral_factor_mu,0.6203592814371258,0.0014532494362408
direct_000412,K2LiLuCl6,octahedral_factor_mu,0.5691616766467066,-0.0048505225033224
direct_000413,K2LiMoBr6,octahedral_factor_mu,0.4752747252747252,0.0158182605113863
direct_000414,K2LiMoCl6,octahedral_factor_mu,0.5179640718562875,-0.0300944983381396
direct_000415,K2LiMoI6,octahedral_factor_mu,0.4199029126213592,0.0049675569942737
direct_000416,K2LiNdBr6,octahedral_factor_mu,0.5557692307692308,-0.0055414779794146
direct_000417,K2LiNdCl6,octahedral_factor_mu,0.6056886227544911,-0.0021881833823266
direct_000418,K2LiNdI6,octahedral_factor_mu,0.4910194174757282,0.0006464877848182
direct_000419,K2LiPrBr6,octahedral_factor_mu,0.5576923076923076,-0.006331414305256
direct_000420,K2LiPrCl6,octahedral_factor_mu,0.6077844311377245,-0.0018061193885604
direct_000421,K2LiPrI6,octahedral_factor_mu,0.4927184466019417,0.0005712288685252
direct_000422,K2LiSbBr6,octahedral_factor_mu,0.4945054945054945,-0.0179193225320103
direct_000423,K2LiSbCl6,octahedral_factor_mu,0.5389221556886228,-0.0197694254550827
direct_000424,K2LiSbI6,octahedral_factor_mu,0.4368932038834951,-0.0093600678153561
direct_000425,K2LiScCl6,octahedral_factor_mu,0.534431137724551,-0.0047888166684419
direct_000426,K2LiSmCl6,octahedral_factor_mu,0.5982035928143713,-0.003332440433026
direct_000427,K2LiTbCl6,octahedral_factor_mu,0.5877245508982036,-0.0042852170435024
direct_000428,K2LiTlBr6,octahedral_factor_mu,0.5288461538461537,-0.0091587202440881
direct_000429,K2LiTlCl6,octahedral_factor_mu,0.5763473053892215,-0.0042349422373775
direct_000430,K2LiTmCl6,octahedral_factor_mu,0.5748502994011976,-0.0053525069100761
direct_000431,K2LiYBr6,octahedral_factor_mu,0.532967032967033,-0.0082009790678769
direct_000432,K2LiYCl6,octahedral_factor_mu,0.5808383233532934,-0.0053699521147237
direct_000433,K2LiYI6,octahedral_factor_mu,0.4708737864077669,-0.0050653570172822
direct_000434,K2AgLuCl6,octahedral_factor_mu,0.6859281437125748,0.0054930212750991
direct_000435,K2AuLuCl6,octahedral_factor_mu,0.7517964071856288,0.0057855748422727
direct_000436,K2CuLuCl6,octahedral_factor_mu,0.5721556886227546,-0.0082103936938752
direct_000437,K2NaAlCl6,octahedral_factor_mu,0.5494011976047904,-0.0049848947878492
direct_000438,K2NaAsBr6,octahedral_factor_mu,0.5164835164835164,-0.0565702125377757
direct_000439,K2NaAsCl6,octahedral_factor_mu,0.562874251497006,-0.0464026657353532
direct_000440,K2NaBiBr6,octahedral_factor_mu,0.6401098901098901,-0.002101280302287
direct_000441,K2NaBiCl6,octahedral_factor_mu,0.6976047904191617,0.0049568415083014
direct_000442,K2NaBiI6,octahedral_factor_mu,0.5655339805825242,-0.0157111988840943
direct_000443,K2NaCeBr6,octahedral_factor_mu,0.6346153846153845,-0.0033690082040525
direct_000444,K2NaCeCl6,octahedral_factor_mu,0.6916167664670658,-0.0005396230977611
direct_000445,K2NaCrCl6,octahedral_factor_mu,0.7664670658682634,0.0092099489275056
direct_000446,K2NaDyCl6,octahedral_factor_mu,0.6622754491017964,0.0038081569889818
direct_000447,K2NaErCl6,octahedral_factor_mu,0.655688622754491,0.0032447548445414
direct_000448,K2NaGaBr6,octahedral_factor_mu,0.5274725274725275,-0.0135073819621333
direct_000449,K2NaGaCl6,octahedral_factor_mu,0.5748502994011976,-0.0050368172700821
direct_000450,K2NaGdCl6,octahedral_factor_mu,0.6691616766467066,0.0047400449108979
direct_000451,K2NaInBr6,octahedral_factor_mu,0.5769230769230768,-0.0049931482549149
direct_000452,K2NaInCl6,octahedral_factor_mu,0.6287425149700598,0.0041598391227292
direct_000453,K2NaInI6,octahedral_factor_mu,0.5097087378640776,-0.0123429341528218
direct_000454,K2NaLaCl6,octahedral_factor_mu,0.6982035928143713,0.0063075775087116
direct_000455,K2NaLuCl6,octahedral_factor_mu,0.647005988023952,0.0040413950289884
direct_000456,K2NaMoBr6,octahedral_factor_mu,0.5467032967032966,-0.0134466690737521
direct_000457,K2NaMoCl6,octahedral_factor_mu,0.5958083832335329,-0.0095887594384845
direct_000458,K2NaMoI6,octahedral_factor_mu,0.483009708737864,-0.0030410389222562
direct_000459,K2NaNdBr6,octahedral_factor_mu,0.6271978021978022,0.0016243340020229
direct_000460,K2NaNdCl6,octahedral_factor_mu,0.6835329341317365,0.0044931961881225
direct_000461,K2NaNdI6,octahedral_factor_mu,0.554126213592233,-0.0028534727438869
direct_000462,K2NaPrBr6,octahedral_factor_mu,0.6291208791208791,0.0016335727423016
direct_000463,K2NaPrCl6,octahedral_factor_mu,0.6856287425149701,0.0045280834542453
direct_000464,K2NaPrI6,octahedral_factor_mu,0.5558252427184466,-0.0026859479618099
direct_000465,K2NaSbBr6,octahedral_factor_mu,0.5659340659340659,-0.0207080849775591
direct_000466,K2NaSbCl6,octahedral_factor_mu,0.6167664670658684,-0.0055366885659844
direct_000467,K2NaSbI6,octahedral_factor_mu,0.5,-0.0238889838878197
direct_000468,K2NaScBr6,octahedral_factor_mu,0.5618131868131868,-0.0107541244753784
direct_000469,K2NaScCl6,octahedral_factor_mu,0.6122754491017964,-0.0022764908813625
direct_000470,K2NaScI6,octahedral_factor_mu,0.4963592233009708,-0.0161476945409923
direct_000471,K2NaSmCl6,octahedral_factor_mu,0.6760479041916168,0.0049348330625
direct_000472,K2NaTbCl6,octahedral_factor_mu,0.6655688622754491,0.0038650587614046
direct_000473,K2NaTlBr6,octahedral_factor_mu,0.6002747252747251,-0.0011048137268849
direct_000474,K2NaTlCl6,octahedral_factor_mu,0.654191616766467,0.0051700568713639
direct_000475,K2NaTlI6,octahedral_factor_mu,0.5303398058252426,-0.0297836519508056
direct_000476,K2NaTmCl6,octahedral_factor_mu,0.652694610778443,0.0033114738601011
direct_000477,K2NaYBr6,octahedral_factor_mu,0.6043956043956045,-0.0031080895863377
direct_000478,K2NaYCl6,octahedral_factor_mu,0.658682634730539,0.0043021092705392
direct_000479,K2NaYI6,octahedral_factor_mu,0.5339805825242718,-0.0063461974901243
direct_000480,K2AgNdBr6,octahedral_factor_mu,0.662912087912088,0.0045671750864842
direct_000481,K2AgNdCl6,octahedral_factor_mu,0.7224550898203594,0.0064923413367403
direct_000482,K2AgNdI6,octahedral_factor_mu,0.5856796116504854,-0.0058371788006269
direct_000483,K2AuNdCl6,octahedral_factor_mu,0.7883233532934132,0.0008453816725448
direct_000484,K2CuNdBr6,octahedral_factor_mu,0.5585164835164834,-0.0089097502598006
direct_000485,K2CuNdCl6,octahedral_factor_mu,0.608682634730539,-0.0028387147964979
direct_000486,K2CuNdI6,octahedral_factor_mu,0.4934466019417475,-0.0096552759145264
direct_000487,K2AgPrBr6,octahedral_factor_mu,0.6648351648351648,0.0048825568378677
direct_000488,K2AgPrCl6,octahedral_factor_mu,0.7245508982035929,0.0067270653335563
direct_000489,K2AgPrI6,octahedral_factor_mu,0.587378640776699,-0.006105664149422
direct_000490,K2AuPrCl6,octahedral_factor_mu,0.7904191616766466,0.0004675518870762
direct_000491,K2CuPrBr6,octahedral_factor_mu,0.5604395604395604,-0.0096485470151337
direct_000492,K2CuPrCl6,octahedral_factor_mu,0.6107784431137725,-0.0028736935106046
direct_000493,K2CuPrI6,octahedral_factor_mu,0.4951456310679611,-0.0108822798190231
direct_000494,K2RbAlBr6,octahedral_factor_mu,0.6414835164835164,0.0062929666363692
direct_000495,K2RbAlCl6,octahedral_factor_mu,0.6991017964071856,0.0078542091463017
direct_000496,K2RbAlI6,octahedral_factor_mu,0.566747572815534,-0.0075519514473401
direct_000497,K2RbAsBr6,octahedral_factor_mu,0.6538461538461537,0.0448118048978724
direct_000498,K2RbAsCl6,octahedral_factor_mu,0.7125748502994012,0.0439182681372052
direct_000499,K2RbAsI6,octahedral_factor_mu,0.5776699029126213,-0.0459409961631501
direct_000500,K2RbAuCl6,octahedral_factor_mu,0.7934131736526946,-0.0117548710493289
direct_000501,K2RbBiBr6,octahedral_factor_mu,0.7774725274725275,0.0289506632500804
direct_000502,K2RbBiCl6,octahedral_factor_mu,0.847305389221557,-0.0092671904251919
direct_000503,K2RbBiI6,octahedral_factor_mu,0.6868932038834952,-0.0037379430923031
direct_000504,K2RbCeBr6,octahedral_factor_mu,0.7719780219780218,0.0047248770786122
direct_000505,K2RbCeCl6,octahedral_factor_mu,0.841317365269461,0.0039546976501746
direct_000506,K2RbCeI6,octahedral_factor_mu,0.6820388349514562,-0.0006936433392064
direct_000507,K2RbDyCl6,octahedral_factor_mu,0.8119760479041915,0.0001642199329088
direct_000508,K2RbErCl6,octahedral_factor_mu,0.8053892215568862,1.4932485322235193e-05
direct_000509,K2RbGaBr6,octahedral_factor_mu,0.6648351648351648,0.0103797987061523
direct_000510,K2RbGaCl6,octahedral_factor_mu,0.7245508982035929,0.0104461773193258
direct_000511,K2RbGaI6,octahedral_factor_mu,0.587378640776699,-0.0065474876341238
direct_000512,K2RbGdCl6,octahedral_factor_mu,0.8188622754491018,-0.0002135043708846
direct_000513,K2RbInBr6,octahedral_factor_mu,0.7142857142857142,0.0108699379893416
direct_000514,K2RbInCl6,octahedral_factor_mu,0.778443113772455,0.0019074313408753
direct_000515,K2RbLuCl6,octahedral_factor_mu,0.7967065868263472,-0.0193524879025383
direct_000516,K2RbMoBr6,octahedral_factor_mu,0.684065934065934,0.0224217619088709
direct_000517,K2RbMoCl6,octahedral_factor_mu,0.7455089820359281,0.0249590148679752
direct_000518,K2RbMoI6,octahedral_factor_mu,0.6043689320388349,-0.0085733724277893
direct_000519,K2RbNdBr6,octahedral_factor_mu,0.7645604395604395,0.0067260994703621
direct_000520,K2RbNdCl6,octahedral_factor_mu,0.8332335329341317,-0.0004629650215921
direct_000521,K2RbNdI6,octahedral_factor_mu,0.6754854368932038,0.005265241900004
direct_000522,K2RbPrBr6,octahedral_factor_mu,0.7664835164835164,0.0053232663369084
direct_000523,K2RbPrCl6,octahedral_factor_mu,0.8353293413173654,-0.0004183857803498
direct_000524,K2RbPrI6,octahedral_factor_mu,0.6771844660194175,0.0051893501681666
direct_000525,K2RbSbBr6,octahedral_factor_mu,0.7032967032967032,0.021850742789117
direct_000526,K2RbSbCl6,octahedral_factor_mu,0.7664670658682635,0.018846474698179
direct_000527,K2RbSbI6,octahedral_factor_mu,0.6213592233009708,0.0097531005302461
direct_000528,K2RbScBr6,octahedral_factor_mu,0.6991758241758241,0.0063488934216049
direct_000529,K2RbScCl6,octahedral_factor_mu,0.7619760479041916,0.0059500509349596
direct_000530,K2RbTbCl6,octahedral_factor_mu,0.8152694610778443,-5.623122803140159e-05
direct_000531,K2RbTlBr6,octahedral_factor_mu,0.7376373626373625,0.0095132216434025
direct_000532,K2RbTmCl6,octahedral_factor_mu,0.8023952095808383,-0.0005870860119862
direct_000533,K2RbYBr6,octahedral_factor_mu,0.7417582417582418,0.010401339199536
direct_000534,K2RbYCl6,octahedral_factor_mu,0.8083832335329342,-0.0020819895848222
direct_000535,K2RbYI6,octahedral_factor_mu,0.6553398058252428,0.0024766166589187
direct_000536,K2AuSbBr6,octahedral_factor_mu,0.6620879120879121,0.0045649681685462
direct_000537,K2AuSbCl6,octahedral_factor_mu,0.721556886227545,0.0062266325255168
direct_000538,K2AgScBr6,octahedral_factor_mu,0.5975274725274724,-0.0164023751504566
direct_000539,K2AgScCl6,octahedral_factor_mu,0.6511976047904191,0.0202958172266609
direct_000540,K2AgScI6,octahedral_factor_mu,0.5279126213592232,-0.021719111493094
direct_000541,K2AuScBr6,octahedral_factor_mu,0.657967032967033,0.0051416791245979
direct_000542,K2AuScCl6,octahedral_factor_mu,0.7170658682634731,0.0093531431187969
direct_000543,K2AuScI6,octahedral_factor_mu,0.5813106796116505,-0.0074756989933012
direct_000544,K2CuScCl6,octahedral_factor_mu,0.5374251497005988,-0.0193345087662009
direct_000545,K2InScBr6,octahedral_factor_mu,0.6689560439560439,0.0237120933916996
direct_000546,K2InScCl6,octahedral_factor_mu,0.7290419161676647,0.0279956702534614
direct_000547,K2InScI6,octahedral_factor_mu,0.5910194174757282,-0.0123370849437803
direct_000548,K2TlScBr6,octahedral_factor_mu,0.6936813186813187,0.0309071486052242
direct_000549,K2TlScCl6,octahedral_factor_mu,0.7559880239520959,0.0283106212387865
direct_000550,K2AgSmCl6,octahedral_factor_mu,0.7149700598802395,0.0064457753633997
direct_000551,K2AuSmCl6,octahedral_factor_mu,0.7808383233532935,0.0015060964103839
direct_000552,K2CuSmCl6,octahedral_factor_mu,0.6011976047904192,-0.0049161769994345
direct_000553,K2AgTbCl6,octahedral_factor_mu,0.7044910179640718,0.0062291100040875
direct_000554,K2AuTbCl6,octahedral_factor_mu,0.7703592814371257,0.003147828918709
direct_000555,K2CuTbCl6,octahedral_factor_mu,0.5907185628742515,-0.0055902150602885
direct_000556,K2TlAsBr6,octahedral_factor_mu,0.6483516483516483,0.0175066618958243
direct_000557,K2TlAsCl6,octahedral_factor_mu,0.7065868263473054,0.0190770706509149
direct_000558,K2TlAsI6,octahedral_factor_mu,0.5728155339805825,-0.0113660955353398
direct_000559,K2TlGaBr6,octahedral_factor_mu,0.6593406593406593,0.0060522409171322
direct_000560,K2TlGaCl6,octahedral_factor_mu,0.718562874251497,0.0085839829295042
direct_000561,K2TlGaI6,octahedral_factor_mu,0.5825242718446602,-0.0120869542533392
direct_000562,K2TlInBr6,octahedral_factor_mu,0.7087912087912088,0.0082579419164419
direct_000563,K2TlInCl6,octahedral_factor_mu,0.7724550898203594,-0.0019589139322147
direct_000564,K2TlInI6,octahedral_factor_mu,0.6262135922330098,0.0010306052208925
direct_000565,K2TlSbBr6,octahedral_factor_mu,0.6978021978021978,0.0198487186317268
direct_000566,K2TlSbCl6,octahedral_factor_mu,0.7604790419161677,0.0203313920898746
direct_000567,K2AgTmCl6,octahedral_factor_mu,0.6916167664670659,0.0055201350735386
direct_000568,K2AuTmCl6,octahedral_factor_mu,0.7574850299401199,0.0053761777212624
direct_000569,K2CuTmCl6,octahedral_factor_mu,0.5778443113772456,-0.0079897927152252
direct_000570,K2AgYBr6,octahedral_factor_mu,0.6401098901098901,0.0029681489184883
direct_000571,K2AgYCl6,octahedral_factor_mu,0.6976047904191617,0.0089812561215108
direct_000572,K2AgYI6,octahedral_factor_mu,0.5655339805825242,-0.0092564494668602
direct_000573,K2AuYBr6,octahedral_factor_mu,0.7005494505494505,0.006739481903856
direct_000574,K2AuYCl6,octahedral_factor_mu,0.7634730538922155,0.0057667542004164
direct_000575,K2AuYI6,octahedral_factor_mu,0.6189320388349514,0.0015508826002225
direct_000576,K2CuYBr6,octahedral_factor_mu,0.5357142857142857,-0.0126489792893928
direct_000577,K2CuYCl6,octahedral_factor_mu,0.5838323353293414,-0.0094992008976669
direct_000578,K2CuYI6,octahedral_factor_mu,0.4733009708737864,-0.0057245706856063
direct_000579,K2InYCl6,octahedral_factor_mu,0.7754491017964071,-0.01687472716533
direct_000580,K2TlYBr6,octahedral_factor_mu,0.7362637362637362,0.0097718867457016
direct_000581,Rb2KAlBr6,octahedral_factor_mu,0.6030219780219781,-0.0014520711873113
direct_000582,Rb2KAlCl6,octahedral_factor_mu,0.6571856287425151,0.006375947261697
direct_000583,Rb2KAlI6,octahedral_factor_mu,0.5327669902912622,-0.0114026346821317
direct_000584,Rb2KAsBr6,octahedral_factor_mu,0.6153846153846154,0.0375592513418632
direct_000585,Rb2KAsCl6,octahedral_factor_mu,0.6706586826347306,0.0469088864668061
direct_000586,Rb2KAsI6,octahedral_factor_mu,0.5436893203883496,-0.0702457379567299
direct_000587,Rb2KAuCl6,octahedral_factor_mu,0.7514970059880239,0.0115111885198709
direct_000588,Rb2KDyCl6,octahedral_factor_mu,0.770059880239521,0.0055862418319542
direct_000589,Rb2KErCl6,octahedral_factor_mu,0.7634730538922155,0.0075630592116378
direct_000590,Rb2KGaBr6,octahedral_factor_mu,0.6263736263736264,0.0072648808689042
direct_000591,Rb2KGaCl6,octahedral_factor_mu,0.6826347305389222,0.0091021718022952
direct_000592,Rb2KGaI6,octahedral_factor_mu,0.5533980582524273,-0.0074790736226505
direct_000593,Rb2KGdCl6,octahedral_factor_mu,0.7769461077844311,0.0032030651215053
direct_000594,Rb2KInBr6,octahedral_factor_mu,0.6758241758241758,0.0093751734845619
direct_000595,Rb2KInCl6,octahedral_factor_mu,0.7365269461077845,0.0099352503971093
direct_000596,Rb2KInI6,octahedral_factor_mu,0.5970873786407767,-0.0021112656120922
direct_000597,Rb2KLaCl6,octahedral_factor_mu,0.8059880239520959,0.0041277114329287
direct_000598,Rb2KLuCl6,octahedral_factor_mu,0.7547904191616767,0.0085312669606736
direct_000599,Rb2KScBr6,octahedral_factor_mu,0.6607142857142858,0.003160194026665
direct_000600,Rb2KScCl6,octahedral_factor_mu,0.720059880239521,0.0056653592545558
direct_000601,Rb2KScI6,octahedral_factor_mu,0.5837378640776699,-0.0118383512319014
direct_000602,Rb2KSmCl6,octahedral_factor_mu,0.7838323353293415,0.0032442171469985
direct_000603,Rb2KTbCl6,octahedral_factor_mu,0.7733532934131737,0.0034143391643945
direct_000604,Rb2KTlBr6,octahedral_factor_mu,0.6991758241758241,0.0082420714782629
direct_000605,Rb2KTlCl6,octahedral_factor_mu,0.7619760479041916,0.0086628610181269
direct_000606,Rb2KTlI6,octahedral_factor_mu,0.6177184466019418,0.0025198571977801
direct_000607,Rb2KTmCl6,octahedral_factor_mu,0.7604790419161677,0.0077358038954888
direct_000608,Li2CuSbCl6,octahedral_factor_mu,0.5419161676646707,-0.013941640455923
direct_000609,Li2CuInCl6,octahedral_factor_mu,0.5538922155688624,-0.0173425130510376
direct_000610,Li2CuScCl6,octahedral_factor_mu,0.5374251497005988,-0.01812549723859
direct_000611,Tl2LiScCl6,octahedral_factor_mu,0.534431137724551,-0.0077911314294534
direct_000612,Tl2LiInCl6,octahedral_factor_mu,0.5508982035928144,-0.0093804203755377
direct_000613,Tl2LiYCl6,octahedral_factor_mu,0.5808383233532934,-0.0095695916818279
direct_000614,O2MoPCl6,octahedral_factor_mu,0.3802395209580838,-0.0032295364299557
direct_000615,Na2AgAsBr6,octahedral_factor_mu,0.5521978021978021,-0.0196729295886378
direct_000616,Na2AgAsCl6,octahedral_factor_mu,0.6017964071856287,-0.0113344341057475
direct_000617,Na2AgSbCl6,octahedral_factor_mu,0.655688622754491,0.0004301406143554
direct_000618,Na2AgAlBr6,octahedral_factor_mu,0.5398351648351648,-0.0091819064676043
direct_000619,Na2AgAlCl6,octahedral_factor_mu,0.5883233532934132,0.0010968709284865
direct_000620,Na2CuBiBr6,octahedral_factor_mu,0.5714285714285714,-0.0087101097362512
direct_000621,Na2CuBiCl6,octahedral_factor_mu,0.6227544910179641,9.47666749395762e-05
direct_000622,Na2CuSbCl6,octahedral_factor_mu,0.5419161676646707,-0.0137614636722616
direct_000623,Na2CuDyCl6,octahedral_factor_mu,0.5874251497005989,-0.0063441649385795
direct_000624,Na2CuErCl6,octahedral_factor_mu,0.5808383233532934,-0.0076979432485085
direct_000625,Na2CuEuCl6,octahedral_factor_mu,0.5979041916167664,-0.0052232319224535
direct_000626,Na2AgGaCl6,octahedral_factor_mu,0.6137724550898204,0.0093352837722291
direct_000627,Na2AgInBr6,octahedral_factor_mu,0.6126373626373626,0.0094752669366317
direct_000628,Na2AgInCl6,octahedral_factor_mu,0.6676646706586826,0.0169510396638609
direct_000629,Na2CuLaCl6,octahedral_factor_mu,0.6233532934131736,0.000555174191331
direct_000630,Na2LiBiBr6,octahedral_factor_mu,0.5686813186813187,-0.0140473155067614
direct_000631,Na2LiBiCl6,octahedral_factor_mu,0.6197604790419161,-0.0045890732507477
direct_000632,Na2LiBiI6,octahedral_factor_mu,0.5024271844660194,-0.0196368309555668
direct_000633,Na2LiCeCl6,octahedral_factor_mu,0.6137724550898204,-0.0078064070030377
direct_000634,Na2LiDyCl6,octahedral_factor_mu,0.5844311377245509,-0.0046484060074433
direct_000635,Na2LiErCl6,octahedral_factor_mu,0.5778443113772456,-0.0052853569706128
direct_000636,Na2LiGdCl6,octahedral_factor_mu,0.5913173652694611,-0.0041377606904843
direct_000637,Na2LiInCl6,octahedral_factor_mu,0.5508982035928144,-0.0044885212241944
direct_000638,Na2LiLaCl6,octahedral_factor_mu,0.6203592814371258,0.0015042512852111
direct_000639,Na2LiLuCl6,octahedral_factor_mu,0.5691616766467066,-0.0048275536750108
direct_000640,Na2LiNdCl6,octahedral_factor_mu,0.6056886227544911,-0.0021747921677531
direct_000641,Na2LiPrCl6,octahedral_factor_mu,0.6077844311377245,-0.001793597361559
direct_000642,Na2LiSbCl6,octahedral_factor_mu,0.5389221556886228,-0.0197766521463769
direct_000643,Na2LiScCl6,octahedral_factor_mu,0.534431137724551,-0.0047545329347407
direct_000644,Na2LiSmCl6,octahedral_factor_mu,0.5982035928143713,-0.0033201304104533
direct_000645,Na2LiTbCl6,octahedral_factor_mu,0.5877245508982036,-0.0042735273503632
direct_000646,Na2LiTlBr6,octahedral_factor_mu,0.5288461538461537,-0.0091536731799465
direct_000647,Na2LiTlCl6,octahedral_factor_mu,0.5763473053892215,-0.0042141297610273
direct_000648,Na2LiTmCl6,octahedral_factor_mu,0.5748502994011976,-0.0053265386879371
direct_000649,Na2LiYBr6,octahedral_factor_mu,0.532967032967033,-0.0082487505092767
direct_000650,Na2LiYCl6,octahedral_factor_mu,0.5808383233532934,-0.0053542658955867
direct_000651,Na2AgLuCl6,octahedral_factor_mu,0.6859281437125748,0.0055010668317017
direct_000652,Na2CuLuCl6,octahedral_factor_mu,0.5721556886227546,-0.008177494387494
direct_000653,Na2CuNdCl6,octahedral_factor_mu,0.608682634730539,-0.0028380582145135
direct_000654,Na2CuPrCl6,octahedral_factor_mu,0.6107784431137725,-0.0028691920433491
direct_000655,Na2AgScCl6,octahedral_factor_mu,0.6511976047904191,0.0187205429316252
direct_000656,Na2CuScCl6,octahedral_factor_mu,0.5374251497005988,-0.0178271033859889
direct_000657,Na2CuSmCl6,octahedral_factor_mu,0.6011976047904192,-0.0048916229638403
direct_000658,Na2CuTbCl6,octahedral_factor_mu,0.5907185628742515,-0.0055910112856443
direct_000659,Na2AgTmCl6,octahedral_factor_mu,0.6916167664670659,0.005552078083751
direct_000660,Na2CuTmCl6,octahedral_factor_mu,0.5778443113772456,-0.007956893408844
direct_000661,Na2CuYBr6,octahedral_factor_mu,0.5357142857142857,-0.0125498716104433
direct_000662,Na2CuYCl6,octahedral_factor_mu,0.5838323353293414,-0.0094700235043229
direct_000663,O2NbPCl6,octahedral_factor_mu,0.3892215568862275,0.0020019816788247
direct_000664,Rb2AgAsBr6,octahedral_factor_mu,0.5521978021978021,-0.0196896960838216
direct_000665,Rb2AgAsCl6,octahedral_factor_mu,0.6017964071856287,-0.0113036426936618
direct_000666,Rb2AgBiBr6,octahedral_factor_mu,0.6758241758241758,0.0045080820840144
direct_000667,Rb2AgBiCl6,octahedral_factor_mu,0.7365269461077845,0.0068621037127189
direct_000668,Rb2AgBiI6,octahedral_factor_mu,0.5970873786407767,-0.0063600179013187
direct_000669,Rb2AgMoBr6,octahedral_factor_mu,0.5824175824175825,-0.0032463818533807
direct_000670,Rb2AgMoCl6,octahedral_factor_mu,0.6347305389221557,0.0094847940200077
direct_000671,Rb2AgMoI6,octahedral_factor_mu,0.5145631067961165,-0.0102693226276419
direct_000672,Rb2AgSbBr6,octahedral_factor_mu,0.6016483516483516,-0.0095115922829438
direct_000673,Rb2AgSbCl6,octahedral_factor_mu,0.655688622754491,0.0004464560287618
direct_000674,Rb2AgSbI6,octahedral_factor_mu,0.5315533980582524,-0.0144440852152897
direct_000675,Rb2AgAlBr6,octahedral_factor_mu,0.5398351648351648,-0.0093042521715955
direct_000676,Rb2AgAlCl6,octahedral_factor_mu,0.5883233532934132,0.000681457845086
direct_000677,Rb2AlAuCl6,octahedral_factor_mu,0.6706586826347306,0.014457207374138
direct_000678,Rb2InAlBr6,octahedral_factor_mu,0.6112637362637363,-0.0046846855446109
direct_000679,Rb2InAlCl6,octahedral_factor_mu,0.6661676646706587,0.0038552441170059
direct_000680,Rb2InAlI6,octahedral_factor_mu,0.5400485436893204,-0.0156907611496668
direct_000681,Rb2TlAlBr6,octahedral_factor_mu,0.635989010989011,0.0034640558408402
direct_000682,Rb2TlAlCl6,octahedral_factor_mu,0.6931137724550899,0.006152360771509
direct_000683,Rb2TlAlI6,octahedral_factor_mu,0.5618932038834952,-0.0133292803971859
direct_000684,Rb2AsAuCl6,octahedral_factor_mu,0.6407185628742514,0.0011479154451259
direct_000685,Rb2BiAuBr6,octahedral_factor_mu,0.7115384615384615,0.0053292994854047
direct_000686,Rb2BiAuCl6,octahedral_factor_mu,0.7754491017964071,0.0016235222179722
direct_000687,Rb2FBrCl6,octahedral_factor_mu,0.4910179640718562,0.0030300363264733
direct_000688,Rb2AgCeBr6,octahedral_factor_mu,0.6703296703296703,0.0054277937779453
direct_000689,Rb2AgCeCl6,octahedral_factor_mu,0.7305389221556886,0.0070814982244223
direct_000690,Rb2AgCeI6,octahedral_factor_mu,0.5922330097087378,-0.0063017330793066
direct_000691,Rb2CuCeBr6,octahedral_factor_mu,0.5659340659340659,-0.009877329424446
direct_000692,Rb2CuCeCl6,octahedral_factor_mu,0.6167664670658684,-0.0013191613910658
direct_000693,Rb2CuBiBr6,octahedral_factor_mu,0.5714285714285714,-0.0087878238700448
direct_000694,Rb2CuBiCl6,octahedral_factor_mu,0.6227544910179641,8.750283647842578e-05
direct_000695,Rb2CuBiI6,octahedral_factor_mu,0.5048543689320388,-0.0111700592883224
direct_000696,Rb2CuMoBr6,octahedral_factor_mu,0.478021978021978,-0.0007539145714059
direct_000697,Rb2CuMoCl6,octahedral_factor_mu,0.5209580838323353,-0.0090412405513112
direct_000698,Rb2CuMoI6,octahedral_factor_mu,0.4223300970873786,-0.0219509969250283
direct_000699,Rb2CuSbBr6,octahedral_factor_mu,0.4972527472527472,-0.0126516759779994
direct_000700,Rb2CuSbCl6,octahedral_factor_mu,0.5419161676646707,-0.0126060588679048
direct_000701,Rb2CuSbI6,octahedral_factor_mu,0.4393203883495146,-0.0081630944418864
direct_000702,Rb2AgDyCl6,octahedral_factor_mu,0.7011976047904193,0.0062190670145555
direct_000703,Rb2AuDyCl6,octahedral_factor_mu,0.7670658682634731,0.0039970006273621
direct_000704,Rb2CuDyCl6,octahedral_factor_mu,0.5874251497005989,-0.0063623972348337
direct_000705,Rb2AgErCl6,octahedral_factor_mu,0.6946107784431139,0.005869377753089
direct_000706,Rb2AuErCl6,octahedral_factor_mu,0.7604790419161677,0.0051524570849454
direct_000707,Rb2CuErCl6,octahedral_factor_mu,0.5808383233532934,-0.0077303582162911
direct_000708,Rb2AgGaBr6,octahedral_factor_mu,0.5631868131868131,-0.0187319737838659
direct_000709,Rb2AgGaCl6,octahedral_factor_mu,0.6137724550898204,0.0094086943112814
direct_000710,Rb2AgGdCl6,octahedral_factor_mu,0.7080838323353295,0.0062824675996268
direct_000711,Rb2AgInBr6,octahedral_factor_mu,0.6126373626373626,0.0094751725399339
direct_000712,Rb2AgInCl6,octahedral_factor_mu,0.6676646706586826,0.0161623313336804
direct_000713,Rb2InAsBr6,octahedral_factor_mu,0.6236263736263736,0.0161918850252959
direct_000714,Rb2InAsCl6,octahedral_factor_mu,0.6796407185628743,0.0141271767709431
direct_000715,Rb2InBiCl6,octahedral_factor_mu,0.8143712574850299,0.0126393601122395
direct_000716,Rb2InGaBr6,octahedral_factor_mu,0.6346153846153846,0.0038409931977744
direct_000717,Rb2InGaCl6,octahedral_factor_mu,0.6916167664670659,0.0068260731497813
direct_000718,Rb2InGaI6,octahedral_factor_mu,0.5606796116504854,-0.0146029982213921
direct_000719,Rb2InSbBr6,octahedral_factor_mu,0.6730769230769231,0.0232444805777088
direct_000720,Rb2InSbCl6,octahedral_factor_mu,0.7335329341317366,0.0256543258366385
direct_000721,Rb2InSbI6,octahedral_factor_mu,0.5946601941747574,-0.028413775894279
direct_000722,Rb2AgLaCl6,octahedral_factor_mu,0.737125748502994,0.0070722576137505
direct_000723,Rb2AuLaCl6,octahedral_factor_mu,0.8029940119760479,0.000868496827976
direct_000724,Rb2CuLaCl6,octahedral_factor_mu,0.6233532934131736,0.0005592085504528
direct_000725,Rb2LiBiBr6,octahedral_factor_mu,0.5686813186813187,-0.0140894881775746
direct_000726,Rb2LiBiCl6,octahedral_factor_mu,0.6197604790419161,-0.0046426513258304
direct_000727,Rb2LiBiI6,octahedral_factor_mu,0.5024271844660194,-0.0195832055414755
direct_000728,Rb2LiCeBr6,octahedral_factor_mu,0.5631868131868131,-0.0145403610232907
direct_000729,Rb2LiCeCl6,octahedral_factor_mu,0.6137724550898204,-0.0077393570770135
direct_000730,Rb2LiCeI6,octahedral_factor_mu,0.4975728155339805,-0.0169270593259647
direct_000731,Rb2LiDyBr6,octahedral_factor_mu,0.5362637362637362,-0.0073479779355426
direct_000732,Rb2LiDyCl6,octahedral_factor_mu,0.5844311377245509,-0.0046600266966232
direct_000733,Rb2LiErCl6,octahedral_factor_mu,0.5778443113772456,-0.0053069744096145
direct_000734,Rb2LiGdCl6,octahedral_factor_mu,0.5913173652694611,-0.0041454463965035
direct_000735,Rb2LiHoCl6,octahedral_factor_mu,0.5811377245508982,-0.0052216582181602
direct_000736,Rb2LiInCl6,octahedral_factor_mu,0.5508982035928144,-0.0045070486829138
direct_000737,Rb2LiLaCl6,octahedral_factor_mu,0.6203592814371258,0.0013650692374322
direct_000738,Rb2LiMoBr6,octahedral_factor_mu,0.4752747252747252,0.0157416606506642
direct_000739,Rb2LiMoCl6,octahedral_factor_mu,0.5179640718562875,-0.0288759049905657
direct_000740,Rb2LiMoI6,octahedral_factor_mu,0.4199029126213592,0.0059919990993992
direct_000741,Rb2LiNdBr6,octahedral_factor_mu,0.5557692307692308,-0.0055420554332072
direct_000742,Rb2LiNdCl6,octahedral_factor_mu,0.6056886227544911,-0.0023758671686337
direct_000743,Rb2LiNdI6,octahedral_factor_mu,0.4910194174757282,0.0006232127172296
direct_000744,Rb2LiPrBr6,octahedral_factor_mu,0.5576923076923076,-0.0063379358382942
direct_000745,Rb2LiPrCl6,octahedral_factor_mu,0.6077844311377245,-0.0019885416620077
direct_000746,Rb2LiPrI6,octahedral_factor_mu,0.4927184466019417,0.0005466869529084
direct_000747,Rb2LiRhCl6,octahedral_factor_mu,0.5104790419161677,-0.0362952292052248
direct_000748,Rb2LiSbBr6,octahedral_factor_mu,0.4945054945054945,-0.0179196350303998
direct_000749,Rb2LiSbCl6,octahedral_factor_mu,0.5389221556886228,-0.0195784323697797
direct_000750,Rb2LiSbI6,octahedral_factor_mu,0.4368932038834951,-0.0094469695242341
direct_000751,Rb2LiScCl6,octahedral_factor_mu,0.534431137724551,-0.0052239242129315
direct_000752,Rb2LiSmCl6,octahedral_factor_mu,0.5982035928143713,-0.0033357203911883
direct_000753,Rb2LiTbCl6,octahedral_factor_mu,0.5877245508982036,-0.0042776342274561
direct_000754,Rb2LiTlBr6,octahedral_factor_mu,0.5288461538461537,-0.0092002326102162
direct_000755,Rb2LiTlCl6,octahedral_factor_mu,0.5763473053892215,-0.0037793749588091
direct_000756,Rb2LiTmCl6,octahedral_factor_mu,0.5748502994011976,-0.0053488100637439
direct_000757,Rb2LiYBr6,octahedral_factor_mu,0.532967032967033,-0.0084721810442706
direct_000758,Rb2LiYCl6,octahedral_factor_mu,0.5808383233532934,-0.0054919156744756
direct_000759,Rb2LiYI6,octahedral_factor_mu,0.4708737864077669,-0.0050389201121841
direct_000760,Rb2AgLuCl6,octahedral_factor_mu,0.6859281437125748,0.0055069642250482
direct_000761,Rb2AuLuCl6,octahedral_factor_mu,0.7517964071856288,0.0058199927878238
direct_000762,Rb2CuLuCl6,octahedral_factor_mu,0.5721556886227546,-0.0081741127169941
direct_000763,Rb2NaAlCl6,octahedral_factor_mu,0.5494011976047904,-0.0052307978859374
direct_000764,Rb2NaAsBr6,octahedral_factor_mu,0.5164835164835164,-0.0574984170221173
direct_000765,Rb2NaAsCl6,octahedral_factor_mu,0.562874251497006,-0.0472523372156018
direct_000766,Rb2NaBiBr6,octahedral_factor_mu,0.6401098901098901,-0.00224359717667
direct_000767,Rb2NaBiCl6,octahedral_factor_mu,0.6976047904191617,0.0048743945276161
direct_000768,Rb2NaBiI6,octahedral_factor_mu,0.5655339805825242,-0.0155695891673624
direct_000769,Rb2NaCeBr6,octahedral_factor_mu,0.6346153846153845,-0.0033841315753641
direct_000770,Rb2NaCeCl6,octahedral_factor_mu,0.6916167664670658,-0.0005513381513476
direct_000771,Rb2NaCeI6,octahedral_factor_mu,0.5606796116504853,-0.0123987525139593
direct_000772,Rb2NaCrCl6,octahedral_factor_mu,0.7664670658682634,0.0094029897050099
direct_000773,Rb2NaDyCl6,octahedral_factor_mu,0.6622754491017964,0.003798976982774
direct_000774,Rb2NaErCl6,octahedral_factor_mu,0.655688622754491,0.0032412399289521
direct_000775,Rb2NaGaBr6,octahedral_factor_mu,0.5274725274725275,-0.0126003547761754
direct_000776,Rb2NaGaCl6,octahedral_factor_mu,0.5748502994011976,-0.0052283485449385
direct_000777,Rb2NaGdCl6,octahedral_factor_mu,0.6691616766467066,0.0047356341641418
direct_000778,Rb2NaInBr6,octahedral_factor_mu,0.5769230769230768,-0.0049951773151278
direct_000779,Rb2NaInCl6,octahedral_factor_mu,0.6287425149700598,0.004203329360512
direct_000780,Rb2NaInI6,octahedral_factor_mu,0.5097087378640776,-0.0124002781794158
direct_000781,Rb2NaLaCl6,octahedral_factor_mu,0.6982035928143713,0.0062234363473311
direct_000782,Rb2NaMoBr6,octahedral_factor_mu,0.5467032967032966,-0.0135232689344741
direct_000783,Rb2NaMoCl6,octahedral_factor_mu,0.5958083832335329,-0.0085141409012845
direct_000784,Rb2NaMoI6,octahedral_factor_mu,0.483009708737864,-0.002959318280244
direct_000785,Rb2NaNdBr6,octahedral_factor_mu,0.6271978021978022,0.001623506702921
direct_000786,Rb2NaNdCl6,octahedral_factor_mu,0.6835329341317365,0.0043055124018154
direct_000787,Rb2NaNdI6,octahedral_factor_mu,0.554126213592233,-0.0028767478114755
direct_000788,Rb2NaPrBr6,octahedral_factor_mu,0.6291208791208791,0.0016270512092634
direct_000789,Rb2NaPrCl6,octahedral_factor_mu,0.6856287425149701,0.0043479900318871
direct_000790,Rb2NaPrI6,octahedral_factor_mu,0.5558252427184466,-0.0027104898774267
direct_000791,Rb2NaSbBr6,octahedral_factor_mu,0.5659340659340659,-0.0207095088763069
direct_000792,Rb2NaSbCl6,octahedral_factor_mu,0.6167664670658684,-0.0057720483758165
direct_000793,Rb2NaSbI6,octahedral_factor_mu,0.5,-0.0239534056565792
direct_000794,Rb2NaScBr6,octahedral_factor_mu,0.5618131868131868,-0.0108450863845088
direct_000795,Rb2NaScCl6,octahedral_factor_mu,0.6122754491017964,-0.0029501018956291
direct_000796,Rb2NaScI6,octahedral_factor_mu,0.4963592233009708,-0.0161462171124499
direct_000797,Rb2NaSmCl6,octahedral_factor_mu,0.6760479041916168,0.0049315531043377
direct_000798,Rb2NaTbCl6,octahedral_factor_mu,0.6655688622754491,0.0038620583308182
direct_000799,Rb2NaTlBr6,octahedral_factor_mu,0.6002747252747251,-0.0011487913406498
direct_000800,Rb2NaTlCl6,octahedral_factor_mu,0.654191616766467,0.0055792559858979
direct_000801,Rb2NaTmCl6,octahedral_factor_mu,0.652694610778443,0.0033148821076971
direct_000802,Rb2NaYBr6,octahedral_factor_mu,0.6043956043956045,-0.0031840136128533
direct_000803,Rb2NaYCl6,octahedral_factor_mu,0.658682634730539,0.0043294460438664
direct_000804,Rb2NaYI6,octahedral_factor_mu,0.5339805825242718,-0.0061472053579221
direct_000805,Rb2AgNdBr6,octahedral_factor_mu,0.662912087912088,0.0045758026266662
direct_000806,Rb2AgNdCl6,octahedral_factor_mu,0.7224550898203594,0.0064861792861966
direct_000807,Rb2AgNdI6,octahedral_factor_mu,0.5856796116504854,-0.0058482596309121
direct_000808,Rb2AuNdCl6,octahedral_factor_mu,0.7883233532934132,0.0008668382622491
direct_000809,Rb2CuNdBr6,octahedral_factor_mu,0.5585164835164834,-0.008913782813019
direct_000810,Rb2CuNdCl6,octahedral_factor_mu,0.608682634730539,-0.0028036767165221
direct_000811,Rb2CuNdI6,octahedral_factor_mu,0.4934466019417475,-0.0097023068487991
direct_000812,Rb2AgPrBr6,octahedral_factor_mu,0.6648351648351648,0.0048911843780496
direct_000813,Rb2AgPrCl6,octahedral_factor_mu,0.7245508982035929,0.0067205141745945
direct_000814,Rb2AgPrI6,octahedral_factor_mu,0.587378640776699,-0.006105500743815
direct_000815,Rb2AuPrCl6,octahedral_factor_mu,0.7904191616766466,0.0004985982768839
direct_000816,Rb2CuPrBr6,octahedral_factor_mu,0.5604395604395604,-0.0096551184350328
direct_000817,Rb2CuPrCl6,octahedral_factor_mu,0.6107784431137725,-0.0028593031268872
direct_000818,Rb2CuPrI6,octahedral_factor_mu,0.4951456310679611,-0.0109329071634189
direct_000819,Rb2AuSbCl6,octahedral_factor_mu,0.721556886227545,0.0061980136853578
direct_000820,Rb2AgScBr6,octahedral_factor_mu,0.5975274725274724,-0.0164055712638059
direct_000821,Rb2AgScCl6,octahedral_factor_mu,0.6511976047904191,0.0202343974370399
direct_000822,Rb2AgScI6,octahedral_factor_mu,0.5279126213592232,-0.0217206880852271
direct_000823,Rb2AuScBr6,octahedral_factor_mu,0.657967032967033,0.0049550180031565
direct_000824,Rb2AuScCl6,octahedral_factor_mu,0.7170658682634731,0.0078787001498618
direct_000825,Rb2AuScI6,octahedral_factor_mu,0.5813106796116505,-0.0075543642032271
direct_000826,Rb2CuScCl6,octahedral_factor_mu,0.5374251497005988,-0.0205898880321587
direct_000827,Rb2InScBr6,octahedral_factor_mu,0.6689560439560439,0.0236919060289323
direct_000828,Rb2InScCl6,octahedral_factor_mu,0.7290419161676647,0.0275593665975037
direct_000829,Rb2InScI6,octahedral_factor_mu,0.5910194174757282,-0.01225468740116
direct_000830,Rb2TlScBr6,octahedral_factor_mu,0.6936813186813187,0.0308963241404937
direct_000831,Rb2TlScCl6,octahedral_factor_mu,0.7559880239520959,0.0283706622127605
direct_000832,Rb2TlScI6,octahedral_factor_mu,0.6128640776699029,-0.0270919331542948
direct_000833,Rb2AgSmCl6,octahedral_factor_mu,0.7149700598802395,0.0064472521307536
direct_000834,Rb2AuSmCl6,octahedral_factor_mu,0.7808383233532935,0.0016822705918802
direct_000835,Rb2CuSmCl6,octahedral_factor_mu,0.6011976047904192,-0.004914178471355
direct_000836,Rb2AgTbCl6,octahedral_factor_mu,0.7044910179640718,0.0062242872254296
direct_000837,Rb2AuTbCl6,octahedral_factor_mu,0.7703592814371257,0.0033038984842022
direct_000838,Rb2CuTbCl6,octahedral_factor_mu,0.5907185628742515,-0.0055915241907345
direct_000839,Rb2TlAsBr6,octahedral_factor_mu,0.6483516483516483,0.0175961254835678
direct_000840,Rb2TlAsCl6,octahedral_factor_mu,0.7065868263473054,0.0190268848239852
direct_000841,Rb2TlAsI6,octahedral_factor_mu,0.5728155339805825,-0.0109089832640854
direct_000842,Rb2TlBiBr6,octahedral_factor_mu,0.7719780219780218,0.0129642706440316
direct_000843,Rb2TlGaBr6,octahedral_factor_mu,0.6593406593406593,0.0061412453169135
direct_000844,Rb2TlGaCl6,octahedral_factor_mu,0.718562874251497,0.008512536555892
direct_000845,Rb2TlGaI6,octahedral_factor_mu,0.5825242718446602,-0.0119926612690419
direct_000846,Rb2TlInBr6,octahedral_factor_mu,0.7087912087912088,0.0080583572564704
direct_000847,Rb2TlInCl6,octahedral_factor_mu,0.7724550898203594,-0.0017755808564048
direct_000848,Rb2TlInI6,octahedral_factor_mu,0.6262135922330098,0.0010348258319611
direct_000849,Rb2TlSbBr6,octahedral_factor_mu,0.6978021978021978,0.020009463602036
direct_000850,Rb2TlSbCl6,octahedral_factor_mu,0.7604790419161677,0.0202008646219913
direct_000851,Rb2TlSbI6,octahedral_factor_mu,0.616504854368932,0.0045135453764164
direct_000852,Rb2AgTmCl6,octahedral_factor_mu,0.6916167664670659,0.0055832565120514
direct_000853,Rb2AuTmCl6,octahedral_factor_mu,0.7574850299401199,0.0053464327276118
direct_000854,Rb2CuTmCl6,octahedral_factor_mu,0.5778443113772456,-0.0079929619660176
direct_000855,Rb2AgYBr6,octahedral_factor_mu,0.6401098901098901,0.0028900127321067
direct_000856,Rb2AgYCl6,octahedral_factor_mu,0.6976047904191617,0.0079338442500034
direct_000857,Rb2AgYI6,octahedral_factor_mu,0.5655339805825242,-0.0092293072264551
direct_000858,Rb2AuYBr6,octahedral_factor_mu,0.7005494505494505,0.0066489168628575
direct_000859,Rb2AuYCl6,octahedral_factor_mu,0.7634730538922155,0.0056394321452873
direct_000860,Rb2AuYI6,octahedral_factor_mu,0.6189320388349514,0.0015533915569491
direct_000861,Rb2CuYBr6,octahedral_factor_mu,0.5357142857142857,-0.0127707050922533
direct_000862,Rb2CuYCl6,octahedral_factor_mu,0.5838323353293414,-0.0093544739952331
direct_000863,Rb2CuYI6,octahedral_factor_mu,0.4733009708737864,-0.0056932251933963
direct_000864,Rb2InYBr6,octahedral_factor_mu,0.7115384615384615,0.023006832888338
direct_000865,Rb2InYCl6,octahedral_factor_mu,0.7754491017964071,-0.0174279540092514
direct_000866,Rb2InYI6,octahedral_factor_mu,0.6286407766990291,0.0030561647386097
direct_000867,Rb2TlYBr6,octahedral_factor_mu,0.7362637362637362,0.0098649059995508
direct_000868,Rb2TlYCl6,octahedral_factor_mu,0.8023952095808383,-0.0006334216290933
direct_000869,Rb2TlYI6,octahedral_factor_mu,0.6504854368932038,0.0092152195531209
direct_000870,O2PSbCl6,octahedral_factor_mu,0.3832335329341317,-0.0079346577351143
direct_000871,S2NSbCl6,octahedral_factor_mu,0.3083832335329342,0.0087777396098692
direct_000872,Cs2GeSnCl6,octahedral_factor_mu,0.6946107784431138,0.0088538925984654
direct_000873,Cs2GeSnBr6,octahedral_factor_mu,0.6373626373626373,0.0061388682158721
direct_000874,Rb2GeSnCl6,octahedral_factor_mu,0.6946107784431138,0.0091157798315755
direct_000875,Rb2GeSnBr6,octahedral_factor_mu,0.6373626373626373,0.006665814019202
direct_000876,K2GeSnBr6,octahedral_factor_mu,0.6373626373626373,0.0066086023417269
direct_000877,K2GeSnI6,octahedral_factor_mu,0.5631067961165048,-0.0068985461254917
direct_000878,Na2GeSnCl6,octahedral_factor_mu,0.6946107784431138,0.0093395364609693
direct_000879,K2GeSnCl6,octahedral_factor_mu,0.6946107784431138,0.0093385124907217
direct_000880,Li2GeSnCl6,octahedral_factor_mu,0.6946107784431138,0.009297746340773
direct_000881,Li2GeSnBr6,octahedral_factor_mu,0.6373626373626373,0.0065843351617217
direct_000882,Li2GeSnI6,octahedral_factor_mu,0.5631067961165048,-0.0068617830447159
direct_000883,Rb2GeSnI6,octahedral_factor_mu,0.5631067961165048,-0.0067066523445754
direct_000884,Cs2GeSnI6,octahedral_factor_mu,0.5631067961165048,-0.0067884855028965
direct_000001,Al2OSnCl6,r_Bavg_plus_r_X,3.025,0.0017338996124588
direct_000002,S2NAlCl6,r_Bavg_plus_r_X,2.3325,0.0076483485265998
direct_000003,Cs2AgAsBr6,r_Bavg_plus_r_X,2.825,-0.005986570818343
direct_000004,Cs2AgAsCl6,r_Bavg_plus_r_X,2.675,-0.0022529688079765
direct_000005,Cs2AgAuCl6,r_Bavg_plus_r_X,2.81,0.0005283730227082
direct_000006,Cs2AgBiBr6,r_Bavg_plus_r_X,3.05,0.0026227973119606
direct_000007,Cs2AgBiCl6,r_Bavg_plus_r_X,2.9,0.0021991084450258
direct_000008,Cs2AgBiI6,r_Bavg_plus_r_X,3.29,-0.0081584734494404
direct_000009,Cs2AgMoBr6,r_Bavg_plus_r_X,2.88,0.0089630760372146
direct_000010,Cs2AgMoCl6,r_Bavg_plus_r_X,2.73,0.0073170222198156
direct_000011,Cs2AgSbBr6,r_Bavg_plus_r_X,2.915,0.0001469935303677
direct_000012,Cs2AgSbCl6,r_Bavg_plus_r_X,2.765,-0.0022538362701358
direct_000013,Cs2AgSbI6,r_Bavg_plus_r_X,3.155,-0.0061600374306207
direct_000014,Cs2AgAlBr6,r_Bavg_plus_r_X,2.8025,0.013309126658868
direct_000015,Cs2AgAlCl6,r_Bavg_plus_r_X,2.6525,0.0147390988585549
direct_000016,Cs2AlAuCl6,r_Bavg_plus_r_X,2.79,-0.001528424960541
direct_000017,Cs2CuAlCl6,r_Bavg_plus_r_X,2.4625,-0.0022560118675306
direct_000018,Cs2InAlBr6,r_Bavg_plus_r_X,2.9325,0.0002116956494898
direct_000019,Cs2InAlCl6,r_Bavg_plus_r_X,2.7825,0.0011926551054649
direct_000020,Cs2InAlI6,r_Bavg_plus_r_X,3.1725000000000003,-0.0067941525221414
direct_000021,Cs2TlAlBr6,r_Bavg_plus_r_X,2.9775,-3.466625820644344e-05
direct_000022,Cs2TlAlCl6,r_Bavg_plus_r_X,2.8275,0.0008240488278191
direct_000023,Cs2TlAlI6,r_Bavg_plus_r_X,3.2175,-0.0060525235134289
direct_000024,Cs2AsAuCl6,r_Bavg_plus_r_X,2.74,-0.0005214953850054
direct_000025,Cs2BrAsCl6,r_Bavg_plus_r_X,2.88,0.0021989612158551
direct_000026,Cs2BiAuBr6,r_Bavg_plus_r_X,3.115,0.0028534860080784
direct_000027,Cs2BiAuCl6,r_Bavg_plus_r_X,2.965,0.0015976513709151
direct_000028,Cs2FBrCl6,r_Bavg_plus_r_X,2.49,0.0097936576617635
direct_000029,Cs2CaSnCl6,r_Bavg_plus_r_X,2.965,0.0090605155557377
direct_000030,Cs2AgCeBr6,r_Bavg_plus_r_X,3.04,0.0035217611573466
direct_000031,Cs2AgCeCl6,r_Bavg_plus_r_X,2.89,0.0025190944343246
direct_000032,Cs2AgCeI6,r_Bavg_plus_r_X,3.28,-0.0060937731312902
direct_000033,Cs2CuCeCl6,r_Bavg_plus_r_X,2.7,0.0019878671471859
direct_000034,Cs2CuCeI6,r_Bavg_plus_r_X,3.09,0.0011340110684841
direct_000035,Cs2CuAsCl6,r_Bavg_plus_r_X,2.485,-0.0145952227254804
direct_000036,Cs2CuBiBr6,r_Bavg_plus_r_X,2.8600000000000003,0.0014685248180075
direct_000037,Cs2CuBiCl6,r_Bavg_plus_r_X,2.71,0.0015878990123631
direct_000038,Cs2CuBiI6,r_Bavg_plus_r_X,3.1,0.0005818118808639
direct_000039,Cs2CuMoBr6,r_Bavg_plus_r_X,2.69,0.0122162786959468
direct_000040,Cs2CuMoCl6,r_Bavg_plus_r_X,2.54,0.0069329756049473
direct_000041,Cs2CuMoI6,r_Bavg_plus_r_X,2.93,-8.124995698528051e-05
direct_000042,Cs2CuSbBr6,r_Bavg_plus_r_X,2.725,0.0020680550261184
direct_000043,Cs2CuSbCl6,r_Bavg_plus_r_X,2.575,0.0013955606765397
direct_000044,Cs2CuSbI6,r_Bavg_plus_r_X,2.965,0.0007262905046072
direct_000045,Cs2AuDyCl6,r_Bavg_plus_r_X,2.951,0.0003822920053539
direct_000046,Cs2CuDyCl6,r_Bavg_plus_r_X,2.651,0.0012652549919184
direct_000047,Cs2AuErCl6,r_Bavg_plus_r_X,2.94,0.0006329786324957
direct_000048,Cs2CuErCl6,r_Bavg_plus_r_X,2.64,0.0012942497140842
direct_000049,Cs2AgGaBr6,r_Bavg_plus_r_X,2.845,-0.0034554504120059
direct_000050,Cs2AgGaCl6,r_Bavg_plus_r_X,2.695,0.0203237902680877
direct_000051,Cs2AuGdCl6,r_Bavg_plus_r_X,2.9625,0.0001768903540117
direct_000052,Cs2HgPdCl6,r_Bavg_plus_r_X,2.75,-0.0034030230145475
direct_000053,Cs2IBrCl6,r_Bavg_plus_r_X,2.925,0.0071321631095755
direct_000054,Cs2FICl6,r_Bavg_plus_r_X,2.81,0.003103285887338
direct_000055,Cs2AgInBr6,r_Bavg_plus_r_X,2.935,0.0060309623436439
direct_000056,Cs2AgInCl6,r_Bavg_plus_r_X,2.785,0.007894199925813
direct_000057,Cs2InAsBr6,r_Bavg_plus_r_X,2.955,0.0176904015536521
direct_000058,Cs2InAsCl6,r_Bavg_plus_r_X,2.805,-0.0074003585483146
direct_000059,Cs2InAsI6,r_Bavg_plus_r_X,3.1950000000000003,0.0072001811846707
direct_000060,Cs2InBiBr6,r_Bavg_plus_r_X,3.18,0.0047592591230944
direct_000061,Cs2InBiCl6,r_Bavg_plus_r_X,3.03,0.0100618750188264
direct_000062,Cs2InBiI6,r_Bavg_plus_r_X,3.42,-0.0267224281115783
direct_000063,Cs2InGaBr6,r_Bavg_plus_r_X,2.975,0.0004338119398055
direct_000064,Cs2InGaCl6,r_Bavg_plus_r_X,2.825,-0.0026385315048513
direct_000065,Cs2InGaI6,r_Bavg_plus_r_X,3.215,-0.0054522360503755
direct_000066,Cs2InSbBr6,r_Bavg_plus_r_X,3.045,0.0115084250925618
direct_000067,Cs2InSbCl6,r_Bavg_plus_r_X,2.895,0.0099808368928642
direct_000068,Cs2InSbI6,r_Bavg_plus_r_X,3.285,-0.0371611610815542
direct_000069,Cs2KAlBr6,r_Bavg_plus_r_X,2.9175000000000004,0.0038375156519766
direct_000070,Cs2KAlCl6,r_Bavg_plus_r_X,2.7675,0.008431744271729
direct_000071,Cs2KAlI6,r_Bavg_plus_r_X,3.1575,-0.0012456767453358
direct_000072,Cs2KAsBr6,r_Bavg_plus_r_X,2.9400000000000004,0.0251409839544376
direct_000073,Cs2KAsCl6,r_Bavg_plus_r_X,2.79,0.0162246172833009
direct_000074,Cs2KAsI6,r_Bavg_plus_r_X,3.18,-0.0174138566329685
direct_000075,Cs2KAuCl6,r_Bavg_plus_r_X,2.925,0.0022263098069976
direct_000076,Cs2KBiBr6,r_Bavg_plus_r_X,3.165,0.0004583617411128
direct_000077,Cs2KBiCl6,r_Bavg_plus_r_X,3.015,0.011870518291187
direct_000078,Cs2KBiI6,r_Bavg_plus_r_X,3.405,-0.0483887213393217
direct_000079,Cs2KCeBr6,r_Bavg_plus_r_X,3.155,-0.0108626486267906
direct_000080,Cs2KCeCl6,r_Bavg_plus_r_X,3.005,-0.0014116999210473
direct_000081,Cs2KCeI6,r_Bavg_plus_r_X,3.395,-0.0232022652258844
direct_000082,Cs2KCrCl6,r_Bavg_plus_r_X,3.13,-0.002307605884088
direct_000083,Cs2KDyCl6,r_Bavg_plus_r_X,2.956,0.0038148353317725
direct_000084,Cs2KGaBr6,r_Bavg_plus_r_X,2.96,0.0069427403970506
direct_000085,Cs2KGaCl6,r_Bavg_plus_r_X,2.81,0.005724786913493
direct_000086,Cs2KGaI6,r_Bavg_plus_r_X,3.2,-0.0015951461608207
direct_000087,Cs2KHoCl6,r_Bavg_plus_r_X,2.9505,0.003886921595306
direct_000088,Cs2KInBr6,r_Bavg_plus_r_X,3.05,0.0071660516835039
direct_000089,Cs2KInCl6,r_Bavg_plus_r_X,2.9,0.0044608521006792
direct_000090,Cs2KInI6,r_Bavg_plus_r_X,3.29,-0.0122778691851127
direct_000091,Cs2KLaCl6,r_Bavg_plus_r_X,3.016,0.0080705483417909
direct_000092,Cs2KLuCl6,r_Bavg_plus_r_X,2.9305,0.0049336287304721
direct_000093,Cs2KMoBr6,r_Bavg_plus_r_X,2.995,0.0186637553692744
direct_000094,Cs2KMoCl6,r_Bavg_plus_r_X,2.845,0.0177877076678451
direct_000095,Cs2KMoI6,r_Bavg_plus_r_X,3.2350000000000003,-0.004790660465666
direct_000096,Cs2KNdBr6,r_Bavg_plus_r_X,3.1415,0.00080655416123
direct_000097,Cs2KNdCl6,r_Bavg_plus_r_X,2.9915,0.0032164055169731
direct_000098,Cs2KNdI6,r_Bavg_plus_r_X,3.3815,-0.0309774267264986
direct_000099,Cs2KPrBr6,r_Bavg_plus_r_X,3.145,0.0007577693824431
direct_000100,Cs2KPrCl6,r_Bavg_plus_r_X,2.995,0.0030634096676269
direct_000101,Cs2KPrI6,r_Bavg_plus_r_X,3.385,-0.0308900617447776
direct_000102,Cs2KSbBr6,r_Bavg_plus_r_X,3.03,0.0120678208833334
direct_000103,Cs2KSbCl6,r_Bavg_plus_r_X,2.88,0.0085859869913988
direct_000104,Cs2KSbI6,r_Bavg_plus_r_X,3.27,-0.0219963106906883
direct_000105,Cs2KScBr6,r_Bavg_plus_r_X,3.0225,-0.0083620387392164
direct_000106,Cs2KScCl6,r_Bavg_plus_r_X,2.8725,-0.0054868654737533
direct_000107,Cs2KScI6,r_Bavg_plus_r_X,3.2625,-0.023574519919052
direct_000108,Cs2KSmCl6,r_Bavg_plus_r_X,2.979,0.0030625949365612
direct_000109,Cs2KTbCl6,r_Bavg_plus_r_X,2.9615,0.00462038204112
direct_000110,Cs2KTlBr6,r_Bavg_plus_r_X,3.0925,0.0030115162473047
direct_000111,Cs2KTlCl6,r_Bavg_plus_r_X,2.9425,0.0032285991547438
direct_000112,Cs2KTlI6,r_Bavg_plus_r_X,3.3325,-0.0133010131634709
direct_000113,Cs2KYBr6,r_Bavg_plus_r_X,3.1,0.0045829851776157
direct_000114,Cs2KYCl6,r_Bavg_plus_r_X,2.95,0.0054504031517864
direct_000115,Cs2KYI6,r_Bavg_plus_r_X,3.34,-0.0595638553284236
direct_000116,Cs2AgLaCl6,r_Bavg_plus_r_X,2.901,0.0029845714747166
direct_000117,Cs2AuLaCl6,r_Bavg_plus_r_X,3.011,0.00066868061839
direct_000118,Cs2CuLaCl6,r_Bavg_plus_r_X,2.711,0.0017764898748151
direct_000119,Cs2LiBiBr6,r_Bavg_plus_r_X,2.855,0.0024848856944171
direct_000120,Cs2LiBiCl6,r_Bavg_plus_r_X,2.705,0.0004264479391798
direct_000121,Cs2LiBiI6,r_Bavg_plus_r_X,3.095,0.0006675895514819
direct_000122,Cs2LiCeBr6,r_Bavg_plus_r_X,2.845,0.0006639286734819
direct_000123,Cs2LiCeI6,r_Bavg_plus_r_X,3.085,-0.0009033750741523
direct_000124,Cs2LiDyCl6,r_Bavg_plus_r_X,2.646,0.0050183160306285
direct_000125,Cs2LiErCl6,r_Bavg_plus_r_X,2.635,0.0043605727070531
direct_000126,Cs2LiGdCl6,r_Bavg_plus_r_X,2.6575,0.0050439971228071
direct_000127,Cs2LiInBr6,r_Bavg_plus_r_X,2.74,0.006291426967807
direct_000128,Cs2LiInCl6,r_Bavg_plus_r_X,2.59,0.0012120612197529
direct_000129,Cs2LiLaBr6,r_Bavg_plus_r_X,2.856,0.0059112875795268
direct_000130,Cs2LiLaCl6,r_Bavg_plus_r_X,2.706,0.0087140128569605
direct_000131,Cs2LiLuCl6,r_Bavg_plus_r_X,2.6205,0.0055738200970567
direct_000132,Cs2LiMoBr6,r_Bavg_plus_r_X,2.685,0.0127706080811438
direct_000133,Cs2LiMoCl6,r_Bavg_plus_r_X,2.535,-0.036100086441435
direct_000134,Cs2LiMoI6,r_Bavg_plus_r_X,2.925,0.0201195313092958
direct_000135,Cs2LiNdBr6,r_Bavg_plus_r_X,2.8315,0.0029074573807174
direct_000136,Cs2LiNdCl6,r_Bavg_plus_r_X,2.6815,0.0050374910361065
direct_000137,Cs2LiNdI6,r_Bavg_plus_r_X,3.0715000000000003,0.0087160233546576
direct_000138,Cs2LiPrBr6,r_Bavg_plus_r_X,2.835,0.0031264794831121
direct_000139,Cs2LiPrCl6,r_Bavg_plus_r_X,2.685,0.0050303484040499
direct_000140,Cs2LiPrI6,r_Bavg_plus_r_X,3.075,0.0071630969214318
direct_000141,Cs2LiSbBr6,r_Bavg_plus_r_X,2.72,-0.0003612740904179
direct_000142,Cs2LiSbCl6,r_Bavg_plus_r_X,2.57,-0.0025603672397933
direct_000143,Cs2LiSbI6,r_Bavg_plus_r_X,2.96,0.0025200128935383
direct_000144,Cs2LiScCl6,r_Bavg_plus_r_X,2.5625,0.0228311702537155
direct_000145,Cs2LiSmCl6,r_Bavg_plus_r_X,2.669,0.0049645648202751
direct_000146,Cs2LiTbCl6,r_Bavg_plus_r_X,2.6515,0.0057552619085135
direct_000147,Cs2LiTlBr6,r_Bavg_plus_r_X,2.7825,0.0079377943971875
direct_000148,Cs2LiTlCl6,r_Bavg_plus_r_X,2.6325,0.0053904952809181
direct_000149,Cs2LiTmCl6,r_Bavg_plus_r_X,2.63,0.0042568332551968
direct_000150,Cs2LiYBr6,r_Bavg_plus_r_X,2.79,0.0052024568983404
direct_000151,Cs2LiYCl6,r_Bavg_plus_r_X,2.64,0.0058052619646194
direct_000152,Cs2LiYI6,r_Bavg_plus_r_X,3.03,0.011040636569767
direct_000153,Cs2AgLuCl6,r_Bavg_plus_r_X,2.8155,-0.0001340565086305
direct_000154,Cs2NaAlCl6,r_Bavg_plus_r_X,2.5875,0.0097820578925548
direct_000155,Cs2NaAsBr6,r_Bavg_plus_r_X,2.76,-0.0141526148043826
direct_000156,Cs2NaAsCl6,r_Bavg_plus_r_X,2.61,-0.0250258864002318
direct_000157,Cs2NaBiBr6,r_Bavg_plus_r_X,2.9850000000000003,0.004177854779372
direct_000158,Cs2NaBiCl6,r_Bavg_plus_r_X,2.835,0.0020839667974167
direct_000159,Cs2NaBiI6,r_Bavg_plus_r_X,3.225,-0.0023238092160645
direct_000160,Cs2NaCeCl6,r_Bavg_plus_r_X,2.825,-0.0020114421156484
direct_000161,Cs2NaCeI6,r_Bavg_plus_r_X,3.215,-0.0042660362841454
direct_000162,Cs2NaCrCl6,r_Bavg_plus_r_X,2.95,0.0060475925531296
direct_000163,Cs2NaDyCl6,r_Bavg_plus_r_X,2.776,0.0027163436771902
direct_000164,Cs2NaErCl6,r_Bavg_plus_r_X,2.765,0.0043865765936898
direct_000165,Cs2NaGaBr6,r_Bavg_plus_r_X,2.78,0.0095033649865182
direct_000166,Cs2NaGaCl6,r_Bavg_plus_r_X,2.63,0.0045663879670773
direct_000167,Cs2NaGdCl6,r_Bavg_plus_r_X,2.7875,0.0027679524124296
direct_000168,Cs2NaHoCl6,r_Bavg_plus_r_X,2.7705,0.0020637118276274
direct_000169,Cs2NaInBr6,r_Bavg_plus_r_X,2.87,0.007356527578306
direct_000170,Cs2NaInCl6,r_Bavg_plus_r_X,2.72,0.0047732911563788
direct_000171,Cs2NaInI6,r_Bavg_plus_r_X,3.11,0.0027839620940222
direct_000172,Cs2NaLaBr6,r_Bavg_plus_r_X,2.986,0.0066893146856776
direct_000173,Cs2NaLaCl6,r_Bavg_plus_r_X,2.836,0.0072753805790099
direct_000174,Cs2NaLuCl6,r_Bavg_plus_r_X,2.7505,0.0056214110890816
direct_000175,Cs2NaMoBr6,r_Bavg_plus_r_X,2.815,0.0203624888729434
direct_000176,Cs2NaMoCl6,r_Bavg_plus_r_X,2.665,-0.0051363922867068
direct_000177,Cs2NaMoI6,r_Bavg_plus_r_X,3.055,0.0173385578316162
direct_000178,Cs2NaNdBr6,r_Bavg_plus_r_X,2.9615,0.0028807532841674
direct_000179,Cs2NaNdCl6,r_Bavg_plus_r_X,2.8115,0.0028863937370507
direct_000180,Cs2NaPrBr6,r_Bavg_plus_r_X,2.965,0.0028928211797492
direct_000181,Cs2NaPrCl6,r_Bavg_plus_r_X,2.815,0.0024379395938946
direct_000182,Cs2NaPrI6,r_Bavg_plus_r_X,3.205,0.0021749038946133
direct_000183,Cs2NaSbBr6,r_Bavg_plus_r_X,2.85,0.0014557415754556
direct_000184,Cs2NaSbCl6,r_Bavg_plus_r_X,2.7,-0.000669692563274
direct_000185,Cs2NaSbI6,r_Bavg_plus_r_X,3.09,0.0004472115193355
direct_000186,Cs2NaScBr6,r_Bavg_plus_r_X,2.8425,-0.0062865220597768
direct_000187,Cs2NaScCl6,r_Bavg_plus_r_X,2.6925,0.0331781323208135
direct_000188,Cs2NaScI6,r_Bavg_plus_r_X,3.0825,-0.0095332018364033
direct_000189,Cs2NaSmCl6,r_Bavg_plus_r_X,2.799,0.0028792071949192
direct_000190,Cs2NaTbCl6,r_Bavg_plus_r_X,2.7815,0.0038969050049857
direct_000191,Cs2NaTlBr6,r_Bavg_plus_r_X,2.9125,0.0059891863907604
direct_000192,Cs2NaTlCl6,r_Bavg_plus_r_X,2.7625,0.0049832469017264
direct_000193,Cs2NaTlI6,r_Bavg_plus_r_X,3.1525,-0.0225304729565394
direct_000194,Cs2NaTmCl6,r_Bavg_plus_r_X,2.76,0.0045195711943791
direct_000195,Cs2NaUBr6,r_Bavg_plus_r_X,2.9825,0.0064370438542218
direct_000196,Cs2NaUCl6,r_Bavg_plus_r_X,2.8325,-0.0001654073044615
direct_000197,Cs2NaYBr6,r_Bavg_plus_r_X,2.92,0.004988958091145
direct_000198,Cs2NaYCl6,r_Bavg_plus_r_X,2.77,0.0029859596422999
direct_000199,Cs2NaYI6,r_Bavg_plus_r_X,3.16,0.0023626105695732
direct_000200,Cs2AgNdBr6,r_Bavg_plus_r_X,3.0265000000000004,0.0019649191464585
direct_000201,Cs2AgNdCl6,r_Bavg_plus_r_X,2.8765,0.0019386075040481
direct_000202,Cs2AgNdI6,r_Bavg_plus_r_X,3.2665,-0.006175128918755
direct_000203,Cs2AuNdCl6,r_Bavg_plus_r_X,2.9865,-2.7912854388727247e-05
direct_000204,Cs2CuNdBr6,r_Bavg_plus_r_X,2.8365,0.0011994784745033
direct_000205,Cs2CuNdI6,r_Bavg_plus_r_X,3.0765,0.0019493697531552
direct_000206,Cs2AgPrCl6,r_Bavg_plus_r_X,2.88,0.0021943619904182
direct_000207,Cs2AgPrI6,r_Bavg_plus_r_X,3.27,-0.0057420957886567
direct_000208,Cs2AuPrCl6,r_Bavg_plus_r_X,2.99,1.6817408055116543e-05
direct_000209,Cs2CuPrBr6,r_Bavg_plus_r_X,2.84,0.0014386459868724
direct_000210,Cs2CuPrCl6,r_Bavg_plus_r_X,2.69,0.0018632062601373
direct_000211,Cs2CuPrI6,r_Bavg_plus_r_X,3.08,0.0014613196143788
direct_000212,Cs2RbAlBr6,r_Bavg_plus_r_X,2.9875,0.0035396681201788
direct_000213,Cs2RbAlCl6,r_Bavg_plus_r_X,2.8375,0.0042726541678801
direct_000214,Cs2RbAlI6,r_Bavg_plus_r_X,3.2275,-0.0010894862321444
direct_000215,Cs2RbAsBr6,r_Bavg_plus_r_X,3.01,0.0245344557323122
direct_000216,Cs2RbAsCl6,r_Bavg_plus_r_X,2.86,0.0240847358219658
direct_000217,Cs2RbAsI6,r_Bavg_plus_r_X,3.25,-0.0519507422184907
direct_000218,Cs2RbAuCl6,r_Bavg_plus_r_X,2.995,0.0004078844960313
direct_000219,Cs2RbBiBr6,r_Bavg_plus_r_X,3.2350000000000003,0.001648494039763
direct_000220,Cs2RbBiCl6,r_Bavg_plus_r_X,3.085,0.0052971779699664
direct_000221,Cs2RbBiI6,r_Bavg_plus_r_X,3.475,-0.0953995965072528
direct_000222,Cs2RbCeCl6,r_Bavg_plus_r_X,3.075,0.0010724198405142
direct_000223,Cs2RbDyCl6,r_Bavg_plus_r_X,3.026,0.0062440665299132
direct_000224,Cs2RbErCl6,r_Bavg_plus_r_X,3.015,0.0052643631017764
direct_000225,Cs2RbGaBr6,r_Bavg_plus_r_X,3.03,0.0078346601384859
direct_000226,Cs2RbGaCl6,r_Bavg_plus_r_X,2.88,0.0053740291732279
direct_000227,Cs2RbGaI6,r_Bavg_plus_r_X,3.27,-0.0104708591751797
direct_000228,Cs2RbGdCl6,r_Bavg_plus_r_X,3.0375,0.0066381131759936
direct_000229,Cs2RbInBr6,r_Bavg_plus_r_X,3.12,0.0042354865117233
direct_000230,Cs2RbInCl6,r_Bavg_plus_r_X,2.97,0.0032969645664555
direct_000231,Cs2RbInI6,r_Bavg_plus_r_X,3.36,-0.0238460315692665
direct_000232,Cs2RbLaCl6,r_Bavg_plus_r_X,3.086,0.0029348002459934
direct_000233,Cs2RbLuCl6,r_Bavg_plus_r_X,3.0005,-0.0143663669935317
direct_000234,Cs2RbNdCl6,r_Bavg_plus_r_X,3.0615,0.0063272071237403
direct_000235,Cs2RbPrCl6,r_Bavg_plus_r_X,3.065,0.0063134993648846
direct_000236,Cs2RbSbBr6,r_Bavg_plus_r_X,3.1,0.009396075208714
direct_000237,Cs2RbSbCl6,r_Bavg_plus_r_X,2.95,0.0080299138003839
direct_000238,Cs2RbSbI6,r_Bavg_plus_r_X,3.34,-0.0280160262889084
direct_000239,Cs2RbScBr6,r_Bavg_plus_r_X,3.0925,-0.010918864160396
direct_000240,Cs2RbScCl6,r_Bavg_plus_r_X,2.9425,-0.0061603881451507
direct_000241,Cs2RbScI6,r_Bavg_plus_r_X,3.3325,-0.0374779326765327
direct_000242,Cs2RbSmCl6,r_Bavg_plus_r_X,3.049,0.0062550739757347
direct_000243,Cs2RbTbCl6,r_Bavg_plus_r_X,3.0315,0.0070015982392582
direct_000244,Cs2RbTlBr6,r_Bavg_plus_r_X,3.1625,-0.002393571631017
direct_000245,Cs2RbTlCl6,r_Bavg_plus_r_X,3.0125,0.003311074652095
direct_000246,Cs2RbTlI6,r_Bavg_plus_r_X,3.4025,-0.0101413132175306
direct_000247,Cs2RbTmCl6,r_Bavg_plus_r_X,3.01,0.0049264370191695
direct_000248,Cs2RbYBr6,r_Bavg_plus_r_X,3.17,-0.0020217263632771
direct_000249,Cs2RbYCl6,r_Bavg_plus_r_X,3.02,0.0069243110822349
direct_000250,Cs2RbYI6,r_Bavg_plus_r_X,3.41,-0.0823223440786759
direct_000251,Cs2AuSbBr6,r_Bavg_plus_r_X,3.0250000000000004,-0.0004549026868156
direct_000252,Cs2AuSbCl6,r_Bavg_plus_r_X,2.875,-0.0011089307513525
direct_000253,Cs2AgScBr6,r_Bavg_plus_r_X,2.9075,-0.0082976907304344
direct_000254,Cs2AgScCl6,r_Bavg_plus_r_X,2.7575,0.0211239821177287
direct_000255,Cs2AgScI6,r_Bavg_plus_r_X,3.1475,-0.0118677944367631
direct_000256,Cs2AuScBr6,r_Bavg_plus_r_X,3.0175,-0.0052810867921291
direct_000257,Cs2AuScCl6,r_Bavg_plus_r_X,2.8675,-0.0049431632291877
direct_000258,Cs2AuScI6,r_Bavg_plus_r_X,3.2575000000000003,-0.0161645732122903
direct_000259,Cs2CuScCl6,r_Bavg_plus_r_X,2.5675,0.0097473434974557
direct_000260,Cs2InScBr6,r_Bavg_plus_r_X,3.0375,0.0132575147868948
direct_000261,Cs2InScCl6,r_Bavg_plus_r_X,2.8875,0.0143331105942902
direct_000262,Cs2InScI6,r_Bavg_plus_r_X,3.2775,-0.0105663455387941
direct_000263,Cs2TlScBr6,r_Bavg_plus_r_X,3.0825,0.015075129646602
direct_000264,Cs2TlScCl6,r_Bavg_plus_r_X,2.9325,0.0175959081935661
direct_000265,Cs2TlScI6,r_Bavg_plus_r_X,3.3225,-0.0723591558276801
direct_000266,Cs2AuSmCl6,r_Bavg_plus_r_X,2.974,1.846729480127801e-05
direct_000267,Cs2CuSmCl6,r_Bavg_plus_r_X,2.674,0.0013211041654588
direct_000268,Cs2AuTbCl6,r_Bavg_plus_r_X,2.9565,0.0006595041891521
direct_000269,Cs2CuTbCl6,r_Bavg_plus_r_X,2.6565,0.0010332288292396
direct_000270,Cs2TlAsBr6,r_Bavg_plus_r_X,3.0,0.0166040568721647
direct_000271,Cs2TlAsCl6,r_Bavg_plus_r_X,2.85,0.0138621950643448
direct_000272,Cs2TlAsI6,r_Bavg_plus_r_X,3.24,0.0060554120803669
direct_000273,Cs2TlBiBr6,r_Bavg_plus_r_X,3.225,0.0027050666977467
direct_000274,Cs2TlBiCl6,r_Bavg_plus_r_X,3.075,0.0079733258522157
direct_000275,Cs2TlBiI6,r_Bavg_plus_r_X,3.465,-0.0404552863562476
direct_000276,Cs2TlGaBr6,r_Bavg_plus_r_X,3.02,0.0013692201585969
direct_000277,Cs2TlGaCl6,r_Bavg_plus_r_X,2.87,0.0025883414361021
direct_000278,Cs2TlGaI6,r_Bavg_plus_r_X,3.26,-0.0150592802594786
direct_000279,Cs2TlInBr6,r_Bavg_plus_r_X,3.1100000000000003,-0.0015375965439843
direct_000280,Cs2TlInCl6,r_Bavg_plus_r_X,2.96,0.0023840678281516
direct_000281,Cs2TlInI6,r_Bavg_plus_r_X,3.35,-0.0187100225633264
direct_000282,Cs2TlSbBr6,r_Bavg_plus_r_X,3.09,0.0083799480148965
direct_000283,Cs2TlSbCl6,r_Bavg_plus_r_X,2.94,0.010053303087907
direct_000284,Cs2TlSbI6,r_Bavg_plus_r_X,3.33,-0.0341488188517987
direct_000285,Cs2CuTmCl6,r_Bavg_plus_r_X,2.635,0.0007387420074576
direct_000286,Cs2AgYBr6,r_Bavg_plus_r_X,2.9850000000000003,-0.0009646910267422
direct_000287,Cs2AgYCl6,r_Bavg_plus_r_X,2.835,-0.000582322608556
direct_000288,Cs2AgYI6,r_Bavg_plus_r_X,3.225,-0.0035862872507255
direct_000289,Cs2AuYBr6,r_Bavg_plus_r_X,3.095,-0.000697751560465
direct_000290,Cs2AuYCl6,r_Bavg_plus_r_X,2.945,-0.0005639271280125
direct_000291,Cs2AuYI6,r_Bavg_plus_r_X,3.335,-0.0161107994077456
direct_000292,Cs2CuYBr6,r_Bavg_plus_r_X,2.795,0.0020618020782371
direct_000293,Cs2CuYCl6,r_Bavg_plus_r_X,2.645,0.0021234114550071
direct_000294,Cs2CuYI6,r_Bavg_plus_r_X,3.035,0.0015835131789853
direct_000295,Cs2InYBr6,r_Bavg_plus_r_X,3.115,0.0165934779424548
direct_000296,Cs2InYCl6,r_Bavg_plus_r_X,2.965,0.0050339254064887
direct_000297,Cs2InYI6,r_Bavg_plus_r_X,3.355,-0.0301796354022016
direct_000298,Cs2TlYBr6,r_Bavg_plus_r_X,3.16,-0.0070434173400467
direct_000299,Cs2TlYCl6,r_Bavg_plus_r_X,3.01,0.0089913657584272
direct_000300,Cs2TlYI6,r_Bavg_plus_r_X,3.4,-0.0213628334489167
direct_000301,K2CsAlBr6,r_Bavg_plus_r_X,3.0625,0.0037504218411779
direct_000302,K2CsAlCl6,r_Bavg_plus_r_X,2.9125,0.0030601515920633
direct_000303,K2CsAlI6,r_Bavg_plus_r_X,3.3025,-0.0113761541751211
direct_000304,K2CsAsBr6,r_Bavg_plus_r_X,3.085,0.0207575030034555
direct_000305,K2CsAsCl6,r_Bavg_plus_r_X,2.935,0.0206721541200041
direct_000306,K2CsBiCl6,r_Bavg_plus_r_X,3.16,-0.0094977939641386
direct_000307,K2CsGaCl6,r_Bavg_plus_r_X,2.955,0.0039664988418705
direct_000308,K2CsInCl6,r_Bavg_plus_r_X,3.045,0.0055834820987952
direct_000309,K2CsSbCl6,r_Bavg_plus_r_X,3.025,-0.0008648682145232
direct_000310,K2CsScCl6,r_Bavg_plus_r_X,3.0175,-0.0094630357127141
direct_000311,Mn2CsRbCl6,r_Bavg_plus_r_X,3.405,-0.027484150958297
direct_000312,Rb2CsAlBr6,r_Bavg_plus_r_X,3.0625,0.0037493576969051
direct_000313,Rb2CsAlCl6,r_Bavg_plus_r_X,2.9125,0.0030458541231016
direct_000314,Rb2CsAlI6,r_Bavg_plus_r_X,3.3025,-0.0114113870328938
direct_000315,Rb2CsAsBr6,r_Bavg_plus_r_X,3.085,0.020806415478488
direct_000316,Rb2CsAsCl6,r_Bavg_plus_r_X,2.935,0.0211245035183902
direct_000317,Rb2CsAsI6,r_Bavg_plus_r_X,3.325,-0.0706770054169776
direct_000318,Rb2CsAuCl6,r_Bavg_plus_r_X,3.07,0.0042495424670597
direct_000319,Rb2CsDyCl6,r_Bavg_plus_r_X,3.101,0.0054001458770646
direct_000320,Rb2CsErCl6,r_Bavg_plus_r_X,3.09,0.0054616363636483
direct_000321,Rb2CsGaBr6,r_Bavg_plus_r_X,3.1050000000000004,0.0053256778873265
direct_000322,Rb2CsGaCl6,r_Bavg_plus_r_X,2.955,0.003995837604215
direct_000323,Rb2CsGaI6,r_Bavg_plus_r_X,3.345,-0.0294078188846353
direct_000324,Rb2CsGdCl6,r_Bavg_plus_r_X,3.1125,0.0053038083516003
direct_000325,Rb2CsInBr6,r_Bavg_plus_r_X,3.1950000000000003,0.0011891569054891
direct_000326,Rb2CsInCl6,r_Bavg_plus_r_X,3.045,0.0056101933171562
direct_000327,Rb2CsLuCl6,r_Bavg_plus_r_X,3.0755,0.0037721025951525
direct_000328,Rb2CsSbCl6,r_Bavg_plus_r_X,3.025,-0.000835969446815
direct_000329,Rb2CsScBr6,r_Bavg_plus_r_X,3.1675000000000004,-0.014548066268171
direct_000330,Rb2CsScCl6,r_Bavg_plus_r_X,3.0175,-0.009523055643399
direct_000331,Rb2CsTbCl6,r_Bavg_plus_r_X,3.1065,0.0041863199860555
direct_000332,Rb2CsTlBr6,r_Bavg_plus_r_X,3.2375,-0.0006982382122169
direct_000333,Rb2CsTmCl6,r_Bavg_plus_r_X,3.085,0.0048402800658718
direct_000334,Rb2CsYBr6,r_Bavg_plus_r_X,3.245,-0.0037828260189912
direct_000335,Rb2CsYCl6,r_Bavg_plus_r_X,3.095,0.0068179478437667
direct_000336,O2GaReCl6,r_Bavg_plus_r_X,2.385,-0.0042958639495733
direct_000337,Se2NGaCl6,r_Bavg_plus_r_X,2.375,0.0078739307406533
direct_000338,K2AgAsBr6,r_Bavg_plus_r_X,2.825,-0.0062689251113626
direct_000339,K2AgAsCl6,r_Bavg_plus_r_X,2.675,-0.0014392224803487
direct_000340,K2AgBiBr6,r_Bavg_plus_r_X,3.05,0.0018793637586514
direct_000341,K2AgBiCl6,r_Bavg_plus_r_X,2.9,0.0021263742569448
direct_000342,K2AgBiI6,r_Bavg_plus_r_X,3.29,-0.0082920373697522
direct_000343,K2AgMoBr6,r_Bavg_plus_r_X,2.88,0.0088920441791336
direct_000344,K2AgMoCl6,r_Bavg_plus_r_X,2.73,0.007861228187958
direct_000345,K2AgMoI6,r_Bavg_plus_r_X,3.12,0.0034431269401432
direct_000346,K2AgSbBr6,r_Bavg_plus_r_X,2.915,0.0004101450472804
direct_000347,K2AgSbCl6,r_Bavg_plus_r_X,2.765,-0.0020088652287031
direct_000348,K2AgSbI6,r_Bavg_plus_r_X,3.155,-0.0060860323146788
direct_000349,K2AgAlBr6,r_Bavg_plus_r_X,2.8025,0.0140490061242134
direct_000350,K2AgAlCl6,r_Bavg_plus_r_X,2.6525,0.0163768684759464
direct_000351,K2AlAuCl6,r_Bavg_plus_r_X,2.79,0.0021279568978138
direct_000352,K2InAlBr6,r_Bavg_plus_r_X,2.9325,-0.000693908416283
direct_000353,K2InAlCl6,r_Bavg_plus_r_X,2.7825,0.0022416644104745
direct_000354,K2InAlI6,r_Bavg_plus_r_X,3.1725000000000003,-0.0069382463321401
direct_000355,K2TlAlBr6,r_Bavg_plus_r_X,2.9775,-4.352361778072036e-05
direct_000356,K2TlAlCl6,r_Bavg_plus_r_X,2.8275,0.0012122838963508
direct_000357,K2TlAlI6,r_Bavg_plus_r_X,3.2175,-0.0058733502492937
direct_000358,K2AsAuBr6,r_Bavg_plus_r_X,2.89,0.0030000147326156
direct_000359,K2AsAuCl6,r_Bavg_plus_r_X,2.74,-0.0003332939611488
direct_000360,K2BiAuBr6,r_Bavg_plus_r_X,3.115,0.0023475833160191
direct_000361,K2BiAuCl6,r_Bavg_plus_r_X,2.965,0.0015250888236073
direct_000362,K2FBrCl6,r_Bavg_plus_r_X,2.49,0.011766185941522
direct_000363,K2AgCeBr6,r_Bavg_plus_r_X,3.04,0.0029589231081501
direct_000364,K2AgCeCl6,r_Bavg_plus_r_X,2.89,0.0025735762094358
direct_000365,K2AgCeI6,r_Bavg_plus_r_X,3.28,-0.0060595251137615
direct_000366,K2AuCeCl6,r_Bavg_plus_r_X,3.0,3.3914636393458467e-05
direct_000367,K2CuCeBr6,r_Bavg_plus_r_X,2.85,0.0015876167459733
direct_000368,K2CuCeCl6,r_Bavg_plus_r_X,2.7,0.0020303613051013
direct_000369,K2CuCeI6,r_Bavg_plus_r_X,3.09,0.0010865186708844
direct_000370,K2CuBiBr6,r_Bavg_plus_r_X,2.8600000000000003,0.0016979729902803
direct_000371,K2CuBiCl6,r_Bavg_plus_r_X,2.71,0.0009677351700988
direct_000372,K2CuBiI6,r_Bavg_plus_r_X,3.1,0.0006848970247321
direct_000373,K2CuMoBr6,r_Bavg_plus_r_X,2.69,0.0121574770141562
direct_000374,K2CuMoCl6,r_Bavg_plus_r_X,2.54,0.0057456469374763
direct_000375,K2CuMoI6,r_Bavg_plus_r_X,2.93,-0.0001520751933254
direct_000376,K2CuSbBr6,r_Bavg_plus_r_X,2.725,0.0022217072452339
direct_000377,K2CuSbCl6,r_Bavg_plus_r_X,2.575,0.0010047372102716
direct_000378,K2CuSbI6,r_Bavg_plus_r_X,2.965,0.0005473558972263
direct_000379,K2AgDyCl6,r_Bavg_plus_r_X,2.841,0.0013940320620276
direct_000380,K2AuDyCl6,r_Bavg_plus_r_X,2.951,0.0003563751383005
direct_000381,K2CuDyCl6,r_Bavg_plus_r_X,2.651,0.0009686004777303
direct_000382,K2AgErCl6,r_Bavg_plus_r_X,2.83,0.000743105651978
direct_000383,K2AuErCl6,r_Bavg_plus_r_X,2.94,0.000615086853461
direct_000384,K2CuErCl6,r_Bavg_plus_r_X,2.64,0.0011395913940554
direct_000385,K2AgGaCl6,r_Bavg_plus_r_X,2.695,0.0215070578128147
direct_000386,K2AuGdCl6,r_Bavg_plus_r_X,2.9625,0.0001314665594444
direct_000387,K2CuGdCl6,r_Bavg_plus_r_X,2.6625,0.001060419986777
direct_000388,K2AgInBr6,r_Bavg_plus_r_X,2.935,0.0063965623108951
direct_000389,K2AgInCl6,r_Bavg_plus_r_X,2.785,0.0088672628439242
direct_000390,K2InAsBr6,r_Bavg_plus_r_X,2.955,0.0184413254131093
direct_000391,K2InAsCl6,r_Bavg_plus_r_X,2.805,-0.0041648818638219
direct_000392,K2InGaBr6,r_Bavg_plus_r_X,2.975,0.0004803136283391
direct_000393,K2InGaCl6,r_Bavg_plus_r_X,2.825,-0.0024072273624078
direct_000394,K2InGaI6,r_Bavg_plus_r_X,3.215,-0.0056102670953263
direct_000395,K2InSbBr6,r_Bavg_plus_r_X,3.045,0.0113216273792153
direct_000396,K2InSbCl6,r_Bavg_plus_r_X,2.895,0.0096792003572665
direct_000397,K2InSbI6,r_Bavg_plus_r_X,3.285,-0.0387997567971588
direct_000398,K2AgLaCl6,r_Bavg_plus_r_X,2.901,0.0030300387845773
direct_000399,K2AuLaCl6,r_Bavg_plus_r_X,3.011,0.0006070396050776
direct_000400,K2CuLaCl6,r_Bavg_plus_r_X,2.711,0.001819800346745
direct_000401,K2LiBiBr6,r_Bavg_plus_r_X,2.855,0.0024544645827435
direct_000402,K2LiBiCl6,r_Bavg_plus_r_X,2.705,-0.0004939784948132
direct_000403,K2LiBiI6,r_Bavg_plus_r_X,3.095,0.000738154982866
direct_000404,K2LiCeBr6,r_Bavg_plus_r_X,2.845,0.0007692407698502
direct_000405,K2LiCeCl6,r_Bavg_plus_r_X,2.695,0.0046082100010107
direct_000406,K2LiCeI6,r_Bavg_plus_r_X,3.085,-0.000909981166271
direct_000407,K2LiDyCl6,r_Bavg_plus_r_X,2.646,0.0048340750903713
direct_000408,K2LiErCl6,r_Bavg_plus_r_X,2.635,0.0041905263482791
direct_000409,K2LiGdCl6,r_Bavg_plus_r_X,2.6575,0.004878856316473
direct_000410,K2LiInCl6,r_Bavg_plus_r_X,2.59,0.0012158566691141
direct_000411,K2LiLaCl6,r_Bavg_plus_r_X,2.706,0.0088732266514387
direct_000412,K2LiLuCl6,r_Bavg_plus_r_X,2.6205,0.0048033048279719
direct_000413,K2LiMoBr6,r_Bavg_plus_r_X,2.685,0.0118289512057187
direct_000414,K2LiMoCl6,r_Bavg_plus_r_X,2.535,-0.0378877448519225
direct_000415,K2LiMoI6,r_Bavg_plus_r_X,2.925,0.0205941182490132
direct_000416,K2LiNdBr6,r_Bavg_plus_r_X,2.8315,0.0029970927326506
direct_000417,K2LiNdCl6,r_Bavg_plus_r_X,2.6815,0.0049779783348813
direct_000418,K2LiNdI6,r_Bavg_plus_r_X,3.0715000000000003,0.0079809590847906
direct_000419,K2LiPrBr6,r_Bavg_plus_r_X,2.835,0.0031934940595509
direct_000420,K2LiPrCl6,r_Bavg_plus_r_X,2.685,0.0050149699209172
direct_000421,K2LiPrI6,r_Bavg_plus_r_X,3.075,0.006529033585653
direct_000422,K2LiSbBr6,r_Bavg_plus_r_X,2.72,-0.0004693843749231
direct_000423,K2LiSbCl6,r_Bavg_plus_r_X,2.57,-0.0032686115552195
direct_000424,K2LiSbI6,r_Bavg_plus_r_X,2.96,0.002335532351706
direct_000425,K2LiScCl6,r_Bavg_plus_r_X,2.5625,0.0208546312186041
direct_000426,K2LiSmCl6,r_Bavg_plus_r_X,2.669,0.0048131891451473
direct_000427,K2LiTbCl6,r_Bavg_plus_r_X,2.6515,0.0056000101033831
direct_000428,K2LiTlBr6,r_Bavg_plus_r_X,2.7825,0.0074507272996847
direct_000429,K2LiTlCl6,r_Bavg_plus_r_X,2.6325,0.0048293445676328
direct_000430,K2LiTmCl6,r_Bavg_plus_r_X,2.63,0.0040785190732263
direct_000431,K2LiYBr6,r_Bavg_plus_r_X,2.79,0.0052526498752163
direct_000432,K2LiYCl6,r_Bavg_plus_r_X,2.64,0.0061364625629634
direct_000433,K2LiYI6,r_Bavg_plus_r_X,3.03,0.0103214056977459
direct_000434,K2AgLuCl6,r_Bavg_plus_r_X,2.8155,9.189587471572225e-05
direct_000435,K2AuLuCl6,r_Bavg_plus_r_X,2.9255,0.0008855397608585
direct_000436,K2CuLuCl6,r_Bavg_plus_r_X,2.6255,0.000651230364669
direct_000437,K2NaAlCl6,r_Bavg_plus_r_X,2.5875,0.009752144257042
direct_000438,K2NaAsBr6,r_Bavg_plus_r_X,2.76,-0.0146604872126305
direct_000439,K2NaAsCl6,r_Bavg_plus_r_X,2.61,-0.0255799084989593
direct_000440,K2NaBiBr6,r_Bavg_plus_r_X,2.9850000000000003,0.0040469427000655
direct_000441,K2NaBiCl6,r_Bavg_plus_r_X,2.835,0.0025053844961362
direct_000442,K2NaBiI6,r_Bavg_plus_r_X,3.225,-0.0021446400874186
direct_000443,K2NaCeBr6,r_Bavg_plus_r_X,2.975,0.0006753587097169
direct_000444,K2NaCeCl6,r_Bavg_plus_r_X,2.825,-0.0017324131677074
direct_000445,K2NaCrCl6,r_Bavg_plus_r_X,2.95,0.0061858211774363
direct_000446,K2NaDyCl6,r_Bavg_plus_r_X,2.776,0.0026762901214834
direct_000447,K2NaErCl6,r_Bavg_plus_r_X,2.765,0.0041944317953881
direct_000448,K2NaGaBr6,r_Bavg_plus_r_X,2.78,0.0095454623480194
direct_000449,K2NaGaCl6,r_Bavg_plus_r_X,2.63,0.0049843188298597
direct_000450,K2NaGdCl6,r_Bavg_plus_r_X,2.7875,0.0029058731861199
direct_000451,K2NaInBr6,r_Bavg_plus_r_X,2.87,0.0074220665995156
direct_000452,K2NaInCl6,r_Bavg_plus_r_X,2.72,0.0051858453702431
direct_000453,K2NaInI6,r_Bavg_plus_r_X,3.11,0.0027655295357026
direct_000454,K2NaLaCl6,r_Bavg_plus_r_X,2.836,0.0076539891632199
direct_000455,K2NaLuCl6,r_Bavg_plus_r_X,2.7505,0.0051744971708617
direct_000456,K2NaMoBr6,r_Bavg_plus_r_X,2.815,0.0207614427924039
direct_000457,K2NaMoCl6,r_Bavg_plus_r_X,2.665,-0.0121524602084537
direct_000458,K2NaMoI6,r_Bavg_plus_r_X,3.055,0.0177865811309993
direct_000459,K2NaNdBr6,r_Bavg_plus_r_X,2.9615,0.0029903482011723
direct_000460,K2NaNdCl6,r_Bavg_plus_r_X,2.8115,0.0029819012991116
direct_000461,K2NaNdI6,r_Bavg_plus_r_X,3.2015,0.0023969867448496
direct_000462,K2NaPrBr6,r_Bavg_plus_r_X,2.965,0.0029862324588823
direct_000463,K2NaPrCl6,r_Bavg_plus_r_X,2.815,0.0025523733438717
direct_000464,K2NaPrI6,r_Bavg_plus_r_X,3.205,0.002359088354603
direct_000465,K2NaSbBr6,r_Bavg_plus_r_X,2.85,0.0013437319074984
direct_000466,K2NaSbCl6,r_Bavg_plus_r_X,2.7,-0.00092852801693
direct_000467,K2NaSbI6,r_Bavg_plus_r_X,3.09,0.0003695035737046
direct_000468,K2NaScBr6,r_Bavg_plus_r_X,2.8425,-0.0062994169571939
direct_000469,K2NaScCl6,r_Bavg_plus_r_X,2.6925,0.0344834321078287
direct_000470,K2NaScI6,r_Bavg_plus_r_X,3.0825,-0.009861747358603
direct_000471,K2NaSmCl6,r_Bavg_plus_r_X,2.799,0.0030172337792853
direct_000472,K2NaTbCl6,r_Bavg_plus_r_X,2.7815,0.0038851401893962
direct_000473,K2NaTlBr6,r_Bavg_plus_r_X,2.9125,0.0052099910095272
direct_000474,K2NaTlCl6,r_Bavg_plus_r_X,2.7625,0.0049206892522505
direct_000475,K2NaTlI6,r_Bavg_plus_r_X,3.1525,-0.0211913271032873
direct_000476,K2NaTmCl6,r_Bavg_plus_r_X,2.76,0.0043417597624588
direct_000477,K2NaYBr6,r_Bavg_plus_r_X,2.92,0.0048096194262998
direct_000478,K2NaYCl6,r_Bavg_plus_r_X,2.77,0.0035589042669139
direct_000479,K2NaYI6,r_Bavg_plus_r_X,3.16,0.0023411157202746
direct_000480,K2AgNdBr6,r_Bavg_plus_r_X,3.0265000000000004,0.002422156701095
direct_000481,K2AgNdCl6,r_Bavg_plus_r_X,2.8765,0.0019581171553644
direct_000482,K2AgNdI6,r_Bavg_plus_r_X,3.2665,-0.0064253498325633
direct_000483,K2AuNdCl6,r_Bavg_plus_r_X,2.9865,-0.0001405957768221
direct_000484,K2CuNdBr6,r_Bavg_plus_r_X,2.8365,0.0013801854648188
direct_000485,K2CuNdCl6,r_Bavg_plus_r_X,2.6865,0.0016668996228946
direct_000486,K2CuNdI6,r_Bavg_plus_r_X,3.0765,0.0019473427774008
direct_000487,K2AgPrBr6,r_Bavg_plus_r_X,3.03,0.0026388489267944
direct_000488,K2AgPrCl6,r_Bavg_plus_r_X,2.88,0.0022263739869304
direct_000489,K2AgPrI6,r_Bavg_plus_r_X,3.27,-0.0060166344858236
direct_000490,K2AuPrCl6,r_Bavg_plus_r_X,2.99,-0.0001386344315482
direct_000491,K2CuPrBr6,r_Bavg_plus_r_X,2.84,0.0015224911420787
direct_000492,K2CuPrCl6,r_Bavg_plus_r_X,2.69,0.0018415432363891
direct_000493,K2CuPrI6,r_Bavg_plus_r_X,3.08,0.0014691786591536
direct_000494,K2RbAlBr6,r_Bavg_plus_r_X,2.9875,0.0035289765536836
direct_000495,K2RbAlCl6,r_Bavg_plus_r_X,2.8375,0.0042042445789827
direct_000496,K2RbAlI6,r_Bavg_plus_r_X,3.2275,-0.0010579922606153
direct_000497,K2RbAsBr6,r_Bavg_plus_r_X,3.01,0.0246152605961788
direct_000498,K2RbAsCl6,r_Bavg_plus_r_X,2.86,0.0232873582092154
direct_000499,K2RbAsI6,r_Bavg_plus_r_X,3.25,-0.0520304674366042
direct_000500,K2RbAuCl6,r_Bavg_plus_r_X,2.995,0.000747681457608
direct_000501,K2RbBiBr6,r_Bavg_plus_r_X,3.2350000000000003,0.0013435428739587
direct_000502,K2RbBiCl6,r_Bavg_plus_r_X,3.085,0.0039698767943499
direct_000503,K2RbBiI6,r_Bavg_plus_r_X,3.475,-0.0974550504440923
direct_000504,K2RbCeBr6,r_Bavg_plus_r_X,3.225,-0.0088086311239631
direct_000505,K2RbCeCl6,r_Bavg_plus_r_X,3.075,0.0006378776116332
direct_000506,K2RbCeI6,r_Bavg_plus_r_X,3.465,-0.0444788065771915
direct_000507,K2RbDyCl6,r_Bavg_plus_r_X,3.026,0.0062960522136847
direct_000508,K2RbErCl6,r_Bavg_plus_r_X,3.015,0.0054555053661401
direct_000509,K2RbGaBr6,r_Bavg_plus_r_X,3.03,0.0077337238098851
direct_000510,K2RbGaCl6,r_Bavg_plus_r_X,2.88,0.0052232745543496
direct_000511,K2RbGaI6,r_Bavg_plus_r_X,3.27,-0.0087319586069367
direct_000512,K2RbGdCl6,r_Bavg_plus_r_X,3.0375,0.006664016802666
direct_000513,K2RbInBr6,r_Bavg_plus_r_X,3.12,0.0043917515877558
direct_000514,K2RbInCl6,r_Bavg_plus_r_X,2.97,0.0034695853093968
direct_000515,K2RbLuCl6,r_Bavg_plus_r_X,3.0005,-0.0129862988737477
direct_000516,K2RbMoBr6,r_Bavg_plus_r_X,3.065,0.0180311733649645
direct_000517,K2RbMoCl6,r_Bavg_plus_r_X,2.915,0.0194475491748844
direct_000518,K2RbMoI6,r_Bavg_plus_r_X,3.305,-0.0383926331201461
direct_000519,K2RbNdBr6,r_Bavg_plus_r_X,3.2115,0.0002805371471805
direct_000520,K2RbNdCl6,r_Bavg_plus_r_X,3.0615,0.0062754014561518
direct_000521,K2RbNdI6,r_Bavg_plus_r_X,3.4515,-0.0587033038852935
direct_000522,K2RbPrBr6,r_Bavg_plus_r_X,3.215,0.0001096376017745
direct_000523,K2RbPrCl6,r_Bavg_plus_r_X,3.065,0.0062588201302957
direct_000524,K2RbPrI6,r_Bavg_plus_r_X,3.455,-0.0585938654795323
direct_000525,K2RbSbBr6,r_Bavg_plus_r_X,3.1,0.0095598260650633
direct_000526,K2RbSbCl6,r_Bavg_plus_r_X,2.95,0.0074709495538377
direct_000527,K2RbSbI6,r_Bavg_plus_r_X,3.34,-0.0292478766927074
direct_000528,K2RbScBr6,r_Bavg_plus_r_X,3.0925,-0.0108794192621012
direct_000529,K2RbScCl6,r_Bavg_plus_r_X,2.9425,-0.0061940070833258
direct_000530,K2RbTbCl6,r_Bavg_plus_r_X,3.0315,0.007031021368536
direct_000531,K2RbTlBr6,r_Bavg_plus_r_X,3.1625,-0.0029279656378012
direct_000532,K2RbTmCl6,r_Bavg_plus_r_X,3.01,0.0050906944771381
direct_000533,K2RbYBr6,r_Bavg_plus_r_X,3.17,-0.0020142420772226
direct_000534,K2RbYCl6,r_Bavg_plus_r_X,3.02,0.0067101709063541
direct_000535,K2RbYI6,r_Bavg_plus_r_X,3.41,-0.0735578460665427
direct_000536,K2AuSbBr6,r_Bavg_plus_r_X,3.0250000000000004,-0.0002696093328501
direct_000537,K2AuSbCl6,r_Bavg_plus_r_X,2.875,-0.0010032541756914
direct_000538,K2AgScBr6,r_Bavg_plus_r_X,2.9075,-0.0083821216257781
direct_000539,K2AgScCl6,r_Bavg_plus_r_X,2.7575,0.0229105928539185
direct_000540,K2AgScI6,r_Bavg_plus_r_X,3.1475,-0.0120136922782327
direct_000541,K2AuScBr6,r_Bavg_plus_r_X,3.0175,-0.0051949051151182
direct_000542,K2AuScCl6,r_Bavg_plus_r_X,2.8675,-0.0051882994817138
direct_000543,K2AuScI6,r_Bavg_plus_r_X,3.2575000000000003,-0.0158487505248525
direct_000544,K2CuScCl6,r_Bavg_plus_r_X,2.5675,0.0092050634916631
direct_000545,K2InScBr6,r_Bavg_plus_r_X,3.0375,0.013418952848547
direct_000546,K2InScCl6,r_Bavg_plus_r_X,2.8875,0.0138664400284203
direct_000547,K2InScI6,r_Bavg_plus_r_X,3.2775,-0.0095407025657346
direct_000548,K2TlScBr6,r_Bavg_plus_r_X,3.0825,0.0149040993487504
direct_000549,K2TlScCl6,r_Bavg_plus_r_X,2.9325,0.0173226290710031
direct_000550,K2AgSmCl6,r_Bavg_plus_r_X,2.864,0.0021368670908762
direct_000551,K2AuSmCl6,r_Bavg_plus_r_X,2.974,-6.444119930888658e-05
direct_000552,K2CuSmCl6,r_Bavg_plus_r_X,2.674,0.0011653244976017
direct_000553,K2AgTbCl6,r_Bavg_plus_r_X,2.8465,0.0020041780122323
direct_000554,K2AuTbCl6,r_Bavg_plus_r_X,2.9565,0.0006065235674245
direct_000555,K2CuTbCl6,r_Bavg_plus_r_X,2.6565,0.0009268980030541
direct_000556,K2TlAsBr6,r_Bavg_plus_r_X,3.0,0.0166400841717445
direct_000557,K2TlAsCl6,r_Bavg_plus_r_X,2.85,0.0161563514004795
direct_000558,K2TlAsI6,r_Bavg_plus_r_X,3.24,0.0060500797077008
direct_000559,K2TlGaBr6,r_Bavg_plus_r_X,3.02,0.0012852756960301
direct_000560,K2TlGaCl6,r_Bavg_plus_r_X,2.87,0.0023602098575995
direct_000561,K2TlGaI6,r_Bavg_plus_r_X,3.26,-0.0146439688838544
direct_000562,K2TlInBr6,r_Bavg_plus_r_X,3.1100000000000003,-0.0016244820312016
direct_000563,K2TlInCl6,r_Bavg_plus_r_X,2.96,0.0027373667869193
direct_000564,K2TlInI6,r_Bavg_plus_r_X,3.35,-0.0181694588543594
direct_000565,K2TlSbBr6,r_Bavg_plus_r_X,3.09,0.0082522895967575
direct_000566,K2TlSbCl6,r_Bavg_plus_r_X,2.94,0.0098842112861847
direct_000567,K2AgTmCl6,r_Bavg_plus_r_X,2.825,-0.0007301329214715
direct_000568,K2AuTmCl6,r_Bavg_plus_r_X,2.935,5.717658189097849e-05
direct_000569,K2CuTmCl6,r_Bavg_plus_r_X,2.635,0.0006605573830284
direct_000570,K2AgYBr6,r_Bavg_plus_r_X,2.9850000000000003,-0.0005421966048099
direct_000571,K2AgYCl6,r_Bavg_plus_r_X,2.835,0.0001238308414977
direct_000572,K2AgYI6,r_Bavg_plus_r_X,3.225,-0.0035699166959311
direct_000573,K2AuYBr6,r_Bavg_plus_r_X,3.095,-0.0008048198870263
direct_000574,K2AuYCl6,r_Bavg_plus_r_X,2.945,-0.0004134894340893
direct_000575,K2AuYI6,r_Bavg_plus_r_X,3.335,-0.0157779301044336
direct_000576,K2CuYBr6,r_Bavg_plus_r_X,2.795,0.0023141765811142
direct_000577,K2CuYCl6,r_Bavg_plus_r_X,2.645,0.0019115337499079
direct_000578,K2CuYI6,r_Bavg_plus_r_X,3.035,0.0014504016099535
direct_000579,K2InYCl6,r_Bavg_plus_r_X,2.965,0.0034501358443629
direct_000580,K2TlYBr6,r_Bavg_plus_r_X,3.16,-0.0085615802964368
direct_000581,Rb2KAlBr6,r_Bavg_plus_r_X,2.9175000000000004,0.003872891006676
direct_000582,Rb2KAlCl6,r_Bavg_plus_r_X,2.7675,0.0085720229879687
direct_000583,Rb2KAlI6,r_Bavg_plus_r_X,3.1575,-0.0013689493313292
direct_000584,Rb2KAsBr6,r_Bavg_plus_r_X,2.9400000000000004,0.0256734613320976
direct_000585,Rb2KAsCl6,r_Bavg_plus_r_X,2.79,0.0178341878226857
direct_000586,Rb2KAsI6,r_Bavg_plus_r_X,3.18,-0.018301308200133
direct_000587,Rb2KAuCl6,r_Bavg_plus_r_X,2.925,0.0032518031165094
direct_000588,Rb2KDyCl6,r_Bavg_plus_r_X,2.956,0.003856428184422
direct_000589,Rb2KErCl6,r_Bavg_plus_r_X,2.945,0.0042752248100368
direct_000590,Rb2KGaBr6,r_Bavg_plus_r_X,2.96,0.0070653162003989
direct_000591,Rb2KGaCl6,r_Bavg_plus_r_X,2.81,0.0064783268842839
direct_000592,Rb2KGaI6,r_Bavg_plus_r_X,3.2,-0.0016842453809733
direct_000593,Rb2KGdCl6,r_Bavg_plus_r_X,2.9675,0.0035648090399219
direct_000594,Rb2KInBr6,r_Bavg_plus_r_X,3.05,0.0073141645776218
direct_000595,Rb2KInCl6,r_Bavg_plus_r_X,2.9,0.0046404782780251
direct_000596,Rb2KInI6,r_Bavg_plus_r_X,3.29,-0.010281843571536
direct_000597,Rb2KLaCl6,r_Bavg_plus_r_X,3.016,0.0082828473609593
direct_000598,Rb2KLuCl6,r_Bavg_plus_r_X,2.9305,0.0052997684591837
direct_000599,Rb2KScBr6,r_Bavg_plus_r_X,3.0225,-0.0083458769498224
direct_000600,Rb2KScCl6,r_Bavg_plus_r_X,2.8725,-0.0057969538256907
direct_000601,Rb2KScI6,r_Bavg_plus_r_X,3.2625,-0.022417933947598
direct_000602,Rb2KSmCl6,r_Bavg_plus_r_X,2.979,0.0030925300254673
direct_000603,Rb2KTbCl6,r_Bavg_plus_r_X,2.9615,0.0046541747787237
direct_000604,Rb2KTlBr6,r_Bavg_plus_r_X,3.0925,0.0021845372415789
direct_000605,Rb2KTlCl6,r_Bavg_plus_r_X,2.9425,0.0031153291789482
direct_000606,Rb2KTlI6,r_Bavg_plus_r_X,3.3325,-0.0113801153713301
direct_000607,Rb2KTmCl6,r_Bavg_plus_r_X,2.94,0.0041129439620769
direct_000608,Li2CuSbCl6,r_Bavg_plus_r_X,2.575,0.0009964626713747
direct_000609,Li2CuInCl6,r_Bavg_plus_r_X,2.595,-0.0051108961089653
direct_000610,Li2CuScCl6,r_Bavg_plus_r_X,2.5675,0.0111039394988517
direct_000611,Tl2LiScCl6,r_Bavg_plus_r_X,2.5625,0.0222624453523906
direct_000612,Tl2LiInCl6,r_Bavg_plus_r_X,2.59,-0.0066931151942565
direct_000613,Tl2LiYCl6,r_Bavg_plus_r_X,2.64,-0.0062111463428678
direct_000614,O2MoPCl6,r_Bavg_plus_r_X,2.305,-0.0012162818984659
direct_000615,Na2AgAsBr6,r_Bavg_plus_r_X,2.825,-0.0062086020097591
direct_000616,Na2AgAsCl6,r_Bavg_plus_r_X,2.675,-0.0014167872935366
direct_000617,Na2AgSbCl6,r_Bavg_plus_r_X,2.765,-0.0020203728092608
direct_000618,Na2AgAlBr6,r_Bavg_plus_r_X,2.8025,0.0140119040590623
direct_000619,Na2AgAlCl6,r_Bavg_plus_r_X,2.6525,0.015408069829747
direct_000620,Na2CuBiBr6,r_Bavg_plus_r_X,2.8600000000000003,0.0017259661641255
direct_000621,Na2CuBiCl6,r_Bavg_plus_r_X,2.71,0.0009581589771643
direct_000622,Na2CuSbCl6,r_Bavg_plus_r_X,2.575,0.0010029121411541
direct_000623,Na2CuDyCl6,r_Bavg_plus_r_X,2.651,0.0009440255286903
direct_000624,Na2CuErCl6,r_Bavg_plus_r_X,2.64,0.0011140163209781
direct_000625,Na2CuEuCl6,r_Bavg_plus_r_X,2.6685,0.0010031760426328
direct_000626,Na2AgGaCl6,r_Bavg_plus_r_X,2.695,0.0215431342344899
direct_000627,Na2AgInBr6,r_Bavg_plus_r_X,2.935,0.0061630318602782
direct_000628,Na2AgInCl6,r_Bavg_plus_r_X,2.785,0.0088408853102791
direct_000629,Na2CuLaCl6,r_Bavg_plus_r_X,2.711,0.0017794992745075
direct_000630,Na2LiBiBr6,r_Bavg_plus_r_X,2.855,0.0024550610866386
direct_000631,Na2LiBiCl6,r_Bavg_plus_r_X,2.705,-0.0005690604358742
direct_000632,Na2LiBiI6,r_Bavg_plus_r_X,3.095,0.0007579974783872
direct_000633,Na2LiCeCl6,r_Bavg_plus_r_X,2.695,0.0046010633229275
direct_000634,Na2LiDyCl6,r_Bavg_plus_r_X,2.646,0.0048608707933059
direct_000635,Na2LiErCl6,r_Bavg_plus_r_X,2.635,0.0041894252435038
direct_000636,Na2LiGdCl6,r_Bavg_plus_r_X,2.6575,0.004881522014477
direct_000637,Na2LiInCl6,r_Bavg_plus_r_X,2.59,0.0012196363257413
direct_000638,Na2LiLaCl6,r_Bavg_plus_r_X,2.706,0.0088677741961368
direct_000639,Na2LiLuCl6,r_Bavg_plus_r_X,2.6205,0.0048022037231966
direct_000640,Na2LiNdCl6,r_Bavg_plus_r_X,2.6815,0.0050202735624183
direct_000641,Na2LiPrCl6,r_Bavg_plus_r_X,2.685,0.0050109686669414
direct_000642,Na2LiSbCl6,r_Bavg_plus_r_X,2.57,-0.0031396202232571
direct_000643,Na2LiScCl6,r_Bavg_plus_r_X,2.5625,0.0208737560831373
direct_000644,Na2LiSmCl6,r_Bavg_plus_r_X,2.669,0.0048115024028922
direct_000645,Na2LiTbCl6,r_Bavg_plus_r_X,2.6515,0.005599040712935
direct_000646,Na2LiTlBr6,r_Bavg_plus_r_X,2.7825,0.007437545185978
direct_000647,Na2LiTlCl6,r_Bavg_plus_r_X,2.6325,0.0048205501634025
direct_000648,Na2LiTmCl6,r_Bavg_plus_r_X,2.63,0.0040774179684509
direct_000649,Na2LiYBr6,r_Bavg_plus_r_X,2.79,0.0053090643594546
direct_000650,Na2LiYCl6,r_Bavg_plus_r_X,2.64,0.0061290371585158
direct_000651,Na2AgLuCl6,r_Bavg_plus_r_X,2.8155,5.0065354595842e-05
direct_000652,Na2CuLuCl6,r_Bavg_plus_r_X,2.6255,0.0006266554156289
direct_000653,Na2CuNdCl6,r_Bavg_plus_r_X,2.6865,0.0016297890803817
direct_000654,Na2CuPrCl6,r_Bavg_plus_r_X,2.69,0.0018049818321879
direct_000655,Na2AgScCl6,r_Bavg_plus_r_X,2.7575,0.021527358434681
direct_000656,Na2CuScCl6,r_Bavg_plus_r_X,2.5675,0.0111170246015236
direct_000657,Na2CuSmCl6,r_Bavg_plus_r_X,2.674,0.0011434694670399
direct_000658,Na2CuTbCl6,r_Bavg_plus_r_X,2.6565,0.000902328449468
direct_000659,Na2AgTmCl6,r_Bavg_plus_r_X,2.825,-0.0007719634415913
direct_000660,Na2CuTmCl6,r_Bavg_plus_r_X,2.635,0.0006359824339883
direct_000661,Na2CuYBr6,r_Bavg_plus_r_X,2.795,0.0023133590180432
direct_000662,Na2CuYCl6,r_Bavg_plus_r_X,2.645,0.0018337370645872
direct_000663,O2NbPCl6,r_Bavg_plus_r_X,2.32,-0.0017225699377499
direct_000664,Rb2AgAsBr6,r_Bavg_plus_r_X,2.825,-0.0064963054247705
direct_000665,Rb2AgAsCl6,r_Bavg_plus_r_X,2.675,-0.0015312700701184
direct_000666,Rb2AgBiBr6,r_Bavg_plus_r_X,3.05,0.0018891042214629
direct_000667,Rb2AgBiCl6,r_Bavg_plus_r_X,2.9,0.0020347865931868
direct_000668,Rb2AgBiI6,r_Bavg_plus_r_X,3.29,-0.0083008953474688
direct_000669,Rb2AgMoBr6,r_Bavg_plus_r_X,2.88,0.0089210084268122
direct_000670,Rb2AgMoCl6,r_Bavg_plus_r_X,2.73,0.00781380857612
direct_000671,Rb2AgMoI6,r_Bavg_plus_r_X,3.12,0.0035716440007278
direct_000672,Rb2AgSbBr6,r_Bavg_plus_r_X,2.915,0.0001416584877706
direct_000673,Rb2AgSbCl6,r_Bavg_plus_r_X,2.765,-0.0020093174074064
direct_000674,Rb2AgSbI6,r_Bavg_plus_r_X,3.155,-0.0060979379050325
direct_000675,Rb2AgAlBr6,r_Bavg_plus_r_X,2.8025,0.0138189115087871
direct_000676,Rb2AgAlCl6,r_Bavg_plus_r_X,2.6525,0.0162995484825868
direct_000677,Rb2AlAuCl6,r_Bavg_plus_r_X,2.79,0.0017331827163049
direct_000678,Rb2InAlBr6,r_Bavg_plus_r_X,2.9325,-0.0003347231830679
direct_000679,Rb2InAlCl6,r_Bavg_plus_r_X,2.7825,0.0021796283455185
direct_000680,Rb2InAlI6,r_Bavg_plus_r_X,3.1725000000000003,-0.0069202881008025
direct_000681,Rb2TlAlBr6,r_Bavg_plus_r_X,2.9775,-8.881964726914531e-05
direct_000682,Rb2TlAlCl6,r_Bavg_plus_r_X,2.8275,0.0008404935134335
direct_000683,Rb2TlAlI6,r_Bavg_plus_r_X,3.2175,-0.005889092714547
direct_000684,Rb2AsAuCl6,r_Bavg_plus_r_X,2.74,-0.0002374505122876
direct_000685,Rb2BiAuBr6,r_Bavg_plus_r_X,3.115,0.0022607576777511
direct_000686,Rb2BiAuCl6,r_Bavg_plus_r_X,2.965,0.0015710923809702
direct_000687,Rb2FBrCl6,r_Bavg_plus_r_X,2.49,0.0110847860723868
direct_000688,Rb2AgCeBr6,r_Bavg_plus_r_X,3.04,0.0029587191472541
direct_000689,Rb2AgCeCl6,r_Bavg_plus_r_X,2.89,0.0025961133287655
direct_000690,Rb2AgCeI6,r_Bavg_plus_r_X,3.28,-0.0061765498920306
direct_000691,Rb2CuCeBr6,r_Bavg_plus_r_X,2.85,0.0015284572777925
direct_000692,Rb2CuCeCl6,r_Bavg_plus_r_X,2.7,0.0020113680115459
direct_000693,Rb2CuBiBr6,r_Bavg_plus_r_X,2.8600000000000003,0.0017135814739962
direct_000694,Rb2CuBiCl6,r_Bavg_plus_r_X,2.71,0.0009468163575445
direct_000695,Rb2CuBiI6,r_Bavg_plus_r_X,3.1,0.0005694564241717
direct_000696,Rb2CuMoBr6,r_Bavg_plus_r_X,2.69,0.0121139262486722
direct_000697,Rb2CuMoCl6,r_Bavg_plus_r_X,2.54,0.005741253667088
direct_000698,Rb2CuMoI6,r_Bavg_plus_r_X,2.93,-0.0008878511808454
direct_000699,Rb2CuSbBr6,r_Bavg_plus_r_X,2.725,0.001777433489709
direct_000700,Rb2CuSbCl6,r_Bavg_plus_r_X,2.575,0.0014865670710353
direct_000701,Rb2CuSbI6,r_Bavg_plus_r_X,2.965,0.0005684004493247
direct_000702,Rb2AgDyCl6,r_Bavg_plus_r_X,2.841,0.0013938281011316
direct_000703,Rb2AuDyCl6,r_Bavg_plus_r_X,2.951,0.0003643102904367
direct_000704,Rb2CuDyCl6,r_Bavg_plus_r_X,2.651,0.0011347047400965
direct_000705,Rb2AgErCl6,r_Bavg_plus_r_X,2.83,0.0007448111022542
direct_000706,Rb2AuErCl6,r_Bavg_plus_r_X,2.94,0.0006386031616336
direct_000707,Rb2CuErCl6,r_Bavg_plus_r_X,2.64,0.0012241308328949
direct_000708,Rb2AgGaBr6,r_Bavg_plus_r_X,2.845,-0.0048831116353159
direct_000709,Rb2AgGaCl6,r_Bavg_plus_r_X,2.695,0.0213927603665362
direct_000710,Rb2AgGdCl6,r_Bavg_plus_r_X,2.8525,0.0015324225767614
direct_000711,Rb2AgInBr6,r_Bavg_plus_r_X,2.935,0.0063818216125038
direct_000712,Rb2AgInCl6,r_Bavg_plus_r_X,2.785,0.0083530443522931
direct_000713,Rb2InAsBr6,r_Bavg_plus_r_X,2.955,0.0187993936970985
direct_000714,Rb2InAsCl6,r_Bavg_plus_r_X,2.805,-0.0047514468921163
direct_000715,Rb2InBiCl6,r_Bavg_plus_r_X,3.03,0.0097885051875761
direct_000716,Rb2InGaBr6,r_Bavg_plus_r_X,2.975,0.0008327167971189
direct_000717,Rb2InGaCl6,r_Bavg_plus_r_X,2.825,-0.0024373465092724
direct_000718,Rb2InGaI6,r_Bavg_plus_r_X,3.215,-0.0055596761999134
direct_000719,Rb2InSbBr6,r_Bavg_plus_r_X,3.045,0.0112594940597388
direct_000720,Rb2InSbCl6,r_Bavg_plus_r_X,2.895,0.0098576067800806
direct_000721,Rb2InSbI6,r_Bavg_plus_r_X,3.285,-0.0371944758901618
direct_000722,Rb2AgLaCl6,r_Bavg_plus_r_X,2.901,0.0030262560554221
direct_000723,Rb2AuLaCl6,r_Bavg_plus_r_X,3.011,0.0005816304039096
direct_000724,Rb2CuLaCl6,r_Bavg_plus_r_X,2.711,0.0018024426084977
direct_000725,Rb2LiBiBr6,r_Bavg_plus_r_X,2.855,0.0024175864249262
direct_000726,Rb2LiBiCl6,r_Bavg_plus_r_X,2.705,-0.0005444060263549
direct_000727,Rb2LiBiI6,r_Bavg_plus_r_X,3.095,0.0006855873782161
direct_000728,Rb2LiCeBr6,r_Bavg_plus_r_X,2.845,0.0007523755045043
direct_000729,Rb2LiCeCl6,r_Bavg_plus_r_X,2.695,0.0045690746814264
direct_000730,Rb2LiCeI6,r_Bavg_plus_r_X,3.085,-0.0009281318439833
direct_000731,Rb2LiDyBr6,r_Bavg_plus_r_X,2.7960000000000003,0.0038453198104836
direct_000732,Rb2LiDyCl6,r_Bavg_plus_r_X,2.646,0.0048397669041757
direct_000733,Rb2LiErCl6,r_Bavg_plus_r_X,2.635,0.0042194177341921
direct_000734,Rb2LiGdCl6,r_Bavg_plus_r_X,2.6575,0.0048526563882852
direct_000735,Rb2LiHoCl6,r_Bavg_plus_r_X,2.6405,0.0048458448869733
direct_000736,Rb2LiInCl6,r_Bavg_plus_r_X,2.59,0.0006459890222809
direct_000737,Rb2LiLaCl6,r_Bavg_plus_r_X,2.706,0.0087626413504911
direct_000738,Rb2LiMoBr6,r_Bavg_plus_r_X,2.685,0.0122273816469069
direct_000739,Rb2LiMoCl6,r_Bavg_plus_r_X,2.535,-0.0409912593007315
direct_000740,Rb2LiMoI6,r_Bavg_plus_r_X,2.925,0.01978474658555
direct_000741,Rb2LiNdBr6,r_Bavg_plus_r_X,2.8315,0.0029810947694713
direct_000742,Rb2LiNdCl6,r_Bavg_plus_r_X,2.6815,0.0049831459414696
direct_000743,Rb2LiNdI6,r_Bavg_plus_r_X,3.0715000000000003,0.0082522019002166
direct_000744,Rb2LiPrBr6,r_Bavg_plus_r_X,2.835,0.0031755746260466
direct_000745,Rb2LiPrCl6,r_Bavg_plus_r_X,2.685,0.0049752495195383
direct_000746,Rb2LiPrI6,r_Bavg_plus_r_X,3.075,0.0068021598939159
direct_000747,Rb2LiRhCl6,r_Bavg_plus_r_X,2.5225,-0.0279496350377457
direct_000748,Rb2LiSbBr6,r_Bavg_plus_r_X,2.72,-0.0004748728957731
direct_000749,Rb2LiSbCl6,r_Bavg_plus_r_X,2.57,-0.0032580286070611
direct_000750,Rb2LiSbI6,r_Bavg_plus_r_X,2.96,0.0023326044045962
direct_000751,Rb2LiScCl6,r_Bavg_plus_r_X,2.5625,0.0214355781330398
direct_000752,Rb2LiSmCl6,r_Bavg_plus_r_X,2.669,0.0048102433598983
direct_000753,Rb2LiTbCl6,r_Bavg_plus_r_X,2.6515,0.0055778533973598
direct_000754,Rb2LiTlBr6,r_Bavg_plus_r_X,2.7825,0.007502053325592
direct_000755,Rb2LiTlCl6,r_Bavg_plus_r_X,2.6325,0.0050637924432222
direct_000756,Rb2LiTmCl6,r_Bavg_plus_r_X,2.63,0.0041074587470214
direct_000757,Rb2LiYBr6,r_Bavg_plus_r_X,2.79,0.0051978034209383
direct_000758,Rb2LiYCl6,r_Bavg_plus_r_X,2.64,0.006195213337452
direct_000759,Rb2LiYI6,r_Bavg_plus_r_X,3.03,0.0103124897631469
direct_000760,Rb2AgLuCl6,r_Bavg_plus_r_X,2.8155,7.597869719329966e-05
direct_000761,Rb2AuLuCl6,r_Bavg_plus_r_X,2.9255,0.0010064933422696
direct_000762,Rb2CuLuCl6,r_Bavg_plus_r_X,2.6255,0.0006418168212576
direct_000763,Rb2NaAlCl6,r_Bavg_plus_r_X,2.5875,0.0098848916606317
direct_000764,Rb2NaAsBr6,r_Bavg_plus_r_X,2.76,-0.0146343476515352
direct_000765,Rb2NaAsCl6,r_Bavg_plus_r_X,2.61,-0.0262028076547616
direct_000766,Rb2NaBiBr6,r_Bavg_plus_r_X,2.9850000000000003,0.0040937104457565
direct_000767,Rb2NaBiCl6,r_Bavg_plus_r_X,2.835,0.0023239618304248
direct_000768,Rb2NaBiI6,r_Bavg_plus_r_X,3.225,-0.0022502624293437
direct_000769,Rb2NaCeBr6,r_Bavg_plus_r_X,2.975,0.0006585625689187
direct_000770,Rb2NaCeCl6,r_Bavg_plus_r_X,2.825,-0.0017396275413358
direct_000771,Rb2NaCeI6,r_Bavg_plus_r_X,3.215,-0.0041832210424657
direct_000772,Rb2NaCrCl6,r_Bavg_plus_r_X,2.95,0.0061356366708948
direct_000773,Rb2NaDyCl6,r_Bavg_plus_r_X,2.776,0.0026765132499558
direct_000774,Rb2NaErCl6,r_Bavg_plus_r_X,2.765,0.0042205115618375
direct_000775,Rb2NaGaBr6,r_Bavg_plus_r_X,2.78,0.0095124405155403
direct_000776,Rb2NaGaCl6,r_Bavg_plus_r_X,2.63,0.0051076216566592
direct_000777,Rb2NaGdCl6,r_Bavg_plus_r_X,2.7875,0.002880737093347
direct_000778,Rb2NaInBr6,r_Bavg_plus_r_X,2.87,0.0074289148059051
direct_000779,Rb2NaInCl6,r_Bavg_plus_r_X,2.72,0.0045585295758803
direct_000780,Rb2NaInI6,r_Bavg_plus_r_X,3.11,0.0026786230250596
direct_000781,Rb2NaLaCl6,r_Bavg_plus_r_X,2.836,0.007579421873824
direct_000782,Rb2NaMoBr6,r_Bavg_plus_r_X,2.815,0.0207844616946155
direct_000783,Rb2NaMoCl6,r_Bavg_plus_r_X,2.665,-0.0088294504691745
direct_000784,Rb2NaMoI6,r_Bavg_plus_r_X,3.055,0.0169772094675361
direct_000785,Rb2NaNdBr6,r_Bavg_plus_r_X,2.9615,0.0029740446138143
direct_000786,Rb2NaNdCl6,r_Bavg_plus_r_X,2.8115,0.0029874173300735
direct_000787,Rb2NaNdI6,r_Bavg_plus_r_X,3.2015,0.0026668439536857
direct_000788,Rb2NaPrBr6,r_Bavg_plus_r_X,2.965,0.0029683130253781
direct_000789,Rb2NaPrCl6,r_Bavg_plus_r_X,2.815,0.0025163298264125
direct_000790,Rb2NaPrI6,r_Bavg_plus_r_X,3.205,0.0026221242082432
direct_000791,Rb2NaSbBr6,r_Bavg_plus_r_X,2.85,0.0013382433866485
direct_000792,Rb2NaSbCl6,r_Bavg_plus_r_X,2.7,-0.0009481118587983
direct_000793,Rb2NaSbI6,r_Bavg_plus_r_X,3.09,0.0004061916705871
direct_000794,Rb2NaScBr6,r_Bavg_plus_r_X,2.8425,-0.0063445566415974
direct_000795,Rb2NaScCl6,r_Bavg_plus_r_X,2.6925,0.033368087451523
direct_000796,Rb2NaScI6,r_Bavg_plus_r_X,3.0825,-0.0099013862436193
direct_000797,Rb2NaSmCl6,r_Bavg_plus_r_X,2.799,0.0030149962285613
direct_000798,Rb2NaTbCl6,r_Bavg_plus_r_X,2.7815,0.0038586202405554
direct_000799,Rb2NaTlBr6,r_Bavg_plus_r_X,2.9125,0.0052649925638745
direct_000800,Rb2NaTlCl6,r_Bavg_plus_r_X,2.7625,0.0048365724596715
direct_000801,Rb2NaTmCl6,r_Bavg_plus_r_X,2.76,0.0043678878167903
direct_000802,Rb2NaYBr6,r_Bavg_plus_r_X,2.92,0.0050012358352096
direct_000803,Rb2NaYCl6,r_Bavg_plus_r_X,2.77,0.003557934443164
direct_000804,Rb2NaYI6,r_Bavg_plus_r_X,3.16,0.0022867456396746
direct_000805,Rb2AgNdBr6,r_Bavg_plus_r_X,3.0265000000000004,0.0024238621513711
direct_000806,Rb2AgNdCl6,r_Bavg_plus_r_X,2.8765,0.0020164793136282
direct_000807,Rb2AgNdI6,r_Bavg_plus_r_X,3.2665,-0.0065527303697877
direct_000808,Rb2AuNdCl6,r_Bavg_plus_r_X,2.9865,-0.0001524899605056
direct_000809,Rb2CuNdBr6,r_Bavg_plus_r_X,2.8365,0.0013319770301567
direct_000810,Rb2CuNdCl6,r_Bavg_plus_r_X,2.6865,0.0016766179939516
direct_000811,Rb2CuNdI6,r_Bavg_plus_r_X,3.0765,0.0019760290043406
direct_000812,Rb2AgPrBr6,r_Bavg_plus_r_X,3.03,0.0026405543770706
direct_000813,Rb2AgPrCl6,r_Bavg_plus_r_X,2.88,0.0022894608818811
direct_000814,Rb2AgPrI6,r_Bavg_plus_r_X,3.27,-0.0062949403967034
direct_000815,Rb2AuPrCl6,r_Bavg_plus_r_X,2.99,-0.0001555461569107
direct_000816,Rb2CuPrBr6,r_Bavg_plus_r_X,2.84,0.0014752828314539
direct_000817,Rb2CuPrCl6,r_Bavg_plus_r_X,2.69,0.0018195932705183
direct_000818,Rb2CuPrI6,r_Bavg_plus_r_X,3.08,0.0014912888807933
direct_000819,Rb2AuSbCl6,r_Bavg_plus_r_X,2.875,-0.0010452638208004
direct_000820,Rb2AgScBr6,r_Bavg_plus_r_X,2.9075,-0.0083834712846243
direct_000821,Rb2AgScCl6,r_Bavg_plus_r_X,2.7575,0.0227424735601481
direct_000822,Rb2AgScI6,r_Bavg_plus_r_X,3.1475,-0.0120019889197739
direct_000823,Rb2AuScBr6,r_Bavg_plus_r_X,3.0175,-0.0051821834754787
direct_000824,Rb2AuScCl6,r_Bavg_plus_r_X,2.8675,-0.005166843841866
direct_000825,Rb2AuScI6,r_Bavg_plus_r_X,3.2575000000000003,-0.0157243307265692
direct_000826,Rb2CuScCl6,r_Bavg_plus_r_X,2.5675,0.0096343313249835
direct_000827,Rb2InScBr6,r_Bavg_plus_r_X,3.0375,0.0134873148457737
direct_000828,Rb2InScCl6,r_Bavg_plus_r_X,2.8875,0.0139999016866378
direct_000829,Rb2InScI6,r_Bavg_plus_r_X,3.2775,-0.0095112315522101
direct_000830,Rb2TlScBr6,r_Bavg_plus_r_X,3.0825,0.0146799826810886
direct_000831,Rb2TlScCl6,r_Bavg_plus_r_X,2.9325,0.0169495844108701
direct_000832,Rb2TlScI6,r_Bavg_plus_r_X,3.3225,-0.0707765630281521
direct_000833,Rb2AgSmCl6,r_Bavg_plus_r_X,2.864,0.0020808317059864
direct_000834,Rb2AuSmCl6,r_Bavg_plus_r_X,2.974,-7.754880785365231e-05
direct_000835,Rb2CuSmCl6,r_Bavg_plus_r_X,2.674,0.0010761825234039
direct_000836,Rb2AgTbCl6,r_Bavg_plus_r_X,2.8465,0.0019556950948268
direct_000837,Rb2AuTbCl6,r_Bavg_plus_r_X,2.9565,0.00061017025081
direct_000838,Rb2CuTbCl6,r_Bavg_plus_r_X,2.6565,0.0008616326696172
direct_000839,Rb2TlAsBr6,r_Bavg_plus_r_X,3.0,0.0166737628673595
direct_000840,Rb2TlAsCl6,r_Bavg_plus_r_X,2.85,0.0160251692783549
direct_000841,Rb2TlAsI6,r_Bavg_plus_r_X,3.24,0.0059839242755333
direct_000842,Rb2TlBiBr6,r_Bavg_plus_r_X,3.225,0.0025683908994812
direct_000843,Rb2TlGaBr6,r_Bavg_plus_r_X,3.02,0.0012713394500042
direct_000844,Rb2TlGaCl6,r_Bavg_plus_r_X,2.87,0.0023952807731473
direct_000845,Rb2TlGaI6,r_Bavg_plus_r_X,3.26,-0.014671228293318
direct_000846,Rb2TlInBr6,r_Bavg_plus_r_X,3.1100000000000003,-0.0016105731962531
direct_000847,Rb2TlInCl6,r_Bavg_plus_r_X,2.96,0.0025001635824491
direct_000848,Rb2TlInI6,r_Bavg_plus_r_X,3.35,-0.0182562844926273
direct_000849,Rb2TlSbBr6,r_Bavg_plus_r_X,3.09,0.0081578429180424
direct_000850,Rb2TlSbCl6,r_Bavg_plus_r_X,2.94,0.0095438845538018
direct_000851,Rb2TlSbI6,r_Bavg_plus_r_X,3.33,-0.0336183469273689
direct_000852,Rb2AgTmCl6,r_Bavg_plus_r_X,2.825,-0.0007256624759033
direct_000853,Rb2AuTmCl6,r_Bavg_plus_r_X,2.935,0.0001246846364745
direct_000854,Rb2CuTmCl6,r_Bavg_plus_r_X,2.635,0.0006633282769753
direct_000855,Rb2AgYBr6,r_Bavg_plus_r_X,2.9850000000000003,-0.0002821232178403
direct_000856,Rb2AgYCl6,r_Bavg_plus_r_X,2.835,-0.000326715983762
direct_000857,Rb2AgYI6,r_Bavg_plus_r_X,3.225,-0.0035081075551343
direct_000858,Rb2AuYBr6,r_Bavg_plus_r_X,3.095,-0.0008774980318834
direct_000859,Rb2AuYCl6,r_Bavg_plus_r_X,2.945,-0.000455423138912
direct_000860,Rb2AuYI6,r_Bavg_plus_r_X,3.335,-0.0157405877121017
direct_000861,Rb2CuYBr6,r_Bavg_plus_r_X,2.795,0.0022419028417349
direct_000862,Rb2CuYCl6,r_Bavg_plus_r_X,2.645,0.0020512674663901
direct_000863,Rb2CuYI6,r_Bavg_plus_r_X,3.035,0.001364665028708
direct_000864,Rb2InYBr6,r_Bavg_plus_r_X,3.115,0.0168743457430314
direct_000865,Rb2InYCl6,r_Bavg_plus_r_X,2.965,0.0036050254240744
direct_000866,Rb2InYI6,r_Bavg_plus_r_X,3.355,-0.0281406645866459
direct_000867,Rb2TlYBr6,r_Bavg_plus_r_X,3.16,-0.0083906949833288
direct_000868,Rb2TlYCl6,r_Bavg_plus_r_X,3.01,0.0084740048895215
direct_000869,Rb2TlYI6,r_Bavg_plus_r_X,3.4,-0.0196772735903328
direct_000870,O2PSbCl6,r_Bavg_plus_r_X,2.31,-0.0028324243263768
direct_000871,S2NSbCl6,r_Bavg_plus_r_X,2.185,0.0192054010488493
direct_000872,Cs2GeSnCl6,r_Bavg_plus_r_X,2.83,0.0052610481040855
direct_000873,Cs2GeSnBr6,r_Bavg_plus_r_X,2.98,0.0055650951486512
direct_000874,Rb2GeSnCl6,r_Bavg_plus_r_X,2.83,0.0056021007537876
direct_000875,Rb2GeSnBr6,r_Bavg_plus_r_X,2.98,0.006128150118437
direct_000876,K2GeSnBr6,r_Bavg_plus_r_X,2.98,0.0060403618529276
direct_000877,K2GeSnI6,r_Bavg_plus_r_X,3.22,0.0003964701995062
direct_000878,Na2GeSnCl6,r_Bavg_plus_r_X,2.83,0.0056616549449764
direct_000879,K2GeSnCl6,r_Bavg_plus_r_X,2.83,0.0056875076386237
direct_000880,Li2GeSnCl6,r_Bavg_plus_r_X,2.83,0.0056503656832669
direct_000881,Li2GeSnBr6,r_Bavg_plus_r_X,2.98,0.0060746510419461
direct_000882,Li2GeSnI6,r_Bavg_plus_r_X,3.22,0.0007347354838903
direct_000883,Rb2GeSnI6,r_Bavg_plus_r_X,3.22,0.0003102086512429
direct_000884,Cs2GeSnI6,r_Bavg_plus_r_X,3.22,0.000389793446777
direct_000001,Al2OSnCl6,delta_chi_AX,1.55,-0.0321079744701948
direct_000002,S2NAlCl6,delta_chi_AX,0.5800000000000001,-0.0345073954925804
direct_000003,Cs2AgAsBr6,delta_chi_AX,2.17,0.0028972847370061
direct_000004,Cs2AgAsCl6,delta_chi_AX,2.37,-0.0014380634615182
direct_000005,Cs2AgAuCl6,delta_chi_AX,2.37,-0.000782256429707
direct_000006,Cs2AgBiBr6,delta_chi_AX,2.17,0.0032475451003604
direct_000007,Cs2AgBiCl6,delta_chi_AX,2.37,0.0016870322632137
direct_000008,Cs2AgBiI6,delta_chi_AX,1.87,-0.0039602972962663
direct_000009,Cs2AgMoBr6,delta_chi_AX,2.17,0.0059159415352233
direct_000010,Cs2AgMoCl6,delta_chi_AX,2.37,-0.0008864093500738
direct_000011,Cs2AgSbBr6,delta_chi_AX,2.17,0.0020764784987826
direct_000012,Cs2AgSbCl6,delta_chi_AX,2.37,0.0008213317405897
direct_000013,Cs2AgSbI6,delta_chi_AX,1.87,-0.0037063117919105
direct_000014,Cs2AgAlBr6,delta_chi_AX,2.17,0.005260681379677
direct_000015,Cs2AgAlCl6,delta_chi_AX,2.37,-0.0010787106384179
direct_000016,Cs2AlAuCl6,delta_chi_AX,2.37,-0.0096606819089036
direct_000017,Cs2CuAlCl6,delta_chi_AX,2.37,-0.001281311770279
direct_000018,Cs2InAlBr6,delta_chi_AX,2.17,0.0018791756795352
direct_000019,Cs2InAlCl6,delta_chi_AX,2.37,-0.0003228638933486
direct_000020,Cs2InAlI6,delta_chi_AX,1.87,-0.0040661268295901
direct_000021,Cs2TlAlBr6,delta_chi_AX,2.17,0.0026689448176459
direct_000022,Cs2TlAlCl6,delta_chi_AX,2.37,0.0004382351299223
direct_000023,Cs2TlAlI6,delta_chi_AX,1.87,-0.0037356199924809
direct_000024,Cs2AsAuCl6,delta_chi_AX,2.37,-0.0014756450979129
direct_000025,Cs2BrAsCl6,delta_chi_AX,2.37,-0.0043604444082542
direct_000026,Cs2BiAuBr6,delta_chi_AX,2.17,0.0031611509515901
direct_000027,Cs2BiAuCl6,delta_chi_AX,2.37,-0.0007268833905373
direct_000028,Cs2FBrCl6,delta_chi_AX,2.37,-0.002826181194887
direct_000029,Cs2CaSnCl6,delta_chi_AX,2.37,0.0044790089387935
direct_000030,Cs2AgCeBr6,delta_chi_AX,2.17,0.0023929436807379
direct_000031,Cs2AgCeCl6,delta_chi_AX,2.37,0.0018290277857809
direct_000032,Cs2AgCeI6,delta_chi_AX,1.87,-0.0032055952567786
direct_000033,Cs2CuCeCl6,delta_chi_AX,2.37,0.0018499070910105
direct_000034,Cs2CuCeI6,delta_chi_AX,1.87,-0.0031409262927215
direct_000035,Cs2CuAsCl6,delta_chi_AX,2.37,-0.0060333683115801
direct_000036,Cs2CuBiBr6,delta_chi_AX,2.17,0.0021847460299118
direct_000037,Cs2CuBiCl6,delta_chi_AX,2.37,0.0007773557634764
direct_000038,Cs2CuBiI6,delta_chi_AX,1.87,-0.00390039142861
direct_000039,Cs2CuMoBr6,delta_chi_AX,2.17,0.0082116209529023
direct_000040,Cs2CuMoCl6,delta_chi_AX,2.37,-0.0013970915724818
direct_000041,Cs2CuMoI6,delta_chi_AX,1.87,-0.0026501404050004
direct_000042,Cs2CuSbBr6,delta_chi_AX,2.17,0.0025059860317464
direct_000043,Cs2CuSbCl6,delta_chi_AX,2.37,0.000731386413071
direct_000044,Cs2CuSbI6,delta_chi_AX,1.87,-0.0022066311413661
direct_000045,Cs2AuDyCl6,delta_chi_AX,2.37,0.0012984005353612
direct_000046,Cs2CuDyCl6,delta_chi_AX,2.37,0.0017435315569294
direct_000047,Cs2AuErCl6,delta_chi_AX,2.37,0.0013262888648287
direct_000048,Cs2CuErCl6,delta_chi_AX,2.37,0.0018320586006929
direct_000049,Cs2AgGaBr6,delta_chi_AX,2.17,0.004951402475264
direct_000050,Cs2AgGaCl6,delta_chi_AX,2.37,0.0016128591081067
direct_000051,Cs2AuGdCl6,delta_chi_AX,2.37,0.0012232225112439
direct_000052,Cs2HgPdCl6,delta_chi_AX,2.37,-0.0008939594514554
direct_000053,Cs2IBrCl6,delta_chi_AX,2.37,-0.0029520743042112
direct_000054,Cs2FICl6,delta_chi_AX,2.37,0.0008605756109778
direct_000055,Cs2AgInBr6,delta_chi_AX,2.17,0.0030488214820411
direct_000056,Cs2AgInCl6,delta_chi_AX,2.37,0.0004048464400857
direct_000057,Cs2InAsBr6,delta_chi_AX,2.17,0.0093131476646454
direct_000058,Cs2InAsCl6,delta_chi_AX,2.37,-0.0225250811224993
direct_000059,Cs2InAsI6,delta_chi_AX,1.87,-0.0021748298775185
direct_000060,Cs2InBiBr6,delta_chi_AX,2.17,0.0065718307577529
direct_000061,Cs2InBiCl6,delta_chi_AX,2.37,0.0025145466844383
direct_000062,Cs2InBiI6,delta_chi_AX,1.87,-0.0085094157684438
direct_000063,Cs2InGaBr6,delta_chi_AX,2.17,0.0030319932011805
direct_000064,Cs2InGaCl6,delta_chi_AX,2.37,-0.0010751742764182
direct_000065,Cs2InGaI6,delta_chi_AX,1.87,-0.0038170388746367
direct_000066,Cs2InSbBr6,delta_chi_AX,2.17,0.0082311687747076
direct_000067,Cs2InSbCl6,delta_chi_AX,2.37,-0.0035684665794403
direct_000068,Cs2InSbI6,delta_chi_AX,1.87,-0.0126271786433254
direct_000069,Cs2KAlBr6,delta_chi_AX,2.17,0.002884847221016
direct_000070,Cs2KAlCl6,delta_chi_AX,2.37,0.0025216634077643
direct_000071,Cs2KAlI6,delta_chi_AX,1.87,-0.005041725824258
direct_000072,Cs2KAsBr6,delta_chi_AX,2.17,0.0104807158766504
direct_000073,Cs2KAsCl6,delta_chi_AX,2.37,0.003922762615866
direct_000074,Cs2KAsI6,delta_chi_AX,1.87,-0.0157863564274626
direct_000075,Cs2KAuCl6,delta_chi_AX,2.37,0.0014941944376627
direct_000076,Cs2KBiBr6,delta_chi_AX,2.17,0.0063067256382293
direct_000077,Cs2KBiCl6,delta_chi_AX,2.37,0.0144599132209061
direct_000078,Cs2KBiI6,delta_chi_AX,1.87,-0.0199784897101255
direct_000079,Cs2KCeBr6,delta_chi_AX,2.17,0.0014124554524222
direct_000080,Cs2KCeCl6,delta_chi_AX,2.37,0.0036616830123077
direct_000081,Cs2KCeI6,delta_chi_AX,1.87,-0.0088120407775723
direct_000082,Cs2KCrCl6,delta_chi_AX,2.37,0.0081371533848154
direct_000083,Cs2KDyCl6,delta_chi_AX,2.37,0.004623430692209
direct_000084,Cs2KGaBr6,delta_chi_AX,2.17,0.0042602169129139
direct_000085,Cs2KGaCl6,delta_chi_AX,2.37,0.0021886666435417
direct_000086,Cs2KGaI6,delta_chi_AX,1.87,-0.0035607288702703
direct_000087,Cs2KHoCl6,delta_chi_AX,2.37,0.0046856142440448
direct_000088,Cs2KInBr6,delta_chi_AX,2.17,0.0043945677395761
direct_000089,Cs2KInCl6,delta_chi_AX,2.37,0.0040687059569663
direct_000090,Cs2KInI6,delta_chi_AX,1.87,-0.0057719956532106
direct_000091,Cs2KLaCl6,delta_chi_AX,2.37,0.0061159978994294
direct_000092,Cs2KLuCl6,delta_chi_AX,2.37,0.0032273674938798
direct_000093,Cs2KMoBr6,delta_chi_AX,2.17,0.006772587517104
direct_000094,Cs2KMoCl6,delta_chi_AX,2.37,0.0012662975887075
direct_000095,Cs2KMoI6,delta_chi_AX,1.87,-0.008790156166415
direct_000096,Cs2KNdBr6,delta_chi_AX,2.17,0.0036738620698944
direct_000097,Cs2KNdCl6,delta_chi_AX,2.37,0.0042538499814692
direct_000098,Cs2KNdI6,delta_chi_AX,1.87,-0.0078678194681796
direct_000099,Cs2KPrBr6,delta_chi_AX,2.17,0.0037089935599744
direct_000100,Cs2KPrCl6,delta_chi_AX,2.37,0.0042194092377288
direct_000101,Cs2KPrI6,delta_chi_AX,1.87,-0.0078604659566243
direct_000102,Cs2KSbBr6,delta_chi_AX,2.17,0.0057428077180444
direct_000103,Cs2KSbCl6,delta_chi_AX,2.37,0.0056253720120164
direct_000104,Cs2KSbI6,delta_chi_AX,1.87,-0.0117318671697077
direct_000105,Cs2KScBr6,delta_chi_AX,2.17,-0.0008270034047422
direct_000106,Cs2KScCl6,delta_chi_AX,2.37,0.0050784821252659
direct_000107,Cs2KScI6,delta_chi_AX,1.87,-0.0089289644132236
direct_000108,Cs2KSmCl6,delta_chi_AX,2.37,0.0041866458683621
direct_000109,Cs2KTbCl6,delta_chi_AX,2.37,0.0052309956871302
direct_000110,Cs2KTlBr6,delta_chi_AX,2.17,0.0041183222507246
direct_000111,Cs2KTlCl6,delta_chi_AX,2.37,0.0039754493238515
direct_000112,Cs2KTlI6,delta_chi_AX,1.87,-0.0063529613090589
direct_000113,Cs2KYBr6,delta_chi_AX,2.17,0.0058077425357966
direct_000114,Cs2KYCl6,delta_chi_AX,2.37,0.0048230208735122
direct_000115,Cs2KYI6,delta_chi_AX,1.87,-0.0128704322163261
direct_000116,Cs2AgLaCl6,delta_chi_AX,2.37,0.0020584596435936
direct_000117,Cs2AuLaCl6,delta_chi_AX,2.37,0.0024283153920303
direct_000118,Cs2CuLaCl6,delta_chi_AX,2.37,0.0022683489993376
direct_000119,Cs2LiBiBr6,delta_chi_AX,2.17,0.0021372195699878
direct_000120,Cs2LiBiCl6,delta_chi_AX,2.37,0.0037418337919603
direct_000121,Cs2LiBiI6,delta_chi_AX,1.87,-0.0056049296307812
direct_000122,Cs2LiCeBr6,delta_chi_AX,2.17,0.0005129958470917
direct_000123,Cs2LiCeI6,delta_chi_AX,1.87,-0.007594998371407
direct_000124,Cs2LiDyCl6,delta_chi_AX,2.37,0.004638850792648
direct_000125,Cs2LiErCl6,delta_chi_AX,2.37,0.005087772816249
direct_000126,Cs2LiGdCl6,delta_chi_AX,2.37,0.0046571634807273
direct_000127,Cs2LiInBr6,delta_chi_AX,2.17,0.0043053263794765
direct_000128,Cs2LiInCl6,delta_chi_AX,2.37,0.0074783937015278
direct_000129,Cs2LiLaBr6,delta_chi_AX,2.17,0.0022324089500043
direct_000130,Cs2LiLaCl6,delta_chi_AX,2.37,0.0072086845511589
direct_000131,Cs2LiLuCl6,delta_chi_AX,2.37,0.0044637565731481
direct_000132,Cs2LiMoBr6,delta_chi_AX,2.17,0.0075106359762764
direct_000133,Cs2LiMoCl6,delta_chi_AX,2.37,0.0036074423613908
direct_000134,Cs2LiMoI6,delta_chi_AX,1.87,0.0003232099091156
direct_000135,Cs2LiNdBr6,delta_chi_AX,2.17,0.0032472258035187
direct_000136,Cs2LiNdCl6,delta_chi_AX,2.37,0.0044686003923172
direct_000137,Cs2LiNdI6,delta_chi_AX,1.87,-0.0031734502866032
direct_000138,Cs2LiPrBr6,delta_chi_AX,2.17,0.0032592267496171
direct_000139,Cs2LiPrCl6,delta_chi_AX,2.37,0.0044666898102809
direct_000140,Cs2LiPrI6,delta_chi_AX,1.87,-0.0031959116799998
direct_000141,Cs2LiSbBr6,delta_chi_AX,2.17,0.0021739391002957
direct_000142,Cs2LiSbCl6,delta_chi_AX,2.37,0.0029900003884126
direct_000143,Cs2LiSbI6,delta_chi_AX,1.87,-0.0030712949672325
direct_000144,Cs2LiScCl6,delta_chi_AX,2.37,0.0050041696135747
direct_000145,Cs2LiSmCl6,delta_chi_AX,2.37,0.0045630933435497
direct_000146,Cs2LiTbCl6,delta_chi_AX,2.37,0.0052491559794822
direct_000147,Cs2LiTlBr6,delta_chi_AX,2.17,0.005125354063172
direct_000148,Cs2LiTlCl6,delta_chi_AX,2.37,0.0054670120974274
direct_000149,Cs2LiTmCl6,delta_chi_AX,2.37,0.0050324667346908
direct_000150,Cs2LiYBr6,delta_chi_AX,2.17,0.0045480841387647
direct_000151,Cs2LiYCl6,delta_chi_AX,2.37,0.0056809008799199
direct_000152,Cs2LiYI6,delta_chi_AX,1.87,-0.0044873968229207
direct_000153,Cs2AgLuCl6,delta_chi_AX,2.37,0.0010919992763399
direct_000154,Cs2NaAlCl6,delta_chi_AX,2.37,0.0051422324044988
direct_000155,Cs2NaAsBr6,delta_chi_AX,2.17,0.0007006532496727
direct_000156,Cs2NaAsCl6,delta_chi_AX,2.37,0.0044024920855527
direct_000157,Cs2NaBiBr6,delta_chi_AX,2.17,0.0023020320129667
direct_000158,Cs2NaBiCl6,delta_chi_AX,2.37,0.0028546870537779
direct_000159,Cs2NaBiI6,delta_chi_AX,1.87,-0.0043068721226507
direct_000160,Cs2NaCeCl6,delta_chi_AX,2.37,0.0034351844020412
direct_000161,Cs2NaCeI6,delta_chi_AX,1.87,-0.0051078012193179
direct_000162,Cs2NaCrCl6,delta_chi_AX,2.37,0.009064430748423
direct_000163,Cs2NaDyCl6,delta_chi_AX,2.37,0.0041462232545144
direct_000164,Cs2NaErCl6,delta_chi_AX,2.37,0.0043094717326199
direct_000165,Cs2NaGaBr6,delta_chi_AX,2.17,0.0035259456046828
direct_000166,Cs2NaGaCl6,delta_chi_AX,2.37,0.004956903885862
direct_000167,Cs2NaGdCl6,delta_chi_AX,2.37,0.0041890333857825
direct_000168,Cs2NaHoCl6,delta_chi_AX,2.37,0.0041952253767505
direct_000169,Cs2NaInBr6,delta_chi_AX,2.17,0.0046334759946122
direct_000170,Cs2NaInCl6,delta_chi_AX,2.37,0.0049686116012286
direct_000171,Cs2NaInI6,delta_chi_AX,1.87,-0.0049417119334053
direct_000172,Cs2NaLaBr6,delta_chi_AX,2.17,0.0042822341687118
direct_000173,Cs2NaLaCl6,delta_chi_AX,2.37,0.006930519510916
direct_000174,Cs2NaLuCl6,delta_chi_AX,2.37,0.0037945086906686
direct_000175,Cs2NaMoBr6,delta_chi_AX,2.17,0.0058094584836406
direct_000176,Cs2NaMoCl6,delta_chi_AX,2.37,0.0016889871050381
direct_000177,Cs2NaMoI6,delta_chi_AX,1.87,-0.0009462114546941
direct_000178,Cs2NaNdBr6,delta_chi_AX,2.17,0.0033115433935305
direct_000179,Cs2NaNdCl6,delta_chi_AX,2.37,0.0043153113836288
direct_000180,Cs2NaPrBr6,delta_chi_AX,2.17,0.0034866927456984
direct_000181,Cs2NaPrCl6,delta_chi_AX,2.37,0.0043513523096208
direct_000182,Cs2NaPrI6,delta_chi_AX,1.87,-0.0048909751303258
direct_000183,Cs2NaSbBr6,delta_chi_AX,2.17,0.0022606143168887
direct_000184,Cs2NaSbCl6,delta_chi_AX,2.37,0.0020899914913216
direct_000185,Cs2NaSbI6,delta_chi_AX,1.87,-0.0049081219271183
direct_000186,Cs2NaScBr6,delta_chi_AX,2.17,-0.0026720885181602
direct_000187,Cs2NaScCl6,delta_chi_AX,2.37,0.0060752349709851
direct_000188,Cs2NaScI6,delta_chi_AX,1.87,-0.007325653614106
direct_000189,Cs2NaSmCl6,delta_chi_AX,2.37,0.004228590684393
direct_000190,Cs2NaTbCl6,delta_chi_AX,2.37,0.0052892184619938
direct_000191,Cs2NaTlBr6,delta_chi_AX,2.17,0.0044352730625676
direct_000192,Cs2NaTlCl6,delta_chi_AX,2.37,0.0048347431189425
direct_000193,Cs2NaTlI6,delta_chi_AX,1.87,-0.0104051837914739
direct_000194,Cs2NaTmCl6,delta_chi_AX,2.37,0.0043593739614681
direct_000195,Cs2NaUBr6,delta_chi_AX,2.17,0.0046257595709666
direct_000196,Cs2NaUCl6,delta_chi_AX,2.37,0.0038484371297316
direct_000197,Cs2NaYBr6,delta_chi_AX,2.17,0.0048512283959944
direct_000198,Cs2NaYCl6,delta_chi_AX,2.37,0.0047728033563595
direct_000199,Cs2NaYI6,delta_chi_AX,1.87,-0.0047424060637479
direct_000200,Cs2AgNdBr6,delta_chi_AX,2.17,0.0016821650964756
direct_000201,Cs2AgNdCl6,delta_chi_AX,2.37,0.0014863079897215
direct_000202,Cs2AgNdI6,delta_chi_AX,1.87,-0.003047758611717
direct_000203,Cs2AuNdCl6,delta_chi_AX,2.37,0.0013454134712214
direct_000204,Cs2CuNdBr6,delta_chi_AX,2.17,0.0014615368998163
direct_000205,Cs2CuNdI6,delta_chi_AX,1.87,-0.0030220137128795
direct_000206,Cs2AgPrCl6,delta_chi_AX,2.37,0.0015095250152616
direct_000207,Cs2AgPrI6,delta_chi_AX,1.87,-0.0030908916595369
direct_000208,Cs2AuPrCl6,delta_chi_AX,2.37,0.0013411279790936
direct_000209,Cs2CuPrBr6,delta_chi_AX,2.17,0.001452923764705
direct_000210,Cs2CuPrCl6,delta_chi_AX,2.37,0.0015935938271541
direct_000211,Cs2CuPrI6,delta_chi_AX,1.87,-0.0030205438708163
direct_000212,Cs2RbAlBr6,delta_chi_AX,2.17,0.0032510875259239
direct_000213,Cs2RbAlCl6,delta_chi_AX,2.37,0.0015027394618786
direct_000214,Cs2RbAlI6,delta_chi_AX,1.87,-0.0052194389171045
direct_000215,Cs2RbAsBr6,delta_chi_AX,2.17,0.0106245342149454
direct_000216,Cs2RbAsCl6,delta_chi_AX,2.37,0.0045641771081259
direct_000217,Cs2RbAsI6,delta_chi_AX,1.87,-0.0165079620948732
direct_000218,Cs2RbAuCl6,delta_chi_AX,2.37,7.52278371493214e-05
direct_000219,Cs2RbBiBr6,delta_chi_AX,2.17,0.0067760427503479
direct_000220,Cs2RbBiCl6,delta_chi_AX,2.37,0.0131727735795731
direct_000221,Cs2RbBiI6,delta_chi_AX,1.87,-0.019018826958477
direct_000222,Cs2RbCeCl6,delta_chi_AX,2.37,0.0037296701251449
direct_000223,Cs2RbDyCl6,delta_chi_AX,2.37,0.004028503270188
direct_000224,Cs2RbErCl6,delta_chi_AX,2.37,0.0034757165793624
direct_000225,Cs2RbGaBr6,delta_chi_AX,2.17,0.0046470973373537
direct_000226,Cs2RbGaCl6,delta_chi_AX,2.37,0.0018060174770628
direct_000227,Cs2RbGaI6,delta_chi_AX,1.87,-0.0045631402124783
direct_000228,Cs2RbGdCl6,delta_chi_AX,2.37,0.0040860154659877
direct_000229,Cs2RbInBr6,delta_chi_AX,2.17,0.0049457991930795
direct_000230,Cs2RbInCl6,delta_chi_AX,2.37,-0.0014694545067427
direct_000231,Cs2RbInI6,delta_chi_AX,1.87,-0.0057470012424401
direct_000232,Cs2RbLaCl6,delta_chi_AX,2.37,0.005798898483011
direct_000233,Cs2RbLuCl6,delta_chi_AX,2.37,-0.004168993729124
direct_000234,Cs2RbNdCl6,delta_chi_AX,2.37,0.0040789526345871
direct_000235,Cs2RbPrCl6,delta_chi_AX,2.37,0.0040729249191448
direct_000236,Cs2RbSbBr6,delta_chi_AX,2.17,0.0062738076161147
direct_000237,Cs2RbSbCl6,delta_chi_AX,2.37,0.0031767693710855
direct_000238,Cs2RbSbI6,delta_chi_AX,1.87,-0.0105841744056581
direct_000239,Cs2RbScBr6,delta_chi_AX,2.17,-0.0001713597531331
direct_000240,Cs2RbScCl6,delta_chi_AX,2.37,0.0029467279921363
direct_000241,Cs2RbScI6,delta_chi_AX,1.87,-0.0079876191436142
direct_000242,Cs2RbSmCl6,delta_chi_AX,2.37,0.0040222479498986
direct_000243,Cs2RbTbCl6,delta_chi_AX,2.37,0.0051522004331725
direct_000244,Cs2RbTlBr6,delta_chi_AX,2.17,0.0040697669042827
direct_000245,Cs2RbTlCl6,delta_chi_AX,2.37,0.0022832776217603
direct_000246,Cs2RbTlI6,delta_chi_AX,1.87,-0.0062305626406078
direct_000247,Cs2RbTmCl6,delta_chi_AX,2.37,0.0032201990713562
direct_000248,Cs2RbYBr6,delta_chi_AX,2.17,0.0049221793841306
direct_000249,Cs2RbYCl6,delta_chi_AX,2.37,0.0038716348070126
direct_000250,Cs2RbYI6,delta_chi_AX,1.87,-0.0130441830284646
direct_000251,Cs2AuSbBr6,delta_chi_AX,2.17,0.0030275463969894
direct_000252,Cs2AuSbCl6,delta_chi_AX,2.37,-0.0002963140382825
direct_000253,Cs2AgScBr6,delta_chi_AX,2.17,-0.0013388896872795
direct_000254,Cs2AgScCl6,delta_chi_AX,2.37,0.0036295664239754
direct_000255,Cs2AgScI6,delta_chi_AX,1.87,-0.0066937881340794
direct_000256,Cs2AuScBr6,delta_chi_AX,2.17,0.0021492922624543
direct_000257,Cs2AuScCl6,delta_chi_AX,2.37,9.83453720394069e-05
direct_000258,Cs2AuScI6,delta_chi_AX,1.87,-0.0036676478938426
direct_000259,Cs2CuScCl6,delta_chi_AX,2.37,0.0022080111711916
direct_000260,Cs2InScBr6,delta_chi_AX,2.17,0.00486751099015
direct_000261,Cs2InScCl6,delta_chi_AX,2.37,-0.0002672060763131
direct_000262,Cs2InScI6,delta_chi_AX,1.87,-0.0060065842985029
direct_000263,Cs2TlScBr6,delta_chi_AX,2.17,0.0065836531617973
direct_000264,Cs2TlScCl6,delta_chi_AX,2.37,0.0045823151786886
direct_000265,Cs2TlScI6,delta_chi_AX,1.87,-0.0119235423094911
direct_000266,Cs2AuSmCl6,delta_chi_AX,2.37,0.0013892756011442
direct_000267,Cs2CuSmCl6,delta_chi_AX,2.37,0.0016813500113422
direct_000268,Cs2AuTbCl6,delta_chi_AX,2.37,0.0014369710430995
direct_000269,Cs2CuTbCl6,delta_chi_AX,2.37,0.0021627398426301
direct_000270,Cs2TlAsBr6,delta_chi_AX,2.17,0.0074307806199339
direct_000271,Cs2TlAsCl6,delta_chi_AX,2.37,-0.01182786615253
direct_000272,Cs2TlAsI6,delta_chi_AX,1.87,-0.0035213336284318
direct_000273,Cs2TlBiBr6,delta_chi_AX,2.17,0.0054307965095363
direct_000274,Cs2TlBiCl6,delta_chi_AX,2.37,0.000710579754122
direct_000275,Cs2TlBiI6,delta_chi_AX,1.87,-0.0062515741517271
direct_000276,Cs2TlGaBr6,delta_chi_AX,2.17,0.003078466315211
direct_000277,Cs2TlGaCl6,delta_chi_AX,2.37,0.0002769797661976
direct_000278,Cs2TlGaI6,delta_chi_AX,1.87,-0.0038960702497706
direct_000279,Cs2TlInBr6,delta_chi_AX,2.17,0.0027514673633581
direct_000280,Cs2TlInCl6,delta_chi_AX,2.37,0.0008126067393435
direct_000281,Cs2TlInI6,delta_chi_AX,1.87,-0.0045346717356638
direct_000282,Cs2TlSbBr6,delta_chi_AX,2.17,0.0056327387317968
direct_000283,Cs2TlSbCl6,delta_chi_AX,2.37,-0.0031793255143415
direct_000284,Cs2TlSbI6,delta_chi_AX,1.87,-0.0055559742823764
direct_000285,Cs2CuTmCl6,delta_chi_AX,2.37,0.0018498991938086
direct_000286,Cs2AgYBr6,delta_chi_AX,2.17,0.0018297082201752
direct_000287,Cs2AgYCl6,delta_chi_AX,2.37,0.0016246823625394
direct_000288,Cs2AgYI6,delta_chi_AX,1.87,-0.0035793888455843
direct_000289,Cs2AuYBr6,delta_chi_AX,2.17,0.0019175184458602
direct_000290,Cs2AuYCl6,delta_chi_AX,2.37,0.0012240273590637
direct_000291,Cs2AuYI6,delta_chi_AX,1.87,-0.0034640155317092
direct_000292,Cs2CuYBr6,delta_chi_AX,2.17,0.001720692157843
direct_000293,Cs2CuYCl6,delta_chi_AX,2.37,0.0025161093450202
direct_000294,Cs2CuYI6,delta_chi_AX,1.87,-0.0032782572699757
direct_000295,Cs2InYBr6,delta_chi_AX,2.17,0.0052517356564769
direct_000296,Cs2InYCl6,delta_chi_AX,2.37,0.0035163319533615
direct_000297,Cs2InYI6,delta_chi_AX,1.87,-0.0101300049052654
direct_000298,Cs2TlYBr6,delta_chi_AX,2.17,0.0044274891312738
direct_000299,Cs2TlYCl6,delta_chi_AX,2.37,0.0064971566884426
direct_000300,Cs2TlYI6,delta_chi_AX,1.87,-0.0081634208666943
direct_000301,K2CsAlBr6,delta_chi_AX,2.14,0.0021849856689574
direct_000302,K2CsAlCl6,delta_chi_AX,2.3400000000000003,0.0050369338677051
direct_000303,K2CsAlI6,delta_chi_AX,1.8400000000000003,-0.0073022332782004
direct_000304,K2CsAsBr6,delta_chi_AX,2.14,0.008016915626907
direct_000305,K2CsAsCl6,delta_chi_AX,2.3400000000000003,0.0083095412517149
direct_000306,K2CsBiCl6,delta_chi_AX,2.3400000000000003,0.0012100133551718
direct_000307,K2CsGaCl6,delta_chi_AX,2.3400000000000003,0.0055099003086589
direct_000308,K2CsInCl6,delta_chi_AX,2.3400000000000003,0.0056234217602046
direct_000309,K2CsSbCl6,delta_chi_AX,2.3400000000000003,0.0015302082533042
direct_000310,K2CsScCl6,delta_chi_AX,2.3400000000000003,0.0056971753393305
direct_000311,Mn2CsRbCl6,delta_chi_AX,1.61,-0.0600793283641497
direct_000312,Rb2CsAlBr6,delta_chi_AX,2.14,0.0023652053193848
direct_000313,Rb2CsAlCl6,delta_chi_AX,2.3400000000000003,0.0047181756386899
direct_000314,Rb2CsAlI6,delta_chi_AX,1.8400000000000003,-0.0075462460380465
direct_000315,Rb2CsAsBr6,delta_chi_AX,2.14,0.0080765307076091
direct_000316,Rb2CsAsCl6,delta_chi_AX,2.3400000000000003,0.0081883503817915
direct_000317,Rb2CsAsI6,delta_chi_AX,1.8400000000000003,-0.0210885881516836
direct_000318,Rb2CsAuCl6,delta_chi_AX,2.3400000000000003,0.0017305934482292
direct_000319,Rb2CsDyCl6,delta_chi_AX,2.3400000000000003,0.0053005796073236
direct_000320,Rb2CsErCl6,delta_chi_AX,2.3400000000000003,0.0052080854778839
direct_000321,Rb2CsGaBr6,delta_chi_AX,2.14,0.0031698932516007
direct_000322,Rb2CsGaCl6,delta_chi_AX,2.3400000000000003,0.0051667128385818
direct_000323,Rb2CsGaI6,delta_chi_AX,1.8400000000000003,-0.0065891439554477
direct_000324,Rb2CsGdCl6,delta_chi_AX,2.3400000000000003,0.0053758183128402
direct_000325,Rb2CsInBr6,delta_chi_AX,2.14,0.0033112044541864
direct_000326,Rb2CsInCl6,delta_chi_AX,2.3400000000000003,0.0056230719103707
direct_000327,Rb2CsLuCl6,delta_chi_AX,2.3400000000000003,0.0055678087259892
direct_000328,Rb2CsSbCl6,delta_chi_AX,2.3400000000000003,0.00153959275538
direct_000329,Rb2CsScBr6,delta_chi_AX,2.14,-0.0009105208966952
direct_000330,Rb2CsScCl6,delta_chi_AX,2.3400000000000003,0.00559906704185
direct_000331,Rb2CsTbCl6,delta_chi_AX,2.3400000000000003,0.0056601764092039
direct_000332,Rb2CsTlBr6,delta_chi_AX,2.14,0.0029621285541859
direct_000333,Rb2CsTmCl6,delta_chi_AX,2.3400000000000003,0.0052095950535692
direct_000334,Rb2CsYBr6,delta_chi_AX,2.14,0.0023242245808838
direct_000335,Rb2CsYCl6,delta_chi_AX,2.3400000000000003,0.0061314787979549
direct_000336,O2GaReCl6,delta_chi_AX,0.2799999999999998,-0.0465036450627306
direct_000337,Se2NGaCl6,delta_chi_AX,0.6100000000000003,-0.0347121460057866
direct_000338,K2AgAsBr6,delta_chi_AX,2.14,0.0009681382412089
direct_000339,K2AgAsCl6,delta_chi_AX,2.3400000000000003,0.0032617399567811
direct_000340,K2AgBiBr6,delta_chi_AX,2.14,0.0004141702471771
direct_000341,K2AgBiCl6,delta_chi_AX,2.3400000000000003,0.0027120968147536
direct_000342,K2AgBiI6,delta_chi_AX,1.8400000000000003,-0.0061985779181285
direct_000343,K2AgMoBr6,delta_chi_AX,2.14,0.0035497882907357
direct_000344,K2AgMoCl6,delta_chi_AX,2.3400000000000003,0.0059880395467987
direct_000345,K2AgMoI6,delta_chi_AX,1.8400000000000003,-0.0104085864984414
direct_000346,K2AgSbBr6,delta_chi_AX,2.14,-0.0002161104865523
direct_000347,K2AgSbCl6,delta_chi_AX,2.3400000000000003,0.0028900539286156
direct_000348,K2AgSbI6,delta_chi_AX,1.8400000000000003,-0.0056591051010818
direct_000349,K2AgAlBr6,delta_chi_AX,2.14,0.0009904770400836
direct_000350,K2AgAlCl6,delta_chi_AX,2.3400000000000003,0.006209439083227
direct_000351,K2AlAuCl6,delta_chi_AX,2.3400000000000003,0.0044370233769954
direct_000352,K2InAlBr6,delta_chi_AX,2.14,0.0001025249587226
direct_000353,K2InAlCl6,delta_chi_AX,2.3400000000000003,0.0033651040298522
direct_000354,K2InAlI6,delta_chi_AX,1.8400000000000003,-0.0074649370727226
direct_000355,K2TlAlBr6,delta_chi_AX,2.14,0.0005722343942145
direct_000356,K2TlAlCl6,delta_chi_AX,2.3400000000000003,0.0029625602014883
direct_000357,K2TlAlI6,delta_chi_AX,1.8400000000000003,-0.0073257760613518
direct_000358,K2AsAuBr6,delta_chi_AX,2.14,0.0015479960902308
direct_000359,K2AsAuCl6,delta_chi_AX,2.3400000000000003,0.0022665892733742
direct_000360,K2BiAuBr6,delta_chi_AX,2.14,0.0011726344384445
direct_000361,K2BiAuCl6,delta_chi_AX,2.3400000000000003,0.0023973538311595
direct_000362,K2FBrCl6,delta_chi_AX,2.3400000000000003,0.0045775273536711
direct_000363,K2AgCeBr6,delta_chi_AX,2.14,-6.509958960017235e-05
direct_000364,K2AgCeCl6,delta_chi_AX,2.3400000000000003,0.0019003826904396
direct_000365,K2AgCeI6,delta_chi_AX,1.8400000000000003,-0.0046206306172992
direct_000366,K2AuCeCl6,delta_chi_AX,2.3400000000000003,0.0021676312460406
direct_000367,K2CuCeBr6,delta_chi_AX,2.14,-0.0001693109788054
direct_000368,K2CuCeCl6,delta_chi_AX,2.3400000000000003,0.0017342615597859
direct_000369,K2CuCeI6,delta_chi_AX,1.8400000000000003,-0.0045637075701118
direct_000370,K2CuBiBr6,delta_chi_AX,2.14,0.0002402127581545
direct_000371,K2CuBiCl6,delta_chi_AX,2.3400000000000003,0.0026066877122213
direct_000372,K2CuBiI6,delta_chi_AX,1.8400000000000003,-0.0059915760992128
direct_000373,K2CuMoBr6,delta_chi_AX,2.14,0.0061214170395154
direct_000374,K2CuMoCl6,delta_chi_AX,2.3400000000000003,0.004689366843383
direct_000375,K2CuMoI6,delta_chi_AX,1.8400000000000003,-0.012210097682595
direct_000376,K2CuSbBr6,delta_chi_AX,2.14,0.0006464248822789
direct_000377,K2CuSbCl6,delta_chi_AX,2.3400000000000003,0.0024702824566434
direct_000378,K2CuSbI6,delta_chi_AX,1.8400000000000003,-0.0045922730101399
direct_000379,K2AgDyCl6,delta_chi_AX,2.3400000000000003,0.0019607705495505
direct_000380,K2AuDyCl6,delta_chi_AX,2.3400000000000003,0.0022652693621713
direct_000381,K2CuDyCl6,delta_chi_AX,2.3400000000000003,0.0017874494896418
direct_000382,K2AgErCl6,delta_chi_AX,2.3400000000000003,0.0019791178147285
direct_000383,K2AuErCl6,delta_chi_AX,2.3400000000000003,0.00229329942284
direct_000384,K2CuErCl6,delta_chi_AX,2.3400000000000003,0.0018538361764051
direct_000385,K2AgGaCl6,delta_chi_AX,2.3400000000000003,0.0060008121695896
direct_000386,K2AuGdCl6,delta_chi_AX,2.3400000000000003,0.0022479885862776
direct_000387,K2CuGdCl6,delta_chi_AX,2.3400000000000003,0.0017499565625394
direct_000388,K2AgInBr6,delta_chi_AX,2.14,0.0005040100631582
direct_000389,K2AgInCl6,delta_chi_AX,2.3400000000000003,0.0034072413387542
direct_000390,K2InAsBr6,delta_chi_AX,2.14,0.0079882935380543
direct_000391,K2InAsCl6,delta_chi_AX,2.3400000000000003,0.0076937506287849
direct_000392,K2InGaBr6,delta_chi_AX,2.14,0.0008312827963454
direct_000393,K2InGaCl6,delta_chi_AX,2.3400000000000003,0.0032385513509117
direct_000394,K2InGaI6,delta_chi_AX,1.8400000000000003,-0.0077461008230233
direct_000395,K2InSbBr6,delta_chi_AX,2.14,0.0061832292214424
direct_000396,K2InSbCl6,delta_chi_AX,2.3400000000000003,0.0069725772951687
direct_000397,K2InSbI6,delta_chi_AX,1.8400000000000003,-0.015258099212649
direct_000398,K2AgLaCl6,delta_chi_AX,2.3400000000000003,0.0022345349463161
direct_000399,K2AuLaCl6,delta_chi_AX,2.3400000000000003,0.0022951112032394
direct_000400,K2CuLaCl6,delta_chi_AX,2.3400000000000003,0.0021475631088331
direct_000401,K2LiBiBr6,delta_chi_AX,2.14,0.0007343405929697
direct_000402,K2LiBiCl6,delta_chi_AX,2.3400000000000003,0.0012971058360764
direct_000403,K2LiBiI6,delta_chi_AX,1.8400000000000003,-0.0076316505062486
direct_000404,K2LiCeBr6,delta_chi_AX,2.14,-0.0031295723408421
direct_000405,K2LiCeCl6,delta_chi_AX,2.3400000000000003,0.0037026353660341
direct_000406,K2LiCeI6,delta_chi_AX,1.8400000000000003,-0.0081671865924009
direct_000407,K2LiDyCl6,delta_chi_AX,2.3400000000000003,0.0051260048369342
direct_000408,K2LiErCl6,delta_chi_AX,2.3400000000000003,0.0055921239924609
direct_000409,K2LiGdCl6,delta_chi_AX,2.3400000000000003,0.0051446520056644
direct_000410,K2LiInCl6,delta_chi_AX,2.3400000000000003,0.0077257033061627
direct_000411,K2LiLaCl6,delta_chi_AX,2.3400000000000003,0.007764502994603
direct_000412,K2LiLuCl6,delta_chi_AX,2.3400000000000003,0.0059214223012154
direct_000413,K2LiMoBr6,delta_chi_AX,2.14,0.0059242554720248
direct_000414,K2LiMoCl6,delta_chi_AX,2.3400000000000003,-0.0034087627955705
direct_000415,K2LiMoI6,delta_chi_AX,1.8400000000000003,-0.0059125978419961
direct_000416,K2LiNdBr6,delta_chi_AX,2.14,0.0017678587143165
direct_000417,K2LiNdCl6,delta_chi_AX,2.3400000000000003,0.0047941700064148
direct_000418,K2LiNdI6,delta_chi_AX,1.8400000000000003,-0.0045256610368317
direct_000419,K2LiPrBr6,delta_chi_AX,2.14,0.0017717593238364
direct_000420,K2LiPrCl6,delta_chi_AX,2.3400000000000003,0.0047904987573275
direct_000421,K2LiPrI6,delta_chi_AX,1.8400000000000003,-0.0045498629294634
direct_000422,K2LiSbBr6,delta_chi_AX,2.14,0.000806666515754
direct_000423,K2LiSbCl6,delta_chi_AX,2.3400000000000003,0.0017293735977635
direct_000424,K2LiSbI6,delta_chi_AX,1.8400000000000003,-0.0058015561236719
direct_000425,K2LiScCl6,delta_chi_AX,2.3400000000000003,0.0065143361796034
direct_000426,K2LiSmCl6,delta_chi_AX,2.3400000000000003,0.0047811391467456
direct_000427,K2LiTbCl6,delta_chi_AX,2.3400000000000003,0.0054955315545715
direct_000428,K2LiTlBr6,delta_chi_AX,2.14,0.003467251591603
direct_000429,K2LiTlCl6,delta_chi_AX,2.3400000000000003,0.0067513320482681
direct_000430,K2LiTmCl6,delta_chi_AX,2.3400000000000003,0.0055470178198081
direct_000431,K2LiYBr6,delta_chi_AX,2.14,0.0028939680419644
direct_000432,K2LiYCl6,delta_chi_AX,2.3400000000000003,0.0070669232808841
direct_000433,K2LiYI6,delta_chi_AX,1.8400000000000003,-0.0054325329776791
direct_000434,K2AgLuCl6,delta_chi_AX,2.3400000000000003,0.0020961745548822
direct_000435,K2AuLuCl6,delta_chi_AX,2.3400000000000003,0.002348076478399
direct_000436,K2CuLuCl6,delta_chi_AX,2.3400000000000003,0.0019098993948043
direct_000437,K2NaAlCl6,delta_chi_AX,2.3400000000000003,0.0065167652726141
direct_000438,K2NaAsBr6,delta_chi_AX,2.14,-0.000856548376644
direct_000439,K2NaAsCl6,delta_chi_AX,2.3400000000000003,0.0007881271009875
direct_000440,K2NaBiBr6,delta_chi_AX,2.14,0.0007721315855277
direct_000441,K2NaBiCl6,delta_chi_AX,2.3400000000000003,0.0020933518775963
direct_000442,K2NaBiI6,delta_chi_AX,1.8400000000000003,-0.0065347127357779
direct_000443,K2NaCeBr6,delta_chi_AX,2.14,-0.0015250783716516
direct_000444,K2NaCeCl6,delta_chi_AX,2.3400000000000003,0.0025001804699594
direct_000445,K2NaCrCl6,delta_chi_AX,2.3400000000000003,0.0088243342038264
direct_000446,K2NaDyCl6,delta_chi_AX,2.3400000000000003,0.0050498465073469
direct_000447,K2NaErCl6,delta_chi_AX,2.3400000000000003,0.0050518472024821
direct_000448,K2NaGaBr6,delta_chi_AX,2.14,0.0008053437281115
direct_000449,K2NaGaCl6,delta_chi_AX,2.3400000000000003,0.0064673923366508
direct_000450,K2NaGdCl6,delta_chi_AX,2.3400000000000003,0.0050789843481772
direct_000451,K2NaInBr6,delta_chi_AX,2.14,0.0032037430169652
direct_000452,K2NaInCl6,delta_chi_AX,2.3400000000000003,0.0065006671183195
direct_000453,K2NaInI6,delta_chi_AX,1.8400000000000003,-0.0069949904990245
direct_000454,K2NaLaCl6,delta_chi_AX,2.3400000000000003,0.0068450181127034
direct_000455,K2NaLuCl6,delta_chi_AX,2.3400000000000003,0.0054513360245058
direct_000456,K2NaMoBr6,delta_chi_AX,2.14,0.0046318318968662
direct_000457,K2NaMoCl6,delta_chi_AX,2.3400000000000003,-0.0018269004892646
direct_000458,K2NaMoI6,delta_chi_AX,1.8400000000000003,-0.0055845669368429
direct_000459,K2NaNdBr6,delta_chi_AX,2.14,0.0018680911330712
direct_000460,K2NaNdCl6,delta_chi_AX,2.3400000000000003,0.0050600728405574
direct_000461,K2NaNdI6,delta_chi_AX,1.8400000000000003,-0.0050407136078979
direct_000462,K2NaPrBr6,delta_chi_AX,2.14,0.0020350023581976
direct_000463,K2NaPrCl6,delta_chi_AX,2.3400000000000003,0.0051016319388966
direct_000464,K2NaPrI6,delta_chi_AX,1.8400000000000003,-0.0057667836913837
direct_000465,K2NaSbBr6,delta_chi_AX,2.14,0.0008589192373116
direct_000466,K2NaSbCl6,delta_chi_AX,2.3400000000000003,0.0022495964771965
direct_000467,K2NaSbI6,delta_chi_AX,1.8400000000000003,-0.0068836197904712
direct_000468,K2NaScBr6,delta_chi_AX,2.14,-0.0056111002711722
direct_000469,K2NaScCl6,delta_chi_AX,2.3400000000000003,0.0076089288260745
direct_000470,K2NaScI6,delta_chi_AX,1.8400000000000003,-0.0103179741883675
direct_000471,K2NaSmCl6,delta_chi_AX,2.3400000000000003,0.0050523428531345
direct_000472,K2NaTbCl6,delta_chi_AX,2.3400000000000003,0.0059275831412775
direct_000473,K2NaTlBr6,delta_chi_AX,2.14,0.0029075493376616
direct_000474,K2NaTlCl6,delta_chi_AX,2.3400000000000003,0.006377014147709
direct_000475,K2NaTlI6,delta_chi_AX,1.8400000000000003,-0.016423836842529
direct_000476,K2NaTmCl6,delta_chi_AX,2.3400000000000003,0.0050809418846628
direct_000477,K2NaYBr6,delta_chi_AX,2.14,0.0033176222459777
direct_000478,K2NaYCl6,delta_chi_AX,2.3400000000000003,0.0062255114375813
direct_000479,K2NaYI6,delta_chi_AX,1.8400000000000003,-0.0055911980418324
direct_000480,K2AgNdBr6,delta_chi_AX,2.14,0.000623722211799
direct_000481,K2AgNdCl6,delta_chi_AX,2.3400000000000003,0.0019772728818443
direct_000482,K2AgNdI6,delta_chi_AX,1.8400000000000003,-0.0045672069660933
direct_000483,K2AuNdCl6,delta_chi_AX,2.3400000000000003,0.0023326530140674
direct_000484,K2CuNdBr6,delta_chi_AX,2.14,0.0004763261708677
direct_000485,K2CuNdCl6,delta_chi_AX,2.3400000000000003,0.0018380903953918
direct_000486,K2CuNdI6,delta_chi_AX,1.8400000000000003,-0.0046123909506588
direct_000487,K2AgPrBr6,delta_chi_AX,2.14,0.0004975718610514
direct_000488,K2AgPrCl6,delta_chi_AX,2.3400000000000003,0.0019933904506257
direct_000489,K2AgPrI6,delta_chi_AX,1.8400000000000003,-0.0046407566628044
direct_000490,K2AuPrCl6,delta_chi_AX,2.3400000000000003,0.0023250546400641
direct_000491,K2CuPrBr6,delta_chi_AX,2.14,0.0004734376811639
direct_000492,K2CuPrCl6,delta_chi_AX,2.3400000000000003,0.0018369774955265
direct_000493,K2CuPrI6,delta_chi_AX,1.8400000000000003,-0.0046109211085955
direct_000494,K2RbAlBr6,delta_chi_AX,2.14,0.0010602467440157
direct_000495,K2RbAlCl6,delta_chi_AX,2.3400000000000003,0.0050046705246588
direct_000496,K2RbAlI6,delta_chi_AX,1.8400000000000003,-0.0077870527640711
direct_000497,K2RbAsBr6,delta_chi_AX,2.14,0.0092355051248422
direct_000498,K2RbAsCl6,delta_chi_AX,2.3400000000000003,0.0096941747066166
direct_000499,K2RbAsI6,delta_chi_AX,1.8400000000000003,-0.0240019215957838
direct_000500,K2RbAuCl6,delta_chi_AX,2.3400000000000003,0.0012350539149465
direct_000501,K2RbBiBr6,delta_chi_AX,2.14,0.0001899923988834
direct_000502,K2RbBiCl6,delta_chi_AX,2.3400000000000003,0.0020586229235645
direct_000503,K2RbBiI6,delta_chi_AX,1.8400000000000003,-0.021147533243475
direct_000504,K2RbCeBr6,delta_chi_AX,2.14,-0.0030527863264064
direct_000505,K2RbCeCl6,delta_chi_AX,2.3400000000000003,0.0028913824324838
direct_000506,K2RbCeI6,delta_chi_AX,1.8400000000000003,-0.007831230111251
direct_000507,K2RbDyCl6,delta_chi_AX,2.3400000000000003,0.0050984318099285
direct_000508,K2RbErCl6,delta_chi_AX,2.3400000000000003,0.005124026359806
direct_000509,K2RbGaBr6,delta_chi_AX,2.14,0.0028021050527389
direct_000510,K2RbGaCl6,delta_chi_AX,2.3400000000000003,0.0061129218891846
direct_000511,K2RbGaI6,delta_chi_AX,1.8400000000000003,-0.0078870492013059
direct_000512,K2RbGdCl6,delta_chi_AX,2.3400000000000003,0.0051096601881481
direct_000513,K2RbInBr6,delta_chi_AX,2.14,0.0033545733178482
direct_000514,K2RbInCl6,delta_chi_AX,2.3400000000000003,0.0064405476723619
direct_000515,K2RbLuCl6,delta_chi_AX,2.3400000000000003,0.0052205435360756
direct_000516,K2RbMoBr6,delta_chi_AX,2.14,0.0056301958053456
direct_000517,K2RbMoCl6,delta_chi_AX,2.3400000000000003,0.0053895858157756
direct_000518,K2RbMoI6,delta_chi_AX,1.8400000000000003,-0.0149817888030462
direct_000519,K2RbNdBr6,delta_chi_AX,2.14,0.0020540012829068
direct_000520,K2RbNdCl6,delta_chi_AX,2.3400000000000003,0.0050754053980919
direct_000521,K2RbNdI6,delta_chi_AX,1.8400000000000003,-0.0065111492173637
direct_000522,K2RbPrBr6,delta_chi_AX,2.14,0.002054558672469
direct_000523,K2RbPrCl6,delta_chi_AX,2.3400000000000003,0.0050735990699547
direct_000524,K2RbPrI6,delta_chi_AX,1.8400000000000003,-0.0064920820305701
direct_000525,K2RbSbBr6,delta_chi_AX,2.14,0.0030795668213184
direct_000526,K2RbSbCl6,delta_chi_AX,2.3400000000000003,0.0056559693967286
direct_000527,K2RbSbI6,delta_chi_AX,1.8400000000000003,-0.0125899424749052
direct_000528,K2RbScBr6,delta_chi_AX,2.14,-0.0016280249451933
direct_000529,K2RbScCl6,delta_chi_AX,2.3400000000000003,0.0060242145368915
direct_000530,K2RbTbCl6,delta_chi_AX,2.3400000000000003,0.0062421469713576
direct_000531,K2RbTlBr6,delta_chi_AX,2.14,0.0019995151364932
direct_000532,K2RbTmCl6,delta_chi_AX,2.3400000000000003,0.0048520896945006
direct_000533,K2RbYBr6,delta_chi_AX,2.14,0.0025204264836969
direct_000534,K2RbYCl6,delta_chi_AX,2.3400000000000003,0.0065307466890888
direct_000535,K2RbYI6,delta_chi_AX,1.8400000000000003,-0.0107505057151588
direct_000536,K2AuSbBr6,delta_chi_AX,2.14,0.001704821037198
direct_000537,K2AuSbCl6,delta_chi_AX,2.3400000000000003,0.0029973160427543
direct_000538,K2AgScBr6,delta_chi_AX,2.14,-0.0040990142749399
direct_000539,K2AgScCl6,delta_chi_AX,2.3400000000000003,0.0069800808813025
direct_000540,K2AgScI6,delta_chi_AX,1.8400000000000003,-0.0080708222540784
direct_000541,K2AuScBr6,delta_chi_AX,2.14,0.000869561904474
direct_000542,K2AuScCl6,delta_chi_AX,2.3400000000000003,0.0031682159923358
direct_000543,K2AuScI6,delta_chi_AX,1.8400000000000003,-0.0060114658542176
direct_000544,K2CuScCl6,delta_chi_AX,2.3400000000000003,0.0037960471129019
direct_000545,K2InScBr6,delta_chi_AX,2.14,0.0027045775343581
direct_000546,K2InScCl6,delta_chi_AX,2.3400000000000003,0.0043517583861272
direct_000547,K2InScI6,delta_chi_AX,1.8400000000000003,-0.00876755148291
direct_000548,K2TlScBr6,delta_chi_AX,2.14,0.0036381525460606
direct_000549,K2TlScCl6,delta_chi_AX,2.3400000000000003,0.0071220742921417
direct_000550,K2AgSmCl6,delta_chi_AX,2.3400000000000003,0.0019935908036237
direct_000551,K2AuSmCl6,delta_chi_AX,2.3400000000000003,0.0023270385863688
direct_000552,K2CuSmCl6,delta_chi_AX,2.3400000000000003,0.0017576259718692
direct_000553,K2AgTbCl6,delta_chi_AX,2.3400000000000003,0.0020190777040886
direct_000554,K2AuTbCl6,delta_chi_AX,2.3400000000000003,0.0024763448817973
direct_000555,K2CuTbCl6,delta_chi_AX,2.3400000000000003,0.0019199809901045
direct_000556,K2TlAsBr6,delta_chi_AX,2.14,0.0063281965109144
direct_000557,K2TlAsCl6,delta_chi_AX,2.3400000000000003,0.0065819510073391
direct_000558,K2TlAsI6,delta_chi_AX,1.8400000000000003,-0.0118912373164228
direct_000559,K2TlGaBr6,delta_chi_AX,2.14,0.0009967300210935
direct_000560,K2TlGaCl6,delta_chi_AX,2.3400000000000003,0.0030870440690785
direct_000561,K2TlGaI6,delta_chi_AX,1.8400000000000003,-0.0076369692490683
direct_000562,K2TlInBr6,delta_chi_AX,2.14,0.0005084329983442
direct_000563,K2TlInCl6,delta_chi_AX,2.3400000000000003,0.0027438744437532
direct_000564,K2TlInI6,delta_chi_AX,1.8400000000000003,-0.0065513352025312
direct_000565,K2TlSbBr6,delta_chi_AX,2.14,0.0036666618267625
direct_000566,K2TlSbCl6,delta_chi_AX,2.3400000000000003,0.0047526719974378
direct_000567,K2AgTmCl6,delta_chi_AX,2.3400000000000003,0.0019057222278225
direct_000568,K2AuTmCl6,delta_chi_AX,2.3400000000000003,0.0023096632783557
direct_000569,K2CuTmCl6,delta_chi_AX,2.3400000000000003,0.0018610461862189
direct_000570,K2AgYBr6,delta_chi_AX,2.14,0.0001876224111259
direct_000571,K2AgYCl6,delta_chi_AX,2.3400000000000003,0.0026254794876833
direct_000572,K2AgYI6,delta_chi_AX,1.8400000000000003,-0.0054288094316585
direct_000573,K2AuYBr6,delta_chi_AX,2.14,0.0004915208518133
direct_000574,K2AuYCl6,delta_chi_AX,2.3400000000000003,0.002663542355027
direct_000575,K2AuYI6,delta_chi_AX,1.8400000000000003,-0.005409660058764
direct_000576,K2CuYBr6,delta_chi_AX,2.14,0.0003684648030434
direct_000577,K2CuYCl6,delta_chi_AX,2.3400000000000003,0.0021925954318107
direct_000578,K2CuYI6,delta_chi_AX,1.8400000000000003,-0.0054260742605078
direct_000579,K2InYCl6,delta_chi_AX,2.3400000000000003,0.0025708949974069
direct_000580,K2TlYBr6,delta_chi_AX,2.14,-0.0032092642889659
direct_000581,Rb2KAlBr6,delta_chi_AX,2.14,0.0013812011689506
direct_000582,Rb2KAlCl6,delta_chi_AX,2.3400000000000003,0.0056798329632324
direct_000583,Rb2KAlI6,delta_chi_AX,1.8400000000000003,-0.0084486344445687
direct_000584,Rb2KAsBr6,delta_chi_AX,2.14,0.0090978431449353
direct_000585,Rb2KAsCl6,delta_chi_AX,2.3400000000000003,0.0095972482485353
direct_000586,Rb2KAsI6,delta_chi_AX,1.8400000000000003,-0.0248251060045633
direct_000587,Rb2KAuCl6,delta_chi_AX,2.3400000000000003,0.0012889190752797
direct_000588,Rb2KDyCl6,delta_chi_AX,2.3400000000000003,0.0057660002713997
direct_000589,Rb2KErCl6,delta_chi_AX,2.3400000000000003,0.0056420108516353
direct_000590,Rb2KGaBr6,delta_chi_AX,2.14,0.0025995253782465
direct_000591,Rb2KGaCl6,delta_chi_AX,2.3400000000000003,0.0064916129852187
direct_000592,Rb2KGaI6,delta_chi_AX,1.8400000000000003,-0.007355557615291
direct_000593,Rb2KGdCl6,delta_chi_AX,2.3400000000000003,0.0056240030393502
direct_000594,Rb2KInBr6,delta_chi_AX,2.14,0.0025613099868419
direct_000595,Rb2KInCl6,delta_chi_AX,2.3400000000000003,0.0064472648804968
direct_000596,Rb2KInI6,delta_chi_AX,1.8400000000000003,-0.0072456277401148
direct_000597,Rb2KLaCl6,delta_chi_AX,2.3400000000000003,0.0065534275699949
direct_000598,Rb2KLuCl6,delta_chi_AX,2.3400000000000003,0.0057574422645342
direct_000599,Rb2KScBr6,delta_chi_AX,2.14,-0.0025903841117853
direct_000600,Rb2KScCl6,delta_chi_AX,2.3400000000000003,0.0069670558660903
direct_000601,Rb2KScI6,delta_chi_AX,1.8400000000000003,-0.0096087433933553
direct_000602,Rb2KSmCl6,delta_chi_AX,2.3400000000000003,0.0051602625716025
direct_000603,Rb2KTbCl6,delta_chi_AX,2.3400000000000003,0.0062825552863514
direct_000604,Rb2KTlBr6,delta_chi_AX,2.14,0.0021369684890684
direct_000605,Rb2KTlCl6,delta_chi_AX,2.3400000000000003,0.0054990896044995
direct_000606,Rb2KTlI6,delta_chi_AX,1.8400000000000003,-0.011034654503603
direct_000607,Rb2KTmCl6,delta_chi_AX,2.3400000000000003,0.0052330055659447
direct_000608,Li2CuSbCl6,delta_chi_AX,2.18,0.0021367319001194
direct_000609,Li2CuInCl6,delta_chi_AX,2.18,0.0017448937999039
direct_000610,Li2CuScCl6,delta_chi_AX,2.18,0.0005378313627258
direct_000611,Tl2LiScCl6,delta_chi_AX,1.54,-0.0883298058749714
direct_000612,Tl2LiInCl6,delta_chi_AX,1.54,-0.1624638863703351
direct_000613,Tl2LiYCl6,delta_chi_AX,1.54,-0.1706577242375665
direct_000614,O2MoPCl6,delta_chi_AX,0.2799999999999998,-0.0327600171142647
direct_000615,Na2AgAsBr6,delta_chi_AX,2.03,0.0014539098096944
direct_000616,Na2AgAsCl6,delta_chi_AX,2.23,0.003489159026093
direct_000617,Na2AgSbCl6,delta_chi_AX,2.23,0.0021058499015296
direct_000618,Na2AgAlBr6,delta_chi_AX,2.03,0.0010946979056991
direct_000619,Na2AgAlCl6,delta_chi_AX,2.23,0.0058495384287607
direct_000620,Na2CuBiBr6,delta_chi_AX,2.03,0.0003000876477606
direct_000621,Na2CuBiCl6,delta_chi_AX,2.23,0.0027689162066546
direct_000622,Na2CuSbCl6,delta_chi_AX,2.23,0.0025411033634732
direct_000623,Na2CuDyCl6,delta_chi_AX,2.23,0.0019026445050331
direct_000624,Na2CuErCl6,delta_chi_AX,2.23,0.0019815928317161
direct_000625,Na2CuEuCl6,delta_chi_AX,2.23,0.0019146896170317
direct_000626,Na2AgGaCl6,delta_chi_AX,2.23,0.005824929208602
direct_000627,Na2AgInBr6,delta_chi_AX,2.03,0.0006552822413942
direct_000628,Na2AgInCl6,delta_chi_AX,2.23,0.003019769505479
direct_000629,Na2CuLaCl6,delta_chi_AX,2.23,0.0020179875145246
direct_000630,Na2LiBiBr6,delta_chi_AX,2.03,0.0007619811208722
direct_000631,Na2LiBiCl6,delta_chi_AX,2.23,0.0020862710507533
direct_000632,Na2LiBiI6,delta_chi_AX,1.73,-0.0079883109677763
direct_000633,Na2LiCeCl6,delta_chi_AX,2.23,0.0031665410985685
direct_000634,Na2LiDyCl6,delta_chi_AX,2.23,0.0049208522480083
direct_000635,Na2LiErCl6,delta_chi_AX,2.23,0.0054093420101291
direct_000636,Na2LiGdCl6,delta_chi_AX,2.23,0.0049432764566272
direct_000637,Na2LiInCl6,delta_chi_AX,2.23,0.0076170311016445
direct_000638,Na2LiLaCl6,delta_chi_AX,2.23,0.0066803832680489
direct_000639,Na2LiLuCl6,delta_chi_AX,2.23,0.0057799961357412
direct_000640,Na2LiNdCl6,delta_chi_AX,2.23,0.0046056259748275
direct_000641,Na2LiPrCl6,delta_chi_AX,2.23,0.0045990487029703
direct_000642,Na2LiSbCl6,delta_chi_AX,2.23,0.0021849845634858
direct_000643,Na2LiScCl6,delta_chi_AX,2.23,0.0063893641447179
direct_000644,Na2LiSmCl6,delta_chi_AX,2.23,0.0045988364284994
direct_000645,Na2LiTbCl6,delta_chi_AX,2.23,0.0052850445662876
direct_000646,Na2LiTlBr6,delta_chi_AX,2.03,0.0034616405952404
direct_000647,Na2LiTlCl6,delta_chi_AX,2.23,0.0067203891729546
direct_000648,Na2LiTmCl6,delta_chi_AX,2.23,0.0054011917808073
direct_000649,Na2LiYBr6,delta_chi_AX,2.03,0.0029282260020663
direct_000650,Na2LiYCl6,delta_chi_AX,2.23,0.0068973710902701
direct_000651,Na2AgLuCl6,delta_chi_AX,2.23,0.0019156737789102
direct_000652,Na2CuLuCl6,delta_chi_AX,2.23,0.002047388049256
direct_000653,Na2CuNdCl6,delta_chi_AX,2.23,0.0019340524366444
direct_000654,Na2CuPrCl6,delta_chi_AX,2.23,0.0019317590920792
direct_000655,Na2AgScCl6,delta_chi_AX,2.23,0.0016610920141132
direct_000656,Na2CuScCl6,delta_chi_AX,2.23,0.0046076401546437
direct_000657,Na2CuSmCl6,delta_chi_AX,2.23,0.0019227631638784
direct_000658,Na2CuTbCl6,delta_chi_AX,2.23,0.0019604097533707
direct_000659,Na2AgTmCl6,delta_chi_AX,2.23,0.0017862710098357
direct_000660,Na2CuTmCl6,delta_chi_AX,2.23,0.0019979120263386
direct_000661,Na2CuYBr6,delta_chi_AX,2.03,0.0004307686291958
direct_000662,Na2CuYCl6,delta_chi_AX,2.23,0.0022758828927567
direct_000663,O2NbPCl6,delta_chi_AX,0.2799999999999998,-0.0295237539366182
direct_000664,Rb2AgAsBr6,delta_chi_AX,2.14,0.0009153394236158
direct_000665,Rb2AgAsCl6,delta_chi_AX,2.3400000000000003,0.0032595710320272
direct_000666,Rb2AgBiBr6,delta_chi_AX,2.14,0.0003587035493722
direct_000667,Rb2AgBiCl6,delta_chi_AX,2.3400000000000003,0.0027290815840826
direct_000668,Rb2AgBiI6,delta_chi_AX,1.8400000000000003,-0.0062340544004607
direct_000669,Rb2AgMoBr6,delta_chi_AX,2.14,0.0035528194744203
direct_000670,Rb2AgMoCl6,delta_chi_AX,2.3400000000000003,0.0059175615248452
direct_000671,Rb2AgMoI6,delta_chi_AX,1.8400000000000003,-0.0104746312488666
direct_000672,Rb2AgSbBr6,delta_chi_AX,2.14,-0.0002249112941062
direct_000673,Rb2AgSbCl6,delta_chi_AX,2.3400000000000003,0.0028990997224764
direct_000674,Rb2AgSbI6,delta_chi_AX,1.8400000000000003,-0.0057032683018195
direct_000675,Rb2AgAlBr6,delta_chi_AX,2.14,0.0009908912246172
direct_000676,Rb2AgAlCl6,delta_chi_AX,2.3400000000000003,0.0061855872339499
direct_000677,Rb2AlAuCl6,delta_chi_AX,2.3400000000000003,0.0041749232550178
direct_000678,Rb2InAlBr6,delta_chi_AX,2.14,0.0001015329876897
direct_000679,Rb2InAlCl6,delta_chi_AX,2.3400000000000003,0.0033636313927471
direct_000680,Rb2InAlI6,delta_chi_AX,1.8400000000000003,-0.0070731438113294
direct_000681,Rb2TlAlBr6,delta_chi_AX,2.14,0.0005682061219952
direct_000682,Rb2TlAlCl6,delta_chi_AX,2.3400000000000003,0.0029620162643054
direct_000683,Rb2TlAlI6,delta_chi_AX,1.8400000000000003,-0.0073288766155287
direct_000684,Rb2AsAuCl6,delta_chi_AX,2.3400000000000003,0.0022650649885479
direct_000685,Rb2BiAuBr6,delta_chi_AX,2.14,0.0011726344384445
direct_000686,Rb2BiAuCl6,delta_chi_AX,2.3400000000000003,0.0024107306829416
direct_000687,Rb2FBrCl6,delta_chi_AX,2.3400000000000003,0.0049528434853171
direct_000688,Rb2AgCeBr6,delta_chi_AX,2.14,-6.509958960017235e-05
direct_000689,Rb2AgCeCl6,delta_chi_AX,2.3400000000000003,0.0019046827307843
direct_000690,Rb2AgCeI6,delta_chi_AX,1.8400000000000003,-0.0046516177740098
direct_000691,Rb2CuCeBr6,delta_chi_AX,2.14,-0.000175838314384
direct_000692,Rb2CuCeCl6,delta_chi_AX,2.3400000000000003,0.0017500346769765
direct_000693,Rb2CuBiBr6,delta_chi_AX,2.14,0.0002350330143853
direct_000694,Rb2CuBiCl6,delta_chi_AX,2.3400000000000003,0.0026049779538664
direct_000695,Rb2CuBiI6,delta_chi_AX,1.8400000000000003,-0.0059915760992128
direct_000696,Rb2CuMoBr6,delta_chi_AX,2.14,0.0061226988968113
direct_000697,Rb2CuMoCl6,delta_chi_AX,2.3400000000000003,0.0052110193953108
direct_000698,Rb2CuMoI6,delta_chi_AX,1.8400000000000003,-0.0122752941747845
direct_000699,Rb2CuSbBr6,delta_chi_AX,2.14,0.0006497384267921
direct_000700,Rb2CuSbCl6,delta_chi_AX,2.3400000000000003,0.0024318313590256
direct_000701,Rb2CuSbI6,delta_chi_AX,1.8400000000000003,-0.0045706446448719
direct_000702,Rb2AgDyCl6,delta_chi_AX,2.3400000000000003,0.0019607705495505
direct_000703,Rb2AuDyCl6,delta_chi_AX,2.3400000000000003,0.0022746782069278
direct_000704,Rb2CuDyCl6,delta_chi_AX,2.3400000000000003,0.0017786516047539
direct_000705,Rb2AgErCl6,delta_chi_AX,2.3400000000000003,0.0019791178147285
direct_000706,Rb2AuErCl6,delta_chi_AX,2.3400000000000003,0.0022924725592077
direct_000707,Rb2CuErCl6,delta_chi_AX,2.3400000000000003,0.001852007777649
direct_000708,Rb2AgGaBr6,delta_chi_AX,2.14,-0.0049779937417754
direct_000709,Rb2AgGaCl6,delta_chi_AX,2.3400000000000003,0.0059623840310975
direct_000710,Rb2AgGdCl6,delta_chi_AX,2.3400000000000003,0.0019746038785511
direct_000711,Rb2AgInBr6,delta_chi_AX,2.14,0.0005060161495547
direct_000712,Rb2AgInCl6,delta_chi_AX,2.3400000000000003,0.0033661264889958
direct_000713,Rb2InAsBr6,delta_chi_AX,2.14,0.0079814016877386
direct_000714,Rb2InAsCl6,delta_chi_AX,2.3400000000000003,0.007720375446235
direct_000715,Rb2InBiCl6,delta_chi_AX,2.3400000000000003,0.0059081197274371
direct_000716,Rb2InGaBr6,delta_chi_AX,2.14,0.0008302908253125
direct_000717,Rb2InGaCl6,delta_chi_AX,2.3400000000000003,0.0032372113376751
direct_000718,Rb2InGaI6,delta_chi_AX,1.8400000000000003,-0.0074324296821149
direct_000719,Rb2InSbBr6,delta_chi_AX,2.14,0.0061510759908259
direct_000720,Rb2InSbCl6,delta_chi_AX,2.3400000000000003,0.0069674429702388
direct_000721,Rb2InSbI6,delta_chi_AX,1.8400000000000003,-0.0151206347604064
direct_000722,Rb2AgLaCl6,delta_chi_AX,2.3400000000000003,0.0022351652307904
direct_000723,Rb2AuLaCl6,delta_chi_AX,2.3400000000000003,0.0022943877356991
direct_000724,Rb2CuLaCl6,delta_chi_AX,2.3400000000000003,0.0021628516228084
direct_000725,Rb2LiBiBr6,delta_chi_AX,2.14,0.0007303439897571
direct_000726,Rb2LiBiCl6,delta_chi_AX,2.3400000000000003,0.0012756110024777
direct_000727,Rb2LiBiI6,delta_chi_AX,1.8400000000000003,-0.0076316505062486
direct_000728,Rb2LiCeBr6,delta_chi_AX,2.14,-0.0031359238021249
direct_000729,Rb2LiCeCl6,delta_chi_AX,2.3400000000000003,0.0037034796777978
direct_000730,Rb2LiCeI6,delta_chi_AX,1.8400000000000003,-0.0086516082591244
direct_000731,Rb2LiDyBr6,delta_chi_AX,2.14,0.0022196848448121
direct_000732,Rb2LiDyCl6,delta_chi_AX,2.3400000000000003,0.0051227280145395
direct_000733,Rb2LiErCl6,delta_chi_AX,2.3400000000000003,0.0055900354359428
direct_000734,Rb2LiGdCl6,delta_chi_AX,2.3400000000000003,0.0051437188528147
direct_000735,Rb2LiHoCl6,delta_chi_AX,2.3400000000000003,0.0051276894604789
direct_000736,Rb2LiInCl6,delta_chi_AX,2.3400000000000003,0.0077400108601414
direct_000737,Rb2LiLaCl6,delta_chi_AX,2.3400000000000003,0.0076687040623062
direct_000738,Rb2LiMoBr6,delta_chi_AX,2.14,0.0059327163035357
direct_000739,Rb2LiMoCl6,delta_chi_AX,2.3400000000000003,-0.0027706366555215
direct_000740,Rb2LiMoI6,delta_chi_AX,1.8400000000000003,-0.0059088420295544
direct_000741,Rb2LiNdBr6,delta_chi_AX,2.14,0.0017658003537211
direct_000742,Rb2LiNdCl6,delta_chi_AX,2.3400000000000003,0.004794126537184
direct_000743,Rb2LiNdI6,delta_chi_AX,1.8400000000000003,-0.0045514816579985
direct_000744,Rb2LiPrBr6,delta_chi_AX,2.14,0.0017697009632409
direct_000745,Rb2LiPrCl6,delta_chi_AX,2.3400000000000003,0.0047904552880968
direct_000746,Rb2LiPrI6,delta_chi_AX,1.8400000000000003,-0.0045756835506302
direct_000747,Rb2LiRhCl6,delta_chi_AX,2.3400000000000003,0.0002420986312833
direct_000748,Rb2LiSbBr6,delta_chi_AX,2.14,0.00080631666592
direct_000749,Rb2LiSbCl6,delta_chi_AX,2.3400000000000003,0.0017448543966249
direct_000750,Rb2LiSbI6,delta_chi_AX,1.8400000000000003,-0.0054436987361385
direct_000751,Rb2LiScCl6,delta_chi_AX,2.3400000000000003,0.0065023329807994
direct_000752,Rb2LiSmCl6,delta_chi_AX,2.3400000000000003,0.0047809575431924
direct_000753,Rb2LiTbCl6,delta_chi_AX,2.3400000000000003,0.005494780005275
direct_000754,Rb2LiTlBr6,delta_chi_AX,2.14,0.0034591269053302
direct_000755,Rb2LiTlCl6,delta_chi_AX,2.3400000000000003,0.0067812819579352
direct_000756,Rb2LiTmCl6,delta_chi_AX,2.3400000000000003,0.0055470178198081
direct_000757,Rb2LiYBr6,delta_chi_AX,2.14,0.0028981387866048
direct_000758,Rb2LiYCl6,delta_chi_AX,2.3400000000000003,0.007046057658803
direct_000759,Rb2LiYI6,delta_chi_AX,1.8400000000000003,-0.0054191006610511
direct_000760,Rb2AgLuCl6,delta_chi_AX,2.3400000000000003,0.0021440753480555
direct_000761,Rb2AuLuCl6,delta_chi_AX,2.3400000000000003,0.0024120781343538
direct_000762,Rb2CuLuCl6,delta_chi_AX,2.3400000000000003,0.0019098993948043
direct_000763,Rb2NaAlCl6,delta_chi_AX,2.3400000000000003,0.0065065053945413
direct_000764,Rb2NaAsBr6,delta_chi_AX,2.14,-0.0007086744937187
direct_000765,Rb2NaAsCl6,delta_chi_AX,2.3400000000000003,0.0008814127658148
direct_000766,Rb2NaBiBr6,delta_chi_AX,2.14,0.0007681349823151
direct_000767,Rb2NaBiCl6,delta_chi_AX,2.3400000000000003,0.0020773240619738
direct_000768,Rb2NaBiI6,delta_chi_AX,1.8400000000000003,-0.0065347127357779
direct_000769,Rb2NaCeBr6,delta_chi_AX,2.14,-0.0015314298329343
direct_000770,Rb2NaCeCl6,delta_chi_AX,2.3400000000000003,0.0025001392358916
direct_000771,Rb2NaCeI6,delta_chi_AX,1.8400000000000003,-0.0066094675850557
direct_000772,Rb2NaCrCl6,delta_chi_AX,2.3400000000000003,0.0088211551344951
direct_000773,Rb2NaDyCl6,delta_chi_AX,2.3400000000000003,0.005044906901613
direct_000774,Rb2NaErCl6,delta_chi_AX,2.3400000000000003,0.005049758645964
direct_000775,Rb2NaGaBr6,delta_chi_AX,2.14,0.0015244798407917
direct_000776,Rb2NaGaCl6,delta_chi_AX,2.3400000000000003,0.0065539821690262
direct_000777,Rb2NaGdCl6,delta_chi_AX,2.3400000000000003,0.0050767527633589
direct_000778,Rb2NaInBr6,delta_chi_AX,2.14,0.0032033931671313
direct_000779,Rb2NaInCl6,delta_chi_AX,2.3400000000000003,0.0065130876362549
direct_000780,Rb2NaInI6,delta_chi_AX,1.8400000000000003,-0.0069377764622086
direct_000781,Rb2NaLaCl6,delta_chi_AX,2.3400000000000003,0.0067499031809979
direct_000782,Rb2NaMoBr6,delta_chi_AX,2.14,0.0046890564569142
direct_000783,Rb2NaMoCl6,delta_chi_AX,2.3400000000000003,-0.0009539405709444
direct_000784,Rb2NaMoI6,delta_chi_AX,1.8400000000000003,-0.005581725666197
direct_000785,Rb2NaNdBr6,delta_chi_AX,2.14,0.0018660327724757
direct_000786,Rb2NaNdCl6,delta_chi_AX,2.3400000000000003,0.0050589485922498
direct_000787,Rb2NaNdI6,delta_chi_AX,1.8400000000000003,-0.0050665342290648
direct_000788,Rb2NaPrBr6,delta_chi_AX,2.14,0.0020329439976021
direct_000789,Rb2NaPrCl6,delta_chi_AX,2.3400000000000003,0.005100507690589
direct_000790,Rb2NaPrI6,delta_chi_AX,1.8400000000000003,-0.0057926043125506
direct_000791,Rb2NaSbBr6,delta_chi_AX,2.14,0.0008585693874777
direct_000792,Rb2NaSbCl6,delta_chi_AX,2.3400000000000003,0.0022649009459587
direct_000793,Rb2NaSbI6,delta_chi_AX,1.8400000000000003,-0.0069164452038293
direct_000794,Rb2NaScBr6,delta_chi_AX,2.14,-0.0053988097599439
direct_000795,Rb2NaScCl6,delta_chi_AX,2.3400000000000003,0.0074465847258152
direct_000796,Rb2NaScI6,delta_chi_AX,1.8400000000000003,-0.0085442311450389
direct_000797,Rb2NaSmCl6,delta_chi_AX,2.3400000000000003,0.0050521612495813
direct_000798,Rb2NaTbCl6,delta_chi_AX,2.3400000000000003,0.0059273641896325
direct_000799,Rb2NaTlBr6,delta_chi_AX,2.14,0.0028994246513888
direct_000800,Rb2NaTlCl6,delta_chi_AX,2.3400000000000003,0.0064069640573761
direct_000801,Rb2NaTmCl6,delta_chi_AX,2.3400000000000003,0.0050809418846628
direct_000802,Rb2NaYBr6,delta_chi_AX,2.14,0.003322173927124
direct_000803,Rb2NaYCl6,delta_chi_AX,2.3400000000000003,0.0061952439891207
direct_000804,Rb2NaYI6,delta_chi_AX,1.8400000000000003,-0.0055778751164335
direct_000805,Rb2AgNdBr6,delta_chi_AX,2.14,0.000623722211799
direct_000806,Rb2AgNdCl6,delta_chi_AX,2.3400000000000003,0.0019758341823652
direct_000807,Rb2AgNdI6,delta_chi_AX,1.8400000000000003,-0.0046829845474033
direct_000808,Rb2AuNdCl6,delta_chi_AX,2.3400000000000003,0.002336720481634
direct_000809,Rb2CuNdBr6,delta_chi_AX,2.14,0.0004743514538425
direct_000810,Rb2CuNdCl6,delta_chi_AX,2.3400000000000003,0.001848126160185
direct_000811,Rb2CuNdI6,delta_chi_AX,1.8400000000000003,-0.0046123653186276
direct_000812,Rb2AgPrBr6,delta_chi_AX,2.14,0.0004975718610514
direct_000813,Rb2AgPrCl6,delta_chi_AX,2.3400000000000003,0.0019907210048387
direct_000814,Rb2AgPrI6,delta_chi_AX,1.8400000000000003,-0.00470580583642
direct_000815,Rb2AuPrCl6,delta_chi_AX,2.3400000000000003,0.0023288005269743
direct_000816,Rb2CuPrBr6,delta_chi_AX,2.14,0.0004714629641387
direct_000817,Rb2CuPrCl6,delta_chi_AX,2.3400000000000003,0.0018503756718818
direct_000818,Rb2CuPrI6,delta_chi_AX,1.8400000000000003,-0.0046108954765644
direct_000819,Rb2AuSbCl6,delta_chi_AX,2.3400000000000003,0.0029544272500862
direct_000820,Rb2AgScBr6,delta_chi_AX,2.14,-0.0040979759088155
direct_000821,Rb2AgScCl6,delta_chi_AX,2.3400000000000003,0.0069309972414756
direct_000822,Rb2AgScI6,delta_chi_AX,1.8400000000000003,-0.008078453347638
direct_000823,Rb2AuScBr6,delta_chi_AX,2.14,0.0008259702741872
direct_000824,Rb2AuScCl6,delta_chi_AX,2.3400000000000003,0.0030975801979316
direct_000825,Rb2AuScI6,delta_chi_AX,1.8400000000000003,-0.0060624470165675
direct_000826,Rb2CuScCl6,delta_chi_AX,2.3400000000000003,0.0038636045678122
direct_000827,Rb2InScBr6,delta_chi_AX,2.14,0.0027042276845241
direct_000828,Rb2InScCl6,delta_chi_AX,2.3400000000000003,0.0044899617204835
direct_000829,Rb2InScI6,delta_chi_AX,1.8400000000000003,-0.0088275406930358
direct_000830,Rb2TlScBr6,delta_chi_AX,2.14,0.0036333170176965
direct_000831,Rb2TlScCl6,delta_chi_AX,2.3400000000000003,0.0071232937158999
direct_000832,Rb2TlScI6,delta_chi_AX,1.8400000000000003,-0.0164708955694941
direct_000833,Rb2AgSmCl6,delta_chi_AX,2.3400000000000003,0.001985442923149
direct_000834,Rb2AuSmCl6,delta_chi_AX,2.3400000000000003,0.0023481977013916
direct_000835,Rb2CuSmCl6,delta_chi_AX,2.3400000000000003,0.0017617776884521
direct_000836,Rb2AgTbCl6,delta_chi_AX,2.3400000000000003,0.0020190777040886
direct_000837,Rb2AuTbCl6,delta_chi_AX,2.3400000000000003,0.0024865805901862
direct_000838,Rb2CuTbCl6,delta_chi_AX,2.3400000000000003,0.0019181211577331
direct_000839,Rb2TlAsBr6,delta_chi_AX,2.14,0.0062589120776454
direct_000840,Rb2TlAsCl6,delta_chi_AX,2.3400000000000003,0.0065797906637562
direct_000841,Rb2TlAsI6,delta_chi_AX,1.8400000000000003,-0.0118943378705996
direct_000842,Rb2TlBiBr6,delta_chi_AX,2.14,0.0028962564662903
direct_000843,Rb2TlGaBr6,delta_chi_AX,2.14,0.0013723219075464
direct_000844,Rb2TlGaCl6,delta_chi_AX,2.3400000000000003,0.0030773601871259
direct_000845,Rb2TlGaI6,delta_chi_AX,1.8400000000000003,-0.0076400698032452
direct_000846,Rb2TlInBr6,delta_chi_AX,2.14,0.0002295937153418
direct_000847,Rb2TlInCl6,delta_chi_AX,2.3400000000000003,0.0027427024681461
direct_000848,Rb2TlInI6,delta_chi_AX,1.8400000000000003,-0.0065513352025312
direct_000849,Rb2TlSbBr6,delta_chi_AX,2.14,0.0033220001618995
direct_000850,Rb2TlSbCl6,delta_chi_AX,2.3400000000000003,0.0047521987303392
direct_000851,Rb2TlSbI6,delta_chi_AX,1.8400000000000003,-0.0104254302953591
direct_000852,Rb2AgTmCl6,delta_chi_AX,2.3400000000000003,0.0019019319858162
direct_000853,Rb2AuTmCl6,delta_chi_AX,2.3400000000000003,0.0023096632783557
direct_000854,Rb2CuTmCl6,delta_chi_AX,2.3400000000000003,0.0018610461862189
direct_000855,Rb2AgYBr6,delta_chi_AX,2.14,0.0002191090099258
direct_000856,Rb2AgYCl6,delta_chi_AX,2.3400000000000003,0.0026164753437425
direct_000857,Rb2AgYI6,delta_chi_AX,1.8400000000000003,-0.0054447477645242
direct_000858,Rb2AuYBr6,delta_chi_AX,2.14,0.0004928156835477
direct_000859,Rb2AuYCl6,delta_chi_AX,2.3400000000000003,0.0026371397718803
direct_000860,Rb2AuYI6,delta_chi_AX,1.8400000000000003,-0.0054247892155224
direct_000861,Rb2CuYBr6,delta_chi_AX,2.14,0.0003763516468265
direct_000862,Rb2CuYCl6,delta_chi_AX,2.3400000000000003,0.0021044117126049
direct_000863,Rb2CuYI6,delta_chi_AX,1.8400000000000003,-0.0054233932677678
direct_000864,Rb2InYBr6,delta_chi_AX,2.14,0.0018588852944975
direct_000865,Rb2InYCl6,delta_chi_AX,2.3400000000000003,0.0026704508730398
direct_000866,Rb2InYI6,delta_chi_AX,1.8400000000000003,-0.0077032220541545
direct_000867,Rb2TlYBr6,delta_chi_AX,2.14,-0.002945578783128
direct_000868,Rb2TlYCl6,delta_chi_AX,2.3400000000000003,0.005436643446876
direct_000869,Rb2TlYI6,delta_chi_AX,1.8400000000000003,-0.0099682464115353
direct_000870,O2PSbCl6,delta_chi_AX,0.2799999999999998,-0.0502439948345267
direct_000871,S2NSbCl6,delta_chi_AX,0.5800000000000001,-0.035094658705053
direct_000872,Cs2GeSnCl6,delta_chi_AX,2.37,-0.000122164555177
direct_000873,Cs2GeSnBr6,delta_chi_AX,2.17,0.0028224164084237
direct_000874,Rb2GeSnCl6,delta_chi_AX,2.3400000000000003,0.0037769013070441
direct_000875,Rb2GeSnBr6,delta_chi_AX,2.14,0.0005023888781912
direct_000876,K2GeSnBr6,delta_chi_AX,2.14,0.0005034901478388
direct_000877,K2GeSnI6,delta_chi_AX,1.8400000000000003,-0.0069754707535726
direct_000878,Na2GeSnCl6,delta_chi_AX,2.23,0.0036213778744257
direct_000879,K2GeSnCl6,delta_chi_AX,2.3400000000000003,0.003800727818139
direct_000880,Li2GeSnCl6,delta_chi_AX,2.18,0.0027224219085821
direct_000881,Li2GeSnBr6,delta_chi_AX,1.98,-0.0017590719185902
direct_000882,Li2GeSnI6,delta_chi_AX,1.6800000000000002,-0.0277878180108736
direct_000883,Rb2GeSnI6,delta_chi_AX,1.8400000000000003,-0.0069748821343655
direct_000884,Cs2GeSnI6,delta_chi_AX,1.87,-0.0039656244622934
