Energy_eV,Energy_minus_VBM_eV,TDOS_per_fu,Cs_s_per_fu,Cs_p_per_fu,Cs_d_per_fu,Ge_s_per_fu,Ge_p_per_fu,Ge_d_per_fu,Sn_s_per_fu,Sn_p_per_fu,Sn_d_per_fu,Cl_s_per_fu,Cl_p_per_fu,Cl_d_per_fu,Br_s_per_fu,Br_p_per_fu,Br_d_per_fu
-25.561,-26.545933,0.0,0.0,0.0,0.0,0.0,0.0,0.0,0.0,0.0,0.0,0.0,0.0,0.0,0.0,0.0,0.0
-25.547,-26.531933000000002,0.0,0.0,0.0,0.0,0.0,0.0,0.0,0.0,0.0,0.0,0.0,0.0,0.0,0.0,0.0,0.0
-25.534,-26.518933,0.0,0.0,0.0,0.0,0.0,0.0,0.0,0.0,0.0,0.0,0.0,0.0,0.0,0.0,0.0,0.0
-25.521,-26.505933000000002,0.0,0.0,0.0,0.0,0.0,0.0,0.0,0.0,0.0,0.0,0.0,0.0,0.0,0.0,0.0,0.0
-25.508,-26.492933,0.0,0.0,0.0,0.0,0.0,0.0,0.0,0.0,0.0,0.0,0.0,0.0,0.0,0.0,0.0,0.0
-25.494,-26.478933,0.0,0.0,0.0,0.0,0.0,0.0,0.0,0.0,0.0,0.0,0.0,0.0,0.0,0.0,0.0,0.0
-25.481,-26.465933000000003,0.0,0.0,0.0,0.0,0.0,0.0,0.0,0.0,0.0,0.0,0.0,0.0,0.0,0.0,0.0,0.0
-25.468,-26.452933,0.0,0.0,0.0,0.0,0.0,0.0,0.0,0.0,0.0,0.0,0.0,0.0,0.0,0.0,0.0,0.0
-25.455,-26.439933,0.0,0.0,0.0,0.0,0.0,0.0,0.0,0.0,0.0,0.0,0.0,0.0,0.0,0.0,0.0,0.0
-25.441,-26.425933,0.0,0.0,0.0,0.0,0.0,0.0,0.0,0.0,0.0,0.0,0.0,0.0,0.0,0.0,0.0,0.0
-25.428,-26.412933000000002,0.0,0.0,0.0,0.0,0.0,0.0,0.0,0.0,0.0,0.0,0.0,0.0,0.0,0.0,0.0,0.0
-25.415,-26.399933,0.0,0.0,0.0,0.0,0.0,0.0,0.0,0.0,0.0,0.0,0.0,0.0,0.0,0.0,0.0,0.0
-25.402,-26.386933000000003,0.0,0.0,0.0,0.0,0.0,0.0,0.0,0.0,0.0,0.0,0.0,0.0,0.0,0.0,0.0,0.0
-25.388,-26.372933000000003,0.0,0.0,0.0,0.0,0.0,0.0,0.0,0.0,0.0,0.0,0.0,0.0,0.0,0.0,0.0,0.0
-25.375,-26.359933,0.0,0.0,0.0,0.0,0.0,0.0,0.0,0.0,0.0,0.0,0.0,0.0,0.0,0.0,0.0,0.0
-25.362,-26.346933,0.0,0.0,0.0,0.0,0.0,0.0,0.0,0.0,0.0,0.0,0.0,0.0,0.0,0.0,0.0,0.0
-25.349,-26.333933000000002,0.0,0.0,0.0,0.0,0.0,0.0,0.0,0.0,0.0,0.0,0.0,0.0,0.0,0.0,0.0,0.0
-25.336,-26.320933,0.0,0.0,0.0,0.0,0.0,0.0,0.0,0.0,0.0,0.0,0.0,0.0,0.0,0.0,0.0,0.0
-25.322,-26.306933,0.0,0.0,0.0,0.0,0.0,0.0,0.0,0.0,0.0,0.0,0.0,0.0,0.0,0.0,0.0,0.0
-25.309,-26.293933000000003,0.0,0.0,0.0,0.0,0.0,0.0,0.0,0.0,0.0,0.0,0.0,0.0,0.0,0.0,0.0,0.0
-25.296,-26.280933,0.0,0.0,0.0,0.0,0.0,0.0,0.0,0.0,0.0,0.0,0.0,0.0,0.0,0.0,0.0,0.0
-25.283,-26.267933000000003,0.0,0.0,0.0,0.0,0.0,0.0,0.0,0.0,0.0,0.0,0.0,0.0,0.0,0.0,0.0,0.0
-25.269,-26.253933,0.0,0.0,0.0,0.0,0.0,0.0,0.0,0.0,0.0,0.0,0.0,0.0,0.0,0.0,0.0,0.0
-25.256,-26.240933000000002,0.0,0.0,0.0,0.0,0.0,0.0,0.0,0.0,0.0,0.0,0.0,0.0,0.0,0.0,0.0,0.0
-25.243,-26.227933,0.0,0.0,0.0,0.0,0.0,0.0,0.0,0.0,0.0,0.0,0.0,0.0,0.0,0.0,0.0,0.0
-25.23,-26.214933000000002,0.0,0.0,0.0,0.0,0.0,0.0,0.0,0.0,0.0,0.0,0.0,0.0,0.0,0.0,0.0,0.0
-25.216,-26.200933000000003,0.0,0.0,0.0,0.0,0.0,0.0,0.0,0.0,0.0,0.0,0.0,0.0,0.0,0.0,0.0,0.0
-25.203,-26.187933,0.0,0.0,0.0,0.0,0.0,0.0,0.0,0.0,0.0,0.0,0.0,0.0,0.0,0.0,0.0,0.0
-25.19,-26.174933000000003,0.0,0.0,0.0,0.0,0.0,0.0,0.0,0.0,0.0,0.0,0.0,0.0,0.0,0.0,0.0,0.0
-25.177,-26.161933,0.0,0.0,0.0,0.0,0.0,0.0,0.0,0.0,0.0,0.0,0.0,0.0,0.0,0.0,0.0,0.0
-25.163,-26.147933000000002,0.0,0.0,0.0,0.0,0.0,0.0,0.0,0.0,0.0,0.0,0.0,0.0,0.0,0.0,0.0,0.0
-25.15,-26.134933,0.0,0.0,0.0,0.0,0.0,0.0,0.0,0.0,0.0,0.0,0.0,0.0,0.0,0.0,0.0,0.0
-25.137,-26.121933000000002,0.0,0.0,0.0,0.0,0.0,0.0,0.0,0.0,0.0,0.0,0.0,0.0,0.0,0.0,0.0,0.0
-25.124,-26.108933,0.0,0.0,0.0,0.0,0.0,0.0,0.0,0.0,0.0,0.0,0.0,0.0,0.0,0.0,0.0,0.0
-25.11,-26.094933,0.0,0.0,0.0,0.0,0.0,0.0,0.0,0.0,0.0,0.0,0.0,0.0,0.0,0.0,0.0,0.0
-25.097,-26.081933000000003,0.0,0.0,0.0,0.0,0.0,0.0,0.0,0.0,0.0,0.0,0.0,0.0,0.0,0.0,0.0,0.0
-25.084,-26.068933,0.0,0.0,0.0,0.0,0.0,0.0,0.0,0.0,0.0,0.0,0.0,0.0,0.0,0.0,0.0,0.0
-25.071,-26.055933000000003,0.0,0.0,0.0,0.0,0.0,0.0,0.0,0.0,0.0,0.0,0.0,0.0,0.0,0.0,0.0,0.0
-25.057,-26.041933,0.0,0.0,0.0,0.0,0.0,0.0,0.0,0.0,0.0,0.0,0.0,0.0,0.0,0.0,0.0,0.0
-25.044,-26.028933000000002,0.0,0.0,0.0,0.0,0.0,0.0,0.0,0.0,0.0,0.0,0.0,0.0,0.0,0.0,0.0,0.0
-25.031,-26.015933,0.0,0.0,0.0,0.0,0.0,0.0,0.0,0.0,0.0,0.0,0.0,0.0,0.0,0.0,0.0,0.0
-25.018,-26.002933000000002,0.0,0.0,0.0,0.0,0.0,0.0,0.0,0.0,0.0,0.0,0.0,0.0,0.0,0.0,0.0,0.0
-25.004,-25.988933000000003,0.0,0.0,0.0,0.0,0.0,0.0,0.0,0.0,0.0,0.0,0.0,0.0,0.0,0.0,0.0,0.0
-24.991,-25.975933,0.0,0.0,0.0,0.0,0.0,0.0,0.0,0.0,0.0,0.0,0.0,0.0,0.0,0.0,0.0,0.0
-24.978,-25.962933000000003,0.0,0.0,0.0,0.0,0.0,0.0,0.0,0.0,0.0,0.0,0.0,0.0,0.0,0.0,0.0,0.0
-24.965,-25.949933,0.0,0.0,0.0,0.0,0.0,0.0,0.0,0.0,0.0,0.0,0.0,0.0,0.0,0.0,0.0,0.0
-24.951,-25.935933000000002,0.0,0.0,0.0,0.0,0.0,0.0,0.0,0.0,0.0,0.0,0.0,0.0,0.0,0.0,0.0,0.0
-24.938,-25.922933,0.0,0.0,0.0,0.0,0.0,0.0,0.0,0.0,0.0,0.0,0.0,0.0,0.0,0.0,0.0,0.0
-24.925,-25.909933000000002,0.0,0.0,0.0,0.0,0.0,0.0,0.0,0.0,0.0,0.0,0.0,0.0,0.0,0.0,0.0,0.0
-24.912,-25.896933,0.0,0.0,0.0,0.0,0.0,0.0,0.0,0.0,0.0,0.0,0.0,0.0,0.0,0.0,0.0,0.0
-24.898,-25.882933,0.0,0.0,0.0,0.0,0.0,0.0,0.0,0.0,0.0,0.0,0.0,0.0,0.0,0.0,0.0,0.0
-24.885,-25.869933000000003,0.0,0.0,0.0,0.0,0.0,0.0,0.0,0.0,0.0,0.0,0.0,0.0,0.0,0.0,0.0,0.0
-24.872,-25.856933,0.0,0.0,0.0,0.0,0.0,0.0,0.0,0.0,0.0,0.0,0.0,0.0,0.0,0.0,0.0,0.0
-24.859,-25.843933000000003,0.0,0.0,0.0,0.0,0.0,0.0,0.0,0.0,0.0,0.0,0.0,0.0,0.0,0.0,0.0,0.0
-24.845,-25.829933,0.0,0.0,0.0,0.0,0.0,0.0,0.0,0.0,0.0,0.0,0.0,0.0,0.0,0.0,0.0,0.0
-24.832,-25.816933000000002,0.0,0.0,0.0,0.0,0.0,0.0,0.0,0.0,0.0,0.0,0.0,0.0,0.0,0.0,0.0,0.0
-24.819,-25.803933,0.0,0.0,0.0,0.0,0.0,0.0,0.0,0.0,0.0,0.0,0.0,0.0,0.0,0.0,0.0,0.0
-24.806,-25.790933000000003,0.0,0.0,0.0,0.0,0.0,0.0,0.0,0.0,0.0,0.0,0.0,0.0,0.0,0.0,0.0,0.0
-24.793,-25.777933,0.0,0.0,0.0,0.0,0.0,0.0,0.0,0.0,0.0,0.0,0.0,0.0,0.0,0.0,0.0,0.0
-24.779,-25.763933,0.0,0.0,0.0,0.0,0.0,0.0,0.0,0.0,0.0,0.0,0.0,0.0,0.0,0.0,0.0,0.0
-24.766,-25.750933,0.0,0.0,0.0,0.0,0.0,0.0,0.0,0.0,0.0,0.0,0.0,0.0,0.0,0.0,0.0,0.0
-24.753,-25.737933,0.0,0.0,0.0,0.0,0.0,0.0,0.0,0.0,0.0,0.0,0.0,0.0,0.0,0.0,0.0,0.0
-24.74,-25.724933,0.0,0.0,0.0,0.0,0.0,0.0,0.0,0.0,0.0,0.0,0.0,0.0,0.0,0.0,0.0,0.0
-24.726,-25.710933,0.0,0.0,0.0,0.0,0.0,0.0,0.0,0.0,0.0,0.0,0.0,0.0,0.0,0.0,0.0,0.0
-24.713,-25.697933000000003,0.0,0.0,0.0,0.0,0.0,0.0,0.0,0.0,0.0,0.0,0.0,0.0,0.0,0.0,0.0,0.0
-24.7,-25.684933,0.0,0.0,0.0,0.0,0.0,0.0,0.0,0.0,0.0,0.0,0.0,0.0,0.0,0.0,0.0,0.0
-24.687,-25.671933000000003,0.0,0.0,0.0,0.0,0.0,0.0,0.0,0.0,0.0,0.0,0.0,0.0,0.0,0.0,0.0,0.0
-24.673,-25.657933,0.0,0.0,0.0,0.0,0.0,0.0,0.0,0.0,0.0,0.0,0.0,0.0,0.0,0.0,0.0,0.0
-24.66,-25.644933,0.0,0.0,0.0,0.0,0.0,0.0,0.0,0.0,0.0,0.0,0.0,0.0,0.0,0.0,0.0,0.0
-24.647,-25.631933,0.0,0.0,0.0,0.0,0.0,0.0,0.0,0.0,0.0,0.0,0.0,0.0,0.0,0.0,0.0,0.0
-24.634,-25.618933000000002,0.0,0.0,0.0,0.0,0.0,0.0,0.0,0.0,0.0,0.0,0.0,0.0,0.0,0.0,0.0,0.0
-24.62,-25.604933000000003,0.0,0.0,0.0,0.0,0.0,0.0,0.0,0.0,0.0,0.0,0.0,0.0,0.0,0.0,0.0,0.0
-24.607,-25.591933,0.0,0.0,0.0,0.0,0.0,0.0,0.0,0.0,0.0,0.0,0.0,0.0,0.0,0.0,0.0,0.0
-24.594,-25.578933000000003,0.0,0.0,0.0,0.0,0.0,0.0,0.0,0.0,0.0,0.0,0.0,0.0,0.0,0.0,0.0,0.0
-24.581,-25.565933,0.0,0.0,0.0,0.0,0.0,0.0,0.0,0.0,0.0,0.0,0.0,0.0,0.0,0.0,0.0,0.0
-24.567,-25.551933000000002,0.0,0.0,0.0,0.0,0.0,0.0,0.0,0.0,0.0,0.0,0.0,0.0,0.0,0.0,0.0,0.0
-24.554,-25.538933,0.0,0.0,0.0,0.0,0.0,0.0,0.0,0.0,0.0,0.0,0.0,0.0,0.0,0.0,0.0,0.0
-24.541,-25.525933000000002,0.0,0.0,0.0,0.0,0.0,0.0,0.0,0.0,0.0,0.0,0.0,0.0,0.0,0.0,0.0,0.0
-24.528,-25.512933,0.0,0.0,0.0,0.0,0.0,0.0,0.0,0.0,0.0,0.0,0.0,0.0,0.0,0.0,0.0,0.0
-24.514,-25.498933,0.0,0.0,0.0,0.0,0.0,0.0,0.0,0.0,0.0,0.0,0.0,0.0,0.0,0.0,0.0,0.0
-24.501,-25.485933000000003,0.0,0.0,0.0,0.0,0.0,0.0,0.0,0.0,0.0,0.0,0.0,0.0,0.0,0.0,0.0,0.0
-24.488,-25.472933,0.0,0.0,0.0,0.0,0.0,0.0,0.0,0.0,0.0,0.0,0.0,0.0,0.0,0.0,0.0,0.0
-24.475,-25.459933000000003,0.0,0.0,0.0,0.0,0.0,0.0,0.0,0.0,0.0,0.0,0.0,0.0,0.0,0.0,0.0,0.0
-24.461,-25.445933,0.0,0.0,0.0,0.0,0.0,0.0,0.0,0.0,0.0,0.0,0.0,0.0,0.0,0.0,0.0,0.0
-24.448,-25.432933000000002,0.0,0.0,0.0,0.0,0.0,0.0,0.0,0.0,0.0,0.0,0.0,0.0,0.0,0.0,0.0,0.0
-24.435,-25.419933,0.0,0.0,0.0,0.0,0.0,0.0,0.0,0.0,0.0,0.0,0.0,0.0,0.0,0.0,0.0,0.0
-24.422,-25.406933000000002,0.0,0.0,0.0,0.0,0.0,0.0,0.0,0.0,0.0,0.0,0.0,0.0,0.0,0.0,0.0,0.0
-24.408,-25.392933000000003,0.0,0.0,0.0,0.0,0.0,0.0,0.0,0.0,0.0,0.0,0.0,0.0,0.0,0.0,0.0,0.0
-24.395,-25.379933,0.0,0.0,0.0,0.0,0.0,0.0,0.0,0.0,0.0,0.0,0.0,0.0,0.0,0.0,0.0,0.0
-24.382,-25.366933000000003,0.0,0.0,0.0,0.0,0.0,0.0,0.0,0.0,0.0,0.0,0.0,0.0,0.0,0.0,0.0,0.0
-24.369,-25.353933,0.0,0.0,0.0,0.0,0.0,0.0,0.0,0.0,0.0,0.0,0.0,0.0,0.0,0.0,0.0,0.0
-24.355,-25.339933000000002,0.0,0.0,0.0,0.0,0.0,0.0,0.0,0.0,0.0,0.0,0.0,0.0,0.0,0.0,0.0,0.0
-24.342,-25.326933,0.0,0.0,0.0,0.0,0.0,0.0,0.0,0.0,0.0,0.0,0.0,0.0,0.0,0.0,0.0,0.0
-24.329,-25.313933000000002,0.0,0.0,0.0,0.0,0.0,0.0,0.0,0.0,0.0,0.0,0.0,0.0,0.0,0.0,0.0,0.0
-24.316,-25.300933,0.0,0.0,0.0,0.0,0.0,0.0,0.0,0.0,0.0,0.0,0.0,0.0,0.0,0.0,0.0,0.0
-24.302,-25.286933,0.0,0.0,0.0,0.0,0.0,0.0,0.0,0.0,0.0,0.0,0.0,0.0,0.0,0.0,0.0,0.0
-24.289,-25.273933000000003,0.0,0.0,0.0,0.0,0.0,0.0,0.0,0.0,0.0,0.0,0.0,0.0,0.0,0.0,0.0,0.0
-24.276,-25.260933,0.0,0.0,0.0,0.0,0.0,0.0,0.0,0.0,0.0,0.0,0.0,0.0,0.0,0.0,0.0,0.0
-24.263,-25.247933000000003,0.0,0.0,0.0,0.0,0.0,0.0,0.0,0.0,0.0,0.0,0.0,0.0,0.0,0.0,0.0,0.0
-24.25,-25.234933,0.0,0.0,0.0,0.0,0.0,0.0,0.0,0.0,0.0,0.0,0.0,0.0,0.0,0.0,0.0,0.0
-24.236,-25.220933000000002,0.0,0.0,0.0,0.0,0.0,0.0,0.0,0.0,0.0,0.0,0.0,0.0,0.0,0.0,0.0,0.0
-24.223,-25.207933,0.0,0.0,0.0,0.0,0.0,0.0,0.0,0.0,0.0,0.0,0.0,0.0,0.0,0.0,0.0,0.0
-24.21,-25.194933000000002,0.0,0.0,0.0,0.0,0.0,0.0,0.0,0.0,0.0,0.0,0.0,0.0,0.0,0.0,0.0,0.0
-24.197,-25.181933,0.0,0.0,0.0,0.0,0.0,0.0,0.0,0.0,0.0,0.0,0.0,0.0,0.0,0.0,0.0,0.0
-24.183,-25.167933,0.0,0.0,0.0,0.0,0.0,0.0,0.0,0.0,0.0,0.0,0.0,0.0,0.0,0.0,0.0,0.0
-24.17,-25.154933000000003,0.0,0.0,0.0,0.0,0.0,0.0,0.0,0.0,0.0,0.0,0.0,0.0,0.0,0.0,0.0,0.0
-24.157,-25.141933,0.0,0.0,0.0,0.0,0.0,0.0,0.0,0.0,0.0,0.0,0.0,0.0,0.0,0.0,0.0,0.0
-24.144,-25.128933,0.0,0.0,0.0,0.0,0.0,0.0,0.0,0.0,0.0,0.0,0.0,0.0,0.0,0.0,0.0,0.0
-24.13,-25.114933,0.0,0.0,0.0,0.0,0.0,0.0,0.0,0.0,0.0,0.0,0.0,0.0,0.0,0.0,0.0,0.0
-24.117,-25.101933000000002,0.0,0.0,0.0,0.0,0.0,0.0,0.0,0.0,0.0,0.0,0.0,0.0,0.0,0.0,0.0,0.0
-24.104,-25.088933,0.0,0.0,0.0,0.0,0.0,0.0,0.0,0.0,0.0,0.0,0.0,0.0,0.0,0.0,0.0,0.0
-24.091,-25.075933000000003,0.0,0.0,0.0,0.0,0.0,0.0,0.0,0.0,0.0,0.0,0.0,0.0,0.0,0.0,0.0,0.0
-24.077,-25.061933000000003,0.0,0.0,0.0,0.0,0.0,0.0,0.0,0.0,0.0,0.0,0.0,0.0,0.0,0.0,0.0,0.0
-24.064,-25.048933,0.0,0.0,0.0,0.0,0.0,0.0,0.0,0.0,0.0,0.0,0.0,0.0,0.0,0.0,0.0,0.0
-24.051,-25.035933,0.0,0.0,0.0,0.0,0.0,0.0,0.0,0.0,0.0,0.0,0.0,0.0,0.0,0.0,0.0,0.0
-24.038,-25.022933000000002,0.0,0.0,0.0,0.0,0.0,0.0,0.0,0.0,0.0,0.0,0.0,0.0,0.0,0.0,0.0,0.0
-24.024,-25.008933000000003,0.0,0.0,0.0,0.0,0.0,0.0,0.0,0.0,0.0,0.0,0.0,0.0,0.0,0.0,0.0,0.0
-24.011,-24.995933,0.0,0.0,0.0,0.0,0.0,0.0,0.0,0.0,0.0,0.0,0.0,0.0,0.0,0.0,0.0,0.0
-23.998,-24.982933000000003,0.0,0.0,0.0,0.0,0.0,0.0,0.0,0.0,0.0,0.0,0.0,0.0,0.0,0.0,0.0,0.0
-23.985,-24.969933,0.0,0.0,0.0,0.0,0.0,0.0,0.0,0.0,0.0,0.0,0.0,0.0,0.0,0.0,0.0,0.0
-23.971,-24.955933,0.0,0.0,0.0,0.0,0.0,0.0,0.0,0.0,0.0,0.0,0.0,0.0,0.0,0.0,0.0,0.0
-23.958,-24.942933,0.0,0.0,0.0,0.0,0.0,0.0,0.0,0.0,0.0,0.0,0.0,0.0,0.0,0.0,0.0,0.0
-23.945,-24.929933000000002,0.0,0.0,0.0,0.0,0.0,0.0,0.0,0.0,0.0,0.0,0.0,0.0,0.0,0.0,0.0,0.0
-23.932,-24.916933,0.0,0.0,0.0,0.0,0.0,0.0,0.0,0.0,0.0,0.0,0.0,0.0,0.0,0.0,0.0,0.0
-23.918,-24.902933,0.0,0.0,0.0,0.0,0.0,0.0,0.0,0.0,0.0,0.0,0.0,0.0,0.0,0.0,0.0,0.0
-23.905,-24.889933000000003,0.0,0.0,0.0,0.0,0.0,0.0,0.0,0.0,0.0,0.0,0.0,0.0,0.0,0.0,0.0,0.0
-23.892,-24.876933,0.0,0.0,0.0,0.0,0.0,0.0,0.0,0.0,0.0,0.0,0.0,0.0,0.0,0.0,0.0,0.0
-23.879,-24.863933000000003,0.0,0.0,0.0,0.0,0.0,0.0,0.0,0.0,0.0,0.0,0.0,0.0,0.0,0.0,0.0,0.0
-23.865,-24.849933,0.0,0.0,0.0,0.0,0.0,0.0,0.0,0.0,0.0,0.0,0.0,0.0,0.0,0.0,0.0,0.0
-23.852,-24.836933000000002,0.0,0.0,0.0,0.0,0.0,0.0,0.0,0.0,0.0,0.0,0.0,0.0,0.0,0.0,0.0,0.0
-23.839,-24.823933,0.0,0.0,0.0,0.0,0.0,0.0,0.0,0.0,0.0,0.0,0.0,0.0,0.0,0.0,0.0,0.0
-23.826,-24.810933000000002,0.0,0.0,0.0,0.0,0.0,0.0,0.0,0.0,0.0,0.0,0.0,0.0,0.0,0.0,0.0,0.0
-23.812,-24.796933000000003,0.0,0.0,0.0,0.0,0.0,0.0,0.0,0.0,0.0,0.0,0.0,0.0,0.0,0.0,0.0,0.0
-23.799,-24.783933,0.0,0.0,0.0,0.0,0.0,0.0,0.0,0.0,0.0,0.0,0.0,0.0,0.0,0.0,0.0,0.0
-23.786,-24.770933000000003,0.0,0.0,0.0,0.0,0.0,0.0,0.0,0.0,0.0,0.0,0.0,0.0,0.0,0.0,0.0,0.0
-23.773,-24.757933,0.0,0.0,0.0,0.0,0.0,0.0,0.0,0.0,0.0,0.0,0.0,0.0,0.0,0.0,0.0,0.0
-23.759,-24.743933000000002,0.0,0.0,0.0,0.0,0.0,0.0,0.0,0.0,0.0,0.0,0.0,0.0,0.0,0.0,0.0,0.0
-23.746,-24.730933,302.05,4.7055e-06,8.1766e-07,3.26625e-07,0.00026385,0.00248525,300.33500000000004,6.7605e-07,8.458499999999999e-07,4.454298500000001e-06,0.10285644999999999,0.05419610028500001,0.0,0.020784999999999998,0.011630325,0.003382731
-23.733,-24.717933000000002,151.0,4.7085e-06,6.8652e-07,2.2700800000000002e-07,1.0006e-06,0.00229485,150.17155,3.2890000000000004e-07,4.1327499999999997e-07,2.226908e-06,0.06185624999999999,0.032663665110000004,0.0,1.64225e-07,0.000257387,0.0001886466495
-23.72,-24.704933,151.0,3.672e-06,5.11795e-07,1.6300950000000001e-07,5.876e-05,0.0007809,150.3095,4.9235000000000004e-08,6.192e-08,3.31296e-07,0.004547695,0.00457105607,0.0,0.0014808,0.001281676,0.0005726489999999999
-23.707,-24.691933000000002,151.0,3.07765e-06,4.23189e-07,1.348045e-07,7.591e-05,0.0008650299999999999,150.307659,2.6170000000000002e-08,3.30525e-08,1.8019399999999998e-07,0.000308785,0.0039506739999999995,0.0,0.001767345,0.001047379,0.00033484
-23.693,-24.677933000000003,0.0,0.0,0.0,0.0,0.0,0.0,0.0,0.0,0.0,0.0,0.0,0.0,0.0,0.0,0.0,0.0
-23.68,-24.664933,0.0,0.0,0.0,0.0,0.0,0.0,0.0,0.0,0.0,0.0,0.0,0.0,0.0,0.0,0.0,0.0
-23.667,-24.651933000000003,0.0,0.0,0.0,0.0,0.0,0.0,0.0,0.0,0.0,0.0,0.0,0.0,0.0,0.0,0.0,0.0
-23.654,-24.638933,0.0,0.0,0.0,0.0,0.0,0.0,0.0,0.0,0.0,0.0,0.0,0.0,0.0,0.0,0.0,0.0
-23.64,-24.624933000000002,0.0,0.0,0.0,0.0,0.0,0.0,0.0,0.0,0.0,0.0,0.0,0.0,0.0,0.0,0.0,0.0
-23.627,-24.611933,0.0,0.0,0.0,0.0,0.0,0.0,0.0,0.0,0.0,0.0,0.0,0.0,0.0,0.0,0.0,0.0
-23.614,-24.598933000000002,0.0,0.0,0.0,0.0,0.0,0.0,0.0,0.0,0.0,0.0,0.0,0.0,0.0,0.0,0.0,0.0
-23.601,-24.585933,0.0,0.0,0.0,0.0,0.0,0.0,0.0,0.0,0.0,0.0,0.0,0.0,0.0,0.0,0.0,0.0
-23.587,-24.571933,0.0,0.0,0.0,0.0,0.0,0.0,0.0,0.0,0.0,0.0,0.0,0.0,0.0,0.0,0.0,0.0
-23.574,-24.558933000000003,0.0,0.0,0.0,0.0,0.0,0.0,0.0,0.0,0.0,0.0,0.0,0.0,0.0,0.0,0.0,0.0
-23.561,-24.545933,0.0,0.0,0.0,0.0,0.0,0.0,0.0,0.0,0.0,0.0,0.0,0.0,0.0,0.0,0.0,0.0
-23.548,-24.532933,0.0,0.0,0.0,0.0,0.0,0.0,0.0,0.0,0.0,0.0,0.0,0.0,0.0,0.0,0.0,0.0
-23.534,-24.518933,0.0,0.0,0.0,0.0,0.0,0.0,0.0,0.0,0.0,0.0,0.0,0.0,0.0,0.0,0.0,0.0
-23.521,-24.505933000000002,0.0,0.0,0.0,0.0,0.0,0.0,0.0,0.0,0.0,0.0,0.0,0.0,0.0,0.0,0.0,0.0
-23.508,-24.492933,0.0,0.0,0.0,0.0,0.0,0.0,0.0,0.0,0.0,0.0,0.0,0.0,0.0,0.0,0.0,0.0
-23.495,-24.479933000000003,0.0,0.0,0.0,0.0,0.0,0.0,0.0,0.0,0.0,0.0,0.0,0.0,0.0,0.0,0.0,0.0
-23.481,-24.465933000000003,0.0,0.0,0.0,0.0,0.0,0.0,0.0,0.0,0.0,0.0,0.0,0.0,0.0,0.0,0.0,0.0
-23.468,-24.452933,0.0,0.0,0.0,0.0,0.0,0.0,0.0,0.0,0.0,0.0,0.0,0.0,0.0,0.0,0.0,0.0
-23.455,-24.439933,0.0,0.0,0.0,0.0,0.0,0.0,0.0,0.0,0.0,0.0,0.0,0.0,0.0,0.0,0.0,0.0
-23.442,-24.426933000000002,0.0,0.0,0.0,0.0,0.0,0.0,0.0,0.0,0.0,0.0,0.0,0.0,0.0,0.0,0.0,0.0
-23.428,-24.412933000000002,0.0,0.0,0.0,0.0,0.0,0.0,0.0,0.0,0.0,0.0,0.0,0.0,0.0,0.0,0.0,0.0
-23.415,-24.399933,0.0,0.0,0.0,0.0,0.0,0.0,0.0,0.0,0.0,0.0,0.0,0.0,0.0,0.0,0.0,0.0
-23.402,-24.386933000000003,0.0,0.0,0.0,0.0,0.0,0.0,0.0,0.0,0.0,0.0,0.0,0.0,0.0,0.0,0.0,0.0
-23.389,-24.373933,0.0,0.0,0.0,0.0,0.0,0.0,0.0,0.0,0.0,0.0,0.0,0.0,0.0,0.0,0.0,0.0
-23.375,-24.359933,0.0,0.0,0.0,0.0,0.0,0.0,0.0,0.0,0.0,0.0,0.0,0.0,0.0,0.0,0.0,0.0
-23.362,-24.346933,0.0,0.0,0.0,0.0,0.0,0.0,0.0,0.0,0.0,0.0,0.0,0.0,0.0,0.0,0.0,0.0
-23.349,-24.333933000000002,0.0,0.0,0.0,0.0,0.0,0.0,0.0,0.0,0.0,0.0,0.0,0.0,0.0,0.0,0.0,0.0
-23.336,-24.320933,0.0,0.0,0.0,0.0,0.0,0.0,0.0,0.0,0.0,0.0,0.0,0.0,0.0,0.0,0.0,0.0
-23.322,-24.306933,0.0,0.0,0.0,0.0,0.0,0.0,0.0,0.0,0.0,0.0,0.0,0.0,0.0,0.0,0.0,0.0
-23.309,-24.293933000000003,0.0,0.0,0.0,0.0,0.0,0.0,0.0,0.0,0.0,0.0,0.0,0.0,0.0,0.0,0.0,0.0
-23.296,-24.280933,0.0,0.0,0.0,0.0,0.0,0.0,0.0,0.0,0.0,0.0,0.0,0.0,0.0,0.0,0.0,0.0
-23.283,-24.267933000000003,0.0,0.0,0.0,0.0,0.0,0.0,0.0,0.0,0.0,0.0,0.0,0.0,0.0,0.0,0.0,0.0
-23.269,-24.253933,0.0,0.0,0.0,0.0,0.0,0.0,0.0,0.0,0.0,0.0,0.0,0.0,0.0,0.0,0.0,0.0
-23.256,-24.240933000000002,0.0,0.0,0.0,0.0,0.0,0.0,0.0,0.0,0.0,0.0,0.0,0.0,0.0,0.0,0.0,0.0
-23.243,-24.227933,0.0,0.0,0.0,0.0,0.0,0.0,0.0,0.0,0.0,0.0,0.0,0.0,0.0,0.0,0.0,0.0
-23.23,-24.214933000000002,0.0,0.0,0.0,0.0,0.0,0.0,0.0,0.0,0.0,0.0,0.0,0.0,0.0,0.0,0.0,0.0
-23.216,-24.200933000000003,0.0,0.0,0.0,0.0,0.0,0.0,0.0,0.0,0.0,0.0,0.0,0.0,0.0,0.0,0.0,0.0
-23.203,-24.187933,0.0,0.0,0.0,0.0,0.0,0.0,0.0,0.0,0.0,0.0,0.0,0.0,0.0,0.0,0.0,0.0
-23.19,-24.174933000000003,0.0,0.0,0.0,0.0,0.0,0.0,0.0,0.0,0.0,0.0,0.0,0.0,0.0,0.0,0.0,0.0
-23.177,-24.161933,0.0,0.0,0.0,0.0,0.0,0.0,0.0,0.0,0.0,0.0,0.0,0.0,0.0,0.0,0.0,0.0
-23.164,-24.148933000000003,0.0,0.0,0.0,0.0,0.0,0.0,0.0,0.0,0.0,0.0,0.0,0.0,0.0,0.0,0.0,0.0
-23.15,-24.134933,0.0,0.0,0.0,0.0,0.0,0.0,0.0,0.0,0.0,0.0,0.0,0.0,0.0,0.0,0.0,0.0
-23.137,-24.121933000000002,0.0,0.0,0.0,0.0,0.0,0.0,0.0,0.0,0.0,0.0,0.0,0.0,0.0,0.0,0.0,0.0
-23.124,-24.108933,0.0,0.0,0.0,0.0,0.0,0.0,0.0,0.0,0.0,0.0,0.0,0.0,0.0,0.0,0.0,0.0
-23.111,-24.095933000000002,0.0,0.0,0.0,0.0,0.0,0.0,0.0,0.0,0.0,0.0,0.0,0.0,0.0,0.0,0.0,0.0
-23.097,-24.081933000000003,0.0,0.0,0.0,0.0,0.0,0.0,0.0,0.0,0.0,0.0,0.0,0.0,0.0,0.0,0.0,0.0
-23.084,-24.068933,0.0,0.0,0.0,0.0,0.0,0.0,0.0,0.0,0.0,0.0,0.0,0.0,0.0,0.0,0.0,0.0
-23.071,-24.055933000000003,0.0,0.0,0.0,0.0,0.0,0.0,0.0,0.0,0.0,0.0,0.0,0.0,0.0,0.0,0.0,0.0
-23.058,-24.042933,0.0,0.0,0.0,0.0,0.0,0.0,0.0,0.0,0.0,0.0,0.0,0.0,0.0,0.0,0.0,0.0
-23.044,-24.028933000000002,0.0,0.0,0.0,0.0,0.0,0.0,0.0,0.0,0.0,0.0,0.0,0.0,0.0,0.0,0.0,0.0
-23.031,-24.015933,0.0,0.0,0.0,0.0,0.0,0.0,0.0,0.0,0.0,0.0,0.0,0.0,0.0,0.0,0.0,0.0
-23.018,-24.002933000000002,0.0,0.0,0.0,0.0,0.0,0.0,0.0,0.0,0.0,0.0,0.0,0.0,0.0,0.0,0.0,0.0
-23.005,-23.989933,0.0,0.0,0.0,0.0,0.0,0.0,0.0,0.0,0.0,0.0,0.0,0.0,0.0,0.0,0.0,0.0
-22.991,-23.975933,0.0,0.0,0.0,0.0,0.0,0.0,0.0,0.0,0.0,0.0,0.0,0.0,0.0,0.0,0.0,0.0
-22.978,-23.962933000000003,0.0,0.0,0.0,0.0,0.0,0.0,0.0,0.0,0.0,0.0,0.0,0.0,0.0,0.0,0.0,0.0
-22.965,-23.949933,0.0,0.0,0.0,0.0,0.0,0.0,0.0,0.0,0.0,0.0,0.0,0.0,0.0,0.0,0.0,0.0
-22.952,-23.936933000000003,0.0,0.0,0.0,0.0,0.0,0.0,0.0,0.0,0.0,0.0,0.0,0.0,0.0,0.0,0.0,0.0
-22.938,-23.922933,0.0,0.0,0.0,0.0,0.0,0.0,0.0,0.0,0.0,0.0,0.0,0.0,0.0,0.0,0.0,0.0
-22.925,-23.909933000000002,0.0,0.0,0.0,0.0,0.0,0.0,0.0,0.0,0.0,0.0,0.0,0.0,0.0,0.0,0.0,0.0
-22.912,-23.896933,0.0,0.0,0.0,0.0,0.0,0.0,0.0,0.0,0.0,0.0,0.0,0.0,0.0,0.0,0.0,0.0
-22.899,-23.883933000000003,0.0,0.0,0.0,0.0,0.0,0.0,0.0,0.0,0.0,0.0,0.0,0.0,0.0,0.0,0.0,0.0
-22.885,-23.869933000000003,0.0,0.0,0.0,0.0,0.0,0.0,0.0,0.0,0.0,0.0,0.0,0.0,0.0,0.0,0.0,0.0
-22.872,-23.856933,0.0,0.0,0.0,0.0,0.0,0.0,0.0,0.0,0.0,0.0,0.0,0.0,0.0,0.0,0.0,0.0
-22.859,-23.843933000000003,0.0,0.0,0.0,0.0,0.0,0.0,0.0,0.0,0.0,0.0,0.0,0.0,0.0,0.0,0.0,0.0
-22.846,-23.830933,0.0,0.0,0.0,0.0,0.0,0.0,0.0,0.0,0.0,0.0,0.0,0.0,0.0,0.0,0.0,0.0
-22.832,-23.816933000000002,0.0,0.0,0.0,0.0,0.0,0.0,0.0,0.0,0.0,0.0,0.0,0.0,0.0,0.0,0.0,0.0
-22.819,-23.803933,0.0,0.0,0.0,0.0,0.0,0.0,0.0,0.0,0.0,0.0,0.0,0.0,0.0,0.0,0.0,0.0
-22.806,-23.790933000000003,0.0,0.0,0.0,0.0,0.0,0.0,0.0,0.0,0.0,0.0,0.0,0.0,0.0,0.0,0.0,0.0
-22.793,-23.777933,0.0,0.0,0.0,0.0,0.0,0.0,0.0,0.0,0.0,0.0,0.0,0.0,0.0,0.0,0.0,0.0
-22.779,-23.763933,0.0,0.0,0.0,0.0,0.0,0.0,0.0,0.0,0.0,0.0,0.0,0.0,0.0,0.0,0.0,0.0
-22.766,-23.750933,0.0,0.0,0.0,0.0,0.0,0.0,0.0,0.0,0.0,0.0,0.0,0.0,0.0,0.0,0.0,0.0
-22.753,-23.737933,0.0,0.0,0.0,0.0,0.0,0.0,0.0,0.0,0.0,0.0,0.0,0.0,0.0,0.0,0.0,0.0
-22.74,-23.724933,0.0,0.0,0.0,0.0,0.0,0.0,0.0,0.0,0.0,0.0,0.0,0.0,0.0,0.0,0.0,0.0
-22.726,-23.710933,0.0,0.0,0.0,0.0,0.0,0.0,0.0,0.0,0.0,0.0,0.0,0.0,0.0,0.0,0.0,0.0
-22.713,-23.697933000000003,0.0,0.0,0.0,0.0,0.0,0.0,0.0,0.0,0.0,0.0,0.0,0.0,0.0,0.0,0.0,0.0
-22.7,-23.684933,0.0,0.0,0.0,0.0,0.0,0.0,0.0,0.0,0.0,0.0,0.0,0.0,0.0,0.0,0.0,0.0
-22.687,-23.671933000000003,0.0,0.0,0.0,0.0,0.0,0.0,0.0,0.0,0.0,0.0,0.0,0.0,0.0,0.0,0.0,0.0
-22.673,-23.657933,0.0,0.0,0.0,0.0,0.0,0.0,0.0,0.0,0.0,0.0,0.0,0.0,0.0,0.0,0.0,0.0
-22.66,-23.644933,0.0,0.0,0.0,0.0,0.0,0.0,0.0,0.0,0.0,0.0,0.0,0.0,0.0,0.0,0.0,0.0
-22.647,-23.631933,0.0,0.0,0.0,0.0,0.0,0.0,0.0,0.0,0.0,0.0,0.0,0.0,0.0,0.0,0.0,0.0
-22.634,-23.618933000000002,0.0,0.0,0.0,0.0,0.0,0.0,0.0,0.0,0.0,0.0,0.0,0.0,0.0,0.0,0.0,0.0
-22.621,-23.605933,0.0,0.0,0.0,0.0,0.0,0.0,0.0,0.0,0.0,0.0,0.0,0.0,0.0,0.0,0.0,0.0
-22.607,-23.591933,0.0,0.0,0.0,0.0,0.0,0.0,0.0,0.0,0.0,0.0,0.0,0.0,0.0,0.0,0.0,0.0
-22.594,-23.578933000000003,0.0,0.0,0.0,0.0,0.0,0.0,0.0,0.0,0.0,0.0,0.0,0.0,0.0,0.0,0.0,0.0
-22.581,-23.565933,0.0,0.0,0.0,0.0,0.0,0.0,0.0,0.0,0.0,0.0,0.0,0.0,0.0,0.0,0.0,0.0
-22.568,-23.552933000000003,0.0,0.0,0.0,0.0,0.0,0.0,0.0,0.0,0.0,0.0,0.0,0.0,0.0,0.0,0.0,0.0
-22.554,-23.538933,0.0,0.0,0.0,0.0,0.0,0.0,0.0,0.0,0.0,0.0,0.0,0.0,0.0,0.0,0.0,0.0
-22.541,-23.525933000000002,0.0,0.0,0.0,0.0,0.0,0.0,0.0,0.0,0.0,0.0,0.0,0.0,0.0,0.0,0.0,0.0
-22.528,-23.512933,0.0,0.0,0.0,0.0,0.0,0.0,0.0,0.0,0.0,0.0,0.0,0.0,0.0,0.0,0.0,0.0
-22.515,-23.499933000000002,0.0,0.0,0.0,0.0,0.0,0.0,0.0,0.0,0.0,0.0,0.0,0.0,0.0,0.0,0.0,0.0
-22.501,-23.485933000000003,0.0,0.0,0.0,0.0,0.0,0.0,0.0,0.0,0.0,0.0,0.0,0.0,0.0,0.0,0.0,0.0
-22.488,-23.472933,0.0,0.0,0.0,0.0,0.0,0.0,0.0,0.0,0.0,0.0,0.0,0.0,0.0,0.0,0.0,0.0
-22.475,-23.459933000000003,0.0,0.0,0.0,0.0,0.0,0.0,0.0,0.0,0.0,0.0,0.0,0.0,0.0,0.0,0.0,0.0
-22.462,-23.446933,0.0,0.0,0.0,0.0,0.0,0.0,0.0,0.0,0.0,0.0,0.0,0.0,0.0,0.0,0.0,0.0
-22.448,-23.432933000000002,0.0,0.0,0.0,0.0,0.0,0.0,0.0,0.0,0.0,0.0,0.0,0.0,0.0,0.0,0.0,0.0
-22.435,-23.419933,0.0,0.0,0.0,0.0,0.0,0.0,0.0,0.0,0.0,0.0,0.0,0.0,0.0,0.0,0.0,0.0
-22.422,-23.406933000000002,0.0,0.0,0.0,0.0,0.0,0.0,0.0,0.0,0.0,0.0,0.0,0.0,0.0,0.0,0.0,0.0
-22.409,-23.393933,0.0,0.0,0.0,0.0,0.0,0.0,0.0,0.0,0.0,0.0,0.0,0.0,0.0,0.0,0.0,0.0
-22.395,-23.379933,0.0,0.0,0.0,0.0,0.0,0.0,0.0,0.0,0.0,0.0,0.0,0.0,0.0,0.0,0.0,0.0
-22.382,-23.366933000000003,0.0,0.0,0.0,0.0,0.0,0.0,0.0,0.0,0.0,0.0,0.0,0.0,0.0,0.0,0.0,0.0
-22.369,-23.353933,0.0,0.0,0.0,0.0,0.0,0.0,0.0,0.0,0.0,0.0,0.0,0.0,0.0,0.0,0.0,0.0
-22.356,-23.340933000000003,0.0,0.0,0.0,0.0,0.0,0.0,0.0,0.0,0.0,0.0,0.0,0.0,0.0,0.0,0.0,0.0
-22.342,-23.326933,0.0,0.0,0.0,0.0,0.0,0.0,0.0,0.0,0.0,0.0,0.0,0.0,0.0,0.0,0.0,0.0
-22.329,-23.313933000000002,0.0,0.0,0.0,0.0,0.0,0.0,0.0,0.0,0.0,0.0,0.0,0.0,0.0,0.0,0.0,0.0
-22.316,-23.300933,0.0,0.0,0.0,0.0,0.0,0.0,0.0,0.0,0.0,0.0,0.0,0.0,0.0,0.0,0.0,0.0
-22.303,-23.287933000000002,0.0,0.0,0.0,0.0,0.0,0.0,0.0,0.0,0.0,0.0,0.0,0.0,0.0,0.0,0.0,0.0
-22.289,-23.273933000000003,0.0,0.0,0.0,0.0,0.0,0.0,0.0,0.0,0.0,0.0,0.0,0.0,0.0,0.0,0.0,0.0
-22.276,-23.260933,0.0,0.0,0.0,0.0,0.0,0.0,0.0,0.0,0.0,0.0,0.0,0.0,0.0,0.0,0.0,0.0
-22.263,-23.247933000000003,0.0,0.0,0.0,0.0,0.0,0.0,0.0,0.0,0.0,0.0,0.0,0.0,0.0,0.0,0.0,0.0
-22.25,-23.234933,0.0,0.0,0.0,0.0,0.0,0.0,0.0,0.0,0.0,0.0,0.0,0.0,0.0,0.0,0.0,0.0
-22.236,-23.220933000000002,0.0,0.0,0.0,0.0,0.0,0.0,0.0,0.0,0.0,0.0,0.0,0.0,0.0,0.0,0.0,0.0
-22.223,-23.207933,0.0,0.0,0.0,0.0,0.0,0.0,0.0,0.0,0.0,0.0,0.0,0.0,0.0,0.0,0.0,0.0
-22.21,-23.194933000000002,0.0,0.0,0.0,0.0,0.0,0.0,0.0,0.0,0.0,0.0,0.0,0.0,0.0,0.0,0.0,0.0
-22.197,-23.181933,0.0,0.0,0.0,0.0,0.0,0.0,0.0,0.0,0.0,0.0,0.0,0.0,0.0,0.0,0.0,0.0
-22.183,-23.167933,0.0,0.0,0.0,0.0,0.0,0.0,0.0,0.0,0.0,0.0,0.0,0.0,0.0,0.0,0.0,0.0
-22.17,-23.154933000000003,0.0,0.0,0.0,0.0,0.0,0.0,0.0,0.0,0.0,0.0,0.0,0.0,0.0,0.0,0.0,0.0
-22.157,-23.141933,0.0,0.0,0.0,0.0,0.0,0.0,0.0,0.0,0.0,0.0,0.0,0.0,0.0,0.0,0.0,0.0
-22.144,-23.128933,0.0,0.0,0.0,0.0,0.0,0.0,0.0,0.0,0.0,0.0,0.0,0.0,0.0,0.0,0.0,0.0
-22.13,-23.114933,0.0,0.0,0.0,0.0,0.0,0.0,0.0,0.0,0.0,0.0,0.0,0.0,0.0,0.0,0.0,0.0
-22.117,-23.101933000000002,0.0,0.0,0.0,0.0,0.0,0.0,0.0,0.0,0.0,0.0,0.0,0.0,0.0,0.0,0.0,0.0
-22.104,-23.088933,0.0,0.0,0.0,0.0,0.0,0.0,0.0,0.0,0.0,0.0,0.0,0.0,0.0,0.0,0.0,0.0
-22.091,-23.075933000000003,0.0,0.0,0.0,0.0,0.0,0.0,0.0,0.0,0.0,0.0,0.0,0.0,0.0,0.0,0.0,0.0
-22.078,-23.062933,0.0,0.0,0.0,0.0,0.0,0.0,0.0,0.0,0.0,0.0,0.0,0.0,0.0,0.0,0.0,0.0
-22.064,-23.048933,0.0,0.0,0.0,0.0,0.0,0.0,0.0,0.0,0.0,0.0,0.0,0.0,0.0,0.0,0.0,0.0
-22.051,-23.035933,0.0,0.0,0.0,0.0,0.0,0.0,0.0,0.0,0.0,0.0,0.0,0.0,0.0,0.0,0.0,0.0
-22.038,-23.022933000000002,0.0,0.0,0.0,0.0,0.0,0.0,0.0,0.0,0.0,0.0,0.0,0.0,0.0,0.0,0.0,0.0
-22.025,-23.009933,0.0,0.0,0.0,0.0,0.0,0.0,0.0,0.0,0.0,0.0,0.0,0.0,0.0,0.0,0.0,0.0
-22.011,-22.995933,0.0,0.0,0.0,0.0,0.0,0.0,0.0,0.0,0.0,0.0,0.0,0.0,0.0,0.0,0.0,0.0
-21.998,-22.982933000000003,0.0,0.0,0.0,0.0,0.0,0.0,0.0,0.0,0.0,0.0,0.0,0.0,0.0,0.0,0.0,0.0
-21.985,-22.969933,0.0,0.0,0.0,0.0,0.0,0.0,0.0,0.0,0.0,0.0,0.0,0.0,0.0,0.0,0.0,0.0
-21.972,-22.956933000000003,0.0,0.0,0.0,0.0,0.0,0.0,0.0,0.0,0.0,0.0,0.0,0.0,0.0,0.0,0.0,0.0
-21.958,-22.942933,0.0,0.0,0.0,0.0,0.0,0.0,0.0,0.0,0.0,0.0,0.0,0.0,0.0,0.0,0.0,0.0
-21.945,-22.929933000000002,0.0,0.0,0.0,0.0,0.0,0.0,0.0,0.0,0.0,0.0,0.0,0.0,0.0,0.0,0.0,0.0
-21.932,-22.916933,0.0,0.0,0.0,0.0,0.0,0.0,0.0,0.0,0.0,0.0,0.0,0.0,0.0,0.0,0.0,0.0
-21.919,-22.903933000000002,0.0,0.0,0.0,0.0,0.0,0.0,0.0,0.0,0.0,0.0,0.0,0.0,0.0,0.0,0.0,0.0
-21.905,-22.889933000000003,0.0,0.0,0.0,0.0,0.0,0.0,0.0,0.0,0.0,0.0,0.0,0.0,0.0,0.0,0.0,0.0
-21.892,-22.876933,0.0,0.0,0.0,0.0,0.0,0.0,0.0,0.0,0.0,0.0,0.0,0.0,0.0,0.0,0.0,0.0
-21.879,-22.863933000000003,0.0,0.0,0.0,0.0,0.0,0.0,0.0,0.0,0.0,0.0,0.0,0.0,0.0,0.0,0.0,0.0
-21.866,-22.850933,0.0,0.0,0.0,0.0,0.0,0.0,0.0,0.0,0.0,0.0,0.0,0.0,0.0,0.0,0.0,0.0
-21.852,-22.836933000000002,0.0,0.0,0.0,0.0,0.0,0.0,0.0,0.0,0.0,0.0,0.0,0.0,0.0,0.0,0.0,0.0
-21.839,-22.823933,0.0,0.0,0.0,0.0,0.0,0.0,0.0,0.0,0.0,0.0,0.0,0.0,0.0,0.0,0.0,0.0
-21.826,-22.810933000000002,0.0,0.0,0.0,0.0,0.0,0.0,0.0,0.0,0.0,0.0,0.0,0.0,0.0,0.0,0.0,0.0
-21.813,-22.797933,0.0,0.0,0.0,0.0,0.0,0.0,0.0,0.0,0.0,0.0,0.0,0.0,0.0,0.0,0.0,0.0
-21.799,-22.783933,0.0,0.0,0.0,0.0,0.0,0.0,0.0,0.0,0.0,0.0,0.0,0.0,0.0,0.0,0.0,0.0
-21.786,-22.770933000000003,0.0,0.0,0.0,0.0,0.0,0.0,0.0,0.0,0.0,0.0,0.0,0.0,0.0,0.0,0.0,0.0
-21.773,-22.757933,0.0,0.0,0.0,0.0,0.0,0.0,0.0,0.0,0.0,0.0,0.0,0.0,0.0,0.0,0.0,0.0
-21.76,-22.744933000000003,0.0,0.0,0.0,0.0,0.0,0.0,0.0,0.0,0.0,0.0,0.0,0.0,0.0,0.0,0.0,0.0
-21.746,-22.730933,0.0,0.0,0.0,0.0,0.0,0.0,0.0,0.0,0.0,0.0,0.0,0.0,0.0,0.0,0.0,0.0
-21.733,-22.717933000000002,0.0,0.0,0.0,0.0,0.0,0.0,0.0,0.0,0.0,0.0,0.0,0.0,0.0,0.0,0.0,0.0
-21.72,-22.704933,0.0,0.0,0.0,0.0,0.0,0.0,0.0,0.0,0.0,0.0,0.0,0.0,0.0,0.0,0.0,0.0
-21.707,-22.691933000000002,0.0,0.0,0.0,0.0,0.0,0.0,0.0,0.0,0.0,0.0,0.0,0.0,0.0,0.0,0.0,0.0
-21.693,-22.677933000000003,0.0,0.0,0.0,0.0,0.0,0.0,0.0,0.0,0.0,0.0,0.0,0.0,0.0,0.0,0.0,0.0
-21.68,-22.664933,0.0,0.0,0.0,0.0,0.0,0.0,0.0,0.0,0.0,0.0,0.0,0.0,0.0,0.0,0.0,0.0
-21.667,-22.651933000000003,0.0,0.0,0.0,0.0,0.0,0.0,0.0,0.0,0.0,0.0,0.0,0.0,0.0,0.0,0.0,0.0
-21.654,-22.638933,0.0,0.0,0.0,0.0,0.0,0.0,0.0,0.0,0.0,0.0,0.0,0.0,0.0,0.0,0.0,0.0
-21.64,-22.624933000000002,0.0,0.0,0.0,0.0,0.0,0.0,0.0,0.0,0.0,0.0,0.0,0.0,0.0,0.0,0.0,0.0
-21.627,-22.611933,0.0,0.0,0.0,0.0,0.0,0.0,0.0,0.0,0.0,0.0,0.0,0.0,0.0,0.0,0.0,0.0
-21.614,-22.598933000000002,0.0,0.0,0.0,0.0,0.0,0.0,0.0,0.0,0.0,0.0,0.0,0.0,0.0,0.0,0.0,0.0
-21.601,-22.585933,0.0,0.0,0.0,0.0,0.0,0.0,0.0,0.0,0.0,0.0,0.0,0.0,0.0,0.0,0.0,0.0
-21.587,-22.571933,0.0,0.0,0.0,0.0,0.0,0.0,0.0,0.0,0.0,0.0,0.0,0.0,0.0,0.0,0.0,0.0
-21.574,-22.558933000000003,0.0,0.0,0.0,0.0,0.0,0.0,0.0,0.0,0.0,0.0,0.0,0.0,0.0,0.0,0.0,0.0
-21.561,-22.545933,0.0,0.0,0.0,0.0,0.0,0.0,0.0,0.0,0.0,0.0,0.0,0.0,0.0,0.0,0.0,0.0
-21.548,-22.532933,0.0,0.0,0.0,0.0,0.0,0.0,0.0,0.0,0.0,0.0,0.0,0.0,0.0,0.0,0.0,0.0
-21.535,-22.519933,0.0,0.0,0.0,0.0,0.0,0.0,0.0,0.0,0.0,0.0,0.0,0.0,0.0,0.0,0.0,0.0
-21.521,-22.505933000000002,0.0,0.0,0.0,0.0,0.0,0.0,0.0,0.0,0.0,0.0,0.0,0.0,0.0,0.0,0.0,0.0
-21.508,-22.492933,0.0,0.0,0.0,0.0,0.0,0.0,0.0,0.0,0.0,0.0,0.0,0.0,0.0,0.0,0.0,0.0
-21.495,-22.479933000000003,0.0,0.0,0.0,0.0,0.0,0.0,0.0,0.0,0.0,0.0,0.0,0.0,0.0,0.0,0.0,0.0
-21.482,-22.466933,0.0,0.0,0.0,0.0,0.0,0.0,0.0,0.0,0.0,0.0,0.0,0.0,0.0,0.0,0.0,0.0
-21.468,-22.452933,0.0,0.0,0.0,0.0,0.0,0.0,0.0,0.0,0.0,0.0,0.0,0.0,0.0,0.0,0.0,0.0
-21.455,-22.439933,0.0,0.0,0.0,0.0,0.0,0.0,0.0,0.0,0.0,0.0,0.0,0.0,0.0,0.0,0.0,0.0
-21.442,-22.426933000000002,0.0,0.0,0.0,0.0,0.0,0.0,0.0,0.0,0.0,0.0,0.0,0.0,0.0,0.0,0.0,0.0
-21.429,-22.413933,0.0,0.0,0.0,0.0,0.0,0.0,0.0,0.0,0.0,0.0,0.0,0.0,0.0,0.0,0.0,0.0
-21.415,-22.399933,0.0,0.0,0.0,0.0,0.0,0.0,0.0,0.0,0.0,0.0,0.0,0.0,0.0,0.0,0.0,0.0
-21.402,-22.386933000000003,0.0,0.0,0.0,0.0,0.0,0.0,0.0,0.0,0.0,0.0,0.0,0.0,0.0,0.0,0.0,0.0
-21.389,-22.373933,0.0,0.0,0.0,0.0,0.0,0.0,0.0,0.0,0.0,0.0,0.0,0.0,0.0,0.0,0.0,0.0
-21.376,-22.360933000000003,0.0,0.0,0.0,0.0,0.0,0.0,0.0,0.0,0.0,0.0,0.0,0.0,0.0,0.0,0.0,0.0
-21.362,-22.346933,0.0,0.0,0.0,0.0,0.0,0.0,0.0,0.0,0.0,0.0,0.0,0.0,0.0,0.0,0.0,0.0
-21.349,-22.333933000000002,0.0,0.0,0.0,0.0,0.0,0.0,0.0,0.0,0.0,0.0,0.0,0.0,0.0,0.0,0.0,0.0
-21.336,-22.320933,0.0,0.0,0.0,0.0,0.0,0.0,0.0,0.0,0.0,0.0,0.0,0.0,0.0,0.0,0.0,0.0
-21.323,-22.307933000000002,0.0,0.0,0.0,0.0,0.0,0.0,0.0,0.0,0.0,0.0,0.0,0.0,0.0,0.0,0.0,0.0
-21.309,-22.293933000000003,0.0,0.0,0.0,0.0,0.0,0.0,0.0,0.0,0.0,0.0,0.0,0.0,0.0,0.0,0.0,0.0
-21.296,-22.280933,0.0,0.0,0.0,0.0,0.0,0.0,0.0,0.0,0.0,0.0,0.0,0.0,0.0,0.0,0.0,0.0
-21.283,-22.267933000000003,0.0,0.0,0.0,0.0,0.0,0.0,0.0,0.0,0.0,0.0,0.0,0.0,0.0,0.0,0.0,0.0
-21.27,-22.254933,0.0,0.0,0.0,0.0,0.0,0.0,0.0,0.0,0.0,0.0,0.0,0.0,0.0,0.0,0.0,0.0
-21.256,-22.240933000000002,0.0,0.0,0.0,0.0,0.0,0.0,0.0,0.0,0.0,0.0,0.0,0.0,0.0,0.0,0.0,0.0
-21.243,-22.227933,0.0,0.0,0.0,0.0,0.0,0.0,0.0,0.0,0.0,0.0,0.0,0.0,0.0,0.0,0.0,0.0
-21.23,-22.214933000000002,0.0,0.0,0.0,0.0,0.0,0.0,0.0,0.0,0.0,0.0,0.0,0.0,0.0,0.0,0.0,0.0
-21.217,-22.201933,0.0,0.0,0.0,0.0,0.0,0.0,0.0,0.0,0.0,0.0,0.0,0.0,0.0,0.0,0.0,0.0
-21.203,-22.187933,0.0,0.0,0.0,0.0,0.0,0.0,0.0,0.0,0.0,0.0,0.0,0.0,0.0,0.0,0.0,0.0
-21.19,-22.174933000000003,0.0,0.0,0.0,0.0,0.0,0.0,0.0,0.0,0.0,0.0,0.0,0.0,0.0,0.0,0.0,0.0
-21.177,-22.161933,0.0,0.0,0.0,0.0,0.0,0.0,0.0,0.0,0.0,0.0,0.0,0.0,0.0,0.0,0.0,0.0
-21.164,-22.148933000000003,0.0,0.0,0.0,0.0,0.0,0.0,0.0,0.0,0.0,0.0,0.0,0.0,0.0,0.0,0.0,0.0
-21.15,-22.134933,0.0,0.0,0.0,0.0,0.0,0.0,0.0,0.0,0.0,0.0,0.0,0.0,0.0,0.0,0.0,0.0
-21.137,-22.121933000000002,0.0,0.0,0.0,0.0,0.0,0.0,0.0,0.0,0.0,0.0,0.0,0.0,0.0,0.0,0.0,0.0
-21.124,-22.108933,0.0,0.0,0.0,0.0,0.0,0.0,0.0,0.0,0.0,0.0,0.0,0.0,0.0,0.0,0.0,0.0
-21.111,-22.095933000000002,0.0,0.0,0.0,0.0,0.0,0.0,0.0,0.0,0.0,0.0,0.0,0.0,0.0,0.0,0.0,0.0
-21.097,-22.081933000000003,0.0,0.0,0.0,0.0,0.0,0.0,0.0,0.0,0.0,0.0,0.0,0.0,0.0,0.0,0.0,0.0
-21.084,-22.068933,0.0,0.0,0.0,0.0,0.0,0.0,0.0,0.0,0.0,0.0,0.0,0.0,0.0,0.0,0.0,0.0
-21.071,-22.055933000000003,0.0,0.0,0.0,0.0,0.0,0.0,0.0,0.0,0.0,0.0,0.0,0.0,0.0,0.0,0.0,0.0
-21.058,-22.042933,0.0,0.0,0.0,0.0,0.0,0.0,0.0,0.0,0.0,0.0,0.0,0.0,0.0,0.0,0.0,0.0
-21.044,-22.028933000000002,0.0,0.0,0.0,0.0,0.0,0.0,0.0,0.0,0.0,0.0,0.0,0.0,0.0,0.0,0.0,0.0
-21.031,-22.015933,0.0,0.0,0.0,0.0,0.0,0.0,0.0,0.0,0.0,0.0,0.0,0.0,0.0,0.0,0.0,0.0
-21.018,-22.002933000000002,0.0,0.0,0.0,0.0,0.0,0.0,0.0,0.0,0.0,0.0,0.0,0.0,0.0,0.0,0.0,0.0
-21.005,-21.989933,0.0,0.0,0.0,0.0,0.0,0.0,0.0,0.0,0.0,0.0,0.0,0.0,0.0,0.0,0.0,0.0
-20.992,-21.976933000000002,0.0,0.0,0.0,0.0,0.0,0.0,0.0,0.0,0.0,0.0,0.0,0.0,0.0,0.0,0.0,0.0
-20.978,-21.962933000000003,0.0,0.0,0.0,0.0,0.0,0.0,0.0,0.0,0.0,0.0,0.0,0.0,0.0,0.0,0.0,0.0
-20.965,-21.949933,0.0,0.0,0.0,0.0,0.0,0.0,0.0,0.0,0.0,0.0,0.0,0.0,0.0,0.0,0.0,0.0
-20.952,-21.936933000000003,0.0,0.0,0.0,0.0,0.0,0.0,0.0,0.0,0.0,0.0,0.0,0.0,0.0,0.0,0.0,0.0
-20.939,-21.923933,0.0,0.0,0.0,0.0,0.0,0.0,0.0,0.0,0.0,0.0,0.0,0.0,0.0,0.0,0.0,0.0
-20.925,-21.909933000000002,0.0,0.0,0.0,0.0,0.0,0.0,0.0,0.0,0.0,0.0,0.0,0.0,0.0,0.0,0.0,0.0
-20.912,-21.896933,0.0,0.0,0.0,0.0,0.0,0.0,0.0,0.0,0.0,0.0,0.0,0.0,0.0,0.0,0.0,0.0
-20.899,-21.883933000000003,0.0,0.0,0.0,0.0,0.0,0.0,0.0,0.0,0.0,0.0,0.0,0.0,0.0,0.0,0.0,0.0
-20.886,-21.870933,0.0,0.0,0.0,0.0,0.0,0.0,0.0,0.0,0.0,0.0,0.0,0.0,0.0,0.0,0.0,0.0
-20.872,-21.856933,0.0,0.0,0.0,0.0,0.0,0.0,0.0,0.0,0.0,0.0,0.0,0.0,0.0,0.0,0.0,0.0
-20.859,-21.843933000000003,0.0,0.0,0.0,0.0,0.0,0.0,0.0,0.0,0.0,0.0,0.0,0.0,0.0,0.0,0.0,0.0
-20.846,-21.830933,0.0,0.0,0.0,0.0,0.0,0.0,0.0,0.0,0.0,0.0,0.0,0.0,0.0,0.0,0.0,0.0
-20.833,-21.817933,0.0,0.0,0.0,0.0,0.0,0.0,0.0,0.0,0.0,0.0,0.0,0.0,0.0,0.0,0.0,0.0
-20.819,-21.803933,0.0,0.0,0.0,0.0,0.0,0.0,0.0,0.0,0.0,0.0,0.0,0.0,0.0,0.0,0.0,0.0
-20.806,-21.790933000000003,0.0,0.0,0.0,0.0,0.0,0.0,0.0,0.0,0.0,0.0,0.0,0.0,0.0,0.0,0.0,0.0
-20.793,-21.777933,0.0,0.0,0.0,0.0,0.0,0.0,0.0,0.0,0.0,0.0,0.0,0.0,0.0,0.0,0.0,0.0
-20.78,-21.764933000000003,0.0,0.0,0.0,0.0,0.0,0.0,0.0,0.0,0.0,0.0,0.0,0.0,0.0,0.0,0.0,0.0
-20.766,-21.750933,0.0,0.0,0.0,0.0,0.0,0.0,0.0,0.0,0.0,0.0,0.0,0.0,0.0,0.0,0.0,0.0
-20.753,-21.737933,0.0,0.0,0.0,0.0,0.0,0.0,0.0,0.0,0.0,0.0,0.0,0.0,0.0,0.0,0.0,0.0
-20.74,-21.724933,0.0,0.0,0.0,0.0,0.0,0.0,0.0,0.0,0.0,0.0,0.0,0.0,0.0,0.0,0.0,0.0
-20.727,-21.711933000000002,0.0,0.0,0.0,0.0,0.0,0.0,0.0,0.0,0.0,0.0,0.0,0.0,0.0,0.0,0.0,0.0
-20.713,-21.697933000000003,0.0,0.0,0.0,0.0,0.0,0.0,0.0,0.0,0.0,0.0,0.0,0.0,0.0,0.0,0.0,0.0
-20.7,-21.684933,0.0,0.0,0.0,0.0,0.0,0.0,0.0,0.0,0.0,0.0,0.0,0.0,0.0,0.0,0.0,0.0
-20.687,-21.671933000000003,0.0,0.0,0.0,0.0,0.0,0.0,0.0,0.0,0.0,0.0,0.0,0.0,0.0,0.0,0.0,0.0
-20.674,-21.658933,0.0,0.0,0.0,0.0,0.0,0.0,0.0,0.0,0.0,0.0,0.0,0.0,0.0,0.0,0.0,0.0
-20.66,-21.644933,0.0,0.0,0.0,0.0,0.0,0.0,0.0,0.0,0.0,0.0,0.0,0.0,0.0,0.0,0.0,0.0
-20.647,-21.631933,0.0,0.0,0.0,0.0,0.0,0.0,0.0,0.0,0.0,0.0,0.0,0.0,0.0,0.0,0.0,0.0
-20.634,-21.618933000000002,0.0,0.0,0.0,0.0,0.0,0.0,0.0,0.0,0.0,0.0,0.0,0.0,0.0,0.0,0.0,0.0
-20.621,-21.605933,0.0,0.0,0.0,0.0,0.0,0.0,0.0,0.0,0.0,0.0,0.0,0.0,0.0,0.0,0.0,0.0
-20.607,-21.591933,0.0,0.0,0.0,0.0,0.0,0.0,0.0,0.0,0.0,0.0,0.0,0.0,0.0,0.0,0.0,0.0
-20.594,-21.578933000000003,0.0,0.0,0.0,0.0,0.0,0.0,0.0,0.0,0.0,0.0,0.0,0.0,0.0,0.0,0.0,0.0
-20.581,-21.565933,0.0,0.0,0.0,0.0,0.0,0.0,0.0,0.0,0.0,0.0,0.0,0.0,0.0,0.0,0.0,0.0
-20.568,-21.552933000000003,0.0,0.0,0.0,0.0,0.0,0.0,0.0,0.0,0.0,0.0,0.0,0.0,0.0,0.0,0.0,0.0
-20.554,-21.538933,0.0,0.0,0.0,0.0,0.0,0.0,0.0,0.0,0.0,0.0,0.0,0.0,0.0,0.0,0.0,0.0
-20.541,-21.525933000000002,0.0,0.0,0.0,0.0,0.0,0.0,0.0,0.0,0.0,0.0,0.0,0.0,0.0,0.0,0.0,0.0
-20.528,-21.512933,0.0,0.0,0.0,0.0,0.0,0.0,0.0,0.0,0.0,0.0,0.0,0.0,0.0,0.0,0.0,0.0
-20.515,-21.499933000000002,0.0,0.0,0.0,0.0,0.0,0.0,0.0,0.0,0.0,0.0,0.0,0.0,0.0,0.0,0.0,0.0
-20.501,-21.485933000000003,0.0,0.0,0.0,0.0,0.0,0.0,0.0,0.0,0.0,0.0,0.0,0.0,0.0,0.0,0.0,0.0
-20.488,-21.472933,0.0,0.0,0.0,0.0,0.0,0.0,0.0,0.0,0.0,0.0,0.0,0.0,0.0,0.0,0.0,0.0
-20.475,-21.459933000000003,0.0,0.0,0.0,0.0,0.0,0.0,0.0,0.0,0.0,0.0,0.0,0.0,0.0,0.0,0.0,0.0
-20.462,-21.446933,0.0,0.0,0.0,0.0,0.0,0.0,0.0,0.0,0.0,0.0,0.0,0.0,0.0,0.0,0.0,0.0
-20.449,-21.433933000000003,0.0,0.0,0.0,0.0,0.0,0.0,0.0,0.0,0.0,0.0,0.0,0.0,0.0,0.0,0.0,0.0
-20.435,-21.419933,0.0,0.0,0.0,0.0,0.0,0.0,0.0,0.0,0.0,0.0,0.0,0.0,0.0,0.0,0.0,0.0
-20.422,-21.406933000000002,0.0,0.0,0.0,0.0,0.0,0.0,0.0,0.0,0.0,0.0,0.0,0.0,0.0,0.0,0.0,0.0
-20.409,-21.393933,0.0,0.0,0.0,0.0,0.0,0.0,0.0,0.0,0.0,0.0,0.0,0.0,0.0,0.0,0.0,0.0
-20.396,-21.380933000000002,0.0,0.0,0.0,0.0,0.0,0.0,0.0,0.0,0.0,0.0,0.0,0.0,0.0,0.0,0.0,0.0
-20.382,-21.366933000000003,0.0,0.0,0.0,0.0,0.0,0.0,0.0,0.0,0.0,0.0,0.0,0.0,0.0,0.0,0.0,0.0
-20.369,-21.353933,0.0,0.0,0.0,0.0,0.0,0.0,0.0,0.0,0.0,0.0,0.0,0.0,0.0,0.0,0.0,0.0
-20.356,-21.340933000000003,0.0,0.0,0.0,0.0,0.0,0.0,0.0,0.0,0.0,0.0,0.0,0.0,0.0,0.0,0.0,0.0
-20.343,-21.327933,0.0,0.0,0.0,0.0,0.0,0.0,0.0,0.0,0.0,0.0,0.0,0.0,0.0,0.0,0.0,0.0
-20.329,-21.313933000000002,226.5,0.011295,1.01798e-05,3.3416399999999997e-06,1.7764999999999997e-05,1.3536e-05,3.1567375e-05,0.00041684999999999997,0.0036256400000000003,223.6395,0.34117899999999995,0.10628348465,0.0,0.10588,0.03526195000000001,0.0082881416
-20.316,-21.300933,75.5,0.0084305,6.459935e-06,1.6177515e-06,6.5725e-06,5.19425e-06,1.2359349650000002e-05,4.459245e-06,0.0018044584999999998,74.47836915,0.19237010699999998,0.059677261285,0.0,7.52324e-05,0.00020492275499999998,0.00012173630149999999
-20.303,-21.287933000000002,151.0,0.016897000000000002,8.80415e-06,2.04451e-06,3.1685000000000002e-06,2.5371500000000003e-06,6.026365e-06,2.7274999999999997e-06,0.0012767,149.5645,0.08276995,0.029734929,0.0,2.11131e-05,0.0014054850000000002,0.0008378627714999999
-20.29,-21.274933,151.0,0.015796499999999998,7.0550499999999995e-06,1.641125e-06,7.757e-07,6.065050000000001e-07,1.397115e-06,6.2605e-05,0.002289725,149.704375,0.009009125,0.008272104859999999,0.0,0.004233,0.002826675,0.001193536
-20.276,-21.260933,0.0,0.0,0.0,0.0,0.0,0.0,0.0,0.0,0.0,0.0,0.0,0.0,0.0,0.0,0.0,0.0
-20.263,-21.247933000000003,151.0,0.014168499999999999,5.1608e-06,1.191369e-06,5.802500000000001e-07,4.5674399999999995e-07,1.0095210000000002e-06,0.00011105,0.0033881,149.72,0.00132773,0.00930389,0.0,0.00425615,0.0016728585000000001,0.00049911345
-20.25,-21.234933,0.0,0.0,0.0,0.0,0.0,0.0,0.0,0.0,0.0,0.0,0.0,0.0,0.0,0.0,0.0,0.0
-20.237,-21.221933,0.0,0.0,0.0,0.0,0.0,0.0,0.0,0.0,0.0,0.0,0.0,0.0,0.0,0.0,0.0,0.0
-20.223,-21.207933,0.0,0.0,0.0,0.0,0.0,0.0,0.0,0.0,0.0,0.0,0.0,0.0,0.0,0.0,0.0,0.0
-20.21,-21.194933000000002,0.0,0.0,0.0,0.0,0.0,0.0,0.0,0.0,0.0,0.0,0.0,0.0,0.0,0.0,0.0,0.0
-20.197,-21.181933,0.0,0.0,0.0,0.0,0.0,0.0,0.0,0.0,0.0,0.0,0.0,0.0,0.0,0.0,0.0,0.0
-20.184,-21.168933000000003,0.0,0.0,0.0,0.0,0.0,0.0,0.0,0.0,0.0,0.0,0.0,0.0,0.0,0.0,0.0,0.0
-20.17,-21.154933000000003,0.0,0.0,0.0,0.0,0.0,0.0,0.0,0.0,0.0,0.0,0.0,0.0,0.0,0.0,0.0,0.0
-20.157,-21.141933,0.0,0.0,0.0,0.0,0.0,0.0,0.0,0.0,0.0,0.0,0.0,0.0,0.0,0.0,0.0,0.0
-20.144,-21.128933,0.0,0.0,0.0,0.0,0.0,0.0,0.0,0.0,0.0,0.0,0.0,0.0,0.0,0.0,0.0,0.0
-20.131,-21.115933000000002,0.0,0.0,0.0,0.0,0.0,0.0,0.0,0.0,0.0,0.0,0.0,0.0,0.0,0.0,0.0,0.0
-20.117,-21.101933000000002,302.05,275.9,5.319485e-05,9.74538e-05,0.00013815,7.328e-05,8.053999999999998e-05,0.0001298,9.493500000000001e-05,0.077267,0.0232475,0.0054273255,0.0,0.007653999999999999,0.0019089,0.00030148905
-20.104,-21.088933,0.0,0.0,0.0,0.0,0.0,0.0,0.0,0.0,0.0,0.0,0.0,0.0,0.0,0.0,0.0,0.0
-20.091,-21.075933000000003,0.0,0.0,0.0,0.0,0.0,0.0,0.0,0.0,0.0,0.0,0.0,0.0,0.0,0.0,0.0,0.0
-20.078,-21.062933,0.0,0.0,0.0,0.0,0.0,0.0,0.0,0.0,0.0,0.0,0.0,0.0,0.0,0.0,0.0,0.0
-20.064,-21.048933,0.0,0.0,0.0,0.0,0.0,0.0,0.0,0.0,0.0,0.0,0.0,0.0,0.0,0.0,0.0,0.0
-20.051,-21.035933,0.0,0.0,0.0,0.0,0.0,0.0,0.0,0.0,0.0,0.0,0.0,0.0,0.0,0.0,0.0,0.0
-20.038,-21.022933000000002,0.0,0.0,0.0,0.0,0.0,0.0,0.0,0.0,0.0,0.0,0.0,0.0,0.0,0.0,0.0,0.0
-20.025,-21.009933,0.0,0.0,0.0,0.0,0.0,0.0,0.0,0.0,0.0,0.0,0.0,0.0,0.0,0.0,0.0,0.0
-20.011,-20.995933,0.0,0.0,0.0,0.0,0.0,0.0,0.0,0.0,0.0,0.0,0.0,0.0,0.0,0.0,0.0,0.0
-19.998,-20.982933000000003,0.0,0.0,0.0,0.0,0.0,0.0,0.0,0.0,0.0,0.0,0.0,0.0,0.0,0.0,0.0,0.0
-19.985,-20.969933,0.0,0.0,0.0,0.0,0.0,0.0,0.0,0.0,0.0,0.0,0.0,0.0,0.0,0.0,0.0,0.0
-19.972,-20.956933000000003,0.0,0.0,0.0,0.0,0.0,0.0,0.0,0.0,0.0,0.0,0.0,0.0,0.0,0.0,0.0,0.0
-19.958,-20.942933,0.0,0.0,0.0,0.0,0.0,0.0,0.0,0.0,0.0,0.0,0.0,0.0,0.0,0.0,0.0,0.0
-19.945,-20.929933000000002,0.0,0.0,0.0,0.0,0.0,0.0,0.0,0.0,0.0,0.0,0.0,0.0,0.0,0.0,0.0,0.0
-19.932,-20.916933,0.0,0.0,0.0,0.0,0.0,0.0,0.0,0.0,0.0,0.0,0.0,0.0,0.0,0.0,0.0,0.0
-19.919,-20.903933000000002,0.0,0.0,0.0,0.0,0.0,0.0,0.0,0.0,0.0,0.0,0.0,0.0,0.0,0.0,0.0,0.0
-19.906,-20.890933,0.0,0.0,0.0,0.0,0.0,0.0,0.0,0.0,0.0,0.0,0.0,0.0,0.0,0.0,0.0,0.0
-19.892,-20.876933,0.0,0.0,0.0,0.0,0.0,0.0,0.0,0.0,0.0,0.0,0.0,0.0,0.0,0.0,0.0,0.0
-19.879,-20.863933000000003,0.0,0.0,0.0,0.0,0.0,0.0,0.0,0.0,0.0,0.0,0.0,0.0,0.0,0.0,0.0,0.0
-19.866,-20.850933,0.0,0.0,0.0,0.0,0.0,0.0,0.0,0.0,0.0,0.0,0.0,0.0,0.0,0.0,0.0,0.0
-19.853,-20.837933000000003,0.0,0.0,0.0,0.0,0.0,0.0,0.0,0.0,0.0,0.0,0.0,0.0,0.0,0.0,0.0,0.0
-19.839,-20.823933,0.0,0.0,0.0,0.0,0.0,0.0,0.0,0.0,0.0,0.0,0.0,0.0,0.0,0.0,0.0,0.0
-19.826,-20.810933000000002,0.0,0.0,0.0,0.0,0.0,0.0,0.0,0.0,0.0,0.0,0.0,0.0,0.0,0.0,0.0,0.0
-19.813,-20.797933,0.0,0.0,0.0,0.0,0.0,0.0,0.0,0.0,0.0,0.0,0.0,0.0,0.0,0.0,0.0,0.0
-19.8,-20.784933000000002,0.0,0.0,0.0,0.0,0.0,0.0,0.0,0.0,0.0,0.0,0.0,0.0,0.0,0.0,0.0,0.0
-19.786,-20.770933000000003,0.0,0.0,0.0,0.0,0.0,0.0,0.0,0.0,0.0,0.0,0.0,0.0,0.0,0.0,0.0,0.0
-19.773,-20.757933,0.0,0.0,0.0,0.0,0.0,0.0,0.0,0.0,0.0,0.0,0.0,0.0,0.0,0.0,0.0,0.0
-19.76,-20.744933000000003,0.0,0.0,0.0,0.0,0.0,0.0,0.0,0.0,0.0,0.0,0.0,0.0,0.0,0.0,0.0,0.0
-19.747,-20.731933,0.0,0.0,0.0,0.0,0.0,0.0,0.0,0.0,0.0,0.0,0.0,0.0,0.0,0.0,0.0,0.0
-19.733,-20.717933000000002,0.0,0.0,0.0,0.0,0.0,0.0,0.0,0.0,0.0,0.0,0.0,0.0,0.0,0.0,0.0,0.0
-19.72,-20.704933,0.0,0.0,0.0,0.0,0.0,0.0,0.0,0.0,0.0,0.0,0.0,0.0,0.0,0.0,0.0,0.0
-19.707,-20.691933000000002,0.0,0.0,0.0,0.0,0.0,0.0,0.0,0.0,0.0,0.0,0.0,0.0,0.0,0.0,0.0,0.0
-19.694,-20.678933,0.0,0.0,0.0,0.0,0.0,0.0,0.0,0.0,0.0,0.0,0.0,0.0,0.0,0.0,0.0,0.0
-19.68,-20.664933,0.0,0.0,0.0,0.0,0.0,0.0,0.0,0.0,0.0,0.0,0.0,0.0,0.0,0.0,0.0,0.0
-19.667,-20.651933000000003,0.0,0.0,0.0,0.0,0.0,0.0,0.0,0.0,0.0,0.0,0.0,0.0,0.0,0.0,0.0,0.0
-19.654,-20.638933,0.0,0.0,0.0,0.0,0.0,0.0,0.0,0.0,0.0,0.0,0.0,0.0,0.0,0.0,0.0,0.0
-19.641,-20.625933,0.0,0.0,0.0,0.0,0.0,0.0,0.0,0.0,0.0,0.0,0.0,0.0,0.0,0.0,0.0,0.0
-19.627,-20.611933,0.0,0.0,0.0,0.0,0.0,0.0,0.0,0.0,0.0,0.0,0.0,0.0,0.0,0.0,0.0,0.0
-19.614,-20.598933000000002,0.0,0.0,0.0,0.0,0.0,0.0,0.0,0.0,0.0,0.0,0.0,0.0,0.0,0.0,0.0,0.0
-19.601,-20.585933,0.0,0.0,0.0,0.0,0.0,0.0,0.0,0.0,0.0,0.0,0.0,0.0,0.0,0.0,0.0,0.0
-19.588,-20.572933000000003,0.0,0.0,0.0,0.0,0.0,0.0,0.0,0.0,0.0,0.0,0.0,0.0,0.0,0.0,0.0,0.0
-19.574,-20.558933000000003,0.0,0.0,0.0,0.0,0.0,0.0,0.0,0.0,0.0,0.0,0.0,0.0,0.0,0.0,0.0,0.0
-19.561,-20.545933,0.0,0.0,0.0,0.0,0.0,0.0,0.0,0.0,0.0,0.0,0.0,0.0,0.0,0.0,0.0,0.0
-19.548,-20.532933,0.0,0.0,0.0,0.0,0.0,0.0,0.0,0.0,0.0,0.0,0.0,0.0,0.0,0.0,0.0,0.0
-19.535,-20.519933,0.0,0.0,0.0,0.0,0.0,0.0,0.0,0.0,0.0,0.0,0.0,0.0,0.0,0.0,0.0,0.0
-19.521,-20.505933000000002,0.0,0.0,0.0,0.0,0.0,0.0,0.0,0.0,0.0,0.0,0.0,0.0,0.0,0.0,0.0,0.0
-19.508,-20.492933,0.0,0.0,0.0,0.0,0.0,0.0,0.0,0.0,0.0,0.0,0.0,0.0,0.0,0.0,0.0,0.0
-19.495,-20.479933000000003,0.0,0.0,0.0,0.0,0.0,0.0,0.0,0.0,0.0,0.0,0.0,0.0,0.0,0.0,0.0,0.0
-19.482,-20.466933,0.0,0.0,0.0,0.0,0.0,0.0,0.0,0.0,0.0,0.0,0.0,0.0,0.0,0.0,0.0,0.0
-19.468,-20.452933,0.0,0.0,0.0,0.0,0.0,0.0,0.0,0.0,0.0,0.0,0.0,0.0,0.0,0.0,0.0,0.0
-19.455,-20.439933,0.0,0.0,0.0,0.0,0.0,0.0,0.0,0.0,0.0,0.0,0.0,0.0,0.0,0.0,0.0,0.0
-19.442,-20.426933000000002,0.0,0.0,0.0,0.0,0.0,0.0,0.0,0.0,0.0,0.0,0.0,0.0,0.0,0.0,0.0,0.0
-19.429,-20.413933,0.0,0.0,0.0,0.0,0.0,0.0,0.0,0.0,0.0,0.0,0.0,0.0,0.0,0.0,0.0,0.0
-19.415,-20.399933,0.0,0.0,0.0,0.0,0.0,0.0,0.0,0.0,0.0,0.0,0.0,0.0,0.0,0.0,0.0,0.0
-19.402,-20.386933000000003,0.0,0.0,0.0,0.0,0.0,0.0,0.0,0.0,0.0,0.0,0.0,0.0,0.0,0.0,0.0,0.0
-19.389,-20.373933,0.0,0.0,0.0,0.0,0.0,0.0,0.0,0.0,0.0,0.0,0.0,0.0,0.0,0.0,0.0,0.0
-19.376,-20.360933000000003,0.0,0.0,0.0,0.0,0.0,0.0,0.0,0.0,0.0,0.0,0.0,0.0,0.0,0.0,0.0,0.0
-19.363,-20.347933,0.0,0.0,0.0,0.0,0.0,0.0,0.0,0.0,0.0,0.0,0.0,0.0,0.0,0.0,0.0,0.0
-19.349,-20.333933000000002,0.0,0.0,0.0,0.0,0.0,0.0,0.0,0.0,0.0,0.0,0.0,0.0,0.0,0.0,0.0,0.0
-19.336,-20.320933,0.0,0.0,0.0,0.0,0.0,0.0,0.0,0.0,0.0,0.0,0.0,0.0,0.0,0.0,0.0,0.0
-19.323,-20.307933000000002,0.0,0.0,0.0,0.0,0.0,0.0,0.0,0.0,0.0,0.0,0.0,0.0,0.0,0.0,0.0,0.0
-19.31,-20.294933,0.0,0.0,0.0,0.0,0.0,0.0,0.0,0.0,0.0,0.0,0.0,0.0,0.0,0.0,0.0,0.0
-19.296,-20.280933,0.0,0.0,0.0,0.0,0.0,0.0,0.0,0.0,0.0,0.0,0.0,0.0,0.0,0.0,0.0,0.0
-19.283,-20.267933000000003,0.0,0.0,0.0,0.0,0.0,0.0,0.0,0.0,0.0,0.0,0.0,0.0,0.0,0.0,0.0,0.0
-19.27,-20.254933,0.0,0.0,0.0,0.0,0.0,0.0,0.0,0.0,0.0,0.0,0.0,0.0,0.0,0.0,0.0,0.0
-19.257,-20.241933000000003,0.0,0.0,0.0,0.0,0.0,0.0,0.0,0.0,0.0,0.0,0.0,0.0,0.0,0.0,0.0,0.0
-19.243,-20.227933,0.0,0.0,0.0,0.0,0.0,0.0,0.0,0.0,0.0,0.0,0.0,0.0,0.0,0.0,0.0,0.0
-19.23,-20.214933000000002,0.0,0.0,0.0,0.0,0.0,0.0,0.0,0.0,0.0,0.0,0.0,0.0,0.0,0.0,0.0,0.0
-19.217,-20.201933,0.0,0.0,0.0,0.0,0.0,0.0,0.0,0.0,0.0,0.0,0.0,0.0,0.0,0.0,0.0,0.0
-19.204,-20.188933000000002,0.0,0.0,0.0,0.0,0.0,0.0,0.0,0.0,0.0,0.0,0.0,0.0,0.0,0.0,0.0,0.0
-19.19,-20.174933000000003,0.0,0.0,0.0,0.0,0.0,0.0,0.0,0.0,0.0,0.0,0.0,0.0,0.0,0.0,0.0,0.0
-19.177,-20.161933,0.0,0.0,0.0,0.0,0.0,0.0,0.0,0.0,0.0,0.0,0.0,0.0,0.0,0.0,0.0,0.0
-19.164,-20.148933000000003,0.0,0.0,0.0,0.0,0.0,0.0,0.0,0.0,0.0,0.0,0.0,0.0,0.0,0.0,0.0,0.0
-19.151,-20.135933,0.0,0.0,0.0,0.0,0.0,0.0,0.0,0.0,0.0,0.0,0.0,0.0,0.0,0.0,0.0,0.0
-19.137,-20.121933000000002,0.0,0.0,0.0,0.0,0.0,0.0,0.0,0.0,0.0,0.0,0.0,0.0,0.0,0.0,0.0,0.0
-19.124,-20.108933,0.0,0.0,0.0,0.0,0.0,0.0,0.0,0.0,0.0,0.0,0.0,0.0,0.0,0.0,0.0,0.0
-19.111,-20.095933000000002,0.0,0.0,0.0,0.0,0.0,0.0,0.0,0.0,0.0,0.0,0.0,0.0,0.0,0.0,0.0,0.0
-19.098,-20.082933,0.0,0.0,0.0,0.0,0.0,0.0,0.0,0.0,0.0,0.0,0.0,0.0,0.0,0.0,0.0,0.0
-19.084,-20.068933,0.0,0.0,0.0,0.0,0.0,0.0,0.0,0.0,0.0,0.0,0.0,0.0,0.0,0.0,0.0,0.0
-19.071,-20.055933000000003,0.0,0.0,0.0,0.0,0.0,0.0,0.0,0.0,0.0,0.0,0.0,0.0,0.0,0.0,0.0,0.0
-19.058,-20.042933,0.0,0.0,0.0,0.0,0.0,0.0,0.0,0.0,0.0,0.0,0.0,0.0,0.0,0.0,0.0,0.0
-19.045,-20.029933000000003,0.0,0.0,0.0,0.0,0.0,0.0,0.0,0.0,0.0,0.0,0.0,0.0,0.0,0.0,0.0,0.0
-19.031,-20.015933,0.0,0.0,0.0,0.0,0.0,0.0,0.0,0.0,0.0,0.0,0.0,0.0,0.0,0.0,0.0,0.0
-19.018,-20.002933000000002,0.0,0.0,0.0,0.0,0.0,0.0,0.0,0.0,0.0,0.0,0.0,0.0,0.0,0.0,0.0,0.0
-19.005,-19.989933,0.0,0.0,0.0,0.0,0.0,0.0,0.0,0.0,0.0,0.0,0.0,0.0,0.0,0.0,0.0,0.0
-18.992,-19.976933000000002,0.0,0.0,0.0,0.0,0.0,0.0,0.0,0.0,0.0,0.0,0.0,0.0,0.0,0.0,0.0,0.0
-18.978,-19.962933000000003,0.0,0.0,0.0,0.0,0.0,0.0,0.0,0.0,0.0,0.0,0.0,0.0,0.0,0.0,0.0,0.0
-18.965,-19.949933,0.0,0.0,0.0,0.0,0.0,0.0,0.0,0.0,0.0,0.0,0.0,0.0,0.0,0.0,0.0,0.0
-18.952,-19.936933000000003,0.0,0.0,0.0,0.0,0.0,0.0,0.0,0.0,0.0,0.0,0.0,0.0,0.0,0.0,0.0,0.0
-18.939,-19.923933,0.0,0.0,0.0,0.0,0.0,0.0,0.0,0.0,0.0,0.0,0.0,0.0,0.0,0.0,0.0,0.0
-18.925,-19.909933000000002,0.0,0.0,0.0,0.0,0.0,0.0,0.0,0.0,0.0,0.0,0.0,0.0,0.0,0.0,0.0,0.0
-18.912,-19.896933,0.0,0.0,0.0,0.0,0.0,0.0,0.0,0.0,0.0,0.0,0.0,0.0,0.0,0.0,0.0,0.0
-18.899,-19.883933000000003,0.0,0.0,0.0,0.0,0.0,0.0,0.0,0.0,0.0,0.0,0.0,0.0,0.0,0.0,0.0,0.0
-18.886,-19.870933,0.0,0.0,0.0,0.0,0.0,0.0,0.0,0.0,0.0,0.0,0.0,0.0,0.0,0.0,0.0,0.0
-18.873,-19.857933000000003,0.0,0.0,0.0,0.0,0.0,0.0,0.0,0.0,0.0,0.0,0.0,0.0,0.0,0.0,0.0,0.0
-18.859,-19.843933000000003,0.0,0.0,0.0,0.0,0.0,0.0,0.0,0.0,0.0,0.0,0.0,0.0,0.0,0.0,0.0,0.0
-18.846,-19.830933,0.0,0.0,0.0,0.0,0.0,0.0,0.0,0.0,0.0,0.0,0.0,0.0,0.0,0.0,0.0,0.0
-18.833,-19.817933,0.0,0.0,0.0,0.0,0.0,0.0,0.0,0.0,0.0,0.0,0.0,0.0,0.0,0.0,0.0,0.0
-18.82,-19.804933000000002,0.0,0.0,0.0,0.0,0.0,0.0,0.0,0.0,0.0,0.0,0.0,0.0,0.0,0.0,0.0,0.0
-18.806,-19.790933000000003,0.0,0.0,0.0,0.0,0.0,0.0,0.0,0.0,0.0,0.0,0.0,0.0,0.0,0.0,0.0,0.0
-18.793,-19.777933,0.0,0.0,0.0,0.0,0.0,0.0,0.0,0.0,0.0,0.0,0.0,0.0,0.0,0.0,0.0,0.0
-18.78,-19.764933000000003,0.0,0.0,0.0,0.0,0.0,0.0,0.0,0.0,0.0,0.0,0.0,0.0,0.0,0.0,0.0,0.0
-18.767,-19.751933,0.0,0.0,0.0,0.0,0.0,0.0,0.0,0.0,0.0,0.0,0.0,0.0,0.0,0.0,0.0,0.0
-18.753,-19.737933,0.0,0.0,0.0,0.0,0.0,0.0,0.0,0.0,0.0,0.0,0.0,0.0,0.0,0.0,0.0,0.0
-18.74,-19.724933,0.0,0.0,0.0,0.0,0.0,0.0,0.0,0.0,0.0,0.0,0.0,0.0,0.0,0.0,0.0,0.0
-18.727,-19.711933000000002,0.0,0.0,0.0,0.0,0.0,0.0,0.0,0.0,0.0,0.0,0.0,0.0,0.0,0.0,0.0,0.0
-18.714,-19.698933,0.0,0.0,0.0,0.0,0.0,0.0,0.0,0.0,0.0,0.0,0.0,0.0,0.0,0.0,0.0,0.0
-18.7,-19.684933,0.0,0.0,0.0,0.0,0.0,0.0,0.0,0.0,0.0,0.0,0.0,0.0,0.0,0.0,0.0,0.0
-18.687,-19.671933000000003,0.0,0.0,0.0,0.0,0.0,0.0,0.0,0.0,0.0,0.0,0.0,0.0,0.0,0.0,0.0,0.0
-18.674,-19.658933,0.0,0.0,0.0,0.0,0.0,0.0,0.0,0.0,0.0,0.0,0.0,0.0,0.0,0.0,0.0,0.0
-18.661,-19.645933000000003,0.0,0.0,0.0,0.0,0.0,0.0,0.0,0.0,0.0,0.0,0.0,0.0,0.0,0.0,0.0,0.0
-18.647,-19.631933,0.0,0.0,0.0,0.0,0.0,0.0,0.0,0.0,0.0,0.0,0.0,0.0,0.0,0.0,0.0,0.0
-18.634,-19.618933000000002,0.0,0.0,0.0,0.0,0.0,0.0,0.0,0.0,0.0,0.0,0.0,0.0,0.0,0.0,0.0,0.0
-18.621,-19.605933,0.0,0.0,0.0,0.0,0.0,0.0,0.0,0.0,0.0,0.0,0.0,0.0,0.0,0.0,0.0,0.0
-18.608,-19.592933000000002,0.0,0.0,0.0,0.0,0.0,0.0,0.0,0.0,0.0,0.0,0.0,0.0,0.0,0.0,0.0,0.0
-18.594,-19.578933000000003,0.0,0.0,0.0,0.0,0.0,0.0,0.0,0.0,0.0,0.0,0.0,0.0,0.0,0.0,0.0,0.0
-18.581,-19.565933,0.0,0.0,0.0,0.0,0.0,0.0,0.0,0.0,0.0,0.0,0.0,0.0,0.0,0.0,0.0,0.0
-18.568,-19.552933000000003,0.0,0.0,0.0,0.0,0.0,0.0,0.0,0.0,0.0,0.0,0.0,0.0,0.0,0.0,0.0,0.0
-18.555,-19.539933,0.0,0.0,0.0,0.0,0.0,0.0,0.0,0.0,0.0,0.0,0.0,0.0,0.0,0.0,0.0,0.0
-18.541,-19.525933000000002,0.0,0.0,0.0,0.0,0.0,0.0,0.0,0.0,0.0,0.0,0.0,0.0,0.0,0.0,0.0,0.0
-18.528,-19.512933,0.0,0.0,0.0,0.0,0.0,0.0,0.0,0.0,0.0,0.0,0.0,0.0,0.0,0.0,0.0,0.0
-18.515,-19.499933000000002,0.0,0.0,0.0,0.0,0.0,0.0,0.0,0.0,0.0,0.0,0.0,0.0,0.0,0.0,0.0,0.0
-18.502,-19.486933,0.0,0.0,0.0,0.0,0.0,0.0,0.0,0.0,0.0,0.0,0.0,0.0,0.0,0.0,0.0,0.0
-18.488,-19.472933,0.0,0.0,0.0,0.0,0.0,0.0,0.0,0.0,0.0,0.0,0.0,0.0,0.0,0.0,0.0,0.0
-18.475,-19.459933000000003,0.0,0.0,0.0,0.0,0.0,0.0,0.0,0.0,0.0,0.0,0.0,0.0,0.0,0.0,0.0,0.0
-18.462,-19.446933,0.0,0.0,0.0,0.0,0.0,0.0,0.0,0.0,0.0,0.0,0.0,0.0,0.0,0.0,0.0,0.0
-18.449,-19.433933000000003,0.0,0.0,0.0,0.0,0.0,0.0,0.0,0.0,0.0,0.0,0.0,0.0,0.0,0.0,0.0,0.0
-18.435,-19.419933,0.0,0.0,0.0,0.0,0.0,0.0,0.0,0.0,0.0,0.0,0.0,0.0,0.0,0.0,0.0,0.0
-18.422,-19.406933000000002,0.0,0.0,0.0,0.0,0.0,0.0,0.0,0.0,0.0,0.0,0.0,0.0,0.0,0.0,0.0,0.0
-18.409,-19.393933,0.0,0.0,0.0,0.0,0.0,0.0,0.0,0.0,0.0,0.0,0.0,0.0,0.0,0.0,0.0,0.0
-18.396,-19.380933000000002,0.0,0.0,0.0,0.0,0.0,0.0,0.0,0.0,0.0,0.0,0.0,0.0,0.0,0.0,0.0,0.0
-18.382,-19.366933000000003,0.0,0.0,0.0,0.0,0.0,0.0,0.0,0.0,0.0,0.0,0.0,0.0,0.0,0.0,0.0,0.0
-18.369,-19.353933,0.0,0.0,0.0,0.0,0.0,0.0,0.0,0.0,0.0,0.0,0.0,0.0,0.0,0.0,0.0,0.0
-18.356,-19.340933000000003,0.0,0.0,0.0,0.0,0.0,0.0,0.0,0.0,0.0,0.0,0.0,0.0,0.0,0.0,0.0,0.0
-18.343,-19.327933,0.0,0.0,0.0,0.0,0.0,0.0,0.0,0.0,0.0,0.0,0.0,0.0,0.0,0.0,0.0,0.0
-18.33,-19.314933,0.0,0.0,0.0,0.0,0.0,0.0,0.0,0.0,0.0,0.0,0.0,0.0,0.0,0.0,0.0,0.0
-18.316,-19.300933,0.0,0.0,0.0,0.0,0.0,0.0,0.0,0.0,0.0,0.0,0.0,0.0,0.0,0.0,0.0,0.0
-18.303,-19.287933000000002,0.0,0.0,0.0,0.0,0.0,0.0,0.0,0.0,0.0,0.0,0.0,0.0,0.0,0.0,0.0,0.0
-18.29,-19.274933,0.0,0.0,0.0,0.0,0.0,0.0,0.0,0.0,0.0,0.0,0.0,0.0,0.0,0.0,0.0,0.0
-18.277,-19.261933000000003,0.0,0.0,0.0,0.0,0.0,0.0,0.0,0.0,0.0,0.0,0.0,0.0,0.0,0.0,0.0,0.0
-18.263,-19.247933000000003,0.0,0.0,0.0,0.0,0.0,0.0,0.0,0.0,0.0,0.0,0.0,0.0,0.0,0.0,0.0,0.0
-18.25,-19.234933,0.0,0.0,0.0,0.0,0.0,0.0,0.0,0.0,0.0,0.0,0.0,0.0,0.0,0.0,0.0,0.0
-18.237,-19.221933,0.0,0.0,0.0,0.0,0.0,0.0,0.0,0.0,0.0,0.0,0.0,0.0,0.0,0.0,0.0,0.0
-18.224,-19.208933000000002,0.0,0.0,0.0,0.0,0.0,0.0,0.0,0.0,0.0,0.0,0.0,0.0,0.0,0.0,0.0,0.0
-18.21,-19.194933000000002,0.0,0.0,0.0,0.0,0.0,0.0,0.0,0.0,0.0,0.0,0.0,0.0,0.0,0.0,0.0,0.0
-18.197,-19.181933,0.0,0.0,0.0,0.0,0.0,0.0,0.0,0.0,0.0,0.0,0.0,0.0,0.0,0.0,0.0,0.0
-18.184,-19.168933000000003,0.0,0.0,0.0,0.0,0.0,0.0,0.0,0.0,0.0,0.0,0.0,0.0,0.0,0.0,0.0,0.0
-18.171,-19.155933,0.0,0.0,0.0,0.0,0.0,0.0,0.0,0.0,0.0,0.0,0.0,0.0,0.0,0.0,0.0,0.0
-18.157,-19.141933,0.0,0.0,0.0,0.0,0.0,0.0,0.0,0.0,0.0,0.0,0.0,0.0,0.0,0.0,0.0,0.0
-18.144,-19.128933,0.0,0.0,0.0,0.0,0.0,0.0,0.0,0.0,0.0,0.0,0.0,0.0,0.0,0.0,0.0,0.0
-18.131,-19.115933000000002,0.0,0.0,0.0,0.0,0.0,0.0,0.0,0.0,0.0,0.0,0.0,0.0,0.0,0.0,0.0,0.0
-18.118,-19.102933,0.0,0.0,0.0,0.0,0.0,0.0,0.0,0.0,0.0,0.0,0.0,0.0,0.0,0.0,0.0,0.0
-18.104,-19.088933,0.0,0.0,0.0,0.0,0.0,0.0,0.0,0.0,0.0,0.0,0.0,0.0,0.0,0.0,0.0,0.0
-18.091,-19.075933000000003,0.0,0.0,0.0,0.0,0.0,0.0,0.0,0.0,0.0,0.0,0.0,0.0,0.0,0.0,0.0,0.0
-18.078,-19.062933,0.0,0.0,0.0,0.0,0.0,0.0,0.0,0.0,0.0,0.0,0.0,0.0,0.0,0.0,0.0,0.0
-18.065,-19.049933000000003,0.0,0.0,0.0,0.0,0.0,0.0,0.0,0.0,0.0,0.0,0.0,0.0,0.0,0.0,0.0,0.0
-18.051,-19.035933,0.0,0.0,0.0,0.0,0.0,0.0,0.0,0.0,0.0,0.0,0.0,0.0,0.0,0.0,0.0,0.0
-18.038,-19.022933000000002,0.0,0.0,0.0,0.0,0.0,0.0,0.0,0.0,0.0,0.0,0.0,0.0,0.0,0.0,0.0,0.0
-18.025,-19.009933,0.0,0.0,0.0,0.0,0.0,0.0,0.0,0.0,0.0,0.0,0.0,0.0,0.0,0.0,0.0,0.0
-18.012,-18.996933000000002,0.0,0.0,0.0,0.0,0.0,0.0,0.0,0.0,0.0,0.0,0.0,0.0,0.0,0.0,0.0,0.0
-17.998,-18.982933000000003,0.0,0.0,0.0,0.0,0.0,0.0,0.0,0.0,0.0,0.0,0.0,0.0,0.0,0.0,0.0,0.0
-17.985,-18.969933,0.0,0.0,0.0,0.0,0.0,0.0,0.0,0.0,0.0,0.0,0.0,0.0,0.0,0.0,0.0,0.0
-17.972,-18.956933000000003,0.0,0.0,0.0,0.0,0.0,0.0,0.0,0.0,0.0,0.0,0.0,0.0,0.0,0.0,0.0,0.0
-17.959,-18.943933,0.0,0.0,0.0,0.0,0.0,0.0,0.0,0.0,0.0,0.0,0.0,0.0,0.0,0.0,0.0,0.0
-17.945,-18.929933000000002,0.0,0.0,0.0,0.0,0.0,0.0,0.0,0.0,0.0,0.0,0.0,0.0,0.0,0.0,0.0,0.0
-17.932,-18.916933,0.0,0.0,0.0,0.0,0.0,0.0,0.0,0.0,0.0,0.0,0.0,0.0,0.0,0.0,0.0,0.0
-17.919,-18.903933000000002,0.0,0.0,0.0,0.0,0.0,0.0,0.0,0.0,0.0,0.0,0.0,0.0,0.0,0.0,0.0,0.0
-17.906,-18.890933,0.0,0.0,0.0,0.0,0.0,0.0,0.0,0.0,0.0,0.0,0.0,0.0,0.0,0.0,0.0,0.0
-17.892,-18.876933,0.0,0.0,0.0,0.0,0.0,0.0,0.0,0.0,0.0,0.0,0.0,0.0,0.0,0.0,0.0,0.0
-17.879,-18.863933000000003,0.0,0.0,0.0,0.0,0.0,0.0,0.0,0.0,0.0,0.0,0.0,0.0,0.0,0.0,0.0,0.0
-17.866,-18.850933,0.0,0.0,0.0,0.0,0.0,0.0,0.0,0.0,0.0,0.0,0.0,0.0,0.0,0.0,0.0,0.0
-17.853,-18.837933000000003,0.0,0.0,0.0,0.0,0.0,0.0,0.0,0.0,0.0,0.0,0.0,0.0,0.0,0.0,0.0,0.0
-17.839,-18.823933,0.0,0.0,0.0,0.0,0.0,0.0,0.0,0.0,0.0,0.0,0.0,0.0,0.0,0.0,0.0,0.0
-17.826,-18.810933000000002,0.0,0.0,0.0,0.0,0.0,0.0,0.0,0.0,0.0,0.0,0.0,0.0,0.0,0.0,0.0,0.0
-17.813,-18.797933,0.0,0.0,0.0,0.0,0.0,0.0,0.0,0.0,0.0,0.0,0.0,0.0,0.0,0.0,0.0,0.0
-17.8,-18.784933000000002,0.0,0.0,0.0,0.0,0.0,0.0,0.0,0.0,0.0,0.0,0.0,0.0,0.0,0.0,0.0,0.0
-17.787,-18.771933,0.0,0.0,0.0,0.0,0.0,0.0,0.0,0.0,0.0,0.0,0.0,0.0,0.0,0.0,0.0,0.0
-17.773,-18.757933,0.0,0.0,0.0,0.0,0.0,0.0,0.0,0.0,0.0,0.0,0.0,0.0,0.0,0.0,0.0,0.0
-17.76,-18.744933000000003,0.0,0.0,0.0,0.0,0.0,0.0,0.0,0.0,0.0,0.0,0.0,0.0,0.0,0.0,0.0,0.0
-17.747,-18.731933,0.0,0.0,0.0,0.0,0.0,0.0,0.0,0.0,0.0,0.0,0.0,0.0,0.0,0.0,0.0,0.0
-17.734,-18.718933000000003,0.0,0.0,0.0,0.0,0.0,0.0,0.0,0.0,0.0,0.0,0.0,0.0,0.0,0.0,0.0,0.0
-17.72,-18.704933,0.0,0.0,0.0,0.0,0.0,0.0,0.0,0.0,0.0,0.0,0.0,0.0,0.0,0.0,0.0,0.0
-17.707,-18.691933000000002,0.0,0.0,0.0,0.0,0.0,0.0,0.0,0.0,0.0,0.0,0.0,0.0,0.0,0.0,0.0,0.0
-17.694,-18.678933,0.0,0.0,0.0,0.0,0.0,0.0,0.0,0.0,0.0,0.0,0.0,0.0,0.0,0.0,0.0,0.0
-17.681,-18.665933000000003,0.0,0.0,0.0,0.0,0.0,0.0,0.0,0.0,0.0,0.0,0.0,0.0,0.0,0.0,0.0,0.0
-17.667,-18.651933000000003,0.0,0.0,0.0,0.0,0.0,0.0,0.0,0.0,0.0,0.0,0.0,0.0,0.0,0.0,0.0,0.0
-17.654,-18.638933,0.0,0.0,0.0,0.0,0.0,0.0,0.0,0.0,0.0,0.0,0.0,0.0,0.0,0.0,0.0,0.0
-17.641,-18.625933,0.0,0.0,0.0,0.0,0.0,0.0,0.0,0.0,0.0,0.0,0.0,0.0,0.0,0.0,0.0,0.0
-17.628,-18.612933,0.0,0.0,0.0,0.0,0.0,0.0,0.0,0.0,0.0,0.0,0.0,0.0,0.0,0.0,0.0,0.0
-17.614,-18.598933000000002,0.0,0.0,0.0,0.0,0.0,0.0,0.0,0.0,0.0,0.0,0.0,0.0,0.0,0.0,0.0,0.0
-17.601,-18.585933,0.0,0.0,0.0,0.0,0.0,0.0,0.0,0.0,0.0,0.0,0.0,0.0,0.0,0.0,0.0,0.0
-17.588,-18.572933000000003,0.0,0.0,0.0,0.0,0.0,0.0,0.0,0.0,0.0,0.0,0.0,0.0,0.0,0.0,0.0,0.0
-17.575,-18.559933,0.0,0.0,0.0,0.0,0.0,0.0,0.0,0.0,0.0,0.0,0.0,0.0,0.0,0.0,0.0,0.0
-17.561,-18.545933,0.0,0.0,0.0,0.0,0.0,0.0,0.0,0.0,0.0,0.0,0.0,0.0,0.0,0.0,0.0,0.0
-17.548,-18.532933,0.0,0.0,0.0,0.0,0.0,0.0,0.0,0.0,0.0,0.0,0.0,0.0,0.0,0.0,0.0,0.0
-17.535,-18.519933,0.0,0.0,0.0,0.0,0.0,0.0,0.0,0.0,0.0,0.0,0.0,0.0,0.0,0.0,0.0,0.0
-17.522,-18.506933,0.0,0.0,0.0,0.0,0.0,0.0,0.0,0.0,0.0,0.0,0.0,0.0,0.0,0.0,0.0,0.0
-17.508,-18.492933,0.0,0.0,0.0,0.0,0.0,0.0,0.0,0.0,0.0,0.0,0.0,0.0,0.0,0.0,0.0,0.0
-17.495,-18.479933000000003,0.0,0.0,0.0,0.0,0.0,0.0,0.0,0.0,0.0,0.0,0.0,0.0,0.0,0.0,0.0,0.0
-17.482,-18.466933,0.0,0.0,0.0,0.0,0.0,0.0,0.0,0.0,0.0,0.0,0.0,0.0,0.0,0.0,0.0,0.0
-17.469,-18.453933000000003,0.0,0.0,0.0,0.0,0.0,0.0,0.0,0.0,0.0,0.0,0.0,0.0,0.0,0.0,0.0,0.0
-17.455,-18.439933,0.0,0.0,0.0,0.0,0.0,0.0,0.0,0.0,0.0,0.0,0.0,0.0,0.0,0.0,0.0,0.0
-17.442,-18.426933000000002,0.0,0.0,0.0,0.0,0.0,0.0,0.0,0.0,0.0,0.0,0.0,0.0,0.0,0.0,0.0,0.0
-17.429,-18.413933,0.0,0.0,0.0,0.0,0.0,0.0,0.0,0.0,0.0,0.0,0.0,0.0,0.0,0.0,0.0,0.0
-17.416,-18.400933000000002,0.0,0.0,0.0,0.0,0.0,0.0,0.0,0.0,0.0,0.0,0.0,0.0,0.0,0.0,0.0,0.0
-17.402,-18.386933000000003,0.0,0.0,0.0,0.0,0.0,0.0,0.0,0.0,0.0,0.0,0.0,0.0,0.0,0.0,0.0,0.0
-17.389,-18.373933,0.0,0.0,0.0,0.0,0.0,0.0,0.0,0.0,0.0,0.0,0.0,0.0,0.0,0.0,0.0,0.0
-17.376,-18.360933000000003,0.0,0.0,0.0,0.0,0.0,0.0,0.0,0.0,0.0,0.0,0.0,0.0,0.0,0.0,0.0,0.0
-17.363,-18.347933,0.0,0.0,0.0,0.0,0.0,0.0,0.0,0.0,0.0,0.0,0.0,0.0,0.0,0.0,0.0,0.0
-17.349,-18.333933000000002,0.0,0.0,0.0,0.0,0.0,0.0,0.0,0.0,0.0,0.0,0.0,0.0,0.0,0.0,0.0,0.0
-17.336,-18.320933,0.0,0.0,0.0,0.0,0.0,0.0,0.0,0.0,0.0,0.0,0.0,0.0,0.0,0.0,0.0,0.0
-17.323,-18.307933000000002,0.0,0.0,0.0,0.0,0.0,0.0,0.0,0.0,0.0,0.0,0.0,0.0,0.0,0.0,0.0,0.0
-17.31,-18.294933,0.0,0.0,0.0,0.0,0.0,0.0,0.0,0.0,0.0,0.0,0.0,0.0,0.0,0.0,0.0,0.0
-17.296,-18.280933,0.0,0.0,0.0,0.0,0.0,0.0,0.0,0.0,0.0,0.0,0.0,0.0,0.0,0.0,0.0,0.0
-17.283,-18.267933000000003,0.0,0.0,0.0,0.0,0.0,0.0,0.0,0.0,0.0,0.0,0.0,0.0,0.0,0.0,0.0,0.0
-17.27,-18.254933,0.0,0.0,0.0,0.0,0.0,0.0,0.0,0.0,0.0,0.0,0.0,0.0,0.0,0.0,0.0,0.0
-17.257,-18.241933000000003,0.0,0.0,0.0,0.0,0.0,0.0,0.0,0.0,0.0,0.0,0.0,0.0,0.0,0.0,0.0,0.0
-17.244,-18.228933,0.0,0.0,0.0,0.0,0.0,0.0,0.0,0.0,0.0,0.0,0.0,0.0,0.0,0.0,0.0,0.0
-17.23,-18.214933000000002,0.0,0.0,0.0,0.0,0.0,0.0,0.0,0.0,0.0,0.0,0.0,0.0,0.0,0.0,0.0,0.0
-17.217,-18.201933,0.0,0.0,0.0,0.0,0.0,0.0,0.0,0.0,0.0,0.0,0.0,0.0,0.0,0.0,0.0,0.0
-17.204,-18.188933000000002,0.0,0.0,0.0,0.0,0.0,0.0,0.0,0.0,0.0,0.0,0.0,0.0,0.0,0.0,0.0,0.0
-17.191,-18.175933,0.0,0.0,0.0,0.0,0.0,0.0,0.0,0.0,0.0,0.0,0.0,0.0,0.0,0.0,0.0,0.0
-17.177,-18.161933,0.0,0.0,0.0,0.0,0.0,0.0,0.0,0.0,0.0,0.0,0.0,0.0,0.0,0.0,0.0,0.0
-17.164,-18.148933000000003,0.0,0.0,0.0,0.0,0.0,0.0,0.0,0.0,0.0,0.0,0.0,0.0,0.0,0.0,0.0,0.0
-17.151,-18.135933,0.0,0.0,0.0,0.0,0.0,0.0,0.0,0.0,0.0,0.0,0.0,0.0,0.0,0.0,0.0,0.0
-17.138,-18.122933000000003,0.0,0.0,0.0,0.0,0.0,0.0,0.0,0.0,0.0,0.0,0.0,0.0,0.0,0.0,0.0,0.0
-17.124,-18.108933,0.0,0.0,0.0,0.0,0.0,0.0,0.0,0.0,0.0,0.0,0.0,0.0,0.0,0.0,0.0,0.0
-17.111,-18.095933000000002,0.0,0.0,0.0,0.0,0.0,0.0,0.0,0.0,0.0,0.0,0.0,0.0,0.0,0.0,0.0,0.0
-17.098,-18.082933,0.0,0.0,0.0,0.0,0.0,0.0,0.0,0.0,0.0,0.0,0.0,0.0,0.0,0.0,0.0,0.0
-17.085,-18.069933000000002,0.0,0.0,0.0,0.0,0.0,0.0,0.0,0.0,0.0,0.0,0.0,0.0,0.0,0.0,0.0,0.0
-17.071,-18.055933000000003,0.0,0.0,0.0,0.0,0.0,0.0,0.0,0.0,0.0,0.0,0.0,0.0,0.0,0.0,0.0,0.0
-17.058,-18.042933,0.0,0.0,0.0,0.0,0.0,0.0,0.0,0.0,0.0,0.0,0.0,0.0,0.0,0.0,0.0,0.0
-17.045,-18.029933000000003,0.0,0.0,0.0,0.0,0.0,0.0,0.0,0.0,0.0,0.0,0.0,0.0,0.0,0.0,0.0,0.0
-17.032,-18.016933,0.0,0.0,0.0,0.0,0.0,0.0,0.0,0.0,0.0,0.0,0.0,0.0,0.0,0.0,0.0,0.0
-17.018,-18.002933000000002,0.0,0.0,0.0,0.0,0.0,0.0,0.0,0.0,0.0,0.0,0.0,0.0,0.0,0.0,0.0,0.0
-17.005,-17.989933,0.0,0.0,0.0,0.0,0.0,0.0,0.0,0.0,0.0,0.0,0.0,0.0,0.0,0.0,0.0,0.0
-16.992,-17.976933000000002,0.0,0.0,0.0,0.0,0.0,0.0,0.0,0.0,0.0,0.0,0.0,0.0,0.0,0.0,0.0,0.0
-16.979,-17.963933,0.0,0.0,0.0,0.0,0.0,0.0,0.0,0.0,0.0,0.0,0.0,0.0,0.0,0.0,0.0,0.0
-16.965,-17.949933,0.0,0.0,0.0,0.0,0.0,0.0,0.0,0.0,0.0,0.0,0.0,0.0,0.0,0.0,0.0,0.0
-16.952,-17.936933000000003,0.0,0.0,0.0,0.0,0.0,0.0,0.0,0.0,0.0,0.0,0.0,0.0,0.0,0.0,0.0,0.0
-16.939,-17.923933,0.0,0.0,0.0,0.0,0.0,0.0,0.0,0.0,0.0,0.0,0.0,0.0,0.0,0.0,0.0,0.0
-16.926,-17.910933,0.0,0.0,0.0,0.0,0.0,0.0,0.0,0.0,0.0,0.0,0.0,0.0,0.0,0.0,0.0,0.0
-16.912,-17.896933,0.0,0.0,0.0,0.0,0.0,0.0,0.0,0.0,0.0,0.0,0.0,0.0,0.0,0.0,0.0,0.0
-16.899,-17.883933000000003,0.0,0.0,0.0,0.0,0.0,0.0,0.0,0.0,0.0,0.0,0.0,0.0,0.0,0.0,0.0,0.0
-16.886,-17.870933,0.0,0.0,0.0,0.0,0.0,0.0,0.0,0.0,0.0,0.0,0.0,0.0,0.0,0.0,0.0,0.0
-16.873,-17.857933000000003,0.0,0.0,0.0,0.0,0.0,0.0,0.0,0.0,0.0,0.0,0.0,0.0,0.0,0.0,0.0,0.0
-16.859,-17.843933000000003,0.0,0.0,0.0,0.0,0.0,0.0,0.0,0.0,0.0,0.0,0.0,0.0,0.0,0.0,0.0,0.0
-16.846,-17.830933,0.0,0.0,0.0,0.0,0.0,0.0,0.0,0.0,0.0,0.0,0.0,0.0,0.0,0.0,0.0,0.0
-16.833,-17.817933,0.0,0.0,0.0,0.0,0.0,0.0,0.0,0.0,0.0,0.0,0.0,0.0,0.0,0.0,0.0,0.0
-16.82,-17.804933000000002,0.0,0.0,0.0,0.0,0.0,0.0,0.0,0.0,0.0,0.0,0.0,0.0,0.0,0.0,0.0,0.0
-16.806,-17.790933000000003,0.0,0.0,0.0,0.0,0.0,0.0,0.0,0.0,0.0,0.0,0.0,0.0,0.0,0.0,0.0,0.0
-16.793,-17.777933,0.0,0.0,0.0,0.0,0.0,0.0,0.0,0.0,0.0,0.0,0.0,0.0,0.0,0.0,0.0,0.0
-16.78,-17.764933000000003,0.0,0.0,0.0,0.0,0.0,0.0,0.0,0.0,0.0,0.0,0.0,0.0,0.0,0.0,0.0,0.0
-16.767,-17.751933,0.0,0.0,0.0,0.0,0.0,0.0,0.0,0.0,0.0,0.0,0.0,0.0,0.0,0.0,0.0,0.0
-16.753,-17.737933,0.0,0.0,0.0,0.0,0.0,0.0,0.0,0.0,0.0,0.0,0.0,0.0,0.0,0.0,0.0,0.0
-16.74,-17.724933,0.0,0.0,0.0,0.0,0.0,0.0,0.0,0.0,0.0,0.0,0.0,0.0,0.0,0.0,0.0,0.0
-16.727,-17.711933000000002,0.0,0.0,0.0,0.0,0.0,0.0,0.0,0.0,0.0,0.0,0.0,0.0,0.0,0.0,0.0,0.0
-16.714,-17.698933,0.0,0.0,0.0,0.0,0.0,0.0,0.0,0.0,0.0,0.0,0.0,0.0,0.0,0.0,0.0,0.0
-16.701,-17.685933000000002,0.0,0.0,0.0,0.0,0.0,0.0,0.0,0.0,0.0,0.0,0.0,0.0,0.0,0.0,0.0,0.0
-16.687,-17.671933000000003,0.0,0.0,0.0,0.0,0.0,0.0,0.0,0.0,0.0,0.0,0.0,0.0,0.0,0.0,0.0,0.0
-16.674,-17.658933,0.0,0.0,0.0,0.0,0.0,0.0,0.0,0.0,0.0,0.0,0.0,0.0,0.0,0.0,0.0,0.0
-16.661,-17.645933000000003,0.0,0.0,0.0,0.0,0.0,0.0,0.0,0.0,0.0,0.0,0.0,0.0,0.0,0.0,0.0,0.0
-16.648,-17.632933,0.0,0.0,0.0,0.0,0.0,0.0,0.0,0.0,0.0,0.0,0.0,0.0,0.0,0.0,0.0,0.0
-16.634,-17.618933000000002,0.0,0.0,0.0,0.0,0.0,0.0,0.0,0.0,0.0,0.0,0.0,0.0,0.0,0.0,0.0,0.0
-16.621,-17.605933,0.0,0.0,0.0,0.0,0.0,0.0,0.0,0.0,0.0,0.0,0.0,0.0,0.0,0.0,0.0,0.0
-16.608,-17.592933000000002,0.0,0.0,0.0,0.0,0.0,0.0,0.0,0.0,0.0,0.0,0.0,0.0,0.0,0.0,0.0,0.0
-16.595,-17.579933,0.0,0.0,0.0,0.0,0.0,0.0,0.0,0.0,0.0,0.0,0.0,0.0,0.0,0.0,0.0,0.0
-16.581,-17.565933,0.0,0.0,0.0,0.0,0.0,0.0,0.0,0.0,0.0,0.0,0.0,0.0,0.0,0.0,0.0,0.0
-16.568,-17.552933000000003,0.0,0.0,0.0,0.0,0.0,0.0,0.0,0.0,0.0,0.0,0.0,0.0,0.0,0.0,0.0,0.0
-16.555,-17.539933,0.0,0.0,0.0,0.0,0.0,0.0,0.0,0.0,0.0,0.0,0.0,0.0,0.0,0.0,0.0,0.0
-16.542,-17.526933000000003,0.0,0.0,0.0,0.0,0.0,0.0,0.0,0.0,0.0,0.0,0.0,0.0,0.0,0.0,0.0,0.0
-16.528,-17.512933,0.0,0.0,0.0,0.0,0.0,0.0,0.0,0.0,0.0,0.0,0.0,0.0,0.0,0.0,0.0,0.0
-16.515,-17.499933000000002,0.0,0.0,0.0,0.0,0.0,0.0,0.0,0.0,0.0,0.0,0.0,0.0,0.0,0.0,0.0,0.0
-16.502,-17.486933,0.0,0.0,0.0,0.0,0.0,0.0,0.0,0.0,0.0,0.0,0.0,0.0,0.0,0.0,0.0,0.0
-16.489,-17.473933000000002,0.0,0.0,0.0,0.0,0.0,0.0,0.0,0.0,0.0,0.0,0.0,0.0,0.0,0.0,0.0,0.0
-16.475,-17.459933000000003,0.0,0.0,0.0,0.0,0.0,0.0,0.0,0.0,0.0,0.0,0.0,0.0,0.0,0.0,0.0,0.0
-16.462,-17.446933,0.0,0.0,0.0,0.0,0.0,0.0,0.0,0.0,0.0,0.0,0.0,0.0,0.0,0.0,0.0,0.0
-16.449,-17.433933000000003,0.0,0.0,0.0,0.0,0.0,0.0,0.0,0.0,0.0,0.0,0.0,0.0,0.0,0.0,0.0,0.0
-16.436,-17.420933,0.0,0.0,0.0,0.0,0.0,0.0,0.0,0.0,0.0,0.0,0.0,0.0,0.0,0.0,0.0,0.0
-16.422,-17.406933000000002,0.0,0.0,0.0,0.0,0.0,0.0,0.0,0.0,0.0,0.0,0.0,0.0,0.0,0.0,0.0,0.0
-16.409,-17.393933,0.0,0.0,0.0,0.0,0.0,0.0,0.0,0.0,0.0,0.0,0.0,0.0,0.0,0.0,0.0,0.0
-16.396,-17.380933000000002,0.0,0.0,0.0,0.0,0.0,0.0,0.0,0.0,0.0,0.0,0.0,0.0,0.0,0.0,0.0,0.0
-16.383,-17.367933,0.0,0.0,0.0,0.0,0.0,0.0,0.0,0.0,0.0,0.0,0.0,0.0,0.0,0.0,0.0,0.0
-16.369,-17.353933,0.0,0.0,0.0,0.0,0.0,0.0,0.0,0.0,0.0,0.0,0.0,0.0,0.0,0.0,0.0,0.0
-16.356,-17.340933000000003,0.0,0.0,0.0,0.0,0.0,0.0,0.0,0.0,0.0,0.0,0.0,0.0,0.0,0.0,0.0,0.0
-16.343,-17.327933,0.0,0.0,0.0,0.0,0.0,0.0,0.0,0.0,0.0,0.0,0.0,0.0,0.0,0.0,0.0,0.0
-16.33,-17.314933,0.0,0.0,0.0,0.0,0.0,0.0,0.0,0.0,0.0,0.0,0.0,0.0,0.0,0.0,0.0,0.0
-16.316,-17.300933,0.0,0.0,0.0,0.0,0.0,0.0,0.0,0.0,0.0,0.0,0.0,0.0,0.0,0.0,0.0,0.0
-16.303,-17.287933000000002,0.0,0.0,0.0,0.0,0.0,0.0,0.0,0.0,0.0,0.0,0.0,0.0,0.0,0.0,0.0,0.0
-16.29,-17.274933,0.0,0.0,0.0,0.0,0.0,0.0,0.0,0.0,0.0,0.0,0.0,0.0,0.0,0.0,0.0,0.0
-16.277,-17.261933000000003,0.0,0.0,0.0,0.0,0.0,0.0,0.0,0.0,0.0,0.0,0.0,0.0,0.0,0.0,0.0,0.0
-16.263,-17.247933000000003,0.0,0.0,0.0,0.0,0.0,0.0,0.0,0.0,0.0,0.0,0.0,0.0,0.0,0.0,0.0,0.0
-16.25,-17.234933,0.0,0.0,0.0,0.0,0.0,0.0,0.0,0.0,0.0,0.0,0.0,0.0,0.0,0.0,0.0,0.0
-16.237,-17.221933,0.0,0.0,0.0,0.0,0.0,0.0,0.0,0.0,0.0,0.0,0.0,0.0,0.0,0.0,0.0,0.0
-16.224,-17.208933000000002,0.0,0.0,0.0,0.0,0.0,0.0,0.0,0.0,0.0,0.0,0.0,0.0,0.0,0.0,0.0,0.0
-16.21,-17.194933000000002,0.0,0.0,0.0,0.0,0.0,0.0,0.0,0.0,0.0,0.0,0.0,0.0,0.0,0.0,0.0,0.0
-16.197,-17.181933,0.0,0.0,0.0,0.0,0.0,0.0,0.0,0.0,0.0,0.0,0.0,0.0,0.0,0.0,0.0,0.0
-16.184,-17.168933000000003,0.0,0.0,0.0,0.0,0.0,0.0,0.0,0.0,0.0,0.0,0.0,0.0,0.0,0.0,0.0,0.0
-16.171,-17.155933,0.0,0.0,0.0,0.0,0.0,0.0,0.0,0.0,0.0,0.0,0.0,0.0,0.0,0.0,0.0,0.0
-16.158,-17.142933000000003,0.0,0.0,0.0,0.0,0.0,0.0,0.0,0.0,0.0,0.0,0.0,0.0,0.0,0.0,0.0,0.0
-16.144,-17.128933,0.0,0.0,0.0,0.0,0.0,0.0,0.0,0.0,0.0,0.0,0.0,0.0,0.0,0.0,0.0,0.0
-16.131,-17.115933000000002,0.0,0.0,0.0,0.0,0.0,0.0,0.0,0.0,0.0,0.0,0.0,0.0,0.0,0.0,0.0,0.0
-16.118,-17.102933,0.0,0.0,0.0,0.0,0.0,0.0,0.0,0.0,0.0,0.0,0.0,0.0,0.0,0.0,0.0,0.0
-16.105,-17.089933000000002,0.0,0.0,0.0,0.0,0.0,0.0,0.0,0.0,0.0,0.0,0.0,0.0,0.0,0.0,0.0,0.0
-16.091,-17.075933000000003,0.0,0.0,0.0,0.0,0.0,0.0,0.0,0.0,0.0,0.0,0.0,0.0,0.0,0.0,0.0,0.0
-16.078,-17.062933,0.0,0.0,0.0,0.0,0.0,0.0,0.0,0.0,0.0,0.0,0.0,0.0,0.0,0.0,0.0,0.0
-16.065,-17.049933000000003,0.0,0.0,0.0,0.0,0.0,0.0,0.0,0.0,0.0,0.0,0.0,0.0,0.0,0.0,0.0,0.0
-16.052,-17.036933,0.0,0.0,0.0,0.0,0.0,0.0,0.0,0.0,0.0,0.0,0.0,0.0,0.0,0.0,0.0,0.0
-16.038,-17.022933000000002,0.0,0.0,0.0,0.0,0.0,0.0,0.0,0.0,0.0,0.0,0.0,0.0,0.0,0.0,0.0,0.0
-16.025,-17.009933,0.0,0.0,0.0,0.0,0.0,0.0,0.0,0.0,0.0,0.0,0.0,0.0,0.0,0.0,0.0,0.0
-16.012,-16.996933000000002,0.0,0.0,0.0,0.0,0.0,0.0,0.0,0.0,0.0,0.0,0.0,0.0,0.0,0.0,0.0,0.0
-15.999,-16.983933,0.0,0.0,0.0,0.0,0.0,0.0,0.0,0.0,0.0,0.0,0.0,0.0,0.0,0.0,0.0,0.0
-15.985,-16.969933,0.0,0.0,0.0,0.0,0.0,0.0,0.0,0.0,0.0,0.0,0.0,0.0,0.0,0.0,0.0,0.0
-15.972,-16.956933,0.0,0.0,0.0,0.0,0.0,0.0,0.0,0.0,0.0,0.0,0.0,0.0,0.0,0.0,0.0,0.0
-15.959,-16.943933,0.0,0.0,0.0,0.0,0.0,0.0,0.0,0.0,0.0,0.0,0.0,0.0,0.0,0.0,0.0,0.0
-15.946,-16.930933,0.0,0.0,0.0,0.0,0.0,0.0,0.0,0.0,0.0,0.0,0.0,0.0,0.0,0.0,0.0,0.0
-15.932,-16.916933,0.0,0.0,0.0,0.0,0.0,0.0,0.0,0.0,0.0,0.0,0.0,0.0,0.0,0.0,0.0,0.0
-15.919,-16.903933000000002,0.0,0.0,0.0,0.0,0.0,0.0,0.0,0.0,0.0,0.0,0.0,0.0,0.0,0.0,0.0,0.0
-15.906,-16.890933,0.0,0.0,0.0,0.0,0.0,0.0,0.0,0.0,0.0,0.0,0.0,0.0,0.0,0.0,0.0,0.0
-15.893,-16.877933000000002,0.0,0.0,0.0,0.0,0.0,0.0,0.0,0.0,0.0,0.0,0.0,0.0,0.0,0.0,0.0,0.0
-15.879,-16.863933,0.0,0.0,0.0,0.0,0.0,0.0,0.0,0.0,0.0,0.0,0.0,0.0,0.0,0.0,0.0,0.0
-15.866,-16.850933,0.0,0.0,0.0,0.0,0.0,0.0,0.0,0.0,0.0,0.0,0.0,0.0,0.0,0.0,0.0,0.0
-15.853,-16.837933,0.0,0.0,0.0,0.0,0.0,0.0,0.0,0.0,0.0,0.0,0.0,0.0,0.0,0.0,0.0,0.0
-15.84,-16.824933,0.0,0.0,0.0,0.0,0.0,0.0,0.0,0.0,0.0,0.0,0.0,0.0,0.0,0.0,0.0,0.0
-15.826,-16.810933000000002,0.0,0.0,0.0,0.0,0.0,0.0,0.0,0.0,0.0,0.0,0.0,0.0,0.0,0.0,0.0,0.0
-15.813,-16.797933,0.0,0.0,0.0,0.0,0.0,0.0,0.0,0.0,0.0,0.0,0.0,0.0,0.0,0.0,0.0,0.0
-15.8,-16.784933000000002,0.0,0.0,0.0,0.0,0.0,0.0,0.0,0.0,0.0,0.0,0.0,0.0,0.0,0.0,0.0,0.0
-15.787,-16.771933,0.0,0.0,0.0,0.0,0.0,0.0,0.0,0.0,0.0,0.0,0.0,0.0,0.0,0.0,0.0,0.0
-15.773,-16.757933,0.0,0.0,0.0,0.0,0.0,0.0,0.0,0.0,0.0,0.0,0.0,0.0,0.0,0.0,0.0,0.0
-15.76,-16.744933,0.0,0.0,0.0,0.0,0.0,0.0,0.0,0.0,0.0,0.0,0.0,0.0,0.0,0.0,0.0,0.0
-15.747,-16.731933,0.0,0.0,0.0,0.0,0.0,0.0,0.0,0.0,0.0,0.0,0.0,0.0,0.0,0.0,0.0,0.0
-15.734,-16.718933,0.0,0.0,0.0,0.0,0.0,0.0,0.0,0.0,0.0,0.0,0.0,0.0,0.0,0.0,0.0,0.0
-15.72,-16.704933,0.0,0.0,0.0,0.0,0.0,0.0,0.0,0.0,0.0,0.0,0.0,0.0,0.0,0.0,0.0,0.0
-15.707,-16.691933000000002,0.0,0.0,0.0,0.0,0.0,0.0,0.0,0.0,0.0,0.0,0.0,0.0,0.0,0.0,0.0,0.0
-15.694,-16.678933,0.0,0.0,0.0,0.0,0.0,0.0,0.0,0.0,0.0,0.0,0.0,0.0,0.0,0.0,0.0,0.0
-15.681,-16.665933,0.0,0.0,0.0,0.0,0.0,0.0,0.0,0.0,0.0,0.0,0.0,0.0,0.0,0.0,0.0,0.0
-15.667,-16.651933,0.0,0.0,0.0,0.0,0.0,0.0,0.0,0.0,0.0,0.0,0.0,0.0,0.0,0.0,0.0,0.0
-15.654,-16.638933,0.0,0.0,0.0,0.0,0.0,0.0,0.0,0.0,0.0,0.0,0.0,0.0,0.0,0.0,0.0,0.0
-15.641,-16.625933,0.0,0.0,0.0,0.0,0.0,0.0,0.0,0.0,0.0,0.0,0.0,0.0,0.0,0.0,0.0,0.0
-15.628,-16.612933,0.0,0.0,0.0,0.0,0.0,0.0,0.0,0.0,0.0,0.0,0.0,0.0,0.0,0.0,0.0,0.0
-15.615,-16.599933,0.0,0.0,0.0,0.0,0.0,0.0,0.0,0.0,0.0,0.0,0.0,0.0,0.0,0.0,0.0,0.0
-15.601,-16.585933,0.0,0.0,0.0,0.0,0.0,0.0,0.0,0.0,0.0,0.0,0.0,0.0,0.0,0.0,0.0,0.0
-15.588,-16.572933,0.0,0.0,0.0,0.0,0.0,0.0,0.0,0.0,0.0,0.0,0.0,0.0,0.0,0.0,0.0,0.0
-15.575,-16.559933,0.0,0.0,0.0,0.0,0.0,0.0,0.0,0.0,0.0,0.0,0.0,0.0,0.0,0.0,0.0,0.0
-15.562,-16.546933,0.0,0.0,0.0,0.0,0.0,0.0,0.0,0.0,0.0,0.0,0.0,0.0,0.0,0.0,0.0,0.0
-15.548,-16.532933,0.0,0.0,0.0,0.0,0.0,0.0,0.0,0.0,0.0,0.0,0.0,0.0,0.0,0.0,0.0,0.0
-15.535,-16.519933,0.0,0.0,0.0,0.0,0.0,0.0,0.0,0.0,0.0,0.0,0.0,0.0,0.0,0.0,0.0,0.0
-15.522,-16.506933,0.0,0.0,0.0,0.0,0.0,0.0,0.0,0.0,0.0,0.0,0.0,0.0,0.0,0.0,0.0,0.0
-15.509,-16.493933000000002,0.0,0.0,0.0,0.0,0.0,0.0,0.0,0.0,0.0,0.0,0.0,0.0,0.0,0.0,0.0,0.0
-15.495,-16.479933,0.0,0.0,0.0,0.0,0.0,0.0,0.0,0.0,0.0,0.0,0.0,0.0,0.0,0.0,0.0,0.0
-15.482,-16.466933,0.0,0.0,0.0,0.0,0.0,0.0,0.0,0.0,0.0,0.0,0.0,0.0,0.0,0.0,0.0,0.0
-15.469,-16.453933,0.0,0.0,0.0,0.0,0.0,0.0,0.0,0.0,0.0,0.0,0.0,0.0,0.0,0.0,0.0,0.0
-15.456,-16.440933,0.0,0.0,0.0,0.0,0.0,0.0,0.0,0.0,0.0,0.0,0.0,0.0,0.0,0.0,0.0,0.0
-15.442,-16.426933000000002,0.0,0.0,0.0,0.0,0.0,0.0,0.0,0.0,0.0,0.0,0.0,0.0,0.0,0.0,0.0,0.0
-15.429,-16.413933,0.0,0.0,0.0,0.0,0.0,0.0,0.0,0.0,0.0,0.0,0.0,0.0,0.0,0.0,0.0,0.0
-15.416,-16.400933000000002,0.0,0.0,0.0,0.0,0.0,0.0,0.0,0.0,0.0,0.0,0.0,0.0,0.0,0.0,0.0,0.0
-15.403,-16.387933,0.0,0.0,0.0,0.0,0.0,0.0,0.0,0.0,0.0,0.0,0.0,0.0,0.0,0.0,0.0,0.0
-15.389,-16.373933,0.0,0.0,0.0,0.0,0.0,0.0,0.0,0.0,0.0,0.0,0.0,0.0,0.0,0.0,0.0,0.0
-15.376,-16.360933,0.0,0.0,0.0,0.0,0.0,0.0,0.0,0.0,0.0,0.0,0.0,0.0,0.0,0.0,0.0,0.0
-15.363,-16.347933,0.0,0.0,0.0,0.0,0.0,0.0,0.0,0.0,0.0,0.0,0.0,0.0,0.0,0.0,0.0,0.0
-15.35,-16.334933,0.0,0.0,0.0,0.0,0.0,0.0,0.0,0.0,0.0,0.0,0.0,0.0,0.0,0.0,0.0,0.0
-15.336,-16.320933,0.0,0.0,0.0,0.0,0.0,0.0,0.0,0.0,0.0,0.0,0.0,0.0,0.0,0.0,0.0,0.0
-15.323,-16.307933000000002,0.0,0.0,0.0,0.0,0.0,0.0,0.0,0.0,0.0,0.0,0.0,0.0,0.0,0.0,0.0,0.0
-15.31,-16.294933,0.0,0.0,0.0,0.0,0.0,0.0,0.0,0.0,0.0,0.0,0.0,0.0,0.0,0.0,0.0,0.0
-15.297,-16.281933000000002,0.0,0.0,0.0,0.0,0.0,0.0,0.0,0.0,0.0,0.0,0.0,0.0,0.0,0.0,0.0,0.0
-15.283,-16.267933,0.0,0.0,0.0,0.0,0.0,0.0,0.0,0.0,0.0,0.0,0.0,0.0,0.0,0.0,0.0,0.0
-15.27,-16.254933,0.0,0.0,0.0,0.0,0.0,0.0,0.0,0.0,0.0,0.0,0.0,0.0,0.0,0.0,0.0,0.0
-15.257,-16.241933,0.0,0.0,0.0,0.0,0.0,0.0,0.0,0.0,0.0,0.0,0.0,0.0,0.0,0.0,0.0,0.0
-15.244,-16.228933,0.0,0.0,0.0,0.0,0.0,0.0,0.0,0.0,0.0,0.0,0.0,0.0,0.0,0.0,0.0,0.0
-15.23,-16.214933000000002,0.0,0.0,0.0,0.0,0.0,0.0,0.0,0.0,0.0,0.0,0.0,0.0,0.0,0.0,0.0,0.0
-15.217,-16.201933,0.0,0.0,0.0,0.0,0.0,0.0,0.0,0.0,0.0,0.0,0.0,0.0,0.0,0.0,0.0,0.0
-15.204,-16.188933000000002,0.0,0.0,0.0,0.0,0.0,0.0,0.0,0.0,0.0,0.0,0.0,0.0,0.0,0.0,0.0,0.0
-15.191,-16.175933,0.0,0.0,0.0,0.0,0.0,0.0,0.0,0.0,0.0,0.0,0.0,0.0,0.0,0.0,0.0,0.0
-15.177,-16.161933,0.0,0.0,0.0,0.0,0.0,0.0,0.0,0.0,0.0,0.0,0.0,0.0,0.0,0.0,0.0,0.0
-15.164,-16.148933,0.0,0.0,0.0,0.0,0.0,0.0,0.0,0.0,0.0,0.0,0.0,0.0,0.0,0.0,0.0,0.0
-15.151,-16.135933,0.0,0.0,0.0,0.0,0.0,0.0,0.0,0.0,0.0,0.0,0.0,0.0,0.0,0.0,0.0,0.0
-15.138,-16.122933,0.0,0.0,0.0,0.0,0.0,0.0,0.0,0.0,0.0,0.0,0.0,0.0,0.0,0.0,0.0,0.0
-15.124,-16.108933,0.0,0.0,0.0,0.0,0.0,0.0,0.0,0.0,0.0,0.0,0.0,0.0,0.0,0.0,0.0,0.0
-15.111,-16.095933000000002,0.0,0.0,0.0,0.0,0.0,0.0,0.0,0.0,0.0,0.0,0.0,0.0,0.0,0.0,0.0,0.0
-15.098,-16.082933,0.0,0.0,0.0,0.0,0.0,0.0,0.0,0.0,0.0,0.0,0.0,0.0,0.0,0.0,0.0,0.0
-15.085,-16.069933000000002,0.0,0.0,0.0,0.0,0.0,0.0,0.0,0.0,0.0,0.0,0.0,0.0,0.0,0.0,0.0,0.0
-15.072,-16.056933,0.0,0.0,0.0,0.0,0.0,0.0,0.0,0.0,0.0,0.0,0.0,0.0,0.0,0.0,0.0,0.0
-15.058,-16.042933,0.0,0.0,0.0,0.0,0.0,0.0,0.0,0.0,0.0,0.0,0.0,0.0,0.0,0.0,0.0,0.0
-15.045,-16.029933,0.0,0.0,0.0,0.0,0.0,0.0,0.0,0.0,0.0,0.0,0.0,0.0,0.0,0.0,0.0,0.0
-15.032,-16.016933,0.0,0.0,0.0,0.0,0.0,0.0,0.0,0.0,0.0,0.0,0.0,0.0,0.0,0.0,0.0,0.0
-15.019,-16.003933,0.0,0.0,0.0,0.0,0.0,0.0,0.0,0.0,0.0,0.0,0.0,0.0,0.0,0.0,0.0,0.0
-15.005,-15.989933,0.0,0.0,0.0,0.0,0.0,0.0,0.0,0.0,0.0,0.0,0.0,0.0,0.0,0.0,0.0,0.0
-14.992,-15.976933,0.0,0.0,0.0,0.0,0.0,0.0,0.0,0.0,0.0,0.0,0.0,0.0,0.0,0.0,0.0,0.0
-14.979,-15.963932999999999,0.0,0.0,0.0,0.0,0.0,0.0,0.0,0.0,0.0,0.0,0.0,0.0,0.0,0.0,0.0,0.0
-14.966,-15.950933,0.0,0.0,0.0,0.0,0.0,0.0,0.0,0.0,0.0,0.0,0.0,0.0,0.0,0.0,0.0,0.0
-14.952,-15.936933,0.0,0.0,0.0,0.0,0.0,0.0,0.0,0.0,0.0,0.0,0.0,0.0,0.0,0.0,0.0,0.0
-14.939,-15.923933,0.0,0.0,0.0,0.0,0.0,0.0,0.0,0.0,0.0,0.0,0.0,0.0,0.0,0.0,0.0,0.0
-14.926,-15.910933,0.0,0.0,0.0,0.0,0.0,0.0,0.0,0.0,0.0,0.0,0.0,0.0,0.0,0.0,0.0,0.0
-14.913,-15.897933,0.0,0.0,0.0,0.0,0.0,0.0,0.0,0.0,0.0,0.0,0.0,0.0,0.0,0.0,0.0,0.0
-14.899,-15.883932999999999,0.0,0.0,0.0,0.0,0.0,0.0,0.0,0.0,0.0,0.0,0.0,0.0,0.0,0.0,0.0,0.0
-14.886,-15.870932999999999,0.0,0.0,0.0,0.0,0.0,0.0,0.0,0.0,0.0,0.0,0.0,0.0,0.0,0.0,0.0,0.0
-14.873,-15.857933,0.0,0.0,0.0,0.0,0.0,0.0,0.0,0.0,0.0,0.0,0.0,0.0,0.0,0.0,0.0,0.0
-14.86,-15.844933,0.0,0.0,0.0,0.0,0.0,0.0,0.0,0.0,0.0,0.0,0.0,0.0,0.0,0.0,0.0,0.0
-14.846,-15.830933,0.0,0.0,0.0,0.0,0.0,0.0,0.0,0.0,0.0,0.0,0.0,0.0,0.0,0.0,0.0,0.0
-14.833,-15.817933,0.0,0.0,0.0,0.0,0.0,0.0,0.0,0.0,0.0,0.0,0.0,0.0,0.0,0.0,0.0,0.0
-14.82,-15.804933,0.0,0.0,0.0,0.0,0.0,0.0,0.0,0.0,0.0,0.0,0.0,0.0,0.0,0.0,0.0,0.0
-14.807,-15.791933,0.0,0.0,0.0,0.0,0.0,0.0,0.0,0.0,0.0,0.0,0.0,0.0,0.0,0.0,0.0,0.0
-14.793,-15.777932999999999,0.0,0.0,0.0,0.0,0.0,0.0,0.0,0.0,0.0,0.0,0.0,0.0,0.0,0.0,0.0,0.0
-14.78,-15.764933,0.0,0.0,0.0,0.0,0.0,0.0,0.0,0.0,0.0,0.0,0.0,0.0,0.0,0.0,0.0,0.0
-14.767,-15.751933,0.0,0.0,0.0,0.0,0.0,0.0,0.0,0.0,0.0,0.0,0.0,0.0,0.0,0.0,0.0,0.0
-14.754,-15.738933,0.0,0.0,0.0,0.0,0.0,0.0,0.0,0.0,0.0,0.0,0.0,0.0,0.0,0.0,0.0,0.0
-14.74,-15.724933,0.0,0.0,0.0,0.0,0.0,0.0,0.0,0.0,0.0,0.0,0.0,0.0,0.0,0.0,0.0,0.0
-14.727,-15.711933,0.0,0.0,0.0,0.0,0.0,0.0,0.0,0.0,0.0,0.0,0.0,0.0,0.0,0.0,0.0,0.0
-14.714,-15.698933,0.0,0.0,0.0,0.0,0.0,0.0,0.0,0.0,0.0,0.0,0.0,0.0,0.0,0.0,0.0,0.0
-14.701,-15.685933,0.0,0.0,0.0,0.0,0.0,0.0,0.0,0.0,0.0,0.0,0.0,0.0,0.0,0.0,0.0,0.0
-14.687,-15.671933,0.0,0.0,0.0,0.0,0.0,0.0,0.0,0.0,0.0,0.0,0.0,0.0,0.0,0.0,0.0,0.0
-14.674,-15.658933,0.0,0.0,0.0,0.0,0.0,0.0,0.0,0.0,0.0,0.0,0.0,0.0,0.0,0.0,0.0,0.0
-14.661,-15.645933,0.0,0.0,0.0,0.0,0.0,0.0,0.0,0.0,0.0,0.0,0.0,0.0,0.0,0.0,0.0,0.0
-14.648,-15.632933,0.0,0.0,0.0,0.0,0.0,0.0,0.0,0.0,0.0,0.0,0.0,0.0,0.0,0.0,0.0,0.0
-14.634,-15.618933,0.0,0.0,0.0,0.0,0.0,0.0,0.0,0.0,0.0,0.0,0.0,0.0,0.0,0.0,0.0,0.0
-14.621,-15.605933,0.0,0.0,0.0,0.0,0.0,0.0,0.0,0.0,0.0,0.0,0.0,0.0,0.0,0.0,0.0,0.0
-14.608,-15.592933,0.0,0.0,0.0,0.0,0.0,0.0,0.0,0.0,0.0,0.0,0.0,0.0,0.0,0.0,0.0,0.0
-14.595,-15.579933,0.0,0.0,0.0,0.0,0.0,0.0,0.0,0.0,0.0,0.0,0.0,0.0,0.0,0.0,0.0,0.0
-14.581,-15.565933,0.0,0.0,0.0,0.0,0.0,0.0,0.0,0.0,0.0,0.0,0.0,0.0,0.0,0.0,0.0,0.0
-14.568,-15.552933,0.0,0.0,0.0,0.0,0.0,0.0,0.0,0.0,0.0,0.0,0.0,0.0,0.0,0.0,0.0,0.0
-14.555,-15.539933,0.0,0.0,0.0,0.0,0.0,0.0,0.0,0.0,0.0,0.0,0.0,0.0,0.0,0.0,0.0,0.0
-14.542,-15.526933,0.0,0.0,0.0,0.0,0.0,0.0,0.0,0.0,0.0,0.0,0.0,0.0,0.0,0.0,0.0,0.0
-14.529,-15.513933,0.0,0.0,0.0,0.0,0.0,0.0,0.0,0.0,0.0,0.0,0.0,0.0,0.0,0.0,0.0,0.0
-14.515,-15.499933,0.0,0.0,0.0,0.0,0.0,0.0,0.0,0.0,0.0,0.0,0.0,0.0,0.0,0.0,0.0,0.0
-14.502,-15.486933,0.0,0.0,0.0,0.0,0.0,0.0,0.0,0.0,0.0,0.0,0.0,0.0,0.0,0.0,0.0,0.0
-14.489,-15.473933,0.0,0.0,0.0,0.0,0.0,0.0,0.0,0.0,0.0,0.0,0.0,0.0,0.0,0.0,0.0,0.0
-14.476,-15.460933,0.0,0.0,0.0,0.0,0.0,0.0,0.0,0.0,0.0,0.0,0.0,0.0,0.0,0.0,0.0,0.0
-14.462,-15.446933,0.0,0.0,0.0,0.0,0.0,0.0,0.0,0.0,0.0,0.0,0.0,0.0,0.0,0.0,0.0,0.0
-14.449,-15.433933,0.0,0.0,0.0,0.0,0.0,0.0,0.0,0.0,0.0,0.0,0.0,0.0,0.0,0.0,0.0,0.0
-14.436,-15.420933,0.0,0.0,0.0,0.0,0.0,0.0,0.0,0.0,0.0,0.0,0.0,0.0,0.0,0.0,0.0,0.0
-14.423,-15.407933,0.0,0.0,0.0,0.0,0.0,0.0,0.0,0.0,0.0,0.0,0.0,0.0,0.0,0.0,0.0,0.0
-14.409,-15.393933,0.0,0.0,0.0,0.0,0.0,0.0,0.0,0.0,0.0,0.0,0.0,0.0,0.0,0.0,0.0,0.0
-14.396,-15.380933,0.0,0.0,0.0,0.0,0.0,0.0,0.0,0.0,0.0,0.0,0.0,0.0,0.0,0.0,0.0,0.0
-14.383,-15.367932999999999,0.0,0.0,0.0,0.0,0.0,0.0,0.0,0.0,0.0,0.0,0.0,0.0,0.0,0.0,0.0,0.0
-14.37,-15.354932999999999,0.0,0.0,0.0,0.0,0.0,0.0,0.0,0.0,0.0,0.0,0.0,0.0,0.0,0.0,0.0,0.0
-14.356,-15.340933,0.0,0.0,0.0,0.0,0.0,0.0,0.0,0.0,0.0,0.0,0.0,0.0,0.0,0.0,0.0,0.0
-14.343,-15.327933,0.0,0.0,0.0,0.0,0.0,0.0,0.0,0.0,0.0,0.0,0.0,0.0,0.0,0.0,0.0,0.0
-14.33,-15.314933,0.0,0.0,0.0,0.0,0.0,0.0,0.0,0.0,0.0,0.0,0.0,0.0,0.0,0.0,0.0,0.0
-14.317,-15.301933,0.0,0.0,0.0,0.0,0.0,0.0,0.0,0.0,0.0,0.0,0.0,0.0,0.0,0.0,0.0,0.0
-14.303,-15.287933,0.0,0.0,0.0,0.0,0.0,0.0,0.0,0.0,0.0,0.0,0.0,0.0,0.0,0.0,0.0,0.0
-14.29,-15.274932999999999,0.0,0.0,0.0,0.0,0.0,0.0,0.0,0.0,0.0,0.0,0.0,0.0,0.0,0.0,0.0,0.0
-14.277,-15.261932999999999,0.0,0.0,0.0,0.0,0.0,0.0,0.0,0.0,0.0,0.0,0.0,0.0,0.0,0.0,0.0,0.0
-14.264,-15.248933,0.0,0.0,0.0,0.0,0.0,0.0,0.0,0.0,0.0,0.0,0.0,0.0,0.0,0.0,0.0,0.0
-14.25,-15.234933,0.0,0.0,0.0,0.0,0.0,0.0,0.0,0.0,0.0,0.0,0.0,0.0,0.0,0.0,0.0,0.0
-14.237,-15.221933,0.0,0.0,0.0,0.0,0.0,0.0,0.0,0.0,0.0,0.0,0.0,0.0,0.0,0.0,0.0,0.0
-14.224,-15.208933,0.0,0.0,0.0,0.0,0.0,0.0,0.0,0.0,0.0,0.0,0.0,0.0,0.0,0.0,0.0,0.0
-14.211,-15.195933,0.0,0.0,0.0,0.0,0.0,0.0,0.0,0.0,0.0,0.0,0.0,0.0,0.0,0.0,0.0,0.0
-14.197,-15.181932999999999,0.0,0.0,0.0,0.0,0.0,0.0,0.0,0.0,0.0,0.0,0.0,0.0,0.0,0.0,0.0,0.0
-14.184,-15.168932999999999,0.0,0.0,0.0,0.0,0.0,0.0,0.0,0.0,0.0,0.0,0.0,0.0,0.0,0.0,0.0,0.0
-14.171,-15.155933,0.0,0.0,0.0,0.0,0.0,0.0,0.0,0.0,0.0,0.0,0.0,0.0,0.0,0.0,0.0,0.0
-14.158,-15.142933,0.0,0.0,0.0,0.0,0.0,0.0,0.0,0.0,0.0,0.0,0.0,0.0,0.0,0.0,0.0,0.0
-14.144,-15.128933,22.89,0.0148525,0.0035431,0.00038387299999999996,0.6970000000000001,0.112565,0.015613890000000002,0.057115,0.00298205,0.0022378195,15.68025,0.05906831850000001,0.0,1.0959999999999999,0.0056108849999999995,0.001210628
-14.131,-15.115933,87.4,0.025729999999999996,0.0298115,0.001526705,2.674,0.45701,0.064742225,0.099425,0.01781,0.01299149,60.9519,0.23370255,0.0,3.3498,0.0268306,0.0037849499999999996
-14.118,-15.102933,134.45,0.02346,0.047786499999999996,0.0027579500000000003,4.152,0.7269950000000001,0.09943485500000002,0.045024999999999996,0.033214,0.02314942,93.93555,0.376009965,0.0,5.21475,0.04032765,0.005814929999999999
-14.105,-15.089933,9.53,0.0019859,0.002643765,0.000226009,0.29605000000000004,0.052246,0.0069560045,0.0009599000000000001,0.00184,0.0023493545,6.6558535,0.027292023000000002,0.0,0.37822999999999996,0.002840975,0.0004121315
-14.091,-15.075933,0.0,0.0,0.0,0.0,0.0,0.0,0.0,0.0,0.0,0.0,0.0,0.0,0.0,0.0,0.0,0.0
-14.078,-15.062933,0.0,0.0,0.0,0.0,0.0,0.0,0.0,0.0,0.0,0.0,0.0,0.0,0.0,0.0,0.0,0.0
-14.065,-15.049933,0.0,0.0,0.0,0.0,0.0,0.0,0.0,0.0,0.0,0.0,0.0,0.0,0.0,0.0,0.0,0.0
-14.052,-15.036933,0.0,0.0,0.0,0.0,0.0,0.0,0.0,0.0,0.0,0.0,0.0,0.0,0.0,0.0,0.0,0.0
-14.038,-15.022933,0.0,0.0,0.0,0.0,0.0,0.0,0.0,0.0,0.0,0.0,0.0,0.0,0.0,0.0,0.0,0.0
-14.025,-15.009933,0.0,0.0,0.0,0.0,0.0,0.0,0.0,0.0,0.0,0.0,0.0,0.0,0.0,0.0,0.0,0.0
-14.012,-14.996933,0.0,0.0,0.0,0.0,0.0,0.0,0.0,0.0,0.0,0.0,0.0,0.0,0.0,0.0,0.0,0.0
-13.999,-14.983933,0.0,0.0,0.0,0.0,0.0,0.0,0.0,0.0,0.0,0.0,0.0,0.0,0.0,0.0,0.0,0.0
-13.986,-14.970933,0.0,0.0,0.0,0.0,0.0,0.0,0.0,0.0,0.0,0.0,0.0,0.0,0.0,0.0,0.0,0.0
-13.972,-14.956933,0.0,0.0,0.0,0.0,0.0,0.0,0.0,0.0,0.0,0.0,0.0,0.0,0.0,0.0,0.0,0.0
-13.959,-14.943933,0.0,0.0,0.0,0.0,0.0,0.0,0.0,0.0,0.0,0.0,0.0,0.0,0.0,0.0,0.0,0.0
-13.946,-14.930933,0.0,0.0,0.0,0.0,0.0,0.0,0.0,0.0,0.0,0.0,0.0,0.0,0.0,0.0,0.0,0.0
-13.933,-14.917933,0.0,0.0,0.0,0.0,0.0,0.0,0.0,0.0,0.0,0.0,0.0,0.0,0.0,0.0,0.0,0.0
-13.919,-14.903933,0.0,0.0,0.0,0.0,0.0,0.0,0.0,0.0,0.0,0.0,0.0,0.0,0.0,0.0,0.0,0.0
-13.906,-14.890933,0.0,0.0,0.0,0.0,0.0,0.0,0.0,0.0,0.0,0.0,0.0,0.0,0.0,0.0,0.0,0.0
-13.893,-14.877933,0.0,0.0,0.0,0.0,0.0,0.0,0.0,0.0,0.0,0.0,0.0,0.0,0.0,0.0,0.0,0.0
-13.88,-14.864933,0.0,0.0,0.0,0.0,0.0,0.0,0.0,0.0,0.0,0.0,0.0,0.0,0.0,0.0,0.0,0.0
-13.866,-14.850933,0.0,0.0,0.0,0.0,0.0,0.0,0.0,0.0,0.0,0.0,0.0,0.0,0.0,0.0,0.0,0.0
-13.853,-14.837933,0.0,0.0,0.0,0.0,0.0,0.0,0.0,0.0,0.0,0.0,0.0,0.0,0.0,0.0,0.0,0.0
-13.84,-14.824933,0.0,0.0,0.0,0.0,0.0,0.0,0.0,0.0,0.0,0.0,0.0,0.0,0.0,0.0,0.0,0.0
-13.827,-14.811933,0.0,0.0,0.0,0.0,0.0,0.0,0.0,0.0,0.0,0.0,0.0,0.0,0.0,0.0,0.0,0.0
-13.813,-14.797933,23.395,0.005034500000000001,0.0095335,0.000602465,0.007248,0.10903499999999999,0.03791554,0.2629,0.0298495,0.018080795,17.3005,0.025020312000000003,0.0,0.6451,0.002997455,0.0004637965
-13.8,-14.784933,27.49,0.0053195000000000004,0.010627,0.0007399949999999999,0.0087185,0.126395,0.046837735000000005,0.2856,0.040939500000000004,0.01995788,20.433500000000002,0.029943725,0.0,0.7116,0.00327755,0.0005152364999999999
-13.787,-14.771933,29.53,0.004699,0.010935499999999999,0.00084027,0.009444999999999999,0.132355,0.052997955,0.28300000000000003,0.050875,0.019970105000000002,22.0435,0.03254254,0.0,0.7314,0.003234325,0.000528746
-13.774,-14.758932999999999,102.7,0.021707000000000004,0.044388,0.0027072500000000005,0.03401,0.25481,0.104861835,1.396,0.32031,0.1045975,74.87,0.136783385,0.0,3.6835,0.0143269,0.0023488100000000002
-13.76,-14.744933,35.925,0.0073915,0.011974499999999999,0.001138915,0.013274999999999999,0.10353,0.04225197,0.426,0.113425,0.032496449999999996,26.526999999999997,0.046878015,0.0,1.06415,0.004499029999999999,0.000732723
-13.747,-14.731933,113.45,0.0145935,0.033640500000000004,0.0031224499999999997,0.014685,0.61135,0.31063944999999993,0.44489999999999996,0.15896,0.046634800000000004,87.65150000000001,0.1043875,0.0,1.25065,0.00618075,0.0011907250000000001
-13.734,-14.718933,50.4,0.007656000000000001,0.0158305,0.001473195,0.0059155,0.184485,0.09926992,0.38305,0.14024999999999999,0.03092965,38.22149999999999,0.05713477,0.0,0.9878,0.00428655,0.00072825
-13.721,-14.705933,27.52,0.0042125,0.008764550000000001,0.000813025,0.001918,0.07741499999999998,0.04849034,0.23295,0.09687000000000001,0.018514625,20.7885,0.033942495,0.0,0.5991000000000001,0.00238336,0.00042298600000000003
-13.707,-14.691933,23.065,0.0034144999999999996,0.0071354999999999995,0.0006772764999999999,0.0007580499999999999,0.058905,0.043065924000000005,0.18664999999999998,0.085675,0.015182814999999999,17.485,0.028923515,0.0,0.48,0.00184098,0.000338897
-13.694,-14.678933,24.145,0.003534,0.007059099999999999,0.0007058415,0.0002848,0.05682,0.0483519855,0.18564999999999998,0.092495,0.01531486,18.38,0.030613896499999998,0.0,0.4697,0.0018065499999999999,0.0003321185
-13.681,-14.665932999999999,0.725,0.000105575,0.00020981699999999997,2.118645e-05,3.65e-06,0.0016662,0.0014782267000000003,0.0054915,0.0028001000000000002,0.00045978450000000004,0.5529000000000001,0.0009209453600000001,0.0,0.0134885,5.2308499999999996e-05,9.844195e-06
-13.668,-14.652932999999999,0.0,0.0,0.0,0.0,0.0,0.0,0.0,0.0,0.0,0.0,0.0,0.0,0.0,0.0,0.0,0.0
-13.654,-14.638933,0.0,0.0,0.0,0.0,0.0,0.0,0.0,0.0,0.0,0.0,0.0,0.0,0.0,0.0,0.0,0.0
-13.641,-14.625933,0.0,0.0,0.0,0.0,0.0,0.0,0.0,0.0,0.0,0.0,0.0,0.0,0.0,0.0,0.0,0.0
-13.628,-14.612933,0.0,0.0,0.0,0.0,0.0,0.0,0.0,0.0,0.0,0.0,0.0,0.0,0.0,0.0,0.0,0.0
-13.615,-14.599933,0.0,0.0,0.0,0.0,0.0,0.0,0.0,0.0,0.0,0.0,0.0,0.0,0.0,0.0,0.0,0.0
-13.601,-14.585933,0.0,0.0,0.0,0.0,0.0,0.0,0.0,0.0,0.0,0.0,0.0,0.0,0.0,0.0,0.0,0.0
-13.588,-14.572932999999999,0.0,0.0,0.0,0.0,0.0,0.0,0.0,0.0,0.0,0.0,0.0,0.0,0.0,0.0,0.0,0.0
-13.575,-14.559933,0.0,0.0,0.0,0.0,0.0,0.0,0.0,0.0,0.0,0.0,0.0,0.0,0.0,0.0,0.0,0.0
-13.562,-14.546933,0.0,0.0,0.0,0.0,0.0,0.0,0.0,0.0,0.0,0.0,0.0,0.0,0.0,0.0,0.0,0.0
-13.548,-14.532933,0.0,0.0,0.0,0.0,0.0,0.0,0.0,0.0,0.0,0.0,0.0,0.0,0.0,0.0,0.0,0.0
-13.535,-14.519933,3.029,8.4715e-05,0.002246015,7.488349999999999e-05,0.00261,0.001371175,0.00011490740999999999,0.00039615,0.016266,0.0194438055,2.24342,0.00129301725,0.0,0.129535,0.00011306949999999999,3.914455e-05
-13.522,-14.506933,38.74,0.00678,0.018829,0.00118179,0.02286,0.01773035,0.0018888490000000002,0.008392,0.206055,0.254062385,29.167550000000002,0.0175933,0.0,1.2547000000000001,0.001460515,0.000383319
-13.509,-14.493933,84.1,0.0158945,0.0332065,0.00276195,0.02019,0.0366635,0.007691024500000001,0.01787,0.43770000000000003,0.5786586499999999,64.73155,0.040507434999999994,0.0,1.52055,0.0023465,0.000540885
-13.495,-14.479932999999999,93.9,0.0142455,0.035597000000000004,0.0031659,0.0064315,0.018269,0.015556063499999998,0.01588,0.4988,0.6620122,73.4983,0.04874530500000001,0.0,0.66655,0.0016101049999999997,0.0003913790000000001
-13.482,-14.466933,24.705,0.004718,0.0085152,0.0007800849999999999,0.0004246,0.00253145,0.0077340749,0.003327,0.12564,0.17842753,19.462600000000002,0.012886327999999999,0.0,0.087105,0.000315582,7.674599999999999e-05
-13.469,-14.453933,0.0,0.0,0.0,0.0,0.0,0.0,0.0,0.0,0.0,0.0,0.0,0.0,0.0,0.0,0.0,0.0
-13.456,-14.440933,0.0,0.0,0.0,0.0,0.0,0.0,0.0,0.0,0.0,0.0,0.0,0.0,0.0,0.0,0.0,0.0
-13.443,-14.427933,0.0,0.0,0.0,0.0,0.0,0.0,0.0,0.0,0.0,0.0,0.0,0.0,0.0,0.0,0.0,0.0
-13.429,-14.413933,0.0,0.0,0.0,0.0,0.0,0.0,0.0,0.0,0.0,0.0,0.0,0.0,0.0,0.0,0.0,0.0
-13.416,-14.400933,0.0,0.0,0.0,0.0,0.0,0.0,0.0,0.0,0.0,0.0,0.0,0.0,0.0,0.0,0.0,0.0
-13.403,-14.387933,0.0,0.0,0.0,0.0,0.0,0.0,0.0,0.0,0.0,0.0,0.0,0.0,0.0,0.0,0.0,0.0
-13.39,-14.374933,0.0,0.0,0.0,0.0,0.0,0.0,0.0,0.0,0.0,0.0,0.0,0.0,0.0,0.0,0.0,0.0
-13.376,-14.360933,0.0,0.0,0.0,0.0,0.0,0.0,0.0,0.0,0.0,0.0,0.0,0.0,0.0,0.0,0.0,0.0
-13.363,-14.347933,44.74,0.009195,0.006788000000000001,0.001332734,0.06529,0.1345665,0.05108825,0.0083745,0.038102,0.0147451,2.2159999999999997,0.0050612899999999995,0.0,33.1742,0.008080785,0.00545608335
-13.35,-14.334933,186.95,0.0097765,0.050061499999999995,0.00457592,0.21425,0.534995,0.2171924,0.013229999999999999,0.17779,0.10554135,12.405000000000001,0.018940369999999998,0.0,135.7765,0.033731445,0.021591664
-13.337,-14.321933,3.2455,5.2144999999999996e-05,0.00115695,3.333745e-05,0.0033299999999999996,0.0087327,0.004068996,7.4315e-05,0.0027624500000000005,0.0030535939999999998,0.29646999999999996,0.0003525055,0.0,2.280855,0.0005559546,0.0003531774
-13.323,-14.307933,0.0,0.0,0.0,0.0,0.0,0.0,0.0,0.0,0.0,0.0,0.0,0.0,0.0,0.0,0.0,0.0
-13.31,-14.294933,0.0,0.0,0.0,0.0,0.0,0.0,0.0,0.0,0.0,0.0,0.0,0.0,0.0,0.0,0.0,0.0
-13.297,-14.281933,0.0,0.0,0.0,0.0,0.0,0.0,0.0,0.0,0.0,0.0,0.0,0.0,0.0,0.0,0.0,0.0
-13.284,-14.268933,0.0,0.0,0.0,0.0,0.0,0.0,0.0,0.0,0.0,0.0,0.0,0.0,0.0,0.0,0.0,0.0
-13.27,-14.254933,0.0,0.0,0.0,0.0,0.0,0.0,0.0,0.0,0.0,0.0,0.0,0.0,0.0,0.0,0.0,0.0
-13.257,-14.241933,0.0,0.0,0.0,0.0,0.0,0.0,0.0,0.0,0.0,0.0,0.0,0.0,0.0,0.0,0.0,0.0
-13.244,-14.228933,85.55,0.010654,0.01842,0.00269888,0.02876,0.0366065,0.017652605,0.10601,0.21565249999999997,0.24374954999999998,4.20925,0.006512675,0.0,63.52745,0.015106295,0.007575707300000001
-13.231,-14.215933,128.95,0.007741,0.035685,0.00304083,0.034325,0.0403245,0.04149961,0.1174,0.310715,0.40069235,8.37455,0.007746295,0.0,94.06050000000002,0.022031685000000002,0.010688522
-13.217,-14.201933,14.9,0.00123675,0.00192385,0.0005690415,0.0037735,0.0029057500000000003,0.00682015295,0.011275,0.032513,0.04940394000000001,1.07515,0.0006051785,0.0,10.78895,0.0024824316500000002,0.0011801627499999998
-13.204,-14.188933,0.0,0.0,0.0,0.0,0.0,0.0,0.0,0.0,0.0,0.0,0.0,0.0,0.0,0.0,0.0,0.0
-13.191,-14.175933,0.0,0.0,0.0,0.0,0.0,0.0,0.0,0.0,0.0,0.0,0.0,0.0,0.0,0.0,0.0,0.0
-13.178,-14.162933,0.0,0.0,0.0,0.0,0.0,0.0,0.0,0.0,0.0,0.0,0.0,0.0,0.0,0.0,0.0,0.0
-13.164,-14.148933,0.0,0.0,0.0,0.0,0.0,0.0,0.0,0.0,0.0,0.0,0.0,0.0,0.0,0.0,0.0,0.0
-13.151,-14.135933,0.0,0.0,0.0,0.0,0.0,0.0,0.0,0.0,0.0,0.0,0.0,0.0,0.0,0.0,0.0,0.0
-13.138,-14.122933,0.0,0.0,0.0,0.0,0.0,0.0,0.0,0.0,0.0,0.0,0.0,0.0,0.0,0.0,0.0,0.0
-13.125,-14.109933,0.0,0.0,0.0,0.0,0.0,0.0,0.0,0.0,0.0,0.0,0.0,0.0,0.0,0.0,0.0,0.0
-13.111,-14.095933,0.0,0.0,0.0,0.0,0.0,0.0,0.0,0.0,0.0,0.0,0.0,0.0,0.0,0.0,0.0,0.0
-13.098,-14.082933,0.0,0.0,0.0,0.0,0.0,0.0,0.0,0.0,0.0,0.0,0.0,0.0,0.0,0.0,0.0,0.0
-13.085,-14.069933,0.0,0.0,0.0,0.0,0.0,0.0,0.0,0.0,0.0,0.0,0.0,0.0,0.0,0.0,0.0,0.0
-13.072,-14.056932999999999,0.0,0.0,0.0,0.0,0.0,0.0,0.0,0.0,0.0,0.0,0.0,0.0,0.0,0.0,0.0,0.0
-13.058,-14.042933,0.0,0.0,0.0,0.0,0.0,0.0,0.0,0.0,0.0,0.0,0.0,0.0,0.0,0.0,0.0,0.0
-13.045,-14.029933,0.0,0.0,0.0,0.0,0.0,0.0,0.0,0.0,0.0,0.0,0.0,0.0,0.0,0.0,0.0,0.0
-13.032,-14.016933,0.0,0.0,0.0,0.0,0.0,0.0,0.0,0.0,0.0,0.0,0.0,0.0,0.0,0.0,0.0,0.0
-13.019,-14.003933,0.0,0.0,0.0,0.0,0.0,0.0,0.0,0.0,0.0,0.0,0.0,0.0,0.0,0.0,0.0,0.0
-13.005,-13.989933,0.0,0.0,0.0,0.0,0.0,0.0,0.0,0.0,0.0,0.0,0.0,0.0,0.0,0.0,0.0,0.0
-12.992,-13.976933,0.0,0.0,0.0,0.0,0.0,0.0,0.0,0.0,0.0,0.0,0.0,0.0,0.0,0.0,0.0,0.0
-12.979,-13.963932999999999,0.0,0.0,0.0,0.0,0.0,0.0,0.0,0.0,0.0,0.0,0.0,0.0,0.0,0.0,0.0,0.0
-12.966,-13.950933,0.0,0.0,0.0,0.0,0.0,0.0,0.0,0.0,0.0,0.0,0.0,0.0,0.0,0.0,0.0,0.0
-12.952,-13.936933,0.0,0.0,0.0,0.0,0.0,0.0,0.0,0.0,0.0,0.0,0.0,0.0,0.0,0.0,0.0,0.0
-12.939,-13.923933,0.0,0.0,0.0,0.0,0.0,0.0,0.0,0.0,0.0,0.0,0.0,0.0,0.0,0.0,0.0,0.0
-12.926,-13.910933,0.0,0.0,0.0,0.0,0.0,0.0,0.0,0.0,0.0,0.0,0.0,0.0,0.0,0.0,0.0,0.0
-12.913,-13.897933,0.0,0.0,0.0,0.0,0.0,0.0,0.0,0.0,0.0,0.0,0.0,0.0,0.0,0.0,0.0,0.0
-12.9,-13.884933,0.0,0.0,0.0,0.0,0.0,0.0,0.0,0.0,0.0,0.0,0.0,0.0,0.0,0.0,0.0,0.0
-12.886,-13.870932999999999,0.0,0.0,0.0,0.0,0.0,0.0,0.0,0.0,0.0,0.0,0.0,0.0,0.0,0.0,0.0,0.0
-12.873,-13.857933,0.0,0.0,0.0,0.0,0.0,0.0,0.0,0.0,0.0,0.0,0.0,0.0,0.0,0.0,0.0,0.0
-12.86,-13.844933,0.0,0.0,0.0,0.0,0.0,0.0,0.0,0.0,0.0,0.0,0.0,0.0,0.0,0.0,0.0,0.0
-12.847,-13.831933,0.0,0.0,0.0,0.0,0.0,0.0,0.0,0.0,0.0,0.0,0.0,0.0,0.0,0.0,0.0,0.0
-12.833,-13.817933,0.0,0.0,0.0,0.0,0.0,0.0,0.0,0.0,0.0,0.0,0.0,0.0,0.0,0.0,0.0,0.0
-12.82,-13.804933,0.0,0.0,0.0,0.0,0.0,0.0,0.0,0.0,0.0,0.0,0.0,0.0,0.0,0.0,0.0,0.0
-12.807,-13.791933,0.0,0.0,0.0,0.0,0.0,0.0,0.0,0.0,0.0,0.0,0.0,0.0,0.0,0.0,0.0,0.0
-12.794,-13.778933,0.0,0.0,0.0,0.0,0.0,0.0,0.0,0.0,0.0,0.0,0.0,0.0,0.0,0.0,0.0,0.0
-12.78,-13.764933,0.0,0.0,0.0,0.0,0.0,0.0,0.0,0.0,0.0,0.0,0.0,0.0,0.0,0.0,0.0,0.0
-12.767,-13.751933,0.0,0.0,0.0,0.0,0.0,0.0,0.0,0.0,0.0,0.0,0.0,0.0,0.0,0.0,0.0,0.0
-12.754,-13.738933,0.0,0.0,0.0,0.0,0.0,0.0,0.0,0.0,0.0,0.0,0.0,0.0,0.0,0.0,0.0,0.0
-12.741,-13.725933,0.0,0.0,0.0,0.0,0.0,0.0,0.0,0.0,0.0,0.0,0.0,0.0,0.0,0.0,0.0,0.0
-12.727,-13.711933,0.0,0.0,0.0,0.0,0.0,0.0,0.0,0.0,0.0,0.0,0.0,0.0,0.0,0.0,0.0,0.0
-12.714,-13.698933,0.0,0.0,0.0,0.0,0.0,0.0,0.0,0.0,0.0,0.0,0.0,0.0,0.0,0.0,0.0,0.0
-12.701,-13.685933,0.0,0.0,0.0,0.0,0.0,0.0,0.0,0.0,0.0,0.0,0.0,0.0,0.0,0.0,0.0,0.0
-12.688,-13.672933,0.0,0.0,0.0,0.0,0.0,0.0,0.0,0.0,0.0,0.0,0.0,0.0,0.0,0.0,0.0,0.0
-12.674,-13.658933,0.0,0.0,0.0,0.0,0.0,0.0,0.0,0.0,0.0,0.0,0.0,0.0,0.0,0.0,0.0,0.0
-12.661,-13.645933,0.0,0.0,0.0,0.0,0.0,0.0,0.0,0.0,0.0,0.0,0.0,0.0,0.0,0.0,0.0,0.0
-12.648,-13.632933,0.0,0.0,0.0,0.0,0.0,0.0,0.0,0.0,0.0,0.0,0.0,0.0,0.0,0.0,0.0,0.0
-12.635,-13.619933,0.0,0.0,0.0,0.0,0.0,0.0,0.0,0.0,0.0,0.0,0.0,0.0,0.0,0.0,0.0,0.0
-12.621,-13.605933,0.0,0.0,0.0,0.0,0.0,0.0,0.0,0.0,0.0,0.0,0.0,0.0,0.0,0.0,0.0,0.0
-12.608,-13.592933,0.0,0.0,0.0,0.0,0.0,0.0,0.0,0.0,0.0,0.0,0.0,0.0,0.0,0.0,0.0,0.0
-12.595,-13.579933,0.0,0.0,0.0,0.0,0.0,0.0,0.0,0.0,0.0,0.0,0.0,0.0,0.0,0.0,0.0,0.0
-12.582,-13.566933,0.0,0.0,0.0,0.0,0.0,0.0,0.0,0.0,0.0,0.0,0.0,0.0,0.0,0.0,0.0,0.0
-12.568,-13.552933,0.0,0.0,0.0,0.0,0.0,0.0,0.0,0.0,0.0,0.0,0.0,0.0,0.0,0.0,0.0,0.0
-12.555,-13.539933,0.0,0.0,0.0,0.0,0.0,0.0,0.0,0.0,0.0,0.0,0.0,0.0,0.0,0.0,0.0,0.0
-12.542,-13.526933,0.0,0.0,0.0,0.0,0.0,0.0,0.0,0.0,0.0,0.0,0.0,0.0,0.0,0.0,0.0,0.0
-12.529,-13.513933,0.0,0.0,0.0,0.0,0.0,0.0,0.0,0.0,0.0,0.0,0.0,0.0,0.0,0.0,0.0,0.0
-12.515,-13.499933,0.0,0.0,0.0,0.0,0.0,0.0,0.0,0.0,0.0,0.0,0.0,0.0,0.0,0.0,0.0,0.0
-12.502,-13.486933,0.0,0.0,0.0,0.0,0.0,0.0,0.0,0.0,0.0,0.0,0.0,0.0,0.0,0.0,0.0,0.0
-12.489,-13.473933,0.0,0.0,0.0,0.0,0.0,0.0,0.0,0.0,0.0,0.0,0.0,0.0,0.0,0.0,0.0,0.0
-12.476,-13.460933,0.0,0.0,0.0,0.0,0.0,0.0,0.0,0.0,0.0,0.0,0.0,0.0,0.0,0.0,0.0,0.0
-12.462,-13.446933,0.0,0.0,0.0,0.0,0.0,0.0,0.0,0.0,0.0,0.0,0.0,0.0,0.0,0.0,0.0,0.0
-12.449,-13.433933,0.0,0.0,0.0,0.0,0.0,0.0,0.0,0.0,0.0,0.0,0.0,0.0,0.0,0.0,0.0,0.0
-12.436,-13.420933,0.0,0.0,0.0,0.0,0.0,0.0,0.0,0.0,0.0,0.0,0.0,0.0,0.0,0.0,0.0,0.0
-12.423,-13.407933,0.0,0.0,0.0,0.0,0.0,0.0,0.0,0.0,0.0,0.0,0.0,0.0,0.0,0.0,0.0,0.0
-12.409,-13.393933,0.0,0.0,0.0,0.0,0.0,0.0,0.0,0.0,0.0,0.0,0.0,0.0,0.0,0.0,0.0,0.0
-12.396,-13.380933,0.0,0.0,0.0,0.0,0.0,0.0,0.0,0.0,0.0,0.0,0.0,0.0,0.0,0.0,0.0,0.0
-12.383,-13.367932999999999,0.0,0.0,0.0,0.0,0.0,0.0,0.0,0.0,0.0,0.0,0.0,0.0,0.0,0.0,0.0,0.0
-12.37,-13.354932999999999,0.0,0.0,0.0,0.0,0.0,0.0,0.0,0.0,0.0,0.0,0.0,0.0,0.0,0.0,0.0,0.0
-12.357,-13.341933,0.0,0.0,0.0,0.0,0.0,0.0,0.0,0.0,0.0,0.0,0.0,0.0,0.0,0.0,0.0,0.0
-12.343,-13.327933,0.0,0.0,0.0,0.0,0.0,0.0,0.0,0.0,0.0,0.0,0.0,0.0,0.0,0.0,0.0,0.0
-12.33,-13.314933,0.0,0.0,0.0,0.0,0.0,0.0,0.0,0.0,0.0,0.0,0.0,0.0,0.0,0.0,0.0,0.0
-12.317,-13.301933,0.0,0.0,0.0,0.0,0.0,0.0,0.0,0.0,0.0,0.0,0.0,0.0,0.0,0.0,0.0,0.0
-12.304,-13.288933,0.0,0.0,0.0,0.0,0.0,0.0,0.0,0.0,0.0,0.0,0.0,0.0,0.0,0.0,0.0,0.0
-12.29,-13.274932999999999,0.0,0.0,0.0,0.0,0.0,0.0,0.0,0.0,0.0,0.0,0.0,0.0,0.0,0.0,0.0,0.0
-12.277,-13.261932999999999,0.0,0.0,0.0,0.0,0.0,0.0,0.0,0.0,0.0,0.0,0.0,0.0,0.0,0.0,0.0,0.0
-12.264,-13.248933,0.0,0.0,0.0,0.0,0.0,0.0,0.0,0.0,0.0,0.0,0.0,0.0,0.0,0.0,0.0,0.0
-12.251,-13.235933,0.0,0.0,0.0,0.0,0.0,0.0,0.0,0.0,0.0,0.0,0.0,0.0,0.0,0.0,0.0,0.0
-12.237,-13.221933,0.0,0.0,0.0,0.0,0.0,0.0,0.0,0.0,0.0,0.0,0.0,0.0,0.0,0.0,0.0,0.0
-12.224,-13.208933,0.0,0.0,0.0,0.0,0.0,0.0,0.0,0.0,0.0,0.0,0.0,0.0,0.0,0.0,0.0,0.0
-12.211,-13.195933,0.0,0.0,0.0,0.0,0.0,0.0,0.0,0.0,0.0,0.0,0.0,0.0,0.0,0.0,0.0,0.0
-12.198,-13.182933,0.0,0.0,0.0,0.0,0.0,0.0,0.0,0.0,0.0,0.0,0.0,0.0,0.0,0.0,0.0,0.0
-12.184,-13.168932999999999,0.0,0.0,0.0,0.0,0.0,0.0,0.0,0.0,0.0,0.0,0.0,0.0,0.0,0.0,0.0,0.0
-12.171,-13.155933,0.0,0.0,0.0,0.0,0.0,0.0,0.0,0.0,0.0,0.0,0.0,0.0,0.0,0.0,0.0,0.0
-12.158,-13.142933,0.0,0.0,0.0,0.0,0.0,0.0,0.0,0.0,0.0,0.0,0.0,0.0,0.0,0.0,0.0,0.0
-12.145,-13.129933,0.0,0.0,0.0,0.0,0.0,0.0,0.0,0.0,0.0,0.0,0.0,0.0,0.0,0.0,0.0,0.0
-12.131,-13.115933,0.0,0.0,0.0,0.0,0.0,0.0,0.0,0.0,0.0,0.0,0.0,0.0,0.0,0.0,0.0,0.0
-12.118,-13.102933,0.0,0.0,0.0,0.0,0.0,0.0,0.0,0.0,0.0,0.0,0.0,0.0,0.0,0.0,0.0,0.0
-12.105,-13.089933,0.0,0.0,0.0,0.0,0.0,0.0,0.0,0.0,0.0,0.0,0.0,0.0,0.0,0.0,0.0,0.0
-12.092,-13.076933,0.0,0.0,0.0,0.0,0.0,0.0,0.0,0.0,0.0,0.0,0.0,0.0,0.0,0.0,0.0,0.0
-12.078,-13.062933,0.0,0.0,0.0,0.0,0.0,0.0,0.0,0.0,0.0,0.0,0.0,0.0,0.0,0.0,0.0,0.0
-12.065,-13.049933,0.0,0.0,0.0,0.0,0.0,0.0,0.0,0.0,0.0,0.0,0.0,0.0,0.0,0.0,0.0,0.0
-12.052,-13.036933,0.0,0.0,0.0,0.0,0.0,0.0,0.0,0.0,0.0,0.0,0.0,0.0,0.0,0.0,0.0,0.0
-12.039,-13.023933,0.0,0.0,0.0,0.0,0.0,0.0,0.0,0.0,0.0,0.0,0.0,0.0,0.0,0.0,0.0,0.0
-12.025,-13.009933,0.0,0.0,0.0,0.0,0.0,0.0,0.0,0.0,0.0,0.0,0.0,0.0,0.0,0.0,0.0,0.0
-12.012,-12.996933,0.0,0.0,0.0,0.0,0.0,0.0,0.0,0.0,0.0,0.0,0.0,0.0,0.0,0.0,0.0,0.0
-11.999,-12.983933,0.0,0.0,0.0,0.0,0.0,0.0,0.0,0.0,0.0,0.0,0.0,0.0,0.0,0.0,0.0,0.0
-11.986,-12.970933,0.0,0.0,0.0,0.0,0.0,0.0,0.0,0.0,0.0,0.0,0.0,0.0,0.0,0.0,0.0,0.0
-11.972,-12.956933,0.0,0.0,0.0,0.0,0.0,0.0,0.0,0.0,0.0,0.0,0.0,0.0,0.0,0.0,0.0,0.0
-11.959,-12.943933,0.0,0.0,0.0,0.0,0.0,0.0,0.0,0.0,0.0,0.0,0.0,0.0,0.0,0.0,0.0,0.0
-11.946,-12.930933,0.0,0.0,0.0,0.0,0.0,0.0,0.0,0.0,0.0,0.0,0.0,0.0,0.0,0.0,0.0,0.0
-11.933,-12.917933,0.0,0.0,0.0,0.0,0.0,0.0,0.0,0.0,0.0,0.0,0.0,0.0,0.0,0.0,0.0,0.0
-11.919,-12.903933,0.0,0.0,0.0,0.0,0.0,0.0,0.0,0.0,0.0,0.0,0.0,0.0,0.0,0.0,0.0,0.0
-11.906,-12.890933,0.0,0.0,0.0,0.0,0.0,0.0,0.0,0.0,0.0,0.0,0.0,0.0,0.0,0.0,0.0,0.0
-11.893,-12.877933,0.0,0.0,0.0,0.0,0.0,0.0,0.0,0.0,0.0,0.0,0.0,0.0,0.0,0.0,0.0,0.0
-11.88,-12.864933,0.0,0.0,0.0,0.0,0.0,0.0,0.0,0.0,0.0,0.0,0.0,0.0,0.0,0.0,0.0,0.0
-11.866,-12.850933,0.0,0.0,0.0,0.0,0.0,0.0,0.0,0.0,0.0,0.0,0.0,0.0,0.0,0.0,0.0,0.0
-11.853,-12.837933,0.0,0.0,0.0,0.0,0.0,0.0,0.0,0.0,0.0,0.0,0.0,0.0,0.0,0.0,0.0,0.0
-11.84,-12.824933,0.0,0.0,0.0,0.0,0.0,0.0,0.0,0.0,0.0,0.0,0.0,0.0,0.0,0.0,0.0,0.0
-11.827,-12.811933,0.0,0.0,0.0,0.0,0.0,0.0,0.0,0.0,0.0,0.0,0.0,0.0,0.0,0.0,0.0,0.0
-11.814,-12.798933,0.0,0.0,0.0,0.0,0.0,0.0,0.0,0.0,0.0,0.0,0.0,0.0,0.0,0.0,0.0,0.0
-11.8,-12.784933,0.0,0.0,0.0,0.0,0.0,0.0,0.0,0.0,0.0,0.0,0.0,0.0,0.0,0.0,0.0,0.0
-11.787,-12.771933,0.0,0.0,0.0,0.0,0.0,0.0,0.0,0.0,0.0,0.0,0.0,0.0,0.0,0.0,0.0,0.0
-11.774,-12.758932999999999,0.0,0.0,0.0,0.0,0.0,0.0,0.0,0.0,0.0,0.0,0.0,0.0,0.0,0.0,0.0,0.0
-11.761,-12.745932999999999,0.0,0.0,0.0,0.0,0.0,0.0,0.0,0.0,0.0,0.0,0.0,0.0,0.0,0.0,0.0,0.0
-11.747,-12.731933,0.0,0.0,0.0,0.0,0.0,0.0,0.0,0.0,0.0,0.0,0.0,0.0,0.0,0.0,0.0,0.0
-11.734,-12.718933,0.0,0.0,0.0,0.0,0.0,0.0,0.0,0.0,0.0,0.0,0.0,0.0,0.0,0.0,0.0,0.0
-11.721,-12.705933,0.0,0.0,0.0,0.0,0.0,0.0,0.0,0.0,0.0,0.0,0.0,0.0,0.0,0.0,0.0,0.0
-11.708,-12.692933,0.0,0.0,0.0,0.0,0.0,0.0,0.0,0.0,0.0,0.0,0.0,0.0,0.0,0.0,0.0,0.0
-11.694,-12.678933,0.0,0.0,0.0,0.0,0.0,0.0,0.0,0.0,0.0,0.0,0.0,0.0,0.0,0.0,0.0,0.0
-11.681,-12.665932999999999,0.0,0.0,0.0,0.0,0.0,0.0,0.0,0.0,0.0,0.0,0.0,0.0,0.0,0.0,0.0,0.0
-11.668,-12.652932999999999,0.0,0.0,0.0,0.0,0.0,0.0,0.0,0.0,0.0,0.0,0.0,0.0,0.0,0.0,0.0,0.0
-11.655,-12.639933,0.0,0.0,0.0,0.0,0.0,0.0,0.0,0.0,0.0,0.0,0.0,0.0,0.0,0.0,0.0,0.0
-11.641,-12.625933,0.0,0.0,0.0,0.0,0.0,0.0,0.0,0.0,0.0,0.0,0.0,0.0,0.0,0.0,0.0,0.0
-11.628,-12.612933,0.0,0.0,0.0,0.0,0.0,0.0,0.0,0.0,0.0,0.0,0.0,0.0,0.0,0.0,0.0,0.0
-11.615,-12.599933,0.0,0.0,0.0,0.0,0.0,0.0,0.0,0.0,0.0,0.0,0.0,0.0,0.0,0.0,0.0,0.0
-11.602,-12.586933,0.0,0.0,0.0,0.0,0.0,0.0,0.0,0.0,0.0,0.0,0.0,0.0,0.0,0.0,0.0,0.0
-11.588,-12.572932999999999,0.0,0.0,0.0,0.0,0.0,0.0,0.0,0.0,0.0,0.0,0.0,0.0,0.0,0.0,0.0,0.0
-11.575,-12.559933,0.0,0.0,0.0,0.0,0.0,0.0,0.0,0.0,0.0,0.0,0.0,0.0,0.0,0.0,0.0,0.0
-11.562,-12.546933,0.0,0.0,0.0,0.0,0.0,0.0,0.0,0.0,0.0,0.0,0.0,0.0,0.0,0.0,0.0,0.0
-11.549,-12.533933,0.0,0.0,0.0,0.0,0.0,0.0,0.0,0.0,0.0,0.0,0.0,0.0,0.0,0.0,0.0,0.0
-11.535,-12.519933,0.0,0.0,0.0,0.0,0.0,0.0,0.0,0.0,0.0,0.0,0.0,0.0,0.0,0.0,0.0,0.0
-11.522,-12.506933,0.0,0.0,0.0,0.0,0.0,0.0,0.0,0.0,0.0,0.0,0.0,0.0,0.0,0.0,0.0,0.0
-11.509,-12.493933,0.0,0.0,0.0,0.0,0.0,0.0,0.0,0.0,0.0,0.0,0.0,0.0,0.0,0.0,0.0,0.0
-11.496,-12.480933,0.0,0.0,0.0,0.0,0.0,0.0,0.0,0.0,0.0,0.0,0.0,0.0,0.0,0.0,0.0,0.0
-11.482,-12.466933,0.0,0.0,0.0,0.0,0.0,0.0,0.0,0.0,0.0,0.0,0.0,0.0,0.0,0.0,0.0,0.0
-11.469,-12.453933,0.0,0.0,0.0,0.0,0.0,0.0,0.0,0.0,0.0,0.0,0.0,0.0,0.0,0.0,0.0,0.0
-11.456,-12.440933,0.0,0.0,0.0,0.0,0.0,0.0,0.0,0.0,0.0,0.0,0.0,0.0,0.0,0.0,0.0,0.0
-11.443,-12.427933,0.0,0.0,0.0,0.0,0.0,0.0,0.0,0.0,0.0,0.0,0.0,0.0,0.0,0.0,0.0,0.0
-11.429,-12.413933,0.0,0.0,0.0,0.0,0.0,0.0,0.0,0.0,0.0,0.0,0.0,0.0,0.0,0.0,0.0,0.0
-11.416,-12.400933,0.0,0.0,0.0,0.0,0.0,0.0,0.0,0.0,0.0,0.0,0.0,0.0,0.0,0.0,0.0,0.0
-11.403,-12.387933,0.0,0.0,0.0,0.0,0.0,0.0,0.0,0.0,0.0,0.0,0.0,0.0,0.0,0.0,0.0,0.0
-11.39,-12.374933,0.0,0.0,0.0,0.0,0.0,0.0,0.0,0.0,0.0,0.0,0.0,0.0,0.0,0.0,0.0,0.0
-11.376,-12.360933,0.0,0.0,0.0,0.0,0.0,0.0,0.0,0.0,0.0,0.0,0.0,0.0,0.0,0.0,0.0,0.0
-11.363,-12.347933,0.0,0.0,0.0,0.0,0.0,0.0,0.0,0.0,0.0,0.0,0.0,0.0,0.0,0.0,0.0,0.0
-11.35,-12.334933,0.0,0.0,0.0,0.0,0.0,0.0,0.0,0.0,0.0,0.0,0.0,0.0,0.0,0.0,0.0,0.0
-11.337,-12.321933,0.0,0.0,0.0,0.0,0.0,0.0,0.0,0.0,0.0,0.0,0.0,0.0,0.0,0.0,0.0,0.0
-11.323,-12.307933,0.0,0.0,0.0,0.0,0.0,0.0,0.0,0.0,0.0,0.0,0.0,0.0,0.0,0.0,0.0,0.0
-11.31,-12.294933,0.0,0.0,0.0,0.0,0.0,0.0,0.0,0.0,0.0,0.0,0.0,0.0,0.0,0.0,0.0,0.0
-11.297,-12.281933,0.0,0.0,0.0,0.0,0.0,0.0,0.0,0.0,0.0,0.0,0.0,0.0,0.0,0.0,0.0,0.0
-11.284,-12.268933,0.0,0.0,0.0,0.0,0.0,0.0,0.0,0.0,0.0,0.0,0.0,0.0,0.0,0.0,0.0,0.0
-11.271,-12.255933,0.0,0.0,0.0,0.0,0.0,0.0,0.0,0.0,0.0,0.0,0.0,0.0,0.0,0.0,0.0,0.0
-11.257,-12.241933,0.0,0.0,0.0,0.0,0.0,0.0,0.0,0.0,0.0,0.0,0.0,0.0,0.0,0.0,0.0,0.0
-11.244,-12.228933,0.0,0.0,0.0,0.0,0.0,0.0,0.0,0.0,0.0,0.0,0.0,0.0,0.0,0.0,0.0,0.0
-11.231,-12.215933,0.0,0.0,0.0,0.0,0.0,0.0,0.0,0.0,0.0,0.0,0.0,0.0,0.0,0.0,0.0,0.0
-11.218,-12.202933,0.0,0.0,0.0,0.0,0.0,0.0,0.0,0.0,0.0,0.0,0.0,0.0,0.0,0.0,0.0,0.0
-11.204,-12.188933,0.0,0.0,0.0,0.0,0.0,0.0,0.0,0.0,0.0,0.0,0.0,0.0,0.0,0.0,0.0,0.0
-11.191,-12.175933,0.0,0.0,0.0,0.0,0.0,0.0,0.0,0.0,0.0,0.0,0.0,0.0,0.0,0.0,0.0,0.0
-11.178,-12.162933,0.0,0.0,0.0,0.0,0.0,0.0,0.0,0.0,0.0,0.0,0.0,0.0,0.0,0.0,0.0,0.0
-11.165,-12.149932999999999,0.0,0.0,0.0,0.0,0.0,0.0,0.0,0.0,0.0,0.0,0.0,0.0,0.0,0.0,0.0,0.0
-11.151,-12.135933,0.0,0.0,0.0,0.0,0.0,0.0,0.0,0.0,0.0,0.0,0.0,0.0,0.0,0.0,0.0,0.0
-11.138,-12.122933,0.0,0.0,0.0,0.0,0.0,0.0,0.0,0.0,0.0,0.0,0.0,0.0,0.0,0.0,0.0,0.0
-11.125,-12.109933,0.0,0.0,0.0,0.0,0.0,0.0,0.0,0.0,0.0,0.0,0.0,0.0,0.0,0.0,0.0,0.0
-11.112,-12.096933,0.0,0.0,0.0,0.0,0.0,0.0,0.0,0.0,0.0,0.0,0.0,0.0,0.0,0.0,0.0,0.0
-11.098,-12.082933,0.0,0.0,0.0,0.0,0.0,0.0,0.0,0.0,0.0,0.0,0.0,0.0,0.0,0.0,0.0,0.0
-11.085,-12.069933,0.0,0.0,0.0,0.0,0.0,0.0,0.0,0.0,0.0,0.0,0.0,0.0,0.0,0.0,0.0,0.0
-11.072,-12.056932999999999,0.0,0.0,0.0,0.0,0.0,0.0,0.0,0.0,0.0,0.0,0.0,0.0,0.0,0.0,0.0,0.0
-11.059,-12.043932999999999,0.0,0.0,0.0,0.0,0.0,0.0,0.0,0.0,0.0,0.0,0.0,0.0,0.0,0.0,0.0,0.0
-11.045,-12.029933,0.0,0.0,0.0,0.0,0.0,0.0,0.0,0.0,0.0,0.0,0.0,0.0,0.0,0.0,0.0,0.0
-11.032,-12.016933,0.0,0.0,0.0,0.0,0.0,0.0,0.0,0.0,0.0,0.0,0.0,0.0,0.0,0.0,0.0,0.0
-11.019,-12.003933,0.0,0.0,0.0,0.0,0.0,0.0,0.0,0.0,0.0,0.0,0.0,0.0,0.0,0.0,0.0,0.0
-11.006,-11.990933,0.0,0.0,0.0,0.0,0.0,0.0,0.0,0.0,0.0,0.0,0.0,0.0,0.0,0.0,0.0,0.0
-10.992,-11.976933,0.0,0.0,0.0,0.0,0.0,0.0,0.0,0.0,0.0,0.0,0.0,0.0,0.0,0.0,0.0,0.0
-10.979,-11.963932999999999,0.0,0.0,0.0,0.0,0.0,0.0,0.0,0.0,0.0,0.0,0.0,0.0,0.0,0.0,0.0,0.0
-10.966,-11.950933,0.0,0.0,0.0,0.0,0.0,0.0,0.0,0.0,0.0,0.0,0.0,0.0,0.0,0.0,0.0,0.0
-10.953,-11.937933,0.0,0.0,0.0,0.0,0.0,0.0,0.0,0.0,0.0,0.0,0.0,0.0,0.0,0.0,0.0,0.0
-10.939,-11.923933,0.0,0.0,0.0,0.0,0.0,0.0,0.0,0.0,0.0,0.0,0.0,0.0,0.0,0.0,0.0,0.0
-10.926,-11.910933,0.0,0.0,0.0,0.0,0.0,0.0,0.0,0.0,0.0,0.0,0.0,0.0,0.0,0.0,0.0,0.0
-10.913,-11.897933,0.0,0.0,0.0,0.0,0.0,0.0,0.0,0.0,0.0,0.0,0.0,0.0,0.0,0.0,0.0,0.0
-10.9,-11.884933,0.0,0.0,0.0,0.0,0.0,0.0,0.0,0.0,0.0,0.0,0.0,0.0,0.0,0.0,0.0,0.0
-10.886,-11.870932999999999,0.0,0.0,0.0,0.0,0.0,0.0,0.0,0.0,0.0,0.0,0.0,0.0,0.0,0.0,0.0,0.0
-10.873,-11.857933,0.0,0.0,0.0,0.0,0.0,0.0,0.0,0.0,0.0,0.0,0.0,0.0,0.0,0.0,0.0,0.0
-10.86,-11.844933,0.0,0.0,0.0,0.0,0.0,0.0,0.0,0.0,0.0,0.0,0.0,0.0,0.0,0.0,0.0,0.0
-10.847,-11.831933,0.0,0.0,0.0,0.0,0.0,0.0,0.0,0.0,0.0,0.0,0.0,0.0,0.0,0.0,0.0,0.0
-10.833,-11.817933,0.0,0.0,0.0,0.0,0.0,0.0,0.0,0.0,0.0,0.0,0.0,0.0,0.0,0.0,0.0,0.0
-10.82,-11.804933,0.0,0.0,0.0,0.0,0.0,0.0,0.0,0.0,0.0,0.0,0.0,0.0,0.0,0.0,0.0,0.0
-10.807,-11.791933,0.0,0.0,0.0,0.0,0.0,0.0,0.0,0.0,0.0,0.0,0.0,0.0,0.0,0.0,0.0,0.0
-10.794,-11.778933,0.0,0.0,0.0,0.0,0.0,0.0,0.0,0.0,0.0,0.0,0.0,0.0,0.0,0.0,0.0,0.0
-10.78,-11.764933,0.0,0.0,0.0,0.0,0.0,0.0,0.0,0.0,0.0,0.0,0.0,0.0,0.0,0.0,0.0,0.0
-10.767,-11.751933,0.0,0.0,0.0,0.0,0.0,0.0,0.0,0.0,0.0,0.0,0.0,0.0,0.0,0.0,0.0,0.0
-10.754,-11.738933,0.0,0.0,0.0,0.0,0.0,0.0,0.0,0.0,0.0,0.0,0.0,0.0,0.0,0.0,0.0,0.0
-10.741,-11.725933,0.0,0.0,0.0,0.0,0.0,0.0,0.0,0.0,0.0,0.0,0.0,0.0,0.0,0.0,0.0,0.0
-10.728,-11.712933,0.0,0.0,0.0,0.0,0.0,0.0,0.0,0.0,0.0,0.0,0.0,0.0,0.0,0.0,0.0,0.0
-10.714,-11.698933,0.0,0.0,0.0,0.0,0.0,0.0,0.0,0.0,0.0,0.0,0.0,0.0,0.0,0.0,0.0,0.0
-10.701,-11.685933,0.0,0.0,0.0,0.0,0.0,0.0,0.0,0.0,0.0,0.0,0.0,0.0,0.0,0.0,0.0,0.0
-10.688,-11.672933,0.0,0.0,0.0,0.0,0.0,0.0,0.0,0.0,0.0,0.0,0.0,0.0,0.0,0.0,0.0,0.0
-10.675,-11.659933,0.0,0.0,0.0,0.0,0.0,0.0,0.0,0.0,0.0,0.0,0.0,0.0,0.0,0.0,0.0,0.0
-10.661,-11.645933,0.0,0.0,0.0,0.0,0.0,0.0,0.0,0.0,0.0,0.0,0.0,0.0,0.0,0.0,0.0,0.0
-10.648,-11.632933,0.0,0.0,0.0,0.0,0.0,0.0,0.0,0.0,0.0,0.0,0.0,0.0,0.0,0.0,0.0,0.0
-10.635,-11.619933,0.0,0.0,0.0,0.0,0.0,0.0,0.0,0.0,0.0,0.0,0.0,0.0,0.0,0.0,0.0,0.0
-10.622,-11.606933,0.0,0.0,0.0,0.0,0.0,0.0,0.0,0.0,0.0,0.0,0.0,0.0,0.0,0.0,0.0,0.0
-10.608,-11.592933,0.0,0.0,0.0,0.0,0.0,0.0,0.0,0.0,0.0,0.0,0.0,0.0,0.0,0.0,0.0,0.0
-10.595,-11.579933,0.0,0.0,0.0,0.0,0.0,0.0,0.0,0.0,0.0,0.0,0.0,0.0,0.0,0.0,0.0,0.0
-10.582,-11.566933,0.0,0.0,0.0,0.0,0.0,0.0,0.0,0.0,0.0,0.0,0.0,0.0,0.0,0.0,0.0,0.0
-10.569,-11.553933,0.0,0.0,0.0,0.0,0.0,0.0,0.0,0.0,0.0,0.0,0.0,0.0,0.0,0.0,0.0,0.0
-10.555,-11.539933,0.0,0.0,0.0,0.0,0.0,0.0,0.0,0.0,0.0,0.0,0.0,0.0,0.0,0.0,0.0,0.0
-10.542,-11.526933,0.0,0.0,0.0,0.0,0.0,0.0,0.0,0.0,0.0,0.0,0.0,0.0,0.0,0.0,0.0,0.0
-10.529,-11.513933,0.0,0.0,0.0,0.0,0.0,0.0,0.0,0.0,0.0,0.0,0.0,0.0,0.0,0.0,0.0,0.0
-10.516,-11.500933,0.0,0.0,0.0,0.0,0.0,0.0,0.0,0.0,0.0,0.0,0.0,0.0,0.0,0.0,0.0,0.0
-10.502,-11.486933,0.0,0.0,0.0,0.0,0.0,0.0,0.0,0.0,0.0,0.0,0.0,0.0,0.0,0.0,0.0,0.0
-10.489,-11.473933,0.0,0.0,0.0,0.0,0.0,0.0,0.0,0.0,0.0,0.0,0.0,0.0,0.0,0.0,0.0,0.0
-10.476,-11.460933,0.0,0.0,0.0,0.0,0.0,0.0,0.0,0.0,0.0,0.0,0.0,0.0,0.0,0.0,0.0,0.0
-10.463,-11.447932999999999,0.0,0.0,0.0,0.0,0.0,0.0,0.0,0.0,0.0,0.0,0.0,0.0,0.0,0.0,0.0,0.0
-10.449,-11.433933,0.0,0.0,0.0,0.0,0.0,0.0,0.0,0.0,0.0,0.0,0.0,0.0,0.0,0.0,0.0,0.0
-10.436,-11.420933,0.0,0.0,0.0,0.0,0.0,0.0,0.0,0.0,0.0,0.0,0.0,0.0,0.0,0.0,0.0,0.0
-10.423,-11.407933,0.0,0.0,0.0,0.0,0.0,0.0,0.0,0.0,0.0,0.0,0.0,0.0,0.0,0.0,0.0,0.0
-10.41,-11.394933,0.0,0.0,0.0,0.0,0.0,0.0,0.0,0.0,0.0,0.0,0.0,0.0,0.0,0.0,0.0,0.0
-10.396,-11.380933,0.0,0.0,0.0,0.0,0.0,0.0,0.0,0.0,0.0,0.0,0.0,0.0,0.0,0.0,0.0,0.0
-10.383,-11.367932999999999,0.0,0.0,0.0,0.0,0.0,0.0,0.0,0.0,0.0,0.0,0.0,0.0,0.0,0.0,0.0,0.0
-10.37,-11.354932999999999,0.0,0.0,0.0,0.0,0.0,0.0,0.0,0.0,0.0,0.0,0.0,0.0,0.0,0.0,0.0,0.0
-10.357,-11.341933,0.0,0.0,0.0,0.0,0.0,0.0,0.0,0.0,0.0,0.0,0.0,0.0,0.0,0.0,0.0,0.0
-10.343,-11.327933,0.0,0.0,0.0,0.0,0.0,0.0,0.0,0.0,0.0,0.0,0.0,0.0,0.0,0.0,0.0,0.0
-10.33,-11.314933,0.0,0.0,0.0,0.0,0.0,0.0,0.0,0.0,0.0,0.0,0.0,0.0,0.0,0.0,0.0,0.0
-10.317,-11.301933,0.0,0.0,0.0,0.0,0.0,0.0,0.0,0.0,0.0,0.0,0.0,0.0,0.0,0.0,0.0,0.0
-10.304,-11.288933,0.0,0.0,0.0,0.0,0.0,0.0,0.0,0.0,0.0,0.0,0.0,0.0,0.0,0.0,0.0,0.0
-10.29,-11.274932999999999,0.0,0.0,0.0,0.0,0.0,0.0,0.0,0.0,0.0,0.0,0.0,0.0,0.0,0.0,0.0,0.0
-10.277,-11.261932999999999,0.0,0.0,0.0,0.0,0.0,0.0,0.0,0.0,0.0,0.0,0.0,0.0,0.0,0.0,0.0,0.0
-10.264,-11.248933,0.0,0.0,0.0,0.0,0.0,0.0,0.0,0.0,0.0,0.0,0.0,0.0,0.0,0.0,0.0,0.0
-10.251,-11.235933,0.0,0.0,0.0,0.0,0.0,0.0,0.0,0.0,0.0,0.0,0.0,0.0,0.0,0.0,0.0,0.0
-10.237,-11.221933,0.0,0.0,0.0,0.0,0.0,0.0,0.0,0.0,0.0,0.0,0.0,0.0,0.0,0.0,0.0,0.0
-10.224,-11.208933,0.0,0.0,0.0,0.0,0.0,0.0,0.0,0.0,0.0,0.0,0.0,0.0,0.0,0.0,0.0,0.0
-10.211,-11.195933,0.0,0.0,0.0,0.0,0.0,0.0,0.0,0.0,0.0,0.0,0.0,0.0,0.0,0.0,0.0,0.0
-10.198,-11.182933,0.0,0.0,0.0,0.0,0.0,0.0,0.0,0.0,0.0,0.0,0.0,0.0,0.0,0.0,0.0,0.0
-10.185,-11.169933,0.0,0.0,0.0,0.0,0.0,0.0,0.0,0.0,0.0,0.0,0.0,0.0,0.0,0.0,0.0,0.0
-10.171,-11.155933,0.0,0.0,0.0,0.0,0.0,0.0,0.0,0.0,0.0,0.0,0.0,0.0,0.0,0.0,0.0,0.0
-10.158,-11.142933,0.0,0.0,0.0,0.0,0.0,0.0,0.0,0.0,0.0,0.0,0.0,0.0,0.0,0.0,0.0,0.0
-10.145,-11.129933,0.0,0.0,0.0,0.0,0.0,0.0,0.0,0.0,0.0,0.0,0.0,0.0,0.0,0.0,0.0,0.0
-10.132,-11.116933,0.0,0.0,0.0,0.0,0.0,0.0,0.0,0.0,0.0,0.0,0.0,0.0,0.0,0.0,0.0,0.0
-10.118,-11.102933,0.0,0.0,0.0,0.0,0.0,0.0,0.0,0.0,0.0,0.0,0.0,0.0,0.0,0.0,0.0,0.0
-10.105,-11.089933,0.0,0.0,0.0,0.0,0.0,0.0,0.0,0.0,0.0,0.0,0.0,0.0,0.0,0.0,0.0,0.0
-10.092,-11.076933,0.0,0.0,0.0,0.0,0.0,0.0,0.0,0.0,0.0,0.0,0.0,0.0,0.0,0.0,0.0,0.0
-10.079,-11.063933,0.0,0.0,0.0,0.0,0.0,0.0,0.0,0.0,0.0,0.0,0.0,0.0,0.0,0.0,0.0,0.0
-10.065,-11.049933,0.0,0.0,0.0,0.0,0.0,0.0,0.0,0.0,0.0,0.0,0.0,0.0,0.0,0.0,0.0,0.0
-10.052,-11.036933,0.0,0.0,0.0,0.0,0.0,0.0,0.0,0.0,0.0,0.0,0.0,0.0,0.0,0.0,0.0,0.0
-10.039,-11.023933,0.0,0.0,0.0,0.0,0.0,0.0,0.0,0.0,0.0,0.0,0.0,0.0,0.0,0.0,0.0,0.0
-10.026,-11.010933,0.0,0.0,0.0,0.0,0.0,0.0,0.0,0.0,0.0,0.0,0.0,0.0,0.0,0.0,0.0,0.0
-10.012,-10.996933,0.0,0.0,0.0,0.0,0.0,0.0,0.0,0.0,0.0,0.0,0.0,0.0,0.0,0.0,0.0,0.0
-9.999,-10.983933,0.0,0.0,0.0,0.0,0.0,0.0,0.0,0.0,0.0,0.0,0.0,0.0,0.0,0.0,0.0,0.0
-9.986,-10.970933,0.0,0.0,0.0,0.0,0.0,0.0,0.0,0.0,0.0,0.0,0.0,0.0,0.0,0.0,0.0,0.0
-9.973,-10.957933,0.0,0.0,0.0,0.0,0.0,0.0,0.0,0.0,0.0,0.0,0.0,0.0,0.0,0.0,0.0,0.0
-9.959,-10.943933,0.0,0.0,0.0,0.0,0.0,0.0,0.0,0.0,0.0,0.0,0.0,0.0,0.0,0.0,0.0,0.0
-9.946,-10.930933,0.0,0.0,0.0,0.0,0.0,0.0,0.0,0.0,0.0,0.0,0.0,0.0,0.0,0.0,0.0,0.0
-9.933,-10.917933,0.0,0.0,0.0,0.0,0.0,0.0,0.0,0.0,0.0,0.0,0.0,0.0,0.0,0.0,0.0,0.0
-9.92,-10.904933,0.0,0.0,0.0,0.0,0.0,0.0,0.0,0.0,0.0,0.0,0.0,0.0,0.0,0.0,0.0,0.0
-9.906,-10.890933,0.0,0.0,0.0,0.0,0.0,0.0,0.0,0.0,0.0,0.0,0.0,0.0,0.0,0.0,0.0,0.0
-9.893,-10.877933,0.0,0.0,0.0,0.0,0.0,0.0,0.0,0.0,0.0,0.0,0.0,0.0,0.0,0.0,0.0,0.0
-9.88,-10.864933,0.0,0.0,0.0,0.0,0.0,0.0,0.0,0.0,0.0,0.0,0.0,0.0,0.0,0.0,0.0,0.0
-9.867,-10.851933,0.0,0.0,0.0,0.0,0.0,0.0,0.0,0.0,0.0,0.0,0.0,0.0,0.0,0.0,0.0,0.0
-9.853,-10.837933,0.0,0.0,0.0,0.0,0.0,0.0,0.0,0.0,0.0,0.0,0.0,0.0,0.0,0.0,0.0,0.0
-9.84,-10.824933,0.0,0.0,0.0,0.0,0.0,0.0,0.0,0.0,0.0,0.0,0.0,0.0,0.0,0.0,0.0,0.0
-9.827,-10.811933,0.0,0.0,0.0,0.0,0.0,0.0,0.0,0.0,0.0,0.0,0.0,0.0,0.0,0.0,0.0,0.0
-9.814,-10.798933,0.0,0.0,0.0,0.0,0.0,0.0,0.0,0.0,0.0,0.0,0.0,0.0,0.0,0.0,0.0,0.0
-9.8,-10.784933,0.0,0.0,0.0,0.0,0.0,0.0,0.0,0.0,0.0,0.0,0.0,0.0,0.0,0.0,0.0,0.0
-9.787,-10.771933,0.0,0.0,0.0,0.0,0.0,0.0,0.0,0.0,0.0,0.0,0.0,0.0,0.0,0.0,0.0,0.0
-9.774,-10.758932999999999,0.0,0.0,0.0,0.0,0.0,0.0,0.0,0.0,0.0,0.0,0.0,0.0,0.0,0.0,0.0,0.0
-9.761,-10.745932999999999,0.0,0.0,0.0,0.0,0.0,0.0,0.0,0.0,0.0,0.0,0.0,0.0,0.0,0.0,0.0,0.0
-9.747,-10.731933,0.0,0.0,0.0,0.0,0.0,0.0,0.0,0.0,0.0,0.0,0.0,0.0,0.0,0.0,0.0,0.0
-9.734,-10.718933,0.0,0.0,0.0,0.0,0.0,0.0,0.0,0.0,0.0,0.0,0.0,0.0,0.0,0.0,0.0,0.0
-9.721,-10.705933,0.0,0.0,0.0,0.0,0.0,0.0,0.0,0.0,0.0,0.0,0.0,0.0,0.0,0.0,0.0,0.0
-9.708,-10.692933,0.0,0.0,0.0,0.0,0.0,0.0,0.0,0.0,0.0,0.0,0.0,0.0,0.0,0.0,0.0,0.0
-9.694,-10.678933,0.0,0.0,0.0,0.0,0.0,0.0,0.0,0.0,0.0,0.0,0.0,0.0,0.0,0.0,0.0,0.0
-9.681,-10.665932999999999,0.0,0.0,0.0,0.0,0.0,0.0,0.0,0.0,0.0,0.0,0.0,0.0,0.0,0.0,0.0,0.0
-9.668,-10.652932999999999,0.0,0.0,0.0,0.0,0.0,0.0,0.0,0.0,0.0,0.0,0.0,0.0,0.0,0.0,0.0,0.0
-9.655,-10.639933,0.0,0.0,0.0,0.0,0.0,0.0,0.0,0.0,0.0,0.0,0.0,0.0,0.0,0.0,0.0,0.0
-9.642,-10.626933,0.0,0.0,0.0,0.0,0.0,0.0,0.0,0.0,0.0,0.0,0.0,0.0,0.0,0.0,0.0,0.0
-9.628,-10.612933,0.0,0.0,0.0,0.0,0.0,0.0,0.0,0.0,0.0,0.0,0.0,0.0,0.0,0.0,0.0,0.0
-9.615,-10.599933,0.0,0.0,0.0,0.0,0.0,0.0,0.0,0.0,0.0,0.0,0.0,0.0,0.0,0.0,0.0,0.0
-9.602,-10.586933,0.0,0.0,0.0,0.0,0.0,0.0,0.0,0.0,0.0,0.0,0.0,0.0,0.0,0.0,0.0,0.0
-9.589,-10.573933,0.0,0.0,0.0,0.0,0.0,0.0,0.0,0.0,0.0,0.0,0.0,0.0,0.0,0.0,0.0,0.0
-9.575,-10.559933,0.0,0.0,0.0,0.0,0.0,0.0,0.0,0.0,0.0,0.0,0.0,0.0,0.0,0.0,0.0,0.0
-9.562,-10.546933,0.0,0.0,0.0,0.0,0.0,0.0,0.0,0.0,0.0,0.0,0.0,0.0,0.0,0.0,0.0,0.0
-9.549,-10.533933,0.0,0.0,0.0,0.0,0.0,0.0,0.0,0.0,0.0,0.0,0.0,0.0,0.0,0.0,0.0,0.0
-9.536,-10.520933,0.0,0.0,0.0,0.0,0.0,0.0,0.0,0.0,0.0,0.0,0.0,0.0,0.0,0.0,0.0,0.0
-9.522,-10.506933,0.0,0.0,0.0,0.0,0.0,0.0,0.0,0.0,0.0,0.0,0.0,0.0,0.0,0.0,0.0,0.0
-9.509,-10.493933,0.0,0.0,0.0,0.0,0.0,0.0,0.0,0.0,0.0,0.0,0.0,0.0,0.0,0.0,0.0,0.0
-9.496,-10.480933,0.0,0.0,0.0,0.0,0.0,0.0,0.0,0.0,0.0,0.0,0.0,0.0,0.0,0.0,0.0,0.0
-9.483,-10.467933,0.0,0.0,0.0,0.0,0.0,0.0,0.0,0.0,0.0,0.0,0.0,0.0,0.0,0.0,0.0,0.0
-9.469,-10.453933,0.0,0.0,0.0,0.0,0.0,0.0,0.0,0.0,0.0,0.0,0.0,0.0,0.0,0.0,0.0,0.0
-9.456,-10.440933,0.0,0.0,0.0,0.0,0.0,0.0,0.0,0.0,0.0,0.0,0.0,0.0,0.0,0.0,0.0,0.0
-9.443,-10.427933,0.0,0.0,0.0,0.0,0.0,0.0,0.0,0.0,0.0,0.0,0.0,0.0,0.0,0.0,0.0,0.0
-9.43,-10.414933,0.0,0.0,0.0,0.0,0.0,0.0,0.0,0.0,0.0,0.0,0.0,0.0,0.0,0.0,0.0,0.0
-9.416,-10.400933,0.0,0.0,0.0,0.0,0.0,0.0,0.0,0.0,0.0,0.0,0.0,0.0,0.0,0.0,0.0,0.0
-9.403,-10.387933,0.0,0.0,0.0,0.0,0.0,0.0,0.0,0.0,0.0,0.0,0.0,0.0,0.0,0.0,0.0,0.0
-9.39,-10.374933,0.0,0.0,0.0,0.0,0.0,0.0,0.0,0.0,0.0,0.0,0.0,0.0,0.0,0.0,0.0,0.0
-9.377,-10.361933,0.0,0.0,0.0,0.0,0.0,0.0,0.0,0.0,0.0,0.0,0.0,0.0,0.0,0.0,0.0,0.0
-9.363,-10.347933,0.0,0.0,0.0,0.0,0.0,0.0,0.0,0.0,0.0,0.0,0.0,0.0,0.0,0.0,0.0,0.0
-9.35,-10.334933,0.0,0.0,0.0,0.0,0.0,0.0,0.0,0.0,0.0,0.0,0.0,0.0,0.0,0.0,0.0,0.0
-9.337,-10.321933,0.0,0.0,0.0,0.0,0.0,0.0,0.0,0.0,0.0,0.0,0.0,0.0,0.0,0.0,0.0,0.0
-9.324,-10.308933,0.0,0.0,0.0,0.0,0.0,0.0,0.0,0.0,0.0,0.0,0.0,0.0,0.0,0.0,0.0,0.0
-9.31,-10.294933,0.0,0.0,0.0,0.0,0.0,0.0,0.0,0.0,0.0,0.0,0.0,0.0,0.0,0.0,0.0,0.0
-9.297,-10.281933,0.0,0.0,0.0,0.0,0.0,0.0,0.0,0.0,0.0,0.0,0.0,0.0,0.0,0.0,0.0,0.0
-9.284,-10.268933,0.0,0.0,0.0,0.0,0.0,0.0,0.0,0.0,0.0,0.0,0.0,0.0,0.0,0.0,0.0,0.0
-9.271,-10.255933,0.0,0.0,0.0,0.0,0.0,0.0,0.0,0.0,0.0,0.0,0.0,0.0,0.0,0.0,0.0,0.0
-9.257,-10.241933,0.0,0.0,0.0,0.0,0.0,0.0,0.0,0.0,0.0,0.0,0.0,0.0,0.0,0.0,0.0,0.0
-9.244,-10.228933,0.0,0.0,0.0,0.0,0.0,0.0,0.0,0.0,0.0,0.0,0.0,0.0,0.0,0.0,0.0,0.0
-9.231,-10.215933,0.0,0.0,0.0,0.0,0.0,0.0,0.0,0.0,0.0,0.0,0.0,0.0,0.0,0.0,0.0,0.0
-9.218,-10.202933,0.0,0.0,0.0,0.0,0.0,0.0,0.0,0.0,0.0,0.0,0.0,0.0,0.0,0.0,0.0,0.0
-9.204,-10.188933,0.0,0.0,0.0,0.0,0.0,0.0,0.0,0.0,0.0,0.0,0.0,0.0,0.0,0.0,0.0,0.0
-9.191,-10.175933,0.0,0.0,0.0,0.0,0.0,0.0,0.0,0.0,0.0,0.0,0.0,0.0,0.0,0.0,0.0,0.0
-9.178,-10.162933,0.0,0.0,0.0,0.0,0.0,0.0,0.0,0.0,0.0,0.0,0.0,0.0,0.0,0.0,0.0,0.0
-9.165,-10.149932999999999,0.0,0.0,0.0,0.0,0.0,0.0,0.0,0.0,0.0,0.0,0.0,0.0,0.0,0.0,0.0,0.0
-9.151,-10.135933,0.0,0.0,0.0,0.0,0.0,0.0,0.0,0.0,0.0,0.0,0.0,0.0,0.0,0.0,0.0,0.0
-9.138,-10.122933,0.0,0.0,0.0,0.0,0.0,0.0,0.0,0.0,0.0,0.0,0.0,0.0,0.0,0.0,0.0,0.0
-9.125,-10.109933,0.0,0.0,0.0,0.0,0.0,0.0,0.0,0.0,0.0,0.0,0.0,0.0,0.0,0.0,0.0,0.0
-9.112,-10.096933,0.0,0.0,0.0,0.0,0.0,0.0,0.0,0.0,0.0,0.0,0.0,0.0,0.0,0.0,0.0,0.0
-9.099,-10.083933,0.0,0.0,0.0,0.0,0.0,0.0,0.0,0.0,0.0,0.0,0.0,0.0,0.0,0.0,0.0,0.0
-9.085,-10.069933,0.0,0.0,0.0,0.0,0.0,0.0,0.0,0.0,0.0,0.0,0.0,0.0,0.0,0.0,0.0,0.0
-9.072,-10.056932999999999,0.0,0.0,0.0,0.0,0.0,0.0,0.0,0.0,0.0,0.0,0.0,0.0,0.0,0.0,0.0,0.0
-9.059,-10.043932999999999,0.0,0.0,0.0,0.0,0.0,0.0,0.0,0.0,0.0,0.0,0.0,0.0,0.0,0.0,0.0,0.0
-9.046,-10.030933,0.0,0.0,0.0,0.0,0.0,0.0,0.0,0.0,0.0,0.0,0.0,0.0,0.0,0.0,0.0,0.0
-9.032,-10.016933,0.0,0.0,0.0,0.0,0.0,0.0,0.0,0.0,0.0,0.0,0.0,0.0,0.0,0.0,0.0,0.0
-9.019,-10.003933,0.0,0.0,0.0,0.0,0.0,0.0,0.0,0.0,0.0,0.0,0.0,0.0,0.0,0.0,0.0,0.0
-9.006,-9.990933,0.0,0.0,0.0,0.0,0.0,0.0,0.0,0.0,0.0,0.0,0.0,0.0,0.0,0.0,0.0,0.0
-8.993,-9.977933,0.0,0.0,0.0,0.0,0.0,0.0,0.0,0.0,0.0,0.0,0.0,0.0,0.0,0.0,0.0,0.0
-8.979,-9.963932999999999,0.0,0.0,0.0,0.0,0.0,0.0,0.0,0.0,0.0,0.0,0.0,0.0,0.0,0.0,0.0,0.0
-8.966,-9.950933,0.0,0.0,0.0,0.0,0.0,0.0,0.0,0.0,0.0,0.0,0.0,0.0,0.0,0.0,0.0,0.0
-8.953,-9.937933,0.0,0.0,0.0,0.0,0.0,0.0,0.0,0.0,0.0,0.0,0.0,0.0,0.0,0.0,0.0,0.0
-8.94,-9.924933,0.0,0.0,0.0,0.0,0.0,0.0,0.0,0.0,0.0,0.0,0.0,0.0,0.0,0.0,0.0,0.0
-8.926,-9.910933,0.0,0.0,0.0,0.0,0.0,0.0,0.0,0.0,0.0,0.0,0.0,0.0,0.0,0.0,0.0,0.0
-8.913,-9.897933,0.0,0.0,0.0,0.0,0.0,0.0,0.0,0.0,0.0,0.0,0.0,0.0,0.0,0.0,0.0,0.0
-8.9,-9.884933,0.0,0.0,0.0,0.0,0.0,0.0,0.0,0.0,0.0,0.0,0.0,0.0,0.0,0.0,0.0,0.0
-8.887,-9.871933,0.0,0.0,0.0,0.0,0.0,0.0,0.0,0.0,0.0,0.0,0.0,0.0,0.0,0.0,0.0,0.0
-8.873,-9.857933,0.0,0.0,0.0,0.0,0.0,0.0,0.0,0.0,0.0,0.0,0.0,0.0,0.0,0.0,0.0,0.0
-8.86,-9.844933,0.0,0.0,0.0,0.0,0.0,0.0,0.0,0.0,0.0,0.0,0.0,0.0,0.0,0.0,0.0,0.0
-8.847,-9.831933,0.0,0.0,0.0,0.0,0.0,0.0,0.0,0.0,0.0,0.0,0.0,0.0,0.0,0.0,0.0,0.0
-8.834,-9.818933,0.0,0.0,0.0,0.0,0.0,0.0,0.0,0.0,0.0,0.0,0.0,0.0,0.0,0.0,0.0,0.0
-8.82,-9.804933,0.0,0.0,0.0,0.0,0.0,0.0,0.0,0.0,0.0,0.0,0.0,0.0,0.0,0.0,0.0,0.0
-8.807,-9.791933,0.0,0.0,0.0,0.0,0.0,0.0,0.0,0.0,0.0,0.0,0.0,0.0,0.0,0.0,0.0,0.0
-8.794,-9.778933,0.0,0.0,0.0,0.0,0.0,0.0,0.0,0.0,0.0,0.0,0.0,0.0,0.0,0.0,0.0,0.0
-8.781,-9.765933,0.0,0.0,0.0,0.0,0.0,0.0,0.0,0.0,0.0,0.0,0.0,0.0,0.0,0.0,0.0,0.0
-8.767,-9.751933,0.0,0.0,0.0,0.0,0.0,0.0,0.0,0.0,0.0,0.0,0.0,0.0,0.0,0.0,0.0,0.0
-8.754,-9.738933,0.0,0.0,0.0,0.0,0.0,0.0,0.0,0.0,0.0,0.0,0.0,0.0,0.0,0.0,0.0,0.0
-8.741,-9.725933,0.0,0.0,0.0,0.0,0.0,0.0,0.0,0.0,0.0,0.0,0.0,0.0,0.0,0.0,0.0,0.0
-8.728,-9.712933,0.0,0.0,0.0,0.0,0.0,0.0,0.0,0.0,0.0,0.0,0.0,0.0,0.0,0.0,0.0,0.0
-8.714,-9.698933,0.0,0.0,0.0,0.0,0.0,0.0,0.0,0.0,0.0,0.0,0.0,0.0,0.0,0.0,0.0,0.0
-8.701,-9.685933,0.0,0.0,0.0,0.0,0.0,0.0,0.0,0.0,0.0,0.0,0.0,0.0,0.0,0.0,0.0,0.0
-8.688,-9.672933,0.0,0.0,0.0,0.0,0.0,0.0,0.0,0.0,0.0,0.0,0.0,0.0,0.0,0.0,0.0,0.0
-8.675,-9.659933,0.0,0.0,0.0,0.0,0.0,0.0,0.0,0.0,0.0,0.0,0.0,0.0,0.0,0.0,0.0,0.0
-8.661,-9.645933,0.0,0.0,0.0,0.0,0.0,0.0,0.0,0.0,0.0,0.0,0.0,0.0,0.0,0.0,0.0,0.0
-8.648,-9.632933,0.0,0.0,0.0,0.0,0.0,0.0,0.0,0.0,0.0,0.0,0.0,0.0,0.0,0.0,0.0,0.0
-8.635,-9.619933,0.0,0.0,0.0,0.0,0.0,0.0,0.0,0.0,0.0,0.0,0.0,0.0,0.0,0.0,0.0,0.0
-8.622,-9.606933,0.0,0.0,0.0,0.0,0.0,0.0,0.0,0.0,0.0,0.0,0.0,0.0,0.0,0.0,0.0,0.0
-8.608,-9.592933,0.0,0.0,0.0,0.0,0.0,0.0,0.0,0.0,0.0,0.0,0.0,0.0,0.0,0.0,0.0,0.0
-8.595,-9.579933,0.0,0.0,0.0,0.0,0.0,0.0,0.0,0.0,0.0,0.0,0.0,0.0,0.0,0.0,0.0,0.0
-8.582,-9.566933,0.0,0.0,0.0,0.0,0.0,0.0,0.0,0.0,0.0,0.0,0.0,0.0,0.0,0.0,0.0,0.0
-8.569,-9.553933,0.0,0.0,0.0,0.0,0.0,0.0,0.0,0.0,0.0,0.0,0.0,0.0,0.0,0.0,0.0,0.0
-8.556,-9.540932999999999,0.0,0.0,0.0,0.0,0.0,0.0,0.0,0.0,0.0,0.0,0.0,0.0,0.0,0.0,0.0,0.0
-8.542,-9.526933,0.0,0.0,0.0,0.0,0.0,0.0,0.0,0.0,0.0,0.0,0.0,0.0,0.0,0.0,0.0,0.0
-8.529,-9.513933,0.0,0.0,0.0,0.0,0.0,0.0,0.0,0.0,0.0,0.0,0.0,0.0,0.0,0.0,0.0,0.0
-8.516,-9.500933,0.0,0.0,0.0,0.0,0.0,0.0,0.0,0.0,0.0,0.0,0.0,0.0,0.0,0.0,0.0,0.0
-8.503,-9.487933,0.0,0.0,0.0,0.0,0.0,0.0,0.0,0.0,0.0,0.0,0.0,0.0,0.0,0.0,0.0,0.0
-8.489,-9.473933,0.0,0.0,0.0,0.0,0.0,0.0,0.0,0.0,0.0,0.0,0.0,0.0,0.0,0.0,0.0,0.0
-8.476,-9.460933,0.0,0.0,0.0,0.0,0.0,0.0,0.0,0.0,0.0,0.0,0.0,0.0,0.0,0.0,0.0,0.0
-8.463,-9.447932999999999,0.0,0.0,0.0,0.0,0.0,0.0,0.0,0.0,0.0,0.0,0.0,0.0,0.0,0.0,0.0,0.0
-8.45,-9.434933,0.0,0.0,0.0,0.0,0.0,0.0,0.0,0.0,0.0,0.0,0.0,0.0,0.0,0.0,0.0,0.0
-8.436,-9.420933,0.0,0.0,0.0,0.0,0.0,0.0,0.0,0.0,0.0,0.0,0.0,0.0,0.0,0.0,0.0,0.0
-8.423,-9.407933,0.0,0.0,0.0,0.0,0.0,0.0,0.0,0.0,0.0,0.0,0.0,0.0,0.0,0.0,0.0,0.0
-8.41,-9.394933,0.0,0.0,0.0,0.0,0.0,0.0,0.0,0.0,0.0,0.0,0.0,0.0,0.0,0.0,0.0,0.0
-8.397,-9.381933,0.0,0.0,0.0,0.0,0.0,0.0,0.0,0.0,0.0,0.0,0.0,0.0,0.0,0.0,0.0,0.0
-8.383,-9.367932999999999,0.0,0.0,0.0,0.0,0.0,0.0,0.0,0.0,0.0,0.0,0.0,0.0,0.0,0.0,0.0,0.0
-8.37,-9.354932999999999,0.0,0.0,0.0,0.0,0.0,0.0,0.0,0.0,0.0,0.0,0.0,0.0,0.0,0.0,0.0,0.0
-8.357,-9.341933,0.0,0.0,0.0,0.0,0.0,0.0,0.0,0.0,0.0,0.0,0.0,0.0,0.0,0.0,0.0,0.0
-8.344,-9.328933,0.0,0.0,0.0,0.0,0.0,0.0,0.0,0.0,0.0,0.0,0.0,0.0,0.0,0.0,0.0,0.0
-8.33,-9.314933,0.0,0.0,0.0,0.0,0.0,0.0,0.0,0.0,0.0,0.0,0.0,0.0,0.0,0.0,0.0,0.0
-8.317,-9.301933,0.0,0.0,0.0,0.0,0.0,0.0,0.0,0.0,0.0,0.0,0.0,0.0,0.0,0.0,0.0,0.0
-8.304,-9.288933,0.0,0.0,0.0,0.0,0.0,0.0,0.0,0.0,0.0,0.0,0.0,0.0,0.0,0.0,0.0,0.0
-8.291,-9.275933,0.0,0.0,0.0,0.0,0.0,0.0,0.0,0.0,0.0,0.0,0.0,0.0,0.0,0.0,0.0,0.0
-8.277,-9.261932999999999,0.0,0.0,0.0,0.0,0.0,0.0,0.0,0.0,0.0,0.0,0.0,0.0,0.0,0.0,0.0,0.0
-8.264,-9.248933,0.0,0.0,0.0,0.0,0.0,0.0,0.0,0.0,0.0,0.0,0.0,0.0,0.0,0.0,0.0,0.0
-8.251,-9.235933,0.0,0.0,0.0,0.0,0.0,0.0,0.0,0.0,0.0,0.0,0.0,0.0,0.0,0.0,0.0,0.0
-8.238,-9.222933,0.0,0.0,0.0,0.0,0.0,0.0,0.0,0.0,0.0,0.0,0.0,0.0,0.0,0.0,0.0,0.0
-8.224,-9.208933,0.0,0.0,0.0,0.0,0.0,0.0,0.0,0.0,0.0,0.0,0.0,0.0,0.0,0.0,0.0,0.0
-8.211,-9.195933,0.0,0.0,0.0,0.0,0.0,0.0,0.0,0.0,0.0,0.0,0.0,0.0,0.0,0.0,0.0,0.0
-8.198,-9.182933,0.0,0.0,0.0,0.0,0.0,0.0,0.0,0.0,0.0,0.0,0.0,0.0,0.0,0.0,0.0,0.0
-8.185,-9.169933,0.0,0.0,0.0,0.0,0.0,0.0,0.0,0.0,0.0,0.0,0.0,0.0,0.0,0.0,0.0,0.0
-8.171,-9.155933,0.0,0.0,0.0,0.0,0.0,0.0,0.0,0.0,0.0,0.0,0.0,0.0,0.0,0.0,0.0,0.0
-8.158,-9.142933,0.0,0.0,0.0,0.0,0.0,0.0,0.0,0.0,0.0,0.0,0.0,0.0,0.0,0.0,0.0,0.0
-8.145,-9.129933,0.0,0.0,0.0,0.0,0.0,0.0,0.0,0.0,0.0,0.0,0.0,0.0,0.0,0.0,0.0,0.0
-8.132,-9.116933,0.0,0.0,0.0,0.0,0.0,0.0,0.0,0.0,0.0,0.0,0.0,0.0,0.0,0.0,0.0,0.0
-8.118,-9.102933,0.0,0.0,0.0,0.0,0.0,0.0,0.0,0.0,0.0,0.0,0.0,0.0,0.0,0.0,0.0,0.0
-8.105,-9.089933,0.0,0.0,0.0,0.0,0.0,0.0,0.0,0.0,0.0,0.0,0.0,0.0,0.0,0.0,0.0,0.0
-8.092,-9.076933,0.0,0.0,0.0,0.0,0.0,0.0,0.0,0.0,0.0,0.0,0.0,0.0,0.0,0.0,0.0,0.0
-8.079,-9.063933,0.0,0.0,0.0,0.0,0.0,0.0,0.0,0.0,0.0,0.0,0.0,0.0,0.0,0.0,0.0,0.0
-8.065,-9.049933,0.0,0.0,0.0,0.0,0.0,0.0,0.0,0.0,0.0,0.0,0.0,0.0,0.0,0.0,0.0,0.0
-8.052,-9.036933,0.0,0.0,0.0,0.0,0.0,0.0,0.0,0.0,0.0,0.0,0.0,0.0,0.0,0.0,0.0,0.0
-8.039,-9.023933,0.0,0.0,0.0,0.0,0.0,0.0,0.0,0.0,0.0,0.0,0.0,0.0,0.0,0.0,0.0,0.0
-8.026,-9.010933,0.0,0.0,0.0,0.0,0.0,0.0,0.0,0.0,0.0,0.0,0.0,0.0,0.0,0.0,0.0,0.0
-8.013,-8.997933,0.0,0.0,0.0,0.0,0.0,0.0,0.0,0.0,0.0,0.0,0.0,0.0,0.0,0.0,0.0,0.0
-7.999,-8.983933,0.0,0.0,0.0,0.0,0.0,0.0,0.0,0.0,0.0,0.0,0.0,0.0,0.0,0.0,0.0,0.0
-7.986,-8.970933,0.0,0.0,0.0,0.0,0.0,0.0,0.0,0.0,0.0,0.0,0.0,0.0,0.0,0.0,0.0,0.0
-7.973,-8.957933,0.0,0.0,0.0,0.0,0.0,0.0,0.0,0.0,0.0,0.0,0.0,0.0,0.0,0.0,0.0,0.0
-7.96,-8.944933,0.0,0.0,0.0,0.0,0.0,0.0,0.0,0.0,0.0,0.0,0.0,0.0,0.0,0.0,0.0,0.0
-7.946,-8.930933,0.0,0.0,0.0,0.0,0.0,0.0,0.0,0.0,0.0,0.0,0.0,0.0,0.0,0.0,0.0,0.0
-7.933,-8.917933,0.0,0.0,0.0,0.0,0.0,0.0,0.0,0.0,0.0,0.0,0.0,0.0,0.0,0.0,0.0,0.0
-7.92,-8.904933,0.0,0.0,0.0,0.0,0.0,0.0,0.0,0.0,0.0,0.0,0.0,0.0,0.0,0.0,0.0,0.0
-7.907,-8.891933,0.0,0.0,0.0,0.0,0.0,0.0,0.0,0.0,0.0,0.0,0.0,0.0,0.0,0.0,0.0,0.0
-7.893,-8.877933,0.0,0.0,0.0,0.0,0.0,0.0,0.0,0.0,0.0,0.0,0.0,0.0,0.0,0.0,0.0,0.0
-7.88,-8.864933,0.0,0.0,0.0,0.0,0.0,0.0,0.0,0.0,0.0,0.0,0.0,0.0,0.0,0.0,0.0,0.0
-7.867,-8.851933,0.0,0.0,0.0,0.0,0.0,0.0,0.0,0.0,0.0,0.0,0.0,0.0,0.0,0.0,0.0,0.0
-7.854,-8.838933,0.0,0.0,0.0,0.0,0.0,0.0,0.0,0.0,0.0,0.0,0.0,0.0,0.0,0.0,0.0,0.0
-7.84,-8.824933,0.0,0.0,0.0,0.0,0.0,0.0,0.0,0.0,0.0,0.0,0.0,0.0,0.0,0.0,0.0,0.0
-7.827,-8.811933,0.0,0.0,0.0,0.0,0.0,0.0,0.0,0.0,0.0,0.0,0.0,0.0,0.0,0.0,0.0,0.0
-7.814,-8.798933,0.0,0.0,0.0,0.0,0.0,0.0,0.0,0.0,0.0,0.0,0.0,0.0,0.0,0.0,0.0,0.0
-7.801,-8.785933,0.0,0.0,0.0,0.0,0.0,0.0,0.0,0.0,0.0,0.0,0.0,0.0,0.0,0.0,0.0,0.0
-7.787,-8.771933,0.0,0.0,0.0,0.0,0.0,0.0,0.0,0.0,0.0,0.0,0.0,0.0,0.0,0.0,0.0,0.0
-7.774,-8.758933,0.0,0.0,0.0,0.0,0.0,0.0,0.0,0.0,0.0,0.0,0.0,0.0,0.0,0.0,0.0,0.0
-7.761,-8.745933,0.0,0.0,0.0,0.0,0.0,0.0,0.0,0.0,0.0,0.0,0.0,0.0,0.0,0.0,0.0,0.0
-7.748,-8.732933000000001,0.0,0.0,0.0,0.0,0.0,0.0,0.0,0.0,0.0,0.0,0.0,0.0,0.0,0.0,0.0,0.0
-7.734,-8.718933,0.0,0.0,0.0,0.0,0.0,0.0,0.0,0.0,0.0,0.0,0.0,0.0,0.0,0.0,0.0,0.0
-7.721,-8.705933,0.0,0.0,0.0,0.0,0.0,0.0,0.0,0.0,0.0,0.0,0.0,0.0,0.0,0.0,0.0,0.0
-7.708,-8.692933,0.0,0.0,0.0,0.0,0.0,0.0,0.0,0.0,0.0,0.0,0.0,0.0,0.0,0.0,0.0,0.0
-7.695,-8.679933,0.0,0.0,0.0,0.0,0.0,0.0,0.0,0.0,0.0,0.0,0.0,0.0,0.0,0.0,0.0,0.0
-7.681,-8.665933,0.0,0.0,0.0,0.0,0.0,0.0,0.0,0.0,0.0,0.0,0.0,0.0,0.0,0.0,0.0,0.0
-7.668,-8.652933,0.0,0.0,0.0,0.0,0.0,0.0,0.0,0.0,0.0,0.0,0.0,0.0,0.0,0.0,0.0,0.0
-7.655,-8.639933000000001,0.0,0.0,0.0,0.0,0.0,0.0,0.0,0.0,0.0,0.0,0.0,0.0,0.0,0.0,0.0,0.0
-7.642,-8.626933000000001,0.0,0.0,0.0,0.0,0.0,0.0,0.0,0.0,0.0,0.0,0.0,0.0,0.0,0.0,0.0,0.0
-7.628,-8.612933,0.0,0.0,0.0,0.0,0.0,0.0,0.0,0.0,0.0,0.0,0.0,0.0,0.0,0.0,0.0,0.0
-7.615,-8.599933,0.0,0.0,0.0,0.0,0.0,0.0,0.0,0.0,0.0,0.0,0.0,0.0,0.0,0.0,0.0,0.0
-7.602,-8.586933,0.0,0.0,0.0,0.0,0.0,0.0,0.0,0.0,0.0,0.0,0.0,0.0,0.0,0.0,0.0,0.0
-7.589,-8.573933,0.0,0.0,0.0,0.0,0.0,0.0,0.0,0.0,0.0,0.0,0.0,0.0,0.0,0.0,0.0,0.0
-7.575,-8.559933000000001,0.0,0.0,0.0,0.0,0.0,0.0,0.0,0.0,0.0,0.0,0.0,0.0,0.0,0.0,0.0,0.0
-7.562,-8.546933000000001,0.0,0.0,0.0,0.0,0.0,0.0,0.0,0.0,0.0,0.0,0.0,0.0,0.0,0.0,0.0,0.0
-7.549,-8.533933000000001,0.0,0.0,0.0,0.0,0.0,0.0,0.0,0.0,0.0,0.0,0.0,0.0,0.0,0.0,0.0,0.0
-7.536,-8.520933,0.0,0.0,0.0,0.0,0.0,0.0,0.0,0.0,0.0,0.0,0.0,0.0,0.0,0.0,0.0,0.0
-7.523,-8.507933,0.0,0.0,0.0,0.0,0.0,0.0,0.0,0.0,0.0,0.0,0.0,0.0,0.0,0.0,0.0,0.0
-7.509,-8.493933,0.0,0.0,0.0,0.0,0.0,0.0,0.0,0.0,0.0,0.0,0.0,0.0,0.0,0.0,0.0,0.0
-7.496,-8.480933,0.0,0.0,0.0,0.0,0.0,0.0,0.0,0.0,0.0,0.0,0.0,0.0,0.0,0.0,0.0,0.0
-7.483,-8.467933,0.0,0.0,0.0,0.0,0.0,0.0,0.0,0.0,0.0,0.0,0.0,0.0,0.0,0.0,0.0,0.0
-7.47,-8.454933,0.0,0.0,0.0,0.0,0.0,0.0,0.0,0.0,0.0,0.0,0.0,0.0,0.0,0.0,0.0,0.0
-7.456,-8.440933000000001,0.0,0.0,0.0,0.0,0.0,0.0,0.0,0.0,0.0,0.0,0.0,0.0,0.0,0.0,0.0,0.0
-7.443,-8.427933,0.0,0.0,0.0,0.0,0.0,0.0,0.0,0.0,0.0,0.0,0.0,0.0,0.0,0.0,0.0,0.0
-7.43,-8.414933,0.0,0.0,0.0,0.0,0.0,0.0,0.0,0.0,0.0,0.0,0.0,0.0,0.0,0.0,0.0,0.0
-7.417,-8.401933,0.0,0.0,0.0,0.0,0.0,0.0,0.0,0.0,0.0,0.0,0.0,0.0,0.0,0.0,0.0,0.0
-7.403,-8.387933,0.0,0.0,0.0,0.0,0.0,0.0,0.0,0.0,0.0,0.0,0.0,0.0,0.0,0.0,0.0,0.0
-7.39,-8.374933,0.0,0.0,0.0,0.0,0.0,0.0,0.0,0.0,0.0,0.0,0.0,0.0,0.0,0.0,0.0,0.0
-7.377,-8.361933,0.0,0.0,0.0,0.0,0.0,0.0,0.0,0.0,0.0,0.0,0.0,0.0,0.0,0.0,0.0,0.0
-7.364,-8.348933,0.0,0.0,0.0,0.0,0.0,0.0,0.0,0.0,0.0,0.0,0.0,0.0,0.0,0.0,0.0,0.0
-7.35,-8.334933,0.0,0.0,0.0,0.0,0.0,0.0,0.0,0.0,0.0,0.0,0.0,0.0,0.0,0.0,0.0,0.0
-7.337,-8.321933,0.0,0.0,0.0,0.0,0.0,0.0,0.0,0.0,0.0,0.0,0.0,0.0,0.0,0.0,0.0,0.0
-7.324,-8.308933,0.0,0.0,0.0,0.0,0.0,0.0,0.0,0.0,0.0,0.0,0.0,0.0,0.0,0.0,0.0,0.0
-7.311,-8.295933,0.0,0.0,0.0,0.0,0.0,0.0,0.0,0.0,0.0,0.0,0.0,0.0,0.0,0.0,0.0,0.0
-7.297,-8.281933,0.0,0.0,0.0,0.0,0.0,0.0,0.0,0.0,0.0,0.0,0.0,0.0,0.0,0.0,0.0,0.0
-7.284,-8.268933,0.0,0.0,0.0,0.0,0.0,0.0,0.0,0.0,0.0,0.0,0.0,0.0,0.0,0.0,0.0,0.0
-7.271,-8.255933,0.0,0.0,0.0,0.0,0.0,0.0,0.0,0.0,0.0,0.0,0.0,0.0,0.0,0.0,0.0,0.0
-7.258,-8.242933,0.0,0.0,0.0,0.0,0.0,0.0,0.0,0.0,0.0,0.0,0.0,0.0,0.0,0.0,0.0,0.0
-7.244,-8.228933,0.0,0.0,0.0,0.0,0.0,0.0,0.0,0.0,0.0,0.0,0.0,0.0,0.0,0.0,0.0,0.0
-7.231,-8.215933,0.0,0.0,0.0,0.0,0.0,0.0,0.0,0.0,0.0,0.0,0.0,0.0,0.0,0.0,0.0,0.0
-7.218,-8.202933,0.0,0.0,0.0,0.0,0.0,0.0,0.0,0.0,0.0,0.0,0.0,0.0,0.0,0.0,0.0,0.0
-7.205,-8.189933,0.0,0.0,0.0,0.0,0.0,0.0,0.0,0.0,0.0,0.0,0.0,0.0,0.0,0.0,0.0,0.0
-7.191,-8.175933,0.0,0.0,0.0,0.0,0.0,0.0,0.0,0.0,0.0,0.0,0.0,0.0,0.0,0.0,0.0,0.0
-7.178,-8.162933,0.0,0.0,0.0,0.0,0.0,0.0,0.0,0.0,0.0,0.0,0.0,0.0,0.0,0.0,0.0,0.0
-7.165,-8.149933,0.0,0.0,0.0,0.0,0.0,0.0,0.0,0.0,0.0,0.0,0.0,0.0,0.0,0.0,0.0,0.0
-7.152,-8.136933,0.32295,8.856e-06,0.015075999999999999,5.32997e-06,0.11,0.000641635,4.684805e-06,0.025505,4.7345e-05,6.588350000000001e-07,0.008953299999999999,0.037542339999999993,0.0,0.001795945,0.0114206525,0.00012150965
-7.138,-8.122933,1.06,2.8284999999999998e-05,0.06348649999999999,1.687245e-05,0.35729999999999995,0.002146515,1.63476e-05,0.079425,0.00027322999999999996,4.78305e-06,0.0291274,0.12106192500000001,0.0,0.00594945,0.0366121705,0.0004091145
-7.125,-8.109933,1.3835,3.541e-05,0.110675,2.1075700000000002e-05,0.458,0.0028557,2.3608400000000003e-05,0.09612,0.0005373000000000001,1.179005e-05,0.03723225,0.15388028,0.0,0.007901950000000001,0.04596675,0.0005528835000000001
-7.112,-8.096933,1.8535,4.5675e-05,0.18373,2.71026e-05,0.60175,0.003856,3.378145e-05,0.12025,0.00089025,2.4558900000000003e-05,0.048809,0.20067934999999998,0.0,0.01054285,0.05951497,0.0007537345
-7.099,-8.083933,2.414,5.629e-05,0.30598000000000003,3.34672e-05,0.75945,0.005025750000000001,4.7522500000000005e-05,0.14235,0.00139785,4.721355000000001e-05,0.061244,0.2511037,0.0,0.013551,0.07369126,0.0009959225
-7.085,-8.069933,2.9895,6.4855e-05,0.48783,3.887065e-05,0.8981,0.0061583,6.42125e-05,0.1557,0.0019848,8.318750000000001e-05,0.0716815,0.2942027,0.0,0.0163465,0.08518680000000001,0.00124293
-7.072,-8.056933,3.7835,7.555499999999999e-05,0.76641,4.5957550000000005e-05,1.076,0.0076089,8.70325e-05,0.17185,0.00273555,0.000136509,0.08478050000000001,0.3493360999999999,0.0,0.0198305,0.09985779999999998,0.0015631745
-7.059,-8.043933,5.215,9.510499999999999e-05,1.2745549999999999,5.8953e-05,1.3904999999999998,0.010106299999999999,0.000124679,0.20315,0.0039245,0.0002452795,0.10852,0.44702105,0.0,0.0253525,0.12683185,0.0021176725000000003
-7.046,-8.030933000000001,6.84,0.000105085,2.119,6.884e-05,1.626,0.01234955,0.0001769455,0.2044,0.005253,0.000399461,0.122406,0.5176242000000001,0.0,0.030357000000000002,0.1428917,0.0026678350000000003
-7.032,-8.016933,10.23,0.00012805,3.8706,9.0392e-05,2.109,0.0166742,0.000278115,0.22105000000000002,0.0074129999999999995,0.0007389559999999999,0.153085,0.66376065,0.0,0.039108000000000004,0.1795765,0.0037389050000000003
-7.019,-8.003933,20.55,0.00017856,9.4842,0.0001516295,3.4284999999999997,0.0282275,0.0005902850000000001,0.26165,0.0126085,0.0019376799999999998,0.23294399999999998,1.0637780000000001,0.0,0.06236,0.278433,0.00677212
-7.006,-7.990933,76.8,0.00033075,46.083,0.00038302999999999997,7.167999999999999,0.062863,0.0020079499999999997,0.28105,0.029305,0.00602255,0.43989,2.2485039999999996,0.0,0.13594,0.6107899999999999,0.016320710000000002
-6.993,-7.977933,97.8,0.0003182,64.126,0.00044014,6.1125,0.053485500000000005,0.00207995,0.15665,0.027056999999999998,0.0057,0.37845500000000004,1.962822,0.0,0.13072,0.567385,0.01569137
-6.98,-7.964933,97.8,0.00024759999999999995,69.813,0.00036235,2.806,0.025244,0.00139555,0.12455,0.010957,0.0040216,0.22256,1.0055295,0.0,0.09167499999999999,0.381335,0.009295024999999998
-6.966,-7.950933,118.6,0.00019817,88.96,0.00033036000000000003,1.0354999999999999,0.0121995,0.0015522,0.066315,0.006002499999999999,0.0026068,0.104245,0.5742784999999999,0.0,0.16222499999999998,0.23756,0.006537585
-6.953,-7.937933,154.15,0.00024324999999999998,116.015,0.000359115,1.4085,0.018128,0.0019071000000000001,0.04697,0.0078145,0.0033156,0.15208,0.709975,0.0,0.210195,0.245835,0.01060569
-6.94,-7.924933,279.5,0.00029414999999999997,213.28,0.000353405,0.98975,0.027424499999999997,0.00419005,0.06432,0.017185,0.0045915,0.247165,1.04106,0.0,0.2189,0.261195,0.01273655
-6.927,-7.911932999999999,369.65,0.0002927,280.80999999999995,0.00042730000000000003,2.005,0.0278895,0.00393525,0.1756,0.0263475,0.009963350000000001,0.554905,1.764115,0.0,0.152235,0.288105,0.015601150000000001
-6.913,-7.897933,163.95,0.0001089,124.565,0.0001563105,0.91655,0.0081921,0.001218825,0.18580000000000002,0.012439,0.0036013,0.308905,0.737275,0.0,0.065285,0.132175,0.00817355
-6.9,-7.884933,8.23,5.791e-05,4.6686,5.0600500000000005e-05,0.8781,0.004104399999999999,7.4745e-05,0.11199999999999999,0.004225,0.000335769,0.1207755,0.2673845,0.0,0.026846000000000002,0.0851362,0.0013961680000000001
-6.887,-7.871932999999999,6.92,6.571499999999999e-05,3.37735,5.3947e-05,1.0434999999999999,0.0052488,7.069550000000001e-05,0.11069999999999999,0.0049825,0.000404901,0.13911199999999999,0.3091799,0.0,0.0328225,0.09297599999999999,0.0016508490000000002
-6.874,-7.8589329999999995,8.605,9.507000000000001e-05,3.7194000000000003,7.766e-05,1.589,0.0083896,9.12465e-05,0.1377,0.007285999999999999,0.000798497,0.2057595,0.4563895,0.0,0.050058000000000005,0.13553765,0.00250491
-6.86,-7.844933,10.705,0.000131015,4.06365,0.00010782600000000001,2.3179999999999996,0.012683549999999998,0.0001180675,0.16665,0.010714000000000001,0.00121827,0.29539550000000003,0.6544874999999999,0.0,0.07396,0.1892736,0.00372384
-6.847,-7.831933,11.75,0.00015213,3.9323999999999995,0.000130317,2.883,0.0162598,0.000132169,0.1624,0.0130545,0.00175607,0.363585,0.7964085,0.0,0.092365,0.22796465,0.004664359999999999
-6.834,-7.8189329999999995,13.125,0.000175245,3.89635,0.0001569285,3.5585,0.02047915,0.00014900949999999998,0.14775,0.015677,0.002518995,0.4450475,0.9622175,0.0,0.114165,0.27343485,0.005800845000000001
-6.821,-7.805933,20.58,0.00028845,5.22985,0.00026752499999999996,6.199,0.036218650000000005,0.00024441649999999997,0.14755000000000001,0.027791499999999997,0.00484626,0.76223,1.6463649999999999,0.0,0.20158500000000001,0.4519745,0.01053228
-6.807,-7.791933,33.83,0.0004329,7.721,0.00048011500000000003,10.82,0.0646217,0.0004168465,0.16049999999999998,0.04074,0.011243774999999998,1.32323,2.8505059999999998,0.0,0.3684,0.7526245,0.019065485
-6.794,-7.778932999999999,21.99,0.00020032999999999997,4.9039,0.00029984499999999997,7.15,0.04281535,0.000251232,0.0785,0.0216545,0.008748935,0.88866,1.859938,0.0,0.24257499999999999,0.49227750000000003,0.012726515
-6.781,-7.7659329999999995,7.685,3.2935e-05,1.82537,9.29685e-05,2.4379999999999997,0.014648634999999998,6.1709e-05,0.030335,0.0056825,0.003174189,0.3145815,0.62139305,0.0,0.07817500000000001,0.17610625,0.004129841
-6.768,-7.752933,0.17265,2.9344999999999997e-07,0.038979999999999994,2.04839e-06,0.056375,0.0003423659,1.0913200000000002e-06,0.0002633,0.0001299885,7.594178499999998e-05,0.0073297499999999995,0.01432361,0.0,0.00182155,0.003925811499999999,0.00010082285
-6.754,-7.738932999999999,0.0,0.0,0.0,0.0,0.0,0.0,0.0,0.0,0.0,0.0,0.0,0.0,0.0,0.0,0.0,0.0
-6.741,-7.7259329999999995,0.0,0.0,0.0,0.0,0.0,0.0,0.0,0.0,0.0,0.0,0.0,0.0,0.0,0.0,0.0,0.0
-6.728,-7.712933,0.0,0.0,0.0,0.0,0.0,0.0,0.0,0.0,0.0,0.0,0.0,0.0,0.0,0.0,0.0,0.0
-6.715,-7.699933,0.0,0.0,0.0,0.0,0.0,0.0,0.0,0.0,0.0,0.0,0.0,0.0,0.0,0.0,0.0,0.0
-6.701,-7.6859329999999995,0.0,0.0,0.0,0.0,0.0,0.0,0.0,0.0,0.0,0.0,0.0,0.0,0.0,0.0,0.0,0.0
-6.688,-7.672933,0.0,0.0,0.0,0.0,0.0,0.0,0.0,0.0,0.0,0.0,0.0,0.0,0.0,0.0,0.0,0.0
-6.675,-7.659933,0.0,0.0,0.0,0.0,0.0,0.0,0.0,0.0,0.0,0.0,0.0,0.0,0.0,0.0,0.0,0.0
-6.662,-7.646933,0.0,0.0,0.0,0.0,0.0,0.0,0.0,0.0,0.0,0.0,0.0,0.0,0.0,0.0,0.0,0.0
-6.648,-7.6329329999999995,0.0,0.0,0.0,0.0,0.0,0.0,0.0,0.0,0.0,0.0,0.0,0.0,0.0,0.0,0.0,0.0
-6.635,-7.619933,0.0,0.0,0.0,0.0,0.0,0.0,0.0,0.0,0.0,0.0,0.0,0.0,0.0,0.0,0.0,0.0
-6.622,-7.606933,0.0,0.0,0.0,0.0,0.0,0.0,0.0,0.0,0.0,0.0,0.0,0.0,0.0,0.0,0.0,0.0
-6.609,-7.593933,0.0,0.0,0.0,0.0,0.0,0.0,0.0,0.0,0.0,0.0,0.0,0.0,0.0,0.0,0.0,0.0
-6.595,-7.579933,0.0,0.0,0.0,0.0,0.0,0.0,0.0,0.0,0.0,0.0,0.0,0.0,0.0,0.0,0.0,0.0
-6.582,-7.566933,0.0,0.0,0.0,0.0,0.0,0.0,0.0,0.0,0.0,0.0,0.0,0.0,0.0,0.0,0.0,0.0
-6.569,-7.553933,0.0,0.0,0.0,0.0,0.0,0.0,0.0,0.0,0.0,0.0,0.0,0.0,0.0,0.0,0.0,0.0
-6.556,-7.540933,0.0,0.0,0.0,0.0,0.0,0.0,0.0,0.0,0.0,0.0,0.0,0.0,0.0,0.0,0.0,0.0
-6.542,-7.526933,0.0,0.0,0.0,0.0,0.0,0.0,0.0,0.0,0.0,0.0,0.0,0.0,0.0,0.0,0.0,0.0
-6.529,-7.513933,0.0,0.0,0.0,0.0,0.0,0.0,0.0,0.0,0.0,0.0,0.0,0.0,0.0,0.0,0.0,0.0
-6.516,-7.500933,0.0,0.0,0.0,0.0,0.0,0.0,0.0,0.0,0.0,0.0,0.0,0.0,0.0,0.0,0.0,0.0
-6.503,-7.487933,0.0,0.0,0.0,0.0,0.0,0.0,0.0,0.0,0.0,0.0,0.0,0.0,0.0,0.0,0.0,0.0
-6.489,-7.473933,0.0,0.0,0.0,0.0,0.0,0.0,0.0,0.0,0.0,0.0,0.0,0.0,0.0,0.0,0.0,0.0
-6.476,-7.460933,0.0,0.0,0.0,0.0,0.0,0.0,0.0,0.0,0.0,0.0,0.0,0.0,0.0,0.0,0.0,0.0
-6.463,-7.447933,0.0,0.0,0.0,0.0,0.0,0.0,0.0,0.0,0.0,0.0,0.0,0.0,0.0,0.0,0.0,0.0
-6.45,-7.434933,0.0,0.0,0.0,0.0,0.0,0.0,0.0,0.0,0.0,0.0,0.0,0.0,0.0,0.0,0.0,0.0
-6.437,-7.421933,0.0,0.0,0.0,0.0,0.0,0.0,0.0,0.0,0.0,0.0,0.0,0.0,0.0,0.0,0.0,0.0
-6.423,-7.407933,0.0,0.0,0.0,0.0,0.0,0.0,0.0,0.0,0.0,0.0,0.0,0.0,0.0,0.0,0.0,0.0
-6.41,-7.394933,0.0,0.0,0.0,0.0,0.0,0.0,0.0,0.0,0.0,0.0,0.0,0.0,0.0,0.0,0.0,0.0
-6.397,-7.381933,0.0,0.0,0.0,0.0,0.0,0.0,0.0,0.0,0.0,0.0,0.0,0.0,0.0,0.0,0.0,0.0
-6.384,-7.368933,0.0,0.0,0.0,0.0,0.0,0.0,0.0,0.0,0.0,0.0,0.0,0.0,0.0,0.0,0.0,0.0
-6.37,-7.354933,0.0,0.0,0.0,0.0,0.0,0.0,0.0,0.0,0.0,0.0,0.0,0.0,0.0,0.0,0.0,0.0
-6.357,-7.341933,0.0,0.0,0.0,0.0,0.0,0.0,0.0,0.0,0.0,0.0,0.0,0.0,0.0,0.0,0.0,0.0
-6.344,-7.328933,0.0,0.0,0.0,0.0,0.0,0.0,0.0,0.0,0.0,0.0,0.0,0.0,0.0,0.0,0.0,0.0
-6.331,-7.315933,0.0,0.0,0.0,0.0,0.0,0.0,0.0,0.0,0.0,0.0,0.0,0.0,0.0,0.0,0.0,0.0
-6.317,-7.301933,0.0,0.0,0.0,0.0,0.0,0.0,0.0,0.0,0.0,0.0,0.0,0.0,0.0,0.0,0.0,0.0
-6.304,-7.288933,0.0,0.0,0.0,0.0,0.0,0.0,0.0,0.0,0.0,0.0,0.0,0.0,0.0,0.0,0.0,0.0
-6.291,-7.275933,0.0,0.0,0.0,0.0,0.0,0.0,0.0,0.0,0.0,0.0,0.0,0.0,0.0,0.0,0.0,0.0
-6.278,-7.262932999999999,0.0,0.0,0.0,0.0,0.0,0.0,0.0,0.0,0.0,0.0,0.0,0.0,0.0,0.0,0.0,0.0
-6.264,-7.248933,0.0,0.0,0.0,0.0,0.0,0.0,0.0,0.0,0.0,0.0,0.0,0.0,0.0,0.0,0.0,0.0
-6.251,-7.235933,0.0,0.0,0.0,0.0,0.0,0.0,0.0,0.0,0.0,0.0,0.0,0.0,0.0,0.0,0.0,0.0
-6.238,-7.222933,0.0,0.0,0.0,0.0,0.0,0.0,0.0,0.0,0.0,0.0,0.0,0.0,0.0,0.0,0.0,0.0
-6.225,-7.2099329999999995,0.0,0.0,0.0,0.0,0.0,0.0,0.0,0.0,0.0,0.0,0.0,0.0,0.0,0.0,0.0,0.0
-6.211,-7.195933,0.0,0.0,0.0,0.0,0.0,0.0,0.0,0.0,0.0,0.0,0.0,0.0,0.0,0.0,0.0,0.0
-6.198,-7.182933,0.0,0.0,0.0,0.0,0.0,0.0,0.0,0.0,0.0,0.0,0.0,0.0,0.0,0.0,0.0,0.0
-6.185,-7.1699329999999994,0.0,0.0,0.0,0.0,0.0,0.0,0.0,0.0,0.0,0.0,0.0,0.0,0.0,0.0,0.0,0.0
-6.172,-7.1569329999999995,0.0,0.0,0.0,0.0,0.0,0.0,0.0,0.0,0.0,0.0,0.0,0.0,0.0,0.0,0.0,0.0
-6.158,-7.142933,0.0,0.0,0.0,0.0,0.0,0.0,0.0,0.0,0.0,0.0,0.0,0.0,0.0,0.0,0.0,0.0
-6.145,-7.129932999999999,0.0,0.0,0.0,0.0,0.0,0.0,0.0,0.0,0.0,0.0,0.0,0.0,0.0,0.0,0.0,0.0
-6.132,-7.1169329999999995,0.0,0.0,0.0,0.0,0.0,0.0,0.0,0.0,0.0,0.0,0.0,0.0,0.0,0.0,0.0,0.0
-6.119,-7.103933,0.0,0.0,0.0,0.0,0.0,0.0,0.0,0.0,0.0,0.0,0.0,0.0,0.0,0.0,0.0,0.0
-6.105,-7.089933,0.0,0.0,0.0,0.0,0.0,0.0,0.0,0.0,0.0,0.0,0.0,0.0,0.0,0.0,0.0,0.0
-6.092,-7.0769329999999995,0.0,0.0,0.0,0.0,0.0,0.0,0.0,0.0,0.0,0.0,0.0,0.0,0.0,0.0,0.0,0.0
-6.079,-7.063933,0.0,0.0,0.0,0.0,0.0,0.0,0.0,0.0,0.0,0.0,0.0,0.0,0.0,0.0,0.0,0.0
-6.066,-7.050933,0.0,0.0,0.0,0.0,0.0,0.0,0.0,0.0,0.0,0.0,0.0,0.0,0.0,0.0,0.0,0.0
-6.052,-7.036932999999999,0.0,0.0,0.0,0.0,0.0,0.0,0.0,0.0,0.0,0.0,0.0,0.0,0.0,0.0,0.0,0.0
-6.039,-7.0239329999999995,0.0,0.0,0.0,0.0,0.0,0.0,0.0,0.0,0.0,0.0,0.0,0.0,0.0,0.0,0.0,0.0
-6.026,-7.010933,0.0,0.0,0.0,0.0,0.0,0.0,0.0,0.0,0.0,0.0,0.0,0.0,0.0,0.0,0.0,0.0
-6.013,-6.997933,0.0,0.0,0.0,0.0,0.0,0.0,0.0,0.0,0.0,0.0,0.0,0.0,0.0,0.0,0.0,0.0
-5.999,-6.9839329999999995,0.0,0.0,0.0,0.0,0.0,0.0,0.0,0.0,0.0,0.0,0.0,0.0,0.0,0.0,0.0,0.0
-5.986,-6.970933,0.0,0.0,0.0,0.0,0.0,0.0,0.0,0.0,0.0,0.0,0.0,0.0,0.0,0.0,0.0,0.0
-5.973,-6.957933,0.0,0.0,0.0,0.0,0.0,0.0,0.0,0.0,0.0,0.0,0.0,0.0,0.0,0.0,0.0,0.0
-5.96,-6.944933,0.0,0.0,0.0,0.0,0.0,0.0,0.0,0.0,0.0,0.0,0.0,0.0,0.0,0.0,0.0,0.0
-5.946,-6.930933,0.0,0.0,0.0,0.0,0.0,0.0,0.0,0.0,0.0,0.0,0.0,0.0,0.0,0.0,0.0,0.0
-5.933,-6.917933,0.0,0.0,0.0,0.0,0.0,0.0,0.0,0.0,0.0,0.0,0.0,0.0,0.0,0.0,0.0,0.0
-5.92,-6.904933,0.0,0.0,0.0,0.0,0.0,0.0,0.0,0.0,0.0,0.0,0.0,0.0,0.0,0.0,0.0,0.0
-5.907,-6.891933,0.0,0.0,0.0,0.0,0.0,0.0,0.0,0.0,0.0,0.0,0.0,0.0,0.0,0.0,0.0,0.0
-5.894,-6.878933,0.0,0.0,0.0,0.0,0.0,0.0,0.0,0.0,0.0,0.0,0.0,0.0,0.0,0.0,0.0,0.0
-5.88,-6.864933,0.0,0.0,0.0,0.0,0.0,0.0,0.0,0.0,0.0,0.0,0.0,0.0,0.0,0.0,0.0,0.0
-5.867,-6.851933,0.44995,9.7195e-06,0.001644075,1.98365e-05,0.0009757,0.002585155,4.53298e-05,0.1985,0.00125285,8.648950000000001e-06,0.012594249999999998,0.06060779,0.0,0.0038615,0.018355154999999998,0.00032018985000000004
-5.854,-6.838933,3.9495,6.9985e-05,0.01370085,0.000181166,0.0147,0.020392,0.0006630255,1.746,0.011377,8.554449999999999e-05,0.1132685,0.52921555,0.0,0.035111500000000004,0.1600903,0.0028679905
-5.841,-6.825933,9.17,0.00016222,0.031943700000000005,0.00042889,0.05135,0.043135,0.0021791164999999998,4.054,0.026803,0.00022239999999999998,0.268787,1.225431,0.0,0.08378000000000001,0.36744790000000005,0.00684858
-5.827,-6.811933,20.07,0.00031669999999999995,0.0734085,0.0009625500000000001,0.12154999999999999,0.07788500000000001,0.0071377515,8.9195,0.059075499999999996,0.000581905,0.6028100000000001,2.6721559999999998,0.0,0.19024,0.79066715,0.015452359999999998
-5.814,-6.798933,21.28,0.00031435,0.0743615,0.0010160450000000001,0.16355,0.07167499999999999,0.009056116,9.4725,0.06371650000000001,0.000710045,0.6505700000000001,2.8345160000000003,0.0,0.209615,0.8198475,0.01695095
-5.801,-6.785933,13.375,0.00021025000000000001,0.04609555,0.00063688,0.1607,0.04548,0.005620161,5.9075,0.0413395,0.0005101400000000001,0.414375,1.7867625,0.0,0.13537500000000002,0.50450445,0.011075075
-5.788,-6.772933,10.065,0.0001742,0.03322965,0.00047995000000000004,0.17459999999999998,0.03424000000000001,0.0041915015,4.406499999999999,0.032319,0.00044909500000000005,0.31793,1.3466695000000002,0.0,0.10459500000000001,0.37224885,0.008683165
-5.774,-6.758933,9.01,0.00016986000000000003,0.028730299999999997,0.00042918000000000003,0.19415,0.030957,0.0036817725000000004,3.9165,0.029796,0.00045272,0.288635,1.2075934999999998,0.0,0.09557500000000001,0.32788629999999996,0.008024675
-5.761,-6.745933,8.255,0.00016644,0.02519275,0.00038943000000000007,0.21475,0.028314,0.0033189985,3.5625,0.028127,0.00046071999999999997,0.26970500000000003,1.1039014999999999,0.0,0.088695,0.29841315,0.007536375
-5.748,-6.732933,9.06,0.0002019,0.02688965,0.0004268,0.28025,0.0320375,0.0034645925000000004,3.8745000000000003,0.03178,0.0005661849999999999,0.30124999999999996,1.2093925,0.0,0.098315,0.32564085,0.008490165000000001
-5.735,-6.719933,7.62,0.00017595,0.0204745,0.00035141150000000005,0.26295,0.0258535,0.0029593300000000005,3.245,0.027343,0.0005250674999999999,0.258865,1.01152,0.0,0.08334,0.27412665,0.007247249999999999
-5.721,-6.705933,5.33,0.00014455999999999998,0.013983800000000001,0.0002450775,0.21185,0.0203415,0.0017438965,2.2409999999999997,0.02,0.0003904165,0.181295,0.7157094999999999,0.0,0.060094999999999996,0.1843593,0.005306415
-5.708,-6.692933,4.076,0.000123485,0.010713499999999999,0.00018008300000000002,0.1819,0.017329999999999998,0.00103639355,1.694,0.016055,0.000280558,0.14032,0.5468565000000001,0.0,0.04577,0.14168405,0.0041109685
-5.695,-6.679933,3.482,0.00011433,0.008985149999999999,0.000151342,0.16925,0.015460999999999999,0.0007712647500000001,1.435,0.0142055,0.000236489,0.12112500000000001,0.4680115,0.0,0.039529999999999996,0.11963014999999999,0.0035932805000000005
-5.682,-6.666933,3.118,0.000109695,0.0079833,0.000133945,0.1639,0.014242,0.00062390565,1.275,0.0131455,0.0002153605,0.10948500000000001,0.42115900000000006,0.0,0.03617,0.1043415,0.003322279
-5.668,-6.652933,2.7955,0.000104565,0.00703155,0.00011898200000000001,0.15710000000000002,0.0130335,0.0005126391999999999,1.1355,0.012139,0.0001951705,0.099095,0.3791824999999999,0.0,0.033065000000000004,0.09133034999999999,0.0030663475000000003
-5.655,-6.639933,2.3575,9.419499999999999e-05,0.00571935,9.797899999999999e-05,0.14125,0.011344,0.00036030725,0.95065,0.010608,0.00015132699999999998,0.0847,0.3192485,0.0,0.027992000000000003,0.07691535,0.0026260875
-5.642,-6.626933,2.0615,8.7735e-05,0.00480945,8.406650000000001e-05,0.13169999999999998,0.010128000000000002,0.0002697998,0.8252,0.0096075,0.0001253155,0.075046,0.27955399999999997,0.0,0.0248195,0.0661973,0.0023549845
-5.629,-6.613932999999999,1.9285,8.5435e-05,0.0045357,7.75195e-05,0.1293,0.0095185,0.00023856464999999998,0.7678499999999999,0.0092245,0.0001170125,0.07087600000000001,0.262598,0.0,0.023674499999999998,0.06025725,0.0022641575000000003
-5.615,-6.599933,1.8605,8.4785e-05,0.00448155,7.385949999999999e-05,0.1293,0.009198999999999999,0.00022425084999999997,0.7376499999999999,0.009076,0.000114492,0.06883349999999999,0.2545355,0.0,0.023275499999999998,0.05642685,0.0022380605000000002
-5.602,-6.586933,1.716,8.056e-05,0.004155150000000001,6.71115e-05,0.12329999999999999,0.00851,0.0001953409,0.6778,0.00854,0.0001035555,0.06406550000000001,0.23513099999999998,0.0,0.0217035,0.05125759999999999,0.0021007565000000002
-5.589,-6.573933,1.5355,7.429e-05,0.0036856999999999997,5.9048999999999997e-05,0.11375,0.007651000000000001,0.0001590063,0.60415,0.007797,8.7957e-05,0.0578355,0.21028965,0.0,0.0195285,0.04550335,0.0019035249999999999
-5.576,-6.5609329999999995,1.367,6.8415e-05,0.00323975,5.1643e-05,0.1047,0.006834000000000001,0.00012729385,0.5359,0.007103,7.3896e-05,0.052042500000000005,0.1872303,0.0,0.01752,0.0401571,0.0017201084999999999
-5.562,-6.546933,1.26,6.5115e-05,0.002982605,4.6798e-05,0.099775,0.006292,0.00010959045,0.49195,0.00669205,6.6424e-05,0.048428,0.17293865,0.0,0.016365499999999998,0.036199949999999995,0.0016184675000000001
-5.549,-6.533933,1.1605,6.1795e-05,0.002741215,4.234595e-05,0.094805,0.0057929999999999995,9.350540000000001e-05,0.45130000000000003,0.0062928,5.92515e-05,0.045010499999999995,0.1596051,0.0,0.015274,0.03260355,0.0015202275
-5.536,-6.520932999999999,1.0605,5.818e-05,0.002503875,3.79142e-05,0.08936,0.005297,7.76603e-05,0.411,0.00587735,5.1497000000000005e-05,0.041552,0.1461653,0.0,0.014131499999999998,0.029196800000000002,0.001416348
-5.523,-6.5079329999999995,0.965,5.4775e-05,0.0022882049999999998,3.352545e-05,0.084245,0.00480585,6.303114999999998e-05,0.37229999999999996,0.00548655,4.3890499999999996e-05,0.038269000000000004,0.13328389999999998,0.0,0.013048999999999998,0.025828899999999995,0.0013191474999999999
-5.509,-6.493933,0.8805,5.123499999999999e-05,0.0020938750000000002,2.999675e-05,0.078875,0.004358000000000001,5.4354225e-05,0.3386,0.00509945,3.91395e-05,0.035218000000000006,0.12190075,0.0,0.012063,0.02295395,0.0012265867999999998
-5.496,-6.480933,0.7795,4.623e-05,0.00186149,2.6065649999999997e-05,0.07119,0.0038379,4.527244e-05,0.2993,0.0045829,3.32995e-05,0.0314455,0.10800525000000001,0.0,0.010755500000000001,0.02008155,0.00109944965
-5.483,-6.4679329999999995,0.692,4.179e-05,0.0016564350000000002,2.266695e-05,0.06439,0.00338665,3.7510825e-05,0.26505,0.0041265,2.8242949999999997e-05,0.028127499999999996,0.09590330000000001,0.0,0.009614,0.0175678,0.00098785385
-5.47,-6.454933,0.614,3.7745e-05,0.00147294,1.969115e-05,0.058185,0.0029872,3.0942785e-05,0.2346,0.003713,2.38761e-05,0.025144,0.08513515,0.0,0.0085945,0.01532886,0.0008876694499999999
-5.456,-6.440933,0.534,3.35e-05,0.0012889949999999998,1.673895e-05,0.05167,0.00258085,2.4994640000000002e-05,0.20375,0.0032828500000000004,1.9823400000000004e-05,0.022073,0.07418484999999998,0.0,0.007549999999999999,0.01307645,0.0007841174000000001
-5.443,-6.4279329999999995,0.47545,3.05e-05,0.0011566999999999999,1.4497035e-05,0.047085,0.00226875,2.1043034999999997e-05,0.1809,0.00297635,1.715145e-05,0.019837999999999998,0.0662092,0.0,0.00681,0.01127274,0.00071169305
-5.43,-6.4149329999999996,0.43165,2.8290000000000002e-05,0.00105894,1.2823885e-05,0.043734999999999996,0.0020323,1.858952e-05,0.1639,0.002749,1.550415e-05,0.0181745,0.060329299999999995,0.0,0.006278499999999999,0.009835115,0.0006597154
-5.417,-6.401933,0.33425,2.2329999999999998e-05,0.000826705,9.619749999999999e-06,0.03456,0.00155295,1.341986e-05,0.12664999999999998,0.00216405,1.1372200000000001e-05,0.014216000000000001,0.04675955,0.0,0.0049095,0.007432784999999999,0.00051900775
-5.403,-6.387932999999999,0.1826,1.23575e-05,0.000454385,5.12292e-06,0.01913,0.000838335,6.9313049999999995e-06,0.06911,0.00119535,5.94395e-06,0.007824,0.02553835,0.0,0.0026955,0.0040069400000000005,0.00028625968
-5.39,-6.3749329999999995,0.0621,4.228e-06,0.0001549195,1.7260865e-06,0.006546,0.000283505,2.3330885e-06,0.0235,0.00040854,2.016265e-06,0.0026691999999999996,0.00869239,0.0,0.0009197,0.001350895,9.786125000000001e-05
-5.377,-6.361933,0.0026105,1.77675e-07,6.51092e-06,7.254030000000002e-08,0.0002751,1.1915999999999999e-05,9.805119999999999e-08,0.00098765,1.7173e-05,8.47525e-08,0.00011218999999999998,0.000365293,0.0,3.8655e-05,5.67729e-05,4.112769e-06
-5.364,-6.348933,0.0,0.0,0.0,0.0,0.0,0.0,0.0,0.0,0.0,0.0,0.0,0.0,0.0,0.0,0.0,0.0
-5.351,-6.335933,0.0,0.0,0.0,0.0,0.0,0.0,0.0,0.0,0.0,0.0,0.0,0.0,0.0,0.0,0.0,0.0
-5.337,-6.321933,0.0,0.0,0.0,0.0,0.0,0.0,0.0,0.0,0.0,0.0,0.0,0.0,0.0,0.0,0.0,0.0
-5.324,-6.308933,0.0,0.0,0.0,0.0,0.0,0.0,0.0,0.0,0.0,0.0,0.0,0.0,0.0,0.0,0.0,0.0
-5.311,-6.295933,0.0,0.0,0.0,0.0,0.0,0.0,0.0,0.0,0.0,0.0,0.0,0.0,0.0,0.0,0.0,0.0
-5.298,-6.282933,0.0,0.0,0.0,0.0,0.0,0.0,0.0,0.0,0.0,0.0,0.0,0.0,0.0,0.0,0.0,0.0
-5.284,-6.268933,0.0,0.0,0.0,0.0,0.0,0.0,0.0,0.0,0.0,0.0,0.0,0.0,0.0,0.0,0.0,0.0
-5.271,-6.255933,0.0,0.0,0.0,0.0,0.0,0.0,0.0,0.0,0.0,0.0,0.0,0.0,0.0,0.0,0.0,0.0
-5.258,-6.242933,0.0,0.0,0.0,0.0,0.0,0.0,0.0,0.0,0.0,0.0,0.0,0.0,0.0,0.0,0.0,0.0
-5.245,-6.229933,0.0,0.0,0.0,0.0,0.0,0.0,0.0,0.0,0.0,0.0,0.0,0.0,0.0,0.0,0.0,0.0
-5.231,-6.215933,0.0,0.0,0.0,0.0,0.0,0.0,0.0,0.0,0.0,0.0,0.0,0.0,0.0,0.0,0.0,0.0
-5.218,-6.202933,0.0,0.0,0.0,0.0,0.0,0.0,0.0,0.0,0.0,0.0,0.0,0.0,0.0,0.0,0.0,0.0
-5.205,-6.189933,0.0,0.0,0.0,0.0,0.0,0.0,0.0,0.0,0.0,0.0,0.0,0.0,0.0,0.0,0.0,0.0
-5.192,-6.176933,0.0,0.0,0.0,0.0,0.0,0.0,0.0,0.0,0.0,0.0,0.0,0.0,0.0,0.0,0.0,0.0
-5.178,-6.162933,0.0,0.0,0.0,0.0,0.0,0.0,0.0,0.0,0.0,0.0,0.0,0.0,0.0,0.0,0.0,0.0
-5.165,-6.149933,0.0,0.0,0.0,0.0,0.0,0.0,0.0,0.0,0.0,0.0,0.0,0.0,0.0,0.0,0.0,0.0
-5.152,-6.136933,0.0,0.0,0.0,0.0,0.0,0.0,0.0,0.0,0.0,0.0,0.0,0.0,0.0,0.0,0.0,0.0
-5.139,-6.123933,0.0,0.0,0.0,0.0,0.0,0.0,0.0,0.0,0.0,0.0,0.0,0.0,0.0,0.0,0.0,0.0
-5.125,-6.109933,0.0,0.0,0.0,0.0,0.0,0.0,0.0,0.0,0.0,0.0,0.0,0.0,0.0,0.0,0.0,0.0
-5.112,-6.096933,0.0,0.0,0.0,0.0,0.0,0.0,0.0,0.0,0.0,0.0,0.0,0.0,0.0,0.0,0.0,0.0
-5.099,-6.083933,0.0,0.0,0.0,0.0,0.0,0.0,0.0,0.0,0.0,0.0,0.0,0.0,0.0,0.0,0.0,0.0
-5.086,-6.070933,0.0,0.0,0.0,0.0,0.0,0.0,0.0,0.0,0.0,0.0,0.0,0.0,0.0,0.0,0.0,0.0
-5.072,-6.056933,0.0,0.0,0.0,0.0,0.0,0.0,0.0,0.0,0.0,0.0,0.0,0.0,0.0,0.0,0.0,0.0
-5.059,-6.043933,0.0,0.0,0.0,0.0,0.0,0.0,0.0,0.0,0.0,0.0,0.0,0.0,0.0,0.0,0.0,0.0
-5.046,-6.030933,0.0,0.0,0.0,0.0,0.0,0.0,0.0,0.0,0.0,0.0,0.0,0.0,0.0,0.0,0.0,0.0
-5.033,-6.017933,0.0,0.0,0.0,0.0,0.0,0.0,0.0,0.0,0.0,0.0,0.0,0.0,0.0,0.0,0.0,0.0
-5.019,-6.003933,0.0,0.0,0.0,0.0,0.0,0.0,0.0,0.0,0.0,0.0,0.0,0.0,0.0,0.0,0.0,0.0
-5.006,-5.990933,0.0,0.0,0.0,0.0,0.0,0.0,0.0,0.0,0.0,0.0,0.0,0.0,0.0,0.0,0.0,0.0
-4.993,-5.977933,0.0,0.0,0.0,0.0,0.0,0.0,0.0,0.0,0.0,0.0,0.0,0.0,0.0,0.0,0.0,0.0
-4.98,-5.964933,0.0,0.0,0.0,0.0,0.0,0.0,0.0,0.0,0.0,0.0,0.0,0.0,0.0,0.0,0.0,0.0
-4.966,-5.950933,0.0,0.0,0.0,0.0,0.0,0.0,0.0,0.0,0.0,0.0,0.0,0.0,0.0,0.0,0.0,0.0
-4.953,-5.937933,0.0,0.0,0.0,0.0,0.0,0.0,0.0,0.0,0.0,0.0,0.0,0.0,0.0,0.0,0.0,0.0
-4.94,-5.924933,0.0,0.0,0.0,0.0,0.0,0.0,0.0,0.0,0.0,0.0,0.0,0.0,0.0,0.0,0.0,0.0
-4.927,-5.911932999999999,0.0,0.0,0.0,0.0,0.0,0.0,0.0,0.0,0.0,0.0,0.0,0.0,0.0,0.0,0.0,0.0
-4.913,-5.897933,0.0,0.0,0.0,0.0,0.0,0.0,0.0,0.0,0.0,0.0,0.0,0.0,0.0,0.0,0.0,0.0
-4.9,-5.884933,0.0,0.0,0.0,0.0,0.0,0.0,0.0,0.0,0.0,0.0,0.0,0.0,0.0,0.0,0.0,0.0
-4.887,-5.871932999999999,0.0,0.0,0.0,0.0,0.0,0.0,0.0,0.0,0.0,0.0,0.0,0.0,0.0,0.0,0.0,0.0
-4.874,-5.8589329999999995,0.0,0.0,0.0,0.0,0.0,0.0,0.0,0.0,0.0,0.0,0.0,0.0,0.0,0.0,0.0,0.0
-4.86,-5.844933,0.0,0.0,0.0,0.0,0.0,0.0,0.0,0.0,0.0,0.0,0.0,0.0,0.0,0.0,0.0,0.0
-4.847,-5.831933,0.0,0.0,0.0,0.0,0.0,0.0,0.0,0.0,0.0,0.0,0.0,0.0,0.0,0.0,0.0,0.0
-4.834,-5.8189329999999995,0.0,0.0,0.0,0.0,0.0,0.0,0.0,0.0,0.0,0.0,0.0,0.0,0.0,0.0,0.0,0.0
-4.821,-5.805933,0.0,0.0,0.0,0.0,0.0,0.0,0.0,0.0,0.0,0.0,0.0,0.0,0.0,0.0,0.0,0.0
-4.808,-5.792933,0.0,0.0,0.0,0.0,0.0,0.0,0.0,0.0,0.0,0.0,0.0,0.0,0.0,0.0,0.0,0.0
-4.794,-5.778932999999999,0.0,0.0,0.0,0.0,0.0,0.0,0.0,0.0,0.0,0.0,0.0,0.0,0.0,0.0,0.0,0.0
-4.781,-5.7659329999999995,0.0,0.0,0.0,0.0,0.0,0.0,0.0,0.0,0.0,0.0,0.0,0.0,0.0,0.0,0.0,0.0
-4.768,-5.752933,0.0,0.0,0.0,0.0,0.0,0.0,0.0,0.0,0.0,0.0,0.0,0.0,0.0,0.0,0.0,0.0
-4.755,-5.739933,0.0,0.0,0.0,0.0,0.0,0.0,0.0,0.0,0.0,0.0,0.0,0.0,0.0,0.0,0.0,0.0
-4.741,-5.7259329999999995,0.0,0.0,0.0,0.0,0.0,0.0,0.0,0.0,0.0,0.0,0.0,0.0,0.0,0.0,0.0,0.0
-4.728,-5.712933,0.0,0.0,0.0,0.0,0.0,0.0,0.0,0.0,0.0,0.0,0.0,0.0,0.0,0.0,0.0,0.0
-4.715,-5.699933,0.0,0.0,0.0,0.0,0.0,0.0,0.0,0.0,0.0,0.0,0.0,0.0,0.0,0.0,0.0,0.0
-4.702,-5.686933,0.0,0.0,0.0,0.0,0.0,0.0,0.0,0.0,0.0,0.0,0.0,0.0,0.0,0.0,0.0,0.0
-4.688,-5.672933,0.0,0.0,0.0,0.0,0.0,0.0,0.0,0.0,0.0,0.0,0.0,0.0,0.0,0.0,0.0,0.0
-4.675,-5.659933,0.0,0.0,0.0,0.0,0.0,0.0,0.0,0.0,0.0,0.0,0.0,0.0,0.0,0.0,0.0,0.0
-4.662,-5.646933,0.0,0.0,0.0,0.0,0.0,0.0,0.0,0.0,0.0,0.0,0.0,0.0,0.0,0.0,0.0,0.0
-4.649,-5.633933,0.0,0.0,0.0,0.0,0.0,0.0,0.0,0.0,0.0,0.0,0.0,0.0,0.0,0.0,0.0,0.0
-4.635,-5.619933,0.0,0.0,0.0,0.0,0.0,0.0,0.0,0.0,0.0,0.0,0.0,0.0,0.0,0.0,0.0,0.0
-4.622,-5.606933,0.0,0.0,0.0,0.0,0.0,0.0,0.0,0.0,0.0,0.0,0.0,0.0,0.0,0.0,0.0,0.0
-4.609,-5.593933,0.0,0.0,0.0,0.0,0.0,0.0,0.0,0.0,0.0,0.0,0.0,0.0,0.0,0.0,0.0,0.0
-4.596,-5.580933,0.0,0.0,0.0,0.0,0.0,0.0,0.0,0.0,0.0,0.0,0.0,0.0,0.0,0.0,0.0,0.0
-4.582,-5.566933,0.0,0.0,0.0,0.0,0.0,0.0,0.0,0.0,0.0,0.0,0.0,0.0,0.0,0.0,0.0,0.0
-4.569,-5.553933,0.0,0.0,0.0,0.0,0.0,0.0,0.0,0.0,0.0,0.0,0.0,0.0,0.0,0.0,0.0,0.0
-4.556,-5.540933,0.0,0.0,0.0,0.0,0.0,0.0,0.0,0.0,0.0,0.0,0.0,0.0,0.0,0.0,0.0,0.0
-4.543,-5.527933,0.0,0.0,0.0,0.0,0.0,0.0,0.0,0.0,0.0,0.0,0.0,0.0,0.0,0.0,0.0,0.0
-4.529,-5.513933,0.0,0.0,0.0,0.0,0.0,0.0,0.0,0.0,0.0,0.0,0.0,0.0,0.0,0.0,0.0,0.0
-4.516,-5.500933,0.0,0.0,0.0,0.0,0.0,0.0,0.0,0.0,0.0,0.0,0.0,0.0,0.0,0.0,0.0,0.0
-4.503,-5.487933,0.0,0.0,0.0,0.0,0.0,0.0,0.0,0.0,0.0,0.0,0.0,0.0,0.0,0.0,0.0,0.0
-4.49,-5.474933,0.0,0.0,0.0,0.0,0.0,0.0,0.0,0.0,0.0,0.0,0.0,0.0,0.0,0.0,0.0,0.0
-4.476,-5.460933,0.0,0.0,0.0,0.0,0.0,0.0,0.0,0.0,0.0,0.0,0.0,0.0,0.0,0.0,0.0,0.0
-4.463,-5.447933,0.0,0.0,0.0,0.0,0.0,0.0,0.0,0.0,0.0,0.0,0.0,0.0,0.0,0.0,0.0,0.0
-4.45,-5.434933,0.0,0.0,0.0,0.0,0.0,0.0,0.0,0.0,0.0,0.0,0.0,0.0,0.0,0.0,0.0,0.0
-4.437,-5.421933,0.0,0.0,0.0,0.0,0.0,0.0,0.0,0.0,0.0,0.0,0.0,0.0,0.0,0.0,0.0,0.0
-4.423,-5.407933,0.0,0.0,0.0,0.0,0.0,0.0,0.0,0.0,0.0,0.0,0.0,0.0,0.0,0.0,0.0,0.0
-4.41,-5.394933,0.0,0.0,0.0,0.0,0.0,0.0,0.0,0.0,0.0,0.0,0.0,0.0,0.0,0.0,0.0,0.0
-4.397,-5.381933,0.0,0.0,0.0,0.0,0.0,0.0,0.0,0.0,0.0,0.0,0.0,0.0,0.0,0.0,0.0,0.0
-4.384,-5.368933,0.0,0.0,0.0,0.0,0.0,0.0,0.0,0.0,0.0,0.0,0.0,0.0,0.0,0.0,0.0,0.0
-4.37,-5.354933,0.0,0.0,0.0,0.0,0.0,0.0,0.0,0.0,0.0,0.0,0.0,0.0,0.0,0.0,0.0,0.0
-4.357,-5.341933,0.0,0.0,0.0,0.0,0.0,0.0,0.0,0.0,0.0,0.0,0.0,0.0,0.0,0.0,0.0,0.0
-4.344,-5.328933,0.0,0.0,0.0,0.0,0.0,0.0,0.0,0.0,0.0,0.0,0.0,0.0,0.0,0.0,0.0,0.0
-4.331,-5.315933,0.0,0.0,0.0,0.0,0.0,0.0,0.0,0.0,0.0,0.0,0.0,0.0,0.0,0.0,0.0,0.0
-4.317,-5.301933,0.0,0.0,0.0,0.0,0.0,0.0,0.0,0.0,0.0,0.0,0.0,0.0,0.0,0.0,0.0,0.0
-4.304,-5.288933,0.0,0.0,0.0,0.0,0.0,0.0,0.0,0.0,0.0,0.0,0.0,0.0,0.0,0.0,0.0,0.0
-4.291,-5.275933,0.0,0.0,0.0,0.0,0.0,0.0,0.0,0.0,0.0,0.0,0.0,0.0,0.0,0.0,0.0,0.0
-4.278,-5.262932999999999,0.0,0.0,0.0,0.0,0.0,0.0,0.0,0.0,0.0,0.0,0.0,0.0,0.0,0.0,0.0,0.0
-4.265,-5.2499329999999995,0.0,0.0,0.0,0.0,0.0,0.0,0.0,0.0,0.0,0.0,0.0,0.0,0.0,0.0,0.0,0.0
-4.251,-5.235933,0.0,0.0,0.0,0.0,0.0,0.0,0.0,0.0,0.0,0.0,0.0,0.0,0.0,0.0,0.0,0.0
-4.238,-5.222933,0.0,0.0,0.0,0.0,0.0,0.0,0.0,0.0,0.0,0.0,0.0,0.0,0.0,0.0,0.0,0.0
-4.225,-5.2099329999999995,0.0,0.0,0.0,0.0,0.0,0.0,0.0,0.0,0.0,0.0,0.0,0.0,0.0,0.0,0.0,0.0
-4.212,-5.196933,0.0,0.0,0.0,0.0,0.0,0.0,0.0,0.0,0.0,0.0,0.0,0.0,0.0,0.0,0.0,0.0
-4.198,-5.182933,0.0,0.0,0.0,0.0,0.0,0.0,0.0,0.0,0.0,0.0,0.0,0.0,0.0,0.0,0.0,0.0
-4.185,-5.1699329999999994,0.0,0.0,0.0,0.0,0.0,0.0,0.0,0.0,0.0,0.0,0.0,0.0,0.0,0.0,0.0,0.0
-4.172,-5.1569329999999995,0.0,0.0,0.0,0.0,0.0,0.0,0.0,0.0,0.0,0.0,0.0,0.0,0.0,0.0,0.0,0.0
-4.159,-5.143933,0.0,0.0,0.0,0.0,0.0,0.0,0.0,0.0,0.0,0.0,0.0,0.0,0.0,0.0,0.0,0.0
-4.145,-5.129932999999999,0.0,0.0,0.0,0.0,0.0,0.0,0.0,0.0,0.0,0.0,0.0,0.0,0.0,0.0,0.0,0.0
-4.132,-5.1169329999999995,0.0,0.0,0.0,0.0,0.0,0.0,0.0,0.0,0.0,0.0,0.0,0.0,0.0,0.0,0.0,0.0
-4.119,-5.103933,0.0,0.0,0.0,0.0,0.0,0.0,0.0,0.0,0.0,0.0,0.0,0.0,0.0,0.0,0.0,0.0
-4.106,-5.090933,0.0,0.0,0.0,0.0,0.0,0.0,0.0,0.0,0.0,0.0,0.0,0.0,0.0,0.0,0.0,0.0
-4.092,-5.0769329999999995,0.0,0.0,0.0,0.0,0.0,0.0,0.0,0.0,0.0,0.0,0.0,0.0,0.0,0.0,0.0,0.0
-4.079,-5.063933,0.0,0.0,0.0,0.0,0.0,0.0,0.0,0.0,0.0,0.0,0.0,0.0,0.0,0.0,0.0,0.0
-4.066,-5.050933,0.0,0.0,0.0,0.0,0.0,0.0,0.0,0.0,0.0,0.0,0.0,0.0,0.0,0.0,0.0,0.0
-4.053,-5.037933,0.0,0.0,0.0,0.0,0.0,0.0,0.0,0.0,0.0,0.0,0.0,0.0,0.0,0.0,0.0,0.0
-4.039,-5.0239329999999995,0.0,0.0,0.0,0.0,0.0,0.0,0.0,0.0,0.0,0.0,0.0,0.0,0.0,0.0,0.0,0.0
-4.026,-5.010933,0.0,0.0,0.0,0.0,0.0,0.0,0.0,0.0,0.0,0.0,0.0,0.0,0.0,0.0,0.0,0.0
-4.013,-4.997933,0.0,0.0,0.0,0.0,0.0,0.0,0.0,0.0,0.0,0.0,0.0,0.0,0.0,0.0,0.0,0.0
-4.0,-4.984933,0.0,0.0,0.0,0.0,0.0,0.0,0.0,0.0,0.0,0.0,0.0,0.0,0.0,0.0,0.0,0.0
-3.986,-4.9709330000000005,0.0,0.0,0.0,0.0,0.0,0.0,0.0,0.0,0.0,0.0,0.0,0.0,0.0,0.0,0.0,0.0
-3.973,-4.957933,0.0,0.0,0.0,0.0,0.0,0.0,0.0,0.0,0.0,0.0,0.0,0.0,0.0,0.0,0.0,0.0
-3.96,-4.944933,0.0,0.0,0.0,0.0,0.0,0.0,0.0,0.0,0.0,0.0,0.0,0.0,0.0,0.0,0.0,0.0
-3.947,-4.931933,0.0,0.0,0.0,0.0,0.0,0.0,0.0,0.0,0.0,0.0,0.0,0.0,0.0,0.0,0.0,0.0
-3.933,-4.917933,0.0,0.0,0.0,0.0,0.0,0.0,0.0,0.0,0.0,0.0,0.0,0.0,0.0,0.0,0.0,0.0
-3.92,-4.904933,0.0,0.0,0.0,0.0,0.0,0.0,0.0,0.0,0.0,0.0,0.0,0.0,0.0,0.0,0.0,0.0
-3.907,-4.891933,0.0,0.0,0.0,0.0,0.0,0.0,0.0,0.0,0.0,0.0,0.0,0.0,0.0,0.0,0.0,0.0
-3.894,-4.878933,0.0,0.0,0.0,0.0,0.0,0.0,0.0,0.0,0.0,0.0,0.0,0.0,0.0,0.0,0.0,0.0
-3.88,-4.864933,0.0,0.0,0.0,0.0,0.0,0.0,0.0,0.0,0.0,0.0,0.0,0.0,0.0,0.0,0.0,0.0
-3.867,-4.851933,0.0,0.0,0.0,0.0,0.0,0.0,0.0,0.0,0.0,0.0,0.0,0.0,0.0,0.0,0.0,0.0
-3.854,-4.838933,0.0,0.0,0.0,0.0,0.0,0.0,0.0,0.0,0.0,0.0,0.0,0.0,0.0,0.0,0.0,0.0
-3.841,-4.825933,0.0,0.0,0.0,0.0,0.0,0.0,0.0,0.0,0.0,0.0,0.0,0.0,0.0,0.0,0.0,0.0
-3.827,-4.811933,0.0,0.0,0.0,0.0,0.0,0.0,0.0,0.0,0.0,0.0,0.0,0.0,0.0,0.0,0.0,0.0
-3.814,-4.798933,0.0,0.0,0.0,0.0,0.0,0.0,0.0,0.0,0.0,0.0,0.0,0.0,0.0,0.0,0.0,0.0
-3.801,-4.785933,0.0,0.0,0.0,0.0,0.0,0.0,0.0,0.0,0.0,0.0,0.0,0.0,0.0,0.0,0.0,0.0
-3.788,-4.772933,0.0,0.0,0.0,0.0,0.0,0.0,0.0,0.0,0.0,0.0,0.0,0.0,0.0,0.0,0.0,0.0
-3.774,-4.758933,0.0,0.0,0.0,0.0,0.0,0.0,0.0,0.0,0.0,0.0,0.0,0.0,0.0,0.0,0.0,0.0
-3.761,-4.745933,0.0,0.0,0.0,0.0,0.0,0.0,0.0,0.0,0.0,0.0,0.0,0.0,0.0,0.0,0.0,0.0
-3.748,-4.732933,0.0,0.0,0.0,0.0,0.0,0.0,0.0,0.0,0.0,0.0,0.0,0.0,0.0,0.0,0.0,0.0
-3.735,-4.719933,0.0,0.0,0.0,0.0,0.0,0.0,0.0,0.0,0.0,0.0,0.0,0.0,0.0,0.0,0.0,0.0
-3.722,-4.706933,0.0,0.0,0.0,0.0,0.0,0.0,0.0,0.0,0.0,0.0,0.0,0.0,0.0,0.0,0.0,0.0
-3.708,-4.692933,0.0,0.0,0.0,0.0,0.0,0.0,0.0,0.0,0.0,0.0,0.0,0.0,0.0,0.0,0.0,0.0
-3.695,-4.679933,0.0,0.0,0.0,0.0,0.0,0.0,0.0,0.0,0.0,0.0,0.0,0.0,0.0,0.0,0.0,0.0
-3.682,-4.666933,0.0,0.0,0.0,0.0,0.0,0.0,0.0,0.0,0.0,0.0,0.0,0.0,0.0,0.0,0.0,0.0
-3.669,-4.653933,0.0,0.0,0.0,0.0,0.0,0.0,0.0,0.0,0.0,0.0,0.0,0.0,0.0,0.0,0.0,0.0
-3.655,-4.639933,0.0,0.0,0.0,0.0,0.0,0.0,0.0,0.0,0.0,0.0,0.0,0.0,0.0,0.0,0.0,0.0
-3.642,-4.626933,0.0,0.0,0.0,0.0,0.0,0.0,0.0,0.0,0.0,0.0,0.0,0.0,0.0,0.0,0.0,0.0
-3.629,-4.613933,0.0,0.0,0.0,0.0,0.0,0.0,0.0,0.0,0.0,0.0,0.0,0.0,0.0,0.0,0.0,0.0
-3.616,-4.600933,0.0,0.0,0.0,0.0,0.0,0.0,0.0,0.0,0.0,0.0,0.0,0.0,0.0,0.0,0.0,0.0
-3.602,-4.586933,0.0,0.0,0.0,0.0,0.0,0.0,0.0,0.0,0.0,0.0,0.0,0.0,0.0,0.0,0.0,0.0
-3.589,-4.573933,0.0,0.0,0.0,0.0,0.0,0.0,0.0,0.0,0.0,0.0,0.0,0.0,0.0,0.0,0.0,0.0
-3.576,-4.560933,0.0,0.0,0.0,0.0,0.0,0.0,0.0,0.0,0.0,0.0,0.0,0.0,0.0,0.0,0.0,0.0
-3.563,-4.5479330000000004,0.0,0.0,0.0,0.0,0.0,0.0,0.0,0.0,0.0,0.0,0.0,0.0,0.0,0.0,0.0,0.0
-3.549,-4.533933,0.0,0.0,0.0,0.0,0.0,0.0,0.0,0.0,0.0,0.0,0.0,0.0,0.0,0.0,0.0,0.0
-3.536,-4.520933,0.0,0.0,0.0,0.0,0.0,0.0,0.0,0.0,0.0,0.0,0.0,0.0,0.0,0.0,0.0,0.0
-3.523,-4.507933,0.0,0.0,0.0,0.0,0.0,0.0,0.0,0.0,0.0,0.0,0.0,0.0,0.0,0.0,0.0,0.0
-3.51,-4.494933,0.0,0.0,0.0,0.0,0.0,0.0,0.0,0.0,0.0,0.0,0.0,0.0,0.0,0.0,0.0,0.0
-3.496,-4.480933,0.0,0.0,0.0,0.0,0.0,0.0,0.0,0.0,0.0,0.0,0.0,0.0,0.0,0.0,0.0,0.0
-3.483,-4.467933,0.0,0.0,0.0,0.0,0.0,0.0,0.0,0.0,0.0,0.0,0.0,0.0,0.0,0.0,0.0,0.0
-3.47,-4.4549330000000005,0.0,0.0,0.0,0.0,0.0,0.0,0.0,0.0,0.0,0.0,0.0,0.0,0.0,0.0,0.0,0.0
-3.457,-4.441933,1.592,1.0447500000000001e-05,0.01159675,0.00013277299999999998,8.034e-05,0.10903499999999999,0.004607696999999999,0.00011575,0.062214000000000005,0.0008449045,0.0053780500000000005,0.7277064999999999,0.0,9.6205e-06,0.027167,0.00021721204999999998
-3.443,-4.427933,3.873,8.975000000000001e-05,0.0200772,0.0007277249999999998,0.0003269,0.26529499999999995,0.0115841505,0.00055535,0.15047500000000003,0.0022682385000000003,0.012790550000000001,1.7884490000000002,0.0,4.3484999999999994e-05,0.054919,0.0008712412
-3.43,-4.414933,5.125,0.00013738,0.022495300000000003,0.0011815950000000001,0.0007164,0.34955,0.015783095000000004,0.001251,0.19818,0.003347605,0.016741,2.373635,0.0,0.00010151999999999999,0.07106299999999999,0.001303957
-3.417,-4.401933,5.545,0.00013690000000000002,0.0235925,0.0013219449999999997,0.001202,0.3762,0.01754639,0.0019190000000000001,0.213115,0.0040231649999999996,0.0179695,2.563085,0.0,0.000173005,0.08463899999999999,0.0013997889999999998
-3.404,-4.388933,6.105,0.00013996,0.024881,0.0015039300000000001,0.0018905,0.41295,0.01982684,0.0026295,0.23275,0.004789450000000001,0.019562000000000003,2.815115,0.0,0.000268275,0.102679,0.0015343335
-3.39,-4.374933,7.125,0.000153,0.0271465,0.00183219,0.0029805,0.48165,0.023786484999999996,0.0036315,0.26895,0.005885270000000001,0.022421500000000004,3.274025,0.0,0.0004224,0.13338499999999998,0.0017953994999999998
-3.377,-4.361933,9.65,0.00017035500000000002,0.029358999999999996,0.0027331,0.004063,0.6712,0.034619910000000004,0.0052815,0.348185,0.00708722,0.029004000000000002,4.421799999999999,0.0,0.00065135,0.21042,0.002284195
-3.364,-4.348933,14.47,0.00022148999999999997,0.034382,0.00429612,0.006959,1.0279500000000001,0.054995119999999995,0.0082675,0.5036449999999999,0.00964682,0.0424615,6.624865,0.0,0.0010998499999999999,0.34325,0.0034960950000000003
-3.351,-4.335933,15.26,0.00022010000000000004,0.034325499999999995,0.0045331849999999995,0.0082755,1.08605,0.05914185,0.011675,0.524,0.010480029999999998,0.044899999999999995,6.96036,0.0,0.00152735,0.39419000000000004,0.00363035
-3.337,-4.3219330000000005,11.83,0.00017729,0.028110000000000003,0.0034254049999999994,0.00626,0.8362499999999999,0.0464163,0.01173,0.40259999999999996,0.009234200000000001,0.0363455,5.390935000000001,0.0,0.00120755,0.31788000000000005,0.00279069
-3.324,-4.308933,10.18,0.0001647,0.023239999999999997,0.0028782449999999998,0.004913000000000001,0.7203,0.04096401499999999,0.0109,0.3413,0.008509880000000001,0.0326155,4.66685,0.0,0.0008847500000000001,0.261265,0.00259578
-3.311,-4.295933,9.63,0.000161955,0.021135,0.0026571299999999997,0.004482,0.6833499999999999,0.039650204999999994,0.0112,0.317695,0.00834948,0.031633999999999995,4.427160000000001,0.0,0.00084355,0.24625999999999998,0.002587915
-3.298,-4.282933,7.87,0.000151345,0.0187735,0.002192335,0.0035859999999999998,0.5585,0.03324682999999999,0.010535,0.25231000000000003,0.007282364999999999,0.0276345,3.606885,0.0,0.00074195,0.21706499999999998,0.002043295
-3.284,-4.268933,7.625,0.000151395,0.0307825,0.00193925,0.003882,0.53085,0.02983597,0.01086,0.248715,0.006980844999999999,0.025057,3.1998549999999994,0.0,0.0018232,0.45665,0.001965865
-3.271,-4.255933,7.435,0.00015838499999999998,0.0368315,0.00180715,0.0039049999999999996,0.5107999999999999,0.027562489999999995,0.010495,0.24456499999999998,0.0068617899999999996,0.0232085,2.93051,0.0,0.0024109500000000002,0.6023499999999999,0.0019266799999999998
-3.258,-4.242933,7.19,0.000166985,0.039066000000000004,0.0017331999999999998,0.0039959999999999996,0.49,0.025855529999999998,0.010249999999999999,0.23704999999999998,0.006761615,0.021807,2.720815,0.0,0.00272475,0.67813,0.001860175
-3.245,-4.229933,7.645,0.000199165,0.046951999999999994,0.0018703650000000001,0.0042970000000000005,0.51405,0.025524235,0.010525,0.25666500000000003,0.007029270000000001,0.0213065,2.671035,0.0,0.0035745499999999997,0.907675,0.0019736399999999996
-3.231,-4.215933,8.27,0.00025733500000000003,0.0462555,0.00236847,0.0057075,0.55035,0.0261184,0.011134999999999999,0.28317000000000003,0.007987595,0.021389,2.7641,0.0,0.0043985000000000005,1.08765,0.00216828
-3.218,-4.202933,10.365,0.00036275,0.0495695,0.003539315,0.009443,0.68005,0.029681449999999998,0.012414999999999999,0.369125,0.01069755,0.023102500000000005,3.2719000000000005,0.0,0.0062245,1.5231000000000001,0.00278547
-3.205,-4.189933,13.29,0.00048279999999999997,0.0565315,0.00502394,0.014450000000000001,0.8581,0.03489755,0.015385,0.49085,0.014320550000000001,0.025765999999999997,3.977315,0.0,0.0087555,2.132905,0.0036741
-3.192,-4.176933,12.185,0.0004619,0.05188,0.0044284500000000004,0.02026,0.7825500000000001,0.0328041,0.017785000000000002,0.44605000000000006,0.0148469,0.023818,3.7376449999999997,0.0,0.008268,1.8716100000000002,0.0034482500000000004
-3.179,-4.163933,11.025,0.00045065000000000003,0.046918999999999995,0.003991845,0.019889999999999998,0.70985,0.03014305,0.017875000000000002,0.39637999999999995,0.01386355,0.021958500000000002,3.3530100000000003,0.0,0.0080015,1.722895,0.003168855
-3.165,-4.149933,10.19,0.00043405,0.04285850000000001,0.0037862950000000003,0.01783,0.6526000000000001,0.0263899,0.016075,0.37029999999999996,0.0129327,0.018846500000000002,2.94604,0.0,0.008173,1.72514,0.002962825
-3.152,-4.136933,9.66,0.00044919999999999997,0.039775500000000005,0.0036867600000000003,0.01792,0.6117999999999999,0.0234619,0.016120000000000002,0.357655,0.012465049999999998,0.016281999999999998,2.649645,0.0,0.0084895,1.75758,0.00287783
-3.139,-4.123933,8.275,0.0004223,0.034781,0.0031201249999999996,0.017615,0.5186000000000001,0.01922245,0.015345000000000001,0.30852,0.011448549999999998,0.013034999999999998,2.213795,0.0,0.008048,1.549875,0.0025604449999999997
-3.126,-4.110933,8.735,0.0004767,0.034183000000000005,0.003329355,0.01813,0.55185,0.020137250000000002,0.016759999999999997,0.32179,0.011736050000000001,0.013463999999999999,2.2360550000000003,0.0,0.0088535,1.730005,0.00278092
-3.112,-4.096933,9.62,0.00056155,0.033904000000000004,0.003690705,0.02037,0.61555,0.021807799999999995,0.018635,0.34922,0.012712999999999999,0.014157499999999998,2.3594749999999998,0.0,0.010145,2.001795,0.0031707000000000003
-3.099,-4.083933,8.44,0.00054015,0.031046999999999998,0.003206535,0.018619999999999998,0.5354,0.01968065,0.01703,0.30208999999999997,0.01319095,0.013624500000000001,2.1734999999999998,0.0,0.0093175,1.674645,0.002783735
-3.086,-4.070933,7.625,0.00051965,0.029260999999999995,0.002856595,0.017820000000000003,0.48085,0.01831145,0.01623,0.26787,0.013446749999999999,0.0132725,2.042415,0.0,0.008756,1.449655,0.00253086
-3.073,-4.057933,7.34,0.0005269000000000001,0.028179,0.00273553,0.018625000000000003,0.4598,0.01768675,0.016325,0.25595,0.014342549999999999,0.013312,2.0215650000000003,0.0,0.008611500000000001,1.3516249999999999,0.0024603299999999997
-3.059,-4.043933,7.2,0.00053685,0.0274445,0.00265939,0.01992,0.44725,0.017409499999999998,0.016645,0.24943500000000002,0.01565965,0.013682,2.052835,0.0,0.008545,1.26895,0.00243433
-3.046,-4.030933,7.285,0.00057005,0.02776,0.0026475550000000002,0.02154,0.45015,0.01783925,0.01749,0.24827,0.017465599999999998,0.014650999999999999,2.148605,0.0,0.008798,1.2267,0.002487225
-3.033,-4.017933,7.095,0.0006040500000000001,0.027650999999999995,0.00254787,0.020694999999999998,0.43910000000000005,0.017947249999999998,0.01758,0.23428,0.01802435,0.015156,2.1311850000000003,0.0,0.008965,1.16973,0.0024468
-3.02,-4.004933,7.095,0.00064505,0.0275295,0.00253771,0.0205,0.4383,0.018239150000000003,0.017935,0.22907,0.0191319,0.015878,2.16572,0.0,0.0091845,1.14675,0.00246545
-3.006,-3.9909329999999996,7.46,0.00066405,0.026559,0.0026774900000000003,0.02301,0.45844999999999997,0.01825465,0.01915,0.24429,0.02106635,0.016448,2.24795,0.0,0.009157,1.2324000000000002,0.00257875
-2.993,-3.9779329999999997,6.755,0.00059405,0.022929,0.00244942,0.023645,0.40585000000000004,0.01544525,0.018895000000000002,0.22995000000000002,0.0202013,0.014719000000000001,2.03923,0.0,0.0080265,1.109115,0.002354175
-2.98,-3.964933,5.785,0.00053355,0.018754,0.00217006,0.023215,0.33443,0.012502949999999999,0.0188,0.20625000000000002,0.01876522,0.012995,1.79791,0.0,0.006796,0.901645,0.00205974
-2.967,-3.951933,5.625,0.0005405,0.018148499999999998,0.00214508,0.023524999999999997,0.31825499999999995,0.011592950000000001,0.01871,0.20293,0.01961899,0.012841,1.7812299999999999,0.0,0.0066685,0.84935,0.002018275
-2.953,-3.9379329999999997,6.115,0.00058125,0.019738,0.0023286550000000002,0.024390000000000002,0.35033000000000003,0.01295655,0.018845,0.20893,0.022773285,0.014497,1.985675,0.0,0.0074935,0.889505,0.002192865
-2.94,-3.924933,5.92,0.0007021999999999999,0.0179425,0.0023811249999999996,0.024640000000000002,0.31994,0.011663749999999997,0.02065,0.21252,0.0249673,0.015458,2.04005,0.0,0.0064905,0.761405,0.002069975
-2.927,-3.911933,5.665,0.0006967,0.017196499999999997,0.00231833,0.025245,0.301845,0.0102261,0.019955,0.20114500000000002,0.026366519999999997,0.0154135,2.015915,0.0,0.005875000000000001,0.674185,0.001944475
-2.914,-3.898933,6.03,0.00080175,0.018326000000000002,0.0024733199999999998,0.02746,0.32429,0.011316550000000002,0.022155,0.20467,0.029132384999999997,0.017377000000000004,2.194235,0.0,0.0062545,0.6832499999999999,0.00205005
-2.9,-3.8849329999999997,6.05,0.00087695,0.019542,0.00245905,0.026575,0.327055,0.011253949999999999,0.022355,0.19863999999999998,0.029219010000000004,0.016984000000000003,2.1605350000000003,0.0,0.007125,0.7246699999999999,0.0021698100000000003
-2.887,-3.871933,6.48,0.0010034999999999998,0.022258,0.002660315,0.028215,0.35169,0.012654100000000001,0.02527,0.20546999999999999,0.03090425,0.0184155,2.2883750000000003,0.0,0.0083615,0.804095,0.002388175
-2.874,-3.858933,6.565,0.00106285,0.0242695,0.00267636,0.025615,0.3492,0.012206000000000002,0.023969999999999998,0.21100000000000002,0.031665335,0.017861999999999996,2.277215,0.0,0.009662500000000001,0.856215,0.002535065
-2.861,-3.845933,7.315,0.0012446,0.028628499999999998,0.00297364,0.025765,0.38480000000000003,0.013347399999999999,0.02534,0.233955,0.035804249999999996,0.0194965,2.5164400000000002,0.0,0.011848,0.9819499999999999,0.00292764
-2.847,-3.831933,8.42,0.0014941,0.0340655,0.003387655,0.027389999999999998,0.43710000000000004,0.01531755,0.02827,0.2696,0.04192085,0.022403,2.90191,0.0,0.014549,1.13539,0.0034696499999999995
-2.834,-3.818933,8.315,0.0016114999999999999,0.032912000000000004,0.00341005,0.026279999999999998,0.431485,0.01505335,0.02801,0.261385,0.041569400000000006,0.0216015,2.8324700000000003,0.0,0.015378,1.15613,0.0034928499999999996
-2.821,-3.805933,5.71,0.0011013999999999998,0.0225815,0.002383065,0.02042,0.28449,0.010955549999999998,0.022305,0.19107,0.02751585,0.015353,1.945975,0.0,0.0102545,0.792335,0.0023312800000000002
-2.808,-3.7929329999999997,5.08,0.0010421,0.020971000000000004,0.0021441850000000003,0.017555,0.24645499999999998,0.0097749,0.020175,0.1734,0.02434745,0.013563500000000001,1.70817,0.0,0.009584500000000001,0.729365,0.002085355
-2.794,-3.778933,4.7715,0.00098095,0.020587,0.0019877,0.01598,0.22087,0.00930455,0.019135,0.17059,0.023235600000000002,0.013184999999999999,1.624985,0.0,0.0088745,0.6728149999999999,0.0019294299999999998
-2.781,-3.765933,4.4315,0.0008257999999999999,0.019608,0.00173334,0.016730000000000002,0.189915,0.00905355,0.01931,0.17254,0.02236784,0.0135355,1.5922549999999998,0.0,0.0072365,0.556575,0.0017056199999999997
-2.768,-3.7529329999999996,4.457,0.0007244,0.0201305,0.001591515,0.020970000000000003,0.173535,0.009533650000000001,0.022359999999999998,0.19032,0.02346894,0.015379,1.713135,0.0,0.005963499999999999,0.46287999999999996,0.0016129
-2.755,-3.7399329999999997,4.7165,0.0007139,0.0217515,0.0016012449999999998,0.026265,0.176055,0.01058325,0.027424999999999998,0.20662,0.025222315000000002,0.017514500000000002,1.883235,0.0,0.0057665,0.42739499999999997,0.00167762
-2.741,-3.725933,4.495,0.00066015,0.021254,0.001483065,0.031120000000000002,0.177745,0.010808149999999999,0.032979999999999995,0.18376499999999998,0.023230050000000002,0.0171325,1.79998,0.0,0.005779500000000001,0.394005,0.0016821050000000001
-2.728,-3.712933,4.099,0.00057775,0.0201165,0.00128578,0.034515,0.17351,0.01057115,0.037364999999999995,0.1533,0.020362615,0.0160995,1.650355,0.0,0.0056545,0.34232,0.00164169
-2.715,-3.6999329999999997,3.4515,0.0005253,0.0178735,0.00106803,0.03448,0.14604499999999998,0.008710299999999999,0.03725,0.127295,0.01648462,0.0136235,1.369825,0.0,0.0053555,0.29385,0.001454955
-2.702,-3.686933,3.3625,0.0005329499999999999,0.018492500000000002,0.0010075350000000002,0.03914,0.14834,0.00867215,0.0421,0.11479500000000001,0.015328035,0.013524,1.328445,0.0,0.005711,0.28145950000000003,0.0014983149999999998
-2.688,-3.672933,3.426,0.0005611500000000001,0.0198315,0.000995595,0.044945,0.15549999999999997,0.008976999999999999,0.048215,0.109915,0.014976409999999999,0.014109999999999998,1.3535400000000002,0.0,0.0061915,0.277444,0.00159742
-2.675,-3.6599329999999997,3.785,0.0006178,0.0232845,0.0010534200000000002,0.056755,0.17930000000000001,0.01013215,0.06086,0.11052499999999998,0.015722645,0.016103,1.502935,0.0,0.007238,0.286047,0.00185858
-2.662,-3.6469329999999998,3.8625,0.0006825000000000001,0.024571500000000003,0.0010719,0.05985,0.18222,0.010286449999999999,0.06398999999999999,0.11012,0.01583039,0.016564,1.5331700000000001,0.0,0.007747499999999999,0.290385,0.0019302199999999999
-2.649,-3.633933,3.842,0.0007537500000000001,0.0248145,0.001082165,0.05867,0.1762,0.0100686,0.062645,0.11155500000000002,0.015864135,0.016421,1.520575,0.0,0.0080105,0.29678,0.0019225050000000001
-2.636,-3.620933,3.995,0.0008793999999999999,0.026121000000000002,0.00114429,0.059075,0.176825,0.010291100000000001,0.06295,0.11944,0.0165432,0.016931,1.5695499999999998,0.0,0.008665,0.324905,0.0019907650000000002
-2.622,-3.6069329999999997,4.282,0.0010341,0.028004499999999998,0.00125793,0.060759999999999995,0.179235,0.01085105,0.06428500000000001,0.13628,0.01785655,0.018043,1.67206,0.0,0.0094785,0.364815,0.002100795
-2.609,-3.593933,4.81,0.00123995,0.0304875,0.0014504750000000001,0.06146,0.178745,0.012128799999999999,0.06439,0.1755,0.0206975,0.02008,1.87261,0.0,0.010287000000000001,0.43333499999999997,0.002239745
-2.596,-3.580933,8.14,0.0023219,0.037387500000000004,0.00266465,0.061145000000000005,0.168055,0.0216806,0.06038,0.44399,0.04189785,0.035045,3.32305,0.0,0.0112475,0.717615,0.0028604500000000005
-2.583,-3.567933,6.795,0.00209365,0.0271355,0.00236688,0.039165000000000005,0.110295,0.0191524,0.03454,0.39893,0.03682295,0.029689999999999998,2.8005000000000004,0.0,0.0077555,0.6195149999999999,0.00209526
-2.569,-3.553933,6.535,0.0022252500000000002,0.023778999999999998,0.00236204,0.028055,0.086235,0.019329199999999998,0.022715,0.39897000000000005,0.036087850000000005,0.028254,2.70425,0.0,0.0068195,0.61908,0.0018886049999999998
-2.556,-3.540933,6.57,0.0024349000000000003,0.023974000000000002,0.002471865,0.023785,0.08460999999999999,0.01997595,0.018520000000000002,0.39601,0.03560345,0.0276675,2.6851000000000003,0.0,0.007157500000000001,0.667485,0.001890525
-2.543,-3.527933,6.525,0.0025850499999999998,0.024702500000000002,0.002500825,0.02309,0.09159,0.02030495,0.018005,0.377315,0.03468565,0.027054,2.6449999999999996,0.0,0.007707,0.68813,0.0019189099999999998
-2.53,-3.5149329999999996,6.49,0.0028336000000000004,0.025000999999999995,0.0025753749999999995,0.024184999999999998,0.099435,0.0205423,0.018955,0.356145,0.0339123,0.026743499999999996,2.63245,0.0,0.008093000000000001,0.68841,0.001952655
-2.516,-3.500933,6.895,0.0032625,0.026994,0.00283895,0.026115,0.10917999999999999,0.02203865,0.02067,0.364375,0.035430550000000005,0.028050499999999996,2.7919000000000005,0.0,0.009114500000000001,0.73881,0.002113065
-2.503,-3.487933,7.44,0.0037800000000000004,0.029542000000000002,0.0031431500000000004,0.03159,0.12317499999999999,0.0239312,0.02459,0.377755,0.037787749999999995,0.0301755,3.0222999999999995,0.0,0.0102005,0.7906600000000001,0.00232999
-2.49,-3.474933,7.245,0.004064,0.029220999999999997,0.0031875000000000002,0.032405,0.12191,0.023356349999999998,0.02537,0.35261,0.0359666,0.0291625,2.9491500000000004,0.0,0.01026,0.76525,0.00227824
-2.477,-3.4619329999999997,7.315,0.004434,0.029740999999999997,0.00334415,0.03342,0.11986999999999999,0.02353545,0.025845,0.348095,0.0359113,0.029182500000000004,2.99755,0.0,0.010430000000000002,0.75966,0.00230141
-2.463,-3.447933,7.425,0.00468,0.0308815,0.0034610499999999994,0.03856,0.1236,0.023901199999999997,0.029405,0.33962500000000007,0.036244149999999996,0.0299395,3.0955999999999997,0.0,0.010252,0.7238249999999999,0.0023284850000000004
-2.45,-3.434933,7.695,0.0051445,0.032534999999999994,0.0037334499999999997,0.044910000000000005,0.12624,0.024632,0.03368,0.33826999999999996,0.037192550000000005,0.031028,3.2688,0.0,0.0102475,0.69446,0.002394
-2.437,-3.4219329999999997,7.98,0.0057825,0.0339845,0.00411485,0.051324999999999996,0.12403,0.02513075,0.038654999999999995,0.33851000000000003,0.03814385000000001,0.031695499999999995,3.4530499999999997,0.0,0.01022,0.66031,0.0024484
-2.424,-3.4089329999999998,8.76,0.0059795,0.040487,0.0043478,0.07045000000000001,0.13091999999999998,0.027016899999999996,0.056755,0.37973999999999997,0.04229435,0.0356365,3.8183499999999997,0.0,0.011696499999999999,0.6748649999999999,0.0028334
-2.41,-3.394933,7.87,0.0046914999999999995,0.040493,0.0035120999999999998,0.07458000000000001,0.11944,0.0240866,0.05938,0.35421500000000006,0.038137950000000004,0.0333895,3.4082999999999997,0.0,0.0111215,0.6098300000000001,0.0027120499999999997
-2.397,-3.3819329999999996,7.11,0.0046865,0.037319000000000005,0.0033254,0.06425,0.106915,0.0217889,0.04962,0.30513,0.0332644,0.029521,3.0947999999999993,0.0,0.00975,0.5500649999999999,0.00238396
-2.384,-3.3689329999999997,6.51,0.0046865,0.035295,0.00315935,0.05872,0.096335,0.019534450000000002,0.0446,0.26751,0.029321899999999998,0.026681,2.8427,0.0,0.008581,0.49906,0.0021298249999999997
-2.371,-3.355933,5.99,0.005063499999999999,0.030949,0.0031108000000000004,0.045375,0.086425,0.018130300000000002,0.03289,0.228575,0.02660595,0.02301,2.63655,0.0,0.0078255,0.46622499999999995,0.001895695
-2.357,-3.341933,7.065,0.0073045,0.035292500000000004,0.00402675,0.050415,0.09643499999999999,0.0200658,0.03691,0.24199,0.02867045,0.0242445,3.1154,0.0,0.0110715,0.5434800000000001,0.0023809650000000005
-2.344,-3.3289329999999997,7.84,0.008511000000000001,0.042099500000000005,0.004493700000000001,0.05618,0.102525,0.021310999999999997,0.04225,0.25851,0.0308145,0.026221500000000002,3.4580000000000006,0.0,0.012602499999999999,0.6017800000000001,0.00262027
-2.331,-3.315933,8.75,0.010058,0.050785,0.0050862500000000005,0.05761,0.10375,0.0232355,0.046785,0.275235,0.034519,0.027813000000000004,3.9029,0.0,0.014353500000000002,0.6428950000000001,0.00274818
-2.318,-3.302933,9.335,0.011086500000000001,0.056391500000000004,0.0055072,0.05269,0.09827999999999999,0.025451,0.04408,0.28536,0.038336999999999996,0.0260435,4.21495,0.0,0.0174155,0.67008,0.002889895
-2.304,-3.2889329999999997,9.455,0.0117015,0.0597405,0.0055543,0.054595000000000005,0.09234999999999999,0.025488999999999998,0.044590000000000005,0.28298,0.037406499999999995,0.024461499999999997,4.257250000000001,0.0,0.019580999999999998,0.6879700000000001,0.00298629
-2.291,-3.2759329999999998,9.375,0.012449499999999999,0.061637,0.0055650000000000005,0.055095000000000005,0.084725,0.024651,0.044905,0.26866500000000004,0.033937,0.022469,4.1918,0.0,0.020815000000000004,0.700755,0.002991555
-2.278,-3.262933,10.54,0.014649,0.0754475,0.00631955,0.071295,0.088355,0.025799500000000003,0.05617,0.295065,0.0315145,0.023746499999999997,4.619435,0.0,0.025957499999999998,0.832155,0.0035683800000000003
-2.265,-3.249933,11.58,0.0168225,0.0861705,0.0065641499999999995,0.086865,0.0935,0.027282,0.07055,0.33102,0.031729999999999994,0.026624,4.94554,0.0,0.02947,1.00125,0.004052985
-2.251,-3.2359329999999997,16.28,0.02467,0.12854500000000002,0.00890865,0.11865,0.12693500000000002,0.037423,0.097985,0.44665,0.0427005,0.038098999999999994,6.93304,0.0,0.03923,1.4345,0.0053057650000000005
-2.238,-3.222933,18.985,0.02741,0.16465000000000002,0.0110062,0.1464,0.15455000000000002,0.0418395,0.11165,0.49720000000000003,0.043262499999999995,0.04415100000000001,8.052999999999999,0.0,0.04518,1.69535,0.0062372999999999994
-2.225,-3.209933,24.13,0.043304999999999996,0.17873499999999998,0.0129864,0.15895,0.182075,0.0506895,0.13025,0.5894999999999999,0.048836500000000005,0.04828500000000001,10.51515,0.0,0.07228,1.9428999999999998,0.007517600000000001
-2.212,-3.196933,21.72,0.03793,0.16087,0.01167615,0.1361,0.159855,0.0476425,0.1203,0.5098,0.0480565,0.04582100000000001,9.601049999999999,0.0,0.057019999999999994,1.6773,0.006251999999999999
-2.198,-3.182933,22.705,0.043545,0.15035500000000002,0.0117585,0.1376,0.157475,0.047206,0.13024999999999998,0.5334,0.049960000000000004,0.0420835,10.238299999999999,0.0,0.07155500000000001,1.5793,0.0067605
-2.185,-3.169933,16.505,0.029581999999999997,0.11607,0.009112600000000002,0.09673999999999999,0.11187,0.0349315,0.10719999999999999,0.374405,0.041651,0.032521,7.40795,0.0,0.042975,1.2014500000000001,0.00501175
-2.172,-3.156933,17.95,0.031162500000000003,0.13762,0.01079275,0.11274999999999999,0.11517,0.034762,0.13365,0.403775,0.044344,0.038518000000000004,7.943300000000001,0.0,0.0415,1.3732,0.0054259500000000006
-2.159,-3.1439329999999996,12.43,0.019718,0.10508999999999999,0.00749415,0.071415,0.08113499999999998,0.0263745,0.077125,0.261185,0.0323595,0.024154000000000002,5.59196,0.0,0.025929999999999998,0.9305000000000001,0.003554305
-2.145,-3.129933,10.9,0.016599000000000003,0.09945,0.00631955,0.046505,0.06793949999999999,0.024057000000000002,0.0632,0.214155,0.032683000000000004,0.0217715,4.9144749999999995,0.0,0.018243,0.8585999999999999,0.0029453350000000003
-2.132,-3.116933,11.43,0.0171405,0.09846,0.006692200000000001,0.05313,0.0753255,0.0252335,0.078635,0.21749,0.0358915,0.0258775,5.167810000000001,0.0,0.0163125,0.8826499999999999,0.0030120349999999997
-2.119,-3.103933,11.32,0.017230500000000003,0.092285,0.006801199999999999,0.056485,0.077014,0.024828,0.08122,0.21046,0.0354605,0.0269155,5.0981950000000005,0.0,0.015084,0.89825,0.002969975
-2.106,-3.0909329999999997,11.22,0.015891000000000002,0.1033,0.0068147,0.05513,0.07752849999999999,0.0249785,0.07739499999999999,0.20011,0.035388,0.026034500000000002,5.005774999999999,0.0,0.013820000000000002,0.9490000000000001,0.00289966
-2.093,-3.077933,9.92,0.015066,0.07743499999999999,0.006002899999999999,0.051345,0.073235,0.022406000000000002,0.072325,0.16905,0.0315845,0.025234,4.42055,0.0,0.010102000000000002,0.8531599999999999,0.00246285
-2.079,-3.063933,10.375,0.015552,0.08382500000000001,0.0062529000000000005,0.054105,0.08253,0.0235505,0.07886499999999999,0.16952,0.0318475,0.027949,4.5311650000000006,0.0,0.0092385,0.9787950000000001,0.0025353299999999997
-2.066,-3.0509329999999997,13.065,0.020585,0.10191499999999999,0.007935600000000001,0.064605,0.10308,0.0283155,0.09504499999999999,0.20235,0.03829250000000001,0.036367500000000004,5.670000000000001,0.0,0.0111595,1.2732999999999999,0.00310727
-2.053,-3.0379329999999998,11.24,0.018977,0.081533,0.006831,0.05818,0.08915,0.025303,0.08207,0.15816000000000002,0.034962999999999994,0.0286345,4.900145,0.0,0.009454,1.09865,0.002671865
-2.04,-3.024933,6.225,0.0118715,0.0388765,0.003972,0.026084999999999997,0.0449015,0.0148679,0.037395,0.06864,0.0212675,0.01190315,2.7635400000000003,0.0,0.004539,0.60772,0.00130708
-2.026,-3.0109329999999996,2.9215,0.006053,0.0146091,0.001936995,0.010225000000000001,0.0192665,0.007801000000000001,0.014105,0.022537500000000002,0.00952675,0.0039631499999999995,1.357735,0.0,0.00207655,0.25117999999999996,0.0005345469999999999
-2.013,-2.9979329999999997,1.3545,0.002539,0.010043,0.000948745,0.003261,0.006058,0.0035392,0.0046914999999999995,0.009791000000000001,0.0042657,0.0014699,0.6150735,0.0,0.0007611,0.13474999999999998,0.0002231065
-2.0,-2.984933,4.283,0.003965,0.074919,0.00340265,0.005778999999999999,0.010806,0.011160999999999999,0.009104000000000001,0.020154000000000002,0.0112335,0.0021803,1.8770100000000003,0.0,0.0017541,0.49866999999999995,0.0006375199999999999
-1.987,-2.971933,8.83,0.006200000000000001,0.16622,0.0073324,0.01068,0.0223895,0.022126,0.0174,0.041245,0.0215915,0.0044428,3.9144750000000004,0.0,0.003913,0.99505,0.001404625
-1.973,-2.957933,10.72,0.008515499999999999,0.17641500000000002,0.009662500000000001,0.014485,0.034074999999999994,0.025907,0.025055,0.057234999999999994,0.026152,0.0066539500000000005,4.793715000000001,0.0,0.005577,1.1759,0.00194473
-1.96,-2.944933,16.69,0.012074500000000002,0.25090999999999997,0.0162094,0.02308,0.051805000000000004,0.038416,0.040315000000000004,0.10098000000000001,0.035238,0.011005000000000001,7.71054,0.0,0.011738,1.62935,0.003422
-1.947,-2.931933,20.21,0.014994,0.27198,0.020622,0.027685,0.0633255,0.0457715,0.051595,0.131105,0.0402725,0.0143595,9.488935000000001,0.0,0.015986,1.8636499999999998,0.0044246
-1.934,-2.918933,19.335,0.0150385,0.24325999999999998,0.020285499999999998,0.02713,0.05795,0.044754,0.05627,0.12023,0.0402795,0.0150065,9.092850000000002,0.0,0.013176,1.7948499999999998,0.00416725
-1.92,-2.9049329999999998,16.765,0.011352000000000001,0.21183999999999997,0.018615,0.01864,0.045383999999999994,0.039753,0.04213,0.09472,0.032231499999999996,0.010926500000000002,7.960735000000001,0.0,0.010244,1.5412499999999998,0.0037990499999999996
-1.907,-2.891933,15.91,0.0079575,0.21109,0.01879985,0.015285,0.035538,0.040707499999999994,0.028990000000000002,0.07048000000000001,0.025856000000000004,0.0070282,7.655605000000001,0.0,0.0066925000000000005,1.44215,0.0038754999999999996
-1.894,-2.878933,15.355,0.006744999999999999,0.199945,0.01873305,0.01538,0.0305645,0.040782,0.02221,0.0578225,0.024933000000000004,0.006482550000000001,7.435335,0.0,0.0047945,1.39075,0.0037118999999999997
-1.881,-2.865933,16.96,0.0064345,0.21506999999999998,0.021201499999999998,0.018615,0.031351,0.0461105,0.024035,0.057915,0.028222999999999998,0.007728499999999999,8.29885,0.0,0.0041715,1.4925499999999998,0.00410075
-1.867,-2.851933,12.945,0.0051270000000000005,0.14896500000000001,0.0162845,0.014235,0.030961500000000003,0.035568999999999996,0.017705,0.051140000000000005,0.026848499999999997,0.0065520000000000005,6.31065,0.0,0.0029555,1.1793,0.0032747999999999996
-1.854,-2.838933,16.16,0.0068845,0.168735,0.019739899999999998,0.018855,0.04702,0.0454265,0.02392,0.07089500000000001,0.0394785,0.0088465,7.8462,0.0,0.0032240000000000003,1.5277500000000002,0.0040615
-1.841,-2.825933,17.965,0.008431,0.181525,0.01774495,0.02848,0.07864499999999999,0.055192500000000005,0.030185,0.09775,0.059115999999999995,0.0107465,8.26845,0.0,0.0037365,2.1267,0.0039014
-1.828,-2.812933,17.115,0.007401499999999999,0.165465,0.01555865,0.03047,0.085065,0.055609000000000006,0.031275,0.104805,0.06547700000000001,0.01089,7.760000000000002,0.0,0.0038810000000000003,2.16245,0.0037107449999999997
-1.814,-2.798933,18.27,0.00723,0.17404,0.01474205,0.027784999999999997,0.10255500000000001,0.06615299999999999,0.033925,0.11329,0.0798355,0.010815999999999997,7.996049999999999,0.0,0.0036505,2.6359,0.00381
-1.801,-2.785933,21.32,0.0085345,0.195265,0.01733165,0.029385,0.117535,0.0788575,0.03798,0.128085,0.0980165,0.011483000000000002,9.31375,0.0,0.003993,3.1427,0.00448605
-1.788,-2.772933,18.185,0.007351,0.16635,0.015388200000000001,0.022575,0.09585,0.066296,0.02951,0.09726,0.0819655,0.009014,7.945149999999999,0.0,0.0032674999999999996,2.7018,0.0038304000000000003
-1.775,-2.7599329999999997,11.7,0.0049835,0.10816500000000001,0.011183249999999999,0.014190000000000001,0.0602085,0.037905999999999995,0.01649,0.05803,0.048167499999999995,0.0061389999999999995,5.1450499999999995,0.0,0.00228425,1.692,0.0025584
-1.761,-2.745933,10.69,0.00477,0.097345,0.011869349999999999,0.012805,0.0440315,0.028497500000000002,0.01273,0.043222000000000003,0.0380655,0.005324499999999999,4.9437999999999995,0.0,0.0020074,1.3108,0.0022928
-1.748,-2.732933,10.27,0.0044884999999999994,0.0863295,0.0126051,0.01145,0.034094,0.0246795,0.011699999999999999,0.0380915,0.0339025,0.0049375,4.954250000000001,0.0,0.0019188,1.08025,0.0022086
-1.735,-2.719933,11.49,0.0049935,0.09356249999999999,0.01379015,0.016075,0.0313625,0.025599000000000004,0.01384,0.044204999999999994,0.038778,0.005216500000000001,5.719994999999999,0.0,0.0021462,1.06025,0.00223945
-1.722,-2.706933,11.68,0.00514,0.0933175,0.0142245,0.01627,0.027796500000000002,0.022224499999999998,0.014245,0.0401185,0.038946999999999996,0.004848000000000001,5.97491,0.0,0.0022025,0.9431,0.002226
-1.708,-2.692933,13.255,0.005763,0.11429500000000001,0.0165157,0.01802,0.02919,0.020488,0.013425,0.039811,0.0428955,0.004807499999999999,6.912350000000001,0.0,0.0027800000000000004,0.953825,0.0025116
-1.695,-2.679933,26.12,0.0109325,0.26055500000000004,0.032413,0.0342,0.058567,0.035078,0.020295,0.061799999999999994,0.0888125,0.006457,13.547799999999999,0.0,0.005508,1.9546000000000001,0.0047853
-1.682,-2.6669329999999998,33.9,0.014672499999999998,0.3251,0.041203000000000004,0.041785,0.0688265,0.045093999999999995,0.029795,0.074465,0.11687700000000001,0.0071485,17.63705,0.0,0.0068475,2.5559999999999996,0.0061023499999999994
-1.669,-2.653933,31.405,0.0132695,0.27461,0.0391685,0.03952,0.060783500000000004,0.042178499999999994,0.032635,0.06564,0.10307,0.0069759999999999996,16.37825,0.0,0.0054345,2.3921,0.00534835
-1.655,-2.639933,30.645,0.012856,0.25392,0.0381025,0.035394999999999996,0.050584000000000004,0.0404035,0.035035,0.059649999999999995,0.098245,0.0064005,16.06055,0.0,0.004895999999999999,2.3143,0.0050412
-1.642,-2.6269329999999997,30.06,0.013581500000000002,0.22654500000000002,0.0358605,0.037505,0.051644999999999996,0.038459,0.04014,0.05987,0.09006,0.0065035,15.964599999999999,0.0,0.0047755,2.1364,0.00473755
-1.629,-2.613933,32.72,0.0153685,0.21656999999999998,0.036962,0.04826,0.06472,0.043262,0.051695,0.072935,0.092175,0.0081685,17.609849999999998,0.0,0.0053165,2.18335,0.004905099999999999
-1.616,-2.600933,22.66,0.004557,0.155085,0.0290525,0.03851,0.057499999999999996,0.0330155,0.04746,0.066815,0.07150000000000001,0.007817000000000001,11.9193,0.0,0.0045639999999999995,1.74525,0.00371335
-1.602,-2.586933,18.095,0.0035115,0.10505,0.022378549999999997,0.03139,0.050005,0.026989000000000003,0.0446,0.062200000000000005,0.0598495,0.007391,9.472199999999999,0.0,0.0040314999999999995,1.46935,0.00279595
-1.589,-2.573933,14.99,0.0031070000000000004,0.076204,0.01816745,0.02779,0.043195,0.0233075,0.04222,0.0541645,0.049423999999999996,0.0067625,7.832249999999999,0.0,0.0036425,1.2541,0.002269975
-1.576,-2.560933,11.61,0.0026435,0.051297499999999996,0.0137859,0.02298,0.0336005,0.018411999999999998,0.036070000000000005,0.044491499999999996,0.037805500000000006,0.00576155,6.04485,0.0,0.003066,1.0079,0.0017183250000000001
-1.563,-2.547933,10.09,0.00236,0.042768499999999994,0.012490400000000002,0.018639999999999997,0.028798999999999998,0.015342999999999999,0.030440000000000002,0.039643,0.031892500000000004,0.00489325,5.2127,0.0,0.0025715,0.9331200000000001,0.00156084
-1.55,-2.534933,8.14,0.002189,0.031732,0.009875749999999999,0.017345,0.025403500000000002,0.01191415,0.025045,0.034960500000000005,0.023364000000000003,0.004350550000000001,4.1812000000000005,0.0,0.00209825,0.7772049999999999,0.0013465649999999999
-1.536,-2.520933,6.93,0.0020020999999999997,0.02504,0.00823555,0.014815,0.022119999999999997,0.009759450000000001,0.02047,0.0305845,0.0186185,0.0038665500000000003,3.547465,0.0,0.0017165500000000003,0.6789350000000001,0.001147835
-1.523,-2.507933,5.975,0.0017806,0.021148999999999998,0.00703195,0.01378,0.020949499999999996,0.00781475,0.01745,0.027975,0.014521000000000001,0.0035964,3.01466,0.0,0.0013709500000000001,0.622925,0.001049075
-1.51,-2.494933,5.44,0.00159505,0.018277500000000002,0.006242050000000001,0.01236,0.0214175,0.00668235,0.01467,0.027589,0.0126375,0.0033515999999999997,2.70707,0.0,0.0011613,0.6031,0.0009608400000000001
-1.497,-2.481933,6.88,0.00165445,0.027316000000000003,0.00765595,0.012565,0.0259595,0.0086089,0.014785,0.031438,0.0148265,0.0043050499999999995,3.43043,0.0,0.0011116,0.7747999999999999,0.001114355
-1.483,-2.467933,14.705,0.003313,0.059564500000000006,0.016010999999999997,0.01567,0.042800000000000005,0.017800499999999997,0.01981,0.049640000000000004,0.032115500000000005,0.008311,7.594290000000001,0.0,0.00138,1.4798,0.00186452
-1.47,-2.454933,25.445,0.004176,0.100655,0.02552755,0.018145,0.059805,0.030311499999999998,0.023735,0.068635,0.05771599999999999,0.0121785,13.778500000000001,0.0,0.0016014999999999998,2.0852,0.00269005
-1.457,-2.441933,26.105,0.0044954999999999995,0.10762050000000001,0.0248942,0.027365,0.062474999999999996,0.030488,0.02093,0.094355,0.0569505,0.012237000000000001,13.7286,0.0,0.00215535,2.51715,0.00304255
-1.444,-2.428933,25.335,0.0049889999999999995,0.0942515,0.023051949999999995,0.02539,0.05895,0.028978,0.01669,0.0872,0.050675000000000005,0.0105805,13.537500000000001,0.0,0.00218205,2.30225,0.0026536499999999996
-1.43,-2.414933,34.3,0.007759,0.117875,0.029427000000000002,0.032415,0.07275000000000001,0.039225,0.01858,0.10746,0.066815,0.012700999999999999,18.582299999999996,0.0,0.002972,2.9322999999999997,0.00327575
-1.417,-2.401933,24.845,0.006143000000000001,0.0918745,0.0199503,0.023295,0.052085000000000006,0.0259285,0.0129,0.07007,0.047882,0.0082455,13.483500000000001,0.0,0.0021185,2.1265,0.00225445
-1.404,-2.3889329999999998,22.86,0.00515,0.087349,0.017761250000000003,0.023925000000000002,0.048850000000000005,0.022328,0.011485,0.060984,0.040794500000000004,0.007459,12.445450000000001,0.0,0.00218,1.9417999999999997,0.001978295
-1.391,-2.375933,17.955,0.003492,0.0674545,0.0138139,0.02002,0.0392835,0.01614595,0.009582,0.044781,0.030387,0.005895200000000001,9.901099999999998,0.0,0.00187015,1.4278,0.0014395949999999997
-1.377,-2.361933,19.685,0.0039415000000000006,0.08020150000000001,0.0144295,0.02173,0.04251,0.0181855,0.01201,0.047401,0.0324275,0.0067055,10.717099999999999,0.0,0.0018981499999999997,1.7157,0.001544055
-1.364,-2.348933,15.59,0.0029709999999999997,0.0620165,0.0115174,0.019705,0.0363775,0.0138508,0.011715,0.0353355,0.02426,0.0047883000000000005,8.50735,0.0,0.0015527,1.35245,0.001186945
-1.351,-2.335933,18.7,0.0045000000000000005,0.0760945,0.0148122,0.029845,0.0548685,0.01739935,0.01784,0.042522000000000004,0.0261375,0.0068264,10.018550000000001,0.0,0.0019573,1.77415,0.0014196
-1.338,-2.322933,19.045,0.004854,0.0803645,0.0151383,0.030195,0.0464175,0.016476249999999998,0.01783,0.0426155,0.022275499999999997,0.00711125,10.122649999999998,0.0,0.0018107,1.9145999999999999,0.0012827149999999998
-1.324,-2.308933,20.97,0.0053075,0.09725749999999998,0.0161565,0.03546,0.044028,0.01716475,0.022535,0.0456395,0.0212395,0.0091605,11.199949999999998,0.0,0.00175145,2.0803000000000003,0.001292725
-1.311,-2.295933,9.12,0.003924,0.055987499999999996,0.0074820500000000005,0.014075,0.021601000000000002,0.007850949999999999,0.007013500000000001,0.0218925,0.009535749999999999,0.005649,4.094329999999999,0.0,0.0007861,1.5816999999999999,0.00059998
-1.298,-2.282933,5.045,0.0024535,0.031635,0.0043574500000000006,0.007918,0.009934499999999999,0.0045783,0.0033864999999999998,0.009764,0.00507195,0.003638,2.0532600000000003,0.0,0.000419,1.0609,0.000324375
-1.285,-2.269933,6.19,0.0035459999999999997,0.03826,0.00720595,0.0061565000000000005,0.007481,0.0040515,0.0034785,0.008122,0.00489835,0.0038485000000000004,2.107905,0.0,0.00047389999999999997,1.6625,0.000279155
-1.271,-2.2559329999999997,7.57,0.004644,0.044898499999999994,0.0102868,0.006425500000000001,0.005891,0.0039172,0.005631,0.0077234999999999995,0.0050710500000000006,0.0045674999999999995,2.171295,0.0,0.0006711,2.39385,0.00029802500000000005
-1.258,-2.242933,11.16,0.0053939999999999995,0.052343,0.01956405,0.012865000000000001,0.0085585,0.005526399999999999,0.014159999999999999,0.011803500000000001,0.008653649999999999,0.005239000000000001,2.6557700000000004,0.0,0.0014402,4.01185,0.00056231
-1.245,-2.229933,19.67,0.007823,0.08317849999999999,0.03749859999999999,0.033335000000000004,0.018848999999999998,0.00978,0.03496,0.026357,0.01678,0.0083285,4.03235,0.0,0.0033475,7.6306,0.00134279
-1.232,-2.216933,29.625,0.009842,0.13588,0.05260000000000001,0.085695,0.040795,0.015827,0.07530999999999999,0.062,0.027705,0.014793000000000002,5.8186,0.0,0.0062565,11.6835,0.0028538350000000003
-1.218,-2.202933,35.595,0.011833,0.181355,0.059472,0.07912,0.040965,0.018112,0.08223,0.055475,0.0334025,0.017283,7.1693,0.0,0.0063985000000000005,13.9725,0.002942385
-1.205,-2.189933,41.49,0.0139205,0.23556,0.0633565,0.087935,0.047215,0.020707500000000004,0.10189999999999999,0.05535,0.037446,0.0220275,8.187700000000001,0.0,0.006444,16.511499999999998,0.00330121
-1.192,-2.176933,45.355,0.0137605,0.232825,0.072747,0.10264999999999999,0.05884,0.020587,0.11705,0.066295,0.04283750000000001,0.021837000000000002,8.528,0.0,0.0071795,18.487,0.00365965
-1.179,-2.163933,42.72,0.012455500000000001,0.24841000000000002,0.061505500000000005,0.08577,0.041154,0.0176765,0.07788500000000001,0.056985,0.037769000000000004,0.020499499999999997,8.39215,0.0,0.005811,17.21,0.0027793550000000003
-1.165,-2.149933,39.69,0.010567,0.24508499999999997,0.054977,0.063835,0.0370395,0.015473,0.056010000000000004,0.050915,0.032256499999999994,0.017219500000000002,7.704899999999999,0.0,0.0055395,16.151,0.0023617300000000003
-1.152,-2.136933,42.825,0.010820999999999999,0.28019,0.0549905,0.04786,0.0364355,0.015735,0.041014999999999996,0.046830000000000004,0.032995,0.0162355,8.029300000000001,0.0,0.005501000000000001,17.7725,0.0023641950000000004
-1.139,-2.123933,36.395,0.009939,0.23987,0.044331,0.03529,0.0333585,0.013129499999999999,0.030175,0.0387,0.025965500000000002,0.014289499999999998,6.515799999999999,0.0,0.00441,15.440999999999999,0.0020709450000000003
-1.126,-2.1109329999999997,29.87,0.007246,0.20576499999999998,0.0326569,0.02111,0.024161500000000002,0.0096462,0.017605000000000003,0.028934,0.021458,0.010680499999999999,4.9449000000000005,0.0,0.003525,13.081,0.0016155949999999998
-1.112,-2.096933,30.72,0.006175,0.2051,0.032238350000000006,0.019455,0.0237415,0.0099277,0.016415,0.0270385,0.021599999999999998,0.009310500000000001,4.89115,0.0,0.004181,13.692499999999999,0.001600325
-1.099,-2.083933,20.825,0.003424,0.13862999999999998,0.019856449999999998,0.01125,0.014450000000000001,0.0061751,0.009028000000000001,0.016854,0.014467500000000001,0.005959499999999999,3.26345,0.0,0.0028725000000000005,9.3601,0.001068785
-1.086,-2.070933,13.75,0.0026574999999999997,0.074578,0.01583235,0.0088845,0.0111885,0.0029760000000000003,0.007641,0.012194,0.00814635,0.00403215,2.414545,0.0,0.0024205,5.94155,0.00093306
-1.073,-2.057933,18.415,0.0041435000000000005,0.088705,0.0216596,0.01403,0.0161745,0.0037631999999999995,0.011445,0.0163265,0.010936,0.0054304999999999996,3.40767,0.0,0.003067,7.82995,0.001327745
-1.059,-2.043933,19.925,0.0041645,0.09653500000000001,0.02248165,0.016755,0.01858,0.0041408,0.01236,0.017431999999999996,0.011155,0.0058414999999999995,3.70993,0.0,0.003411000000000001,8.4809,0.00143131
-1.046,-2.030933,15.94,0.0031839999999999998,0.0748805,0.0174609,0.01814,0.0165825,0.0033527,0.0132,0.0150215,0.0084465,0.0046723500000000005,3.053885,0.0,0.00294,6.723699999999999,0.001255825
-1.033,-2.0179329999999998,21.19,0.004298000000000001,0.10189499999999999,0.022129,0.0407,0.025166,0.00439215,0.03139,0.0232185,0.01146755,0.0083675,4.231105,0.0,0.0038014999999999998,8.78465,0.00198198
-1.02,-2.004933,25.6,0.004699999999999999,0.12783999999999998,0.025212000000000005,0.09383,0.043389000000000004,0.0063088,0.074405,0.041819999999999996,0.0131705,0.013988500000000001,5.37885,0.0,0.006383999999999999,10.31075,0.00325564
-1.007,-1.991933,16.625,0.0028840000000000003,0.08121,0.01604485,0.04545,0.023463,0.0032443,0.03697,0.023249,0.0077447,0.0075125,3.48473,0.0,0.003237,6.7606,0.001849045
-0.993,-1.977933,14.89,0.0026,0.06619499999999999,0.0149426,0.043554999999999996,0.0204955,0.0026299,0.037919999999999995,0.021977,0.006844,0.006157,3.224325,0.0,0.0029309999999999996,5.9803,0.00173923
-0.98,-1.9649329999999998,19.315,0.0032805,0.08141,0.019908999999999996,0.12940000000000002,0.0488155,0.0049021,0.11395,0.051854,0.010646200000000001,0.012268999999999999,4.5445,0.0,0.0070480000000000004,7.29715,0.003660715
-0.967,-1.951933,12.615,0.0022015,0.046929,0.0142018,0.06426,0.0258945,0.00243545,0.05627,0.0266745,0.00576805,0.0063237,2.988705,0.0,0.0037340000000000003,4.81485,0.0019479949999999999
-0.954,-1.938933,9.55,0.00178645,0.028149,0.01226015,0.040690000000000004,0.0170835,0.00180334,0.035965,0.017301,0.0035626,0.0038398,2.32774,0.0,0.002533,3.62575,0.0012565850000000002
-0.94,-1.9249329999999998,3.506,0.00037395,0.012747499999999998,0.0032709500000000003,0.0186,0.006738,0.0004888500000000001,0.015,0.0076235,0.00141435,0.0015947000000000001,0.8077700000000001,0.0,0.001057,1.37045,0.0005581245000000001
-0.927,-1.9119329999999999,13.66,0.00107,0.051055500000000004,0.00995525,0.13855,0.0472845,0.00239325,0.1148,0.0517205,0.006930500000000001,0.010213,3.2733749999999997,0.0,0.006316499999999999,5.092,0.003567255
-0.914,-1.898933,5.48,0.0006,0.018278000000000003,0.004087749999999999,0.12625,0.04151,0.00201305,0.10125,0.043871,0.004392399999999999,0.0079775,1.524455,0.0,0.0052345,1.6978,0.00287187
-0.901,-1.885933,3.3215,0.00045814999999999994,0.0102855,0.0023565,0.1192,0.038668,0.001801345,0.09428,0.041201,0.0035938,0.007206,1.0298599999999998,0.0,0.0047989999999999994,0.83924,0.002656351
-0.887,-1.8719329999999998,3.038,0.00045875,0.0089055,0.0020853,0.12565,0.0405965,0.0019019650000000003,0.098255,0.0431135,0.0037191000000000004,0.007381,0.974335,0.0,0.005006999999999999,0.703645,0.0027782255
-0.874,-1.858933,2.8995,0.0004688,0.0080257,0.0019267750000000001,0.13345,0.0429625,0.0020315999999999997,0.1032,0.0454645,0.003925649999999999,0.007640999999999999,0.9534900000000002,0.0,0.005278,0.622995,0.0029319625
-0.861,-1.845933,2.85,0.0004852,0.00745085,0.0018361,0.14265,0.045751,0.002185405,0.10905,0.048251,0.0042013499999999995,0.007971500000000001,0.9547999999999999,0.0,0.0056065,0.574295,0.0031142379999999996
-0.848,-1.832933,2.8275,0.00050075,0.0069858,0.0017594099999999999,0.15225,0.048646999999999996,0.0023416950000000004,0.11495,0.051142,0.00450335,0.008310000000000001,0.96109,0.0,0.005949,0.5369950000000001,0.003305249
-0.834,-1.818933,2.838,0.00051625,0.00665655,0.0017037749999999998,0.16255,0.051795999999999995,0.00250793,0.12105,0.054169999999999996,0.00484655,0.008676,0.97512,0.0,0.006318,0.511725,0.003508589
-0.821,-1.805933,2.856,0.00052625,0.006422550000000001,0.0016447900000000001,0.17259999999999998,0.054845000000000005,0.0026482449999999996,0.1265,0.057085,0.005141649999999999,0.0090305,0.98786,0.0,0.006662,0.4934700000000001,0.0037031944999999997
-0.808,-1.792933,2.918,0.0005405,0.00631425,0.0016114750000000002,0.1846,0.0585355,0.00279939,0.13319999999999999,0.060665,0.0054839,0.0094835,1.013645,0.0,0.0070799999999999995,0.486515,0.0039433715
-0.795,-1.779933,3.0005,0.0005521,0.0062819,0.001575475,0.19824999999999998,0.062689,0.002957435,0.14045000000000002,0.06468,0.00586275,0.0099935,1.044335,0.0,0.007546499999999999,0.48512,0.004217949
-0.781,-1.765933,3.167,0.00057795,0.0063849,0.0015769349999999998,0.218,0.06873000000000001,0.003251,0.15200000000000002,0.07048,0.0065067,0.010765499999999999,1.105165,0.0,0.008250500000000001,0.49546999999999997,0.004619674999999999
-0.768,-1.752933,3.2555,0.0005831,0.006349,0.0015542099999999999,0.2321,0.072698,0.0034529499999999998,0.1587,0.074415,0.006975299999999999,0.0112185,1.136565,0.0,0.0087335,0.49781,0.0048845699999999995
-0.755,-1.739933,3.331,0.00058215,0.006297550000000001,0.00152862,0.24545,0.0762805,0.00363535,0.16425,0.078,0.007425599999999999,0.0116005,1.163045,0.0,0.009182,0.499245,0.005125015
-0.742,-1.7269329999999998,3.4925,0.00059125,0.006431899999999999,0.0015395950000000002,0.265,0.0817445,0.0038644499999999997,0.1733,0.083605,0.00799915,0.012280499999999998,1.217795,0.0,0.009851,0.5156700000000001,0.005493575
-0.728,-1.712933,3.6005,0.0006089,0.006260150000000001,0.0015313100000000001,0.28259999999999996,0.086333,0.00430295,0.1823,0.08791,0.00893905,0.012724,1.262055,0.0,0.010486500000000001,0.512465,0.0058208949999999995
-0.715,-1.699933,3.784,0.00064145,0.0061633,0.001551655,0.30695,0.09286,0.004934249999999999,0.1959,0.09397,0.010276750000000001,0.013405499999999999,1.33642,0.0,0.011389,0.5153300000000001,0.006286205
-0.702,-1.6869329999999998,4.015,0.00067395,0.006188,0.001580075,0.33599999999999997,0.100585,0.005567549999999999,0.21125,0.101705,0.011604100000000001,0.014266999999999998,1.42603,0.0,0.0124385,0.52579,0.0068457050000000005
-0.689,-1.673933,4.154,0.0006742,0.00632155,0.00155743,0.35714999999999997,0.10570500000000001,0.0056684000000000005,0.2173,0.10821,0.011954900000000001,0.014871999999999998,1.4670050000000001,0.0,0.013085,0.5418850000000001,0.007229479999999999
-0.675,-1.659933,4.109,0.0006526000000000001,0.0062767,0.0014717900000000002,0.36055000000000004,0.10639,0.005683,0.2153,0.107795,0.0121413,0.014677,1.448605,0.0,0.0130945,0.531875,0.007253835
-0.662,-1.646933,4.0215,0.00061455,0.006070150000000001,0.0013895000000000001,0.3617,0.105845,0.00554715,0.20975,0.10715,0.012042549999999999,0.014378,1.41518,0.0,0.013011,0.514855,0.007213005
-0.649,-1.6339329999999999,3.734,0.00055035,0.00545615,0.001258655,0.3456,0.10007999999999999,0.00519169,0.19405,0.10121,0.011494750000000001,0.0133405,1.31494,0.0,0.012317499999999999,0.467655,0.006818745
-0.636,-1.620933,3.5005,0.00049985,0.004933,0.00114899,0.33355,0.095529,0.004859065,0.18045,0.09672,0.01098625,0.012524,1.2309150000000002,0.0,0.011752,0.43122000000000005,0.006508315000000001
-0.622,-1.606933,3.515,0.00047464999999999996,0.004780649999999999,0.001106865,0.3479,0.0988505,0.0047088500000000005,0.1763,0.09976499999999999,0.01089035,0.012724000000000001,1.22566,0.0,0.012028,0.43030500000000005,0.006669849999999999
-0.609,-1.5939329999999998,3.3715,0.00044564999999999996,0.0044986,0.001028705,0.34285,0.09611900000000001,0.004485619999999999,0.1663,0.0965,0.010725299999999998,0.012185,1.1736499999999999,0.0,0.0116525,0.408875,0.006484889999999999
-0.596,-1.580933,3.4525,0.00043224999999999996,0.00456895,0.001013655,0.36145,0.10045899999999999,0.00435225,0.16399999999999998,0.09981999999999999,0.0108917,0.012542500000000002,1.189705,0.0,0.012008,0.424675,0.00671083
-0.583,-1.567933,3.545,0.00042070000000000003,0.0046379,0.00100314,0.38255,0.105368,0.004212799999999999,0.1612,0.103415,0.01111635,0.0129295,1.20946,0.0,0.012407,0.44153499999999996,0.00696105
-0.569,-1.5539329999999998,3.556,0.00040570000000000005,0.00461585,0.0009650749999999999,0.3948,0.107489,0.00404235,0.15489999999999998,0.104075,0.011335250000000002,0.012975,1.2018250000000001,0.0,0.0124935,0.44954999999999995,0.007047935
-0.556,-1.5409329999999999,3.6235,0.00040134999999999997,0.00468775,0.0009426900000000002,0.41305000000000003,0.11062050000000001,0.00387845,0.1497,0.10634,0.0116564,0.0132655,1.20889,0.0,0.012705999999999999,0.47043500000000005,0.007219794999999999
-0.543,-1.527933,3.634,0.00038595000000000003,0.00467825,0.000924675,0.42100000000000004,0.1123475,0.00377454,0.14555,0.10582,0.011926200000000001,0.013259,1.20452,0.0,0.0127415,0.47863,0.007254895
-0.53,-1.514933,3.58,0.00037069999999999996,0.00461425,0.00087488,0.42095,0.111768,0.003630085,0.13965,0.10356499999999999,0.01207605,0.0130135,1.1773099999999999,0.0,0.0125375,0.47938000000000003,0.00717304
-0.516,-1.5009329999999999,3.4565,0.00035915,0.0044737,0.0007963149999999999,0.41095000000000004,0.1087105,0.00353645,0.13385,0.09875500000000001,0.01223505,0.012464999999999999,1.13049,0.0,0.012066,0.46809999999999996,0.00695463
-0.503,-1.487933,3.4315,0.00035989999999999997,0.0044582,0.00073866,0.4131,0.1085915,0.003525485,0.13075,0.09662000000000001,0.0126865,0.01231,1.11267,0.0,0.011899,0.47440499999999997,0.006915650000000001
-0.49,-1.474933,3.491,0.00036435,0.004505599999999999,0.00068453,0.4295,0.110935,0.00349655,0.1265,0.097415,0.013438249999999999,0.012496,1.1110099999999998,0.0,0.011963500000000002,0.50265,0.007037384999999999
-0.477,-1.461933,2.7775,0.00028255,0.0035384500000000003,0.00052174,0.34904999999999997,0.090123,0.002560085,0.09403500000000001,0.07544500000000001,0.01100635,0.009974,0.86623,0.0,0.009345000000000001,0.41761,0.005557680000000001
-0.464,-1.448933,1.9585,0.00019602,0.0023074,0.00037724000000000004,0.24614999999999998,0.06386700000000001,0.0018031149999999997,0.06795999999999999,0.0526,0.0080379,0.0070741,0.6021215,0.0,0.0063805,0.30347999999999997,0.0038747500000000006
-0.45,-1.434933,1.67,0.00016861,0.0018640500000000001,0.00031832500000000005,0.21015,0.0546445,0.0015926949999999999,0.059895000000000004,0.044364999999999995,0.007163725,0.006020350000000001,0.5112675,0.0,0.005338,0.2612,0.00329648
-0.437,-1.421933,1.5665,0.00015789500000000002,0.0017052999999999999,0.00029004,0.19874999999999998,0.0515915,0.0015203249999999999,0.056264999999999996,0.0409885,0.0070003800000000005,0.0055927,0.4790905,0.0,0.0049685,0.245395,0.0030954219999999996
-0.424,-1.408933,1.5345,0.000150705,0.0016350000000000002,0.00027527499999999996,0.1964,0.0507635,0.0015489800000000001,0.055650000000000005,0.039769,0.007144040000000001,0.00538905,0.47177,0.0,0.0048465,0.23796,0.0030457620000000005
-0.411,-1.3959329999999999,1.5165,0.00014412,0.00158475,0.00026431,0.19575,0.0503825,0.001588185,0.055425,0.038954,0.007327265,0.0052321500000000005,0.469188,0.0,0.0047725,0.23212499999999997,0.0030227709999999996
-0.397,-1.381933,1.3355,0.000128255,0.0013629,0.00022514,0.17385,0.04467,0.001371925,0.048015,0.033413,0.00666684,0.0045934,0.4088405,0.0,0.004128,0.209312,0.0026484764999999996
-0.384,-1.368933,1.0965,0.000108775,0.0010799,0.0001779575,0.14475,0.0371205,0.00102976,0.03707,0.026270500000000002,0.005645795,0.0038126499999999995,0.3260485,0.0,0.0032814999999999997,0.18213949999999998,0.0021423210000000004
-0.371,-1.3559329999999998,1.013,9.927e-05,0.00097195,0.0001611305,0.1351,0.0346015,0.0009394149999999999,0.03367,0.0236725,0.005391480000000001,0.0034924500000000002,0.300003,0.0,0.0029960000000000004,0.1696975,0.001975077
-0.358,-1.342933,0.969,9.4885e-05,0.0009035499999999999,0.00015186399999999998,0.12730000000000002,0.0337175,0.00088561,0.035684999999999995,0.0222865,0.00517748,0.0033711999999999995,0.28542,0.0,0.002872,0.1626635,0.0019010685
-0.344,-1.328933,0.975,9.648e-05,0.00088349,0.00015184849999999998,0.12145,0.03485150000000001,0.0008709049999999999,0.044975,0.0225395,0.0049989349999999995,0.0035086,0.284879,0.0,0.002954,0.16269050000000002,0.00194592
-0.331,-1.315933,1.005,9.935e-05,0.0008888749999999999,0.0001568275,0.117,0.036528000000000005,0.000871555,0.057069999999999996,0.0239045,0.00484663,0.0037698,0.2909379999999999,0.0,0.0031314999999999997,0.16650900000000002,0.002045209
-0.318,-1.302933,1.0765,0.00010196,0.000917895,0.0001705905,0.11505,0.039598999999999995,0.000902555,0.07396,0.0264905,0.00479948,0.00422645,0.30676549999999997,0.0,0.003446,0.17919500000000002,0.0022156355
-0.305,-1.289933,1.181,0.00010585999999999999,0.00097533,0.00019070950000000001,0.11424999999999999,0.044075500000000004,0.000968915,0.09586,0.030052,0.004764330000000001,0.004861,0.33083049999999997,0.0,0.003887,0.1977695,0.002451831
-0.291,-1.275933,1.3215,0.00011303500000000002,0.0010722,0.0002159835,0.1163,0.0499225,0.00109863,0.12175,0.0348995,0.004790305,0.005648500000000001,0.3661695,0.0,0.004474499999999999,0.2203665,0.0027736550000000003
-0.278,-1.2629329999999999,1.4585,0.00011914,0.0011895,0.00024026449999999997,0.1177,0.0555645,0.00126292,0.1479,0.039955000000000004,0.00473551,0.006428,0.4019999999999999,0.0,0.0050645,0.2405775,0.003091145
-0.265,-1.249933,1.629,0.000129135,0.00134665,0.00026143,0.12,0.06197999999999999,0.0015970149999999998,0.18105,0.0469085,0.004730439999999999,0.0072464999999999995,0.448621,0.0,0.0058405,0.26342,0.00351173
-0.252,-1.236933,1.9535,0.00015032,0.00166055,0.0003033,0.12755,0.07431,0.002234735,0.23975,0.0594645,0.0048673499999999995,0.0087165,0.540581,0.0,0.007298,0.3055205,0.00431515
-0.238,-1.2229329999999998,2.364,0.00017103,0.0020583,0.000359155,0.13885,0.089675,0.003024855,0.31174999999999997,0.075435,0.005088049999999999,0.010561500000000001,0.658364,0.0,0.0091295,0.3585205,0.00531785
-0.225,-1.209933,2.805,0.000192065,0.0024812,0.0004169,0.15355000000000002,0.10580999999999999,0.0038929449999999992,0.38575000000000004,0.091915,0.0054509,0.012524500000000001,0.7807565000000001,0.0,0.010994,0.42133149999999997,0.006347670000000001
-0.212,-1.196933,3.1145,0.000201775,0.0027891500000000002,0.00045515999999999997,0.16110000000000002,0.116675,0.0045886650000000005,0.44155,0.10414999999999999,0.005467,0.01396,0.8624729999999999,0.0,0.01228,0.4689930000000001,0.00704092
-0.199,-1.183933,3.402,0.0002098,0.00308195,0.0004855300000000001,0.1681,0.12614,0.005330875,0.49385,0.11587,0.0055324,0.0152165,0.9398525,0.0,0.013470000000000001,0.512466,0.007680685
-0.185,-1.169933,3.321,0.00019562500000000003,0.0030268499999999998,0.00046583500000000006,0.157,0.12190999999999999,0.0054598699999999995,0.49225,0.114975,0.00490705,0.014897999999999998,0.9096624999999999,0.0,0.013136,0.505893,0.00746017
-0.172,-1.156933,3.08,0.00017308500000000001,0.0028417,0.000435265,0.13035000000000002,0.112455,0.005319035,0.4766,0.110905,0.00342285,0.013976000000000002,0.843641,0.0,0.012375,0.462207,0.00698078
-0.159,-1.1439329999999999,2.8925,0.00016161000000000002,0.0026360999999999997,0.000410105,0.11715,0.10554,0.005161845,0.45635000000000003,0.10604,0.0026979000000000005,0.0132065,0.789361,0.0,0.0116405,0.4332005,0.006573595000000001
-0.146,-1.130933,2.7995,0.00015674500000000002,0.0024632000000000005,0.000396655,0.11705,0.10193,0.005058999999999999,0.4395,0.10255500000000001,0.0026796,0.012782,0.7564025,0.0,0.011118,0.42676149999999996,0.00631531
-0.132,-1.116933,2.7465,0.00015117,0.0023378,0.00038872500000000003,0.11860000000000001,0.099565,0.00500223,0.42865,0.10072500000000001,0.00269815,0.0125495,0.7342035,0.0,0.010761000000000001,0.42677200000000004,0.006139075
-0.119,-1.103933,2.7075,0.00014581,0.0022270000000000002,0.00038169500000000004,0.1205,0.097515,0.004981035,0.42025,0.09947,0.0027314999999999996,0.0123875,0.7147875,0.0,0.010446,0.43022249999999995,0.0059828500000000005
-0.106,-1.090933,2.6965,0.00014225000000000002,0.0021417500000000004,0.00037743000000000005,0.1231,0.09630999999999999,0.005039385,0.41664999999999996,0.09923,0.00278985,0.012348999999999999,0.7027019999999999,0.0,0.010229,0.438207,0.005884415
-0.093,-1.077933,2.709,0.000140085,0.00207625,0.000375965,0.1266,0.095875,0.0051604549999999996,0.41700000000000004,0.0998,0.00288095,0.012412,0.6970144999999999,0.0,0.010093,0.4499875,0.005833135000000001
-0.079,-1.063933,2.749,0.00013922,0.0020295,0.000377805,0.1308,0.09619,0.005368309999999999,0.4222,0.10137,0.00300495,0.0125995,0.6986199999999999,0.0,0.010042,0.466703,0.005834145000000001
-0.066,-1.050933,2.806,0.000138795,0.00199555,0.00038221,0.136,0.097055,0.005613315000000001,0.43005000000000004,0.10361999999999999,0.0031520999999999997,0.012849,0.7046729999999999,0.0,0.010055499999999998,0.48576299999999994,0.005872545000000001
-0.053,-1.037933,2.873,0.000138525,0.001969,0.00038844499999999996,0.14165,0.098165,0.00588737,0.43945,0.106265,0.0033171,0.013139000000000001,0.7135495,0.0,0.0100985,0.506757,0.005927770000000001
-0.04,-1.0249329999999999,2.962,0.00013884500000000002,0.00195875,0.00039764000000000005,0.1485,0.100005,0.00621613,0.45235000000000003,0.109745,0.0035196,0.0135055,0.7286955,0.0,0.010225,0.5308855,0.00603227
-0.026,-1.0109329999999999,3.08,0.00013977,0.00196845,0.00041053499999999996,0.15694999999999998,0.10283,0.00662465,0.4699,0.11435999999999999,0.0037699000000000005,0.013949000000000001,0.7527404999999999,0.0,0.010468,0.5580005,0.006208159999999999
-0.013,-0.997933,3.247,0.00014203,0.00200335,0.0004303,0.1681,0.10724,0.0071823600000000005,0.49539999999999995,0.121005,0.00409715,0.0145355,0.7916145,0.0,0.010903000000000001,0.5916,0.00650431
0.0,-0.984933,3.636,0.00015758,0.002106,0.00046915000000000005,0.183,0.11509,0.00879992,0.5628,0.136015,0.0046601,0.016173,0.875886,0.0,0.011748,0.679846,0.007099695
0.013,-0.9719329999999999,3.9385,0.00016649999999999998,0.00215685,0.00049918,0.19375,0.119315,0.010233840000000001,0.61595,0.147395,0.00513125,0.017541499999999998,0.9345844999999999,0.0,0.012166,0.7585005,0.00744789
0.027,-0.9579329999999999,3.957,0.00016353,0.0020831,0.000502,0.1982,0.11831,0.010421694999999998,0.6164499999999999,0.14676,0.00536855,0.017707,0.9225614999999999,0.0,0.011814,0.7819125,0.0072802200000000004
0.04,-0.9449329999999999,3.9235,0.00015678,0.0019832,0.00049733,0.2041,0.11590500000000001,0.010264879999999999,0.60425,0.144235,0.00563885,0.017723,0.89063,0.0,0.011233,0.801912,0.006958615
0.053,-0.9319329999999999,3.5245,0.000132695,0.00178265,0.00047290000000000006,0.19674999999999998,0.10856,0.00864463,0.5328999999999999,0.129635,0.005177299999999999,0.015600000000000001,0.8105825000000001,0.0,0.010354499999999999,0.703395,0.006390435
0.066,-0.918933,3.216,0.000114585,0.00161075,0.00044904499999999997,0.19069999999999998,0.102125,0.007394665,0.4776,0.11848,0.0048051,0.0140815,0.739926,0.0,0.009557,0.6363015000000001,0.005873435
0.079,-0.905933,2.6865,8.813999999999999e-05,0.0013839800000000001,0.00037228,0.17955,0.091795,0.004854815,0.3769,0.096475,0.0042986,0.012316,0.583925,0.0,0.007967,0.555337,0.004725574999999999
0.093,-0.891933,2.5565,7.9535e-05,0.001314595,0.000362715,0.17545,0.08875,0.0044443,0.35650000000000004,0.09263,0.0040707,0.011529999999999999,0.560982,0.0,0.007695,0.520101,0.00455705
0.106,-0.878933,2.445,7.167e-05,0.001256225,0.000356325,0.172,0.086235,0.004086154999999999,0.3392,0.08946499999999999,0.0038586000000000002,0.0108355,0.542018,0.0,0.007478,0.488942,0.00441925
0.119,-0.865933,2.4495,6.9125e-05,0.001241795,0.000364625,0.175,0.086455,0.00408341,0.33909999999999996,0.08965999999999999,0.0039103,0.0107365,0.541686,0.0,0.007424,0.49088450000000006,0.00439435
0.132,-0.8529329999999999,2.487,6.806e-05,0.0012383750000000001,0.00037651000000000004,0.18015,0.087755,0.00416004,0.3438,0.090915,0.00403575,0.0107615,0.5495165,0.0,0.00746,0.499069,0.00442993
0.146,-0.8389329999999999,2.549,6.741e-05,0.00124405,0.00039273,0.187,0.08972000000000001,0.004296185,0.352,0.09295,0.004216900000000001,0.0109,0.5618620000000001,0.0,0.0075335,0.5135470000000001,0.00449134
0.159,-0.8259329999999999,2.6075,6.699e-05,0.001237215,0.000402995,0.194,0.091555,0.004386375,0.359,0.09464,0.0043958,0.0111295,0.5692314999999999,0.0,0.007521,0.531188,0.004504295
0.172,-0.8129329999999999,2.5715,6.411000000000001e-05,0.001216625,0.000415565,0.1933,0.08886,0.004376125,0.354,0.093605,0.00438175,0.010943000000000001,0.5510364999999999,0.0,0.0071725,0.5346575,0.00429037
0.185,-0.799933,2.295,5.5480000000000004e-05,0.00107537,0.000372115,0.17570000000000002,0.08096500000000001,0.0036909350000000002,0.31455,0.08393500000000001,0.0037853300000000004,0.009803,0.489355,0.0,0.0064265,0.4760034999999999,0.003819285
0.199,-0.785933,2.203,5.2e-05,0.00101716,0.00036032,0.17075,0.07794000000000001,0.003467785,0.3012,0.080515,0.003607135,0.009458499999999998,0.46315399999999995,0.0,0.0060420000000000005,0.46250499999999994,0.0035859050000000003
0.212,-0.772933,2.125,4.863e-05,0.00096954,0.00035017499999999993,0.16670000000000001,0.075655,0.003275,0.2901,0.077875,0.0034466849999999997,0.009067,0.445485,0.0,0.005796,0.446176,0.0034346399999999997
0.225,-0.759933,2.132,4.7675e-05,0.00094684,0.000351375,0.16899999999999998,0.075735,0.003256025,0.29059999999999997,0.07782,0.003478435,0.0091515,0.440148,0.0,0.005631000000000001,0.45446999999999993,0.003345625
0.238,-0.746933,2.082,4.457e-05,0.00091494,0.00034686,0.16685,0.074115,0.003135175,0.28359999999999996,0.07616,0.0033799850000000003,0.008891000000000001,0.427877,0.0,0.0054225,0.44514050000000005,0.0032202199999999998
0.252,-0.732933,2.0,4.1625e-05,0.00087337,0.00033665500000000005,0.16195,0.071615,0.0029579100000000002,0.2724,0.07348,0.0032109949999999995,0.008446,0.4114135,0.0,0.0051985,0.42616050000000005,0.00308121
0.265,-0.7199329999999999,1.957,3.9775e-05,0.00084374,0.000331515,0.15985,0.07013,0.00286678,0.26649999999999996,0.071915,0.003136025,0.008225,0.400399,0.0,0.005006999999999999,0.4188465,0.00296877
0.278,-0.7069329999999999,1.9165,3.7985e-05,0.000816305,0.000326825,0.15785,0.06872,0.002781005,0.2609,0.07045,0.003064715,0.0080105,0.390153,0.0,0.004827,0.41187825,0.0028620499999999997
0.291,-0.6939329999999999,1.874,3.626e-05,0.0007889100000000001,0.0003215295,0.15560000000000002,0.067305,0.0026913599999999994,0.2552,0.06895000000000001,0.002987095,0.007788999999999999,0.3799905,0.0,0.0046515,0.40409124999999996,0.00275848
0.305,-0.6799329999999999,1.924,3.616e-05,0.000784615,0.0003270595,0.16110000000000002,0.068815,0.00273816,0.26165,0.070375,0.00309278,0.008092000000000002,0.38351749999999996,0.0,0.004554,0.42184374999999996,0.002718785
0.318,-0.666933,1.751,3.1735e-05,0.00072544,0.00030669149999999995,0.14795,0.0632,0.002454215,0.23865,0.0647455,0.0027539949999999995,0.0070929999999999995,0.35505950000000003,0.0,0.0042755,0.37648344999999994,0.00252828
0.331,-0.6539329999999999,2.0175,3.6295000000000004e-05,0.0008287749999999999,0.00039450149999999996,0.1711,0.068965,0.003138475,0.27625,0.07288,0.003464905,0.00805,0.395839,0.0,0.0043465,0.45383095,0.00259724
0.344,-0.640933,1.7825,3.09e-05,0.0007189399999999999,0.0003302455,0.1529,0.06307,0.00257079,0.24355,0.0651935,0.0029075999999999998,0.007062500000000001,0.3553195,0.0,0.0040215,0.3918393,0.0023903550000000003
0.358,-0.626933,1.735,2.943e-05,0.000691275,0.0003215755,0.1499,0.0615495,0.0024759049999999996,0.2372,0.0634425,0.0028209199999999998,0.0068145,0.345434,0.0,0.0038575000000000003,0.38182445,0.00229474
0.371,-0.613933,1.6255,2.6575000000000002e-05,0.00063374,0.000292126,0.1416,0.058533,0.0022183899999999998,0.22195,0.059862,0.0025699900000000003,0.0063495,0.3251285,0.0,0.0036455000000000003,0.35457289999999997,0.00216551
0.384,-0.6009329999999999,1.6825,2.6325e-05,0.000624485,0.0002893825,0.1478,0.0608185,0.00221811,0.22935,0.061828999999999995,0.0026328949999999997,0.00674,0.3312455,0.0,0.0035805000000000003,0.37210665,0.00215009
0.397,-0.5879329999999999,1.483,2.2475e-05,0.00055119,0.0002508875,0.13125,0.054580500000000004,0.0018729449999999998,0.2023,0.055177000000000004,0.0022406149999999996,0.005772,0.29719300000000004,0.0,0.003286,0.3210519,0.00195739
0.411,-0.573933,1.325,1.87105e-05,0.000476835,0.000205945,0.11845,0.050275,0.0015138,0.18030000000000002,0.050232,0.00186424,0.005154000000000001,0.2688785,0.0,0.0030499999999999998,0.2808224,0.0018092200000000003
0.424,-0.5609329999999999,1.199,1.6002e-05,0.00041901000000000004,0.00017103,0.10805000000000001,0.046698,0.001243305,0.16285,0.0461675,0.0015768450000000001,0.004671149999999999,0.245603,0.0,0.0028399999999999996,0.2497833,0.00168067
0.437,-0.547933,1.1165,1.4295499999999999e-05,0.00038199,0.00015016200000000002,0.1013,0.0442,0.0010806625,0.15155,0.043436,0.0013982550000000002,0.00433785,0.23001549999999998,0.0,0.0026755,0.23023644999999998,0.0015820349999999999
0.45,-0.5349329999999999,1.058,1.31295e-05,0.00035637500000000003,0.00013668749999999998,0.09657,0.0422945,0.0009747815000000001,0.1436,0.041415499999999994,0.0012772299999999999,0.004083100000000001,0.21859299999999998,0.0,0.002539,0.2167535,0.00150114
0.464,-0.5209329999999999,1.004,1.20975e-05,0.00033368000000000004,0.000124738,0.09220500000000001,0.0405315,0.0008810644999999999,0.13635,0.03957,0.00116766,0.0038454000000000006,0.20818050000000002,0.0,0.002415,0.20443765000000003,0.001426695
0.477,-0.507933,1.0655,1.2414999999999999e-05,0.00034588,0.000132407,0.098585,0.042624,0.0009438324999999999,0.1449,0.041610499999999995,0.0012647799999999999,0.00405945,0.21846000000000002,0.0,0.0023995,0.2203669,0.001431385
0.49,-0.49493299999999996,0.921,1.0266e-05,0.000295825,0.00010859099999999999,0.08577499999999999,0.03752900000000001,0.0007478675000000001,0.12535000000000002,0.036639000000000005,0.00101402,0.0034187,0.19214549999999997,0.0,0.00217435,0.18592625000000002,0.001285485
0.503,-0.48193299999999994,0.8005,8.4775e-06,0.00025529,8.45845e-05,0.07492,0.033521999999999996,0.0005689235,0.10885,0.032508,0.00078685,0.0029402,0.16971095000000003,0.0,0.00199195,0.1573909,0.001169715
0.517,-0.46793299999999993,0.723,7.389e-06,0.00022954500000000003,7.0395e-05,0.067915,0.0308035,0.00046392300000000004,0.098255,0.029753,0.0006502750000000001,0.0026247999999999996,0.15483275,0.0,0.0018539999999999997,0.13960265,0.001083755
0.53,-0.4549329999999999,0.6865,6.897e-06,0.00021662,6.434199999999999e-05,0.064745,0.029415999999999998,0.00041962999999999994,0.09334500000000001,0.028388499999999997,0.0005922799999999999,0.0024634,0.14742835,0.0,0.0017598499999999999,0.1319003,0.00102814
0.543,-0.4419329999999999,0.6525,6.45e-06,0.00020481999999999998,5.884e-05,0.061825000000000005,0.028129,0.0003793055,0.08884,0.027126499999999998,0.000539295,0.0023127499999999997,0.14060409999999998,0.0,0.00167135,0.1248578,0.0009757850000000001
0.556,-0.4289329999999999,1.1795,1.09505e-05,0.0003431,0.0001124045,0.11230000000000001,0.048215999999999995,0.0008292504999999999,0.1611,0.046627,0.001170875,0.0045496,0.2371205,0.0,0.002212,0.24847020000000003,0.00136495
0.57,-0.414933,0.6255,5.961e-06,0.000192995,5.2356e-05,0.05989,0.027076,0.000336868,0.085405,0.0260665,0.00048444499999999996,0.00215795,0.13471755,0.0,0.0015382,0.11995535000000002,0.0009016299999999999
0.583,-0.401933,0.604,5.6525e-06,0.00018531500000000002,4.8919000000000004e-05,0.0581,0.02619,0.0003135,0.08259,0.025222500000000002,0.00045385499999999997,0.0020521999999999997,0.1302369,0.0,0.00146245,0.1158085,0.0008581849999999999
0.596,-0.388933,0.581,5.394e-06,0.00017759999999999998,4.5635000000000006e-05,0.056115,0.025228,0.0002920965,0.07955999999999999,0.024284,0.000424605,0.0019435499999999998,0.12543765,0.0,0.0013856,0.11138324999999999,0.0008142449999999999
0.609,-0.37593299999999996,0.5575,5.1405e-06,0.000169949,4.2334999999999994e-05,0.05408,0.024259,0.00026990650000000005,0.07646,0.023336500000000003,0.00039436500000000004,0.0018325,0.12061605,0.0,0.0013123000000000002,0.10675835,0.000771915
0.622,-0.36293299999999995,0.533,4.887499999999999e-06,0.00016214799999999998,3.8977099999999997e-05,0.05192,0.0232555,0.0002468585,0.073195,0.0223565,0.00036273,0.00171675,0.11562765000000001,0.0,0.00124085,0.10181245,0.00073028
0.636,-0.34893299999999994,0.5095,4.652e-06,0.000154746,3.57559e-05,0.04986,0.022293999999999998,0.00022441349999999997,0.070075,0.021423499999999998,0.00033203500000000006,0.0016044999999999996,0.1108731,0.0,0.00117315,0.0970635,0.00069082
0.649,-0.3359329999999999,0.5175,4.68e-06,0.00015533949999999998,3.5296700000000004e-05,0.050915,0.0225355,0.00022315600000000002,0.071285,0.021688,0.00033524,0.0016005999999999998,0.11225864999999997,0.0,0.00113735,0.09925645,0.00067387
0.662,-0.3229329999999999,0.5005,4.475500000000001e-06,0.00014938450000000003,3.2381699999999995e-05,0.04956,0.021838,0.000202045,0.06911,0.021039,0.00030839,0.0015,0.10901229999999999,0.0,0.00107775,0.09581975000000001,0.0006391869999999999
0.675,-0.3099329999999999,0.43655,3.8855e-06,0.00013160749999999998,2.63683e-05,0.043355000000000005,0.019251499999999998,0.0001589475,0.060335,0.018496000000000002,0.00024274,0.00125465,0.09617579999999999,0.0,0.0009674499999999999,0.08229035,0.0005695415
0.689,-0.295933,0.3747,3.3240000000000003e-06,0.000114434,2.1188e-05,0.037305000000000005,0.016697999999999998,0.0001230845,0.05184,0.015993,0.000186715,0.00103195,0.0835335,0.0,0.0008561500000000001,0.06951132500000001,0.0005003964999999999
0.702,-0.282933,0.3536,3.1484999999999996e-06,0.00010805,1.9432050000000003e-05,0.035305,0.015767999999999997,0.000111947,0.048985,0.0151015,0.00017035650000000001,0.0009500499999999998,0.0790259,0.0,0.0008003,0.065502195,0.00046765500000000003
0.715,-0.269933,0.33345,2.9845e-06,0.000101993,1.777615e-05,0.0334,0.014879,0.00010150799999999999,0.046259999999999996,0.014243500000000001,0.000154944,0.000871,0.0747602,0.0,0.0007469999999999999,0.061674690000000004,0.000436352
0.728,-0.25693299999999997,0.314,2.829e-06,9.618550000000001e-05,1.6207599999999997e-05,0.031560000000000005,0.0140195,9.1665e-05,0.043625,0.013415,0.000140297,0.0007946500000000002,0.07062750000000001,0.0,0.0006956999999999999,0.057968475,0.00040621349999999995
0.742,-0.24293299999999995,0.29505,2.6800000000000006e-06,9.05545e-05,1.4720650000000001e-05,0.02975,0.013179999999999999,8.234300000000002e-05,0.04106,0.012605499999999999,0.0001263405,0.00072075,0.06659205,0.0,0.0006461,0.05437333,0.00037710300000000005
0.755,-0.22993299999999994,0.28155,2.5735e-06,8.65235e-05,1.3363799999999999e-05,0.028525000000000002,0.0125865,7.303600000000001e-05,0.03926,0.012041,0.00011304149999999998,0.0006525,0.06387005,0.0,0.0006075000000000001,0.051730825,0.0003540445
0.768,-0.21693299999999993,0.2661,2.4385e-06,8.166850000000001e-05,1.21578e-05,0.027065,0.011883000000000001,6.576499999999999e-05,0.037169999999999995,0.011369999999999998,0.0001024725,0.00059255,0.06053175,0.0,0.0005623,0.048903619999999995,0.00032772549999999996
0.781,-0.20393299999999992,0.24895,2.3009999999999997e-06,7.643e-05,1.102765e-05,0.0254,0.0111085,5.9156e-05,0.03483,0.0106255,9.2572e-05,0.0005344550000000001,0.0567603,0.0,0.00051685,0.045763229999999995,0.0003012785
0.795,-0.1899329999999999,0.23195,2.1645e-06,7.128250000000001e-05,9.9413e-06,0.02374,0.0103415,5.2737e-05,0.03251,0.009889,8.2868e-05,0.000477445,0.0530282,0.0,0.00047325,0.042641305,0.000275818
0.808,-0.1769329999999999,0.2151,2.0308e-06,6.62115e-05,8.90045e-06,0.022095,0.00958535,4.6479e-05,0.0302,0.009162,7.33565e-05,0.00042136,0.0493329,0.0,0.0004316,0.03952189,0.000251368
0.821,-0.163933,0.1984,1.89865e-06,6.1226e-05,7.904150000000001e-06,0.020455,0.008837999999999999,4.0415300000000006e-05,0.027905,0.008442999999999999,6.403850000000001e-05,0.00036627999999999997,0.04567725,0.0,0.000392,0.036411535,0.000227927
0.834,-0.15093299999999998,0.1849,1.7967e-06,5.7196e-05,7.04305e-06,0.019145000000000002,0.0082325,3.498415e-05,0.02606,0.0078607,5.5782499999999997e-05,0.00031648000000000006,0.042760164999999996,0.0,0.0003591,0.03387769,0.00020828999999999997
0.848,-0.13693299999999997,0.21975,2.1695e-06,6.7249e-05,7.72935e-06,0.022945,0.0096815,3.8519050000000005e-05,0.031105,0.009261499999999999,6.4393e-05,0.00033947000000000003,0.050802349999999996,0.0,0.00038480000000000003,0.04075736,0.0002252475
0.861,-0.12393299999999996,0.201,2.02365e-06,6.17795e-05,6.7521999999999995e-06,0.021085,0.0088504,3.243505e-05,0.028525000000000002,0.00845835,5.462485e-05,0.000275695,0.04676709999999999,0.0,0.00034679999999999997,0.037190575,0.0002019295
0.874,-0.11093299999999995,0.0984,1.01285e-06,3.078475e-05,3.1937499999999997e-06,0.010345,0.0043617,1.4449500000000001e-05,0.013995,0.00415195,2.265355e-05,0.00011119,0.023276050000000003,0.0,0.00017964499999999998,0.017865436499999998,0.00010276949999999999
0.887,-0.09793299999999994,0.07975,8.283e-07,2.493435e-05,2.5552200000000002e-06,0.0083955,0.00352895,1.155145e-05,0.011355,0.0033583,1.820955e-05,8.657e-05,0.01888977,0.0,0.00014323,0.014490788,8.203400000000001e-05
0.901,-0.08393299999999992,0.06275,6.581000000000001e-07,1.960325e-05,1.981225e-06,0.0066155,0.00277,8.94835e-06,0.0089395,0.002636,1.418555e-05,6.500749999999999e-05,0.014881745,0.0,0.000110605,0.0114090855,6.342899999999999e-05
0.914,-0.07093299999999991,0.047345,5.021e-07,1.4785700000000001e-05,1.471315e-06,0.0050030000000000005,0.00208635,6.6387e-06,0.006755499999999999,0.0019850500000000004,1.0594550000000002e-05,4.6492499999999996e-05,0.01125141,0.0,8.1775e-05,0.008619327999999999,4.696165e-05
0.927,-0.0579329999999999,0.0336,3.6045e-07,1.04843e-05,1.0256750000000001e-06,0.0035570000000000003,0.00147665,4.62225e-06,0.0048000000000000004,0.0014049499999999999,7.431914999999999e-06,3.10265e-05,0.007999231,0.0,5.6715e-05,0.0061235214999999996,3.262145e-05
0.94,-0.044933,0.021485,2.3304999999999999e-07,6.699500000000001e-06,6.443550000000001e-07,0.0022789999999999998,0.00094184,2.900305e-06,0.003073,0.0008957450000000001,4.69821e-06,1.86105e-05,0.005123657,0.0,3.544e-05,0.003918865,2.04211e-05
0.954,-0.03093299999999999,0.011025,1.2027e-07,3.43788e-06,3.2784500000000003e-07,0.0011710000000000002,0.00048288,1.474785e-06,0.0015785,0.00045920999999999994,2.39768e-06,9.243e-06,0.00263218,0.0,1.7987499999999997e-05,0.00201267215,1.03719e-05
0.967,-0.017932999999999977,0.003679,4.0120000000000005e-08,1.14675e-06,1.09378e-07,0.00039065,0.00016109,4.919965e-07,0.0005265000000000001,0.00015318,7.999944999999999e-07,3.08385e-06,0.0008780922,0.0,6.0004999999999996e-06,0.0006713767,3.4603450000000003e-06
0.98,-0.004932999999999965,0.0002655,2.8955e-09,8.276799999999999e-08,7.89355e-09,2.819e-05,1.162645e-05,3.55111e-08,3.8e-05,1.10565e-05,5.7738050000000007e-08,2.2255500000000002e-07,6.337649e-05,0.0,4.3305e-07,4.846232000000001e-05,2.4973100000000003e-07
0.993,0.008067000000000046,0.0,0.0,0.0,0.0,0.0,0.0,0.0,0.0,0.0,0.0,0.0,0.0,0.0,0.0,0.0,0.0
1.007,0.022066999999999948,0.0,0.0,0.0,0.0,0.0,0.0,0.0,0.0,0.0,0.0,0.0,0.0,0.0,0.0,0.0,0.0
1.02,0.03506700000000007,0.0,0.0,0.0,0.0,0.0,0.0,0.0,0.0,0.0,0.0,0.0,0.0,0.0,0.0,0.0,0.0
1.033,0.04806699999999997,0.0,0.0,0.0,0.0,0.0,0.0,0.0,0.0,0.0,0.0,0.0,0.0,0.0,0.0,0.0,0.0
1.046,0.06106700000000009,0.0,0.0,0.0,0.0,0.0,0.0,0.0,0.0,0.0,0.0,0.0,0.0,0.0,0.0,0.0,0.0
1.06,0.0750670000000001,0.0,0.0,0.0,0.0,0.0,0.0,0.0,0.0,0.0,0.0,0.0,0.0,0.0,0.0,0.0,0.0
1.073,0.088067,0.0,0.0,0.0,0.0,0.0,0.0,0.0,0.0,0.0,0.0,0.0,0.0,0.0,0.0,0.0,0.0
1.086,0.10106700000000013,0.0,0.0,0.0,0.0,0.0,0.0,0.0,0.0,0.0,0.0,0.0,0.0,0.0,0.0,0.0,0.0
1.099,0.11406700000000003,0.0,0.0,0.0,0.0,0.0,0.0,0.0,0.0,0.0,0.0,0.0,0.0,0.0,0.0,0.0,0.0
1.113,0.12806700000000004,0.0,0.0,0.0,0.0,0.0,0.0,0.0,0.0,0.0,0.0,0.0,0.0,0.0,0.0,0.0,0.0
1.126,0.14106699999999994,0.0,0.0,0.0,0.0,0.0,0.0,0.0,0.0,0.0,0.0,0.0,0.0,0.0,0.0,0.0,0.0
1.139,0.15406700000000007,0.0,0.0,0.0,0.0,0.0,0.0,0.0,0.0,0.0,0.0,0.0,0.0,0.0,0.0,0.0,0.0
1.152,0.16706699999999997,0.0,0.0,0.0,0.0,0.0,0.0,0.0,0.0,0.0,0.0,0.0,0.0,0.0,0.0,0.0,0.0
1.165,0.1800670000000001,0.0,0.0,0.0,0.0,0.0,0.0,0.0,0.0,0.0,0.0,0.0,0.0,0.0,0.0,0.0,0.0
1.179,0.1940670000000001,0.0,0.0,0.0,0.0,0.0,0.0,0.0,0.0,0.0,0.0,0.0,0.0,0.0,0.0,0.0,0.0
1.192,0.207067,0.0,0.0,0.0,0.0,0.0,0.0,0.0,0.0,0.0,0.0,0.0,0.0,0.0,0.0,0.0,0.0
1.205,0.22006700000000012,0.0,0.0,0.0,0.0,0.0,0.0,0.0,0.0,0.0,0.0,0.0,0.0,0.0,0.0,0.0,0.0
1.218,0.23306700000000002,0.0,0.0,0.0,0.0,0.0,0.0,0.0,0.0,0.0,0.0,0.0,0.0,0.0,0.0,0.0,0.0
1.232,0.24706700000000004,0.0,0.0,0.0,0.0,0.0,0.0,0.0,0.0,0.0,0.0,0.0,0.0,0.0,0.0,0.0,0.0
1.245,0.26006700000000016,0.0,0.0,0.0,0.0,0.0,0.0,0.0,0.0,0.0,0.0,0.0,0.0,0.0,0.0,0.0,0.0
1.258,0.27306700000000006,0.0,0.0,0.0,0.0,0.0,0.0,0.0,0.0,0.0,0.0,0.0,0.0,0.0,0.0,0.0,0.0
1.271,0.28606699999999996,0.0,0.0,0.0,0.0,0.0,0.0,0.0,0.0,0.0,0.0,0.0,0.0,0.0,0.0,0.0,0.0
1.285,0.300067,0.0,0.0,0.0,0.0,0.0,0.0,0.0,0.0,0.0,0.0,0.0,0.0,0.0,0.0,0.0,0.0
1.298,0.3130670000000001,0.0,0.0,0.0,0.0,0.0,0.0,0.0,0.0,0.0,0.0,0.0,0.0,0.0,0.0,0.0,0.0
1.311,0.326067,0.0,0.0,0.0,0.0,0.0,0.0,0.0,0.0,0.0,0.0,0.0,0.0,0.0,0.0,0.0,0.0
1.324,0.3390670000000001,0.0,0.0,0.0,0.0,0.0,0.0,0.0,0.0,0.0,0.0,0.0,0.0,0.0,0.0,0.0,0.0
1.338,0.35306700000000013,0.0,0.0,0.0,0.0,0.0,0.0,0.0,0.0,0.0,0.0,0.0,0.0,0.0,0.0,0.0,0.0
1.351,0.36606700000000003,0.0,0.0,0.0,0.0,0.0,0.0,0.0,0.0,0.0,0.0,0.0,0.0,0.0,0.0,0.0,0.0
1.364,0.37906700000000015,0.0,0.0,0.0,0.0,0.0,0.0,0.0,0.0,0.0,0.0,0.0,0.0,0.0,0.0,0.0,0.0
1.377,0.39206700000000005,0.0,0.0,0.0,0.0,0.0,0.0,0.0,0.0,0.0,0.0,0.0,0.0,0.0,0.0,0.0,0.0
1.391,0.40606700000000007,0.0,0.0,0.0,0.0,0.0,0.0,0.0,0.0,0.0,0.0,0.0,0.0,0.0,0.0,0.0,0.0
1.404,0.41906699999999997,0.0,0.0,0.0,0.0,0.0,0.0,0.0,0.0,0.0,0.0,0.0,0.0,0.0,0.0,0.0,0.0
1.417,0.4320670000000001,0.0,0.0,0.0,0.0,0.0,0.0,0.0,0.0,0.0,0.0,0.0,0.0,0.0,0.0,0.0,0.0
1.43,0.445067,0.0,0.0,0.0,0.0,0.0,0.0,0.0,0.0,0.0,0.0,0.0,0.0,0.0,0.0,0.0,0.0
1.444,0.459067,0.0,0.0,0.0,0.0,0.0,0.0,0.0,0.0,0.0,0.0,0.0,0.0,0.0,0.0,0.0,0.0
1.457,0.4720670000000001,0.0,0.0,0.0,0.0,0.0,0.0,0.0,0.0,0.0,0.0,0.0,0.0,0.0,0.0,0.0,0.0
1.47,0.485067,0.0,0.0,0.0,0.0,0.0,0.0,0.0,0.0,0.0,0.0,0.0,0.0,0.0,0.0,0.0,0.0
1.483,0.49806700000000015,0.0,0.0,0.0,0.0,0.0,0.0,0.0,0.0,0.0,0.0,0.0,0.0,0.0,0.0,0.0,0.0
1.497,0.5120670000000002,0.0,0.0,0.0,0.0,0.0,0.0,0.0,0.0,0.0,0.0,0.0,0.0,0.0,0.0,0.0,0.0
1.51,0.5250670000000001,0.0,0.0,0.0,0.0,0.0,0.0,0.0,0.0,0.0,0.0,0.0,0.0,0.0,0.0,0.0,0.0
1.523,0.538067,0.0,0.0,0.0,0.0,0.0,0.0,0.0,0.0,0.0,0.0,0.0,0.0,0.0,0.0,0.0,0.0
1.536,0.5510670000000001,0.0,0.0,0.0,0.0,0.0,0.0,0.0,0.0,0.0,0.0,0.0,0.0,0.0,0.0,0.0,0.0
1.55,0.5650670000000001,0.0,0.0,0.0,0.0,0.0,0.0,0.0,0.0,0.0,0.0,0.0,0.0,0.0,0.0,0.0,0.0
1.563,0.578067,0.0,0.0,0.0,0.0,0.0,0.0,0.0,0.0,0.0,0.0,0.0,0.0,0.0,0.0,0.0,0.0
1.576,0.5910670000000001,0.0,0.0,0.0,0.0,0.0,0.0,0.0,0.0,0.0,0.0,0.0,0.0,0.0,0.0,0.0,0.0
1.589,0.604067,0.0,0.0,0.0,0.0,0.0,0.0,0.0,0.0,0.0,0.0,0.0,0.0,0.0,0.0,0.0,0.0
1.603,0.618067,0.0,0.0,0.0,0.0,0.0,0.0,0.0,0.0,0.0,0.0,0.0,0.0,0.0,0.0,0.0,0.0
1.616,0.6310670000000002,0.0,0.0,0.0,0.0,0.0,0.0,0.0,0.0,0.0,0.0,0.0,0.0,0.0,0.0,0.0,0.0
1.629,0.6440670000000001,0.0,0.0,0.0,0.0,0.0,0.0,0.0,0.0,0.0,0.0,0.0,0.0,0.0,0.0,0.0,0.0
1.642,0.657067,0.0,0.0,0.0,0.0,0.0,0.0,0.0,0.0,0.0,0.0,0.0,0.0,0.0,0.0,0.0,0.0
1.656,0.671067,0.0,0.0,0.0,0.0,0.0,0.0,0.0,0.0,0.0,0.0,0.0,0.0,0.0,0.0,0.0,0.0
1.669,0.6840670000000001,0.0,0.0,0.0,0.0,0.0,0.0,0.0,0.0,0.0,0.0,0.0,0.0,0.0,0.0,0.0,0.0
1.682,0.697067,0.0,0.0,0.0,0.0,0.0,0.0,0.0,0.0,0.0,0.0,0.0,0.0,0.0,0.0,0.0,0.0
1.695,0.7100670000000001,0.0,0.0,0.0,0.0,0.0,0.0,0.0,0.0,0.0,0.0,0.0,0.0,0.0,0.0,0.0,0.0
1.708,0.723067,0.0,0.0,0.0,0.0,0.0,0.0,0.0,0.0,0.0,0.0,0.0,0.0,0.0,0.0,0.0,0.0
1.722,0.737067,0.0,0.0,0.0,0.0,0.0,0.0,0.0,0.0,0.0,0.0,0.0,0.0,0.0,0.0,0.0,0.0
1.735,0.7500670000000002,0.0,0.0,0.0,0.0,0.0,0.0,0.0,0.0,0.0,0.0,0.0,0.0,0.0,0.0,0.0,0.0
1.748,0.763067,0.0,0.0,0.0,0.0,0.0,0.0,0.0,0.0,0.0,0.0,0.0,0.0,0.0,0.0,0.0,0.0
1.761,0.776067,0.0,0.0,0.0,0.0,0.0,0.0,0.0,0.0,0.0,0.0,0.0,0.0,0.0,0.0,0.0,0.0
1.775,0.790067,0.0,0.0,0.0,0.0,0.0,0.0,0.0,0.0,0.0,0.0,0.0,0.0,0.0,0.0,0.0,0.0
1.788,0.8030670000000001,0.0,0.0,0.0,0.0,0.0,0.0,0.0,0.0,0.0,0.0,0.0,0.0,0.0,0.0,0.0,0.0
1.801,0.816067,0.0,0.0,0.0,0.0,0.0,0.0,0.0,0.0,0.0,0.0,0.0,0.0,0.0,0.0,0.0,0.0
1.814,0.8290670000000001,0.0,0.0,0.0,0.0,0.0,0.0,0.0,0.0,0.0,0.0,0.0,0.0,0.0,0.0,0.0,0.0
1.828,0.8430670000000001,0.0,0.0,0.0,0.0,0.0,0.0,0.0,0.0,0.0,0.0,0.0,0.0,0.0,0.0,0.0,0.0
1.841,0.856067,0.0,0.0,0.0,0.0,0.0,0.0,0.0,0.0,0.0,0.0,0.0,0.0,0.0,0.0,0.0,0.0
1.854,0.8690670000000001,0.0,0.0,0.0,0.0,0.0,0.0,0.0,0.0,0.0,0.0,0.0,0.0,0.0,0.0,0.0,0.0
1.867,0.882067,0.0,0.0,0.0,0.0,0.0,0.0,0.0,0.0,0.0,0.0,0.0,0.0,0.0,0.0,0.0,0.0
1.881,0.8960670000000001,0.0,0.0,0.0,0.0,0.0,0.0,0.0,0.0,0.0,0.0,0.0,0.0,0.0,0.0,0.0,0.0
1.894,0.909067,0.0,0.0,0.0,0.0,0.0,0.0,0.0,0.0,0.0,0.0,0.0,0.0,0.0,0.0,0.0,0.0
1.907,0.9220670000000001,0.0,0.0,0.0,0.0,0.0,0.0,0.0,0.0,0.0,0.0,0.0,0.0,0.0,0.0,0.0,0.0
1.92,0.935067,0.0,0.0,0.0,0.0,0.0,0.0,0.0,0.0,0.0,0.0,0.0,0.0,0.0,0.0,0.0,0.0
1.934,0.949067,0.0,0.0,0.0,0.0,0.0,0.0,0.0,0.0,0.0,0.0,0.0,0.0,0.0,0.0,0.0,0.0
1.947,0.9620670000000001,0.0,0.0,0.0,0.0,0.0,0.0,0.0,0.0,0.0,0.0,0.0,0.0,0.0,0.0,0.0,0.0
1.96,0.975067,0.0,0.0,0.0,0.0,0.0,0.0,0.0,0.0,0.0,0.0,0.0,0.0,0.0,0.0,0.0,0.0
1.973,0.9880670000000001,0.0,0.0,0.0,0.0,0.0,0.0,0.0,0.0,0.0,0.0,0.0,0.0,0.0,0.0,0.0,0.0
1.987,1.0020670000000003,0.0,0.0,0.0,0.0,0.0,0.0,0.0,0.0,0.0,0.0,0.0,0.0,0.0,0.0,0.0,0.0
2.0,1.0150670000000002,0.0,0.0,0.0,0.0,0.0,0.0,0.0,0.0,0.0,0.0,0.0,0.0,0.0,0.0,0.0,0.0
2.013,1.028067,0.0,0.0,0.0,0.0,0.0,0.0,0.0,0.0,0.0,0.0,0.0,0.0,0.0,0.0,0.0,0.0
2.026,1.041067,0.0,0.0,0.0,0.0,0.0,0.0,0.0,0.0,0.0,0.0,0.0,0.0,0.0,0.0,0.0,0.0
2.04,1.0550670000000002,0.0,0.0,0.0,0.0,0.0,0.0,0.0,0.0,0.0,0.0,0.0,0.0,0.0,0.0,0.0,0.0
2.053,1.068067,0.0,0.0,0.0,0.0,0.0,0.0,0.0,0.0,0.0,0.0,0.0,0.0,0.0,0.0,0.0,0.0
2.066,1.081067,0.0,0.0,0.0,0.0,0.0,0.0,0.0,0.0,0.0,0.0,0.0,0.0,0.0,0.0,0.0,0.0
2.079,1.0940670000000003,0.0,0.0,0.0,0.0,0.0,0.0,0.0,0.0,0.0,0.0,0.0,0.0,0.0,0.0,0.0,0.0
2.093,1.1080670000000001,0.0,0.0,0.0,0.0,0.0,0.0,0.0,0.0,0.0,0.0,0.0,0.0,0.0,0.0,0.0,0.0
2.106,1.121067,0.0,0.0,0.0,0.0,0.0,0.0,0.0,0.0,0.0,0.0,0.0,0.0,0.0,0.0,0.0,0.0
2.119,1.1340670000000004,0.0,0.0,0.0,0.0,0.0,0.0,0.0,0.0,0.0,0.0,0.0,0.0,0.0,0.0,0.0,0.0
2.132,1.1470670000000003,0.0,0.0,0.0,0.0,0.0,0.0,0.0,0.0,0.0,0.0,0.0,0.0,0.0,0.0,0.0,0.0
2.146,1.161067,0.0,0.0,0.0,0.0,0.0,0.0,0.0,0.0,0.0,0.0,0.0,0.0,0.0,0.0,0.0,0.0
2.159,1.174067,0.0,0.0,0.0,0.0,0.0,0.0,0.0,0.0,0.0,0.0,0.0,0.0,0.0,0.0,0.0,0.0
2.172,1.1870670000000003,0.0,0.0,0.0,0.0,0.0,0.0,0.0,0.0,0.0,0.0,0.0,0.0,0.0,0.0,0.0,0.0
2.185,1.2000670000000002,0.0,0.0,0.0,0.0,0.0,0.0,0.0,0.0,0.0,0.0,0.0,0.0,0.0,0.0,0.0,0.0
2.199,1.214067,0.0,0.0,0.0,0.0,0.0,0.0,0.0,0.0,0.0,0.0,0.0,0.0,0.0,0.0,0.0,0.0
2.212,1.2270670000000004,0.0,0.0,0.0,0.0,0.0,0.0,0.0,0.0,0.0,0.0,0.0,0.0,0.0,0.0,0.0,0.0
2.225,1.2400670000000003,0.0,0.0,0.0,0.0,0.0,0.0,0.0,0.0,0.0,0.0,0.0,0.0,0.0,0.0,0.0,0.0
2.238,1.2530670000000002,0.0,0.0,0.0,0.0,0.0,0.0,0.0,0.0,0.0,0.0,0.0,0.0,0.0,0.0,0.0,0.0
2.251,1.266067,0.0,0.0,0.0,0.0,0.0,0.0,0.0,0.0,0.0,0.0,0.0,0.0,0.0,0.0,0.0,0.0
2.265,1.2800670000000003,0.0,0.0,0.0,0.0,0.0,0.0,0.0,0.0,0.0,0.0,0.0,0.0,0.0,0.0,0.0,0.0
2.278,1.2930670000000002,0.0,0.0,0.0,0.0,0.0,0.0,0.0,0.0,0.0,0.0,0.0,0.0,0.0,0.0,0.0,0.0
2.291,1.306067,0.0,0.0,0.0,0.0,0.0,0.0,0.0,0.0,0.0,0.0,0.0,0.0,0.0,0.0,0.0,0.0
2.304,1.319067,0.0,0.0,0.0,0.0,0.0,0.0,0.0,0.0,0.0,0.0,0.0,0.0,0.0,0.0,0.0,0.0
2.318,1.3330670000000002,0.0,0.0,0.0,0.0,0.0,0.0,0.0,0.0,0.0,0.0,0.0,0.0,0.0,0.0,0.0,0.0
2.331,1.3460670000000001,0.0,0.0,0.0,0.0,0.0,0.0,0.0,0.0,0.0,0.0,0.0,0.0,0.0,0.0,0.0,0.0
2.344,1.359067,0.0,0.0,0.0,0.0,0.0,0.0,0.0,0.0,0.0,0.0,0.0,0.0,0.0,0.0,0.0,0.0
2.357,1.3720670000000004,0.0,0.0,0.0,0.0,0.0,0.0,0.0,0.0,0.0,0.0,0.0,0.0,0.0,0.0,0.0,0.0
2.371,1.3860670000000002,0.0,0.0,0.0,0.0,0.0,0.0,0.0,0.0,0.0,0.0,0.0,0.0,0.0,0.0,0.0,0.0
2.384,1.399067,0.0,0.0,0.0,0.0,0.0,0.0,0.0,0.0,0.0,0.0,0.0,0.0,0.0,0.0,0.0,0.0
2.397,1.412067,0.0,0.0,0.0,0.0,0.0,0.0,0.0,0.0,0.0,0.0,0.0,0.0,0.0,0.0,0.0,0.0
2.41,1.4250670000000003,0.0,0.0,0.0,0.0,0.0,0.0,0.0,0.0,0.0,0.0,0.0,0.0,0.0,0.0,0.0,0.0
2.424,1.439067,0.0,0.0,0.0,0.0,0.0,0.0,0.0,0.0,0.0,0.0,0.0,0.0,0.0,0.0,0.0,0.0
2.437,1.452067,0.0,0.0,0.0,0.0,0.0,0.0,0.0,0.0,0.0,0.0,0.0,0.0,0.0,0.0,0.0,0.0
2.45,1.4650670000000003,0.0,0.0,0.0,0.0,0.0,0.0,0.0,0.0,0.0,0.0,0.0,0.0,0.0,0.0,0.0,0.0
2.463,1.4780670000000002,0.0,0.0,0.0,0.0,0.0,0.0,0.0,0.0,0.0,0.0,0.0,0.0,0.0,0.0,0.0,0.0
2.477,1.492067,0.0,0.0,0.0,0.0,0.0,0.0,0.0,0.0,0.0,0.0,0.0,0.0,0.0,0.0,0.0,0.0
2.49,1.5050670000000004,0.0,0.0,0.0,0.0,0.0,0.0,0.0,0.0,0.0,0.0,0.0,0.0,0.0,0.0,0.0,0.0
2.503,1.5180670000000003,0.0,0.0,0.0,0.0,0.0,0.0,0.0,0.0,0.0,0.0,0.0,0.0,0.0,0.0,0.0,0.0
2.516,1.5310670000000002,0.0,0.0,0.0,0.0,0.0,0.0,0.0,0.0,0.0,0.0,0.0,0.0,0.0,0.0,0.0,0.0
2.53,1.545067,0.0,0.0,0.0,0.0,0.0,0.0,0.0,0.0,0.0,0.0,0.0,0.0,0.0,0.0,0.0,0.0
2.543,1.5580670000000003,0.0,0.0,0.0,0.0,0.0,0.0,0.0,0.0,0.0,0.0,0.0,0.0,0.0,0.0,0.0,0.0
2.556,1.5710670000000002,0.0,0.0,0.0,0.0,0.0,0.0,0.0,0.0,0.0,0.0,0.0,0.0,0.0,0.0,0.0,0.0
2.569,1.5840670000000001,0.0,0.0,0.0,0.0,0.0,0.0,0.0,0.0,0.0,0.0,0.0,0.0,0.0,0.0,0.0,0.0
2.583,1.5980670000000003,0.0,0.0,0.0,0.0,0.0,0.0,0.0,0.0,0.0,0.0,0.0,0.0,0.0,0.0,0.0,0.0
2.596,1.6110670000000002,0.0,0.0,0.0,0.0,0.0,0.0,0.0,0.0,0.0,0.0,0.0,0.0,0.0,0.0,0.0,0.0
2.609,1.6240670000000001,0.00033695,5.839499999999999e-09,2.29066e-07,7.898531e-07,1.951e-06,6.13277e-05,2.5983199999999997e-07,2.3639999999999997e-06,6.10033e-05,4.40223e-07,1.3626499999999998e-07,6.568985e-06,0.0,1.3417500000000002e-05,1.1264905000000002e-05,5.9063015000000005e-06
2.622,1.637067,0.00616,1.1336e-07,4.1902e-06,1.4401215e-05,3.5654999999999997e-05,0.0011216435,4.777275e-06,4.3225e-05,0.001115487,8.089175e-06,2.5259500000000004e-06,0.000120901,0.0,0.000245,0.0002069078,0.0001080562
2.636,1.6510670000000003,0.01556,3.18e-07,1.0590999999999999e-05,3.6160365e-05,8.998e-05,0.00283428,1.218405e-05,0.00010915,0.002816275,2.062145e-05,6.5443e-06,0.00030911245000000005,0.0,0.0006173999999999999,0.000527031,0.00027309315
2.649,1.6640670000000002,0.031815,7.616999999999999e-07,2.1689499999999996e-05,7.3062085e-05,0.0001825,0.0058020450000000005,2.5086199999999997e-05,0.00022145,0.005761685,4.2437899999999996e-05,1.3160999999999998e-05,0.0006469845,0.0,0.0012590499999999998,0.0010783795,0.00056001985
2.662,1.677067,0.06395,1.8463e-06,4.36745e-05,0.0001443806,0.00036245,0.011685715,5.079825e-05,0.00043945,0.01159455,8.590750000000001e-05,2.5303e-05,0.0013444445,0.0,0.002523,0.0021635835,0.0011311658000000002
2.675,1.690067,0.10575,3.3849999999999998e-06,7.22145e-05,0.00023623370000000002,0.00059605,0.019338050000000002,8.46525e-05,0.00072255,0.01917233,0.0001431115,4.12785e-05,0.002268547,0.0,0.0041605,0.003589785,0.0018744264999999997
2.689,1.7040670000000002,0.15605,5.371e-06,0.0001065335,0.00034613190000000005,0.00087795,0.0285595,0.000125967,0.0010645,0.028302200000000003,0.0002129535,6.0753499999999994e-05,0.0033999605000000002,0.0,0.0061265,0.0053288350000000005,0.002770994
2.702,1.7170670000000001,0.2133,7.819000000000001e-06,0.000145417,0.000470163,0.0012,0.039056900000000006,0.0001737265,0.0014555,0.0386817,0.00029362699999999997,8.3165e-05,0.0047131099999999995,0.0,0.008353,0.0073418400000000005,0.0037925655
2.715,1.730067,0.2774,1.0735e-05,0.0001888225,0.0006082345,0.0015615,0.050813649999999995,0.0002279815,0.0018945,0.05030165,0.00038516799999999997,0.000108485,0.006207509999999999,0.0,0.010837,0.00962764,0.0049376854999999996
2.728,1.7430670000000004,0.34815,1.4137999999999999e-05,0.000236545,0.0007596705,0.0019625,0.06379955000000001,0.00028861549999999994,0.0023815,0.06311195,0.00048739749999999994,0.00013665499999999999,0.00788254,0.0,0.013569,0.012184120000000001,0.0062023345
2.742,1.7570670000000002,0.43615,1.90695e-05,0.0002955,0.0009438145000000001,0.0024555000000000002,0.08000555,0.00036423149999999997,0.0029805,0.07908635,0.00061483,0.00016963,0.01006725,0.0,0.01695,0.01534535,0.0077900224999999995
2.755,1.770067,0.44455,2.393e-05,0.00029934,0.000937063,0.0024235,0.08185485,0.0003804405,0.0029435,0.08073285,0.00064215,0.00018886,0.010847265,0.0,0.017122,0.01566785,0.008006369
2.768,1.783067,0.4991,3.041e-05,0.000334015,0.0010333405,0.0026755,0.09212890000000001,0.0004325014999999999,0.0032495,0.09073439999999999,0.000729925,0.00023154500000000002,0.012674635000000002,0.0,0.0190975,0.017563350000000002,0.0090403745
2.781,1.7960670000000003,0.571,3.835e-05,0.00037972,0.001163842,0.0030215,0.1056845,0.000500103,0.0036685,0.10394719999999999,0.0008437399999999999,0.000286475,0.015041735,0.0,0.02173,0.02005535,0.0104019705
2.794,1.8090670000000002,0.6595,4.717e-05,0.000435765,0.0013289565,0.0034679999999999997,0.1221625,0.0005819834999999998,0.0042095,0.12004655,0.00098182,0.00035352,0.017813475000000002,0.0,0.02496,0.0231629,0.0120485965
2.808,1.823067,0.7235,5.481e-05,0.000474835,0.001446705,0.0037885,0.13425055000000002,0.000646675,0.004597,0.13180370000000002,0.00109146,0.00042341,0.020015365,0.0,0.027254999999999998,0.0255584,0.013260255
2.821,1.8360670000000003,0.689,5.561e-05,0.00044647999999999997,0.001372945,0.003587,0.1279295,0.00063189,0.004354,0.12546849999999998,0.001067055,0.00049284,0.019580770000000004,0.0,0.025715000000000002,0.02471775,0.012638555
2.834,1.8490670000000002,0.7075,6.038e-05,0.00045332,0.001403525,0.003668,0.131526,0.0006596449999999999,0.0044525,0.12887600000000002,0.001114345,0.0005850499999999999,0.020643395,0.0,0.026209999999999997,0.025565849999999998,0.013007109999999999
2.847,1.8620670000000001,0.7575,6.9155e-05,0.00047742,0.00148924,0.0039005,0.14102699999999999,0.0007113600000000001,0.004732,0.13803100000000001,0.0012026150000000002,0.0006936,0.02281193,0.0,0.02784,0.027313749999999998,0.01398175
2.861,1.8760670000000004,0.8315,8.153e-05,0.000514055,0.00161653,0.004243500000000001,0.155238,0.0007821,0.0051424999999999995,0.151751,0.0013239849999999997,0.00081835,0.02595417,0.0,0.03034,0.029742150000000002,0.015449659999999999
2.874,1.8890670000000003,0.8965,9.4325e-05,0.0005413950000000001,0.001724345,0.004528,0.1678095,0.000845655,0.0054775,0.1638015,0.0014352500000000001,0.0009587,0.029027985,0.0,0.032455,0.0318221,0.016761245
2.887,1.9020670000000002,1.0285,0.000113915,0.000610315,0.00195389,0.005164,0.19302950000000002,0.00096615,0.0062395,0.18821700000000002,0.00164012,0.001125,0.03429735,0.0,0.03705,0.0361013,0.019358629999999998
2.9,1.915067,1.1735,0.0001355,0.0006846299999999999,0.0022069200000000002,0.005868,0.2206785,0.0010989249999999997,0.0070845000000000005,0.21499849999999998,0.0018667100000000002,0.0013153,0.04009925,0.0,0.042065,0.0408451,0.022206710000000005
2.914,1.9290670000000003,1.164,0.00013853999999999998,0.0006653150000000001,0.00219852,0.005820499999999999,0.2189695,0.00111028,0.0070125,0.213193,0.001889235,0.0015232499999999999,0.0406223,0.0,0.04132,0.0408987,0.022034515
2.927,1.9420670000000002,1.18,0.00014853,0.000652845,0.002235815,0.0059035,0.222298,0.001136265,0.0070880000000000006,0.21616249999999998,0.0019399,0.0018047999999999999,0.04234985,0.0,0.041385,0.04148615,0.022394570000000003
2.94,1.955067,1.303,0.00017146,0.000698155,0.00245395,0.0064595,0.246091,0.0012510349999999997,0.0077305,0.239072,0.0021395800000000003,0.0021398,0.04828415,0.0,0.045325000000000004,0.045146500000000006,0.02488419
2.953,1.968067,1.461,0.000200235,0.00075835,0.002734385,0.0071765,0.276805,0.001395535,0.008563,0.2686465,0.002388425,0.0025453999999999997,0.05581844999999999,0.0,0.05047,0.0497407,0.028092100000000002
2.967,1.9820670000000002,1.641,0.00023265,0.0008259999999999999,0.00305273,0.0079865,0.311535,0.0015597750000000002,0.009504499999999999,0.3022365,0.00266982,0.0030193999999999998,0.06443895000000001,0.0,0.056305,0.054915399999999996,0.031742125
2.98,1.9950670000000001,1.755,0.00025645,0.0008595499999999999,0.003263795,0.008549000000000001,0.3336905,0.001673875,0.010135,0.32332700000000003,0.00286756,0.0034978999999999995,0.07034865,0.0,0.05969000000000001,0.058444,0.03404219
2.993,2.008067,1.8435,0.0002745,0.00088725,0.00343276,0.008981,0.3507665,0.001776255,0.010620000000000001,0.339714,0.003043375,0.003986199999999999,0.07511854999999999,0.0,0.062209999999999994,0.0613976,0.03579617
3.006,2.021067,1.865,0.0002807,0.0008888500000000001,0.0034931,0.009103,0.354794,0.0018288599999999999,0.010735,0.34357350000000003,0.003136035,0.004489,0.07696830000000002,0.0,0.062340000000000007,0.0625077,0.03613629
3.02,2.035067,1.88,0.0002859,0.00088895,0.00354245,0.0092125,0.3574545,0.0018762750000000002,0.010825000000000001,0.34618499999999996,0.003222,0.005006,0.07847214999999999,0.0,0.062224999999999996,0.06343505,0.036326309999999994
3.033,2.048067,1.792,0.00027435000000000003,0.0008532500000000001,0.003417,0.008855,0.3400885,0.001848835,0.010365,0.329325,0.0031823550000000004,0.005528,0.07537095,0.0,0.0585,0.0616032,0.03434933500000001
3.046,2.061067,1.819,0.00027985,0.00086495,0.00346255,0.008981,0.345305,0.001910995,0.010454999999999999,0.33428,0.0032950300000000004,0.006108500000000001,0.07782049999999999,0.0,0.058795,0.06270049999999999,0.034790850000000005
3.059,2.0740670000000003,1.9115,0.0002965,0.0008987499999999999,0.0036184500000000005,0.009389,0.36317,0.002023355,0.01089,0.351435,0.00348914,0.006779000000000001,0.0833973,0.0,0.061274999999999996,0.065473,0.03659495
3.073,2.088067,1.9685,0.0003083,0.0009212000000000001,0.0037322500000000003,0.009691499999999999,0.374085,0.0021118200000000004,0.011200000000000002,0.36194000000000004,0.0036428,0.007487000000000001,0.08705754999999998,0.0,0.062495,0.06749300000000001,0.03762845000000001
3.086,2.101067,1.9335,0.00030645,0.00091035,0.0037202000000000003,0.009649999999999999,0.36657,0.00212907,0.011105,0.354825,0.00367435,0.0082115,0.08591504999999999,0.0,0.060475,0.0672045,0.03663495
3.099,2.1140670000000004,1.8525,0.0002963,0.00089105,0.00363575,0.009430500000000001,0.349915,0.0021139849999999996,0.0108,0.33886499999999997,0.0036579499999999997,0.0089555,0.08234435000000001,0.0,0.056885,0.0658465,0.034600500000000006
3.112,2.1270670000000003,1.8185,0.00029195,0.0008849000000000001,0.0036173999999999998,0.0093805,0.342615,0.00213098,0.01068,0.331895,0.0037007999999999997,0.009665499999999999,0.08116749999999999,0.0,0.054935,0.06563250000000001,0.033609700000000006
3.126,2.141067,1.8535,0.00029895,0.00090035,0.003693,0.009604499999999998,0.34897500000000004,0.00220077,0.01086,0.33815,0.0038373,0.0104345,0.083736,0.0,0.055325,0.06710450000000001,0.03412325
3.139,2.154067,1.912,0.00030935,0.0009246,0.0037997499999999997,0.009936,0.36018,0.002290935,0.011134999999999999,0.348895,0.0040108,0.0112645,0.08764150000000001,0.0,0.05647,0.069201,0.035132250000000004
3.152,2.1670670000000003,1.97,0.0003193,0.00095115,0.0039019,0.010265,0.371075,0.0023808350000000004,0.011394999999999999,0.35958,0.004186499999999999,0.012190000000000001,0.091673,0.0,0.057505,0.071125,0.03611495
3.165,2.180067,2.054,0.00033345000000000005,0.000988,0.00411665,0.010725,0.386475,0.002519385,0.011775,0.3749,0.00443965,0.013933999999999998,0.09719649999999999,0.0,0.05877,0.073337,0.0374042
3.179,2.194067,2.149,0.00034905,0.0010330500000000002,0.00455605,0.01128,0.40175,0.00273728,0.01226,0.391015,0.00481175,0.0174525,0.1027835,0.0,0.05903,0.075269,0.0382664
3.192,2.2070670000000003,2.242,0.00036550000000000005,0.0010808,0.00504255,0.011855000000000001,0.41596,0.00297144,0.01277,0.40651000000000004,0.005216500000000001,0.0213805,0.1081165,0.0,0.058914999999999995,0.07711,0.03892035
3.205,2.2200670000000002,2.22,0.0003712,0.00110695,0.005526049999999999,0.01205,0.40556499999999995,0.0031690649999999996,0.012985,0.399125,0.0055202,0.026315000000000005,0.10620949999999998,0.0,0.05416,0.076026,0.03655925
3.218,2.233067,2.31,0.00039045000000000003,0.0011631,0.00586805,0.012865,0.42017000000000004,0.00334598,0.013665,0.41437,0.00587645,0.0292425,0.1117845,0.0,0.05465,0.078676,0.03744695
3.232,2.2470670000000004,2.445,0.0004197,0.0012481,0.00636175,0.014055,0.44248,0.003587095,0.014725,0.43752500000000005,0.006346,0.033372,0.12011050000000001,0.0,0.055720000000000006,0.082067,0.0389101
3.245,2.2600670000000003,2.606,0.0004575,0.0013565500000000002,0.0069904500000000005,0.015560000000000001,0.46845000000000003,0.00387633,0.01613,0.464625,0.0068956,0.038609500000000005,0.1299235,0.0,0.05679,0.0858,0.04054155
3.258,2.273067,2.7865,0.0005064,0.00149165,0.00775845,0.01738,0.49660000000000004,0.004217159999999999,0.01792,0.494495,0.007521849999999998,0.045085,0.140834,0.0,0.05757,0.08971700000000002,0.0421287
3.271,2.286067,2.9465,0.0005615500000000001,0.0016396,0.0085199,0.019305000000000003,0.52014,0.004545469999999999,0.019885,0.52,0.00812365,0.05185499999999999,0.15053999999999998,0.0,0.05747,0.09325850000000001,0.043081549999999996
3.284,2.299067,3.077,0.00061765,0.0017877,0.0091971,0.021185,0.53788,0.004839210000000001,0.02188,0.5398499999999999,0.0086549,0.05802000000000001,0.15892300000000004,0.0,0.05675,0.0964875,0.0434756
3.298,2.313067,3.012,0.0006498999999999999,0.0018579999999999998,0.00929195,0.021214999999999998,0.52095,0.004934045000000001,0.022054999999999998,0.5250999999999999,0.00879955,0.060684999999999996,0.1549245,0.0,0.05222,0.0958065,0.040632850000000005
3.311,2.326067,3.0535,0.00068855,0.0019528500000000003,0.00947645,0.02153,0.52605,0.00511992,0.022335,0.53145,0.0091323,0.06381,0.15790200000000001,0.0,0.050835,0.09712699999999999,0.0401548
3.324,2.339067,3.0885,0.00072185,0.00204125,0.0096177,0.02162,0.5298,0.00531858,0.02228,0.5366,0.009514950000000001,0.06699,0.15999449999999998,0.0,0.049115,0.09843550000000001,0.039409
3.337,2.3520670000000004,3.1255,0.0007488999999999999,0.0021406000000000003,0.009868400000000001,0.022289999999999997,0.5324,0.005535,0.02301,0.54095,0.0098864,0.07081499999999999,0.162395,0.0,0.046945,0.100223,0.0383265
3.351,2.366067,3.2445,0.00080785,0.0023086999999999995,0.01027105,0.023535,0.5497,0.005836549999999999,0.02417,0.5601,0.010452550000000001,0.076705,0.17035950000000002,0.0,0.04587,0.102731,0.038398
3.364,2.379067,3.4125,0.0008826499999999999,0.00251675,0.010848300000000002,0.02509,0.5751499999999999,0.00623325,0.0257,0.58785,0.0111695,0.08395499999999999,0.180965,0.0,0.045345,0.106398,0.039011000000000004
3.377,2.392067,3.607,0.0009662999999999999,0.0027477,0.011534350000000002,0.026885,0.6047,0.0066729,0.027444999999999997,0.62015,0.012004399999999998,0.09232,0.19322499999999998,0.0,0.04484,0.110315,0.039792999999999995
3.39,2.4050670000000003,3.7895,0.0010406,0.002976,0.012132899999999999,0.0286,0.63255,0.007089450000000001,0.02909,0.6506000000000001,0.012791799999999999,0.09999,0.204845,0.0,0.044415,0.11444599999999999,0.0404975
3.404,2.419067,3.9815,0.00111925,0.0032259,0.012737000000000002,0.03041,0.6619999999999999,0.0075245,0.030785,0.68245,0.0136095,0.107955,0.21714,0.0,0.044024999999999995,0.118771,0.041254000000000006
3.417,2.432067,4.194,0.00122655,0.0035867499999999997,0.013323950000000001,0.032515,0.6948,0.007991499999999999,0.032375,0.7184,0.014469300000000001,0.116875,0.23142,0.0,0.04357,0.12259049999999999,0.042206
3.43,2.4450670000000003,4.4405,0.0013549500000000002,0.00403825,0.014036,0.035019999999999996,0.73245,0.008527,0.034280000000000005,0.75985,0.0154585,0.127725,0.248275,0.0,0.042690000000000006,0.126414,0.0431235
3.443,2.4580670000000002,4.5905,0.0014440499999999999,0.0043542,0.0144968,0.036665,0.7553,0.0089004,0.03569,0.7845,0.01604425,0.13428,0.25967,0.0,0.04209,0.129305,0.04364749999999999
3.457,2.472067,4.708,0.0015228,0.0046447,0.01478565,0.038075,0.7728499999999999,0.009183499999999999,0.0369,0.80385,0.016544,0.139455,0.26974,0.0,0.041435,0.13134,0.044007500000000005
3.47,2.4850670000000004,4.8525,0.00162395,0.0050034,0.01512805,0.03974,0.7946,0.009497600000000002,0.038349999999999995,0.82785,0.0171667,0.14575500000000002,0.282055,0.0,0.04075,0.13338,0.0445705
3.483,2.4980670000000003,4.955,0.0017106500000000002,0.00531385,0.015426899999999999,0.04097,0.8089500000000001,0.009723549999999997,0.03985,0.84425,0.0177254,0.1505,0.29289000000000004,0.0,0.039865,0.1347,0.044823499999999995
3.496,2.511067,5.055,0.0017958,0.00562605,0.01577315,0.04243,0.8222499999999999,0.0099262,0.041370000000000004,0.85985,0.018286950000000003,0.154855,0.304275,0.0,0.039145,0.13598000000000002,0.0452065
3.51,2.525067,4.8665,0.00172665,0.00549675,0.015031200000000002,0.04157,0.7922500000000001,0.0095264,0.03941,0.8282,0.0179465,0.14712999999999998,0.29442,0.0,0.03848,0.136485,0.043548
3.523,2.5380670000000003,4.747,0.0016707,0.0054328,0.014508900000000002,0.04133,0.77325,0.00926915,0.03788,0.8082,0.017819500000000002,0.141875,0.288665,0.0,0.038045,0.13821999999999998,0.042313
3.536,2.551067,4.905,0.00170275,0.00569015,0.0146959,0.042585,0.7989999999999999,0.009738799999999999,0.039795,0.83445,0.01854045,0.14684000000000003,0.29774,0.0,0.038275,0.148405,0.042275999999999994
3.549,2.564067,5.2,0.0017997999999999998,0.00622325,0.01521635,0.04494,0.847,0.010432700000000001,0.042265,0.8855,0.0197399,0.157745,0.31716500000000003,0.0,0.038355,0.15795499999999998,0.0431545
3.563,2.5780670000000003,5.505,0.0018736,0.006662400000000001,0.015606,0.047645,0.8966999999999999,0.011049800000000002,0.04443,0.9390999999999999,0.0211111,0.16806,0.33678,0.0,0.038849999999999996,0.16886,0.044135499999999994
3.576,2.5910670000000002,5.68,0.00192575,0.006997950000000001,0.015734649999999996,0.049229999999999996,0.9258000000000001,0.0114503,0.046005000000000004,0.97035,0.02192555,0.17432,0.35039500000000007,0.0,0.038605,0.17493,0.044425
3.589,2.604067,5.535,0.0018394499999999999,0.0068422,0.014968099999999998,0.046994999999999995,0.9036000000000001,0.011366999999999999,0.0452,0.9455500000000001,0.0215163,0.16962499999999997,0.34486500000000003,0.0,0.03672,0.17054999999999998,0.042629
3.602,2.617067,5.455,0.00175235,0.0067508,0.014388650000000001,0.04514,0.8927,0.01146615,0.045245,0.93195,0.02135405,0.16686,0.34312999999999994,0.0,0.03536500000000001,0.16854000000000002,0.041366
3.616,2.6310670000000003,5.35,0.00166795,0.0066452,0.013814,0.0431,0.8772,0.0115181,0.04531,0.9137,0.02111805,0.16259500000000002,0.340175,0.0,0.03443,0.16672499999999998,0.040251
3.629,2.644067,5.285,0.0016281,0.00657065,0.013536249999999998,0.0415,0.8686499999999999,0.0116626,0.046369999999999995,0.90105,0.020828,0.159375,0.33955,0.0,0.03427000000000001,0.167275,0.0397845
3.642,2.657067,5.17,0.00158955,0.006652450000000001,0.013222949999999999,0.04059,0.8490500000000001,0.0114874,0.045315,0.8802499999999999,0.02073895,0.15551500000000001,0.33603500000000003,0.0,0.033075,0.16502,0.0386265
3.655,2.670067,5.19,0.0015806499999999999,0.0069426,0.013120300000000001,0.040709999999999996,0.8525,0.011597300000000001,0.04543,0.88335,0.021105849999999995,0.15586999999999998,0.34091999999999995,0.0,0.032645,0.16700500000000001,0.03841
3.669,2.684067,5.165,0.0015766,0.007053500000000001,0.01301675,0.040185,0.8488,0.01166885,0.04569,0.8775,0.02116945,0.15428999999999998,0.34231000000000006,0.0,0.032485,0.16859000000000002,0.03818
3.682,2.697067,5.135,0.0015698,0.0071809,0.01291905,0.039650000000000005,0.84455,0.01173345,0.046134999999999995,0.87165,0.021196149999999997,0.15318,0.34426,0.0,0.03196,0.1689,0.0377995
3.695,2.710067,5.065,0.00156565,0.00717285,0.012890600000000002,0.03863,0.8321500000000001,0.01175915,0.046785,0.85685,0.02097365,0.15080000000000002,0.34441499999999997,0.0,0.03117,0.16696,0.0372275
3.708,2.7230670000000003,4.925,0.00156515,0.006930749999999999,0.01285835,0.0369,0.8093,0.011699999999999999,0.047275,0.82945,0.0203973,0.14556000000000002,0.339575,0.0,0.030725,0.164775,0.036599
3.722,2.737067,4.879,0.00157355,0.006846349999999999,0.0129413,0.036474999999999994,0.80135,0.011701,0.047615000000000005,0.8195999999999999,0.02036115,0.143165,0.339705,0.0,0.030725000000000002,0.16598000000000002,0.03644
3.735,2.750067,4.7755,0.0015525500000000002,0.006643,0.012927600000000001,0.03594,0.78375,0.011544450000000001,0.04736,0.7997000000000001,0.020130000000000002,0.13876,0.33588,0.0,0.030505,0.165565,0.035881500000000004
3.748,2.7630670000000004,4.5595,0.0014769499999999999,0.006243800000000001,0.012730599999999998,0.035074999999999995,0.7463,0.011113950000000001,0.046035,0.76035,0.0195058,0.130735,0.32517999999999997,0.0,0.029650000000000003,0.16054,0.034613000000000005
3.761,2.7760670000000003,4.442,0.00144015,0.0059960000000000005,0.012747199999999998,0.034784999999999996,0.7253499999999999,0.010896300000000001,0.045515,0.7382,0.0192294,0.126225,0.32093,0.0,0.029115000000000002,0.15803,0.033902
3.775,2.790067,4.3695,0.0014205999999999997,0.005816849999999999,0.012682849999999999,0.034495,0.7135499999999999,0.010771450000000002,0.04511,0.7247,0.0190774,0.122895,0.31776999999999994,0.0,0.029085,0.1585,0.033479499999999995
3.788,2.803067,4.334,0.0014155,0.005720800000000001,0.012652200000000002,0.03436,0.7081999999999999,0.010721950000000001,0.04488,0.71785,0.019048700000000002,0.12101999999999999,0.31695500000000004,0.0,0.029060000000000002,0.159865,0.0331795
3.801,2.8160670000000003,4.3175,0.0014161999999999998,0.00569365,0.012620100000000002,0.034235,0.7065,0.010697149999999999,0.044735,0.71475,0.0190485,0.11989999999999999,0.31721499999999997,0.0,0.029059999999999996,0.16207500000000002,0.0328885
3.814,2.829067,4.3575,0.0014378000000000001,0.0057449,0.012673300000000002,0.03448,0.71445,0.01080555,0.04508,0.72145,0.019247150000000005,0.12047,0.320735,0.0,0.02939,0.16677,0.0328935
3.827,2.842067,4.462,0.0014834499999999999,0.0058933499999999995,0.0128191,0.03538,0.7334,0.01100185,0.04547,0.7404999999999999,0.019699799999999996,0.123695,0.32897,0.0,0.02963,0.173055,0.0329055
3.841,2.8560670000000004,4.483,0.0015056499999999999,0.00587925,0.01288485,0.03571,0.73775,0.01104875,0.045335,0.7438,0.019998099999999998,0.12345,0.33206,0.0,0.02994,0.176895,0.0328995
3.854,2.8690670000000003,4.419,0.00149875,0.0057695,0.012822449999999999,0.035285,0.7275,0.010939750000000002,0.044660000000000005,0.7314,0.0200427,0.12007,0.32961500000000005,0.0,0.030125,0.17789,0.032728
3.867,2.882067,4.482,0.00155,0.00579045,0.013024,0.03486,0.73975,0.01113805,0.046355,0.741,0.020340999999999998,0.121665,0.33598,0.0,0.030449999999999998,0.18328499999999998,0.0327535
3.88,2.895067,4.5055,0.0015890499999999998,0.0057323,0.01314975,0.0338,0.746,0.0112979,0.04865,0.7426999999999999,0.020376949999999998,0.12144,0.339105,0.0,0.031055,0.188485,0.0328455
3.894,2.9090670000000003,4.404,0.0015784500000000001,0.0055209000000000005,0.01302875,0.032735,0.73035,0.01113945,0.048735,0.7225,0.020138999999999997,0.116285,0.33302,0.0,0.03158,0.18983500000000003,0.032744
3.907,2.922067,4.3675,0.0015965,0.0054229000000000005,0.013026,0.03234,0.72525,0.01107555,0.04891,0.71445,0.020115,0.11399999999999999,0.331415,0.0,0.03188,0.19239999999999996,0.032628
3.92,2.935067,4.344,0.00161485,0.0053489,0.0130029,0.03196,0.7229,0.011073549999999998,0.049210000000000004,0.70875,0.02014035,0.11186500000000002,0.33046,0.0,0.03242,0.195875,0.0326945
3.933,2.948067,4.3165,0.00162325,0.00527905,0.0130092,0.031805,0.7192000000000001,0.011051349999999998,0.049365000000000006,0.70185,0.020184849999999997,0.109315,0.329445,0.0,0.033065,0.19913,0.032882
3.947,2.9620670000000002,4.2695,0.0016090499999999999,0.00522275,0.012947400000000001,0.031665,0.7121999999999999,0.01095075,0.049049999999999996,0.692,0.020189600000000002,0.10615500000000001,0.326715,0.0,0.03359,0.201465,0.0329615
3.96,2.975067,4.2545,0.0016163999999999998,0.005205349999999999,0.01296475,0.03157,0.71065,0.01093705,0.04936,0.6877,0.02024525,0.104445,0.326315,0.0,0.034030000000000005,0.20455,0.03304499999999999
3.973,2.988067,4.273,0.00163995,0.0052233,0.0130713,0.03161,0.71485,0.0110087,0.050345,0.6889000000000001,0.02037295,0.10361500000000001,0.327905,0.0,0.034765000000000004,0.209735,0.033318
3.986,3.0010670000000004,4.3205,0.0016776999999999999,0.0052702,0.01325695,0.03177000000000001,0.7241,0.0111589,0.05186,0.6949000000000001,0.0205862,0.10336500000000001,0.331325,0.0,0.03587,0.216935,0.0338555
4.0,3.015067,4.373,0.0017211000000000001,0.00531905,0.013461899999999999,0.03197,0.7341,0.0113229,0.053465,0.7018,0.020818200000000002,0.103195,0.335275,0.0,0.037035,0.22433000000000003,0.0344505
4.013,3.028067,4.4025,0.0017572,0.0053422,0.01359775,0.03202,0.74005,0.011430049999999999,0.054665,0.7050000000000001,0.0209824,0.1026,0.33801500000000007,0.0,0.037895,0.229835,0.0348715
4.026,3.041067,4.396,0.00178725,0.0053406,0.013612749999999998,0.03179,0.73965,0.0114555,0.05541,0.70265,0.020987549999999997,0.10186,0.33975000000000005,0.0,0.037905,0.23099000000000003,0.0348575
4.039,3.054067,4.367,0.0018101,0.00532135,0.01356845,0.031299999999999994,0.7348,0.01142345,0.05581,0.69685,0.02091575,0.10097,0.34057,0.0,0.03741,0.22949999999999998,0.034572000000000006
4.053,3.068067,4.329,0.0018334,0.00529895,0.013503399999999999,0.030745,0.7281500000000001,0.0113677,0.05606,0.6899,0.020835,0.10010500000000001,0.341425,0.0,0.03666,0.22663500000000003,0.034171
4.066,3.081067,4.3175,0.00188085,0.00530555,0.013508449999999998,0.03048,0.72525,0.0113609,0.056385000000000005,0.688,0.020930499999999998,0.10026000000000002,0.3453,0.0,0.035820000000000005,0.223885,0.033825499999999994
4.079,3.094067,4.203,0.001865,0.0052115,0.013274000000000001,0.02942,0.70475,0.011128850000000001,0.055705,0.66835,0.02061,0.09711,0.34162,0.0,0.03456,0.21677500000000002,0.03306049999999999
4.092,3.107067,4.0625,0.00182585,0.00509565,0.01291925,0.027819999999999998,0.6799,0.01084315,0.054764999999999994,0.64505,0.020088499999999995,0.094215,0.33654,0.0,0.032535,0.20604499999999998,0.031854
4.106,3.121067,4.006,0.0018444000000000002,0.00507995,0.0128356,0.02708,0.6682999999999999,0.01074965,0.054529999999999995,0.6358999999999999,0.020012799999999997,0.09404499999999999,0.339225,0.0,0.030705000000000003,0.19777999999999998,0.031045999999999997
4.119,3.134067,4.0695,0.0019135500000000002,0.00509435,0.013892950000000001,0.02765,0.6724,0.010983650000000001,0.056190000000000004,0.6445000000000001,0.020453150000000003,0.09722500000000002,0.35604,0.0,0.02929,0.19188500000000003,0.031289
4.132,3.147067,4.1745,0.00198455,0.00517605,0.015219400000000001,0.028775000000000002,0.68185,0.011322100000000002,0.05820500000000001,0.6598999999999999,0.021202150000000003,0.10131,0.378035,0.0,0.02804,0.18677,0.031898499999999996
4.145,3.1600669999999997,4.0925,0.0019943499999999998,0.0052005,0.0146893,0.02773,0.6673,0.011095899999999999,0.05723,0.64785,0.021154950000000002,0.09968999999999999,0.37579,0.0,0.02665,0.18028500000000003,0.030921999999999998
4.159,3.174067,4.031,0.0020171,0.005188750000000001,0.0143837,0.02706,0.6558999999999999,0.01092705,0.056709999999999997,0.63875,0.02107225,0.09847500000000001,0.37481,0.0,0.025574,0.175315,0.030191000000000003
4.172,3.187067,4.0045,0.0020429,0.00519095,0.01439865,0.026735000000000002,0.6494500000000001,0.01086405,0.05685,0.6348,0.02109675,0.09813999999999999,0.37757499999999994,0.0,0.024709000000000002,0.17142000000000002,0.029788500000000002
4.185,3.2000669999999998,4.001,0.00209215,0.00527035,0.01423695,0.026185,0.6472,0.0109187,0.057725,0.63565,0.021142050000000003,0.09826000000000001,0.38125499999999996,0.0,0.024120000000000003,0.16975,0.029448500000000002
4.198,3.2130670000000006,3.9805,0.002157,0.00534045,0.01395445,0.025395,0.6434500000000001,0.010830900000000001,0.0577,0.6336999999999999,0.021305949999999997,0.09759500000000002,0.3813750000000001,0.0,0.023794,0.16920000000000002,0.029013500000000005
4.212,3.227067,3.8915,0.0021644999999999998,0.0052790499999999995,0.0135378,0.024575,0.62675,0.0106072,0.05723,0.6214,0.020851750000000002,0.09598999999999999,0.37728999999999996,0.0,0.022465500000000003,0.16305,0.027890500000000002
4.225,3.240067,3.775,0.00214095,0.0051531500000000004,0.01313365,0.023745,0.60425,0.0103136,0.05645,0.6049,0.02021465,0.09385,0.371385,0.0,0.02087,0.154705,0.026569500000000003
4.238,3.2530670000000006,3.688,0.00213345,0.0050828,0.01291645,0.02317,0.5841500000000001,0.0101347,0.056179999999999994,0.59425,0.0197382,0.09285999999999998,0.37021000000000004,0.0,0.0190215,0.145515,0.02531245
4.251,3.2660670000000005,3.694,0.002156,0.005091149999999999,0.01322405,0.023645,0.57695,0.0101599,0.057335,0.5990500000000001,0.0198068,0.093805,0.37888499999999997,0.0,0.017758999999999997,0.14,0.0248004
4.265,3.280067,3.6015,0.00213875,0.004994800000000001,0.0129867,0.02309,0.5559499999999999,0.009917200000000001,0.057255,0.58835,0.019216749999999998,0.09207499999999999,0.37519,0.0,0.016385,0.13289499999999999,0.02367015
4.278,3.2930669999999997,3.599,0.00217,0.00500615,0.0130726,0.023285,0.54975,0.0098759,0.057944999999999997,0.59165,0.0192847,0.09203000000000001,0.37973,0.0,0.0158205,0.130575,0.0233621
4.291,3.3060670000000005,3.539,0.0022055,0.0049749,0.012885,0.02274,0.5338499999999999,0.00966685,0.057075,0.5864,0.01924425,0.0913,0.37948,0.0,0.0145305,0.123668,0.022518499999999997
4.304,3.3190670000000004,3.469,0.0022495,0.0049331,0.012681149999999999,0.021915,0.5165000000000001,0.0094114,0.05604,0.5797,0.01920695,0.09039,0.37857550000000006,0.0,0.013153000000000001,0.11611,0.0216561
4.318,3.333067,3.4325,0.0023350000000000003,0.0049438,0.01262055,0.020975,0.50415,0.009186199999999999,0.05499,0.57895,0.019589799999999997,0.09051000000000001,0.38139999999999996,0.0,0.011843,0.10926,0.021003149999999998
4.331,3.3460670000000006,3.282,0.0023465,0.0047722,0.012172249999999997,0.01944,0.47540000000000004,0.0087402,0.053495,0.5585,0.0187247,0.087645,0.3709165,0.0,0.0102805,0.099805,0.01969895
4.344,3.3590670000000005,3.0735,0.002305,0.00447785,0.01153245,0.01747,0.43955,0.00814355,0.051535,0.5273,0.01732115,0.083055,0.35222300000000006,0.0,0.008813,0.09004649999999999,0.01813275
4.357,3.3720670000000004,2.9585,0.0023279999999999998,0.0043193,0.011229349999999999,0.016105,0.41875,0.007779950000000001,0.05034,0.5105999999999999,0.01670295,0.08059,0.342984,0.0,0.007889,0.083969,0.0173067
4.37,3.3850670000000003,2.955,0.0024485,0.0043143999999999995,0.01145695,0.01531,0.4125,0.0077051,0.050885,0.513,0.01688405,0.08106999999999999,0.347532,0.0,0.007242,0.080522,0.01727635
4.384,3.3990670000000005,3.0015,0.002632,0.0043858000000000005,0.01190755,0.014950000000000001,0.41285,0.0076868,0.052000000000000005,0.5242,0.01746635,0.08299999999999999,0.3584555,0.0,0.0066675,0.0779595,0.017557
4.397,3.4120670000000004,3.1515,0.002927,0.0046040000000000005,0.01284955,0.01523,0.42590000000000006,0.007856499999999999,0.05479,0.55415,0.018787949999999998,0.087755,0.38287750000000004,0.0,0.0062905,0.0774565,0.0185514
4.41,3.4250670000000003,3.5805,0.0035675,0.00526095,0.015145649999999998,0.017165,0.47215000000000007,0.00863155,0.062885,0.6346499999999999,0.02182775,0.100305,0.4438525,0.0,0.006369500000000001,0.08245500000000001,0.02142725
4.423,3.438067,3.794,0.0039700000000000004,0.0056417,0.0164716,0.017204999999999998,0.49010000000000004,0.00892205,0.06762,0.67825,0.02349445,0.10652,0.476237,0.0,0.0063495,0.084655,0.022947050000000004
4.437,3.4520670000000004,4.0655,0.0043584999999999995,0.006133650000000001,0.017949100000000003,0.017349999999999997,0.5154,0.00937015,0.07358,0.73265,0.02552705,0.11401499999999998,0.5152399999999999,0.0,0.0064145,0.08892,0.024614700000000003
4.45,3.4650670000000003,4.6155,0.004831,0.0071124,0.019324799999999996,0.018639999999999997,0.5956,0.010651699999999998,0.08474000000000001,0.82585,0.029164799999999998,0.129335,0.5891699999999999,0.0,0.0064765,0.098915,0.027108599999999997
4.463,3.4780670000000002,4.0245,0.004221,0.006395499999999999,0.01859565,0.015775,0.4984,0.0086981,0.07442,0.7301,0.02599425,0.11214,0.51917,0.0,0.005559,0.08408399999999999,0.02428915
4.476,3.491067,2.966,0.0030735,0.00496545,0.0147356,0.01026,0.36690500000000004,0.0060257,0.05634,0.5333000000000001,0.019332695,0.08428999999999999,0.38787900000000003,0.0,0.0029875,0.055938,0.0181141
4.49,3.5050670000000004,2.1965,0.00210515,0.00368585,0.01125595,0.0070550000000000005,0.281715,0.00420584,0.04226,0.38439500000000004,0.014630250000000001,0.0627535,0.29103350000000006,0.0,0.0015601500000000002,0.037798,0.0135147
4.503,3.5180670000000003,1.49,0.0014381999999999997,0.00252495,0.007614425,0.004580000000000001,0.19965,0.0027444649999999998,0.028715,0.252425,0.010093069999999999,0.04235099999999999,0.1980425,0.0,0.0010559500000000002,0.025715000000000002,0.0091751
4.516,3.531067,0.781,0.00089295,0.00131117,0.00377009,0.0029735,0.10687500000000001,0.00169781,0.014125,0.129825,0.005071184999999999,0.0210925,0.10186020000000001,0.0,0.0011405,0.0166305,0.004734395000000001
4.529,3.544067,0.2691,0.0006918,0.00045279,0.0014388299999999999,0.0017200000000000002,0.0335245,0.000715775,0.0038695,0.045965,0.001358045,0.0056057,0.02801485,0.0,0.00185605,0.01399585,0.0017352099999999998
4.543,3.5580670000000003,0.16045,0.00089505,0.0002577,0.001012875,0.0020795,0.0170585,0.000604095,0.0009892500000000001,0.0277814,0.00026971600000000003,0.0008484999999999999,0.006299345,0.0,0.0032523499999999998,0.02086093,0.0012118900000000002
4.556,3.571067,0.26775,0.0014586499999999997,0.00043669000000000005,0.001646935,0.0034545,0.029589999999999998,0.00103089,0.001705,0.0453705,0.00046898999999999997,0.00167345,0.0116057,0.0,0.0051775,0.03343533,0.002029155
4.569,3.584067,0.43095,0.0030835000000000003,0.0006932899999999999,0.0026065,0.0053609999999999994,0.0473005,0.0016316149999999999,0.002835,0.06888649999999999,0.000758805,0.0033467,0.0197354,0.0,0.008121499999999999,0.049685999999999994,0.00325088
4.582,3.597067,0.6805,0.0059195,0.0010744500000000002,0.0040576499999999995,0.0081975,0.074245,0.00255573,0.0045575,0.1028735,0.001217655,0.0063265000000000005,0.0333934,0.0,0.012425499999999999,0.07177940000000001,0.0051197000000000005
4.596,3.6110670000000002,1.0105,0.009662,0.00159095,0.005950649999999999,0.011859999999999999,0.110655,0.0037932499999999997,0.006848,0.14681,0.0018757000000000001,0.010515,0.052762149999999994,0.0,0.0178795,0.09923874999999999,0.0076099
4.609,3.624067,1.67,0.013746,0.0027474,0.00923005,0.019610000000000002,0.19263,0.0067407000000000005,0.011425000000000001,0.24731,0.0031795,0.0190835,0.0988525,0.0,0.0269935,0.1568225,0.012809300000000001
4.622,3.637067,2.2065,0.016495,0.0036642000000000003,0.01200415,0.025985,0.26780000000000004,0.009184500000000002,0.014685,0.323075,0.00462505,0.0265985,0.14309699999999997,0.0,0.033445,0.1977285,0.01707355
4.635,3.650067,2.66,0.018077499999999996,0.0044387,0.01447095,0.031345,0.333495,0.011583300000000001,0.016895,0.38747000000000004,0.0060286,0.0345825,0.192965,0.0,0.036985000000000004,0.2207155,0.0205877
4.649,3.664067,3.549,0.020635,0.00586075,0.01913835,0.04407,0.4739,0.01689735,0.02141,0.5011,0.0083214,0.057827,0.323829,0.0,0.037845000000000004,0.2289235,0.0260105
4.662,3.677067,3.681,0.022564999999999998,0.00606685,0.019509949999999998,0.04593,0.51525,0.018115850000000003,0.02229,0.49034999999999995,0.00814595,0.063768,0.35519749999999994,0.0,0.036025,0.2132755,0.025996
4.675,3.690067,4.1495,0.025730000000000003,0.0070074000000000004,0.021158999999999997,0.049925,0.5962,0.02044985,0.026070000000000003,0.54365,0.0092894,0.07302,0.40287799999999996,0.0,0.039995,0.238125,0.028562999999999998
4.688,3.703067,4.009,0.02906,0.007291499999999999,0.020279500000000002,0.04568,0.56455,0.018359,0.0269,0.5145500000000001,0.009466800000000001,0.06911500000000001,0.372344,0.0,0.04214999999999999,0.2389895,0.0273505
4.702,3.717067,3.962,0.03194,0.007394,0.0208385,0.043,0.54335,0.01707505,0.028195,0.50135,0.009689,0.06485,0.352979,0.0,0.04544,0.2451535,0.027958499999999997
4.715,3.730067,4.328,0.034285,0.008289,0.0226955,0.04683,0.5964499999999999,0.018548249999999995,0.030605,0.54775,0.01084645,0.07189,0.394911,0.0,0.04837,0.260393,0.030629
4.728,3.743067,4.559,0.036145,0.008911,0.0238755,0.04872,0.63025,0.019200250000000002,0.033095,0.5752,0.0118243,0.074305,0.416528,0.0,0.05164,0.2768805,0.032451999999999995
4.741,3.756067,4.8855,0.03798,0.0097725,0.025457999999999998,0.051519999999999996,0.6848000000000001,0.0204537,0.036515000000000006,0.6108499999999999,0.013153600000000001,0.078985,0.45221199999999995,0.0,0.054905,0.2955,0.034786
4.755,3.770067,4.899,0.03928,0.0100715,0.025697,0.050699999999999995,0.6778,0.02021565,0.037254999999999996,0.6134999999999999,0.0132858,0.078525,0.45302,0.0,0.055945,0.29710549999999997,0.0348135
4.768,3.783067,4.945,0.037785,0.0103145,0.0259345,0.05073,0.6858,0.020448050000000002,0.03823,0.628,0.01369705,0.078505,0.46408000000000005,0.0,0.05565,0.30247599999999997,0.035185999999999995
4.781,3.796067,5.06,0.03615,0.010644,0.026438000000000003,0.05157,0.7065,0.02119335,0.039540000000000006,0.65185,0.014339600000000001,0.08054,0.48811,0.0,0.0549,0.30637249999999994,0.0359675
4.794,3.8090669999999998,5.09,0.036625000000000005,0.0108895,0.026674999999999997,0.05087,0.70905,0.02139305,0.039935,0.655,0.014594399999999999,0.08194,0.49958,0.0,0.05406,0.3015065,0.036125
4.808,3.823067,5.15,0.038044999999999995,0.011268,0.026944999999999997,0.05076,0.71365,0.0216049,0.04049,0.6578,0.014904299999999999,0.08460999999999999,0.51566,0.0,0.05309,0.29330049999999996,0.0364145
4.821,3.836067,5.34,0.04015,0.011947999999999999,0.027595499999999995,0.05216,0.738,0.022465350000000002,0.042145,0.67835,0.0156081,0.090395,0.55072,0.0,0.05255,0.2877775,0.037614999999999996
4.834,3.849067,5.555,0.042825,0.012792000000000001,0.0283545,0.05371,0.7644,0.023330249999999997,0.04428,0.70005,0.01636755,0.09648,0.5867850000000001,0.0,0.052485000000000004,0.28385499999999997,0.038976
4.847,3.8620670000000006,5.96,0.045720000000000004,0.0139395,0.029456999999999997,0.0564,0.8171,0.025522299999999998,0.047945,0.75595,0.017540800000000002,0.106975,0.6503049999999999,0.0,0.052665,0.28390000000000004,0.041357500000000005
4.861,3.876067,5.345,0.043175,0.01298,0.028022,0.05093,0.72635,0.021848799999999998,0.04363,0.66545,0.0157916,0.09296499999999999,0.56686,0.0,0.050429999999999996,0.26948500000000003,0.0370495
4.874,3.889067,4.916,0.041325,0.012452999999999999,0.0273305,0.046955,0.662,0.01923685,0.040695,0.6019,0.014660999999999999,0.083975,0.511535,0.0,0.048475,0.2579,0.034585
4.887,3.9020669999999997,4.849,0.042080000000000006,0.012879499999999999,0.02646,0.045395000000000005,0.6486999999999999,0.018753199999999998,0.040915,0.59095,0.014582550000000001,0.08380000000000001,0.503125,0.0,0.04759,0.254305,0.0335985
4.9,3.9150670000000005,4.8055,0.042955,0.0133915,0.025622,0.043825,0.6413500000000001,0.01842885,0.041429999999999995,0.5821000000000001,0.0145174,0.084165,0.49571499999999996,0.0,0.047034999999999993,0.253815,0.032641
4.913,3.9280670000000004,4.86,0.044315,0.01409,0.025368,0.04315,0.6486,0.01858905,0.04265,0.5851,0.01476545,0.08653,0.501065,0.0,0.046955,0.25676,0.032406
4.927,3.9420669999999998,5.165,0.049175,0.015961,0.0259145,0.044685,0.6874,0.01965865,0.046895000000000006,0.61175,0.015678499999999998,0.09613500000000001,0.535875,0.0,0.04823,0.266925,0.033548
4.94,3.9550670000000006,5.625,0.05593,0.018649,0.0264735,0.04786,0.74865,0.021341850000000002,0.05282,0.65295,0.01705595,0.11160500000000001,0.59123,0.0,0.049,0.28092,0.0351045
4.953,3.9680670000000005,4.535,0.03504,0.012908,0.023728499999999996,0.038645,0.62795,0.01810535,0.03925,0.5666,0.014541150000000001,0.07970000000000001,0.485826,0.0,0.039205000000000004,0.246175,0.029460999999999998
4.966,3.9810670000000004,4.138,0.028145,0.011062,0.022446,0.03497,0.5828,0.016826749999999998,0.034405000000000005,0.5308999999999999,0.01365115,0.06933,0.44837,0.0,0.03512,0.233685,0.0276645
4.98,3.9950670000000006,3.942,0.02471,0.0101995,0.0218215,0.03318,0.56065,0.016172449999999998,0.03201,0.51265,0.01325295,0.06448,0.43263149999999995,0.0,0.032485,0.2260965,0.026769499999999998
4.993,4.0080670000000005,3.848,0.022899999999999997,0.0097275,0.0217605,0.03224,0.54975,0.015830950000000003,0.03057,0.50445,0.01311415,0.061645000000000005,0.426793,0.0,0.030975,0.22239350000000002,0.026496
5.006,4.021067,3.823,0.022025,0.009496000000000001,0.022089,0.031735,0.5473,0.015746800000000002,0.02973,0.50345,0.01318555,0.06016,0.42793950000000003,0.0,0.03011,0.22147250000000002,0.026639
5.019,4.034067,3.835,0.021834999999999997,0.009423,0.0225895,0.031375,0.54925,0.01579725,0.029255,0.5059,0.013358849999999999,0.05955,0.43260450000000006,0.0,0.029635,0.22159449999999997,0.0269985
5.033,4.0480670000000005,3.819,0.02105,0.00919,0.022891,0.03067,0.5487,0.015815,0.02851,0.50645,0.0134763,0.058465,0.435345,0.0,0.028675,0.2200165,0.027190499999999996
5.046,4.061067,3.8115,0.020585,0.0090395,0.0232795,0.030035,0.5487,0.015837,0.027970000000000002,0.507,0.01358105,0.0576,0.4379765,0.0,0.02792,0.2188785,0.027452499999999998
5.059,4.074067,3.822,0.020475,0.008982,0.0238065,0.029505,0.55065,0.0159099,0.027665000000000002,0.5091,0.01370705,0.057045000000000005,0.44156500000000004,0.0,0.027440000000000003,0.21914350000000002,0.027839499999999996
5.072,4.087067,3.8285,0.020465,0.008941,0.024309499999999998,0.028929999999999997,0.5514000000000001,0.01595365,0.027295,0.5105999999999999,0.0138052,0.056475000000000004,0.44393299999999997,0.0,0.026994999999999998,0.2195665,0.0282035
5.086,4.1010670000000005,3.8745,0.020974999999999997,0.009045999999999998,0.0251435,0.028589999999999997,0.5569,0.016127250000000003,0.027285,0.51635,0.01401665,0.05661499999999999,0.449772,0.0,0.026905,0.2221815,0.028857
5.099,4.114067,3.924,0.022085,0.009186,0.026347000000000002,0.02812,0.56075,0.0162565,0.02713,0.52175,0.01419715,0.056795,0.4535115,0.0,0.026965,0.22539749999999997,0.029667
5.112,4.127067,3.972,0.023625,0.009358,0.02783,0.027555,0.5629,0.016321000000000002,0.026895,0.5257000000000001,0.0143314,0.056865,0.45561949999999996,0.0,0.027175000000000005,0.22851950000000001,0.030533499999999998
5.125,4.140067,4.066,0.02647,0.009689,0.030220000000000004,0.027049999999999998,0.5677000000000001,0.0164755,0.026765,0.53315,0.014551600000000001,0.057465,0.45988099999999993,0.0,0.02794,0.2338135,0.0320605
5.139,4.154067,4.2365,0.029790000000000004,0.010135,0.033876500000000004,0.026935,0.582,0.016901649999999997,0.02707,0.55015,0.014977049999999999,0.05871499999999999,0.47203150000000005,0.0,0.029215,0.24442600000000003,0.03440700000000001
5.152,4.167067,4.39,0.03314,0.0106235,0.037567500000000004,0.02669,0.59355,0.017257,0.02722,0.5638000000000001,0.01536295,0.05995999999999999,0.4829015,0.0,0.030385000000000002,0.252414,0.0364475
5.165,4.180067,4.5175,0.035475,0.011033999999999999,0.0422665,0.026430000000000002,0.60245,0.01751275,0.02709,0.5737,0.01570145,0.060765,0.4951635,0.0,0.031085,0.2561575,0.038056
5.178,4.193067,4.6445,0.037790000000000004,0.011522000000000001,0.045863,0.026340000000000002,0.6126,0.0177674,0.027165,0.5848,0.01603895,0.061529999999999994,0.5069115,0.0,0.032105,0.2619985,0.039404
5.192,4.207067,4.718,0.039349999999999996,0.011904999999999999,0.048369,0.026125000000000002,0.6174,0.01787235,0.027104999999999997,0.58985,0.016223750000000002,0.061845000000000004,0.5139604999999999,0.0,0.032845,0.26449900000000004,0.040065
5.205,4.220067,4.7635,0.040055,0.0122125,0.050442,0.025855,0.62095,0.017946499999999997,0.02696,0.59275,0.01637505,0.06193,0.520163,0.0,0.033280000000000004,0.2650305,0.040232000000000004
5.218,4.233067,4.7835,0.039925,0.0124725,0.052131000000000004,0.02553,0.6235999999999999,0.017988650000000002,0.026770000000000002,0.59375,0.016477600000000002,0.06165999999999999,0.5236835,0.0,0.033555,0.2652685,0.039811
5.231,4.246067,4.7995,0.03959,0.012724,0.0537345,0.02513,0.62625,0.01805735,0.026595,0.5946,0.016575399999999997,0.06138,0.527591,0.0,0.03374,0.264709,0.0392305
5.245,4.260067,4.8945,0.04145,0.013447,0.05629049999999999,0.025025,0.63415,0.01830255,0.026500000000000003,0.6026,0.016868400000000002,0.062,0.536852,0.0,0.035300000000000005,0.265428,0.039137
5.258,4.273067,5.41,0.054125,0.0167355,0.0629955,0.02582,0.67645,0.01970595,0.026975,0.64845,0.0183065,0.067935,0.578625,0.0,0.04358,0.269135,0.040964
5.271,4.286067,5.03,0.04393999999999999,0.0142985,0.0617195,0.024535,0.64445,0.018621399999999996,0.02608,0.6133500000000001,0.0171885,0.06215500000000001,0.551175,0.0,0.03667,0.2665605,0.039693
5.284,4.299067,5.055,0.043274999999999994,0.0142475,0.064427,0.024364999999999998,0.647,0.018656449999999998,0.02588,0.6168,0.0172435,0.061435000000000003,0.55502,0.0,0.036345,0.269464,0.040004
5.298,4.313067,5.045,0.042305,0.014054000000000002,0.066944,0.02399,0.6455,0.0185303,0.025465,0.61525,0.017159,0.060140000000000006,0.553725,0.0,0.03573,0.2719715,0.040149
5.311,4.326067,5.065,0.041245000000000004,0.013833999999999999,0.0745305,0.02367,0.6439,0.0183904,0.025044999999999998,0.6132500000000001,0.017074,0.059125,0.55293,0.0,0.035004999999999994,0.274253,0.0409695
5.324,4.339067,5.25,0.040705000000000005,0.013715000000000001,0.0998985,0.023495000000000002,0.64535,0.01834665,0.024715,0.61385,0.017101,0.059495000000000006,0.557345,0.0,0.034505,0.27705350000000006,0.044285
5.337,4.352067,5.65,0.04198,0.0138525,0.131594,0.024735,0.6710499999999999,0.01886765,0.024695,0.6346,0.0177845,0.061335,0.593235,0.0,0.034925,0.283823,0.0499915
5.351,4.366067,5.57,0.042339999999999996,0.0139015,0.10979149999999999,0.02512,0.6843,0.019123599999999998,0.024575,0.6452,0.0180435,0.05941,0.610775,0.0,0.034730000000000004,0.286893,0.048102
5.364,4.379067,5.195,0.041675,0.0138655,0.079163,0.022975000000000002,0.6616,0.018598450000000002,0.024085000000000002,0.6266,0.017262,0.055595000000000006,0.5768400000000001,0.0,0.03406000000000001,0.289501,0.042965
5.377,4.392067,5.61,0.04249000000000001,0.014471499999999998,0.094856,0.024829999999999998,0.70775,0.019788,0.02505,0.6711499999999999,0.018385,0.058280000000000005,0.63378,0.0,0.033985,0.3022945,0.048397
5.39,4.405067,6.33,0.05209,0.0163605,0.123946,0.027245,0.76915,0.0211565,0.026055000000000002,0.7213499999999999,0.0198645,0.06235,0.7026150000000001,0.0,0.03934,0.331105,0.0567015
5.404,4.419067,7.265,0.07211000000000001,0.0211715,0.1621885,0.028595000000000002,0.82165,0.022532000000000003,0.02796,0.7676499999999999,0.0211415,0.07021,0.76219,0.0,0.04964,0.36212999999999995,0.06618750000000001
5.417,4.432067,7.16,0.05943,0.018526,0.18795299999999998,0.02745,0.8090499999999999,0.0224625,0.02685,0.76695,0.021131999999999998,0.068795,0.7539250000000001,0.0,0.040815000000000004,0.346885,0.068211
5.43,4.445067,6.95,0.05298,0.017386,0.1894075,0.02588,0.7927000000000001,0.0220625,0.025814999999999998,0.7544,0.020622500000000002,0.06611,0.731965,0.0,0.0373,0.34181,0.0658415
5.443,4.458067,6.88,0.051925,0.0175325,0.1882645,0.024724999999999997,0.7877,0.021972,0.02546,0.7521,0.020472999999999998,0.06554,0.71837,0.0,0.03671,0.34512,0.06399999999999999
5.456,4.471067000000001,6.225,0.04981,0.016667500000000002,0.1569885,0.021935000000000003,0.7180500000000001,0.019988,0.023379999999999998,0.6926,0.018569,0.058205,0.6422749999999999,0.0,0.034655,0.33594500000000005,0.0570855
5.47,4.485067,5.9,0.05012,0.0163175,0.1333325,0.020905,0.6887,0.0190665,0.02194,0.6702,0.0177085,0.053575,0.6111049999999999,0.0,0.033805,0.337455,0.053799
5.483,4.498067,6.285,0.05505,0.017253,0.14075449999999998,0.022095,0.7318,0.020194999999999998,0.022225,0.7130500000000001,0.018854,0.055715,0.6605350000000001,0.0,0.03588999999999999,0.3523,0.057913
5.496,4.511067000000001,6.845,0.058435,0.0182965,0.165437,0.023815,0.7882499999999999,0.021639,0.022955,0.7665500000000001,0.0203645,0.05924,0.723895,0.0,0.03726,0.3712,0.064346
5.509,4.5240670000000005,7.2,0.056885,0.0184085,0.1795855,0.025175000000000003,0.8371,0.022806,0.02369,0.81005,0.021310000000000003,0.059574999999999996,0.77839,0.0,0.037070000000000006,0.389695,0.0678125
5.523,4.538067,7.165,0.055295000000000004,0.0182825,0.194057,0.024245000000000003,0.8208500000000001,0.0224045,0.022824999999999998,0.7958,0.021009,0.05849000000000001,0.766505,0.0,0.036199999999999996,0.381095,0.067673
5.536,4.551067,6.615,0.050085,0.0169125,0.171428,0.02232,0.77055,0.020898,0.021245,0.749,0.019457500000000003,0.05263999999999999,0.7117,0.0,0.032815,0.369135,0.061534500000000006
5.549,4.5640670000000005,6.385,0.046525,0.016253499999999997,0.16114799999999999,0.02127,0.7563500000000001,0.0203155,0.020525,0.7333000000000001,0.018687500000000003,0.04880999999999999,0.6873,0.0,0.030905,0.374035,0.0584045
5.562,4.577067,6.54,0.046490000000000004,0.0163785,0.162526,0.02177,0.7836000000000001,0.020879500000000002,0.02078,0.7564500000000001,0.0190765,0.047959999999999996,0.7123999999999999,0.0,0.030780000000000002,0.3899,0.0594915
5.576,4.591067,7.075,0.049775,0.0173305,0.173818,0.024165,0.8543,0.0224795,0.022019999999999998,0.8208,0.0205475,0.049049999999999996,0.78573,0.0,0.032395,0.420145,0.06425049999999999
5.589,4.604067000000001,7.295,0.051705,0.0178035,0.184002,0.02456,0.8751,0.023281999999999997,0.02281,0.84155,0.021077000000000002,0.04906499999999999,0.82005,0.0,0.032940000000000004,0.41617499999999996,0.06678200000000001
5.602,4.6170670000000005,7.62,0.05457,0.018963999999999998,0.1956975,0.024,0.9127000000000001,0.0243475,0.023405000000000002,0.8735999999999999,0.0216405,0.04922,0.8418100000000001,0.0,0.03464,0.44891499999999995,0.06936400000000001
5.615,4.630067,7.95,0.056749999999999995,0.0198255,0.2064195,0.024065000000000003,0.95245,0.025487,0.023635,0.9118,0.0226155,0.049385,0.87707,0.0,0.035309999999999994,0.470985,0.07248450000000001
5.629,4.644067,8.57,0.061865,0.021113,0.231032,0.02504,1.01825,0.0276275,0.024395,0.9767,0.024697499999999997,0.05136499999999999,0.953905,0.0,0.03678,0.487675,0.079723
5.642,4.6570670000000005,9.44,0.06983,0.023003000000000003,0.264836,0.02667,1.1104,0.030371999999999996,0.02562,1.0657999999999999,0.027395000000000003,0.054404999999999995,1.0474299999999999,0.0,0.039709999999999995,0.523,0.08910900000000001
5.655,4.670067,9.65,0.07205500000000001,0.023502000000000002,0.2707905,0.026905,1.13335,0.030610500000000002,0.025745,1.09355,0.027521000000000004,0.05337000000000001,1.061135,0.0,0.04077,0.551175,0.0901735
5.668,4.683067,9.565,0.073135,0.023476,0.277391,0.02624,1.1124,0.0295285,0.02437,1.07495,0.026770500000000003,0.05082,1.02484,0.0,0.040445,0.565195,0.09015250000000001
5.682,4.6970670000000005,9.52,0.07125999999999999,0.022450499999999998,0.2762025,0.026340000000000002,1.1181,0.0296755,0.02352,1.08045,0.0272265,0.04865499999999999,1.0349499999999998,0.0,0.038695,0.5590250000000001,0.089974
5.695,4.7100670000000004,9.565,0.07502500000000001,0.022626,0.268911,0.026195,1.12245,0.029274,0.023125,1.0987,0.02714,0.046619999999999995,1.0148300000000001,0.0,0.040615,0.603425,0.08950400000000001
5.708,4.723067,9.57,0.07516500000000001,0.0232015,0.2817375,0.02554,1.11185,0.028959500000000006,0.021755,1.0844,0.027108,0.045570000000000006,0.999795,0.0,0.03907,0.606355,0.09058350000000001
5.721,4.736067,9.74,0.07766,0.024876500000000003,0.3051815,0.0253,1.1080999999999999,0.028873999999999997,0.02114,1.0802999999999998,0.027358999999999998,0.04644499999999999,1.003915,0.0,0.039315,0.603335,0.093839
5.735,4.7500670000000005,9.955,0.08255499999999999,0.026910999999999997,0.3218655,0.025175,1.1088,0.028751,0.020825000000000003,1.0915,0.0275655,0.04629,1.005725,0.0,0.04116,0.619555,0.09664249999999999
5.748,4.763067,9.685,0.08127000000000001,0.026750500000000003,0.3272275,0.023175,1.06565,0.0276645,0.019055,1.0444,0.026832500000000002,0.043785000000000004,0.9482249999999999,0.0,0.039310000000000005,0.6121099999999999,0.09433749999999999
5.761,4.776067,9.955,0.083985,0.028103999999999997,0.354566,0.0224,1.0789,0.028238,0.01798,1.0500500000000001,0.027835,0.044015000000000006,0.9599700000000001,0.0,0.03925000000000001,0.61948,0.0980885
5.774,4.789067,10.025,0.08743,0.029086499999999998,0.3641125,0.02166,1.07295,0.028445000000000005,0.01715,1.0411,0.0282785,0.043829999999999994,0.9812649999999999,0.0,0.04038,0.595685,0.09987749999999998
5.788,4.803067,10.59,0.09261,0.031553,0.40209300000000003,0.022365000000000003,1.11295,0.0298435,0.01762,1.07665,0.0297165,0.04546,1.059435,0.0,0.041745,0.589235,0.10811000000000001
5.801,4.816067,11.27,0.095655,0.0339175,0.44090500000000005,0.022995,1.18005,0.031814,0.018099999999999998,1.1346500000000002,0.031849,0.047305,1.13237,0.0,0.042685,0.6194999999999999,0.11618049999999999
5.814,4.829067,11.21,0.09118,0.033849,0.45616499999999993,0.022585,1.16865,0.031893000000000005,0.01783,1.1172499999999999,0.032314999999999997,0.0464,1.1270650000000002,0.0,0.04098,0.6053,0.117051
5.827,4.842067,10.275,0.09077500000000001,0.033473,0.43460000000000004,0.019119999999999998,1.0343,0.028458999999999998,0.015515,0.9841,0.028819499999999998,0.044088,1.00828,0.0,0.040084999999999996,0.5355099999999999,0.10769599999999999
5.841,4.856067,10.05,0.091285,0.0344575,0.44029,0.01711,0.9901500000000001,0.0272605,0.014190000000000001,0.9394500000000001,0.027712,0.043660000000000004,0.9542649999999999,0.0,0.039805,0.53094,0.1043695
5.854,4.869067,8.37,0.08523,0.032092999999999997,0.409335,0.012254999999999999,0.7511000000000001,0.021191500000000002,0.010415,0.7039500000000001,0.021990999999999997,0.0385695,0.72728,0.0,0.035945000000000005,0.41259499999999993,0.08823450000000001
5.867,4.882067,7.575,0.08765500000000001,0.031900000000000005,0.390916,0.009751,0.6276999999999999,0.018041,0.008581499999999999,0.5858,0.018953499999999998,0.037439999999999994,0.6156,0.0,0.036715000000000005,0.35037,0.08033
5.88,4.895067,7.26,0.09007,0.032573,0.3892395,0.008618,0.56795,0.016468999999999998,0.007890999999999999,0.5284500000000001,0.017314,0.0376645,0.57241,0.0,0.037695,0.31413,0.077142
5.894,4.909067,6.815,0.08896499999999999,0.0326285,0.38342550000000003,0.007718,0.49674999999999997,0.014700999999999999,0.0073395,0.4649,0.015432000000000001,0.037398999999999995,0.52945,0.0,0.037145,0.26561,0.072614
5.907,4.922067,6.845,0.0925,0.034511,0.4051905,0.00733,0.46604999999999996,0.013982999999999999,0.0071955000000000005,0.43662500000000004,0.0147955,0.038910499999999994,0.5154799999999999,0.0,0.03863,0.24532000000000004,0.07299649999999999
5.92,4.935067,6.36,0.08730500000000001,0.033873999999999994,0.39963249999999995,0.0063205,0.39735,0.0121225,0.0066455,0.37785,0.0131255,0.036934999999999996,0.45504000000000006,0.0,0.036500000000000005,0.216005,0.068492
5.933,4.948067,6.225,0.09098999999999999,0.035226999999999994,0.41198550000000006,0.005493,0.341885,0.010592500000000001,0.006425999999999999,0.33693,0.011813500000000001,0.036559999999999995,0.40952000000000005,0.0,0.037775,0.20389000000000002,0.068271
5.947,4.962067,6.355,0.09984499999999999,0.0377215,0.43839800000000007,0.005,0.30428999999999995,0.009545000000000001,0.006473,0.31163,0.010978499999999999,0.0382025,0.382285,0.0,0.040190000000000003,0.19905,0.07101550000000001
5.96,4.975067,6.03,0.099835,0.0377695,0.43149250000000006,0.0042769999999999996,0.25181,0.008032250000000001,0.0060805,0.26788999999999996,0.009511,0.037749,0.3325955,0.0,0.038665,0.183875,0.068002
5.973,4.988067,5.375,0.09226999999999999,0.0360315,0.40375799999999995,0.0032765,0.188535,0.006204,0.005260000000000001,0.20615,0.0075515,0.0357655,0.262631,0.0,0.0337,0.15939,0.0608555
5.986,5.001067,5.155,0.09226,0.0360665,0.40624350000000004,0.0026595,0.14510499999999998,0.0049793500000000004,0.0047205,0.16808499999999998,0.00633635,0.035099,0.21757499999999996,0.0,0.03241,0.14655500000000002,0.0597845
5.999,5.014067,5.11,0.09556,0.036752,0.415821,0.002212,0.114235,0.0041157,0.004489,0.14778000000000002,0.0055834000000000005,0.035129,0.188887,0.0,0.032995,0.14343499999999998,0.06036799999999999
6.013,5.028067,5.33,0.105295,0.039617999999999993,0.44578,0.0018184999999999998,0.08526500000000001,0.0033417000000000004,0.004468,0.13306,0.00498645,0.0371825,0.165709,0.0,0.03553,0.14823499999999998,0.06424
6.026,5.041067,5.22,0.10373500000000001,0.040016499999999997,0.44727,0.0014069999999999998,0.06506999999999999,0.00283745,0.0044485,0.118145,0.004512250000000001,0.0366945,0.146955,0.0,0.034935,0.146865,0.06281305000000001
6.039,5.054067,5.23,0.10742499999999999,0.040761,0.45021,0.001216,0.04988,0.00242035,0.0042225000000000006,0.114995,0.0041744,0.03693099999999999,0.135103,0.0,0.03626,0.14927,0.06350985
6.052,5.067067,5.495,0.11450500000000001,0.042885000000000006,0.47257000000000005,0.001254,0.048490000000000005,0.0024407,0.0041935,0.12523,0.00438635,0.0383995,0.1398935,0.0,0.03899,0.1592,0.067112
6.066,5.081067,5.705,0.11737500000000001,0.045000500000000006,0.49645000000000006,0.001271,0.04731,0.00248405,0.004155000000000001,0.130085,0.0045641,0.03948,0.144815,0.0,0.040025000000000005,0.165485,0.06993975
6.079,5.094067,5.635,0.1094,0.046832000000000006,0.5055,0.0011359999999999999,0.044295,0.0024649,0.0040625,0.11912500000000001,0.0044858499999999996,0.0399425,0.140971,0.0,0.037665000000000004,0.16237500000000002,0.06826725
6.092,5.107067,5.11,0.10191,0.043403,0.45235499999999995,0.0009851,0.038816,0.00223395,0.0039235,0.10622000000000001,0.00410785,0.038124,0.127289,0.0,0.034575,0.15214999999999998,0.05976315
6.105,5.120067000000001,5.085,0.1012,0.042648000000000005,0.45246,0.0009614000000000001,0.037557,0.00221015,0.003962,0.105675,0.004135450000000001,0.040009,0.12684399999999998,0.0,0.033915,0.15502,0.0570453
6.119,5.134067,5.12,0.10151999999999999,0.042377,0.458435,0.0009611,0.036434499999999995,0.0021979499999999997,0.0040635,0.10614,0.0041969500000000005,0.0427125,0.12732749999999998,0.0,0.03359,0.15998,0.05475495
6.132,5.147067,5.205,0.10123499999999999,0.0427325,0.47316,0.001002,0.0355165,0.00227015,0.004224,0.105065,0.00432115,0.0443,0.1300085,0.0,0.03375,0.16216999999999998,0.05416045
6.145,5.160067,5.305,0.10195,0.042772,0.48792,0.0010945,0.03543,0.0023571,0.0044434999999999995,0.10566500000000001,0.00450245,0.046715000000000007,0.134288,0.0,0.034025,0.16580999999999999,0.052929649999999995
6.158,5.1730670000000005,5.38,0.103605,0.041840499999999996,0.49713,0.00119,0.035605,0.00242385,0.0045235,0.10975000000000001,0.0047021,0.049034999999999995,0.138602,0.0,0.033905,0.171665,0.05116444999999999
6.172,5.187067,5.09,0.09548,0.038752,0.47827,0.001239,0.034568,0.0023689999999999996,0.0044265,0.09927,0.0045822499999999995,0.050215,0.1316245,0.0,0.029635,0.162665,0.04446215
6.185,5.200067,4.9445,0.08913,0.0378125,0.47401,0.001311,0.033709,0.00247175,0.004556,0.08932,0.0046378,0.05105,0.12868649999999998,0.0,0.02737,0.152915,0.04098995
6.198,5.213067000000001,5.23,0.09057,0.0392625,0.51649,0.001408,0.034695000000000004,0.0028829499999999996,0.0047975,0.091005,0.00531935,0.05226,0.135137,0.0,0.02843,0.150865,0.045763
6.211,5.2260670000000005,6.18,0.10191,0.0452055,0.633225,0.0016150000000000001,0.039005,0.0038169000000000002,0.0053595,0.10536999999999999,0.006858399999999999,0.055815000000000003,0.15742500000000004,0.0,0.034170000000000006,0.16034500000000002,0.061151
6.225,5.240067,7.02,0.10982499999999999,0.0510435,0.7417400000000001,0.0017209999999999999,0.04350999999999999,0.004568,0.005587,0.11632,0.0080607,0.05826,0.17823499999999998,0.0,0.038805000000000006,0.17199,0.074335
6.238,5.253067000000001,7.32,0.113565,0.052941,0.7799299999999999,0.0017980000000000001,0.04644999999999999,0.004898,0.005792,0.12017499999999999,0.00857065,0.059,0.18821,0.0,0.04195,0.17461499999999996,0.07853500000000001
6.251,5.2660670000000005,7.305,0.114625,0.053144,0.77992,0.0018184999999999998,0.04641,0.0050303,0.0058224999999999996,0.121805,0.008652449999999999,0.056865,0.18779499999999996,0.0,0.04383,0.17035,0.08046049999999999
6.264,5.279067,6.985,0.110945,0.051193999999999996,0.7478400000000001,0.0017694999999999998,0.043355000000000005,0.0050945,0.0055049999999999995,0.11774499999999999,0.008957900000000001,0.053189999999999994,0.17524,0.0,0.0427,0.15722,0.079176
6.278,5.293067,7.395,0.11254,0.055298,0.80428,0.0019839999999999997,0.044845,0.005741,0.005995,0.12092,0.01015145,0.055775000000000005,0.18430999999999997,0.0,0.04499499999999999,0.1587,0.08423499999999999
6.291,5.3060670000000005,7.345,0.1071,0.058803999999999995,0.8068799999999998,0.0020025,0.04488,0.006395649999999999,0.005657,0.11663,0.0112973,0.05338,0.17900000000000002,0.0,0.04591,0.14226999999999998,0.087774
6.304,5.319067,7.59,0.109455,0.06231,0.83398,0.0021215,0.04788,0.00783255,0.005664499999999999,0.1184,0.0137325,0.054035,0.183215,0.0,0.047925,0.137995,0.0926955
6.317,5.332067,9.15,0.127,0.0728325,1.0174999999999998,0.0027805,0.06171499999999999,0.0113544,0.0063765,0.13768999999999998,0.0198273,0.06337000000000001,0.22339499999999998,0.0,0.056029999999999996,0.160035,0.11052800000000002
6.331,5.346067000000001,9.46,0.128275,0.077187,1.0568899999999999,0.0027854999999999998,0.061450000000000005,0.012183,0.0066605,0.139115,0.0216574,0.06978999999999999,0.227995,0.0,0.05677,0.17395000000000002,0.109808
6.344,5.3590670000000005,10.22,0.13045500000000002,0.08086,1.1642599999999999,0.0030125,0.0675,0.014669350000000001,0.007423,0.14449,0.02662035,0.079925,0.23929999999999998,0.0,0.056835,0.17908000000000002,0.11547450000000001
6.357,5.372067,10.96,0.13439,0.07878,1.261605,0.003038,0.07847,0.021667,0.007826,0.14966000000000002,0.0399255,0.07902,0.24834,0.0,0.054834999999999995,0.174935,0.1275885
6.37,5.385067,10.075,0.12359500000000001,0.073654,1.1673550000000001,0.002872,0.071815,0.018327000000000003,0.007672999999999999,0.14082499999999998,0.0344835,0.076235,0.229,0.0,0.050845,0.16236,0.114187
6.384,5.3990670000000005,10.505,0.11973,0.076634,1.2426300000000001,0.0029389999999999998,0.07592,0.019198,0.008039,0.146465,0.0369425,0.079055,0.23714000000000002,0.0,0.049780000000000005,0.169725,0.11678799999999999
6.397,5.412067,11.27,0.11716499999999999,0.08367500000000001,1.3622299999999998,0.003008,0.07997499999999999,0.019759,0.0086135,0.15637,0.0387155,0.08540500000000001,0.25398,0.0,0.0502,0.18757000000000001,0.12160800000000001
6.41,5.425067,13.82,0.130185,0.10275,1.7056499999999999,0.003682,0.09835999999999999,0.0243055,0.010700000000000001,0.188995,0.048575999999999994,0.10418999999999999,0.313155,0.0,0.05773999999999999,0.22947,0.144727
6.423,5.438067,15.12,0.138355,0.114795,1.8811499999999999,0.0040275,0.11027500000000001,0.025863,0.01158,0.20680500000000002,0.052768999999999996,0.11488,0.34386,0.0,0.06395500000000001,0.25151500000000004,0.1560035
6.437,5.452067,15.735,0.14644000000000001,0.124125,1.9651,0.00397,0.113525,0.025065999999999998,0.011705,0.210165,0.05307099999999999,0.126515,0.3593249999999999,0.0,0.069725,0.255215,0.16195600000000002
6.45,5.465067,16.54,0.159985,0.127445,2.0677000000000003,0.0042495,0.130455,0.0267775,0.011915,0.22482500000000002,0.056189,0.12817499999999998,0.37191500000000005,0.0,0.07356,0.251035,0.17573499999999997
6.463,5.478067,17.575,0.18125000000000002,0.13235999999999998,2.1873,0.0044329999999999994,0.152055,0.028298,0.012115,0.24734,0.060511499999999996,0.12814000000000003,0.391875,0.0,0.08013,0.25315499999999996,0.19505
6.476,5.491067,15.69,0.147365,0.12387000000000001,1.9796,0.0042439999999999995,0.137635,0.025584500000000003,0.010615,0.22648,0.0560315,0.10628499999999999,0.353305,0.0,0.077775,0.22135500000000002,0.17975
6.49,5.505067,15.655,0.132105,0.13165000000000002,2.0042,0.004428,0.140025,0.0251455,0.01139,0.22202,0.05606099999999999,0.10828,0.359625,0.0,0.08554,0.21588000000000002,0.17915999999999999
6.503,5.518067,17.5,0.14246999999999999,0.15179,2.26365,0.005307,0.179935,0.028635,0.012655,0.24629,0.062371499999999996,0.11294499999999999,0.391415,0.0,0.10161,0.23561500000000002,0.209535
6.516,5.531067,15.38,0.1172,0.12955499999999998,2.0183999999999997,0.004625,0.146705,0.0254775,0.011095,0.21012,0.057106,0.09731500000000001,0.35169,0.0,0.09245,0.203905,0.178075
6.529,5.544067,14.57,0.112775,0.12582,1.9111,0.0045395,0.13729,0.02451,0.010305,0.19485000000000002,0.054584499999999994,0.091335,0.3331,0.0,0.08467000000000001,0.19095499999999999,0.17121
6.542,5.557067,13.62,0.10369500000000001,0.119015,1.78755,0.004266,0.129745,0.024111499999999998,0.008837000000000001,0.178185,0.053971500000000006,0.084685,0.31422,0.0,0.06805499999999999,0.182585,0.16088
6.556,5.571067,13.59,0.101915,0.12038499999999999,1.7797999999999998,0.004324,0.13177,0.025172,0.008164000000000001,0.17384,0.0561645,0.08506999999999999,0.319835,0.0,0.056170000000000005,0.18382500000000002,0.158185
6.569,5.584067,14.295,0.104445,0.12832500000000002,1.87785,0.0045520000000000005,0.13959500000000002,0.0268945,0.008153500000000001,0.178535,0.0604745,0.09154999999999999,0.34417000000000003,0.0,0.054105,0.19217,0.16341
6.582,5.597067,16.02,0.114065,0.14914499999999997,2.1147,0.005006,0.1559,0.029586,0.0091105,0.19251000000000001,0.06618199999999999,0.10776500000000001,0.38912,0.0,0.060020000000000004,0.21935500000000002,0.17980999999999997
6.595,5.610067,16.415,0.1131,0.15185500000000002,2.18855,0.0050335,0.16288,0.029821,0.008777,0.19809500000000002,0.0689,0.10995,0.404555,0.0,0.058295,0.22850000000000004,0.184685
6.609,5.624067,16.01,0.115675,0.137345,2.1532000000000004,0.0049075,0.15669,0.028281999999999998,0.0082075,0.20167,0.067062,0.105155,0.40585499999999997,0.0,0.04957,0.228645,0.177305
6.622,5.637067,16.865,0.12516,0.12701,2.3219499999999997,0.0054645,0.166405,0.0292785,0.008570999999999999,0.21094000000000002,0.07002900000000001,0.10633000000000001,0.426025,0.0,0.046505000000000005,0.23588,0.188625
6.635,5.650067,17.045,0.11718,0.12825,2.3904499999999995,0.005948,0.16645,0.028581000000000002,0.008664,0.20291499999999998,0.06978100000000001,0.10767,0.432425,0.0,0.0449,0.23545,0.190385
6.648,5.663067,15.935,0.11191,0.11838,2.23545,0.005549500000000001,0.15866999999999998,0.026872999999999998,0.008015499999999998,0.19805,0.06437799999999999,0.097125,0.41256500000000007,0.0,0.04101,0.23879,0.171085
6.662,5.677067,15.635,0.11302000000000001,0.10986,2.2093999999999996,0.0052965,0.15234,0.026326500000000003,0.007545,0.20289000000000001,0.061447999999999996,0.089895,0.41774999999999995,0.0,0.037635,0.246835,0.162945
6.675,5.690067,15.485,0.11138500000000001,0.106575,2.20025,0.005249500000000001,0.147725,0.025695,0.0074990000000000005,0.212255,0.058983499999999994,0.08715500000000001,0.4338,0.0,0.037575,0.23933,0.158105
6.688,5.703067,16.75,0.107455,0.12176500000000001,2.39865,0.0057445,0.159025,0.0277935,0.008971,0.257415,0.059660000000000005,0.09562999999999999,0.475725,0.0,0.046125000000000006,0.232545,0.17001
6.701,5.716067,17.43,0.10694,0.12717499999999998,2.50625,0.0058980000000000005,0.16902,0.0291575,0.009431499999999999,0.316745,0.061741500000000005,0.09491000000000002,0.48306,0.0,0.05111,0.241015,0.18194000000000002
6.715,5.730067,16.485,0.106145,0.113655,2.3981000000000003,0.005483,0.158085,0.026999500000000003,0.008376999999999999,0.28530500000000003,0.058146,0.08423499999999999,0.46403000000000005,0.0,0.04631,0.22153499999999998,0.173445
6.728,5.743067,16.025,0.11269,0.10825000000000001,2.3262500000000004,0.005323,0.15737,0.0265355,0.008301,0.271315,0.058816999999999994,0.079565,0.453005,0.0,0.045759999999999995,0.21487999999999996,0.173605
6.741,5.756067,14.73,0.10664000000000001,0.093335,2.1496,0.004928999999999999,0.151015,0.0253435,0.0079885,0.266245,0.055702,0.067495,0.41384,0.0,0.039075,0.19963999999999998,0.16272999999999999
6.754,5.769067,14.0,0.10192,0.08604500000000001,2.0557499999999997,0.0046785,0.143055,0.024819499999999998,0.00744,0.25625,0.05336149999999999,0.06119,0.395235,0.0,0.034745,0.18942,0.15625899999999998
6.768,5.783067,13.3,0.09448,0.07897,1.97045,0.004369,0.136565,0.023599999999999996,0.0070799999999999995,0.2614,0.0503565,0.055349999999999996,0.378375,0.0,0.032725000000000004,0.18588999999999997,0.14632499999999998
6.781,5.796067,12.9,0.08756,0.073255,1.9423,0.004052,0.131625,0.022661,0.006786,0.25492499999999996,0.048142,0.049785,0.367165,0.0,0.031605,0.184855,0.1379145
6.794,5.809067,14.525,0.08903,0.079515,2.23115,0.0044989999999999995,0.14887499999999998,0.024555,0.006854000000000001,0.28164500000000003,0.052847,0.05580000000000001,0.423935,0.0,0.03283,0.206605,0.1437275
6.807,5.8220670000000005,15.87,0.090395,0.08638,2.4679,0.0049465,0.16544999999999999,0.0266735,0.007456,0.30976000000000004,0.0574635,0.06075500000000001,0.468105,0.0,0.034155,0.22548,0.152516
6.821,5.836067,18.81,0.10287500000000001,0.10307000000000001,2.95495,0.005825,0.19806,0.031752,0.009066999999999999,0.36070500000000005,0.06783149999999999,0.07430500000000001,0.55941,0.0,0.03891,0.255725,0.17835
6.834,5.849067,18.045,0.09794499999999999,0.10068,2.8537999999999997,0.005822000000000001,0.176525,0.030458,0.008362000000000001,0.32608,0.06615650000000001,0.066745,0.5538449999999999,0.0,0.03862,0.24567499999999998,0.1732525
6.847,5.862067000000001,19.175,0.10639500000000002,0.11166499999999999,3.02875,0.006218,0.18401499999999998,0.032417,0.009628000000000001,0.336275,0.070801,0.073655,0.5877699999999999,0.0,0.04016,0.266255,0.18358
6.86,5.8750670000000005,21.535,0.11857,0.12653,3.4227000000000003,0.0070995,0.20801,0.0354195,0.01049,0.38095,0.079107,0.07950499999999999,0.6650550000000001,0.0,0.044454999999999995,0.31032000000000004,0.203455
6.874,5.889067,20.3,0.108865,0.11226,3.26645,0.0060715000000000005,0.202305,0.033354999999999996,0.0088075,0.3653,0.0751825,0.067555,0.6400899999999999,0.0,0.04111,0.27741000000000005,0.18859
6.887,5.902067,19.255,0.101385,0.10399999999999998,3.1221,0.0058535,0.19094499999999998,0.031854999999999994,0.0081445,0.33905,0.071293,0.06343499999999999,0.62249,0.0,0.036585,0.24968500000000002,0.1736685
6.9,5.9150670000000005,17.925,0.09139,0.103315,2.90665,0.005667,0.17585,0.029585000000000004,0.0091415,0.30993000000000004,0.066061,0.06537,0.588215,0.0,0.032795,0.229655,0.16211799999999998
6.913,5.928067,13.96,0.06686500000000001,0.07484,2.29975,0.0038139999999999997,0.150425,0.023357999999999997,0.00584,0.27390000000000003,0.05401,0.041197000000000004,0.448895,0.0,0.024675,0.166985,0.1326815
6.927,5.942067,12.405,0.06006,0.06634100000000001,2.0474,0.0031599999999999996,0.13448,0.0211714,0.0051955000000000005,0.24866,0.048834,0.0355885,0.41099,0.0,0.02178,0.13622,0.12161
6.94,5.9550670000000006,12.335,0.06179,0.06714350000000001,2.03037,0.003057,0.1255,0.02216535,0.005102000000000001,0.23432,0.0509165,0.034398,0.428635,0.0,0.02145,0.12907,0.127497
6.953,5.9680670000000005,12.85,0.065245,0.07042100000000001,2.11216,0.003176,0.12322,0.0243549,0.005176999999999999,0.23054,0.0559015,0.034641,0.46625,0.0,0.02163,0.130145,0.1385725
6.966,5.981067,14.15,0.08167,0.079585,2.3095499999999998,0.0036515000000000002,0.13223000000000001,0.02689445,0.005494499999999999,0.248175,0.0604835,0.037957,0.5174100000000001,0.0,0.02505,0.14306000000000002,0.151773
6.98,5.995067000000001,15.28,0.092525,0.08116,2.503045,0.0037245,0.13605499999999998,0.03041975,0.004984,0.25651,0.069012,0.038084,0.5701999999999999,0.0,0.025805,0.161315,0.17169700000000002
6.993,6.0080670000000005,12.38,0.073,0.0664375,2.059975,0.0029535,0.10905500000000001,0.023772300000000003,0.0044080000000000005,0.24567,0.049840499999999996,0.0303795,0.43114,0.0,0.020805,0.132695,0.1325515
7.006,6.021067,13.28,0.07728,0.070787,2.23374,0.0030955,0.11252000000000001,0.025460250000000004,0.004599000000000001,0.27271,0.0514355,0.030244000000000004,0.44831499999999996,0.0,0.02185,0.14693,0.1389725
7.019,6.034067,14.43,0.0838,0.075986,2.44115,0.003357,0.11562,0.0282795,0.00489,0.29182,0.055866,0.031639,0.49203,0.0,0.022844999999999997,0.161465,0.14873150000000002
7.033,6.0480670000000005,13.315,0.081785,0.0690095,2.2539100000000003,0.0030935,0.10374,0.026101850000000003,0.004602500000000001,0.26791,0.0507205,0.028937,0.46018000000000003,0.0,0.019279,0.14825,0.133961
7.046,6.061067,12.695,0.085285,0.06502,2.14629,0.0030055000000000004,0.094885,0.02410085,0.004668,0.238965,0.0502085,0.027205999999999998,0.4437,0.0,0.018991,0.146755,0.12867
7.059,6.074067,13.005,0.08972500000000001,0.0678375,2.206765,0.0029795,0.09399,0.02408105,0.0046495,0.238615,0.051692,0.026729499999999996,0.44643000000000005,0.0,0.01971,0.157045,0.13363450000000002
7.072,6.087067,13.115,0.08642,0.067273,2.25196,0.0029804999999999996,0.09258000000000001,0.02424345,0.004373,0.230595,0.052471500000000004,0.026892999999999997,0.45824000000000004,0.0,0.0189455,0.160905,0.1349225
7.085,6.100067,12.205,0.077595,0.062673,2.120105,0.0028665,0.089785,0.021855,0.0039625,0.21447,0.047715499999999994,0.024487500000000002,0.42413500000000004,0.0,0.0170365,0.153165,0.12539000000000003
7.099,6.114067,13.755,0.07866999999999999,0.0705495,2.42603,0.003354,0.09942000000000001,0.024960000000000003,0.004534,0.23186,0.0537,0.0290405,0.48794499999999996,0.0,0.017705,0.16867,0.139153
7.112,6.127067,13.38,0.07411999999999999,0.066937,2.383735,0.0033655,0.09854,0.0235955,0.004113,0.22574,0.052109,0.027949,0.479575,0.0,0.016932,0.168135,0.131332
7.125,6.140067,14.18,0.074785,0.070226,2.5486750000000002,0.003619,0.10241,0.025923999999999996,0.0041185,0.23288999999999999,0.0554125,0.0283855,0.516255,0.0,0.018039,0.17914000000000002,0.14027900000000001
7.138,6.153067,15.585,0.076405,0.0771935,2.8196,0.004233,0.1126,0.029794,0.0045645,0.25415,0.0629285,0.030876500000000005,0.5744400000000001,0.0,0.0189595,0.19242499999999998,0.1558335
7.152,6.167067,19.095,0.08721999999999999,0.09552,3.4737500000000003,0.0058484999999999995,0.14889,0.035987,0.005284,0.32425000000000004,0.0783555,0.036444500000000005,0.72922,0.0,0.02127,0.246415,0.196497
7.165,6.180067,13.215,0.073935,0.0679825,2.407775,0.0034175,0.08888,0.022719499999999997,0.0035925,0.180365,0.0547995,0.0246315,0.47173000000000004,0.0,0.019579,0.18879999999999997,0.1494115
7.178,6.193067,11.985,0.07150500000000001,0.0615965,2.19609,0.003026,0.07689,0.019728050000000004,0.0033495,0.150275,0.047921,0.0210245,0.42865000000000003,0.0,0.017765500000000004,0.18299,0.1379925
7.191,6.206067,10.805,0.07115,0.057688500000000004,1.95823,0.0029075,0.0704,0.01802425,0.0029035,0.13441999999999998,0.043755999999999996,0.018348,0.38947,0.0,0.016422,0.16575,0.1194045
7.205,6.220067,11.13,0.0727,0.059217000000000006,2.021465,0.0028285,0.070225,0.019274049999999997,0.0029775,0.125725,0.046101500000000004,0.020502999999999997,0.41335500000000003,0.0,0.016118,0.17048000000000002,0.1177
7.218,6.233067,12.67,0.081775,0.06517500000000001,2.3095149999999998,0.0028095,0.077845,0.022569600000000002,0.0035294999999999997,0.12896000000000002,0.053569500000000006,0.025241,0.49237,0.0,0.016896500000000002,0.19045499999999999,0.1273415
7.231,6.246067,13.41,0.09345,0.06633149999999999,2.4415000000000004,0.0026105,0.08294,0.02344535,0.003783,0.127415,0.056592500000000004,0.028305999999999998,0.5416599999999999,0.0,0.017111,0.20394,0.129165
7.244,6.259067,12.975,0.100215,0.06152199999999999,2.34715,0.0024235000000000003,0.078825,0.0226137,0.0036490000000000003,0.11527499999999999,0.05602599999999999,0.027245000000000002,0.5454450000000001,0.0,0.016278499999999998,0.20227,0.12118099999999998
7.258,6.273067,13.735,0.107685,0.06352200000000001,2.4843,0.0023959999999999997,0.08241000000000001,0.02477205,0.0037264999999999998,0.123295,0.059328,0.028926,0.5906549999999999,0.0,0.017338999999999997,0.20748,0.1213195
7.271,6.286067,12.415,0.106535,0.057989,2.22905,0.002145,0.06359000000000001,0.023591050000000002,0.003423,0.09824,0.052063,0.025117999999999998,0.5649649999999999,0.0,0.0179425,0.20021,0.11120000000000001
7.284,6.299067,11.24,0.099855,0.0513365,2.018145,0.002003,0.053825,0.02220705,0.0030810000000000004,0.0847,0.046262,0.021564,0.5283585,0.0,0.0167635,0.184365,0.09740199999999999
7.297,6.312067,10.0,0.08923500000000001,0.043789999999999996,1.81071,0.0018095,0.048010000000000004,0.020643050000000003,0.002456,0.073635,0.0412615,0.0179695,0.461461,0.0,0.014606,0.16937999999999998,0.08665899999999999
7.311,6.326067,10.38,0.084455,0.0448295,1.93406,0.001848,0.05271,0.0206941,0.0021,0.08133,0.0404225,0.0186645,0.44965950000000005,0.0,0.013920499999999999,0.17949500000000002,0.09614099999999999
7.324,6.339067,10.205,0.081195,0.04435000000000001,1.92759,0.001848,0.051199999999999996,0.01980345,0.001861,0.07693,0.037234500000000004,0.018491999999999998,0.43345999999999996,0.0,0.0127605,0.180535,0.0984455
7.337,6.352067,9.525,0.07638,0.04013800000000001,1.822695,0.0017345,0.047555,0.01669135,0.0016495,0.07037500000000001,0.03191645,0.0187915,0.4184255,0.0,0.0111605,0.16267500000000001,0.084968
7.35,6.365067,9.12,0.07211000000000001,0.0362315,1.7799800000000001,0.001503,0.046005000000000004,0.0145693,0.0014555,0.066945,0.0271906,0.0186705,0.401956,0.0,0.0098925,0.15464,0.077472
7.364,6.379067,8.87,0.0708,0.0333775,1.757115,0.001353,0.043859999999999996,0.0128901,0.001316,0.062355,0.023963400000000003,0.0184995,0.390019,0.0,0.0092945,0.151895,0.0717255
7.377,6.392067,8.91,0.06924,0.031887,1.7924349999999998,0.001266,0.04332,0.01226615,0.001255,0.06123000000000001,0.0228272,0.018179999999999998,0.3859159999999999,0.0,0.008936,0.15437,0.06907150000000001
7.39,6.405067,8.81,0.06109,0.0306695,1.82155,0.0012079999999999999,0.04302,0.01003165,0.0012395000000000002,0.059545,0.0208968,0.0176275,0.374982,0.0,0.008819500000000001,0.15585,0.06475
7.403,6.418067,9.53,0.06437999999999999,0.032462500000000005,1.9949499999999998,0.001245,0.046295,0.010344800000000001,0.001316,0.06572,0.02162245,0.018352,0.39582899999999993,0.0,0.009675999999999999,0.16999999999999998,0.067732
7.417,6.432067,11.12,0.07142000000000001,0.036734,2.36065,0.001397,0.05475,0.01160065,0.001461,0.07971,0.024202249999999998,0.020486499999999998,0.4506835,0.0,0.011009,0.19818,0.076461
7.43,6.445067,13.185,0.078045,0.04355150000000001,2.8453999999999997,0.0015565000000000002,0.065515,0.01324865,0.001673,0.09826499999999999,0.02737645,0.022921000000000004,0.5124555,0.0,0.0134745,0.22792,0.0897425
7.443,6.458067,13.74,0.07907,0.044895500000000005,2.9975,0.00147,0.06756500000000001,0.01355735,0.0016640000000000001,0.10419,0.029031500000000002,0.0213665,0.5061735,0.0,0.013896,0.24694999999999998,0.09411199999999999
7.456,6.471067000000001,13.715,0.07839499999999999,0.0446955,3.01255,0.0014065,0.066715,0.013473249999999999,0.0015999999999999999,0.105325,0.029874,0.019735,0.4820855,0.0,0.013646499999999999,0.260585,0.0943715
7.47,6.485067,13.63,0.07752,0.0453615,3.0099000000000005,0.001326,0.064915,0.0135261,0.0015400000000000001,0.10357999999999999,0.0300915,0.0185965,0.46408599999999994,0.0,0.0136665,0.268065,0.09445300000000001
7.483,6.498067,13.04,0.078135,0.045158500000000004,2.8725499999999995,0.0012695,0.05999500000000001,0.0131246,0.0014175,0.0963,0.030116999999999998,0.017222,0.4362435,0.0,0.0132445,0.280165,0.09322649999999999
7.496,6.511067000000001,12.065,0.07277499999999999,0.0412545,2.6669,0.0011455,0.053975,0.01252595,0.001228,0.08557500000000001,0.029401,0.0153325,0.3898695,0.0,0.012498,0.27732,0.088366
7.509,6.5240670000000005,10.94,0.06551,0.03831,2.42955,0.00099485,0.048165,0.011234500000000001,0.0010899999999999998,0.07583999999999999,0.0269289,0.013789999999999997,0.34268650000000006,0.0,0.011252999999999999,0.266155,0.0824935
7.523,6.538067,9.645,0.058159999999999996,0.034461,2.15325,0.0008689500000000001,0.041175,0.00973025,0.00098645,0.06534999999999999,0.0224388,0.012764500000000002,0.2977035,0.0,0.0099665,0.24035,0.07316700000000001
7.536,6.551067,8.665,0.051629999999999995,0.032824,1.9443000000000001,0.0008072999999999999,0.031878000000000004,0.00882075,0.0009479,0.0538,0.02000445,0.0114605,0.2534425,0.0,0.009294499999999999,0.23019499999999998,0.06832
7.549,6.5640670000000005,8.42,0.048935,0.0325755,1.9028999999999998,0.0007601,0.027856,0.00855175,0.00093865,0.04836,0.019534,0.010963,0.2371955,0.0,0.0087455,0.24192,0.0679965
7.562,6.577067,8.41,0.04972,0.032908,1.9033,0.0007570999999999999,0.0259865,0.0086494,0.0009623500000000001,0.04521,0.0195312,0.0111755,0.235045,0.0,0.0077605,0.255505,0.0686015
7.576,6.591067,8.455,0.05096,0.0332085,1.9186,0.00075815,0.025728,0.008694750000000001,0.0009903,0.04458,0.0188894,0.011573499999999999,0.23273649999999999,0.0,0.0068715,0.26897499999999996,0.0692115
7.589,6.604067000000001,7.97,0.046520000000000006,0.029889500000000003,1.8392300000000001,0.00071,0.023987500000000002,0.00794195,0.0009325,0.04051,0.01733465,0.010482,0.20059699999999997,0.0,0.005852,0.244795,0.069274
7.602,6.6170670000000005,6.64,0.043225,0.026756000000000002,1.5071999999999999,0.0006451,0.02151,0.00715725,0.0007585000000000001,0.03612,0.014662149999999999,0.010052499999999999,0.17041450000000002,0.0,0.0044415,0.21443,0.0552605
7.615,6.630067,6.17,0.042664999999999995,0.0281435,1.373005,0.0006408,0.0216345,0.0072421000000000004,0.00071155,0.0363645,0.0151845,0.010461,0.1575285,0.0,0.0047585,0.21563,0.049903
7.628,6.643067,6.445,0.045945,0.030211500000000002,1.43192,0.00068505,0.0225115,0.00758265,0.0007030000000000001,0.038035,0.016468,0.011522000000000001,0.1632825,0.0,0.005185499999999999,0.2274,0.051852499999999996
7.642,6.6570670000000005,6.8,0.04955,0.0322385,1.5126199999999999,0.00070985,0.023431999999999998,0.008059549999999999,0.0006991499999999999,0.040035,0.0177551,0.012817,0.1662905,0.0,0.005516999999999999,0.247745,0.054859000000000005
7.655,6.670067,7.83,0.05988,0.0370985,1.7517199999999997,0.0007902499999999999,0.025687500000000002,0.00831675,0.0007334500000000001,0.04568,0.0184479,0.0148335,0.186785,0.0,0.0061365,0.300685,0.06058499999999999
7.668,6.683067,8.66,0.06767000000000001,0.041559,1.948225,0.0009177,0.0282835,0.00832815,0.00078235,0.047965,0.01904145,0.016675000000000002,0.20739350000000004,0.0,0.006014,0.33549999999999996,0.0642015
7.681,6.696067,8.14,0.063805,0.04205,1.8323299999999998,0.0008394,0.026319500000000003,0.00788535,0.00080895,0.044035000000000005,0.01842975,0.0169785,0.19040199999999996,0.0,0.005546000000000001,0.29315500000000005,0.060971500000000005
7.695,6.7100670000000004,7.825,0.06075,0.041896499999999996,1.767375,0.0007749499999999999,0.025353,0.007455099999999999,0.00079725,0.04239,0.017588100000000002,0.016381,0.17895950000000002,0.0,0.0054065,0.27976,0.0585765
7.708,6.723067,9.605,0.08188500000000001,0.0481675,2.17193,0.0010285,0.031549999999999995,0.0088939,0.00097665,0.050625,0.021343749999999998,0.018235,0.21171099999999998,0.0,0.0067155,0.361085,0.07177750000000001
7.721,6.736067,11.35,0.1023,0.05458400000000001,2.566855,0.0011945,0.037225,0.010130799999999999,0.001138,0.05822,0.0256882,0.020519,0.25288150000000004,0.0,0.0077315000000000005,0.43236,0.081828
7.734,6.749067,10.035,0.083935,0.051825,2.28146,0.001094,0.032924999999999996,0.009380699999999999,0.0011064999999999998,0.05208,0.02272445,0.018509499999999998,0.2174775,0.0,0.0063360000000000005,0.38605,0.073883
7.748,6.763067,9.78,0.073305,0.0509565,2.2514000000000003,0.0010915,0.031949,0.0094441,0.00113,0.050089999999999996,0.0226662,0.016897,0.2018065,0.0,0.0058414999999999995,0.388415,0.073927
7.761,6.776067,8.96,0.062465,0.048549,2.073935,0.001043,0.02927,0.009128899999999999,0.001075,0.045720000000000004,0.0213233,0.0155085,0.181929,0.0,0.005129,0.352635,0.0696455
7.774,6.789067,8.7,0.058034999999999996,0.047946499999999996,2.017455,0.0010574999999999998,0.029129500000000003,0.0092847,0.0010705,0.044745,0.0217961,0.014772,0.17700300000000002,0.0,0.004743000000000001,0.34758500000000003,0.06861
7.787,6.802067,7.45,0.045724999999999995,0.0433075,1.7382,0.0009889,0.025325,0.008418450000000001,0.0009549000000000001,0.03809,0.0195672,0.0127145,0.15036449999999998,0.0,0.0041355,0.276365,0.06100799999999999
7.801,6.816067,6.885,0.039745,0.041781,1.613435,0.00090975,0.022902,0.0079734,0.0008904500000000001,0.03440649999999999,0.018346499999999998,0.011438500000000002,0.13859200000000002,0.0,0.003902,0.24770000000000003,0.056944
7.814,6.829067,6.45,0.034855000000000004,0.04144199999999999,1.513875,0.0008483,0.021198,0.0076048,0.0008548500000000001,0.0315705,0.018015499999999997,0.0105005,0.1302985,0.0,0.0039180000000000005,0.2272,0.0541035
7.827,6.842067,6.13,0.030925,0.041179,1.4435499999999999,0.0007831,0.019835,0.007272,0.0007907999999999999,0.0291685,0.01771855,0.0095885,0.12431450000000001,0.0,0.0039565,0.211025,0.051889000000000005
7.84,6.855067,5.535,0.02619,0.038701,1.31918,0.000674,0.0177655,0.00628105,0.0007011,0.0262815,0.01499295,0.008837,0.1101215,0.0,0.003512,0.17827,0.0467685
7.854,6.869067,4.9755,0.022365,0.0354595,1.20054,0.0005548,0.015835000000000002,0.0052543,0.00061735,0.0234315,0.0124205,0.00793,0.09696199999999999,0.0,0.00307,0.15152500000000002,0.041472
7.867,6.882067,4.555,0.0202085,0.0340505,1.105305,0.00048865,0.014552,0.00456225,0.0005706999999999999,0.021626,0.01044585,0.0075605,0.08705850000000001,0.0,0.002811,0.132035,0.0376575
7.88,6.895067,4.2795,0.020385,0.035267,1.0252750000000002,0.0004890999999999999,0.0137945,0.00426584,0.00057945,0.0208735,0.00958055,0.0079375,0.0824635,0.0,0.0027954999999999994,0.12115500000000001,0.0353275
7.893,6.908067,4.028,0.02144,0.037531499999999995,0.941395,0.0005118,0.012986999999999999,0.004165925,0.00061485,0.020193999999999997,0.00919885,0.0085715,0.07967300000000001,0.0,0.002873,0.11236499999999999,0.033459
7.907,6.922067,4.0805,0.024324999999999996,0.0438835,0.9213199999999999,0.0006026,0.013381500000000001,0.00450394,0.00068605,0.021749499999999998,0.00965355,0.010155499999999998,0.08189,0.0,0.003172,0.11273999999999999,0.034973500000000005
7.92,6.935067,3.871,0.023870000000000002,0.048069999999999995,0.840325,0.00068205,0.0128665,0.004639165000000001,0.0007611499999999999,0.0221935,0.0099072,0.0113435,0.078298,0.0,0.0032284999999999996,0.10852,0.0344015
7.933,6.948067,3.721,0.024775000000000002,0.052142499999999994,0.77527,0.00076045,0.012388,0.004791585,0.0008749999999999999,0.021357,0.010499999999999999,0.012229000000000002,0.07610349999999999,0.0,0.0032705,0.103095,0.034728499999999995
7.946,6.961067,3.533,0.025415,0.054357499999999996,0.70887,0.0008138500000000001,0.01179,0.00487131,0.0009448,0.0204905,0.010674550000000001,0.012688499999999998,0.0730835,0.0,0.0032405,0.09620000000000001,0.0341595
7.96,6.975067,3.578,0.02889,0.06028750000000001,0.68398,0.00091525,0.012189499999999999,0.00529255,0.0010860000000000002,0.0213635,0.01150875,0.0141575,0.0750205,0.0,0.003287,0.09711499999999999,0.0353935
7.973,6.988067,3.57,0.032485,0.0639535,0.6545049999999999,0.0010075000000000001,0.012452000000000001,0.0055855,0.001205,0.022012000000000004,0.012022999999999999,0.014891999999999999,0.0765525,0.0,0.0034029999999999998,0.096125,0.035358999999999995
7.986,7.001067,3.451,0.033905000000000005,0.06491649999999999,0.61122,0.0010730000000000002,0.0123125,0.0057215,0.001264,0.021466000000000002,0.0123844,0.0148315,0.075851,0.0,0.0034,0.0908765,0.0351115
7.999,7.014067,3.3615,0.035250000000000004,0.06651800000000001,0.5743050000000001,0.001132,0.012277,0.00584985,0.001329,0.020883,0.0127936,0.015042499999999999,0.07559,0.0,0.0034519999999999998,0.08663799999999999,0.03522
8.013,7.028067,3.5025,0.038364999999999996,0.073795,0.5716000000000001,0.001324,0.013059,0.0063949,0.00147,0.0220635,0.014300150000000001,0.016631499999999997,0.0813505,0.0,0.0038814999999999995,0.089397,0.037624500000000005
8.026,7.041067,3.4135,0.037355,0.07833,0.522985,0.00142,0.012836,0.0065784,0.0015,0.0216695,0.0153383,0.017539999999999997,0.08237249999999999,0.0,0.0041915,0.08850949999999999,0.039095
8.039,7.054067,3.2185,0.033100000000000004,0.08020000000000001,0.46636,0.0014485000000000001,0.012481999999999998,0.0064553,0.0014645,0.020697,0.01569445,0.017768000000000003,0.0803775,0.0,0.004425,0.08362199999999999,0.0395005
8.052,7.067067,3.234,0.03161,0.08438000000000001,0.455325,0.0015145,0.0127855,0.00665965,0.001493,0.0208595,0.016555849999999997,0.018456000000000004,0.08200500000000001,0.0,0.0047765,0.0834255,0.0411765
8.066,7.081067000000001,3.506,0.03296,0.091145,0.502545,0.001597,0.014359,0.00733235,0.001624,0.0226155,0.018177,0.0195725,0.087641,0.0,0.0053045,0.08756,0.044611
8.079,7.094067000000001,4.097,0.035565,0.099975,0.633895,0.0017070000000000002,0.017593,0.0088599,0.0018115,0.025862000000000003,0.02121665,0.020454000000000003,0.097886,0.0,0.0062225,0.09477,0.051212499999999994
8.092,7.107067000000001,4.2145,0.035905,0.10519,0.63383,0.0017715,0.018625500000000003,0.01024165,0.0018585,0.0267635,0.0238173,0.021084000000000002,0.10187399999999999,0.0,0.006614,0.09558,0.056487
8.105,7.120067000000001,4.2005,0.034345,0.11369499999999999,0.5686150000000001,0.0018635000000000001,0.019815,0.0119907,0.001915,0.0283135,0.027316499999999997,0.0228035,0.10786599999999999,0.0,0.007023,0.09716,0.063723
8.119,7.134067,4.1835,0.03304,0.12333999999999999,0.500435,0.0019575,0.021129000000000002,0.013462600000000002,0.001988,0.0298985,0.0302808,0.0251725,0.1144705,0.0,0.0072615,0.09962,0.0696175
8.132,7.147067,4.115,0.031355,0.12909,0.43925000000000003,0.001992,0.0222575,0.014923099999999998,0.0020365,0.0306785,0.03275715,0.026457,0.1187355,0.0,0.007350500000000001,0.097685,0.0741495
8.145,7.160067,4.257,0.031255,0.13966,0.420805,0.0020245000000000003,0.0246565,0.0162049,0.0022979999999999997,0.033326499999999995,0.03540475,0.029074000000000003,0.1265185,0.0,0.007602500000000001,0.10011999999999999,0.07953400000000001
8.158,7.173067,4.5335,0.03209,0.153105,0.42149499999999995,0.0021225,0.0276355,0.018507549999999998,0.0024980000000000002,0.036574999999999996,0.03948935,0.031711,0.13605,0.0,0.0080815,0.10632,0.087607
8.171,7.1860669999999995,5.2,0.035554999999999996,0.175955,0.465925,0.002334,0.03304,0.02366115,0.0027595,0.042855000000000004,0.04798445,0.036119500000000006,0.15584699999999999,0.0,0.009018,0.12199,0.104704
8.185,7.200067000000001,6.125,0.03956,0.204405,0.5283249999999999,0.002528,0.040425,0.03094685,0.0030245000000000003,0.051775,0.0613258,0.041577499999999996,0.1858325,0.0,0.010204000000000001,0.147035,0.129074
8.198,7.213067000000001,7.085,0.045094999999999996,0.22416,0.615535,0.0027289999999999997,0.049675,0.0404648,0.003275,0.058435,0.07992099999999999,0.0427235,0.2193635,0.0,0.0119565,0.16046,0.162772
8.211,7.2260670000000005,7.89,0.050355,0.24454,0.6853800000000001,0.0030134999999999997,0.05956,0.0468579,0.0035455,0.06451000000000001,0.09363,0.045570000000000006,0.24421099999999998,0.0,0.013145,0.172835,0.18569200000000002
8.224,7.239067,8.255,0.050125,0.258725,0.670885,0.0032185,0.06674,0.051772200000000004,0.003607,0.06817000000000001,0.1045055,0.046235,0.260629,0.0,0.013887,0.17587999999999998,0.2036705
8.238,7.253067,8.69,0.048805,0.27227,0.6685650000000001,0.003427,0.07490999999999999,0.05787425,0.0036810000000000002,0.07161999999999999,0.11770249999999999,0.046634999999999996,0.2758645,0.0,0.014444499999999999,0.18086999999999998,0.2243095
8.251,7.266067,9.345,0.048920000000000005,0.29623499999999997,0.68047,0.0037,0.08717,0.0644176,0.003938499999999999,0.078795,0.13254899999999997,0.048979999999999996,0.3016645,0.0,0.0155125,0.185075,0.249537
8.264,7.2790669999999995,9.705,0.049705,0.321445,0.670185,0.00428,0.102465,0.06448865000000001,0.004088,0.07999999999999999,0.139547,0.052219999999999996,0.31301,0.0,0.015987,0.18309999999999998,0.260009
8.277,7.292066999999999,8.68,0.044595,0.28419,0.6132299999999999,0.003249,0.088,0.058013350000000005,0.0042769999999999996,0.07719,0.12201799999999999,0.049635,0.287409,0.0,0.0136155,0.16858499999999998,0.2236305
8.291,7.3060670000000005,8.33,0.044000000000000004,0.268995,0.6056,0.0028485000000000003,0.07913999999999999,0.05579105,0.004772,0.079905,0.1131735,0.05142,0.28377050000000004,0.0,0.012412500000000002,0.16618,0.2041595
8.304,7.319067,8.075,0.042745000000000005,0.26549,0.579915,0.002818,0.071275,0.053498000000000004,0.004947,0.077085,0.107798,0.05011,0.28049,0.0,0.012512,0.16737,0.19420200000000004
8.317,7.332067,7.75,0.04086,0.26028,0.5519200000000001,0.002811,0.06303,0.0506113,0.0048655,0.07077,0.101133,0.04759000000000001,0.272943,0.0,0.012597,0.169845,0.18341149999999998
8.33,7.345067,7.47,0.039044999999999996,0.25166,0.531255,0.0026565,0.057179999999999995,0.048923049999999996,0.00483,0.06739999999999999,0.09694,0.04536,0.2665435,0.0,0.012445000000000001,0.16785499999999998,0.1756805
8.344,7.359067,7.06,0.036875000000000005,0.23683500000000002,0.503635,0.0024025,0.051885,0.046518550000000006,0.004694500000000001,0.06422,0.091734,0.0426205,0.255394,0.0,0.0119845,0.157385,0.1655585
8.357,7.3720669999999995,6.84,0.035775,0.228295,0.492585,0.0022170000000000002,0.048459999999999996,0.0447828,0.0045265,0.06219999999999999,0.088973,0.04090200000000001,0.2508055,0.0,0.0118015,0.15331,0.1595155
8.37,7.385066999999999,6.29,0.033925,0.20493499999999998,0.465855,0.002018,0.044969999999999996,0.0417792,0.0041675,0.05847,0.08275149999999999,0.0379945,0.232219,0.0,0.010625,0.133475,0.1462175
8.383,7.398066999999999,6.085,0.03385,0.19302999999999998,0.45713500000000007,0.0019595,0.044865,0.0417303,0.0041259999999999995,0.057605,0.0821855,0.036694500000000005,0.22559800000000002,0.0,0.0102005,0.11872999999999999,0.1432545
8.397,7.412067,6.315,0.035085000000000005,0.19723,0.476175,0.0019979999999999998,0.047235,0.044243550000000006,0.004312,0.060325000000000004,0.0873485,0.03775,0.235791,0.0,0.010578,0.11802,0.150643
8.41,7.425067,7.11,0.038625,0.22141,0.53468,0.002159,0.052035,0.05020165,0.0048465,0.06823499999999999,0.099112,0.0417555,0.265402,0.0,0.011975,0.132335,0.17097099999999998
8.423,7.438067,8.17,0.044204999999999994,0.26106,0.59765,0.002285,0.057195,0.0585455,0.006172,0.083825,0.11247199999999999,0.04755500000000001,0.3009255,0.0,0.013891499999999998,0.14844,0.199021
8.436,7.451067,8.23,0.045015,0.2671,0.5940749999999999,0.002311,0.058435,0.058615350000000004,0.006176,0.08526500000000001,0.1131825,0.048604999999999995,0.3027765,0.0,0.013952,0.14770499999999998,0.200162
8.45,7.4650669999999995,7.81,0.042570000000000004,0.25014000000000003,0.57301,0.0022265,0.05656,0.056357349999999994,0.0054865,0.07872499999999999,0.1081365,0.046024999999999996,0.28846499999999997,0.0,0.012890000000000002,0.14175,0.18845749999999997
8.463,7.478066999999999,7.655,0.040010000000000004,0.242865,0.5595600000000001,0.0022115,0.05609,0.0562746,0.005177,0.07599500000000001,0.1079995,0.045195,0.285756,0.0,0.0118015,0.14177,0.183966
8.476,7.491067000000001,7.67,0.03937,0.242155,0.56016,0.002238,0.056565000000000004,0.0567127,0.0050945,0.07449,0.1091785,0.045165,0.288859,0.0,0.011393,0.144455,0.1837475
8.489,7.504067000000001,7.255,0.035845,0.22671,0.534335,0.0022059999999999996,0.05437,0.05302365,0.00482,0.068245,0.105375,0.043529,0.279364,0.0,0.0101405,0.14003,0.17093550000000002
8.503,7.518067,7.32,0.034815,0.22823999999999997,0.5423450000000001,0.0022364999999999998,0.05462,0.052942,0.0047705000000000004,0.06705,0.10738700000000001,0.0439415,0.284082,0.0,0.009846,0.14538,0.1706655
8.516,7.531067,7.015,0.032479999999999995,0.2178,0.5255099999999999,0.0021245,0.051605,0.0512205,0.0044405,0.06369,0.10227199999999999,0.041921499999999993,0.2757915,0.0,0.009599,0.13767,0.164385
8.529,7.544067,6.86,0.02919,0.21016,0.52003,0.001934,0.050385,0.051292,0.003969,0.06128,0.101243,0.0392005,0.2744945,0.0,0.009684,0.13353,0.164881
8.542,7.557067,6.705,0.027155000000000002,0.20393999999999995,0.51439,0.0018510000000000002,0.049335000000000004,0.0504015,0.0037229999999999997,0.058945,0.09996050000000001,0.037346000000000004,0.27132649999999997,0.0,0.009517,0.12763,0.162721
8.556,7.571066999999999,6.57,0.02585,0.19939,0.50796,0.0018340000000000001,0.048105,0.049544500000000005,0.003639,0.05652,0.098165,0.03598,0.2693515,0.0,0.0093615,0.120335,0.16014150000000002
8.569,7.584067000000001,6.465,0.02549,0.195915,0.50258,0.0018605,0.047580000000000004,0.049097,0.0036855,0.05558,0.09663,0.035417500000000005,0.26749249999999997,0.0,0.0089885,0.11327,0.157086
8.582,7.597067000000001,6.595,0.025869999999999997,0.199345,0.5112899999999999,0.0019420000000000001,0.04869,0.05089899999999999,0.0038495,0.05693,0.0994745,0.0356625,0.27616,0.0,0.008969000000000001,0.111125,0.16163149999999998
8.595,7.610067000000001,6.92,0.02735,0.20774,0.53345,0.0020745,0.05051,0.054544999999999996,0.00404,0.0598,0.1054235,0.036972,0.2904255,0.0,0.0091735,0.11607499999999998,0.17031000000000002
8.609,7.624067,7.455,0.029495,0.221545,0.5678799999999999,0.0023049999999999998,0.05299,0.061096,0.0042970000000000005,0.06434499999999999,0.115504,0.038214000000000005,0.31267100000000003,0.0,0.010039,0.12649,0.1867125
8.622,7.637067,7.795,0.029875,0.23146499999999998,0.5881,0.0023699999999999997,0.054395,0.065526,0.004316,0.066465,0.12178349999999999,0.039129000000000004,0.326982,0.0,0.010268,0.137585,0.19457249999999998
8.635,7.650067,7.97,0.029400000000000003,0.23707,0.596015,0.0024065,0.0546,0.06774949999999999,0.00425,0.06689999999999999,0.1256385,0.0394665,0.3351715,0.0,0.0105185,0.14300000000000002,0.1985075
8.648,7.663067,7.78,0.027505,0.234605,0.580895,0.00236,0.052695000000000006,0.06457249999999999,0.004014,0.062405,0.12367150000000002,0.0390645,0.330537,0.0,0.010355,0.14164500000000002,0.188942
8.662,7.677067000000001,7.115,0.024480000000000002,0.21879,0.5340849999999999,0.0023610000000000003,0.04661,0.058509,0.003798,0.05766,0.11120350000000001,0.035212999999999994,0.30072849999999995,0.0,0.0097715,0.12188,0.17212099999999997
8.675,7.690067000000001,7.27,0.023545,0.225255,0.541885,0.0025044999999999998,0.04661,0.0610725,0.0038945,0.05931,0.113941,0.0349765,0.30603400000000003,0.0,0.009851,0.122,0.1754815
8.688,7.703067000000001,8.46,0.026535000000000003,0.26120999999999994,0.6124149999999999,0.002913,0.05201,0.074493,0.0044085,0.06959,0.1339335,0.0382085,0.36705249999999995,0.0,0.0104785,0.138695,0.2110085
8.701,7.716067000000001,10.055,0.02933,0.310695,0.70987,0.0033815,0.061435,0.091524,0.005019,0.08288000000000001,0.16081849999999998,0.0431805,0.444794,0.0,0.012084000000000001,0.163815,0.2555075
8.714,7.729067000000001,10.445,0.02855,0.32238500000000003,0.73457,0.003369,0.06369,0.09614800000000001,0.0051415,0.0858,0.16814650000000003,0.044296499999999996,0.46089750000000007,0.0,0.012968499999999999,0.17401,0.261699
8.728,7.743067,10.8,0.028915,0.33109,0.754145,0.0035554999999999996,0.06573999999999999,0.100413,0.0053314999999999994,0.08798500000000001,0.1776255,0.0454605,0.476655,0.0,0.013661,0.18315,0.26641899999999996
8.741,7.756067,11.23,0.02978,0.343215,0.774515,0.00383,0.06785,0.1070865,0.005705,0.093755,0.1847505,0.0471105,0.49445999999999996,0.0,0.0146585,0.189795,0.2764805
8.754,7.769067,9.995,0.027025,0.30967,0.699325,0.0034085,0.060289999999999996,0.09358149999999998,0.005433500000000001,0.081425,0.163414,0.0419075,0.4344915,0.0,0.01414,0.162465,0.2421725
8.767,7.782067,9.265,0.02511,0.2886,0.64776,0.0031195,0.056080000000000005,0.08612399999999999,0.005215,0.07458999999999999,0.1517065,0.038403,0.40392300000000003,0.0,0.013355,0.14826499999999998,0.2232025
8.781,7.796067000000001,8.895,0.02383,0.278105,0.617095,0.003043,0.05344,0.08332400000000001,0.0049535,0.07125999999999999,0.1472595,0.036497,0.3886035,0.0,0.0125495,0.140845,0.21265049999999996
8.794,7.809067000000001,9.0,0.023235,0.28001000000000004,0.613845,0.00314,0.053055000000000005,0.086991,0.0048375,0.07234,0.1517505,0.0357155,0.392482,0.0,0.012182499999999999,0.141475,0.21462050000000002
8.807,7.8220670000000005,9.66,0.023784999999999997,0.299555,0.6537,0.0033465,0.055475,0.09433,0.0049965,0.07622000000000001,0.165644,0.0374655,0.4252699999999999,0.0,0.012661500000000001,0.151515,0.22955949999999997
8.82,7.8350670000000004,9.885,0.02357,0.310235,0.68222,0.003306,0.05456,0.0931705,0.0049665,0.07533999999999999,0.1674975,0.03825750000000001,0.4349135,0.0,0.013840000000000002,0.15585,0.2311315
8.834,7.849067,10.81,0.02613,0.35355500000000006,0.75845,0.0034774999999999997,0.05623,0.09503900000000001,0.005188,0.07986499999999999,0.1740705,0.0417225,0.48048,0.0,0.0184135,0.170165,0.252053
8.847,7.862067,11.07,0.025385,0.36068,0.779215,0.0035225,0.0582,0.0958415,0.0051115,0.080685,0.17897649999999998,0.04449549999999999,0.49368,0.0,0.018174,0.17598999999999998,0.2497215
8.86,7.875067,11.305,0.02438,0.365825,0.795235,0.0036185,0.05907000000000001,0.0986415,0.0050065,0.080205,0.185548,0.0460545,0.491985,0.0,0.017625000000000002,0.19109500000000001,0.24739
8.873,7.8880669999999995,12.12,0.02461,0.387915,0.846195,0.003817,0.062555,0.1082345,0.005403,0.087645,0.20268150000000001,0.04936,0.5182100000000001,0.0,0.017793999999999997,0.211075,0.26262150000000006
8.887,7.902067000000001,12.83,0.02524,0.40904999999999997,0.891915,0.003984,0.06625500000000001,0.11599999999999999,0.005955,0.092165,0.2166625,0.05241,0.5416400000000001,0.0,0.0182825,0.22531,0.27325950000000004
8.9,7.9150670000000005,12.375,0.022855000000000004,0.38899000000000006,0.86859,0.003851,0.06358,0.114763,0.0059570000000000005,0.08591499999999999,0.211438,0.0517,0.5073084999999999,0.0,0.016637,0.22705499999999998,0.255414
8.913,7.928067,11.675,0.022260000000000002,0.36478,0.8273900000000001,0.003802,0.057550000000000004,0.109162,0.0057215,0.08098000000000001,0.198377,0.049965,0.47222849999999994,0.0,0.0155945,0.21369,0.2411025
8.926,7.941067,11.17,0.022225,0.34906500000000007,0.7913049999999999,0.0037415,0.053025,0.104494,0.005664000000000001,0.07769000000000001,0.18978250000000002,0.047725,0.458528,0.0,0.0149465,0.19935999999999998,0.23547749999999998
8.94,7.955067,11.33,0.02271,0.35234,0.80398,0.0038315,0.05184,0.1063085,0.005941,0.077515,0.19414399999999998,0.04795,0.46699550000000006,0.0,0.014672000000000001,0.20554,0.24068699999999998
8.953,7.968067,11.97,0.024885,0.36804,0.8477250000000001,0.004073,0.05494,0.115433,0.006427,0.08283499999999999,0.207247,0.049795000000000006,0.4913170000000001,0.0,0.014980499999999999,0.21929500000000002,0.257196
8.966,7.9810669999999995,12.025,0.02406,0.36947,0.84256,0.004,0.053025,0.117697,0.006326,0.082345,0.208216,0.050095,0.49483499999999997,0.0,0.014231500000000001,0.22613000000000003,0.2552715
8.979,7.994066999999999,12.235,0.023355,0.37492499999999995,0.85908,0.00407,0.05266,0.12214799999999999,0.006365,0.08298,0.21394800000000003,0.050295000000000006,0.494985,0.0,0.01453,0.23741500000000001,0.2552435
8.993,8.008067,12.06,0.02119,0.365365,0.84799,0.003982,0.050925,0.123456,0.005818,0.080985,0.2150845,0.048159999999999994,0.475752,0.0,0.013284500000000001,0.24378,0.244285
9.006,8.021067,11.955,0.0195305,0.36414,0.83069,0.0038139999999999997,0.04833,0.12396299999999999,0.005331,0.07777,0.2117605,0.0465335,0.47031,0.0,0.0126985,0.25329999999999997,0.2402745
9.019,8.034067,11.86,0.018870500000000002,0.36006999999999995,0.8313750000000001,0.0036365,0.04688,0.12502600000000003,0.0050425,0.076225,0.21096399999999998,0.0455875,0.45939399999999997,0.0,0.01227,0.247055,0.236543
9.032,8.047067,10.74,0.0175775,0.32487,0.766065,0.003211,0.04156,0.11707200000000001,0.0044525,0.06958500000000001,0.19075950000000003,0.04054050000000001,0.3975815,0.0,0.010651,0.22265,0.210252
9.046,8.061067,10.52,0.017566,0.31691,0.759335,0.0030975,0.039460999999999996,0.115546,0.0043025,0.066925,0.185952,0.03919650000000001,0.3779,0.0,0.009681,0.218665,0.2042095
9.059,8.074067,9.745,0.017279,0.28876999999999997,0.7227399999999999,0.002979,0.036419999999999994,0.106068,0.004226499999999999,0.062495,0.1689295,0.036235500000000004,0.346026,0.0,0.009162,0.19560499999999997,0.1985185
9.072,8.087067,9.405,0.0170405,0.275475,0.71418,0.0029245,0.035611500000000004,0.1016725,0.0042715,0.059635,0.16051900000000002,0.034966000000000004,0.33475649999999996,0.0,0.0092215,0.18358000000000002,0.20069399999999998
9.085,8.100067000000001,9.575,0.017566,0.278555,0.7349450000000001,0.0030035,0.036445500000000006,0.102901,0.004547000000000001,0.059225,0.1618565,0.0358065,0.3434325,0.0,0.009596,0.182065,0.2122985
9.099,8.114067,9.835,0.0180395,0.285795,0.75815,0.0030794999999999998,0.037585,0.105679,0.0047575,0.06,0.1639845,0.0367235,0.34967649999999995,0.0,0.009904999999999999,0.18492000000000003,0.2219195
9.112,8.127067,10.06,0.0188815,0.29317,0.77915,0.003081,0.038815,0.1074735,0.0050005,0.05981,0.16523900000000002,0.0376875,0.3607675,0.0,0.009709,0.18592,0.229599
9.125,8.140067,9.455,0.0175175,0.273705,0.7385149999999999,0.0028325,0.03616,0.0997545,0.00441,0.05353,0.1551085,0.035879499999999995,0.3374855,0.0,0.008518,0.17174500000000004,0.21667550000000002
9.138,8.153067,9.315,0.016971,0.26783,0.733625,0.0025965,0.03505,0.09727949999999999,0.004126,0.050235,0.151949,0.03515599999999999,0.334086,0.0,0.0079985,0.167165,0.21327100000000002
9.152,8.167067,8.705,0.0155105,0.25124,0.6942550000000001,0.0023369999999999997,0.032628,0.090774,0.0036915,0.04571,0.141015,0.032468000000000004,0.30703,0.0,0.007194,0.15731,0.1997235
9.165,8.180067,8.685,0.015047,0.25731000000000004,0.6923050000000001,0.002226,0.031568,0.09074,0.0033915,0.044770000000000004,0.139591,0.030330999999999997,0.2957605,0.0,0.0068295000000000005,0.16114,0.203157
9.178,8.193067000000001,8.485,0.014683499999999999,0.25249,0.682335,0.0021435,0.030837000000000003,0.089122,0.0032045,0.04352,0.1372965,0.028628999999999998,0.284625,0.0,0.006732999999999999,0.16017,0.197462
9.191,8.206067000000001,8.455,0.0143715,0.252975,0.678895,0.0019555,0.030843,0.08980250000000001,0.0030784999999999996,0.042844999999999994,0.136603,0.026509,0.28249799999999997,0.0,0.0066159999999999995,0.16226,0.196395
9.205,8.220067,8.46,0.014353,0.25031499999999995,0.6783350000000001,0.0018225,0.0303845,0.091599,0.0030299999999999997,0.04270499999999999,0.13811400000000001,0.024948,0.2845404999999999,0.0,0.0067165,0.164005,0.19508250000000002
9.218,8.233067,9.08,0.015408,0.2612,0.730045,0.0018670000000000002,0.032475500000000004,0.10064050000000001,0.0031485000000000003,0.044805,0.154357,0.026539999999999998,0.30319900000000005,0.0,0.0073415,0.17914,0.2033725
9.231,8.246067,9.69,0.016258,0.27440000000000003,0.7786150000000001,0.0019015,0.035445000000000004,0.1089175,0.0033705000000000002,0.047575000000000006,0.16965850000000002,0.029150500000000003,0.3203815,0.0,0.0077764999999999996,0.19516499999999998,0.20897100000000002
9.244,8.259067,10.265,0.01668,0.28785499999999997,0.8242149999999999,0.001937,0.039290000000000005,0.1148375,0.003757,0.05145999999999999,0.180435,0.032436999999999994,0.344495,0.0,0.008224,0.20577,0.21846400000000002
9.257,8.272067,9.565,0.014671499999999999,0.27025,0.757115,0.0017485,0.037095,0.10971550000000001,0.0032925000000000003,0.048415,0.16745,0.028243499999999998,0.317739,0.0,0.0073685,0.19743,0.2008855
9.271,8.286067000000001,9.34,0.013959,0.264175,0.740515,0.001705,0.03554,0.110787,0.0031225,0.046875,0.16027,0.025398499999999997,0.3092355,0.0,0.0069755,0.19732000000000002,0.192088
9.284,8.299067,8.845,0.013283000000000001,0.249615,0.7061550000000001,0.0017295,0.034185,0.1079605,0.0029155,0.043175,0.151131,0.022916500000000003,0.287184,0.0,0.0065769999999999995,0.19154,0.1827405
9.297,8.312067,9.08,0.013866,0.2556,0.73295,0.0018635000000000001,0.034915,0.1135135,0.0031095000000000003,0.0434,0.153124,0.023664499999999998,0.29301050000000006,0.0,0.006784500000000001,0.19732,0.18928350000000002
9.31,8.325067,9.925,0.015311,0.28376,0.8059700000000001,0.0020645,0.03684,0.1247795,0.0034305,0.045135,0.16421750000000002,0.0258735,0.31632000000000005,0.0,0.0074435,0.221825,0.20756249999999998
9.324,8.339067,10.595,0.016454499999999997,0.30745,0.8694799999999999,0.0021865,0.03787,0.1328115,0.0035275000000000003,0.047075000000000006,0.17234,0.027189,0.338864,0.0,0.0081055,0.23973,0.21846150000000003
9.337,8.352067,10.345,0.016207500000000003,0.29923500000000003,0.850565,0.0021935,0.036065,0.13003599999999998,0.0034070000000000003,0.045335,0.17371,0.026369499999999997,0.33143999999999996,0.0,0.0076665,0.239075,0.206753
9.35,8.365067,9.68,0.014538,0.278065,0.79945,0.002081,0.0330495,0.1234025,0.003103,0.04274,0.16745500000000002,0.023588,0.30628500000000003,0.0,0.0072169999999999995,0.23143999999999998,0.1894675
9.363,8.378067,9.735,0.014436000000000001,0.27602,0.80741,0.0021925,0.032619999999999996,0.127637,0.0031195,0.04381500000000001,0.16807,0.0240205,0.3141335,0.0,0.007168000000000001,0.236155,0.18517150000000002
9.377,8.392067,9.105,0.01381,0.259115,0.75467,0.002093,0.031742,0.1192855,0.0028935000000000002,0.043984999999999996,0.15627599999999997,0.021644999999999998,0.2874495,0.0,0.006952000000000001,0.22422999999999998,0.176966
9.39,8.405067,9.31,0.0143005,0.265945,0.778975,0.002223,0.033894999999999995,0.1222725,0.0030524999999999997,0.04827,0.1560585,0.021921499999999997,0.2871905,0.0,0.0076445,0.22823500000000002,0.18395650000000002
9.403,8.418067,9.015,0.014363500000000001,0.257405,0.7475149999999999,0.002223,0.03301,0.11929150000000001,0.003055,0.047869999999999996,0.148573,0.021479500000000002,0.27752350000000003,0.0,0.0068725,0.21724999999999997,0.18365050000000002
9.416,8.431067,8.645,0.014461,0.24479,0.70903,0.0022884999999999997,0.032835,0.1154045,0.0030759999999999997,0.048424999999999996,0.14147900000000002,0.021303,0.2607395,0.0,0.006584,0.20113,0.181473
9.43,8.445067,9.12,0.014725,0.25777,0.7379500000000001,0.0024925,0.033115,0.1245405,0.0033575000000000002,0.05054500000000001,0.146595,0.022714500000000002,0.28296649999999995,0.0,0.006506,0.20976000000000003,0.19372050000000002
9.443,8.458067,8.8,0.0135675,0.24663,0.7116199999999999,0.002415,0.031927500000000004,0.12213550000000001,0.0032185,0.04904,0.14064549999999998,0.0219905,0.27514299999999997,0.0,0.006065500000000001,0.20035999999999998,0.19052200000000002
9.456,8.471067,8.51,0.012197,0.23635,0.69633,0.0022919999999999998,0.0317155,0.1188205,0.0030495,0.047475,0.1349705,0.021381999999999998,0.26896,0.0,0.0056655,0.192895,0.1884495
9.469,8.484067,8.26,0.011335999999999999,0.227265,0.6803500000000001,0.002196,0.0309075,0.115015,0.0029025,0.045649999999999996,0.1328585,0.0204975,0.2592335,0.0,0.005303,0.18841999999999998,0.18902750000000001
9.483,8.498067,8.375,0.010827,0.22798000000000002,0.69789,0.0021725,0.030614000000000002,0.118944,0.00296,0.045204999999999995,0.1291755,0.021470999999999997,0.26896,0.0,0.005071,0.18605,0.19933049999999997
9.496,8.511067,7.97,0.0097915,0.21412499999999998,0.68442,0.0019399999999999999,0.028291,0.113237,0.0026985000000000004,0.04263,0.11942849999999999,0.019030500000000002,0.2556765,0.0,0.004716000000000001,0.18019999999999997,0.196521
9.509,8.524067,7.53,0.0092445,0.20048500000000002,0.64945,0.0018335,0.0269625,0.105712,0.002601,0.039785,0.1102535,0.016875,0.240629,0.0,0.0044435,0.17204,0.193793
9.522,8.537067,6.83,0.008935,0.181935,0.572705,0.0017035000000000002,0.025299,0.09357399999999999,0.002428,0.036739999999999995,0.096825,0.0147005,0.21614850000000002,0.0,0.004026,0.154455,0.180841
9.536,8.551067,6.155,0.0083985,0.16075,0.5059950000000001,0.0016195,0.0228165,0.0840045,0.002324,0.03327,0.085067,0.012955499999999998,0.192604,0.0,0.0036650000000000003,0.13556,0.17000700000000002
9.549,8.564067,5.12,0.00781,0.127705,0.40135000000000004,0.001575,0.0212115,0.0720655,0.0023404999999999997,0.0306335,0.0698705,0.010870999999999999,0.14677500000000002,0.0,0.0035229999999999997,0.099315,0.152866
9.562,8.577067,4.835,0.007783,0.11419,0.37176,0.00167,0.0216715,0.0699215,0.0024885000000000003,0.0306205,0.0680505,0.010443000000000001,0.1309015,0.0,0.003604,0.085714,0.1497405
9.575,8.590067,4.672,0.007865500000000001,0.10463,0.355605,0.0017205,0.0216325,0.068212,0.002607,0.030237,0.067855,0.0102635,0.1227945,0.0,0.0035605000000000003,0.07779049999999998,0.147864
9.589,8.604067,4.842,0.0086435,0.10521999999999998,0.3654299999999999,0.0019190000000000001,0.0229325,0.07000700000000001,0.0028465,0.031339000000000006,0.071397,0.010879,0.1256,0.0,0.003765,0.07806049999999999,0.154717
9.602,8.617067,5.345,0.010006000000000001,0.11476,0.399265,0.002203,0.0251765,0.076332,0.003142,0.034025,0.07899300000000001,0.011920499999999999,0.140085,0.0,0.004291499999999999,0.08723500000000001,0.171103
9.615,8.630067,6.505,0.0121115,0.13899999999999998,0.482065,0.0027505,0.029594,0.09277250000000001,0.0035985,0.03984,0.095301,0.014124000000000001,0.17432999999999998,0.0,0.0053950000000000005,0.109795,0.2094245
9.628,8.643067,7.03,0.0129795,0.14221,0.5068,0.0028510000000000002,0.0323725,0.09756700000000001,0.0035009999999999998,0.04239,0.100657,0.013802000000000002,0.18571000000000001,0.0,0.0073495,0.11824,0.232255
9.642,8.657067,7.74,0.015319500000000002,0.14632499999999998,0.549255,0.0032170000000000002,0.03727,0.10481549999999999,0.0040149999999999995,0.046945,0.108846,0.015515000000000001,0.1995135,0.0,0.008717,0.11842,0.259615
9.655,8.670067,8.14,0.016890000000000002,0.1445,0.56206,0.003353,0.04084,0.1086105,0.004165500000000001,0.04968500000000001,0.111106,0.01635,0.205407,0.0,0.0101175,0.11576499999999999,0.280745
9.668,8.683067,8.235,0.017889500000000003,0.14119,0.568085,0.0033615,0.042260000000000006,0.11008649999999999,0.0039475,0.049295,0.11159150000000001,0.0163525,0.208314,0.0,0.009667,0.11627,0.27982
9.681,8.696067,8.475,0.019498,0.13805,0.589825,0.003452,0.04529999999999999,0.11426449999999999,0.003932,0.050864999999999994,0.11481799999999999,0.016848,0.208626,0.0,0.0089605,0.11283000000000001,0.28773499999999996
9.695,8.710067,7.1,0.0158825,0.11540999999999998,0.501815,0.0028380000000000002,0.038255,0.1012285,0.0031615,0.04285,0.09923,0.013639499999999999,0.16683,0.0,0.007254,0.098135,0.2453445
9.708,8.723067,6.565,0.0147085,0.105805,0.46032000000000006,0.0026160000000000003,0.0360875,0.096884,0.002875,0.040575,0.092473,0.012458,0.1451295,0.0,0.007473,0.09054999999999999,0.23586999999999997
9.721,8.736067,6.31,0.014676000000000002,0.09720000000000001,0.415775,0.002608,0.037614999999999996,0.086663,0.0027485,0.041655,0.0870475,0.0122635,0.1326415,0.0,0.008956,0.07842,0.23582999999999998
9.734,8.749067,6.76,0.016262,0.10025999999999999,0.42522000000000004,0.0027645,0.04109499999999999,0.08593500000000001,0.0028624999999999996,0.04455,0.08995500000000001,0.013124,0.1390955,0.0,0.0112295,0.075984,0.259655
9.748,8.763067,6.995,0.0173925,0.102915,0.440705,0.0028095000000000004,0.04406,0.086299,0.003098,0.044895,0.0926065,0.013952999999999998,0.1449885,0.0,0.011337499999999999,0.0737205,0.26515999999999995
9.761,8.776067,7.455,0.0185905,0.10794999999999999,0.46514000000000005,0.0029565,0.047785,0.088301,0.0035495,0.046854999999999994,0.09699550000000001,0.015235,0.15391849999999999,0.0,0.0125685,0.073329,0.284215
9.774,8.789067,7.84,0.0194005,0.11287,0.49007,0.0031000000000000003,0.048924999999999996,0.0917155,0.0040114999999999994,0.047375,0.101607,0.0163475,0.1592635,0.0,0.013446,0.073753,0.302495
9.787,8.802067000000001,8.065,0.019475,0.11362,0.500875,0.0032259999999999997,0.050765000000000005,0.0925965,0.0042845,0.048785,0.10565050000000001,0.017117,0.1595315,0.0,0.0134425,0.07268,0.31104499999999996
9.8,8.815067,7.965,0.0193255,0.11211499999999999,0.48316499999999996,0.0032675,0.050660000000000004,0.08900349999999999,0.004259,0.04872,0.10395650000000001,0.017149,0.15575799999999998,0.0,0.013104500000000002,0.07192749999999999,0.30646500000000004
9.814,8.829067,7.85,0.019082500000000002,0.110965,0.471545,0.003278,0.049975000000000006,0.0866105,0.004307,0.048299999999999996,0.1040155,0.0169615,0.151374,0.0,0.01295,0.071408,0.30513999999999997
9.827,8.842067,7.845,0.0185565,0.11052000000000001,0.464795,0.00334,0.050960000000000005,0.0879275,0.004444,0.048805,0.105125,0.01683,0.14887950000000003,0.0,0.0137955,0.07131000000000001,0.31003000000000003
9.84,8.855067,8.55,0.019228500000000003,0.11903,0.49744999999999995,0.0038385,0.05899499999999999,0.097536,0.0053045,0.05494,0.11723950000000001,0.0181635,0.160848,0.0,0.0170825,0.076985,0.34176500000000004
9.853,8.868067,8.65,0.0188005,0.11873500000000001,0.495075,0.0039135,0.061155,0.10101,0.0057020000000000005,0.056424999999999996,0.12090800000000002,0.018073,0.1639535,0.0,0.018296,0.07944,0.350635
9.867,8.882067000000001,8.755,0.018122,0.115615,0.497,0.003855,0.06286,0.10331,0.005614,0.05944,0.12370199999999999,0.0175965,0.16646850000000002,0.0,0.018788,0.08226,0.359465
9.88,8.895067000000001,8.29,0.0168705,0.10564500000000002,0.469005,0.003588,0.06002,0.097559,0.005195,0.059,0.11786500000000001,0.016371499999999997,0.160099,0.0,0.017597,0.07651999999999999,0.34077999999999997
9.893,8.908067,8.29,0.0175325,0.105135,0.474175,0.003604,0.059875,0.0918845,0.0053665,0.061735,0.11261099999999999,0.016233499999999998,0.162932,0.0,0.01817,0.07390999999999999,0.34275
9.906,8.921067,9.065,0.0192865,0.1133,0.5122249999999999,0.0037800000000000004,0.06642500000000001,0.095882,0.0060435,0.06976,0.114952,0.017024,0.17913949999999998,0.0,0.020395,0.087285,0.37195500000000004
9.92,8.935067,9.56,0.020756499999999997,0.11987500000000001,0.548605,0.0039785,0.06972999999999999,0.0987175,0.006685,0.07449,0.1191345,0.0174585,0.181221,0.0,0.020955,0.09853999999999999,0.38275500000000007
9.933,8.948067,9.675,0.02063,0.12321,0.5668,0.0040295,0.07300999999999999,0.1003245,0.006776,0.079565,0.117702,0.017691,0.176475,0.0,0.0195585,0.108035,0.366475
9.946,8.961067,10.22,0.0208,0.13111,0.61034,0.004854000000000001,0.07588999999999999,0.1028675,0.007409,0.084865,0.125081,0.018641,0.185388,0.0,0.021565,0.11314,0.377935
9.959,8.974067,11.26,0.02396,0.153,0.6902550000000001,0.0058605,0.07931500000000001,0.110743,0.0078095000000000005,0.08640999999999999,0.14321450000000002,0.020802,0.203923,0.0,0.022789999999999998,0.11882999999999999,0.41230999999999995
9.973,8.988067000000001,11.19,0.024890000000000002,0.15188500000000002,0.72244,0.00615,0.07846500000000001,0.113071,0.007428499999999999,0.08625999999999999,0.1508965,0.020565000000000003,0.1922355,0.0,0.020909,0.11951,0.408245
9.986,9.001067,11.205,0.02375,0.14411500000000002,0.7046899999999999,0.006065,0.07588500000000001,0.11111950000000001,0.008685499999999999,0.08399000000000001,0.144158,0.0199075,0.19171700000000003,0.0,0.024015,0.126685,0.411595
9.999,9.014067,10.455,0.022439999999999998,0.132625,0.651105,0.0054824999999999995,0.07011,0.10317100000000001,0.0078645,0.07642499999999999,0.131749,0.017968500000000002,0.17777849999999998,0.0,0.022635,0.117395,0.39372
10.012,9.027067,9.785,0.021265,0.125,0.602425,0.0048395,0.06586499999999999,0.0973445,0.006528000000000001,0.070515,0.1233255,0.016332,0.16822499999999996,0.0,0.0192235,0.10676,0.37827500000000003
10.026,9.041067,9.925,0.02231,0.12896,0.608715,0.004549,0.06321,0.100658,0.006108000000000001,0.06791,0.12472749999999999,0.0165005,0.17412899999999998,0.0,0.018030499999999998,0.105685,0.389395
10.039,9.054067,10.145,0.02331,0.1343,0.6170549999999999,0.004723,0.06267500000000001,0.103826,0.006286,0.068445,0.12810850000000001,0.0170885,0.18249050000000003,0.0,0.0198225,0.106665,0.40809999999999996
10.052,9.067067,10.12,0.024005,0.14338,0.6217849999999999,0.004883500000000001,0.060365,0.1042555,0.006637,0.066845,0.12896000000000002,0.018566,0.1968655,0.0,0.021765,0.093935,0.40178500000000006
10.065,9.080067,9.29,0.02258,0.138935,0.5635699999999999,0.004489,0.05507,0.0958755,0.006311,0.060329999999999995,0.11963449999999999,0.017924500000000003,0.1917365,0.0,0.020328,0.085695,0.363065
10.079,9.094067,8.565,0.021345,0.133715,0.516885,0.0043715,0.051925,0.0897985,0.006071,0.05611,0.11205499999999999,0.0169925,0.181993,0.0,0.018582,0.080395,0.330705
10.092,9.107067,8.455,0.02182,0.13517500000000002,0.5141,0.004517500000000001,0.050780000000000006,0.090272,0.0061189999999999994,0.054895000000000006,0.112628,0.017194,0.18244749999999998,0.0,0.0181865,0.080035,0.326105
10.105,9.120067,8.695,0.022625,0.141245,0.5324150000000001,0.004666999999999999,0.05244,0.0936005,0.006285,0.056054999999999994,0.11798800000000001,0.018174500000000003,0.19040400000000002,0.0,0.0183025,0.082375,0.33537500000000003
10.118,9.133067,8.77,0.02272,0.14333,0.544835,0.004782,0.054645,0.09560099999999999,0.006373,0.057905,0.12133200000000001,0.0185655,0.18642550000000002,0.0,0.018793499999999998,0.085615,0.34037
10.132,9.147067,8.715,0.022475000000000002,0.141995,0.558345,0.004952,0.053445000000000006,0.096474,0.0063835,0.05885,0.12008049999999999,0.019185499999999998,0.1830415,0.0,0.019354,0.08199999999999999,0.339215
10.145,9.160067,8.605,0.022539999999999998,0.139755,0.57061,0.005097,0.053025,0.0934655,0.0064589999999999995,0.059065,0.1166485,0.019708000000000003,0.175603,0.0,0.02063,0.0762575,0.33689499999999994
10.158,9.173067,8.695,0.022629999999999997,0.14143499999999998,0.5862050000000001,0.0052895,0.055705000000000005,0.09175449999999999,0.006847499999999999,0.06129,0.1181485,0.020846,0.16707149999999998,0.0,0.022855,0.0758185,0.34434499999999996
10.171,9.186067,8.91,0.02216,0.1457,0.6057549999999999,0.005227,0.05928,0.09371149999999999,0.007123,0.06541,0.1218235,0.020423,0.16522699999999998,0.0,0.024435000000000002,0.0762635,0.35745499999999997
10.185,9.200067,9.36,0.021985,0.15028000000000002,0.63499,0.0051915,0.063865,0.101497,0.007508,0.071195,0.13086599999999998,0.0217795,0.16984100000000002,0.0,0.025935,0.07739000000000001,0.37981000000000004
10.198,9.213067,9.415,0.022015,0.15305000000000002,0.6329,0.0051865,0.06594,0.10230049999999999,0.0073155,0.07408000000000001,0.1311175,0.0219,0.17019150000000002,0.0,0.024895,0.07752,0.38078999999999996
10.211,9.226067,9.26,0.02055,0.150425,0.62671,0.0049055,0.06501499999999999,0.0985995,0.006834,0.07349,0.1269225,0.020859500000000003,0.16826799999999997,0.0,0.023495,0.0762565,0.37584500000000004
10.224,9.239067,9.345,0.02009,0.15206,0.6300650000000001,0.004738,0.065225,0.1000095,0.0066385,0.074435,0.128192,0.020715,0.170979,0.0,0.02275,0.07832,0.37695999999999996
10.238,9.253067,9.345,0.019775,0.15274,0.621265,0.0045495,0.06532,0.1002595,0.006439500000000001,0.07402,0.1285465,0.0210255,0.170661,0.0,0.021905,0.07960500000000001,0.37387
10.251,9.266067,9.29,0.0192855,0.150455,0.620955,0.0043055,0.065215,0.09870100000000001,0.0061475,0.07339,0.125612,0.021183000000000004,0.1684545,0.0,0.020599,0.07811000000000001,0.36968
10.264,9.279067,9.74,0.0197175,0.15725499999999998,0.663515,0.0042495,0.068985,0.102167,0.006056499999999999,0.076565,0.1285445,0.0222535,0.1759665,0.0,0.019976999999999998,0.0798,0.3841549999999999
10.277,9.292067,10.0,0.019687,0.160325,0.69781,0.004231,0.06963,0.1037655,0.005971499999999999,0.07724,0.12879000000000002,0.0235905,0.1791595,0.0,0.0191385,0.08036499999999999,0.39001
10.291,9.306067,10.085,0.0193635,0.15984500000000001,0.709635,0.0042275,0.06992,0.102744,0.006081,0.076825,0.12853900000000001,0.025056,0.178276,0.0,0.018777000000000002,0.08118500000000001,0.39019
10.304,9.319067,9.95,0.018712,0.161505,0.68271,0.004317,0.069585,0.10119900000000001,0.006158,0.07815,0.12771349999999998,0.0269905,0.178233,0.0,0.0189465,0.08093,0.374625
10.317,9.332067,10.75,0.0190775,0.17388499999999998,0.738335,0.004591,0.07591,0.10677149999999999,0.0064589999999999995,0.08541499999999999,0.1348745,0.0290355,0.1895,0.0,0.02035,0.089965,0.40599999999999997
10.33,9.345067,11.23,0.019745,0.18167499999999998,0.76509,0.004975,0.080255,0.1086075,0.006843,0.091335,0.13843,0.0304975,0.19872,0.0,0.02197,0.095025,0.42444499999999996
10.343,9.358067,11.615,0.020125999999999998,0.18780999999999998,0.79521,0.005228,0.08386,0.1098265,0.007112500000000001,0.096465,0.14127,0.031421000000000004,0.20617,0.0,0.022809999999999997,0.09989,0.43446999999999997
10.357,9.372067,11.86,0.0199685,0.189025,0.81576,0.0053005,0.08607499999999998,0.110648,0.0070895,0.101645,0.14289000000000002,0.031215000000000003,0.209205,0.0,0.02316,0.10503500000000002,0.43905000000000005
10.37,9.385067,11.09,0.0180615,0.17013500000000004,0.75683,0.0053445,0.081915,0.10357250000000001,0.007079,0.09862,0.13171,0.029645000000000005,0.1945,0.0,0.02248,0.1001,0.41087
10.383,9.398067,11.22,0.018435,0.168005,0.767235,0.0055635,0.08266,0.1051215,0.00733,0.10099,0.13457,0.030757,0.1991,0.0,0.02281,0.103575,0.411025
10.396,9.411067000000001,11.3,0.019146000000000003,0.166325,0.77057,0.005493,0.084125,0.106485,0.0074895,0.10213,0.141035,0.032545500000000005,0.20309000000000005,0.0,0.0225,0.10608500000000001,0.40681
10.41,9.425067,11.385,0.019351,0.17069499999999999,0.77707,0.005483,0.08574999999999999,0.107349,0.0074485,0.10515,0.14476500000000003,0.0321225,0.20604499999999998,0.0,0.022609999999999998,0.10918,0.41014999999999996
10.423,9.438067,11.31,0.0191035,0.172135,0.7714000000000001,0.005396,0.08706,0.10741700000000001,0.007429,0.1067,0.146425,0.0303985,0.20499,0.0,0.022504999999999997,0.10998000000000001,0.41251499999999997
10.436,9.451067,10.87,0.018278,0.167215,0.74261,0.005213,0.084475,0.10396949999999999,0.007067,0.103385,0.14259,0.027945,0.19868999999999998,0.0,0.02125,0.107125,0.39886
10.449,9.464067,10.245,0.017013,0.156635,0.696045,0.005068,0.08129,0.09832300000000001,0.0069405000000000005,0.09683,0.136295,0.02612,0.18653499999999998,0.0,0.019872,0.10146000000000001,0.37827000000000005
10.463,9.478067,9.785,0.016153,0.145865,0.6652549999999999,0.005116,0.077965,0.096801,0.00687,0.090765,0.13049,0.024996499999999998,0.175975,0.0,0.018536,0.098615,0.35933000000000004
10.476,9.491067000000001,9.535,0.015036500000000001,0.13773000000000002,0.655,0.0051719999999999995,0.07647,0.096818,0.006818,0.08612,0.12889499999999998,0.0246565,0.16834999999999997,0.0,0.017854,0.097065,0.34378000000000003
10.489,9.504067000000001,9.03,0.0142355,0.13182,0.619825,0.005105,0.07336000000000001,0.09098450000000001,0.0067139999999999995,0.08147,0.12068999999999999,0.023412500000000003,0.16008799999999998,0.0,0.0171485,0.09152,0.32818
10.502,9.517067,8.78,0.014034999999999999,0.13117499999999999,0.5987100000000001,0.0051365000000000004,0.07277,0.0870765,0.006724,0.07962,0.11468500000000001,0.0226815,0.1569215,0.0,0.0168615,0.08854000000000001,0.323735
10.516,9.531067,8.9,0.0141575,0.133325,0.601565,0.005174,0.074945,0.08723149999999999,0.006788499999999999,0.080135,0.11441000000000001,0.022842499999999998,0.158512,0.0,0.0167355,0.09037500000000001,0.329325
10.529,9.544067,9.12,0.0145675,0.13736500000000001,0.6123799999999999,0.005306,0.07765,0.08966550000000001,0.006902500000000001,0.081565,0.11692,0.023514,0.16147,0.0,0.016782000000000002,0.09162499999999998,0.338715
10.542,9.557067,9.785,0.0160065,0.148565,0.6510199999999999,0.005575500000000001,0.08430499999999999,0.09676499999999999,0.0073445,0.08641499999999999,0.12667499999999998,0.0255065,0.17214100000000002,0.0,0.017502499999999997,0.09628999999999999,0.36407500000000004
10.555,9.570067,10.345,0.0174535,0.15941,0.6906300000000001,0.0058435,0.087995,0.1038,0.007788,0.089855,0.13735999999999998,0.027097,0.181985,0.0,0.017745999999999998,0.09931999999999999,0.382565
10.569,9.584067000000001,11.19,0.019036,0.17541,0.7476400000000001,0.0060605,0.09427,0.113585,0.0081495,0.09484000000000001,0.15397,0.029045,0.19744499999999998,0.0,0.018036499999999997,0.107075,0.40815500000000005
10.582,9.597067000000001,11.44,0.0191785,0.17992999999999998,0.763255,0.006021,0.09721,0.118215,0.0082045,0.09753,0.159385,0.029210000000000003,0.20297999999999997,0.0,0.017909,0.11022000000000001,0.41679000000000005
10.595,9.610067,11.55,0.019304500000000002,0.18017499999999997,0.76859,0.006188,0.099165,0.121385,0.008449,0.099155,0.161695,0.0286985,0.20687999999999995,0.0,0.018329,0.112125,0.41864
10.608,9.623067,11.625,0.0194755,0.18013,0.773355,0.0058980000000000005,0.103305,0.124495,0.008291,0.09997,0.166455,0.028708499999999998,0.20775000000000002,0.0,0.0171365,0.11445999999999999,0.41511000000000003
10.622,9.637067,12.15,0.020079,0.18629,0.8020300000000001,0.005923,0.10907,0.13307,0.008671499999999999,0.1068,0.176035,0.028902499999999998,0.21606499999999998,0.0,0.017665,0.122775,0.4371999999999999
10.635,9.650067,12.635,0.020880000000000003,0.19241,0.823575,0.0062285,0.11374000000000001,0.14062999999999998,0.009448999999999999,0.11138499999999998,0.18531999999999998,0.02962,0.22545,0.0,0.01839,0.12954,0.44776
10.648,9.663067,12.67,0.021135,0.19247000000000003,0.82236,0.006272,0.113875,0.14149499999999998,0.00965,0.11281,0.18552000000000002,0.028728999999999998,0.22736499999999998,0.0,0.0185715,0.13122,0.447425
10.661,9.676067,12.595,0.02129,0.18868000000000001,0.8139649999999999,0.0061005,0.111695,0.14135999999999999,0.0092275,0.112525,0.18568,0.027823,0.227095,0.0,0.018181,0.135325,0.44754499999999997
10.675,9.690067,12.215,0.020585,0.18249500000000002,0.7840199999999998,0.0059415,0.108275,0.13975500000000002,0.0087255,0.11065,0.18219000000000002,0.026926000000000002,0.22095000000000004,0.0,0.018023499999999998,0.13251000000000002,0.437075
10.688,9.703067,10.635,0.0190395,0.163555,0.677155,0.0052685,0.0945,0.12696999999999997,0.007429,0.09845999999999999,0.16259,0.0248095,0.1969715,0.0,0.016654,0.11316,0.38299
10.701,9.716067,10.33,0.019656,0.16103499999999998,0.652185,0.005179,0.091945,0.12322,0.007127,0.096165,0.15806,0.024468499999999997,0.18878100000000003,0.0,0.016438,0.11216500000000001,0.37294000000000005
10.714,9.729067,10.03,0.0200245,0.15702,0.629455,0.005011,0.08641,0.11751500000000001,0.0068070000000000006,0.092085,0.151145,0.024469000000000005,0.1807595,0.0,0.015213,0.10837000000000001,0.36428999999999995
10.728,9.743067,9.9,0.021405,0.157785,0.613575,0.004902,0.080635,0.11474499999999999,0.0066635,0.091165,0.14823,0.025282999999999996,0.17786900000000003,0.0,0.014599,0.103055,0.364305
10.741,9.756067,10.435,0.02419,0.165365,0.64362,0.005027,0.08046,0.11937999999999999,0.006987500000000001,0.09634000000000001,0.15273,0.027515,0.1868915,0.0,0.0147405,0.10504000000000001,0.387535
10.754,9.769067,11.32,0.027305,0.17890999999999999,0.6926249999999999,0.00524,0.08463999999999999,0.13043,0.007688,0.108925,0.16287500000000002,0.029940999999999995,0.20183,0.0,0.016008500000000002,0.11346999999999999,0.42605499999999996
10.767,9.782067,12.25,0.031155000000000002,0.198425,0.747245,0.005642,0.09206,0.14365,0.008431000000000001,0.121325,0.17765000000000003,0.0328815,0.22031000000000003,0.0,0.0170985,0.121555,0.457785
10.781,9.796067,12.695,0.034355,0.20825500000000002,0.77203,0.0059975,0.09554,0.1507,0.0083225,0.12383,0.18883,0.03397800000000001,0.228305,0.0,0.018063,0.1275,0.471235
10.794,9.809067,12.305,0.033979999999999996,0.204335,0.7451049999999999,0.005875999999999999,0.09317500000000001,0.14496,0.0077845,0.11835000000000001,0.18026000000000003,0.0317465,0.22120499999999998,0.0,0.0180025,0.12849,0.46536500000000003
10.807,9.822067,11.45,0.033174999999999996,0.190965,0.6992050000000001,0.0053095,0.0859,0.137085,0.007032,0.106435,0.16849999999999998,0.030397999999999998,0.210775,0.0,0.016371,0.11207500000000001,0.43789
10.82,9.835067,10.55,0.030325,0.182385,0.63565,0.005075,0.081865,0.126725,0.006618,0.09792999999999999,0.15841500000000003,0.027327999999999998,0.19146050000000003,0.0,0.0158025,0.101825,0.40642500000000004
10.834,9.849067,10.755,0.030985,0.18857000000000002,0.6339400000000001,0.0051389999999999995,0.08654,0.13076,0.0067805,0.101475,0.16418,0.027770999999999997,0.19520350000000003,0.0,0.016169999999999997,0.10444500000000001,0.418255
10.847,9.862067,10.54,0.031039999999999998,0.19016000000000002,0.6107,0.004994,0.085425,0.129365,0.006716,0.10035,0.163205,0.026723999999999998,0.1906225,0.0,0.016211499999999997,0.10255999999999998,0.41893
10.86,9.875067,10.23,0.032240000000000005,0.19127,0.5819300000000001,0.004622,0.084295,0.127185,0.006645,0.09836,0.16194,0.025226,0.18425999999999998,0.0,0.015472,0.102195,0.40631500000000004
10.873,9.888067,10.145,0.033695,0.19428499999999999,0.5675699999999999,0.004557,0.086205,0.12684,0.006482,0.099905,0.16429500000000002,0.024814500000000003,0.180282,0.0,0.015191,0.101025,0.40375000000000005
10.886,9.901067,9.715,0.031705000000000004,0.18985,0.556165,0.004583,0.07856500000000001,0.126425,0.0062705,0.093265,0.15936499999999998,0.022393,0.178541,0.0,0.0144495,0.102465,0.38815
10.9,9.915067,9.535,0.031275000000000004,0.188255,0.5527550000000001,0.0045825,0.07621,0.12495999999999999,0.006187,0.091915,0.15905000000000002,0.021589999999999998,0.17845149999999999,0.0,0.013903,0.10141999999999998,0.38276
10.913,9.928067,8.325,0.026545,0.166995,0.49349499999999996,0.0041735,0.06689,0.10863999999999999,0.0054824999999999995,0.07949500000000001,0.140565,0.0179565,0.159053,0.0,0.0117245,0.09015999999999999,0.335805
10.926,9.941067,7.76,0.025225,0.15901500000000002,0.465375,0.003947,0.061935000000000004,0.10087,0.0050595,0.07415999999999999,0.13180999999999998,0.016177999999999998,0.1492495,0.0,0.010589499999999998,0.08348,0.315465
10.939,9.954067,7.64,0.025619999999999997,0.16158,0.461345,0.0038710000000000003,0.061605,0.09850999999999999,0.0049075,0.07382,0.130325,0.015654500000000002,0.1461095,0.0,0.0102775,0.08021500000000001,0.31353
10.953,9.968067,8.0,0.02808,0.173275,0.48001000000000005,0.0039805,0.065235,0.102105,0.004987500000000001,0.07696,0.13675,0.016138,0.1504095,0.0,0.0105325,0.08123,0.33383999999999997
10.966,9.981067,8.255,0.030945,0.184085,0.486355,0.0039515,0.067555,0.104995,0.0049695,0.07793,0.142615,0.0163095,0.1504835,0.0,0.0106715,0.08013,0.35211000000000003
10.979,9.994067,8.51,0.033670000000000005,0.190925,0.500215,0.0039655,0.06909,0.109515,0.0051389999999999995,0.07939,0.148805,0.01663,0.15309899999999999,0.0,0.0108075,0.08038,0.36367
10.992,10.007067000000001,8.685,0.03576,0.19304,0.521385,0.0041695,0.06894,0.11537,0.005417,0.080035,0.154575,0.0167455,0.15875699999999998,0.0,0.010824,0.08157,0.36792500000000006
11.006,10.021067,9.015,0.0379,0.19732,0.5534600000000001,0.004471,0.07164000000000001,0.12401,0.0058625,0.083405,0.163855,0.017110499999999997,0.16701899999999997,0.0,0.010805,0.08468500000000001,0.374475
11.019,10.034067,8.25,0.03157,0.16877999999999999,0.53021,0.0043025,0.06741,0.11561,0.0058665,0.07883499999999999,0.14784,0.015425500000000002,0.15699399999999997,0.0,0.009176499999999999,0.0777,0.33868
11.032,10.047067,7.825,0.026365000000000003,0.15470499999999998,0.512435,0.004067,0.06622,0.10841,0.0057079999999999995,0.07878,0.13736,0.0148895,0.15485700000000002,0.0,0.0081575,0.07161900000000002,0.31745999999999996
11.045,10.060067,7.515,0.022975,0.145685,0.48882,0.0039435,0.065515,0.103598,0.005595,0.07784,0.13243,0.015048499999999998,0.14816349999999998,0.0,0.0074275,0.066597,0.303125
11.059,10.074067,6.855,0.019588,0.123895,0.448175,0.0037455,0.060325000000000004,0.0957375,0.005454499999999999,0.07118,0.123195,0.014183999999999999,0.132828,0.0,0.006411999999999999,0.060666000000000005,0.278485
11.072,10.087067,6.765,0.018640999999999998,0.11452,0.4451,0.00377,0.059825,0.0969085,0.0055995,0.07006,0.12543500000000002,0.014456,0.1286115,0.0,0.005997499999999999,0.059752,0.27240000000000003
11.085,10.100067000000001,6.655,0.0176595,0.106645,0.43981499999999996,0.0037714999999999997,0.0595,0.09630949999999999,0.0057855,0.06912499999999999,0.12577,0.014704,0.1248425,0.0,0.0056784999999999995,0.0579205,0.267005
11.098,10.113067000000001,6.56,0.0165035,0.102025,0.43113,0.003734,0.059455,0.094303,0.005893000000000001,0.068925,0.12355,0.014763499999999999,0.12224049999999999,0.0,0.0056359999999999995,0.0558975,0.26500999999999997
11.112,10.127067,6.395,0.015558,0.0984,0.41572499999999996,0.003595,0.05924,0.0907135,0.005773,0.06870499999999999,0.11918000000000001,0.0145745,0.118611,0.0,0.005693999999999999,0.053283000000000004,0.261135
11.125,10.140067,7.03,0.01579,0.110235,0.44869499999999995,0.0039735,0.07063,0.0974675,0.006218,0.08027000000000001,0.12845499999999999,0.016952500000000002,0.136212,0.0,0.007176,0.056148,0.286235
11.138,10.153067,6.345,0.014908500000000002,0.09234500000000001,0.41318499999999997,0.0033734999999999998,0.058195,0.0887965,0.005471,0.06803999999999999,0.11793500000000001,0.0158165,0.11480549999999999,0.0,0.005968500000000001,0.053379499999999996,0.26194
11.151,10.166067,6.1,0.014716,0.086335,0.398565,0.0030175,0.05412,0.0862175,0.005043499999999999,0.0633,0.1146,0.015756,0.10459,0.0,0.005641500000000001,0.051594999999999995,0.251305
11.165,10.180067,6.245,0.015171,0.08738,0.40871,0.0030280000000000003,0.054865,0.0884005,0.005164500000000001,0.063125,0.11842,0.016628,0.105511,0.0,0.005714,0.054280999999999996,0.25422
11.178,10.193067000000001,5.94,0.014308,0.08234,0.39354,0.0029795,0.051145,0.083802,0.005015,0.058195,0.11262,0.0168855,0.100602,0.0,0.00559,0.0525385,0.23665
11.191,10.206067000000001,5.575,0.013262,0.0764,0.373425,0.0028945000000000004,0.047555,0.078797,0.0048354999999999995,0.05323,0.10588,0.016454499999999997,0.0948285,0.0,0.005375499999999999,0.0506525,0.216895
11.204,10.219067,5.425,0.012823999999999999,0.07359500000000001,0.3656,0.002948,0.04614,0.07652049999999999,0.0048145,0.05063,0.10298,0.016642500000000005,0.09210600000000001,0.0,0.005437,0.0500175,0.20769
11.218,10.233067,5.37,0.0125075,0.0719605,0.36399,0.003052,0.045695,0.0758925,0.0049265,0.04911499999999999,0.102395,0.017087500000000002,0.09149149999999999,0.0,0.005664,0.050769,0.2014
11.231,10.246067,5.385,0.012321499999999999,0.07097149999999999,0.365875,0.0032015,0.045945,0.0760275,0.005122,0.048795,0.10335,0.017956000000000003,0.09173750000000001,0.0,0.006068,0.051639000000000004,0.198955
11.244,10.259067,5.5,0.0124085,0.069477,0.36773,0.0035575,0.04734,0.078178,0.005574,0.05062,0.10863,0.021036500000000003,0.0924665,0.0,0.0066955,0.051902500000000004,0.199025
11.257,10.272067,5.645,0.0125445,0.067553,0.368375,0.0039565,0.049345,0.081566,0.0060750000000000005,0.053630000000000004,0.11524999999999999,0.024851500000000002,0.09316850000000002,0.0,0.007320999999999999,0.052212999999999996,0.199
11.271,10.286067000000001,6.115,0.0132905,0.06955499999999999,0.3927,0.0045885,0.05563,0.08983450000000001,0.006952,0.060829999999999995,0.128425,0.030299999999999997,0.099285,0.0,0.0081875,0.055621500000000004,0.212765
11.284,10.299067,6.085,0.012876,0.06711049999999999,0.38747,0.004533000000000001,0.054900000000000004,0.08818000000000001,0.006783,0.060849999999999994,0.127595,0.029903499999999996,0.0989765,0.0,0.008892,0.056903499999999996,0.21592499999999998
11.297,10.312067,5.415,0.011291,0.058974,0.34142,0.003878,0.049600000000000005,0.078815,0.0059255,0.0547,0.11282,0.0265475,0.086926,0.0,0.0088385,0.0508665,0.193535
11.31,10.325067,5.005,0.0100295,0.053134,0.31377,0.003569,0.04554,0.071909,0.005499,0.05026,0.10217,0.0241595,0.0807715,0.0,0.0086385,0.048765,0.179195
11.324,10.339067,4.7785,0.0090845,0.0496915,0.29627000000000003,0.0034330000000000003,0.043435,0.067721,0.005385,0.04732,0.09524,0.022518,0.077737,0.0,0.008754499999999998,0.0481265,0.173285
11.337,10.352067,4.8245,0.008418,0.0484325,0.29133999999999993,0.0035315,0.044645000000000004,0.06703500000000001,0.0055975,0.04743,0.09254000000000001,0.021491,0.0786,0.0,0.0093635,0.0504105,0.180225
11.35,10.365067,4.9955,0.008274,0.048391500000000004,0.290825,0.003702,0.047735,0.06865,0.005817,0.049775,0.09226000000000001,0.021716500000000003,0.0790215,0.0,0.010223,0.05347300000000001,0.19008
11.363,10.378067,5.115,0.0081995,0.0490935,0.29382,0.0038585,0.049585000000000004,0.069785,0.006084,0.051245,0.09262000000000001,0.022074,0.080196,0.0,0.011092,0.055996500000000005,0.19622
11.377,10.392067,5.33,0.008359,0.0507485,0.3012,0.004249,0.053485000000000005,0.07156499999999999,0.006646,0.0547,0.09415000000000001,0.022671,0.08269499999999999,0.0,0.0124895,0.0601135,0.20574499999999998
11.39,10.405067,5.73,0.008930500000000001,0.05437500000000001,0.317405,0.004848,0.059855000000000005,0.07565,0.007557,0.06109,0.098945,0.0243755,0.08665949999999999,0.0,0.014429999999999998,0.0661285,0.22376
11.403,10.418067,6.275,0.0098595,0.059577000000000005,0.34424999999999994,0.005522,0.06674,0.080885,0.008657499999999999,0.06781,0.10603499999999999,0.027294000000000002,0.09315450000000002,0.0,0.0167285,0.07368,0.24777500000000002
11.416,10.431067,6.925,0.010827999999999999,0.06625,0.37890999999999997,0.00626,0.0735,0.087675,0.01014,0.07528,0.11456,0.030236,0.10026650000000001,0.0,0.0194705,0.08377,0.27785499999999996
11.429,10.444067,7.53,0.011581,0.07321,0.415265,0.0067485,0.07839499999999999,0.095195,0.011335000000000001,0.08104,0.12333999999999999,0.0332375,0.10701300000000001,0.0,0.022205000000000003,0.09512000000000001,0.30552
11.443,10.458067,8.525,0.012692,0.08255,0.47194,0.007397000000000001,0.08591,0.10894000000000001,0.013115,0.08936,0.1392,0.037068000000000004,0.1191355,0.0,0.025865,0.11049500000000001,0.35289000000000004
11.456,10.471067,9.42,0.0136735,0.09189,0.5196799999999999,0.008234,0.093365,0.12049499999999999,0.014525,0.09614,0.153345,0.041136000000000006,0.129307,0.0,0.030355,0.12402,0.40185499999999996
11.469,10.484067,9.795,0.013794,0.092735,0.5427899999999999,0.008358500000000001,0.09570000000000001,0.128415,0.013845,0.09762,0.164775,0.0428175,0.13496350000000001,0.0,0.03093,0.12769999999999998,0.41808999999999996
11.482,10.497067,9.41,0.012618,0.08588000000000001,0.522525,0.007771,0.09231,0.12354,0.012765,0.093875,0.15803,0.038790500000000006,0.1313565,0.0,0.02767,0.12504500000000002,0.39938999999999997
11.496,10.511067,8.65,0.011349,0.075715,0.48181999999999997,0.0070565,0.08540999999999999,0.11427999999999999,0.01143,0.088545,0.145575,0.0355095,0.122977,0.0,0.024225,0.11591499999999999,0.364585
11.509,10.524067,8.175,0.010626,0.0699275,0.45530000000000004,0.0067725,0.080545,0.107845,0.010615,0.085505,0.137795,0.033562,0.1172395,0.0,0.022285,0.11026,0.34384500000000007
11.522,10.537067,8.365,0.0107065,0.071625,0.462905,0.0070295,0.082095,0.11049999999999999,0.010894999999999998,0.087725,0.141635,0.033937,0.11897050000000002,0.0,0.023024999999999997,0.11346,0.356045
11.535,10.550067,8.495,0.0107145,0.07259499999999999,0.46414999999999995,0.0072805000000000005,0.08453,0.111975,0.01119,0.089855,0.14478,0.0336575,0.12036550000000001,0.0,0.022815000000000002,0.11676,0.36421000000000003
11.549,10.564067,8.17,0.010393,0.06978999999999999,0.444455,0.0072645,0.08118,0.10733999999999999,0.01116,0.08743999999999999,0.13885,0.032554,0.11695199999999997,0.0,0.021519999999999997,0.114485,0.35026499999999994
11.562,10.577067,8.065,0.010208,0.069545,0.43818999999999997,0.007619,0.07907,0.105555,0.011275,0.08687999999999999,0.13640000000000002,0.032116,0.1164845,0.0,0.0211,0.115395,0.34621999999999997
11.575,10.590067,7.93,0.010091999999999999,0.0699395,0.43021,0.007844,0.07708999999999999,0.103405,0.011295,0.085455,0.13251000000000002,0.0315305,0.11538449999999999,0.0,0.02035,0.115715,0.342175
11.588,10.603067,7.67,0.009795,0.06839300000000001,0.41455,0.0075934999999999996,0.07450999999999999,0.10005,0.01131,0.081615,0.126605,0.030362000000000004,0.11256300000000001,0.0,0.019081,0.113285,0.33182999999999996
11.602,10.617067,7.08,0.009036500000000001,0.06367300000000001,0.38289,0.007117,0.069065,0.09243499999999999,0.010839999999999999,0.075715,0.11601500000000001,0.0279755,0.1050615,0.0,0.016967499999999996,0.10530500000000001,0.30746
11.615,10.630067,6.99,0.008782,0.06293499999999999,0.38073,0.007249,0.06795000000000001,0.092135,0.010855,0.07580999999999999,0.114955,0.027731,0.10416349999999999,0.0,0.016358,0.10378499999999999,0.306765
11.628,10.643067,7.155,0.008931000000000001,0.0646475,0.382725,0.007539499999999999,0.07268,0.09603,0.011165,0.081765,0.11925,0.0295095,0.1058825,0.0,0.016101,0.10463,0.31473999999999996
11.641,10.656067,6.675,0.008319,0.06148000000000001,0.366605,0.007339999999999999,0.06909499999999999,0.08977,0.0109,0.077545,0.11276,0.0281565,0.0998355,0.0,0.01509,0.09706,0.29022000000000003
11.655,10.670067,6.16,0.007881,0.0582925,0.34404500000000005,0.0071435000000000005,0.06472,0.08315,0.01068,0.07307,0.10497000000000001,0.026414,0.09287,0.0,0.013897000000000001,0.08795499999999999,0.26393999999999995
11.668,10.683067,6.26,0.0082225,0.060178999999999996,0.34934,0.00734,0.06763,0.08557499999999998,0.01094,0.07649500000000001,0.10786,0.026923000000000002,0.09345749999999999,0.0,0.013576,0.08653,0.26709
11.681,10.696067,6.36,0.0084585,0.060458,0.35514999999999997,0.007516,0.07056,0.087125,0.01097,0.08032500000000001,0.11061499999999999,0.027466,0.09507,0.0,0.0132675,0.086495,0.26997000000000004
11.694,10.709067000000001,6.455,0.0089635,0.0602465,0.354665,0.007903,0.07362,0.0907,0.01123,0.084,0.11631,0.0297135,0.0966945,0.0,0.0131185,0.08366,0.27337
11.708,10.723067,6.675,0.0097275,0.061907000000000004,0.36216499999999996,0.00841,0.076825,0.095,0.011865,0.08841500000000001,0.122315,0.031308,0.1019235,0.0,0.012913,0.084275,0.27842999999999996
11.721,10.736067,7.005,0.0107075,0.0647025,0.37255000000000005,0.009225500000000001,0.08268,0.10184499999999999,0.012665,0.093725,0.1318,0.0340725,0.10802600000000001,0.0,0.013102,0.0847,0.28503999999999996
11.734,10.749067,7.595,0.012023,0.06967999999999999,0.3977,0.010305,0.091785,0.11325,0.013765,0.10347,0.14671,0.037906,0.11884499999999999,0.0,0.013902999999999999,0.08903000000000001,0.30317500000000003
11.747,10.762067,8.165,0.0135025,0.0727145,0.42205000000000004,0.011290000000000001,0.101415,0.123105,0.015205,0.112955,0.15968,0.041974000000000004,0.1290845,0.0,0.014567,0.0937,0.32423
11.761,10.776067,8.875,0.014698999999999999,0.077755,0.46404500000000004,0.01352,0.10765999999999999,0.131135,0.017329999999999998,0.12171500000000002,0.17085499999999998,0.0467115,0.147564,0.0,0.0159545,0.10359499999999999,0.34378999999999993
11.774,10.789067,9.55,0.016319,0.08176,0.511915,0.014355,0.1134,0.137735,0.01846,0.12706499999999998,0.17958999999999997,0.04945650000000001,0.1657965,0.0,0.016952,0.11208500000000002,0.36863999999999997
11.787,10.802067000000001,9.785,0.017269,0.08224000000000001,0.535485,0.014585,0.11437,0.13737499999999997,0.018385,0.1257,0.18173,0.050683000000000006,0.176595,0.0,0.017055,0.11460500000000001,0.379445
11.8,10.815067,9.515,0.0173365,0.07936,0.524695,0.013675,0.10847499999999999,0.13171,0.017025,0.11679,0.17429,0.0479345,0.17724,0.0,0.0161415,0.110795,0.370705
11.814,10.829067,9.465,0.017328,0.079215,0.522475,0.013385000000000001,0.10923,0.12993000000000002,0.01634,0.11552,0.172155,0.04710550000000001,0.178765,0.0,0.015403,0.10924999999999999,0.37461500000000003
11.827,10.842067,9.645,0.0174395,0.079875,0.52733,0.013825,0.112785,0.13179,0.01663,0.11738499999999999,0.17512,0.048174999999999996,0.18077,0.0,0.015797,0.11227999999999999,0.39147000000000004
11.84,10.855067,9.565,0.0169065,0.07971,0.523645,0.014005,0.11083,0.13115500000000002,0.017365,0.11533500000000001,0.17444499999999996,0.04771,0.17957,0.0,0.015514,0.11395,0.385385
11.853,10.868067,9.435,0.016392499999999997,0.08041,0.51639,0.01397,0.109595,0.13086,0.01831,0.112865,0.174035,0.047325000000000006,0.17673499999999998,0.0,0.015167,0.11421500000000001,0.37758
11.867,10.882067000000001,9.405,0.0159965,0.08288,0.5152,0.01415,0.109265,0.130455,0.018860000000000002,0.11186,0.173175,0.04719000000000001,0.175093,0.0,0.015165999999999999,0.11671999999999999,0.38024499999999994
11.88,10.895067000000001,9.585,0.016288499999999997,0.085505,0.52953,0.014454999999999999,0.110275,0.12940000000000002,0.018715,0.11166000000000001,0.17063,0.046655,0.18119400000000002,0.0,0.0153155,0.119925,0.38807499999999995
11.893,10.908067,9.43,0.015918500000000002,0.0823585,0.514775,0.0142,0.10433,0.12072,0.016485,0.10525,0.15892499999999998,0.043776499999999996,0.18059,0.0,0.014567,0.11582500000000001,0.385525
11.906,10.921067,8.805,0.015276,0.07807449999999999,0.49104000000000003,0.013694999999999999,0.099545,0.11167500000000001,0.015705,0.100965,0.15002500000000002,0.041207,0.16931999999999997,0.0,0.0140455,0.109685,0.367595
11.92,10.935067,8.795,0.0155135,0.075959,0.48126,0.014110000000000001,0.09967000000000001,0.107865,0.01535,0.102705,0.14983999999999997,0.0376935,0.16845,0.0,0.013631,0.10349,0.372835
11.933,10.948067,8.21,0.014381500000000002,0.0710945,0.44581000000000004,0.01354,0.09742,0.10078499999999999,0.014860000000000002,0.10355,0.13882499999999998,0.034096,0.15457700000000002,0.0,0.012151,0.091745,0.35389499999999996
11.946,10.961067,7.705,0.013308,0.0650545,0.418745,0.01311,0.09450999999999998,0.09626,0.014515,0.10271500000000001,0.13142500000000001,0.030837999999999997,0.14436850000000004,0.0,0.0107315,0.07980000000000001,0.32753
11.959,10.974067,7.475,0.012997000000000002,0.058957,0.4237850000000001,0.0131,0.0864,0.09273500000000001,0.01487,0.09683,0.127515,0.028970000000000003,0.14082399999999998,0.0,0.010567,0.07805000000000001,0.30205000000000004
11.972,10.987067,7.265,0.0130295,0.0538285,0.41175,0.012750000000000001,0.082535,0.087845,0.013645000000000001,0.09579499999999999,0.11948,0.027172500000000002,0.1339465,0.0,0.011021,0.07785500000000001,0.295825
11.986,11.001067,8.185,0.016261,0.055948500000000005,0.45687500000000003,0.01413,0.092095,0.09651499999999999,0.015035,0.104245,0.132345,0.0309155,0.156482,0.0,0.013413,0.08676,0.32916500000000004
11.999,11.014067,10.125,0.021165000000000003,0.06664500000000001,0.55903,0.016864999999999998,0.11099500000000001,0.11868999999999999,0.01848,0.12519999999999998,0.16487000000000002,0.038192000000000004,0.19815000000000002,0.0,0.01696,0.10518,0.41092
12.012,11.027067,11.385,0.024730000000000002,0.07537350000000001,0.65628,0.01833,0.12073999999999999,0.12962,0.020220000000000002,0.13547,0.18136999999999998,0.0443595,0.22849,0.0,0.01822,0.11468,0.456585
12.025,11.040067,10.75,0.024425,0.0722865,0.6401050000000001,0.017475,0.11312,0.120415,0.018834999999999998,0.12305500000000001,0.16982,0.041753,0.21894999999999998,0.0,0.0174995,0.10649499999999998,0.41367000000000004
12.039,11.054067,10.49,0.025425,0.070708,0.6196,0.01783,0.11257500000000001,0.11699,0.019225,0.11852499999999999,0.16496,0.04098,0.216335,0.0,0.017510500000000002,0.104105,0.38929
12.052,11.067067,10.02,0.024980000000000002,0.0682005,0.598565,0.017485,0.109115,0.112415,0.019025,0.1114,0.158995,0.0407,0.20356,0.0,0.016956,0.102105,0.36295
12.065,11.080067,9.385,0.024675000000000002,0.0641915,0.557715,0.01736,0.10072,0.104695,0.01788,0.09819,0.15138000000000001,0.0398535,0.1924335,0.0,0.016446,0.095985,0.329035
12.078,11.093067,8.875,0.02394,0.060072,0.5231350000000001,0.016925000000000003,0.093365,0.10013,0.017329999999999998,0.08787500000000001,0.14748,0.039428,0.18266000000000002,0.0,0.016766,0.09017,0.30840999999999996
12.092,11.107067,8.32,0.023305,0.0532035,0.466455,0.016785,0.088155,0.09605,0.0161,0.08087,0.14674500000000001,0.038065,0.173901,0.0,0.016904,0.08021500000000001,0.2865
12.105,11.120067,7.925,0.02177,0.048916,0.42864,0.015825,0.0843,0.09184,0.015075,0.07705000000000001,0.141205,0.0364175,0.16840549999999999,0.0,0.015877,0.07274000000000001,0.276945
12.118,11.133067,8.52,0.021774999999999996,0.0541185,0.466715,0.016364999999999998,0.0882,0.098745,0.015555,0.07991999999999999,0.14937,0.039995499999999996,0.1790835,0.0,0.0161465,0.080455,0.29759
12.131,11.146067,8.435,0.023135,0.0544175,0.46234,0.01654,0.087795,0.09693,0.016149999999999998,0.077995,0.14430500000000002,0.040588,0.18354399999999998,0.0,0.015501999999999998,0.07973999999999999,0.28532
12.145,11.160067,8.6,0.02459,0.055893500000000006,0.47174000000000005,0.01744,0.08555,0.09498999999999999,0.017515000000000003,0.07706,0.14218,0.04152,0.194836,0.0,0.015227000000000001,0.08356499999999999,0.280095
12.158,11.173067,7.705,0.02154,0.051289,0.42755499999999996,0.015715,0.07406,0.08307,0.016094999999999998,0.068355,0.123525,0.0368455,0.17793799999999999,0.0,0.013208500000000001,0.07714,0.24705
12.171,11.186067,6.365,0.017652,0.0431835,0.352015,0.013215000000000001,0.058865,0.067215,0.013905,0.054275000000000004,0.100665,0.030122,0.148694,0.0,0.010800500000000001,0.06419649999999999,0.20044499999999998
12.184,11.199067,4.957,0.01401,0.034204,0.27103,0.010166,0.04407,0.0510365,0.0112,0.0417,0.07577500000000001,0.0234585,0.117641,0.0,0.008345,0.049993499999999996,0.155965
12.198,11.213067,3.7085,0.010693500000000002,0.025939,0.199565,0.007686,0.031956,0.0370725,0.008407999999999999,0.030922,0.0550265,0.017373,0.08881000000000001,0.0,0.0062215000000000005,0.0376285,0.1159955
12.211,11.226067,2.718,0.0079785,0.019449,0.14354,0.005723499999999999,0.022876,0.026042500000000003,0.0059015,0.022406500000000003,0.039122000000000004,0.012224,0.06553199999999999,0.0,0.0043485,0.0277905,0.08134
12.224,11.239067,1.895,0.0055615,0.013144,0.09913349999999999,0.0038125,0.016113000000000002,0.017667500000000003,0.0038845,0.015379,0.0266,0.007743,0.0457115,0.0,0.002848,0.018768,0.054150000000000004
12.237,11.252067,1.3735,0.0043365,0.0086082,0.0704035,0.0026645,0.010995999999999999,0.012040499999999999,0.002728,0.009853999999999998,0.018043999999999998,0.00490185,0.034824,0.0,0.00183685,0.012304500000000001,0.036087499999999995
12.251,11.266067,1.011,0.0031030000000000003,0.00578125,0.0512625,0.0018549999999999999,0.0079845,0.008216000000000001,0.0018405,0.006715,0.012253,0.0032313999999999997,0.0260995,0.0,0.00118495,0.0084365,0.024429
12.264,11.279067,0.3449,0.0009885,0.00194035,0.018125,0.0007236499999999999,0.0030454500000000003,0.0031135499999999997,0.0006939,0.0024257000000000003,0.004584949999999999,0.0012338499999999999,0.0087442,0.0,0.00038459999999999997,0.0028629000000000003,0.008944800000000001
12.277,11.292067,0.22035,0.00060755,0.0011971500000000001,0.0117797,0.00047474999999999997,0.0020113,0.0019497000000000004,0.00040425,0.0015135,0.00295035,0.0007643500000000001,0.005577199999999999,0.0,0.00021868999999999998,0.0017634999999999999,0.0056468
12.29,11.305067,0.1355,0.00035185,0.000716795,0.0074345,0.00030165,0.001283,0.0011912,0.0002254,0.00092645,0.00185235,0.000463555,0.0033843499999999995,0.0,0.000122875,0.00105655,0.00347785
12.304,11.319067,0.07905,0.000197,0.000410045,0.00441865,0.00017815,0.0007585000000000001,0.0006969999999999999,0.00012575,0.00054345,0.001088,0.000268855,0.0019452849999999997,0.0,6.945000000000001e-05,0.00060788,0.00204383
12.317,11.332067,0.03934,9.3255e-05,0.00019903,0.0022524499999999996,8.921499999999999e-05,0.00037955,0.00035064,6.0775e-05,0.000274565,0.00054219,0.000133275,0.00094529,0.0,3.4375e-05,0.000298755,0.00103238
12.33,11.345067,0.013505,2.816e-05,6.42675e-05,0.0008164699999999999,3.108e-05,0.000132075,0.00012345,1.9405e-05,9.7615e-05,0.00018679500000000002,4.53445e-05,0.000306315,0.0,1.1645499999999999e-05,9.954e-05,0.00036677499999999996
12.343,11.358067,0.001553,1.7390499999999999e-06,5.8096499999999995e-06,0.00011063050000000001,3.749e-06,1.5856e-05,1.5382e-05,1.6615e-06,1.2519999999999999e-05,2.1722e-05,5.051999999999999e-06,2.81018e-05,0.0,1.2785e-06,1.026255e-05,4.69585e-05
12.357,11.372067,0.0,0.0,0.0,0.0,0.0,0.0,0.0,0.0,0.0,0.0,0.0,0.0,0.0,0.0,0.0,0.0
12.37,11.385067,0.0,0.0,0.0,0.0,0.0,0.0,0.0,0.0,0.0,0.0,0.0,0.0,0.0,0.0,0.0,0.0
12.383,11.398067,0.0,0.0,0.0,0.0,0.0,0.0,0.0,0.0,0.0,0.0,0.0,0.0,0.0,0.0,0.0,0.0
12.396,11.411067000000001,0.0,0.0,0.0,0.0,0.0,0.0,0.0,0.0,0.0,0.0,0.0,0.0,0.0,0.0,0.0,0.0
12.41,11.425067,0.0,0.0,0.0,0.0,0.0,0.0,0.0,0.0,0.0,0.0,0.0,0.0,0.0,0.0,0.0,0.0
12.423,11.438067,0.0,0.0,0.0,0.0,0.0,0.0,0.0,0.0,0.0,0.0,0.0,0.0,0.0,0.0,0.0,0.0
12.436,11.451067,0.0,0.0,0.0,0.0,0.0,0.0,0.0,0.0,0.0,0.0,0.0,0.0,0.0,0.0,0.0,0.0
12.449,11.464067,0.0,0.0,0.0,0.0,0.0,0.0,0.0,0.0,0.0,0.0,0.0,0.0,0.0,0.0,0.0,0.0
12.463,11.478067,0.0,0.0,0.0,0.0,0.0,0.0,0.0,0.0,0.0,0.0,0.0,0.0,0.0,0.0,0.0,0.0
12.476,11.491067000000001,0.0,0.0,0.0,0.0,0.0,0.0,0.0,0.0,0.0,0.0,0.0,0.0,0.0,0.0,0.0,0.0
12.489,11.504067000000001,0.0,0.0,0.0,0.0,0.0,0.0,0.0,0.0,0.0,0.0,0.0,0.0,0.0,0.0,0.0,0.0
12.502,11.517067,0.0,0.0,0.0,0.0,0.0,0.0,0.0,0.0,0.0,0.0,0.0,0.0,0.0,0.0,0.0,0.0
12.515,11.530067,0.0,0.0,0.0,0.0,0.0,0.0,0.0,0.0,0.0,0.0,0.0,0.0,0.0,0.0,0.0,0.0
12.529,11.544067,0.0,0.0,0.0,0.0,0.0,0.0,0.0,0.0,0.0,0.0,0.0,0.0,0.0,0.0,0.0,0.0
12.542,11.557067,0.0,0.0,0.0,0.0,0.0,0.0,0.0,0.0,0.0,0.0,0.0,0.0,0.0,0.0,0.0,0.0
12.555,11.570067,0.0,0.0,0.0,0.0,0.0,0.0,0.0,0.0,0.0,0.0,0.0,0.0,0.0,0.0,0.0,0.0
12.568,11.583067,0.0,0.0,0.0,0.0,0.0,0.0,0.0,0.0,0.0,0.0,0.0,0.0,0.0,0.0,0.0,0.0
12.582,11.597067000000001,0.0,0.0,0.0,0.0,0.0,0.0,0.0,0.0,0.0,0.0,0.0,0.0,0.0,0.0,0.0,0.0
12.595,11.610067,0.0,0.0,0.0,0.0,0.0,0.0,0.0,0.0,0.0,0.0,0.0,0.0,0.0,0.0,0.0,0.0
12.608,11.623067,0.0,0.0,0.0,0.0,0.0,0.0,0.0,0.0,0.0,0.0,0.0,0.0,0.0,0.0,0.0,0.0
12.621,11.636067,0.0,0.0,0.0,0.0,0.0,0.0,0.0,0.0,0.0,0.0,0.0,0.0,0.0,0.0,0.0,0.0
12.635,11.650067,0.0,0.0,0.0,0.0,0.0,0.0,0.0,0.0,0.0,0.0,0.0,0.0,0.0,0.0,0.0,0.0
12.648,11.663067,0.0,0.0,0.0,0.0,0.0,0.0,0.0,0.0,0.0,0.0,0.0,0.0,0.0,0.0,0.0,0.0
12.661,11.676067,0.0,0.0,0.0,0.0,0.0,0.0,0.0,0.0,0.0,0.0,0.0,0.0,0.0,0.0,0.0,0.0
12.674,11.689067,0.0,0.0,0.0,0.0,0.0,0.0,0.0,0.0,0.0,0.0,0.0,0.0,0.0,0.0,0.0,0.0
12.688,11.703067,0.0,0.0,0.0,0.0,0.0,0.0,0.0,0.0,0.0,0.0,0.0,0.0,0.0,0.0,0.0,0.0
12.701,11.716067,0.0,0.0,0.0,0.0,0.0,0.0,0.0,0.0,0.0,0.0,0.0,0.0,0.0,0.0,0.0,0.0
12.714,11.729067,0.0,0.0,0.0,0.0,0.0,0.0,0.0,0.0,0.0,0.0,0.0,0.0,0.0,0.0,0.0,0.0
12.727,11.742067,0.0,0.0,0.0,0.0,0.0,0.0,0.0,0.0,0.0,0.0,0.0,0.0,0.0,0.0,0.0,0.0
12.741,11.756067,0.0,0.0,0.0,0.0,0.0,0.0,0.0,0.0,0.0,0.0,0.0,0.0,0.0,0.0,0.0,0.0
12.754,11.769067,0.0,0.0,0.0,0.0,0.0,0.0,0.0,0.0,0.0,0.0,0.0,0.0,0.0,0.0,0.0,0.0
12.767,11.782067,0.0,0.0,0.0,0.0,0.0,0.0,0.0,0.0,0.0,0.0,0.0,0.0,0.0,0.0,0.0,0.0
12.78,11.795067,0.0,0.0,0.0,0.0,0.0,0.0,0.0,0.0,0.0,0.0,0.0,0.0,0.0,0.0,0.0,0.0
12.794,11.809067,0.0,0.0,0.0,0.0,0.0,0.0,0.0,0.0,0.0,0.0,0.0,0.0,0.0,0.0,0.0,0.0
12.807,11.822067,0.0,0.0,0.0,0.0,0.0,0.0,0.0,0.0,0.0,0.0,0.0,0.0,0.0,0.0,0.0,0.0
12.82,11.835067,0.0,0.0,0.0,0.0,0.0,0.0,0.0,0.0,0.0,0.0,0.0,0.0,0.0,0.0,0.0,0.0
12.833,11.848067,0.0,0.0,0.0,0.0,0.0,0.0,0.0,0.0,0.0,0.0,0.0,0.0,0.0,0.0,0.0,0.0
12.847,11.862067,0.0,0.0,0.0,0.0,0.0,0.0,0.0,0.0,0.0,0.0,0.0,0.0,0.0,0.0,0.0,0.0
12.86,11.875067,0.0,0.0,0.0,0.0,0.0,0.0,0.0,0.0,0.0,0.0,0.0,0.0,0.0,0.0,0.0,0.0
12.873,11.888067,0.0,0.0,0.0,0.0,0.0,0.0,0.0,0.0,0.0,0.0,0.0,0.0,0.0,0.0,0.0,0.0
12.886,11.901067,0.0,0.0,0.0,0.0,0.0,0.0,0.0,0.0,0.0,0.0,0.0,0.0,0.0,0.0,0.0,0.0
12.9,11.915067,0.0,0.0,0.0,0.0,0.0,0.0,0.0,0.0,0.0,0.0,0.0,0.0,0.0,0.0,0.0,0.0
12.913,11.928067,0.0,0.0,0.0,0.0,0.0,0.0,0.0,0.0,0.0,0.0,0.0,0.0,0.0,0.0,0.0,0.0
12.926,11.941067,0.0,0.0,0.0,0.0,0.0,0.0,0.0,0.0,0.0,0.0,0.0,0.0,0.0,0.0,0.0,0.0
12.939,11.954067,0.0,0.0,0.0,0.0,0.0,0.0,0.0,0.0,0.0,0.0,0.0,0.0,0.0,0.0,0.0,0.0
12.953,11.968067,0.0,0.0,0.0,0.0,0.0,0.0,0.0,0.0,0.0,0.0,0.0,0.0,0.0,0.0,0.0,0.0
12.966,11.981067,0.0,0.0,0.0,0.0,0.0,0.0,0.0,0.0,0.0,0.0,0.0,0.0,0.0,0.0,0.0,0.0
12.979,11.994067,0.0,0.0,0.0,0.0,0.0,0.0,0.0,0.0,0.0,0.0,0.0,0.0,0.0,0.0,0.0,0.0
12.992,12.007067000000001,0.0,0.0,0.0,0.0,0.0,0.0,0.0,0.0,0.0,0.0,0.0,0.0,0.0,0.0,0.0,0.0
13.006,12.021067,0.0,0.0,0.0,0.0,0.0,0.0,0.0,0.0,0.0,0.0,0.0,0.0,0.0,0.0,0.0,0.0
13.019,12.034067,0.0,0.0,0.0,0.0,0.0,0.0,0.0,0.0,0.0,0.0,0.0,0.0,0.0,0.0,0.0,0.0
13.032,12.047067,0.0,0.0,0.0,0.0,0.0,0.0,0.0,0.0,0.0,0.0,0.0,0.0,0.0,0.0,0.0,0.0
13.045,12.060067,0.0,0.0,0.0,0.0,0.0,0.0,0.0,0.0,0.0,0.0,0.0,0.0,0.0,0.0,0.0,0.0
13.058,12.073067,0.0,0.0,0.0,0.0,0.0,0.0,0.0,0.0,0.0,0.0,0.0,0.0,0.0,0.0,0.0,0.0
13.072,12.087067,0.0,0.0,0.0,0.0,0.0,0.0,0.0,0.0,0.0,0.0,0.0,0.0,0.0,0.0,0.0,0.0
13.085,12.100067000000001,0.0,0.0,0.0,0.0,0.0,0.0,0.0,0.0,0.0,0.0,0.0,0.0,0.0,0.0,0.0,0.0
13.098,12.113067000000001,0.0,0.0,0.0,0.0,0.0,0.0,0.0,0.0,0.0,0.0,0.0,0.0,0.0,0.0,0.0,0.0
13.111,12.126067,0.0,0.0,0.0,0.0,0.0,0.0,0.0,0.0,0.0,0.0,0.0,0.0,0.0,0.0,0.0,0.0
13.125,12.140067,0.0,0.0,0.0,0.0,0.0,0.0,0.0,0.0,0.0,0.0,0.0,0.0,0.0,0.0,0.0,0.0
13.138,12.153067,0.0,0.0,0.0,0.0,0.0,0.0,0.0,0.0,0.0,0.0,0.0,0.0,0.0,0.0,0.0,0.0
13.151,12.166067,0.0,0.0,0.0,0.0,0.0,0.0,0.0,0.0,0.0,0.0,0.0,0.0,0.0,0.0,0.0,0.0
13.164,12.179067,0.0,0.0,0.0,0.0,0.0,0.0,0.0,0.0,0.0,0.0,0.0,0.0,0.0,0.0,0.0,0.0
13.178,12.193067000000001,0.0,0.0,0.0,0.0,0.0,0.0,0.0,0.0,0.0,0.0,0.0,0.0,0.0,0.0,0.0,0.0
13.191,12.206067000000001,0.0,0.0,0.0,0.0,0.0,0.0,0.0,0.0,0.0,0.0,0.0,0.0,0.0,0.0,0.0,0.0
13.204,12.219067,0.0,0.0,0.0,0.0,0.0,0.0,0.0,0.0,0.0,0.0,0.0,0.0,0.0,0.0,0.0,0.0
13.217,12.232067,0.0,0.0,0.0,0.0,0.0,0.0,0.0,0.0,0.0,0.0,0.0,0.0,0.0,0.0,0.0,0.0
13.231,12.246067,0.0,0.0,0.0,0.0,0.0,0.0,0.0,0.0,0.0,0.0,0.0,0.0,0.0,0.0,0.0,0.0
13.244,12.259067,0.0,0.0,0.0,0.0,0.0,0.0,0.0,0.0,0.0,0.0,0.0,0.0,0.0,0.0,0.0,0.0
13.257,12.272067,0.0,0.0,0.0,0.0,0.0,0.0,0.0,0.0,0.0,0.0,0.0,0.0,0.0,0.0,0.0,0.0
13.27,12.285067,0.0,0.0,0.0,0.0,0.0,0.0,0.0,0.0,0.0,0.0,0.0,0.0,0.0,0.0,0.0,0.0
13.284,12.299067,0.0,0.0,0.0,0.0,0.0,0.0,0.0,0.0,0.0,0.0,0.0,0.0,0.0,0.0,0.0,0.0
13.297,12.312067,0.0,0.0,0.0,0.0,0.0,0.0,0.0,0.0,0.0,0.0,0.0,0.0,0.0,0.0,0.0,0.0
13.31,12.325067,0.0,0.0,0.0,0.0,0.0,0.0,0.0,0.0,0.0,0.0,0.0,0.0,0.0,0.0,0.0,0.0
13.323,12.338067,0.0,0.0,0.0,0.0,0.0,0.0,0.0,0.0,0.0,0.0,0.0,0.0,0.0,0.0,0.0,0.0
13.337,12.352067,0.0,0.0,0.0,0.0,0.0,0.0,0.0,0.0,0.0,0.0,0.0,0.0,0.0,0.0,0.0,0.0
13.35,12.365067,0.0,0.0,0.0,0.0,0.0,0.0,0.0,0.0,0.0,0.0,0.0,0.0,0.0,0.0,0.0,0.0
13.363,12.378067,0.0,0.0,0.0,0.0,0.0,0.0,0.0,0.0,0.0,0.0,0.0,0.0,0.0,0.0,0.0,0.0
13.376,12.391067,0.0,0.0,0.0,0.0,0.0,0.0,0.0,0.0,0.0,0.0,0.0,0.0,0.0,0.0,0.0,0.0
13.39,12.405067,0.0,0.0,0.0,0.0,0.0,0.0,0.0,0.0,0.0,0.0,0.0,0.0,0.0,0.0,0.0,0.0
13.403,12.418067,0.0,0.0,0.0,0.0,0.0,0.0,0.0,0.0,0.0,0.0,0.0,0.0,0.0,0.0,0.0,0.0
13.416,12.431067,0.0,0.0,0.0,0.0,0.0,0.0,0.0,0.0,0.0,0.0,0.0,0.0,0.0,0.0,0.0,0.0
13.429,12.444067,0.0,0.0,0.0,0.0,0.0,0.0,0.0,0.0,0.0,0.0,0.0,0.0,0.0,0.0,0.0,0.0
13.443,12.458067,0.0,0.0,0.0,0.0,0.0,0.0,0.0,0.0,0.0,0.0,0.0,0.0,0.0,0.0,0.0,0.0
13.456,12.471067,0.0,0.0,0.0,0.0,0.0,0.0,0.0,0.0,0.0,0.0,0.0,0.0,0.0,0.0,0.0,0.0
13.469,12.484067,0.0,0.0,0.0,0.0,0.0,0.0,0.0,0.0,0.0,0.0,0.0,0.0,0.0,0.0,0.0,0.0
13.482,12.497067,0.0,0.0,0.0,0.0,0.0,0.0,0.0,0.0,0.0,0.0,0.0,0.0,0.0,0.0,0.0,0.0
13.496,12.511067,0.0,0.0,0.0,0.0,0.0,0.0,0.0,0.0,0.0,0.0,0.0,0.0,0.0,0.0,0.0,0.0
13.509,12.524067,0.0,0.0,0.0,0.0,0.0,0.0,0.0,0.0,0.0,0.0,0.0,0.0,0.0,0.0,0.0,0.0
13.522,12.537067,0.0,0.0,0.0,0.0,0.0,0.0,0.0,0.0,0.0,0.0,0.0,0.0,0.0,0.0,0.0,0.0
13.535,12.550067,0.0,0.0,0.0,0.0,0.0,0.0,0.0,0.0,0.0,0.0,0.0,0.0,0.0,0.0,0.0,0.0
13.549,12.564067,0.0,0.0,0.0,0.0,0.0,0.0,0.0,0.0,0.0,0.0,0.0,0.0,0.0,0.0,0.0,0.0
13.562,12.577067,0.0,0.0,0.0,0.0,0.0,0.0,0.0,0.0,0.0,0.0,0.0,0.0,0.0,0.0,0.0,0.0
13.575,12.590067,0.0,0.0,0.0,0.0,0.0,0.0,0.0,0.0,0.0,0.0,0.0,0.0,0.0,0.0,0.0,0.0
13.588,12.603067,0.0,0.0,0.0,0.0,0.0,0.0,0.0,0.0,0.0,0.0,0.0,0.0,0.0,0.0,0.0,0.0
13.601,12.616067000000001,0.0,0.0,0.0,0.0,0.0,0.0,0.0,0.0,0.0,0.0,0.0,0.0,0.0,0.0,0.0,0.0
13.615,12.630067,0.0,0.0,0.0,0.0,0.0,0.0,0.0,0.0,0.0,0.0,0.0,0.0,0.0,0.0,0.0,0.0
13.628,12.643067,0.0,0.0,0.0,0.0,0.0,0.0,0.0,0.0,0.0,0.0,0.0,0.0,0.0,0.0,0.0,0.0
13.641,12.656067,0.0,0.0,0.0,0.0,0.0,0.0,0.0,0.0,0.0,0.0,0.0,0.0,0.0,0.0,0.0,0.0
13.654,12.669067,0.0,0.0,0.0,0.0,0.0,0.0,0.0,0.0,0.0,0.0,0.0,0.0,0.0,0.0,0.0,0.0
13.668,12.683067,0.0,0.0,0.0,0.0,0.0,0.0,0.0,0.0,0.0,0.0,0.0,0.0,0.0,0.0,0.0,0.0
13.681,12.696067,0.0,0.0,0.0,0.0,0.0,0.0,0.0,0.0,0.0,0.0,0.0,0.0,0.0,0.0,0.0,0.0
13.694,12.709067000000001,0.0,0.0,0.0,0.0,0.0,0.0,0.0,0.0,0.0,0.0,0.0,0.0,0.0,0.0,0.0,0.0
13.707,12.722067000000001,0.0,0.0,0.0,0.0,0.0,0.0,0.0,0.0,0.0,0.0,0.0,0.0,0.0,0.0,0.0,0.0
13.721,12.736067,0.0,0.0,0.0,0.0,0.0,0.0,0.0,0.0,0.0,0.0,0.0,0.0,0.0,0.0,0.0,0.0
13.734,12.749067,0.0,0.0,0.0,0.0,0.0,0.0,0.0,0.0,0.0,0.0,0.0,0.0,0.0,0.0,0.0,0.0
13.747,12.762067,0.0,0.0,0.0,0.0,0.0,0.0,0.0,0.0,0.0,0.0,0.0,0.0,0.0,0.0,0.0,0.0
13.76,12.775067,0.0,0.0,0.0,0.0,0.0,0.0,0.0,0.0,0.0,0.0,0.0,0.0,0.0,0.0,0.0,0.0
13.774,12.789067,0.0,0.0,0.0,0.0,0.0,0.0,0.0,0.0,0.0,0.0,0.0,0.0,0.0,0.0,0.0,0.0
13.787,12.802067000000001,0.0,0.0,0.0,0.0,0.0,0.0,0.0,0.0,0.0,0.0,0.0,0.0,0.0,0.0,0.0,0.0
13.8,12.815067,0.0,0.0,0.0,0.0,0.0,0.0,0.0,0.0,0.0,0.0,0.0,0.0,0.0,0.0,0.0,0.0
13.813,12.828067,0.0,0.0,0.0,0.0,0.0,0.0,0.0,0.0,0.0,0.0,0.0,0.0,0.0,0.0,0.0,0.0
13.827,12.842067,0.0,0.0,0.0,0.0,0.0,0.0,0.0,0.0,0.0,0.0,0.0,0.0,0.0,0.0,0.0,0.0
13.84,12.855067,0.0,0.0,0.0,0.0,0.0,0.0,0.0,0.0,0.0,0.0,0.0,0.0,0.0,0.0,0.0,0.0
13.853,12.868067,0.0,0.0,0.0,0.0,0.0,0.0,0.0,0.0,0.0,0.0,0.0,0.0,0.0,0.0,0.0,0.0
13.866,12.881067,0.0,0.0,0.0,0.0,0.0,0.0,0.0,0.0,0.0,0.0,0.0,0.0,0.0,0.0,0.0,0.0
13.88,12.895067000000001,0.0,0.0,0.0,0.0,0.0,0.0,0.0,0.0,0.0,0.0,0.0,0.0,0.0,0.0,0.0,0.0
13.893,12.908067,0.0,0.0,0.0,0.0,0.0,0.0,0.0,0.0,0.0,0.0,0.0,0.0,0.0,0.0,0.0,0.0
13.906,12.921067,0.0,0.0,0.0,0.0,0.0,0.0,0.0,0.0,0.0,0.0,0.0,0.0,0.0,0.0,0.0,0.0
13.919,12.934067,0.0,0.0,0.0,0.0,0.0,0.0,0.0,0.0,0.0,0.0,0.0,0.0,0.0,0.0,0.0,0.0
13.933,12.948067,0.0,0.0,0.0,0.0,0.0,0.0,0.0,0.0,0.0,0.0,0.0,0.0,0.0,0.0,0.0,0.0
13.946,12.961067,0.0,0.0,0.0,0.0,0.0,0.0,0.0,0.0,0.0,0.0,0.0,0.0,0.0,0.0,0.0,0.0
13.959,12.974067,0.0,0.0,0.0,0.0,0.0,0.0,0.0,0.0,0.0,0.0,0.0,0.0,0.0,0.0,0.0,0.0
13.972,12.987067,0.0,0.0,0.0,0.0,0.0,0.0,0.0,0.0,0.0,0.0,0.0,0.0,0.0,0.0,0.0,0.0
13.986,13.001067,0.0,0.0,0.0,0.0,0.0,0.0,0.0,0.0,0.0,0.0,0.0,0.0,0.0,0.0,0.0,0.0
13.999,13.014067,0.0,0.0,0.0,0.0,0.0,0.0,0.0,0.0,0.0,0.0,0.0,0.0,0.0,0.0,0.0,0.0
14.012,13.027067,0.0,0.0,0.0,0.0,0.0,0.0,0.0,0.0,0.0,0.0,0.0,0.0,0.0,0.0,0.0,0.0
14.025,13.040067,0.0,0.0,0.0,0.0,0.0,0.0,0.0,0.0,0.0,0.0,0.0,0.0,0.0,0.0,0.0,0.0
14.039,13.054067,0.0,0.0,0.0,0.0,0.0,0.0,0.0,0.0,0.0,0.0,0.0,0.0,0.0,0.0,0.0,0.0
14.052,13.067067,0.0,0.0,0.0,0.0,0.0,0.0,0.0,0.0,0.0,0.0,0.0,0.0,0.0,0.0,0.0,0.0
14.065,13.080067,0.0,0.0,0.0,0.0,0.0,0.0,0.0,0.0,0.0,0.0,0.0,0.0,0.0,0.0,0.0,0.0
14.078,13.093067,0.0,0.0,0.0,0.0,0.0,0.0,0.0,0.0,0.0,0.0,0.0,0.0,0.0,0.0,0.0,0.0
14.092,13.107067,0.0,0.0,0.0,0.0,0.0,0.0,0.0,0.0,0.0,0.0,0.0,0.0,0.0,0.0,0.0,0.0
14.105,13.120067,0.0,0.0,0.0,0.0,0.0,0.0,0.0,0.0,0.0,0.0,0.0,0.0,0.0,0.0,0.0,0.0
14.118,13.133067,0.0,0.0,0.0,0.0,0.0,0.0,0.0,0.0,0.0,0.0,0.0,0.0,0.0,0.0,0.0,0.0
14.131,13.146067,0.0,0.0,0.0,0.0,0.0,0.0,0.0,0.0,0.0,0.0,0.0,0.0,0.0,0.0,0.0,0.0
14.144,13.159067,0.0,0.0,0.0,0.0,0.0,0.0,0.0,0.0,0.0,0.0,0.0,0.0,0.0,0.0,0.0,0.0
14.158,13.173067,0.0,0.0,0.0,0.0,0.0,0.0,0.0,0.0,0.0,0.0,0.0,0.0,0.0,0.0,0.0,0.0
