Energy_eV,Energy_minus_VBM_eV,TDOS_per_fu,Cs_s_per_fu,Cs_p_per_fu,Cs_d_per_fu,Ge_s_per_fu,Ge_p_per_fu,Ge_d_per_fu,Sn_s_per_fu,Sn_p_per_fu,Sn_d_per_fu,Cl_s_per_fu,Cl_p_per_fu,Cl_d_per_fu,Br_s_per_fu,Br_p_per_fu,Br_d_per_fu
-25.487,-27.414202,0.0,0.0,0.0,0.0,0.0,0.0,0.0,0.0,0.0,0.0,0.0,0.0,0.0,0.0,0.0,0.0
-25.479,-27.406202,0.0,0.0,0.0,0.0,0.0,0.0,0.0,0.0,0.0,0.0,0.0,0.0,0.0,0.0,0.0,0.0
-25.47,-27.397202,0.0,0.0,0.0,0.0,0.0,0.0,0.0,0.0,0.0,0.0,0.0,0.0,0.0,0.0,0.0,0.0
-25.462,-27.389202,0.0,0.0,0.0,0.0,0.0,0.0,0.0,0.0,0.0,0.0,0.0,0.0,0.0,0.0,0.0,0.0
-25.454,-27.381202000000002,0.0,0.0,0.0,0.0,0.0,0.0,0.0,0.0,0.0,0.0,0.0,0.0,0.0,0.0,0.0,0.0
-25.446,-27.373202000000003,0.0,0.0,0.0,0.0,0.0,0.0,0.0,0.0,0.0,0.0,0.0,0.0,0.0,0.0,0.0,0.0
-25.437,-27.364202000000002,0.0,0.0,0.0,0.0,0.0,0.0,0.0,0.0,0.0,0.0,0.0,0.0,0.0,0.0,0.0,0.0
-25.429,-27.356202,0.0,0.0,0.0,0.0,0.0,0.0,0.0,0.0,0.0,0.0,0.0,0.0,0.0,0.0,0.0,0.0
-25.421,-27.348202,0.0,0.0,0.0,0.0,0.0,0.0,0.0,0.0,0.0,0.0,0.0,0.0,0.0,0.0,0.0,0.0
-25.412,-27.339202,0.0,0.0,0.0,0.0,0.0,0.0,0.0,0.0,0.0,0.0,0.0,0.0,0.0,0.0,0.0,0.0
-25.404,-27.331202,0.0,0.0,0.0,0.0,0.0,0.0,0.0,0.0,0.0,0.0,0.0,0.0,0.0,0.0,0.0,0.0
-25.396,-27.323202000000002,0.0,0.0,0.0,0.0,0.0,0.0,0.0,0.0,0.0,0.0,0.0,0.0,0.0,0.0,0.0,0.0
-25.387,-27.314202,0.0,0.0,0.0,0.0,0.0,0.0,0.0,0.0,0.0,0.0,0.0,0.0,0.0,0.0,0.0,0.0
-25.379,-27.306202000000003,0.0,0.0,0.0,0.0,0.0,0.0,0.0,0.0,0.0,0.0,0.0,0.0,0.0,0.0,0.0,0.0
-25.371,-27.298202,0.0,0.0,0.0,0.0,0.0,0.0,0.0,0.0,0.0,0.0,0.0,0.0,0.0,0.0,0.0,0.0
-25.362,-27.289202,0.0,0.0,0.0,0.0,0.0,0.0,0.0,0.0,0.0,0.0,0.0,0.0,0.0,0.0,0.0,0.0
-25.354,-27.281202,0.0,0.0,0.0,0.0,0.0,0.0,0.0,0.0,0.0,0.0,0.0,0.0,0.0,0.0,0.0,0.0
-25.346,-27.273202,0.0,0.0,0.0,0.0,0.0,0.0,0.0,0.0,0.0,0.0,0.0,0.0,0.0,0.0,0.0,0.0
-25.338,-27.265202000000002,0.0,0.0,0.0,0.0,0.0,0.0,0.0,0.0,0.0,0.0,0.0,0.0,0.0,0.0,0.0,0.0
-25.329,-27.256202000000002,0.0,0.0,0.0,0.0,0.0,0.0,0.0,0.0,0.0,0.0,0.0,0.0,0.0,0.0,0.0,0.0
-25.321,-27.248202000000003,0.0,0.0,0.0,0.0,0.0,0.0,0.0,0.0,0.0,0.0,0.0,0.0,0.0,0.0,0.0,0.0
-25.313,-27.240202,0.0,0.0,0.0,0.0,0.0,0.0,0.0,0.0,0.0,0.0,0.0,0.0,0.0,0.0,0.0,0.0
-25.304,-27.231202,0.0,0.0,0.0,0.0,0.0,0.0,0.0,0.0,0.0,0.0,0.0,0.0,0.0,0.0,0.0,0.0
-25.296,-27.223202,0.0,0.0,0.0,0.0,0.0,0.0,0.0,0.0,0.0,0.0,0.0,0.0,0.0,0.0,0.0,0.0
-25.288,-27.215202,0.0,0.0,0.0,0.0,0.0,0.0,0.0,0.0,0.0,0.0,0.0,0.0,0.0,0.0,0.0,0.0
-25.279,-27.206202,0.0,0.0,0.0,0.0,0.0,0.0,0.0,0.0,0.0,0.0,0.0,0.0,0.0,0.0,0.0,0.0
-25.271,-27.198202000000002,0.0,0.0,0.0,0.0,0.0,0.0,0.0,0.0,0.0,0.0,0.0,0.0,0.0,0.0,0.0,0.0
-25.263,-27.190202000000003,0.0,0.0,0.0,0.0,0.0,0.0,0.0,0.0,0.0,0.0,0.0,0.0,0.0,0.0,0.0,0.0
-25.254,-27.181202000000003,0.0,0.0,0.0,0.0,0.0,0.0,0.0,0.0,0.0,0.0,0.0,0.0,0.0,0.0,0.0,0.0
-25.246,-27.173202,0.0,0.0,0.0,0.0,0.0,0.0,0.0,0.0,0.0,0.0,0.0,0.0,0.0,0.0,0.0,0.0
-25.238,-27.165202,0.0,0.0,0.0,0.0,0.0,0.0,0.0,0.0,0.0,0.0,0.0,0.0,0.0,0.0,0.0,0.0
-25.23,-27.157202,0.0,0.0,0.0,0.0,0.0,0.0,0.0,0.0,0.0,0.0,0.0,0.0,0.0,0.0,0.0,0.0
-25.221,-27.148202,0.0,0.0,0.0,0.0,0.0,0.0,0.0,0.0,0.0,0.0,0.0,0.0,0.0,0.0,0.0,0.0
-25.213,-27.140202000000002,0.0,0.0,0.0,0.0,0.0,0.0,0.0,0.0,0.0,0.0,0.0,0.0,0.0,0.0,0.0,0.0
-25.205,-27.132202,0.0,0.0,0.0,0.0,0.0,0.0,0.0,0.0,0.0,0.0,0.0,0.0,0.0,0.0,0.0,0.0
-25.196,-27.123202000000003,0.0,0.0,0.0,0.0,0.0,0.0,0.0,0.0,0.0,0.0,0.0,0.0,0.0,0.0,0.0,0.0
-25.188,-27.115202,0.0,0.0,0.0,0.0,0.0,0.0,0.0,0.0,0.0,0.0,0.0,0.0,0.0,0.0,0.0,0.0
-25.18,-27.107202,0.0,0.0,0.0,0.0,0.0,0.0,0.0,0.0,0.0,0.0,0.0,0.0,0.0,0.0,0.0,0.0
-25.171,-27.098202,0.0,0.0,0.0,0.0,0.0,0.0,0.0,0.0,0.0,0.0,0.0,0.0,0.0,0.0,0.0,0.0
-25.163,-27.090202,0.0,0.0,0.0,0.0,0.0,0.0,0.0,0.0,0.0,0.0,0.0,0.0,0.0,0.0,0.0,0.0
-25.155,-27.082202000000002,0.0,0.0,0.0,0.0,0.0,0.0,0.0,0.0,0.0,0.0,0.0,0.0,0.0,0.0,0.0,0.0
-25.146,-27.073202000000002,0.0,0.0,0.0,0.0,0.0,0.0,0.0,0.0,0.0,0.0,0.0,0.0,0.0,0.0,0.0,0.0
-25.138,-27.065202000000003,0.0,0.0,0.0,0.0,0.0,0.0,0.0,0.0,0.0,0.0,0.0,0.0,0.0,0.0,0.0,0.0
-25.13,-27.057202,0.0,0.0,0.0,0.0,0.0,0.0,0.0,0.0,0.0,0.0,0.0,0.0,0.0,0.0,0.0,0.0
-25.122,-27.049202,0.0,0.0,0.0,0.0,0.0,0.0,0.0,0.0,0.0,0.0,0.0,0.0,0.0,0.0,0.0,0.0
-25.113,-27.040202,0.0,0.0,0.0,0.0,0.0,0.0,0.0,0.0,0.0,0.0,0.0,0.0,0.0,0.0,0.0,0.0
-25.105,-27.032202,0.0,0.0,0.0,0.0,0.0,0.0,0.0,0.0,0.0,0.0,0.0,0.0,0.0,0.0,0.0,0.0
-25.097,-27.024202000000002,0.0,0.0,0.0,0.0,0.0,0.0,0.0,0.0,0.0,0.0,0.0,0.0,0.0,0.0,0.0,0.0
-25.088,-27.015202000000002,0.0,0.0,0.0,0.0,0.0,0.0,0.0,0.0,0.0,0.0,0.0,0.0,0.0,0.0,0.0,0.0
-25.08,-27.007202,0.0,0.0,0.0,0.0,0.0,0.0,0.0,0.0,0.0,0.0,0.0,0.0,0.0,0.0,0.0,0.0
-25.072,-26.999202,0.0,0.0,0.0,0.0,0.0,0.0,0.0,0.0,0.0,0.0,0.0,0.0,0.0,0.0,0.0,0.0
-25.063,-26.990202,0.0,0.0,0.0,0.0,0.0,0.0,0.0,0.0,0.0,0.0,0.0,0.0,0.0,0.0,0.0,0.0
-25.055,-26.982202,0.0,0.0,0.0,0.0,0.0,0.0,0.0,0.0,0.0,0.0,0.0,0.0,0.0,0.0,0.0,0.0
-25.047,-26.974202000000002,0.0,0.0,0.0,0.0,0.0,0.0,0.0,0.0,0.0,0.0,0.0,0.0,0.0,0.0,0.0,0.0
-25.038,-26.965202,0.0,0.0,0.0,0.0,0.0,0.0,0.0,0.0,0.0,0.0,0.0,0.0,0.0,0.0,0.0,0.0
-25.03,-26.957202000000002,0.0,0.0,0.0,0.0,0.0,0.0,0.0,0.0,0.0,0.0,0.0,0.0,0.0,0.0,0.0,0.0
-25.022,-26.949202,0.0,0.0,0.0,0.0,0.0,0.0,0.0,0.0,0.0,0.0,0.0,0.0,0.0,0.0,0.0,0.0
-25.014,-26.941202,0.0,0.0,0.0,0.0,0.0,0.0,0.0,0.0,0.0,0.0,0.0,0.0,0.0,0.0,0.0,0.0
-25.005,-26.932202,0.0,0.0,0.0,0.0,0.0,0.0,0.0,0.0,0.0,0.0,0.0,0.0,0.0,0.0,0.0,0.0
-24.997,-26.924202,0.0,0.0,0.0,0.0,0.0,0.0,0.0,0.0,0.0,0.0,0.0,0.0,0.0,0.0,0.0,0.0
-24.989,-26.916202000000002,0.0,0.0,0.0,0.0,0.0,0.0,0.0,0.0,0.0,0.0,0.0,0.0,0.0,0.0,0.0,0.0
-24.98,-26.907202,0.0,0.0,0.0,0.0,0.0,0.0,0.0,0.0,0.0,0.0,0.0,0.0,0.0,0.0,0.0,0.0
-24.972,-26.899202000000002,0.0,0.0,0.0,0.0,0.0,0.0,0.0,0.0,0.0,0.0,0.0,0.0,0.0,0.0,0.0,0.0
-24.964,-26.891202,0.0,0.0,0.0,0.0,0.0,0.0,0.0,0.0,0.0,0.0,0.0,0.0,0.0,0.0,0.0,0.0
-24.955,-26.882202,0.0,0.0,0.0,0.0,0.0,0.0,0.0,0.0,0.0,0.0,0.0,0.0,0.0,0.0,0.0,0.0
-24.947,-26.874202,0.0,0.0,0.0,0.0,0.0,0.0,0.0,0.0,0.0,0.0,0.0,0.0,0.0,0.0,0.0,0.0
-24.939,-26.866202,0.0,0.0,0.0,0.0,0.0,0.0,0.0,0.0,0.0,0.0,0.0,0.0,0.0,0.0,0.0,0.0
-24.93,-26.857202,0.0,0.0,0.0,0.0,0.0,0.0,0.0,0.0,0.0,0.0,0.0,0.0,0.0,0.0,0.0,0.0
-24.922,-26.849202000000002,0.0,0.0,0.0,0.0,0.0,0.0,0.0,0.0,0.0,0.0,0.0,0.0,0.0,0.0,0.0,0.0
-24.914,-26.841202000000003,0.0,0.0,0.0,0.0,0.0,0.0,0.0,0.0,0.0,0.0,0.0,0.0,0.0,0.0,0.0,0.0
-24.906,-26.833202,0.0,0.0,0.0,0.0,0.0,0.0,0.0,0.0,0.0,0.0,0.0,0.0,0.0,0.0,0.0,0.0
-24.897,-26.824202,0.0,0.0,0.0,0.0,0.0,0.0,0.0,0.0,0.0,0.0,0.0,0.0,0.0,0.0,0.0,0.0
-24.889,-26.816202,0.0,0.0,0.0,0.0,0.0,0.0,0.0,0.0,0.0,0.0,0.0,0.0,0.0,0.0,0.0,0.0
-24.881,-26.808202,0.0,0.0,0.0,0.0,0.0,0.0,0.0,0.0,0.0,0.0,0.0,0.0,0.0,0.0,0.0,0.0
-24.872,-26.799202,0.0,0.0,0.0,0.0,0.0,0.0,0.0,0.0,0.0,0.0,0.0,0.0,0.0,0.0,0.0,0.0
-24.864,-26.791202000000002,0.0,0.0,0.0,0.0,0.0,0.0,0.0,0.0,0.0,0.0,0.0,0.0,0.0,0.0,0.0,0.0
-24.856,-26.783202000000003,0.0,0.0,0.0,0.0,0.0,0.0,0.0,0.0,0.0,0.0,0.0,0.0,0.0,0.0,0.0,0.0
-24.847,-26.774202000000002,0.0,0.0,0.0,0.0,0.0,0.0,0.0,0.0,0.0,0.0,0.0,0.0,0.0,0.0,0.0,0.0
-24.839,-26.766202,0.0,0.0,0.0,0.0,0.0,0.0,0.0,0.0,0.0,0.0,0.0,0.0,0.0,0.0,0.0,0.0
-24.831,-26.758202,0.0,0.0,0.0,0.0,0.0,0.0,0.0,0.0,0.0,0.0,0.0,0.0,0.0,0.0,0.0,0.0
-24.822,-26.749202,0.0,0.0,0.0,0.0,0.0,0.0,0.0,0.0,0.0,0.0,0.0,0.0,0.0,0.0,0.0,0.0
-24.814,-26.741202,0.0,0.0,0.0,0.0,0.0,0.0,0.0,0.0,0.0,0.0,0.0,0.0,0.0,0.0,0.0,0.0
-24.806,-26.733202000000002,0.0,0.0,0.0,0.0,0.0,0.0,0.0,0.0,0.0,0.0,0.0,0.0,0.0,0.0,0.0,0.0
-24.798,-26.725202,0.0,0.0,0.0,0.0,0.0,0.0,0.0,0.0,0.0,0.0,0.0,0.0,0.0,0.0,0.0,0.0
-24.789,-26.716202000000003,0.0,0.0,0.0,0.0,0.0,0.0,0.0,0.0,0.0,0.0,0.0,0.0,0.0,0.0,0.0,0.0
-24.781,-26.708202,0.0,0.0,0.0,0.0,0.0,0.0,0.0,0.0,0.0,0.0,0.0,0.0,0.0,0.0,0.0,0.0
-24.773,-26.700202,0.0,0.0,0.0,0.0,0.0,0.0,0.0,0.0,0.0,0.0,0.0,0.0,0.0,0.0,0.0,0.0
-24.764,-26.691202,0.0,0.0,0.0,0.0,0.0,0.0,0.0,0.0,0.0,0.0,0.0,0.0,0.0,0.0,0.0,0.0
-24.756,-26.683202,0.0,0.0,0.0,0.0,0.0,0.0,0.0,0.0,0.0,0.0,0.0,0.0,0.0,0.0,0.0,0.0
-24.748,-26.675202000000002,0.0,0.0,0.0,0.0,0.0,0.0,0.0,0.0,0.0,0.0,0.0,0.0,0.0,0.0,0.0,0.0
-24.739,-26.666202000000002,0.0,0.0,0.0,0.0,0.0,0.0,0.0,0.0,0.0,0.0,0.0,0.0,0.0,0.0,0.0,0.0
-24.731,-26.658202000000003,0.0,0.0,0.0,0.0,0.0,0.0,0.0,0.0,0.0,0.0,0.0,0.0,0.0,0.0,0.0,0.0
-24.723,-26.650202,0.0,0.0,0.0,0.0,0.0,0.0,0.0,0.0,0.0,0.0,0.0,0.0,0.0,0.0,0.0,0.0
-24.714,-26.641202,0.0,0.0,0.0,0.0,0.0,0.0,0.0,0.0,0.0,0.0,0.0,0.0,0.0,0.0,0.0,0.0
-24.706,-26.633202,0.0,0.0,0.0,0.0,0.0,0.0,0.0,0.0,0.0,0.0,0.0,0.0,0.0,0.0,0.0,0.0
-24.698,-26.625202,0.0,0.0,0.0,0.0,0.0,0.0,0.0,0.0,0.0,0.0,0.0,0.0,0.0,0.0,0.0,0.0
-24.69,-26.617202000000002,0.0,0.0,0.0,0.0,0.0,0.0,0.0,0.0,0.0,0.0,0.0,0.0,0.0,0.0,0.0,0.0
-24.681,-26.608202000000002,0.0,0.0,0.0,0.0,0.0,0.0,0.0,0.0,0.0,0.0,0.0,0.0,0.0,0.0,0.0,0.0
-24.673,-26.600202,0.0,0.0,0.0,0.0,0.0,0.0,0.0,0.0,0.0,0.0,0.0,0.0,0.0,0.0,0.0,0.0
-24.665,-26.592202,0.0,0.0,0.0,0.0,0.0,0.0,0.0,0.0,0.0,0.0,0.0,0.0,0.0,0.0,0.0,0.0
-24.656,-26.583202,0.0,0.0,0.0,0.0,0.0,0.0,0.0,0.0,0.0,0.0,0.0,0.0,0.0,0.0,0.0,0.0
-24.648,-26.575202,0.0,0.0,0.0,0.0,0.0,0.0,0.0,0.0,0.0,0.0,0.0,0.0,0.0,0.0,0.0,0.0
-24.64,-26.567202,0.0,0.0,0.0,0.0,0.0,0.0,0.0,0.0,0.0,0.0,0.0,0.0,0.0,0.0,0.0,0.0
-24.631,-26.558202,0.0,0.0,0.0,0.0,0.0,0.0,0.0,0.0,0.0,0.0,0.0,0.0,0.0,0.0,0.0,0.0
-24.623,-26.550202000000002,0.0,0.0,0.0,0.0,0.0,0.0,0.0,0.0,0.0,0.0,0.0,0.0,0.0,0.0,0.0,0.0
-24.615,-26.542202,0.0,0.0,0.0,0.0,0.0,0.0,0.0,0.0,0.0,0.0,0.0,0.0,0.0,0.0,0.0,0.0
-24.606,-26.533202000000003,0.0,0.0,0.0,0.0,0.0,0.0,0.0,0.0,0.0,0.0,0.0,0.0,0.0,0.0,0.0,0.0
-24.598,-26.525202,0.0,0.0,0.0,0.0,0.0,0.0,0.0,0.0,0.0,0.0,0.0,0.0,0.0,0.0,0.0,0.0
-24.59,-26.517202,0.0,0.0,0.0,0.0,0.0,0.0,0.0,0.0,0.0,0.0,0.0,0.0,0.0,0.0,0.0,0.0
-24.582,-26.509202000000002,0.0,0.0,0.0,0.0,0.0,0.0,0.0,0.0,0.0,0.0,0.0,0.0,0.0,0.0,0.0,0.0
-24.573,-26.500202,0.0,0.0,0.0,0.0,0.0,0.0,0.0,0.0,0.0,0.0,0.0,0.0,0.0,0.0,0.0,0.0
-24.565,-26.492202000000002,0.0,0.0,0.0,0.0,0.0,0.0,0.0,0.0,0.0,0.0,0.0,0.0,0.0,0.0,0.0,0.0
-24.557,-26.484202,0.0,0.0,0.0,0.0,0.0,0.0,0.0,0.0,0.0,0.0,0.0,0.0,0.0,0.0,0.0,0.0
-24.548,-26.475202,0.0,0.0,0.0,0.0,0.0,0.0,0.0,0.0,0.0,0.0,0.0,0.0,0.0,0.0,0.0,0.0
-24.54,-26.467202,0.0,0.0,0.0,0.0,0.0,0.0,0.0,0.0,0.0,0.0,0.0,0.0,0.0,0.0,0.0,0.0
-24.532,-26.459202,0.0,0.0,0.0,0.0,0.0,0.0,0.0,0.0,0.0,0.0,0.0,0.0,0.0,0.0,0.0,0.0
-24.523,-26.450202,0.0,0.0,0.0,0.0,0.0,0.0,0.0,0.0,0.0,0.0,0.0,0.0,0.0,0.0,0.0,0.0
-24.515,-26.442202,0.0,0.0,0.0,0.0,0.0,0.0,0.0,0.0,0.0,0.0,0.0,0.0,0.0,0.0,0.0,0.0
-24.507,-26.434202000000003,0.0,0.0,0.0,0.0,0.0,0.0,0.0,0.0,0.0,0.0,0.0,0.0,0.0,0.0,0.0,0.0
-24.498,-26.425202000000002,0.0,0.0,0.0,0.0,0.0,0.0,0.0,0.0,0.0,0.0,0.0,0.0,0.0,0.0,0.0,0.0
-24.49,-26.417202,0.0,0.0,0.0,0.0,0.0,0.0,0.0,0.0,0.0,0.0,0.0,0.0,0.0,0.0,0.0,0.0
-24.482,-26.409202,0.0,0.0,0.0,0.0,0.0,0.0,0.0,0.0,0.0,0.0,0.0,0.0,0.0,0.0,0.0,0.0
-24.474,-26.401202,0.0,0.0,0.0,0.0,0.0,0.0,0.0,0.0,0.0,0.0,0.0,0.0,0.0,0.0,0.0,0.0
-24.465,-26.392202,0.0,0.0,0.0,0.0,0.0,0.0,0.0,0.0,0.0,0.0,0.0,0.0,0.0,0.0,0.0,0.0
-24.457,-26.384202000000002,0.0,0.0,0.0,0.0,0.0,0.0,0.0,0.0,0.0,0.0,0.0,0.0,0.0,0.0,0.0,0.0
-24.449,-26.376202000000003,0.0,0.0,0.0,0.0,0.0,0.0,0.0,0.0,0.0,0.0,0.0,0.0,0.0,0.0,0.0,0.0
-24.44,-26.367202000000002,0.0,0.0,0.0,0.0,0.0,0.0,0.0,0.0,0.0,0.0,0.0,0.0,0.0,0.0,0.0,0.0
-24.432,-26.359202,0.0,0.0,0.0,0.0,0.0,0.0,0.0,0.0,0.0,0.0,0.0,0.0,0.0,0.0,0.0,0.0
-24.424,-26.351202,0.0,0.0,0.0,0.0,0.0,0.0,0.0,0.0,0.0,0.0,0.0,0.0,0.0,0.0,0.0,0.0
-24.415,-26.342202,0.0,0.0,0.0,0.0,0.0,0.0,0.0,0.0,0.0,0.0,0.0,0.0,0.0,0.0,0.0,0.0
-24.407,-26.334202,0.0,0.0,0.0,0.0,0.0,0.0,0.0,0.0,0.0,0.0,0.0,0.0,0.0,0.0,0.0,0.0
-24.399,-26.326202000000002,0.0,0.0,0.0,0.0,0.0,0.0,0.0,0.0,0.0,0.0,0.0,0.0,0.0,0.0,0.0,0.0
-24.39,-26.317202,0.0,0.0,0.0,0.0,0.0,0.0,0.0,0.0,0.0,0.0,0.0,0.0,0.0,0.0,0.0,0.0
-24.382,-26.309202000000003,0.0,0.0,0.0,0.0,0.0,0.0,0.0,0.0,0.0,0.0,0.0,0.0,0.0,0.0,0.0,0.0
-24.374,-26.301202,0.0,0.0,0.0,0.0,0.0,0.0,0.0,0.0,0.0,0.0,0.0,0.0,0.0,0.0,0.0,0.0
-24.366,-26.293202,0.0,0.0,0.0,0.0,0.0,0.0,0.0,0.0,0.0,0.0,0.0,0.0,0.0,0.0,0.0,0.0
-24.357,-26.284202,0.0,0.0,0.0,0.0,0.0,0.0,0.0,0.0,0.0,0.0,0.0,0.0,0.0,0.0,0.0,0.0
-24.349,-26.276202,0.0,0.0,0.0,0.0,0.0,0.0,0.0,0.0,0.0,0.0,0.0,0.0,0.0,0.0,0.0,0.0
-24.341,-26.268202000000002,0.0,0.0,0.0,0.0,0.0,0.0,0.0,0.0,0.0,0.0,0.0,0.0,0.0,0.0,0.0,0.0
-24.332,-26.259202000000002,0.0,0.0,0.0,0.0,0.0,0.0,0.0,0.0,0.0,0.0,0.0,0.0,0.0,0.0,0.0,0.0
-24.324,-26.251202000000003,0.0,0.0,0.0,0.0,0.0,0.0,0.0,0.0,0.0,0.0,0.0,0.0,0.0,0.0,0.0,0.0
-24.316,-26.243202,0.0,0.0,0.0,0.0,0.0,0.0,0.0,0.0,0.0,0.0,0.0,0.0,0.0,0.0,0.0,0.0
-24.307,-26.234202,0.0,0.0,0.0,0.0,0.0,0.0,0.0,0.0,0.0,0.0,0.0,0.0,0.0,0.0,0.0,0.0
-24.299,-26.226202,0.0,0.0,0.0,0.0,0.0,0.0,0.0,0.0,0.0,0.0,0.0,0.0,0.0,0.0,0.0,0.0
-24.291,-26.218202,0.0,0.0,0.0,0.0,0.0,0.0,0.0,0.0,0.0,0.0,0.0,0.0,0.0,0.0,0.0,0.0
-24.282,-26.209202,0.0,0.0,0.0,0.0,0.0,0.0,0.0,0.0,0.0,0.0,0.0,0.0,0.0,0.0,0.0,0.0
-24.274,-26.201202000000002,0.0,0.0,0.0,0.0,0.0,0.0,0.0,0.0,0.0,0.0,0.0,0.0,0.0,0.0,0.0,0.0
-24.266,-26.193202,0.0,0.0,0.0,0.0,0.0,0.0,0.0,0.0,0.0,0.0,0.0,0.0,0.0,0.0,0.0,0.0
-24.258,-26.185202,0.0,0.0,0.0,0.0,0.0,0.0,0.0,0.0,0.0,0.0,0.0,0.0,0.0,0.0,0.0,0.0
-24.249,-26.176202,0.0,0.0,0.0,0.0,0.0,0.0,0.0,0.0,0.0,0.0,0.0,0.0,0.0,0.0,0.0,0.0
-24.241,-26.168202,0.0,0.0,0.0,0.0,0.0,0.0,0.0,0.0,0.0,0.0,0.0,0.0,0.0,0.0,0.0,0.0
-24.233,-26.160202,0.0,0.0,0.0,0.0,0.0,0.0,0.0,0.0,0.0,0.0,0.0,0.0,0.0,0.0,0.0,0.0
-24.224,-26.151202,0.0,0.0,0.0,0.0,0.0,0.0,0.0,0.0,0.0,0.0,0.0,0.0,0.0,0.0,0.0,0.0
-24.216,-26.143202000000002,0.0,0.0,0.0,0.0,0.0,0.0,0.0,0.0,0.0,0.0,0.0,0.0,0.0,0.0,0.0,0.0
-24.208,-26.135202,0.0,0.0,0.0,0.0,0.0,0.0,0.0,0.0,0.0,0.0,0.0,0.0,0.0,0.0,0.0,0.0
-24.199,-26.126202000000003,0.0,0.0,0.0,0.0,0.0,0.0,0.0,0.0,0.0,0.0,0.0,0.0,0.0,0.0,0.0,0.0
-24.191,-26.118202,0.0,0.0,0.0,0.0,0.0,0.0,0.0,0.0,0.0,0.0,0.0,0.0,0.0,0.0,0.0,0.0
-24.183,-26.110202,0.0,0.0,0.0,0.0,0.0,0.0,0.0,0.0,0.0,0.0,0.0,0.0,0.0,0.0,0.0,0.0
-24.174,-26.101202,0.0,0.0,0.0,0.0,0.0,0.0,0.0,0.0,0.0,0.0,0.0,0.0,0.0,0.0,0.0,0.0
-24.166,-26.093202,0.0,0.0,0.0,0.0,0.0,0.0,0.0,0.0,0.0,0.0,0.0,0.0,0.0,0.0,0.0,0.0
-24.158,-26.085202000000002,0.0,0.0,0.0,0.0,0.0,0.0,0.0,0.0,0.0,0.0,0.0,0.0,0.0,0.0,0.0,0.0
-24.15,-26.077202,0.0,0.0,0.0,0.0,0.0,0.0,0.0,0.0,0.0,0.0,0.0,0.0,0.0,0.0,0.0,0.0
-24.141,-26.068202,0.0,0.0,0.0,0.0,0.0,0.0,0.0,0.0,0.0,0.0,0.0,0.0,0.0,0.0,0.0,0.0
-24.133,-26.060202,0.0,0.0,0.0,0.0,0.0,0.0,0.0,0.0,0.0,0.0,0.0,0.0,0.0,0.0,0.0,0.0
-24.125,-26.052202,0.0,0.0,0.0,0.0,0.0,0.0,0.0,0.0,0.0,0.0,0.0,0.0,0.0,0.0,0.0,0.0
-24.116,-26.043202,0.0,0.0,0.0,0.0,0.0,0.0,0.0,0.0,0.0,0.0,0.0,0.0,0.0,0.0,0.0,0.0
-24.108,-26.035202,0.0,0.0,0.0,0.0,0.0,0.0,0.0,0.0,0.0,0.0,0.0,0.0,0.0,0.0,0.0,0.0
-24.1,-26.027202000000003,0.0,0.0,0.0,0.0,0.0,0.0,0.0,0.0,0.0,0.0,0.0,0.0,0.0,0.0,0.0,0.0
-24.091,-26.018202000000002,0.0,0.0,0.0,0.0,0.0,0.0,0.0,0.0,0.0,0.0,0.0,0.0,0.0,0.0,0.0,0.0
-24.083,-26.010202,0.0,0.0,0.0,0.0,0.0,0.0,0.0,0.0,0.0,0.0,0.0,0.0,0.0,0.0,0.0,0.0
-24.075,-26.002202,0.0,0.0,0.0,0.0,0.0,0.0,0.0,0.0,0.0,0.0,0.0,0.0,0.0,0.0,0.0,0.0
-24.066,-25.993202,0.0,0.0,0.0,0.0,0.0,0.0,0.0,0.0,0.0,0.0,0.0,0.0,0.0,0.0,0.0,0.0
-24.058,-25.985202,0.0,0.0,0.0,0.0,0.0,0.0,0.0,0.0,0.0,0.0,0.0,0.0,0.0,0.0,0.0,0.0
-24.05,-25.977202000000002,0.0,0.0,0.0,0.0,0.0,0.0,0.0,0.0,0.0,0.0,0.0,0.0,0.0,0.0,0.0,0.0
-24.042,-25.969202000000003,0.0,0.0,0.0,0.0,0.0,0.0,0.0,0.0,0.0,0.0,0.0,0.0,0.0,0.0,0.0,0.0
-24.033,-25.960202000000002,0.0,0.0,0.0,0.0,0.0,0.0,0.0,0.0,0.0,0.0,0.0,0.0,0.0,0.0,0.0,0.0
-24.025,-25.952202,0.0,0.0,0.0,0.0,0.0,0.0,0.0,0.0,0.0,0.0,0.0,0.0,0.0,0.0,0.0,0.0
-24.017,-25.944202,0.0,0.0,0.0,0.0,0.0,0.0,0.0,0.0,0.0,0.0,0.0,0.0,0.0,0.0,0.0,0.0
-24.008,-25.935202,0.0,0.0,0.0,0.0,0.0,0.0,0.0,0.0,0.0,0.0,0.0,0.0,0.0,0.0,0.0,0.0
-24.0,-25.927202,0.0,0.0,0.0,0.0,0.0,0.0,0.0,0.0,0.0,0.0,0.0,0.0,0.0,0.0,0.0,0.0
-23.992,-25.919202000000002,0.0,0.0,0.0,0.0,0.0,0.0,0.0,0.0,0.0,0.0,0.0,0.0,0.0,0.0,0.0,0.0
-23.983,-25.910202,0.0,0.0,0.0,0.0,0.0,0.0,0.0,0.0,0.0,0.0,0.0,0.0,0.0,0.0,0.0,0.0
-23.975,-25.902202000000003,0.0,0.0,0.0,0.0,0.0,0.0,0.0,0.0,0.0,0.0,0.0,0.0,0.0,0.0,0.0,0.0
-23.967,-25.894202,0.0,0.0,0.0,0.0,0.0,0.0,0.0,0.0,0.0,0.0,0.0,0.0,0.0,0.0,0.0,0.0
-23.958,-25.885202,0.0,0.0,0.0,0.0,0.0,0.0,0.0,0.0,0.0,0.0,0.0,0.0,0.0,0.0,0.0,0.0
-23.95,-25.877202,0.0,0.0,0.0,0.0,0.0,0.0,0.0,0.0,0.0,0.0,0.0,0.0,0.0,0.0,0.0,0.0
-23.942,-25.869202,0.0,0.0,0.0,0.0,0.0,0.0,0.0,0.0,0.0,0.0,0.0,0.0,0.0,0.0,0.0,0.0
-23.934,-25.861202000000002,0.0,0.0,0.0,0.0,0.0,0.0,0.0,0.0,0.0,0.0,0.0,0.0,0.0,0.0,0.0,0.0
-23.925,-25.852202000000002,0.0,0.0,0.0,0.0,0.0,0.0,0.0,0.0,0.0,0.0,0.0,0.0,0.0,0.0,0.0,0.0
-23.917,-25.844202000000003,0.0,0.0,0.0,0.0,0.0,0.0,0.0,0.0,0.0,0.0,0.0,0.0,0.0,0.0,0.0,0.0
-23.909,-25.836202,0.0,0.0,0.0,0.0,0.0,0.0,0.0,0.0,0.0,0.0,0.0,0.0,0.0,0.0,0.0,0.0
-23.9,-25.827202,0.0,0.0,0.0,0.0,0.0,0.0,0.0,0.0,0.0,0.0,0.0,0.0,0.0,0.0,0.0,0.0
-23.892,-25.819202,0.0,0.0,0.0,0.0,0.0,0.0,0.0,0.0,0.0,0.0,0.0,0.0,0.0,0.0,0.0,0.0
-23.884,-25.811202,0.0,0.0,0.0,0.0,0.0,0.0,0.0,0.0,0.0,0.0,0.0,0.0,0.0,0.0,0.0,0.0
-23.875,-25.802202,0.0,0.0,0.0,0.0,0.0,0.0,0.0,0.0,0.0,0.0,0.0,0.0,0.0,0.0,0.0,0.0
-23.867,-25.794202000000002,0.0,0.0,0.0,0.0,0.0,0.0,0.0,0.0,0.0,0.0,0.0,0.0,0.0,0.0,0.0,0.0
-23.859,-25.786202000000003,0.0,0.0,0.0,0.0,0.0,0.0,0.0,0.0,0.0,0.0,0.0,0.0,0.0,0.0,0.0,0.0
-23.85,-25.777202000000003,0.0,0.0,0.0,0.0,0.0,0.0,0.0,0.0,0.0,0.0,0.0,0.0,0.0,0.0,0.0,0.0
-23.842,-25.769202,0.0,0.0,0.0,0.0,0.0,0.0,0.0,0.0,0.0,0.0,0.0,0.0,0.0,0.0,0.0,0.0
-23.834,-25.761202,0.0,0.0,0.0,0.0,0.0,0.0,0.0,0.0,0.0,0.0,0.0,0.0,0.0,0.0,0.0,0.0
-23.826,-25.753202,0.0,0.0,0.0,0.0,0.0,0.0,0.0,0.0,0.0,0.0,0.0,0.0,0.0,0.0,0.0,0.0
-23.817,-25.744202,0.0,0.0,0.0,0.0,0.0,0.0,0.0,0.0,0.0,0.0,0.0,0.0,0.0,0.0,0.0,0.0
-23.809,-25.736202000000002,0.0,0.0,0.0,0.0,0.0,0.0,0.0,0.0,0.0,0.0,0.0,0.0,0.0,0.0,0.0,0.0
-23.801,-25.728202,0.0,0.0,0.0,0.0,0.0,0.0,0.0,0.0,0.0,0.0,0.0,0.0,0.0,0.0,0.0,0.0
-23.792,-25.719202000000003,0.0,0.0,0.0,0.0,0.0,0.0,0.0,0.0,0.0,0.0,0.0,0.0,0.0,0.0,0.0,0.0
-23.784,-25.711202,0.0,0.0,0.0,0.0,0.0,0.0,0.0,0.0,0.0,0.0,0.0,0.0,0.0,0.0,0.0,0.0
-23.776,-25.703202,0.0,0.0,0.0,0.0,0.0,0.0,0.0,0.0,0.0,0.0,0.0,0.0,0.0,0.0,0.0,0.0
-23.767,-25.694202,0.0,0.0,0.0,0.0,0.0,0.0,0.0,0.0,0.0,0.0,0.0,0.0,0.0,0.0,0.0,0.0
-23.759,-25.686202,0.0,0.0,0.0,0.0,0.0,0.0,0.0,0.0,0.0,0.0,0.0,0.0,0.0,0.0,0.0,0.0
-23.751,-25.678202000000002,0.0,0.0,0.0,0.0,0.0,0.0,0.0,0.0,0.0,0.0,0.0,0.0,0.0,0.0,0.0,0.0
-23.742,-25.669202000000002,0.0,0.0,0.0,0.0,0.0,0.0,0.0,0.0,0.0,0.0,0.0,0.0,0.0,0.0,0.0,0.0
-23.734,-25.661202000000003,0.0,0.0,0.0,0.0,0.0,0.0,0.0,0.0,0.0,0.0,0.0,0.0,0.0,0.0,0.0,0.0
-23.726,-25.653202,0.0,0.0,0.0,0.0,0.0,0.0,0.0,0.0,0.0,0.0,0.0,0.0,0.0,0.0,0.0,0.0
-23.718,-25.645202,0.0,0.0,0.0,0.0,0.0,0.0,0.0,0.0,0.0,0.0,0.0,0.0,0.0,0.0,0.0,0.0
-23.709,-25.636202,0.0,0.0,0.0,0.0,0.0,0.0,0.0,0.0,0.0,0.0,0.0,0.0,0.0,0.0,0.0,0.0
-23.701,-25.628202,0.0,0.0,0.0,0.0,0.0,0.0,0.0,0.0,0.0,0.0,0.0,0.0,0.0,0.0,0.0,0.0
-23.693,-25.620202000000003,0.0,0.0,0.0,0.0,0.0,0.0,0.0,0.0,0.0,0.0,0.0,0.0,0.0,0.0,0.0,0.0
-23.684,-25.611202000000002,0.0,0.0,0.0,0.0,0.0,0.0,0.0,0.0,0.0,0.0,0.0,0.0,0.0,0.0,0.0,0.0
-23.676,-25.603202,0.0,0.0,0.0,0.0,0.0,0.0,0.0,0.0,0.0,0.0,0.0,0.0,0.0,0.0,0.0,0.0
-23.668,-25.595202,0.0,0.0,0.0,0.0,0.0,0.0,0.0,0.0,0.0,0.0,0.0,0.0,0.0,0.0,0.0,0.0
-23.659,-25.586202,0.0,0.0,0.0,0.0,0.0,0.0,0.0,0.0,0.0,0.0,0.0,0.0,0.0,0.0,0.0,0.0
-23.651,-25.578202,0.0,0.0,0.0,0.0,0.0,0.0,0.0,0.0,0.0,0.0,0.0,0.0,0.0,0.0,0.0,0.0
-23.643,-25.570202000000002,0.0,0.0,0.0,0.0,0.0,0.0,0.0,0.0,0.0,0.0,0.0,0.0,0.0,0.0,0.0,0.0
-23.634,-25.561202,0.0,0.0,0.0,0.0,0.0,0.0,0.0,0.0,0.0,0.0,0.0,0.0,0.0,0.0,0.0,0.0
-23.626,-25.553202000000002,0.0,0.0,0.0,0.0,0.0,0.0,0.0,0.0,0.0,0.0,0.0,0.0,0.0,0.0,0.0,0.0
-23.618,-25.545202,0.0,0.0,0.0,0.0,0.0,0.0,0.0,0.0,0.0,0.0,0.0,0.0,0.0,0.0,0.0,0.0
-23.61,-25.537202,0.0,0.0,0.0,0.0,0.0,0.0,0.0,0.0,0.0,0.0,0.0,0.0,0.0,0.0,0.0,0.0
-23.601,-25.528202,0.0,0.0,0.0,0.0,0.0,0.0,0.0,0.0,0.0,0.0,0.0,0.0,0.0,0.0,0.0,0.0
-23.593,-25.520202,0.0,0.0,0.0,0.0,0.0,0.0,0.0,0.0,0.0,0.0,0.0,0.0,0.0,0.0,0.0,0.0
-23.585,-25.512202000000002,0.0,0.0,0.0,0.0,0.0,0.0,0.0,0.0,0.0,0.0,0.0,0.0,0.0,0.0,0.0,0.0
-23.576,-25.503202,0.0,0.0,0.0,0.0,0.0,0.0,0.0,0.0,0.0,0.0,0.0,0.0,0.0,0.0,0.0,0.0
-23.568,-25.495202000000003,0.0,0.0,0.0,0.0,0.0,0.0,0.0,0.0,0.0,0.0,0.0,0.0,0.0,0.0,0.0,0.0
-23.56,-25.487202,0.0,0.0,0.0,0.0,0.0,0.0,0.0,0.0,0.0,0.0,0.0,0.0,0.0,0.0,0.0,0.0
-23.551,-25.478202,0.0,0.0,0.0,0.0,0.0,0.0,0.0,0.0,0.0,0.0,0.0,0.0,0.0,0.0,0.0,0.0
-23.543,-25.470202,0.0,0.0,0.0,0.0,0.0,0.0,0.0,0.0,0.0,0.0,0.0,0.0,0.0,0.0,0.0,0.0
-23.535,-25.462202,0.0,0.0,0.0,0.0,0.0,0.0,0.0,0.0,0.0,0.0,0.0,0.0,0.0,0.0,0.0,0.0
-23.526,-25.453202,0.0,0.0,0.0,0.0,0.0,0.0,0.0,0.0,0.0,0.0,0.0,0.0,0.0,0.0,0.0,0.0
-23.518,-25.445202000000002,0.0,0.0,0.0,0.0,0.0,0.0,0.0,0.0,0.0,0.0,0.0,0.0,0.0,0.0,0.0,0.0
-23.51,-25.437202000000003,0.0,0.0,0.0,0.0,0.0,0.0,0.0,0.0,0.0,0.0,0.0,0.0,0.0,0.0,0.0,0.0
-23.502,-25.429202,0.0,0.0,0.0,0.0,0.0,0.0,0.0,0.0,0.0,0.0,0.0,0.0,0.0,0.0,0.0,0.0
-23.493,-25.420202,0.0,0.0,0.0,0.0,0.0,0.0,0.0,0.0,0.0,0.0,0.0,0.0,0.0,0.0,0.0,0.0
-23.485,-25.412202,240.75,2.1494999999999997e-09,1.6927499999999999e-07,1.37093e-07,9.989500000000002e-10,8.404499999999999e-11,239.40500020649,3.1955e-06,4.122999999999999e-06,2.2649009494999997e-05,0.07536,0.03769700262315,0.0,5.424000000000001e-07,2.8782845e-07,6.37972474e-06
-23.477,-25.404202,481.5,6.814e-06,1.1967000000000001e-06,4.86405e-07,5.9065e-06,1.17115e-10,479.06500130100005,1.7365e-06,2.2138e-06,1.20176587355e-05,0.025119,0.0148562,0.0,0.0312,0.0167760004173,0.004539674209849999
-23.468,-25.395202,481.5,1.535e-05,2.182e-06,6.825845e-07,9.7115e-12,1.8049499999999998e-10,479.3500003634,3.6000000000000005e-11,4.335250000000001e-09,6.43120655e-08,1.09025e-09,0.0023137000838325,0.0,1.4083000000000002e-09,0.0014181,0.001009600127385
-23.46,-25.387202000000002,0.0,0.0,0.0,0.0,0.0,0.0,0.0,0.0,0.0,0.0,0.0,0.0,0.0,0.0,0.0,0.0
-23.452,-25.379202000000003,0.0,0.0,0.0,0.0,0.0,0.0,0.0,0.0,0.0,0.0,0.0,0.0,0.0,0.0,0.0,0.0
-23.443,-25.370202000000003,0.0,0.0,0.0,0.0,0.0,0.0,0.0,0.0,0.0,0.0,0.0,0.0,0.0,0.0,0.0,0.0
-23.435,-25.362202,0.0,0.0,0.0,0.0,0.0,0.0,0.0,0.0,0.0,0.0,0.0,0.0,0.0,0.0,0.0,0.0
-23.427,-25.354202,0.0,0.0,0.0,0.0,0.0,0.0,0.0,0.0,0.0,0.0,0.0,0.0,0.0,0.0,0.0,0.0
-23.418,-25.345202,0.0,0.0,0.0,0.0,0.0,0.0,0.0,0.0,0.0,0.0,0.0,0.0,0.0,0.0,0.0,0.0
-23.41,-25.337202,0.0,0.0,0.0,0.0,0.0,0.0,0.0,0.0,0.0,0.0,0.0,0.0,0.0,0.0,0.0,0.0
-23.402,-25.329202000000002,0.0,0.0,0.0,0.0,0.0,0.0,0.0,0.0,0.0,0.0,0.0,0.0,0.0,0.0,0.0,0.0
-23.394,-25.321202,0.0,0.0,0.0,0.0,0.0,0.0,0.0,0.0,0.0,0.0,0.0,0.0,0.0,0.0,0.0,0.0
-23.385,-25.312202000000003,0.0,0.0,0.0,0.0,0.0,0.0,0.0,0.0,0.0,0.0,0.0,0.0,0.0,0.0,0.0,0.0
-23.377,-25.304202,0.0,0.0,0.0,0.0,0.0,0.0,0.0,0.0,0.0,0.0,0.0,0.0,0.0,0.0,0.0,0.0
-23.369,-25.296202,0.0,0.0,0.0,0.0,0.0,0.0,0.0,0.0,0.0,0.0,0.0,0.0,0.0,0.0,0.0,0.0
-23.36,-25.287202,0.0,0.0,0.0,0.0,0.0,0.0,0.0,0.0,0.0,0.0,0.0,0.0,0.0,0.0,0.0,0.0
-23.352,-25.279202,0.0,0.0,0.0,0.0,0.0,0.0,0.0,0.0,0.0,0.0,0.0,0.0,0.0,0.0,0.0,0.0
-23.344,-25.271202000000002,0.0,0.0,0.0,0.0,0.0,0.0,0.0,0.0,0.0,0.0,0.0,0.0,0.0,0.0,0.0,0.0
-23.335,-25.262202000000002,0.0,0.0,0.0,0.0,0.0,0.0,0.0,0.0,0.0,0.0,0.0,0.0,0.0,0.0,0.0,0.0
-23.327,-25.254202000000003,0.0,0.0,0.0,0.0,0.0,0.0,0.0,0.0,0.0,0.0,0.0,0.0,0.0,0.0,0.0,0.0
-23.319,-25.246202,0.0,0.0,0.0,0.0,0.0,0.0,0.0,0.0,0.0,0.0,0.0,0.0,0.0,0.0,0.0,0.0
-23.31,-25.237202,0.0,0.0,0.0,0.0,0.0,0.0,0.0,0.0,0.0,0.0,0.0,0.0,0.0,0.0,0.0,0.0
-23.302,-25.229202,0.0,0.0,0.0,0.0,0.0,0.0,0.0,0.0,0.0,0.0,0.0,0.0,0.0,0.0,0.0,0.0
-23.294,-25.221202,0.0,0.0,0.0,0.0,0.0,0.0,0.0,0.0,0.0,0.0,0.0,0.0,0.0,0.0,0.0,0.0
-23.286,-25.213202000000003,0.0,0.0,0.0,0.0,0.0,0.0,0.0,0.0,0.0,0.0,0.0,0.0,0.0,0.0,0.0,0.0
-23.277,-25.204202000000002,0.0,0.0,0.0,0.0,0.0,0.0,0.0,0.0,0.0,0.0,0.0,0.0,0.0,0.0,0.0,0.0
-23.269,-25.196202,0.0,0.0,0.0,0.0,0.0,0.0,0.0,0.0,0.0,0.0,0.0,0.0,0.0,0.0,0.0,0.0
-23.261,-25.188202,0.0,0.0,0.0,0.0,0.0,0.0,0.0,0.0,0.0,0.0,0.0,0.0,0.0,0.0,0.0,0.0
-23.252,-25.179202,0.0,0.0,0.0,0.0,0.0,0.0,0.0,0.0,0.0,0.0,0.0,0.0,0.0,0.0,0.0,0.0
-23.244,-25.171202,0.0,0.0,0.0,0.0,0.0,0.0,0.0,0.0,0.0,0.0,0.0,0.0,0.0,0.0,0.0,0.0
-23.236,-25.163202000000002,0.0,0.0,0.0,0.0,0.0,0.0,0.0,0.0,0.0,0.0,0.0,0.0,0.0,0.0,0.0,0.0
-23.227,-25.154202,0.0,0.0,0.0,0.0,0.0,0.0,0.0,0.0,0.0,0.0,0.0,0.0,0.0,0.0,0.0,0.0
-23.219,-25.146202000000002,0.0,0.0,0.0,0.0,0.0,0.0,0.0,0.0,0.0,0.0,0.0,0.0,0.0,0.0,0.0,0.0
-23.211,-25.138202,0.0,0.0,0.0,0.0,0.0,0.0,0.0,0.0,0.0,0.0,0.0,0.0,0.0,0.0,0.0,0.0
-23.202,-25.129202000000003,0.0,0.0,0.0,0.0,0.0,0.0,0.0,0.0,0.0,0.0,0.0,0.0,0.0,0.0,0.0,0.0
-23.194,-25.121202,0.0,0.0,0.0,0.0,0.0,0.0,0.0,0.0,0.0,0.0,0.0,0.0,0.0,0.0,0.0,0.0
-23.186,-25.113202,0.0,0.0,0.0,0.0,0.0,0.0,0.0,0.0,0.0,0.0,0.0,0.0,0.0,0.0,0.0,0.0
-23.178,-25.105202000000002,0.0,0.0,0.0,0.0,0.0,0.0,0.0,0.0,0.0,0.0,0.0,0.0,0.0,0.0,0.0,0.0
-23.169,-25.096202,0.0,0.0,0.0,0.0,0.0,0.0,0.0,0.0,0.0,0.0,0.0,0.0,0.0,0.0,0.0,0.0
-23.161,-25.088202000000003,0.0,0.0,0.0,0.0,0.0,0.0,0.0,0.0,0.0,0.0,0.0,0.0,0.0,0.0,0.0,0.0
-23.153,-25.080202,0.0,0.0,0.0,0.0,0.0,0.0,0.0,0.0,0.0,0.0,0.0,0.0,0.0,0.0,0.0,0.0
-23.144,-25.071202,0.0,0.0,0.0,0.0,0.0,0.0,0.0,0.0,0.0,0.0,0.0,0.0,0.0,0.0,0.0,0.0
-23.136,-25.063202,0.0,0.0,0.0,0.0,0.0,0.0,0.0,0.0,0.0,0.0,0.0,0.0,0.0,0.0,0.0,0.0
-23.128,-25.055202,0.0,0.0,0.0,0.0,0.0,0.0,0.0,0.0,0.0,0.0,0.0,0.0,0.0,0.0,0.0,0.0
-23.119,-25.046202,0.0,0.0,0.0,0.0,0.0,0.0,0.0,0.0,0.0,0.0,0.0,0.0,0.0,0.0,0.0,0.0
-23.111,-25.038202000000002,0.0,0.0,0.0,0.0,0.0,0.0,0.0,0.0,0.0,0.0,0.0,0.0,0.0,0.0,0.0,0.0
-23.103,-25.030202000000003,0.0,0.0,0.0,0.0,0.0,0.0,0.0,0.0,0.0,0.0,0.0,0.0,0.0,0.0,0.0,0.0
-23.094,-25.021202000000002,0.0,0.0,0.0,0.0,0.0,0.0,0.0,0.0,0.0,0.0,0.0,0.0,0.0,0.0,0.0,0.0
-23.086,-25.013202,0.0,0.0,0.0,0.0,0.0,0.0,0.0,0.0,0.0,0.0,0.0,0.0,0.0,0.0,0.0,0.0
-23.078,-25.005202,0.0,0.0,0.0,0.0,0.0,0.0,0.0,0.0,0.0,0.0,0.0,0.0,0.0,0.0,0.0,0.0
-23.07,-24.997202,0.0,0.0,0.0,0.0,0.0,0.0,0.0,0.0,0.0,0.0,0.0,0.0,0.0,0.0,0.0,0.0
-23.061,-24.988202,0.0,0.0,0.0,0.0,0.0,0.0,0.0,0.0,0.0,0.0,0.0,0.0,0.0,0.0,0.0,0.0
-23.053,-24.980202000000002,0.0,0.0,0.0,0.0,0.0,0.0,0.0,0.0,0.0,0.0,0.0,0.0,0.0,0.0,0.0,0.0
-23.045,-24.972202000000003,0.0,0.0,0.0,0.0,0.0,0.0,0.0,0.0,0.0,0.0,0.0,0.0,0.0,0.0,0.0,0.0
-23.036,-24.963202000000003,0.0,0.0,0.0,0.0,0.0,0.0,0.0,0.0,0.0,0.0,0.0,0.0,0.0,0.0,0.0,0.0
-23.028,-24.955202,0.0,0.0,0.0,0.0,0.0,0.0,0.0,0.0,0.0,0.0,0.0,0.0,0.0,0.0,0.0,0.0
-23.02,-24.947202,0.0,0.0,0.0,0.0,0.0,0.0,0.0,0.0,0.0,0.0,0.0,0.0,0.0,0.0,0.0,0.0
-23.011,-24.938202,0.0,0.0,0.0,0.0,0.0,0.0,0.0,0.0,0.0,0.0,0.0,0.0,0.0,0.0,0.0,0.0
-23.003,-24.930202,0.0,0.0,0.0,0.0,0.0,0.0,0.0,0.0,0.0,0.0,0.0,0.0,0.0,0.0,0.0,0.0
-22.995,-24.922202000000002,0.0,0.0,0.0,0.0,0.0,0.0,0.0,0.0,0.0,0.0,0.0,0.0,0.0,0.0,0.0,0.0
-22.986,-24.913202000000002,0.0,0.0,0.0,0.0,0.0,0.0,0.0,0.0,0.0,0.0,0.0,0.0,0.0,0.0,0.0,0.0
-22.978,-24.905202000000003,0.0,0.0,0.0,0.0,0.0,0.0,0.0,0.0,0.0,0.0,0.0,0.0,0.0,0.0,0.0,0.0
-22.97,-24.897202,0.0,0.0,0.0,0.0,0.0,0.0,0.0,0.0,0.0,0.0,0.0,0.0,0.0,0.0,0.0,0.0
-22.962,-24.889202,0.0,0.0,0.0,0.0,0.0,0.0,0.0,0.0,0.0,0.0,0.0,0.0,0.0,0.0,0.0,0.0
-22.953,-24.880202,0.0,0.0,0.0,0.0,0.0,0.0,0.0,0.0,0.0,0.0,0.0,0.0,0.0,0.0,0.0,0.0
-22.945,-24.872202,0.0,0.0,0.0,0.0,0.0,0.0,0.0,0.0,0.0,0.0,0.0,0.0,0.0,0.0,0.0,0.0
-22.937,-24.864202000000002,0.0,0.0,0.0,0.0,0.0,0.0,0.0,0.0,0.0,0.0,0.0,0.0,0.0,0.0,0.0,0.0
-22.928,-24.855202000000002,0.0,0.0,0.0,0.0,0.0,0.0,0.0,0.0,0.0,0.0,0.0,0.0,0.0,0.0,0.0,0.0
-22.92,-24.847202000000003,0.0,0.0,0.0,0.0,0.0,0.0,0.0,0.0,0.0,0.0,0.0,0.0,0.0,0.0,0.0,0.0
-22.912,-24.839202,0.0,0.0,0.0,0.0,0.0,0.0,0.0,0.0,0.0,0.0,0.0,0.0,0.0,0.0,0.0,0.0
-22.903,-24.830202,0.0,0.0,0.0,0.0,0.0,0.0,0.0,0.0,0.0,0.0,0.0,0.0,0.0,0.0,0.0,0.0
-22.895,-24.822202,0.0,0.0,0.0,0.0,0.0,0.0,0.0,0.0,0.0,0.0,0.0,0.0,0.0,0.0,0.0,0.0
-22.887,-24.814202,0.0,0.0,0.0,0.0,0.0,0.0,0.0,0.0,0.0,0.0,0.0,0.0,0.0,0.0,0.0,0.0
-22.878,-24.805202,0.0,0.0,0.0,0.0,0.0,0.0,0.0,0.0,0.0,0.0,0.0,0.0,0.0,0.0,0.0,0.0
-22.87,-24.797202000000002,0.0,0.0,0.0,0.0,0.0,0.0,0.0,0.0,0.0,0.0,0.0,0.0,0.0,0.0,0.0,0.0
-22.862,-24.789202,0.0,0.0,0.0,0.0,0.0,0.0,0.0,0.0,0.0,0.0,0.0,0.0,0.0,0.0,0.0,0.0
-22.854,-24.781202,0.0,0.0,0.0,0.0,0.0,0.0,0.0,0.0,0.0,0.0,0.0,0.0,0.0,0.0,0.0,0.0
-22.845,-24.772202,0.0,0.0,0.0,0.0,0.0,0.0,0.0,0.0,0.0,0.0,0.0,0.0,0.0,0.0,0.0,0.0
-22.837,-24.764202,0.0,0.0,0.0,0.0,0.0,0.0,0.0,0.0,0.0,0.0,0.0,0.0,0.0,0.0,0.0,0.0
-22.829,-24.756202000000002,0.0,0.0,0.0,0.0,0.0,0.0,0.0,0.0,0.0,0.0,0.0,0.0,0.0,0.0,0.0,0.0
-22.82,-24.747202,0.0,0.0,0.0,0.0,0.0,0.0,0.0,0.0,0.0,0.0,0.0,0.0,0.0,0.0,0.0,0.0
-22.812,-24.739202000000002,0.0,0.0,0.0,0.0,0.0,0.0,0.0,0.0,0.0,0.0,0.0,0.0,0.0,0.0,0.0,0.0
-22.804,-24.731202,0.0,0.0,0.0,0.0,0.0,0.0,0.0,0.0,0.0,0.0,0.0,0.0,0.0,0.0,0.0,0.0
-22.795,-24.722202000000003,0.0,0.0,0.0,0.0,0.0,0.0,0.0,0.0,0.0,0.0,0.0,0.0,0.0,0.0,0.0,0.0
-22.787,-24.714202,0.0,0.0,0.0,0.0,0.0,0.0,0.0,0.0,0.0,0.0,0.0,0.0,0.0,0.0,0.0,0.0
-22.779,-24.706202,0.0,0.0,0.0,0.0,0.0,0.0,0.0,0.0,0.0,0.0,0.0,0.0,0.0,0.0,0.0,0.0
-22.77,-24.697202,0.0,0.0,0.0,0.0,0.0,0.0,0.0,0.0,0.0,0.0,0.0,0.0,0.0,0.0,0.0,0.0
-22.762,-24.689202,0.0,0.0,0.0,0.0,0.0,0.0,0.0,0.0,0.0,0.0,0.0,0.0,0.0,0.0,0.0,0.0
-22.754,-24.681202000000003,0.0,0.0,0.0,0.0,0.0,0.0,0.0,0.0,0.0,0.0,0.0,0.0,0.0,0.0,0.0,0.0
-22.746,-24.673202,0.0,0.0,0.0,0.0,0.0,0.0,0.0,0.0,0.0,0.0,0.0,0.0,0.0,0.0,0.0,0.0
-22.737,-24.664202,0.0,0.0,0.0,0.0,0.0,0.0,0.0,0.0,0.0,0.0,0.0,0.0,0.0,0.0,0.0,0.0
-22.729,-24.656202,0.0,0.0,0.0,0.0,0.0,0.0,0.0,0.0,0.0,0.0,0.0,0.0,0.0,0.0,0.0,0.0
-22.721,-24.648202,0.0,0.0,0.0,0.0,0.0,0.0,0.0,0.0,0.0,0.0,0.0,0.0,0.0,0.0,0.0,0.0
-22.712,-24.639202,0.0,0.0,0.0,0.0,0.0,0.0,0.0,0.0,0.0,0.0,0.0,0.0,0.0,0.0,0.0,0.0
-22.704,-24.631202000000002,0.0,0.0,0.0,0.0,0.0,0.0,0.0,0.0,0.0,0.0,0.0,0.0,0.0,0.0,0.0,0.0
-22.696,-24.623202000000003,0.0,0.0,0.0,0.0,0.0,0.0,0.0,0.0,0.0,0.0,0.0,0.0,0.0,0.0,0.0,0.0
-22.687,-24.614202000000002,0.0,0.0,0.0,0.0,0.0,0.0,0.0,0.0,0.0,0.0,0.0,0.0,0.0,0.0,0.0,0.0
-22.679,-24.606202,0.0,0.0,0.0,0.0,0.0,0.0,0.0,0.0,0.0,0.0,0.0,0.0,0.0,0.0,0.0,0.0
-22.671,-24.598202,0.0,0.0,0.0,0.0,0.0,0.0,0.0,0.0,0.0,0.0,0.0,0.0,0.0,0.0,0.0,0.0
-22.662,-24.589202,0.0,0.0,0.0,0.0,0.0,0.0,0.0,0.0,0.0,0.0,0.0,0.0,0.0,0.0,0.0,0.0
-22.654,-24.581202,0.0,0.0,0.0,0.0,0.0,0.0,0.0,0.0,0.0,0.0,0.0,0.0,0.0,0.0,0.0,0.0
-22.646,-24.573202000000002,0.0,0.0,0.0,0.0,0.0,0.0,0.0,0.0,0.0,0.0,0.0,0.0,0.0,0.0,0.0,0.0
-22.638,-24.565202000000003,0.0,0.0,0.0,0.0,0.0,0.0,0.0,0.0,0.0,0.0,0.0,0.0,0.0,0.0,0.0,0.0
-22.629,-24.556202000000003,0.0,0.0,0.0,0.0,0.0,0.0,0.0,0.0,0.0,0.0,0.0,0.0,0.0,0.0,0.0,0.0
-22.621,-24.548202,0.0,0.0,0.0,0.0,0.0,0.0,0.0,0.0,0.0,0.0,0.0,0.0,0.0,0.0,0.0,0.0
-22.613,-24.540202,0.0,0.0,0.0,0.0,0.0,0.0,0.0,0.0,0.0,0.0,0.0,0.0,0.0,0.0,0.0,0.0
-22.604,-24.531202,0.0,0.0,0.0,0.0,0.0,0.0,0.0,0.0,0.0,0.0,0.0,0.0,0.0,0.0,0.0,0.0
-22.596,-24.523202,0.0,0.0,0.0,0.0,0.0,0.0,0.0,0.0,0.0,0.0,0.0,0.0,0.0,0.0,0.0,0.0
-22.588,-24.515202000000002,0.0,0.0,0.0,0.0,0.0,0.0,0.0,0.0,0.0,0.0,0.0,0.0,0.0,0.0,0.0,0.0
-22.579,-24.506202000000002,0.0,0.0,0.0,0.0,0.0,0.0,0.0,0.0,0.0,0.0,0.0,0.0,0.0,0.0,0.0,0.0
-22.571,-24.498202000000003,0.0,0.0,0.0,0.0,0.0,0.0,0.0,0.0,0.0,0.0,0.0,0.0,0.0,0.0,0.0,0.0
-22.563,-24.490202,0.0,0.0,0.0,0.0,0.0,0.0,0.0,0.0,0.0,0.0,0.0,0.0,0.0,0.0,0.0,0.0
-22.554,-24.481202,0.0,0.0,0.0,0.0,0.0,0.0,0.0,0.0,0.0,0.0,0.0,0.0,0.0,0.0,0.0,0.0
-22.546,-24.473202,0.0,0.0,0.0,0.0,0.0,0.0,0.0,0.0,0.0,0.0,0.0,0.0,0.0,0.0,0.0,0.0
-22.538,-24.465202,0.0,0.0,0.0,0.0,0.0,0.0,0.0,0.0,0.0,0.0,0.0,0.0,0.0,0.0,0.0,0.0
-22.53,-24.457202000000002,0.0,0.0,0.0,0.0,0.0,0.0,0.0,0.0,0.0,0.0,0.0,0.0,0.0,0.0,0.0,0.0
-22.521,-24.448202000000002,0.0,0.0,0.0,0.0,0.0,0.0,0.0,0.0,0.0,0.0,0.0,0.0,0.0,0.0,0.0,0.0
-22.513,-24.440202000000003,0.0,0.0,0.0,0.0,0.0,0.0,0.0,0.0,0.0,0.0,0.0,0.0,0.0,0.0,0.0,0.0
-22.505,-24.432202,0.0,0.0,0.0,0.0,0.0,0.0,0.0,0.0,0.0,0.0,0.0,0.0,0.0,0.0,0.0,0.0
-22.496,-24.423202,0.0,0.0,0.0,0.0,0.0,0.0,0.0,0.0,0.0,0.0,0.0,0.0,0.0,0.0,0.0,0.0
-22.488,-24.415202,0.0,0.0,0.0,0.0,0.0,0.0,0.0,0.0,0.0,0.0,0.0,0.0,0.0,0.0,0.0,0.0
-22.48,-24.407202,0.0,0.0,0.0,0.0,0.0,0.0,0.0,0.0,0.0,0.0,0.0,0.0,0.0,0.0,0.0,0.0
-22.471,-24.398202,0.0,0.0,0.0,0.0,0.0,0.0,0.0,0.0,0.0,0.0,0.0,0.0,0.0,0.0,0.0,0.0
-22.463,-24.390202000000002,0.0,0.0,0.0,0.0,0.0,0.0,0.0,0.0,0.0,0.0,0.0,0.0,0.0,0.0,0.0,0.0
-22.455,-24.382202,0.0,0.0,0.0,0.0,0.0,0.0,0.0,0.0,0.0,0.0,0.0,0.0,0.0,0.0,0.0,0.0
-22.446,-24.373202000000003,0.0,0.0,0.0,0.0,0.0,0.0,0.0,0.0,0.0,0.0,0.0,0.0,0.0,0.0,0.0,0.0
-22.438,-24.365202,0.0,0.0,0.0,0.0,0.0,0.0,0.0,0.0,0.0,0.0,0.0,0.0,0.0,0.0,0.0,0.0
-22.43,-24.357202,0.0,0.0,0.0,0.0,0.0,0.0,0.0,0.0,0.0,0.0,0.0,0.0,0.0,0.0,0.0,0.0
-22.422,-24.349202000000002,0.0,0.0,0.0,0.0,0.0,0.0,0.0,0.0,0.0,0.0,0.0,0.0,0.0,0.0,0.0,0.0
-22.413,-24.340202,0.0,0.0,0.0,0.0,0.0,0.0,0.0,0.0,0.0,0.0,0.0,0.0,0.0,0.0,0.0,0.0
-22.405,-24.332202000000002,0.0,0.0,0.0,0.0,0.0,0.0,0.0,0.0,0.0,0.0,0.0,0.0,0.0,0.0,0.0,0.0
-22.397,-24.324202,0.0,0.0,0.0,0.0,0.0,0.0,0.0,0.0,0.0,0.0,0.0,0.0,0.0,0.0,0.0,0.0
-22.388,-24.315202000000003,0.0,0.0,0.0,0.0,0.0,0.0,0.0,0.0,0.0,0.0,0.0,0.0,0.0,0.0,0.0,0.0
-22.38,-24.307202,0.0,0.0,0.0,0.0,0.0,0.0,0.0,0.0,0.0,0.0,0.0,0.0,0.0,0.0,0.0,0.0
-22.372,-24.299202,0.0,0.0,0.0,0.0,0.0,0.0,0.0,0.0,0.0,0.0,0.0,0.0,0.0,0.0,0.0,0.0
-22.363,-24.290202,0.0,0.0,0.0,0.0,0.0,0.0,0.0,0.0,0.0,0.0,0.0,0.0,0.0,0.0,0.0,0.0
-22.355,-24.282202,0.0,0.0,0.0,0.0,0.0,0.0,0.0,0.0,0.0,0.0,0.0,0.0,0.0,0.0,0.0,0.0
-22.347,-24.274202000000002,0.0,0.0,0.0,0.0,0.0,0.0,0.0,0.0,0.0,0.0,0.0,0.0,0.0,0.0,0.0,0.0
-22.338,-24.265202000000002,0.0,0.0,0.0,0.0,0.0,0.0,0.0,0.0,0.0,0.0,0.0,0.0,0.0,0.0,0.0,0.0
-22.33,-24.257202,0.0,0.0,0.0,0.0,0.0,0.0,0.0,0.0,0.0,0.0,0.0,0.0,0.0,0.0,0.0,0.0
-22.322,-24.249202,0.0,0.0,0.0,0.0,0.0,0.0,0.0,0.0,0.0,0.0,0.0,0.0,0.0,0.0,0.0,0.0
-22.314,-24.241202,0.0,0.0,0.0,0.0,0.0,0.0,0.0,0.0,0.0,0.0,0.0,0.0,0.0,0.0,0.0,0.0
-22.305,-24.232202,0.0,0.0,0.0,0.0,0.0,0.0,0.0,0.0,0.0,0.0,0.0,0.0,0.0,0.0,0.0,0.0
-22.297,-24.224202000000002,0.0,0.0,0.0,0.0,0.0,0.0,0.0,0.0,0.0,0.0,0.0,0.0,0.0,0.0,0.0,0.0
-22.289,-24.216202000000003,0.0,0.0,0.0,0.0,0.0,0.0,0.0,0.0,0.0,0.0,0.0,0.0,0.0,0.0,0.0,0.0
-22.28,-24.207202000000002,0.0,0.0,0.0,0.0,0.0,0.0,0.0,0.0,0.0,0.0,0.0,0.0,0.0,0.0,0.0,0.0
-22.272,-24.199202,0.0,0.0,0.0,0.0,0.0,0.0,0.0,0.0,0.0,0.0,0.0,0.0,0.0,0.0,0.0,0.0
-22.264,-24.191202,0.0,0.0,0.0,0.0,0.0,0.0,0.0,0.0,0.0,0.0,0.0,0.0,0.0,0.0,0.0,0.0
-22.255,-24.182202,0.0,0.0,0.0,0.0,0.0,0.0,0.0,0.0,0.0,0.0,0.0,0.0,0.0,0.0,0.0,0.0
-22.247,-24.174202,0.0,0.0,0.0,0.0,0.0,0.0,0.0,0.0,0.0,0.0,0.0,0.0,0.0,0.0,0.0,0.0
-22.239,-24.166202000000002,0.0,0.0,0.0,0.0,0.0,0.0,0.0,0.0,0.0,0.0,0.0,0.0,0.0,0.0,0.0,0.0
-22.23,-24.157202,0.0,0.0,0.0,0.0,0.0,0.0,0.0,0.0,0.0,0.0,0.0,0.0,0.0,0.0,0.0,0.0
-22.222,-24.149202000000002,0.0,0.0,0.0,0.0,0.0,0.0,0.0,0.0,0.0,0.0,0.0,0.0,0.0,0.0,0.0,0.0
-22.214,-24.141202,0.0,0.0,0.0,0.0,0.0,0.0,0.0,0.0,0.0,0.0,0.0,0.0,0.0,0.0,0.0,0.0
-22.206,-24.133202,0.0,0.0,0.0,0.0,0.0,0.0,0.0,0.0,0.0,0.0,0.0,0.0,0.0,0.0,0.0,0.0
-22.197,-24.124202,0.0,0.0,0.0,0.0,0.0,0.0,0.0,0.0,0.0,0.0,0.0,0.0,0.0,0.0,0.0,0.0
-22.189,-24.116202,0.0,0.0,0.0,0.0,0.0,0.0,0.0,0.0,0.0,0.0,0.0,0.0,0.0,0.0,0.0,0.0
-22.181,-24.108202000000002,0.0,0.0,0.0,0.0,0.0,0.0,0.0,0.0,0.0,0.0,0.0,0.0,0.0,0.0,0.0,0.0
-22.172,-24.099202000000002,0.0,0.0,0.0,0.0,0.0,0.0,0.0,0.0,0.0,0.0,0.0,0.0,0.0,0.0,0.0,0.0
-22.164,-24.091202000000003,0.0,0.0,0.0,0.0,0.0,0.0,0.0,0.0,0.0,0.0,0.0,0.0,0.0,0.0,0.0,0.0
-22.156,-24.083202,0.0,0.0,0.0,0.0,0.0,0.0,0.0,0.0,0.0,0.0,0.0,0.0,0.0,0.0,0.0,0.0
-22.147,-24.074202,0.0,0.0,0.0,0.0,0.0,0.0,0.0,0.0,0.0,0.0,0.0,0.0,0.0,0.0,0.0,0.0
-22.139,-24.066202,0.0,0.0,0.0,0.0,0.0,0.0,0.0,0.0,0.0,0.0,0.0,0.0,0.0,0.0,0.0,0.0
-22.131,-24.058202,0.0,0.0,0.0,0.0,0.0,0.0,0.0,0.0,0.0,0.0,0.0,0.0,0.0,0.0,0.0,0.0
-22.122,-24.049202,0.0,0.0,0.0,0.0,0.0,0.0,0.0,0.0,0.0,0.0,0.0,0.0,0.0,0.0,0.0,0.0
-22.114,-24.041202000000002,0.0,0.0,0.0,0.0,0.0,0.0,0.0,0.0,0.0,0.0,0.0,0.0,0.0,0.0,0.0,0.0
-22.106,-24.033202000000003,0.0,0.0,0.0,0.0,0.0,0.0,0.0,0.0,0.0,0.0,0.0,0.0,0.0,0.0,0.0,0.0
-22.098,-24.025202,0.0,0.0,0.0,0.0,0.0,0.0,0.0,0.0,0.0,0.0,0.0,0.0,0.0,0.0,0.0,0.0
-22.089,-24.016202,0.0,0.0,0.0,0.0,0.0,0.0,0.0,0.0,0.0,0.0,0.0,0.0,0.0,0.0,0.0,0.0
-22.081,-24.008202,0.0,0.0,0.0,0.0,0.0,0.0,0.0,0.0,0.0,0.0,0.0,0.0,0.0,0.0,0.0,0.0
-22.073,-24.000202,0.0,0.0,0.0,0.0,0.0,0.0,0.0,0.0,0.0,0.0,0.0,0.0,0.0,0.0,0.0,0.0
-22.064,-23.991202,0.0,0.0,0.0,0.0,0.0,0.0,0.0,0.0,0.0,0.0,0.0,0.0,0.0,0.0,0.0,0.0
-22.056,-23.983202000000002,0.0,0.0,0.0,0.0,0.0,0.0,0.0,0.0,0.0,0.0,0.0,0.0,0.0,0.0,0.0,0.0
-22.048,-23.975202,0.0,0.0,0.0,0.0,0.0,0.0,0.0,0.0,0.0,0.0,0.0,0.0,0.0,0.0,0.0,0.0
-22.039,-23.966202000000003,0.0,0.0,0.0,0.0,0.0,0.0,0.0,0.0,0.0,0.0,0.0,0.0,0.0,0.0,0.0,0.0
-22.031,-23.958202,0.0,0.0,0.0,0.0,0.0,0.0,0.0,0.0,0.0,0.0,0.0,0.0,0.0,0.0,0.0,0.0
-22.023,-23.950202,0.0,0.0,0.0,0.0,0.0,0.0,0.0,0.0,0.0,0.0,0.0,0.0,0.0,0.0,0.0,0.0
-22.014,-23.941202,0.0,0.0,0.0,0.0,0.0,0.0,0.0,0.0,0.0,0.0,0.0,0.0,0.0,0.0,0.0,0.0
-22.006,-23.933202,0.0,0.0,0.0,0.0,0.0,0.0,0.0,0.0,0.0,0.0,0.0,0.0,0.0,0.0,0.0,0.0
-21.998,-23.925202000000002,0.0,0.0,0.0,0.0,0.0,0.0,0.0,0.0,0.0,0.0,0.0,0.0,0.0,0.0,0.0,0.0
-21.99,-23.917202,0.0,0.0,0.0,0.0,0.0,0.0,0.0,0.0,0.0,0.0,0.0,0.0,0.0,0.0,0.0,0.0
-21.981,-23.908202000000003,0.0,0.0,0.0,0.0,0.0,0.0,0.0,0.0,0.0,0.0,0.0,0.0,0.0,0.0,0.0,0.0
-21.973,-23.900202,0.0,0.0,0.0,0.0,0.0,0.0,0.0,0.0,0.0,0.0,0.0,0.0,0.0,0.0,0.0,0.0
-21.965,-23.892202,0.0,0.0,0.0,0.0,0.0,0.0,0.0,0.0,0.0,0.0,0.0,0.0,0.0,0.0,0.0,0.0
-21.956,-23.883202,0.0,0.0,0.0,0.0,0.0,0.0,0.0,0.0,0.0,0.0,0.0,0.0,0.0,0.0,0.0,0.0
-21.948,-23.875202,0.0,0.0,0.0,0.0,0.0,0.0,0.0,0.0,0.0,0.0,0.0,0.0,0.0,0.0,0.0,0.0
-21.94,-23.867202000000002,0.0,0.0,0.0,0.0,0.0,0.0,0.0,0.0,0.0,0.0,0.0,0.0,0.0,0.0,0.0,0.0
-21.931,-23.858202000000002,0.0,0.0,0.0,0.0,0.0,0.0,0.0,0.0,0.0,0.0,0.0,0.0,0.0,0.0,0.0,0.0
-21.923,-23.850202,0.0,0.0,0.0,0.0,0.0,0.0,0.0,0.0,0.0,0.0,0.0,0.0,0.0,0.0,0.0,0.0
-21.915,-23.842202,0.0,0.0,0.0,0.0,0.0,0.0,0.0,0.0,0.0,0.0,0.0,0.0,0.0,0.0,0.0,0.0
-21.906,-23.833202,0.0,0.0,0.0,0.0,0.0,0.0,0.0,0.0,0.0,0.0,0.0,0.0,0.0,0.0,0.0,0.0
-21.898,-23.825202,0.0,0.0,0.0,0.0,0.0,0.0,0.0,0.0,0.0,0.0,0.0,0.0,0.0,0.0,0.0,0.0
-21.89,-23.817202,0.0,0.0,0.0,0.0,0.0,0.0,0.0,0.0,0.0,0.0,0.0,0.0,0.0,0.0,0.0,0.0
-21.882,-23.809202000000003,0.0,0.0,0.0,0.0,0.0,0.0,0.0,0.0,0.0,0.0,0.0,0.0,0.0,0.0,0.0,0.0
-21.873,-23.800202000000002,0.0,0.0,0.0,0.0,0.0,0.0,0.0,0.0,0.0,0.0,0.0,0.0,0.0,0.0,0.0,0.0
-21.865,-23.792202,0.0,0.0,0.0,0.0,0.0,0.0,0.0,0.0,0.0,0.0,0.0,0.0,0.0,0.0,0.0,0.0
-21.857,-23.784202,0.0,0.0,0.0,0.0,0.0,0.0,0.0,0.0,0.0,0.0,0.0,0.0,0.0,0.0,0.0,0.0
-21.848,-23.775202,0.0,0.0,0.0,0.0,0.0,0.0,0.0,0.0,0.0,0.0,0.0,0.0,0.0,0.0,0.0,0.0
-21.84,-23.767202,0.0,0.0,0.0,0.0,0.0,0.0,0.0,0.0,0.0,0.0,0.0,0.0,0.0,0.0,0.0,0.0
-21.832,-23.759202000000002,0.0,0.0,0.0,0.0,0.0,0.0,0.0,0.0,0.0,0.0,0.0,0.0,0.0,0.0,0.0,0.0
-21.823,-23.750202,0.0,0.0,0.0,0.0,0.0,0.0,0.0,0.0,0.0,0.0,0.0,0.0,0.0,0.0,0.0,0.0
-21.815,-23.742202000000002,0.0,0.0,0.0,0.0,0.0,0.0,0.0,0.0,0.0,0.0,0.0,0.0,0.0,0.0,0.0,0.0
-21.807,-23.734202,0.0,0.0,0.0,0.0,0.0,0.0,0.0,0.0,0.0,0.0,0.0,0.0,0.0,0.0,0.0,0.0
-21.798,-23.725202,0.0,0.0,0.0,0.0,0.0,0.0,0.0,0.0,0.0,0.0,0.0,0.0,0.0,0.0,0.0,0.0
-21.79,-23.717202,0.0,0.0,0.0,0.0,0.0,0.0,0.0,0.0,0.0,0.0,0.0,0.0,0.0,0.0,0.0,0.0
-21.782,-23.709202,0.0,0.0,0.0,0.0,0.0,0.0,0.0,0.0,0.0,0.0,0.0,0.0,0.0,0.0,0.0,0.0
-21.774,-23.701202000000002,0.0,0.0,0.0,0.0,0.0,0.0,0.0,0.0,0.0,0.0,0.0,0.0,0.0,0.0,0.0,0.0
-21.765,-23.692202,0.0,0.0,0.0,0.0,0.0,0.0,0.0,0.0,0.0,0.0,0.0,0.0,0.0,0.0,0.0,0.0
-21.757,-23.684202000000003,0.0,0.0,0.0,0.0,0.0,0.0,0.0,0.0,0.0,0.0,0.0,0.0,0.0,0.0,0.0,0.0
-21.749,-23.676202,0.0,0.0,0.0,0.0,0.0,0.0,0.0,0.0,0.0,0.0,0.0,0.0,0.0,0.0,0.0,0.0
-21.74,-23.667202,0.0,0.0,0.0,0.0,0.0,0.0,0.0,0.0,0.0,0.0,0.0,0.0,0.0,0.0,0.0,0.0
-21.732,-23.659202,0.0,0.0,0.0,0.0,0.0,0.0,0.0,0.0,0.0,0.0,0.0,0.0,0.0,0.0,0.0,0.0
-21.724,-23.651202,0.0,0.0,0.0,0.0,0.0,0.0,0.0,0.0,0.0,0.0,0.0,0.0,0.0,0.0,0.0,0.0
-21.715,-23.642202,0.0,0.0,0.0,0.0,0.0,0.0,0.0,0.0,0.0,0.0,0.0,0.0,0.0,0.0,0.0,0.0
-21.707,-23.634202000000002,0.0,0.0,0.0,0.0,0.0,0.0,0.0,0.0,0.0,0.0,0.0,0.0,0.0,0.0,0.0,0.0
-21.699,-23.626202000000003,0.0,0.0,0.0,0.0,0.0,0.0,0.0,0.0,0.0,0.0,0.0,0.0,0.0,0.0,0.0,0.0
-21.69,-23.617202000000002,0.0,0.0,0.0,0.0,0.0,0.0,0.0,0.0,0.0,0.0,0.0,0.0,0.0,0.0,0.0,0.0
-21.682,-23.609202,0.0,0.0,0.0,0.0,0.0,0.0,0.0,0.0,0.0,0.0,0.0,0.0,0.0,0.0,0.0,0.0
-21.674,-23.601202,0.0,0.0,0.0,0.0,0.0,0.0,0.0,0.0,0.0,0.0,0.0,0.0,0.0,0.0,0.0,0.0
-21.666,-23.593202,0.0,0.0,0.0,0.0,0.0,0.0,0.0,0.0,0.0,0.0,0.0,0.0,0.0,0.0,0.0,0.0
-21.657,-23.584202,0.0,0.0,0.0,0.0,0.0,0.0,0.0,0.0,0.0,0.0,0.0,0.0,0.0,0.0,0.0,0.0
-21.649,-23.576202000000002,0.0,0.0,0.0,0.0,0.0,0.0,0.0,0.0,0.0,0.0,0.0,0.0,0.0,0.0,0.0,0.0
-21.641,-23.568202,0.0,0.0,0.0,0.0,0.0,0.0,0.0,0.0,0.0,0.0,0.0,0.0,0.0,0.0,0.0,0.0
-21.632,-23.559202000000003,0.0,0.0,0.0,0.0,0.0,0.0,0.0,0.0,0.0,0.0,0.0,0.0,0.0,0.0,0.0,0.0
-21.624,-23.551202,0.0,0.0,0.0,0.0,0.0,0.0,0.0,0.0,0.0,0.0,0.0,0.0,0.0,0.0,0.0,0.0
-21.616,-23.543202,0.0,0.0,0.0,0.0,0.0,0.0,0.0,0.0,0.0,0.0,0.0,0.0,0.0,0.0,0.0,0.0
-21.607,-23.534202,0.0,0.0,0.0,0.0,0.0,0.0,0.0,0.0,0.0,0.0,0.0,0.0,0.0,0.0,0.0,0.0
-21.599,-23.526202,0.0,0.0,0.0,0.0,0.0,0.0,0.0,0.0,0.0,0.0,0.0,0.0,0.0,0.0,0.0,0.0
-21.591,-23.518202000000002,0.0,0.0,0.0,0.0,0.0,0.0,0.0,0.0,0.0,0.0,0.0,0.0,0.0,0.0,0.0,0.0
-21.583,-23.510202,0.0,0.0,0.0,0.0,0.0,0.0,0.0,0.0,0.0,0.0,0.0,0.0,0.0,0.0,0.0,0.0
-21.574,-23.501202000000003,0.0,0.0,0.0,0.0,0.0,0.0,0.0,0.0,0.0,0.0,0.0,0.0,0.0,0.0,0.0,0.0
-21.566,-23.493202,0.0,0.0,0.0,0.0,0.0,0.0,0.0,0.0,0.0,0.0,0.0,0.0,0.0,0.0,0.0,0.0
-21.558,-23.485202,0.0,0.0,0.0,0.0,0.0,0.0,0.0,0.0,0.0,0.0,0.0,0.0,0.0,0.0,0.0,0.0
-21.549,-23.476202,0.0,0.0,0.0,0.0,0.0,0.0,0.0,0.0,0.0,0.0,0.0,0.0,0.0,0.0,0.0,0.0
-21.541,-23.468202,0.0,0.0,0.0,0.0,0.0,0.0,0.0,0.0,0.0,0.0,0.0,0.0,0.0,0.0,0.0,0.0
-21.533,-23.460202000000002,0.0,0.0,0.0,0.0,0.0,0.0,0.0,0.0,0.0,0.0,0.0,0.0,0.0,0.0,0.0,0.0
-21.524,-23.451202000000002,0.0,0.0,0.0,0.0,0.0,0.0,0.0,0.0,0.0,0.0,0.0,0.0,0.0,0.0,0.0,0.0
-21.516,-23.443202,0.0,0.0,0.0,0.0,0.0,0.0,0.0,0.0,0.0,0.0,0.0,0.0,0.0,0.0,0.0,0.0
-21.508,-23.435202,0.0,0.0,0.0,0.0,0.0,0.0,0.0,0.0,0.0,0.0,0.0,0.0,0.0,0.0,0.0,0.0
-21.499,-23.426202,0.0,0.0,0.0,0.0,0.0,0.0,0.0,0.0,0.0,0.0,0.0,0.0,0.0,0.0,0.0,0.0
-21.491,-23.418202,0.0,0.0,0.0,0.0,0.0,0.0,0.0,0.0,0.0,0.0,0.0,0.0,0.0,0.0,0.0,0.0
-21.483,-23.410202,0.0,0.0,0.0,0.0,0.0,0.0,0.0,0.0,0.0,0.0,0.0,0.0,0.0,0.0,0.0,0.0
-21.475,-23.402202000000003,0.0,0.0,0.0,0.0,0.0,0.0,0.0,0.0,0.0,0.0,0.0,0.0,0.0,0.0,0.0,0.0
-21.466,-23.393202000000002,0.0,0.0,0.0,0.0,0.0,0.0,0.0,0.0,0.0,0.0,0.0,0.0,0.0,0.0,0.0,0.0
-21.458,-23.385202,0.0,0.0,0.0,0.0,0.0,0.0,0.0,0.0,0.0,0.0,0.0,0.0,0.0,0.0,0.0,0.0
-21.45,-23.377202,0.0,0.0,0.0,0.0,0.0,0.0,0.0,0.0,0.0,0.0,0.0,0.0,0.0,0.0,0.0,0.0
-21.441,-23.368202,0.0,0.0,0.0,0.0,0.0,0.0,0.0,0.0,0.0,0.0,0.0,0.0,0.0,0.0,0.0,0.0
-21.433,-23.360202,0.0,0.0,0.0,0.0,0.0,0.0,0.0,0.0,0.0,0.0,0.0,0.0,0.0,0.0,0.0,0.0
-21.425,-23.352202000000002,0.0,0.0,0.0,0.0,0.0,0.0,0.0,0.0,0.0,0.0,0.0,0.0,0.0,0.0,0.0,0.0
-21.416,-23.343202,0.0,0.0,0.0,0.0,0.0,0.0,0.0,0.0,0.0,0.0,0.0,0.0,0.0,0.0,0.0,0.0
-21.408,-23.335202000000002,0.0,0.0,0.0,0.0,0.0,0.0,0.0,0.0,0.0,0.0,0.0,0.0,0.0,0.0,0.0,0.0
-21.4,-23.327202,0.0,0.0,0.0,0.0,0.0,0.0,0.0,0.0,0.0,0.0,0.0,0.0,0.0,0.0,0.0,0.0
-21.391,-23.318202,0.0,0.0,0.0,0.0,0.0,0.0,0.0,0.0,0.0,0.0,0.0,0.0,0.0,0.0,0.0,0.0
-21.383,-23.310202,0.0,0.0,0.0,0.0,0.0,0.0,0.0,0.0,0.0,0.0,0.0,0.0,0.0,0.0,0.0,0.0
-21.375,-23.302202,0.0,0.0,0.0,0.0,0.0,0.0,0.0,0.0,0.0,0.0,0.0,0.0,0.0,0.0,0.0,0.0
-21.367,-23.294202000000002,0.0,0.0,0.0,0.0,0.0,0.0,0.0,0.0,0.0,0.0,0.0,0.0,0.0,0.0,0.0,0.0
-21.358,-23.285202,0.0,0.0,0.0,0.0,0.0,0.0,0.0,0.0,0.0,0.0,0.0,0.0,0.0,0.0,0.0,0.0
-21.35,-23.277202000000003,0.0,0.0,0.0,0.0,0.0,0.0,0.0,0.0,0.0,0.0,0.0,0.0,0.0,0.0,0.0,0.0
-21.342,-23.269202,0.0,0.0,0.0,0.0,0.0,0.0,0.0,0.0,0.0,0.0,0.0,0.0,0.0,0.0,0.0,0.0
-21.333,-23.260202,0.0,0.0,0.0,0.0,0.0,0.0,0.0,0.0,0.0,0.0,0.0,0.0,0.0,0.0,0.0,0.0
-21.325,-23.252202,0.0,0.0,0.0,0.0,0.0,0.0,0.0,0.0,0.0,0.0,0.0,0.0,0.0,0.0,0.0,0.0
-21.317,-23.244202,0.0,0.0,0.0,0.0,0.0,0.0,0.0,0.0,0.0,0.0,0.0,0.0,0.0,0.0,0.0,0.0
-21.308,-23.235202,0.0,0.0,0.0,0.0,0.0,0.0,0.0,0.0,0.0,0.0,0.0,0.0,0.0,0.0,0.0,0.0
-21.3,-23.227202000000002,0.0,0.0,0.0,0.0,0.0,0.0,0.0,0.0,0.0,0.0,0.0,0.0,0.0,0.0,0.0,0.0
-21.292,-23.219202000000003,0.0,0.0,0.0,0.0,0.0,0.0,0.0,0.0,0.0,0.0,0.0,0.0,0.0,0.0,0.0,0.0
-21.283,-23.210202000000002,0.0,0.0,0.0,0.0,0.0,0.0,0.0,0.0,0.0,0.0,0.0,0.0,0.0,0.0,0.0,0.0
-21.275,-23.202202,0.0,0.0,0.0,0.0,0.0,0.0,0.0,0.0,0.0,0.0,0.0,0.0,0.0,0.0,0.0,0.0
-21.267,-23.194202,0.0,0.0,0.0,0.0,0.0,0.0,0.0,0.0,0.0,0.0,0.0,0.0,0.0,0.0,0.0,0.0
-21.259,-23.186202,0.0,0.0,0.0,0.0,0.0,0.0,0.0,0.0,0.0,0.0,0.0,0.0,0.0,0.0,0.0,0.0
-21.25,-23.177202,0.0,0.0,0.0,0.0,0.0,0.0,0.0,0.0,0.0,0.0,0.0,0.0,0.0,0.0,0.0,0.0
-21.242,-23.169202000000002,0.0,0.0,0.0,0.0,0.0,0.0,0.0,0.0,0.0,0.0,0.0,0.0,0.0,0.0,0.0,0.0
-21.234,-23.161202000000003,0.0,0.0,0.0,0.0,0.0,0.0,0.0,0.0,0.0,0.0,0.0,0.0,0.0,0.0,0.0,0.0
-21.225,-23.152202000000003,0.0,0.0,0.0,0.0,0.0,0.0,0.0,0.0,0.0,0.0,0.0,0.0,0.0,0.0,0.0,0.0
-21.217,-23.144202,0.0,0.0,0.0,0.0,0.0,0.0,0.0,0.0,0.0,0.0,0.0,0.0,0.0,0.0,0.0,0.0
-21.209,-23.136202,0.0,0.0,0.0,0.0,0.0,0.0,0.0,0.0,0.0,0.0,0.0,0.0,0.0,0.0,0.0,0.0
-21.2,-23.127202,0.0,0.0,0.0,0.0,0.0,0.0,0.0,0.0,0.0,0.0,0.0,0.0,0.0,0.0,0.0,0.0
-21.192,-23.119202,0.0,0.0,0.0,0.0,0.0,0.0,0.0,0.0,0.0,0.0,0.0,0.0,0.0,0.0,0.0,0.0
-21.184,-23.111202000000002,0.0,0.0,0.0,0.0,0.0,0.0,0.0,0.0,0.0,0.0,0.0,0.0,0.0,0.0,0.0,0.0
-21.175,-23.102202000000002,0.0,0.0,0.0,0.0,0.0,0.0,0.0,0.0,0.0,0.0,0.0,0.0,0.0,0.0,0.0,0.0
-21.167,-23.094202000000003,0.0,0.0,0.0,0.0,0.0,0.0,0.0,0.0,0.0,0.0,0.0,0.0,0.0,0.0,0.0,0.0
-21.159,-23.086202,0.0,0.0,0.0,0.0,0.0,0.0,0.0,0.0,0.0,0.0,0.0,0.0,0.0,0.0,0.0,0.0
-21.151,-23.078202,0.0,0.0,0.0,0.0,0.0,0.0,0.0,0.0,0.0,0.0,0.0,0.0,0.0,0.0,0.0,0.0
-21.142,-23.069202,0.0,0.0,0.0,0.0,0.0,0.0,0.0,0.0,0.0,0.0,0.0,0.0,0.0,0.0,0.0,0.0
-21.134,-23.061202,0.0,0.0,0.0,0.0,0.0,0.0,0.0,0.0,0.0,0.0,0.0,0.0,0.0,0.0,0.0,0.0
-21.126,-23.053202000000002,0.0,0.0,0.0,0.0,0.0,0.0,0.0,0.0,0.0,0.0,0.0,0.0,0.0,0.0,0.0,0.0
-21.117,-23.044202000000002,0.0,0.0,0.0,0.0,0.0,0.0,0.0,0.0,0.0,0.0,0.0,0.0,0.0,0.0,0.0,0.0
-21.109,-23.036202000000003,0.0,0.0,0.0,0.0,0.0,0.0,0.0,0.0,0.0,0.0,0.0,0.0,0.0,0.0,0.0,0.0
-21.101,-23.028202,0.0,0.0,0.0,0.0,0.0,0.0,0.0,0.0,0.0,0.0,0.0,0.0,0.0,0.0,0.0,0.0
-21.092,-23.019202,0.0,0.0,0.0,0.0,0.0,0.0,0.0,0.0,0.0,0.0,0.0,0.0,0.0,0.0,0.0,0.0
-21.084,-23.011202,0.0,0.0,0.0,0.0,0.0,0.0,0.0,0.0,0.0,0.0,0.0,0.0,0.0,0.0,0.0,0.0
-21.076,-23.003202,0.0,0.0,0.0,0.0,0.0,0.0,0.0,0.0,0.0,0.0,0.0,0.0,0.0,0.0,0.0,0.0
-21.067,-22.994202,0.0,0.0,0.0,0.0,0.0,0.0,0.0,0.0,0.0,0.0,0.0,0.0,0.0,0.0,0.0,0.0
-21.059,-22.986202000000002,0.0,0.0,0.0,0.0,0.0,0.0,0.0,0.0,0.0,0.0,0.0,0.0,0.0,0.0,0.0,0.0
-21.051,-22.978202,0.0,0.0,0.0,0.0,0.0,0.0,0.0,0.0,0.0,0.0,0.0,0.0,0.0,0.0,0.0,0.0
-21.043,-22.970202,0.0,0.0,0.0,0.0,0.0,0.0,0.0,0.0,0.0,0.0,0.0,0.0,0.0,0.0,0.0,0.0
-21.034,-22.961202,0.0,0.0,0.0,0.0,0.0,0.0,0.0,0.0,0.0,0.0,0.0,0.0,0.0,0.0,0.0,0.0
-21.026,-22.953202,0.0,0.0,0.0,0.0,0.0,0.0,0.0,0.0,0.0,0.0,0.0,0.0,0.0,0.0,0.0,0.0
-21.018,-22.945202000000002,0.0,0.0,0.0,0.0,0.0,0.0,0.0,0.0,0.0,0.0,0.0,0.0,0.0,0.0,0.0,0.0
-21.009,-22.936202,0.0,0.0,0.0,0.0,0.0,0.0,0.0,0.0,0.0,0.0,0.0,0.0,0.0,0.0,0.0,0.0
-21.001,-22.928202000000002,0.0,0.0,0.0,0.0,0.0,0.0,0.0,0.0,0.0,0.0,0.0,0.0,0.0,0.0,0.0,0.0
-20.993,-22.920202,0.0,0.0,0.0,0.0,0.0,0.0,0.0,0.0,0.0,0.0,0.0,0.0,0.0,0.0,0.0,0.0
-20.984,-22.911202000000003,0.0,0.0,0.0,0.0,0.0,0.0,0.0,0.0,0.0,0.0,0.0,0.0,0.0,0.0,0.0,0.0
-20.976,-22.903202,0.0,0.0,0.0,0.0,0.0,0.0,0.0,0.0,0.0,0.0,0.0,0.0,0.0,0.0,0.0,0.0
-20.968,-22.895202,0.0,0.0,0.0,0.0,0.0,0.0,0.0,0.0,0.0,0.0,0.0,0.0,0.0,0.0,0.0,0.0
-20.959,-22.886202,0.0,0.0,0.0,0.0,0.0,0.0,0.0,0.0,0.0,0.0,0.0,0.0,0.0,0.0,0.0,0.0
-20.951,-22.878202,0.0,0.0,0.0,0.0,0.0,0.0,0.0,0.0,0.0,0.0,0.0,0.0,0.0,0.0,0.0,0.0
-20.943,-22.870202000000003,0.0,0.0,0.0,0.0,0.0,0.0,0.0,0.0,0.0,0.0,0.0,0.0,0.0,0.0,0.0,0.0
-20.935,-22.862202,0.0,0.0,0.0,0.0,0.0,0.0,0.0,0.0,0.0,0.0,0.0,0.0,0.0,0.0,0.0,0.0
-20.926,-22.853202,0.0,0.0,0.0,0.0,0.0,0.0,0.0,0.0,0.0,0.0,0.0,0.0,0.0,0.0,0.0,0.0
-20.918,-22.845202,0.0,0.0,0.0,0.0,0.0,0.0,0.0,0.0,0.0,0.0,0.0,0.0,0.0,0.0,0.0,0.0
-20.91,-22.837202,0.0,0.0,0.0,0.0,0.0,0.0,0.0,0.0,0.0,0.0,0.0,0.0,0.0,0.0,0.0,0.0
-20.901,-22.828202,0.0,0.0,0.0,0.0,0.0,0.0,0.0,0.0,0.0,0.0,0.0,0.0,0.0,0.0,0.0,0.0
-20.893,-22.820202000000002,0.0,0.0,0.0,0.0,0.0,0.0,0.0,0.0,0.0,0.0,0.0,0.0,0.0,0.0,0.0,0.0
-20.885,-22.812202000000003,0.0,0.0,0.0,0.0,0.0,0.0,0.0,0.0,0.0,0.0,0.0,0.0,0.0,0.0,0.0,0.0
-20.876,-22.803202000000002,0.0,0.0,0.0,0.0,0.0,0.0,0.0,0.0,0.0,0.0,0.0,0.0,0.0,0.0,0.0,0.0
-20.868,-22.795202,0.0,0.0,0.0,0.0,0.0,0.0,0.0,0.0,0.0,0.0,0.0,0.0,0.0,0.0,0.0,0.0
-20.86,-22.787202,0.0,0.0,0.0,0.0,0.0,0.0,0.0,0.0,0.0,0.0,0.0,0.0,0.0,0.0,0.0,0.0
-20.851,-22.778202,0.0,0.0,0.0,0.0,0.0,0.0,0.0,0.0,0.0,0.0,0.0,0.0,0.0,0.0,0.0,0.0
-20.843,-22.770202,0.0,0.0,0.0,0.0,0.0,0.0,0.0,0.0,0.0,0.0,0.0,0.0,0.0,0.0,0.0,0.0
-20.835,-22.762202000000002,0.0,0.0,0.0,0.0,0.0,0.0,0.0,0.0,0.0,0.0,0.0,0.0,0.0,0.0,0.0,0.0
-20.827,-22.754202000000003,0.0,0.0,0.0,0.0,0.0,0.0,0.0,0.0,0.0,0.0,0.0,0.0,0.0,0.0,0.0,0.0
-20.818,-22.745202000000003,0.0,0.0,0.0,0.0,0.0,0.0,0.0,0.0,0.0,0.0,0.0,0.0,0.0,0.0,0.0,0.0
-20.81,-22.737202,0.0,0.0,0.0,0.0,0.0,0.0,0.0,0.0,0.0,0.0,0.0,0.0,0.0,0.0,0.0,0.0
-20.802,-22.729202,0.0,0.0,0.0,0.0,0.0,0.0,0.0,0.0,0.0,0.0,0.0,0.0,0.0,0.0,0.0,0.0
-20.793,-22.720202,0.0,0.0,0.0,0.0,0.0,0.0,0.0,0.0,0.0,0.0,0.0,0.0,0.0,0.0,0.0,0.0
-20.785,-22.712202,0.0,0.0,0.0,0.0,0.0,0.0,0.0,0.0,0.0,0.0,0.0,0.0,0.0,0.0,0.0,0.0
-20.777,-22.704202000000002,0.0,0.0,0.0,0.0,0.0,0.0,0.0,0.0,0.0,0.0,0.0,0.0,0.0,0.0,0.0,0.0
-20.768,-22.695202000000002,0.0,0.0,0.0,0.0,0.0,0.0,0.0,0.0,0.0,0.0,0.0,0.0,0.0,0.0,0.0,0.0
-20.76,-22.687202000000003,0.0,0.0,0.0,0.0,0.0,0.0,0.0,0.0,0.0,0.0,0.0,0.0,0.0,0.0,0.0,0.0
-20.752,-22.679202,0.0,0.0,0.0,0.0,0.0,0.0,0.0,0.0,0.0,0.0,0.0,0.0,0.0,0.0,0.0,0.0
-20.743,-22.670202,0.0,0.0,0.0,0.0,0.0,0.0,0.0,0.0,0.0,0.0,0.0,0.0,0.0,0.0,0.0,0.0
-20.735,-22.662202,0.0,0.0,0.0,0.0,0.0,0.0,0.0,0.0,0.0,0.0,0.0,0.0,0.0,0.0,0.0,0.0
-20.727,-22.654202,0.0,0.0,0.0,0.0,0.0,0.0,0.0,0.0,0.0,0.0,0.0,0.0,0.0,0.0,0.0,0.0
-20.719,-22.646202000000002,0.0,0.0,0.0,0.0,0.0,0.0,0.0,0.0,0.0,0.0,0.0,0.0,0.0,0.0,0.0,0.0
-20.71,-22.637202000000002,0.0,0.0,0.0,0.0,0.0,0.0,0.0,0.0,0.0,0.0,0.0,0.0,0.0,0.0,0.0,0.0
-20.702,-22.629202000000003,0.0,0.0,0.0,0.0,0.0,0.0,0.0,0.0,0.0,0.0,0.0,0.0,0.0,0.0,0.0,0.0
-20.694,-22.621202,0.0,0.0,0.0,0.0,0.0,0.0,0.0,0.0,0.0,0.0,0.0,0.0,0.0,0.0,0.0,0.0
-20.685,-22.612202,0.0,0.0,0.0,0.0,0.0,0.0,0.0,0.0,0.0,0.0,0.0,0.0,0.0,0.0,0.0,0.0
-20.677,-22.604202,0.0,0.0,0.0,0.0,0.0,0.0,0.0,0.0,0.0,0.0,0.0,0.0,0.0,0.0,0.0,0.0
-20.669,-22.596202,0.0,0.0,0.0,0.0,0.0,0.0,0.0,0.0,0.0,0.0,0.0,0.0,0.0,0.0,0.0,0.0
-20.66,-22.587202,0.0,0.0,0.0,0.0,0.0,0.0,0.0,0.0,0.0,0.0,0.0,0.0,0.0,0.0,0.0,0.0
-20.652,-22.579202000000002,0.0,0.0,0.0,0.0,0.0,0.0,0.0,0.0,0.0,0.0,0.0,0.0,0.0,0.0,0.0,0.0
-20.644,-22.571202,0.0,0.0,0.0,0.0,0.0,0.0,0.0,0.0,0.0,0.0,0.0,0.0,0.0,0.0,0.0,0.0
-20.635,-22.562202000000003,0.0,0.0,0.0,0.0,0.0,0.0,0.0,0.0,0.0,0.0,0.0,0.0,0.0,0.0,0.0,0.0
-20.627,-22.554202,0.0,0.0,0.0,0.0,0.0,0.0,0.0,0.0,0.0,0.0,0.0,0.0,0.0,0.0,0.0,0.0
-20.619,-22.546202,0.0,0.0,0.0,0.0,0.0,0.0,0.0,0.0,0.0,0.0,0.0,0.0,0.0,0.0,0.0,0.0
-20.611,-22.538202000000002,0.0,0.0,0.0,0.0,0.0,0.0,0.0,0.0,0.0,0.0,0.0,0.0,0.0,0.0,0.0,0.0
-20.602,-22.529202,0.0,0.0,0.0,0.0,0.0,0.0,0.0,0.0,0.0,0.0,0.0,0.0,0.0,0.0,0.0,0.0
-20.594,-22.521202000000002,0.0,0.0,0.0,0.0,0.0,0.0,0.0,0.0,0.0,0.0,0.0,0.0,0.0,0.0,0.0,0.0
-20.586,-22.513202,0.0,0.0,0.0,0.0,0.0,0.0,0.0,0.0,0.0,0.0,0.0,0.0,0.0,0.0,0.0,0.0
-20.577,-22.504202000000003,0.0,0.0,0.0,0.0,0.0,0.0,0.0,0.0,0.0,0.0,0.0,0.0,0.0,0.0,0.0,0.0
-20.569,-22.496202,0.0,0.0,0.0,0.0,0.0,0.0,0.0,0.0,0.0,0.0,0.0,0.0,0.0,0.0,0.0,0.0
-20.561,-22.488202,0.0,0.0,0.0,0.0,0.0,0.0,0.0,0.0,0.0,0.0,0.0,0.0,0.0,0.0,0.0,0.0
-20.552,-22.479202,0.0,0.0,0.0,0.0,0.0,0.0,0.0,0.0,0.0,0.0,0.0,0.0,0.0,0.0,0.0,0.0
-20.544,-22.471202,0.0,0.0,0.0,0.0,0.0,0.0,0.0,0.0,0.0,0.0,0.0,0.0,0.0,0.0,0.0,0.0
-20.536,-22.463202000000003,0.0,0.0,0.0,0.0,0.0,0.0,0.0,0.0,0.0,0.0,0.0,0.0,0.0,0.0,0.0,0.0
-20.527,-22.454202000000002,0.0,0.0,0.0,0.0,0.0,0.0,0.0,0.0,0.0,0.0,0.0,0.0,0.0,0.0,0.0,0.0
-20.519,-22.446202,0.0,0.0,0.0,0.0,0.0,0.0,0.0,0.0,0.0,0.0,0.0,0.0,0.0,0.0,0.0,0.0
-20.511,-22.438202,0.0,0.0,0.0,0.0,0.0,0.0,0.0,0.0,0.0,0.0,0.0,0.0,0.0,0.0,0.0,0.0
-20.503,-22.430202,0.0,0.0,0.0,0.0,0.0,0.0,0.0,0.0,0.0,0.0,0.0,0.0,0.0,0.0,0.0,0.0
-20.494,-22.421202,0.0,0.0,0.0,0.0,0.0,0.0,0.0,0.0,0.0,0.0,0.0,0.0,0.0,0.0,0.0,0.0
-20.486,-22.413202000000002,0.0,0.0,0.0,0.0,0.0,0.0,0.0,0.0,0.0,0.0,0.0,0.0,0.0,0.0,0.0,0.0
-20.478,-22.405202000000003,0.0,0.0,0.0,0.0,0.0,0.0,0.0,0.0,0.0,0.0,0.0,0.0,0.0,0.0,0.0,0.0
-20.469,-22.396202000000002,0.0,0.0,0.0,0.0,0.0,0.0,0.0,0.0,0.0,0.0,0.0,0.0,0.0,0.0,0.0,0.0
-20.461,-22.388202,0.0,0.0,0.0,0.0,0.0,0.0,0.0,0.0,0.0,0.0,0.0,0.0,0.0,0.0,0.0,0.0
-20.453,-22.380202,0.0,0.0,0.0,0.0,0.0,0.0,0.0,0.0,0.0,0.0,0.0,0.0,0.0,0.0,0.0,0.0
-20.444,-22.371202,0.0,0.0,0.0,0.0,0.0,0.0,0.0,0.0,0.0,0.0,0.0,0.0,0.0,0.0,0.0,0.0
-20.436,-22.363202,0.0,0.0,0.0,0.0,0.0,0.0,0.0,0.0,0.0,0.0,0.0,0.0,0.0,0.0,0.0,0.0
-20.428,-22.355202000000002,0.0,0.0,0.0,0.0,0.0,0.0,0.0,0.0,0.0,0.0,0.0,0.0,0.0,0.0,0.0,0.0
-20.419,-22.346202,0.0,0.0,0.0,0.0,0.0,0.0,0.0,0.0,0.0,0.0,0.0,0.0,0.0,0.0,0.0,0.0
-20.411,-22.338202000000003,0.0,0.0,0.0,0.0,0.0,0.0,0.0,0.0,0.0,0.0,0.0,0.0,0.0,0.0,0.0,0.0
-20.403,-22.330202,0.0,0.0,0.0,0.0,0.0,0.0,0.0,0.0,0.0,0.0,0.0,0.0,0.0,0.0,0.0,0.0
-20.395,-22.322202,0.0,0.0,0.0,0.0,0.0,0.0,0.0,0.0,0.0,0.0,0.0,0.0,0.0,0.0,0.0,0.0
-20.386,-22.313202,0.0,0.0,0.0,0.0,0.0,0.0,0.0,0.0,0.0,0.0,0.0,0.0,0.0,0.0,0.0,0.0
-20.378,-22.305202,0.0,0.0,0.0,0.0,0.0,0.0,0.0,0.0,0.0,0.0,0.0,0.0,0.0,0.0,0.0,0.0
-20.37,-22.297202000000002,0.0,0.0,0.0,0.0,0.0,0.0,0.0,0.0,0.0,0.0,0.0,0.0,0.0,0.0,0.0,0.0
-20.361,-22.288202000000002,0.0,0.0,0.0,0.0,0.0,0.0,0.0,0.0,0.0,0.0,0.0,0.0,0.0,0.0,0.0,0.0
-20.353,-22.280202000000003,0.0,0.0,0.0,0.0,0.0,0.0,0.0,0.0,0.0,0.0,0.0,0.0,0.0,0.0,0.0,0.0
-20.345,-22.272202,0.0,0.0,0.0,0.0,0.0,0.0,0.0,0.0,0.0,0.0,0.0,0.0,0.0,0.0,0.0,0.0
-20.336,-22.263202,0.0,0.0,0.0,0.0,0.0,0.0,0.0,0.0,0.0,0.0,0.0,0.0,0.0,0.0,0.0,0.0
-20.328,-22.255202,0.0,0.0,0.0,0.0,0.0,0.0,0.0,0.0,0.0,0.0,0.0,0.0,0.0,0.0,0.0,0.0
-20.32,-22.247202,0.0,0.0,0.0,0.0,0.0,0.0,0.0,0.0,0.0,0.0,0.0,0.0,0.0,0.0,0.0,0.0
-20.311,-22.238202,0.0,0.0,0.0,0.0,0.0,0.0,0.0,0.0,0.0,0.0,0.0,0.0,0.0,0.0,0.0,0.0
-20.303,-22.230202000000002,0.0,0.0,0.0,0.0,0.0,0.0,0.0,0.0,0.0,0.0,0.0,0.0,0.0,0.0,0.0,0.0
-20.295,-22.222202000000003,0.0,0.0,0.0,0.0,0.0,0.0,0.0,0.0,0.0,0.0,0.0,0.0,0.0,0.0,0.0,0.0
-20.287,-22.214202,0.0,0.0,0.0,0.0,0.0,0.0,0.0,0.0,0.0,0.0,0.0,0.0,0.0,0.0,0.0,0.0
-20.278,-22.205202,0.0,0.0,0.0,0.0,0.0,0.0,0.0,0.0,0.0,0.0,0.0,0.0,0.0,0.0,0.0,0.0
-20.27,-22.197202,0.0,0.0,0.0,0.0,0.0,0.0,0.0,0.0,0.0,0.0,0.0,0.0,0.0,0.0,0.0,0.0
-20.262,-22.189202,0.0,0.0,0.0,0.0,0.0,0.0,0.0,0.0,0.0,0.0,0.0,0.0,0.0,0.0,0.0,0.0
-20.253,-22.180202,0.0,0.0,0.0,0.0,0.0,0.0,0.0,0.0,0.0,0.0,0.0,0.0,0.0,0.0,0.0,0.0
-20.245,-22.172202000000002,0.0,0.0,0.0,0.0,0.0,0.0,0.0,0.0,0.0,0.0,0.0,0.0,0.0,0.0,0.0,0.0
-20.237,-22.164202,0.0,0.0,0.0,0.0,0.0,0.0,0.0,0.0,0.0,0.0,0.0,0.0,0.0,0.0,0.0,0.0
-20.228,-22.155202000000003,0.0,0.0,0.0,0.0,0.0,0.0,0.0,0.0,0.0,0.0,0.0,0.0,0.0,0.0,0.0,0.0
-20.22,-22.147202,0.0,0.0,0.0,0.0,0.0,0.0,0.0,0.0,0.0,0.0,0.0,0.0,0.0,0.0,0.0,0.0
-20.212,-22.139202,0.0,0.0,0.0,0.0,0.0,0.0,0.0,0.0,0.0,0.0,0.0,0.0,0.0,0.0,0.0,0.0
-20.203,-22.130202,0.0,0.0,0.0,0.0,0.0,0.0,0.0,0.0,0.0,0.0,0.0,0.0,0.0,0.0,0.0,0.0
-20.195,-22.122202,0.0,0.0,0.0,0.0,0.0,0.0,0.0,0.0,0.0,0.0,0.0,0.0,0.0,0.0,0.0,0.0
-20.187,-22.114202000000002,0.0,0.0,0.0,0.0,0.0,0.0,0.0,0.0,0.0,0.0,0.0,0.0,0.0,0.0,0.0,0.0
-20.179,-22.106202,0.0,0.0,0.0,0.0,0.0,0.0,0.0,0.0,0.0,0.0,0.0,0.0,0.0,0.0,0.0,0.0
-20.17,-22.097202000000003,0.0,0.0,0.0,0.0,0.0,0.0,0.0,0.0,0.0,0.0,0.0,0.0,0.0,0.0,0.0,0.0
-20.162,-22.089202,0.0,0.0,0.0,0.0,0.0,0.0,0.0,0.0,0.0,0.0,0.0,0.0,0.0,0.0,0.0,0.0
-20.154,-22.081202,0.0,0.0,0.0,0.0,0.0,0.0,0.0,0.0,0.0,0.0,0.0,0.0,0.0,0.0,0.0,0.0
-20.145,-22.072202,0.0,0.0,0.0,0.0,0.0,0.0,0.0,0.0,0.0,0.0,0.0,0.0,0.0,0.0,0.0,0.0
-20.137,-22.064202,0.0,0.0,0.0,0.0,0.0,0.0,0.0,0.0,0.0,0.0,0.0,0.0,0.0,0.0,0.0,0.0
-20.129,-22.056202000000003,0.0,0.0,0.0,0.0,0.0,0.0,0.0,0.0,0.0,0.0,0.0,0.0,0.0,0.0,0.0,0.0
-20.12,-22.047202000000002,0.0,0.0,0.0,0.0,0.0,0.0,0.0,0.0,0.0,0.0,0.0,0.0,0.0,0.0,0.0,0.0
-20.112,-22.039202,0.0,0.0,0.0,0.0,0.0,0.0,0.0,0.0,0.0,0.0,0.0,0.0,0.0,0.0,0.0,0.0
-20.104,-22.031202,0.0,0.0,0.0,0.0,0.0,0.0,0.0,0.0,0.0,0.0,0.0,0.0,0.0,0.0,0.0,0.0
-20.095,-22.022202,0.0,0.0,0.0,0.0,0.0,0.0,0.0,0.0,0.0,0.0,0.0,0.0,0.0,0.0,0.0,0.0
-20.087,-22.014202,0.0,0.0,0.0,0.0,0.0,0.0,0.0,0.0,0.0,0.0,0.0,0.0,0.0,0.0,0.0,0.0
-20.079,-22.006202000000002,0.0,0.0,0.0,0.0,0.0,0.0,0.0,0.0,0.0,0.0,0.0,0.0,0.0,0.0,0.0,0.0
-20.071,-21.998202000000003,0.0,0.0,0.0,0.0,0.0,0.0,0.0,0.0,0.0,0.0,0.0,0.0,0.0,0.0,0.0,0.0
-20.062,-21.989202000000002,0.0,0.0,0.0,0.0,0.0,0.0,0.0,0.0,0.0,0.0,0.0,0.0,0.0,0.0,0.0,0.0
-20.054,-21.981202,481.5,0.00023864999999999997,8.852e-06,4.9298e-06,0.0001283,0.000100275,0.00023550002971650002,1.8515e-05,2.35865e-09,475.8000162265,0.5032000000000001,0.14989537153,0.0,0.16578500000000002,0.0538401512,0.012380071733
-20.046,-21.973202,0.0,0.0,0.0,0.0,0.0,0.0,0.0,0.0,0.0,0.0,0.0,0.0,0.0,0.0,0.0,0.0
-20.037,-21.964202,481.5,0.018252499999999998,3.37635e-05,7.876890000000002e-06,1.7125e-09,7.0195e-08,3.22128875e-07,5.3925e-09,5.1785e-09,477.5500161855,4.7344999999999994e-07,0.007144090074999999,0.0,7.833e-07,0.0047831,0.0028169099125
-20.029,-21.956202,240.75,0.007944,1.4700999999999999e-05,3.4473150000000002e-06,6.806999999999999e-10,4.2355e-08,1.99081551e-07,2.4114999999999998e-09,2.434e-09,238.7512160402,4.257999999999999e-07,0.0070852587396,0.0,7.636e-08,5.2696000000000004e-08,1.73196246e-05
-20.021,-21.948202000000002,0.0,0.0,0.0,0.0,0.0,0.0,0.0,0.0,0.0,0.0,0.0,0.0,0.0,0.0,0.0,0.0
-20.012,-21.939202,0.0,0.0,0.0,0.0,0.0,0.0,0.0,0.0,0.0,0.0,0.0,0.0,0.0,0.0,0.0,0.0
-20.004,-21.931202000000003,0.0,0.0,0.0,0.0,0.0,0.0,0.0,0.0,0.0,0.0,0.0,0.0,0.0,0.0,0.0,0.0
-19.996,-21.923202,0.0,0.0,0.0,0.0,0.0,0.0,0.0,0.0,0.0,0.0,0.0,0.0,0.0,0.0,0.0,0.0
-19.987,-21.914202,0.0,0.0,0.0,0.0,0.0,0.0,0.0,0.0,0.0,0.0,0.0,0.0,0.0,0.0,0.0,0.0
-19.979,-21.906202,0.0,0.0,0.0,0.0,0.0,0.0,0.0,0.0,0.0,0.0,0.0,0.0,0.0,0.0,0.0,0.0
-19.971,-21.898202,0.0,0.0,0.0,0.0,0.0,0.0,0.0,0.0,0.0,0.0,0.0,0.0,0.0,0.0,0.0,0.0
-19.963,-21.890202000000002,0.0,0.0,0.0,0.0,0.0,0.0,0.0,0.0,0.0,0.0,0.0,0.0,0.0,0.0,0.0,0.0
-19.954,-21.881202000000002,0.0,0.0,0.0,0.0,0.0,0.0,0.0,0.0,0.0,0.0,0.0,0.0,0.0,0.0,0.0,0.0
-19.946,-21.873202000000003,0.0,0.0,0.0,0.0,0.0,0.0,0.0,0.0,0.0,0.0,0.0,0.0,0.0,0.0,0.0,0.0
-19.938,-21.865202,0.0,0.0,0.0,0.0,0.0,0.0,0.0,0.0,0.0,0.0,0.0,0.0,0.0,0.0,0.0,0.0
-19.929,-21.856202,0.0,0.0,0.0,0.0,0.0,0.0,0.0,0.0,0.0,0.0,0.0,0.0,0.0,0.0,0.0,0.0
-19.921,-21.848202,0.0,0.0,0.0,0.0,0.0,0.0,0.0,0.0,0.0,0.0,0.0,0.0,0.0,0.0,0.0,0.0
-19.913,-21.840202,0.0,0.0,0.0,0.0,0.0,0.0,0.0,0.0,0.0,0.0,0.0,0.0,0.0,0.0,0.0,0.0
-19.904,-21.831202,0.0,0.0,0.0,0.0,0.0,0.0,0.0,0.0,0.0,0.0,0.0,0.0,0.0,0.0,0.0,0.0
-19.896,-21.823202000000002,0.0,0.0,0.0,0.0,0.0,0.0,0.0,0.0,0.0,0.0,0.0,0.0,0.0,0.0,0.0,0.0
-19.888,-21.815202000000003,0.0,0.0,0.0,0.0,0.0,0.0,0.0,0.0,0.0,0.0,0.0,0.0,0.0,0.0,0.0,0.0
-19.879,-21.806202000000003,0.0,0.0,0.0,0.0,0.0,0.0,0.0,0.0,0.0,0.0,0.0,0.0,0.0,0.0,0.0,0.0
-19.871,-21.798202,0.0,0.0,0.0,0.0,0.0,0.0,0.0,0.0,0.0,0.0,0.0,0.0,0.0,0.0,0.0,0.0
-19.863,-21.790202,0.0,0.0,0.0,0.0,0.0,0.0,0.0,0.0,0.0,0.0,0.0,0.0,0.0,0.0,0.0,0.0
-19.855,-21.782202,0.0,0.0,0.0,0.0,0.0,0.0,0.0,0.0,0.0,0.0,0.0,0.0,0.0,0.0,0.0,0.0
-19.846,-21.773202,0.0,0.0,0.0,0.0,0.0,0.0,0.0,0.0,0.0,0.0,0.0,0.0,0.0,0.0,0.0,0.0
-19.838,-21.765202000000002,0.0,0.0,0.0,0.0,0.0,0.0,0.0,0.0,0.0,0.0,0.0,0.0,0.0,0.0,0.0,0.0
-19.83,-21.757202,0.0,0.0,0.0,0.0,0.0,0.0,0.0,0.0,0.0,0.0,0.0,0.0,0.0,0.0,0.0,0.0
-19.821,-21.748202000000003,0.0,0.0,0.0,0.0,0.0,0.0,0.0,0.0,0.0,0.0,0.0,0.0,0.0,0.0,0.0,0.0
-19.813,-21.740202,0.0,0.0,0.0,0.0,0.0,0.0,0.0,0.0,0.0,0.0,0.0,0.0,0.0,0.0,0.0,0.0
-19.805,-21.732202,0.0,0.0,0.0,0.0,0.0,0.0,0.0,0.0,0.0,0.0,0.0,0.0,0.0,0.0,0.0,0.0
-19.796,-21.723202,0.0,0.0,0.0,0.0,0.0,0.0,0.0,0.0,0.0,0.0,0.0,0.0,0.0,0.0,0.0,0.0
-19.788,-21.715202,0.0,0.0,0.0,0.0,0.0,0.0,0.0,0.0,0.0,0.0,0.0,0.0,0.0,0.0,0.0,0.0
-19.78,-21.707202000000002,0.0,0.0,0.0,0.0,0.0,0.0,0.0,0.0,0.0,0.0,0.0,0.0,0.0,0.0,0.0,0.0
-19.771,-21.698202000000002,0.0,0.0,0.0,0.0,0.0,0.0,0.0,0.0,0.0,0.0,0.0,0.0,0.0,0.0,0.0,0.0
-19.763,-21.690202000000003,0.0,0.0,0.0,0.0,0.0,0.0,0.0,0.0,0.0,0.0,0.0,0.0,0.0,0.0,0.0,0.0
-19.755,-21.682202,0.0,0.0,0.0,0.0,0.0,0.0,0.0,0.0,0.0,0.0,0.0,0.0,0.0,0.0,0.0,0.0
-19.747,-21.674202,0.0,0.0,0.0,0.0,0.0,0.0,0.0,0.0,0.0,0.0,0.0,0.0,0.0,0.0,0.0,0.0
-19.738,-21.665202,0.0,0.0,0.0,0.0,0.0,0.0,0.0,0.0,0.0,0.0,0.0,0.0,0.0,0.0,0.0,0.0
-19.73,-21.657202,0.0,0.0,0.0,0.0,0.0,0.0,0.0,0.0,0.0,0.0,0.0,0.0,0.0,0.0,0.0,0.0
-19.722,-21.649202000000002,0.0,0.0,0.0,0.0,0.0,0.0,0.0,0.0,0.0,0.0,0.0,0.0,0.0,0.0,0.0,0.0
-19.713,-21.640202000000002,0.0,0.0,0.0,0.0,0.0,0.0,0.0,0.0,0.0,0.0,0.0,0.0,0.0,0.0,0.0,0.0
-19.705,-21.632202,0.0,0.0,0.0,0.0,0.0,0.0,0.0,0.0,0.0,0.0,0.0,0.0,0.0,0.0,0.0,0.0
-19.697,-21.624202,178.9,163.15500000000003,2.93085e-06,3.90949305e-06,0.000503,2.7675000000000002e-05,3.45005e-06,0.0005542500000000001,4.52105e-05,0.00117065,0.021517999999999995,0.0005560375,0.0,0.02658,0.00049098,0.00021917177
-19.688,-21.615202,462.7,422.35,1.2079e-05,7.18451875e-06,0.0001757,0.000107465,8.039034999999999e-05,0.0001934,0.000175475,0.03156916,0.015336000000000002,0.00364141445,0.0,0.017755,0.0049967,0.0007766810000000001
-19.68,-21.607202,0.0,0.0,0.0,0.0,0.0,0.0,0.0,0.0,0.0,0.0,0.0,0.0,0.0,0.0,0.0,0.0
-19.672,-21.599202000000002,0.0,0.0,0.0,0.0,0.0,0.0,0.0,0.0,0.0,0.0,0.0,0.0,0.0,0.0,0.0,0.0
-19.663,-21.590202,0.0,0.0,0.0,0.0,0.0,0.0,0.0,0.0,0.0,0.0,0.0,0.0,0.0,0.0,0.0,0.0
-19.655,-21.582202000000002,0.0,0.0,0.0,0.0,0.0,0.0,0.0,0.0,0.0,0.0,0.0,0.0,0.0,0.0,0.0,0.0
-19.647,-21.574202,0.0,0.0,0.0,0.0,0.0,0.0,0.0,0.0,0.0,0.0,0.0,0.0,0.0,0.0,0.0,0.0
-19.639,-21.566202,0.0,0.0,0.0,0.0,0.0,0.0,0.0,0.0,0.0,0.0,0.0,0.0,0.0,0.0,0.0,0.0
-19.63,-21.557202,0.0,0.0,0.0,0.0,0.0,0.0,0.0,0.0,0.0,0.0,0.0,0.0,0.0,0.0,0.0,0.0
-19.622,-21.549202,0.0,0.0,0.0,0.0,0.0,0.0,0.0,0.0,0.0,0.0,0.0,0.0,0.0,0.0,0.0,0.0
-19.614,-21.541202000000002,0.0,0.0,0.0,0.0,0.0,0.0,0.0,0.0,0.0,0.0,0.0,0.0,0.0,0.0,0.0,0.0
-19.605,-21.532202,0.0,0.0,0.0,0.0,0.0,0.0,0.0,0.0,0.0,0.0,0.0,0.0,0.0,0.0,0.0,0.0
-19.597,-21.524202000000002,0.0,0.0,0.0,0.0,0.0,0.0,0.0,0.0,0.0,0.0,0.0,0.0,0.0,0.0,0.0,0.0
-19.589,-21.516202,0.0,0.0,0.0,0.0,0.0,0.0,0.0,0.0,0.0,0.0,0.0,0.0,0.0,0.0,0.0,0.0
-19.58,-21.507202,0.0,0.0,0.0,0.0,0.0,0.0,0.0,0.0,0.0,0.0,0.0,0.0,0.0,0.0,0.0,0.0
-19.572,-21.499202,0.0,0.0,0.0,0.0,0.0,0.0,0.0,0.0,0.0,0.0,0.0,0.0,0.0,0.0,0.0,0.0
-19.564,-21.491202,0.0,0.0,0.0,0.0,0.0,0.0,0.0,0.0,0.0,0.0,0.0,0.0,0.0,0.0,0.0,0.0
-19.555,-21.482202,0.0,0.0,0.0,0.0,0.0,0.0,0.0,0.0,0.0,0.0,0.0,0.0,0.0,0.0,0.0,0.0
-19.547,-21.474202000000002,0.0,0.0,0.0,0.0,0.0,0.0,0.0,0.0,0.0,0.0,0.0,0.0,0.0,0.0,0.0,0.0
-19.539,-21.466202000000003,0.0,0.0,0.0,0.0,0.0,0.0,0.0,0.0,0.0,0.0,0.0,0.0,0.0,0.0,0.0,0.0
-19.531,-21.458202,0.0,0.0,0.0,0.0,0.0,0.0,0.0,0.0,0.0,0.0,0.0,0.0,0.0,0.0,0.0,0.0
-19.522,-21.449202,0.0,0.0,0.0,0.0,0.0,0.0,0.0,0.0,0.0,0.0,0.0,0.0,0.0,0.0,0.0,0.0
-19.514,-21.441202,0.0,0.0,0.0,0.0,0.0,0.0,0.0,0.0,0.0,0.0,0.0,0.0,0.0,0.0,0.0,0.0
-19.506,-21.433202,0.0,0.0,0.0,0.0,0.0,0.0,0.0,0.0,0.0,0.0,0.0,0.0,0.0,0.0,0.0,0.0
-19.497,-21.424202,0.0,0.0,0.0,0.0,0.0,0.0,0.0,0.0,0.0,0.0,0.0,0.0,0.0,0.0,0.0,0.0
-19.489,-21.416202000000002,0.0,0.0,0.0,0.0,0.0,0.0,0.0,0.0,0.0,0.0,0.0,0.0,0.0,0.0,0.0,0.0
-19.481,-21.408202000000003,0.0,0.0,0.0,0.0,0.0,0.0,0.0,0.0,0.0,0.0,0.0,0.0,0.0,0.0,0.0,0.0
-19.472,-21.399202000000002,0.0,0.0,0.0,0.0,0.0,0.0,0.0,0.0,0.0,0.0,0.0,0.0,0.0,0.0,0.0,0.0
-19.464,-21.391202,0.0,0.0,0.0,0.0,0.0,0.0,0.0,0.0,0.0,0.0,0.0,0.0,0.0,0.0,0.0,0.0
-19.456,-21.383202,0.0,0.0,0.0,0.0,0.0,0.0,0.0,0.0,0.0,0.0,0.0,0.0,0.0,0.0,0.0,0.0
-19.447,-21.374202,0.0,0.0,0.0,0.0,0.0,0.0,0.0,0.0,0.0,0.0,0.0,0.0,0.0,0.0,0.0,0.0
-19.439,-21.366202,0.0,0.0,0.0,0.0,0.0,0.0,0.0,0.0,0.0,0.0,0.0,0.0,0.0,0.0,0.0,0.0
-19.431,-21.358202000000002,0.0,0.0,0.0,0.0,0.0,0.0,0.0,0.0,0.0,0.0,0.0,0.0,0.0,0.0,0.0,0.0
-19.423,-21.350202,0.0,0.0,0.0,0.0,0.0,0.0,0.0,0.0,0.0,0.0,0.0,0.0,0.0,0.0,0.0,0.0
-19.414,-21.341202000000003,0.0,0.0,0.0,0.0,0.0,0.0,0.0,0.0,0.0,0.0,0.0,0.0,0.0,0.0,0.0,0.0
-19.406,-21.333202,0.0,0.0,0.0,0.0,0.0,0.0,0.0,0.0,0.0,0.0,0.0,0.0,0.0,0.0,0.0,0.0
-19.398,-21.325202,0.0,0.0,0.0,0.0,0.0,0.0,0.0,0.0,0.0,0.0,0.0,0.0,0.0,0.0,0.0,0.0
-19.389,-21.316202,0.0,0.0,0.0,0.0,0.0,0.0,0.0,0.0,0.0,0.0,0.0,0.0,0.0,0.0,0.0,0.0
-19.381,-21.308202,0.0,0.0,0.0,0.0,0.0,0.0,0.0,0.0,0.0,0.0,0.0,0.0,0.0,0.0,0.0,0.0
-19.373,-21.300202000000002,0.0,0.0,0.0,0.0,0.0,0.0,0.0,0.0,0.0,0.0,0.0,0.0,0.0,0.0,0.0,0.0
-19.364,-21.291202000000002,0.0,0.0,0.0,0.0,0.0,0.0,0.0,0.0,0.0,0.0,0.0,0.0,0.0,0.0,0.0,0.0
-19.356,-21.283202000000003,0.0,0.0,0.0,0.0,0.0,0.0,0.0,0.0,0.0,0.0,0.0,0.0,0.0,0.0,0.0,0.0
-19.348,-21.275202,0.0,0.0,0.0,0.0,0.0,0.0,0.0,0.0,0.0,0.0,0.0,0.0,0.0,0.0,0.0,0.0
-19.339,-21.266202,0.0,0.0,0.0,0.0,0.0,0.0,0.0,0.0,0.0,0.0,0.0,0.0,0.0,0.0,0.0,0.0
-19.331,-21.258202,0.0,0.0,0.0,0.0,0.0,0.0,0.0,0.0,0.0,0.0,0.0,0.0,0.0,0.0,0.0,0.0
-19.323,-21.250202,0.0,0.0,0.0,0.0,0.0,0.0,0.0,0.0,0.0,0.0,0.0,0.0,0.0,0.0,0.0,0.0
-19.315,-21.242202000000002,0.0,0.0,0.0,0.0,0.0,0.0,0.0,0.0,0.0,0.0,0.0,0.0,0.0,0.0,0.0,0.0
-19.306,-21.233202000000002,0.0,0.0,0.0,0.0,0.0,0.0,0.0,0.0,0.0,0.0,0.0,0.0,0.0,0.0,0.0,0.0
-19.298,-21.225202,0.0,0.0,0.0,0.0,0.0,0.0,0.0,0.0,0.0,0.0,0.0,0.0,0.0,0.0,0.0,0.0
-19.29,-21.217202,0.0,0.0,0.0,0.0,0.0,0.0,0.0,0.0,0.0,0.0,0.0,0.0,0.0,0.0,0.0,0.0
-19.281,-21.208202,0.0,0.0,0.0,0.0,0.0,0.0,0.0,0.0,0.0,0.0,0.0,0.0,0.0,0.0,0.0,0.0
-19.273,-21.200202,0.0,0.0,0.0,0.0,0.0,0.0,0.0,0.0,0.0,0.0,0.0,0.0,0.0,0.0,0.0,0.0
-19.265,-21.192202,0.0,0.0,0.0,0.0,0.0,0.0,0.0,0.0,0.0,0.0,0.0,0.0,0.0,0.0,0.0,0.0
-19.256,-21.183202,0.0,0.0,0.0,0.0,0.0,0.0,0.0,0.0,0.0,0.0,0.0,0.0,0.0,0.0,0.0,0.0
-19.248,-21.175202000000002,0.0,0.0,0.0,0.0,0.0,0.0,0.0,0.0,0.0,0.0,0.0,0.0,0.0,0.0,0.0,0.0
-19.24,-21.167202,0.0,0.0,0.0,0.0,0.0,0.0,0.0,0.0,0.0,0.0,0.0,0.0,0.0,0.0,0.0,0.0
-19.231,-21.158202000000003,0.0,0.0,0.0,0.0,0.0,0.0,0.0,0.0,0.0,0.0,0.0,0.0,0.0,0.0,0.0,0.0
-19.223,-21.150202,0.0,0.0,0.0,0.0,0.0,0.0,0.0,0.0,0.0,0.0,0.0,0.0,0.0,0.0,0.0,0.0
-19.215,-21.142202,0.0,0.0,0.0,0.0,0.0,0.0,0.0,0.0,0.0,0.0,0.0,0.0,0.0,0.0,0.0,0.0
-19.207,-21.134202000000002,0.0,0.0,0.0,0.0,0.0,0.0,0.0,0.0,0.0,0.0,0.0,0.0,0.0,0.0,0.0,0.0
-19.198,-21.125202,0.0,0.0,0.0,0.0,0.0,0.0,0.0,0.0,0.0,0.0,0.0,0.0,0.0,0.0,0.0,0.0
-19.19,-21.117202000000002,0.0,0.0,0.0,0.0,0.0,0.0,0.0,0.0,0.0,0.0,0.0,0.0,0.0,0.0,0.0,0.0
-19.182,-21.109202,0.0,0.0,0.0,0.0,0.0,0.0,0.0,0.0,0.0,0.0,0.0,0.0,0.0,0.0,0.0,0.0
-19.173,-21.100202,0.0,0.0,0.0,0.0,0.0,0.0,0.0,0.0,0.0,0.0,0.0,0.0,0.0,0.0,0.0,0.0
-19.165,-21.092202,0.0,0.0,0.0,0.0,0.0,0.0,0.0,0.0,0.0,0.0,0.0,0.0,0.0,0.0,0.0,0.0
-19.157,-21.084202,0.0,0.0,0.0,0.0,0.0,0.0,0.0,0.0,0.0,0.0,0.0,0.0,0.0,0.0,0.0,0.0
-19.148,-21.075202,0.0,0.0,0.0,0.0,0.0,0.0,0.0,0.0,0.0,0.0,0.0,0.0,0.0,0.0,0.0,0.0
-19.14,-21.067202,0.0,0.0,0.0,0.0,0.0,0.0,0.0,0.0,0.0,0.0,0.0,0.0,0.0,0.0,0.0,0.0
-19.132,-21.059202000000003,0.0,0.0,0.0,0.0,0.0,0.0,0.0,0.0,0.0,0.0,0.0,0.0,0.0,0.0,0.0,0.0
-19.123,-21.050202000000002,0.0,0.0,0.0,0.0,0.0,0.0,0.0,0.0,0.0,0.0,0.0,0.0,0.0,0.0,0.0,0.0
-19.115,-21.042202,0.0,0.0,0.0,0.0,0.0,0.0,0.0,0.0,0.0,0.0,0.0,0.0,0.0,0.0,0.0,0.0
-19.107,-21.034202,0.0,0.0,0.0,0.0,0.0,0.0,0.0,0.0,0.0,0.0,0.0,0.0,0.0,0.0,0.0,0.0
-19.099,-21.026202,0.0,0.0,0.0,0.0,0.0,0.0,0.0,0.0,0.0,0.0,0.0,0.0,0.0,0.0,0.0,0.0
-19.09,-21.017202,0.0,0.0,0.0,0.0,0.0,0.0,0.0,0.0,0.0,0.0,0.0,0.0,0.0,0.0,0.0,0.0
-19.082,-21.009202000000002,0.0,0.0,0.0,0.0,0.0,0.0,0.0,0.0,0.0,0.0,0.0,0.0,0.0,0.0,0.0,0.0
-19.074,-21.001202000000003,0.0,0.0,0.0,0.0,0.0,0.0,0.0,0.0,0.0,0.0,0.0,0.0,0.0,0.0,0.0,0.0
-19.065,-20.992202000000002,0.0,0.0,0.0,0.0,0.0,0.0,0.0,0.0,0.0,0.0,0.0,0.0,0.0,0.0,0.0,0.0
-19.057,-20.984202,0.0,0.0,0.0,0.0,0.0,0.0,0.0,0.0,0.0,0.0,0.0,0.0,0.0,0.0,0.0,0.0
-19.049,-20.976202,0.0,0.0,0.0,0.0,0.0,0.0,0.0,0.0,0.0,0.0,0.0,0.0,0.0,0.0,0.0,0.0
-19.04,-20.967202,0.0,0.0,0.0,0.0,0.0,0.0,0.0,0.0,0.0,0.0,0.0,0.0,0.0,0.0,0.0,0.0
-19.032,-20.959202,0.0,0.0,0.0,0.0,0.0,0.0,0.0,0.0,0.0,0.0,0.0,0.0,0.0,0.0,0.0,0.0
-19.024,-20.951202000000002,0.0,0.0,0.0,0.0,0.0,0.0,0.0,0.0,0.0,0.0,0.0,0.0,0.0,0.0,0.0,0.0
-19.015,-20.942202,0.0,0.0,0.0,0.0,0.0,0.0,0.0,0.0,0.0,0.0,0.0,0.0,0.0,0.0,0.0,0.0
-19.007,-20.934202000000003,0.0,0.0,0.0,0.0,0.0,0.0,0.0,0.0,0.0,0.0,0.0,0.0,0.0,0.0,0.0,0.0
-18.999,-20.926202,0.0,0.0,0.0,0.0,0.0,0.0,0.0,0.0,0.0,0.0,0.0,0.0,0.0,0.0,0.0,0.0
-18.991,-20.918202,0.0,0.0,0.0,0.0,0.0,0.0,0.0,0.0,0.0,0.0,0.0,0.0,0.0,0.0,0.0,0.0
-18.982,-20.909202,0.0,0.0,0.0,0.0,0.0,0.0,0.0,0.0,0.0,0.0,0.0,0.0,0.0,0.0,0.0,0.0
-18.974,-20.901202,0.0,0.0,0.0,0.0,0.0,0.0,0.0,0.0,0.0,0.0,0.0,0.0,0.0,0.0,0.0,0.0
-18.966,-20.893202000000002,0.0,0.0,0.0,0.0,0.0,0.0,0.0,0.0,0.0,0.0,0.0,0.0,0.0,0.0,0.0,0.0
-18.957,-20.884202000000002,0.0,0.0,0.0,0.0,0.0,0.0,0.0,0.0,0.0,0.0,0.0,0.0,0.0,0.0,0.0,0.0
-18.949,-20.876202000000003,0.0,0.0,0.0,0.0,0.0,0.0,0.0,0.0,0.0,0.0,0.0,0.0,0.0,0.0,0.0,0.0
-18.941,-20.868202,0.0,0.0,0.0,0.0,0.0,0.0,0.0,0.0,0.0,0.0,0.0,0.0,0.0,0.0,0.0,0.0
-18.932,-20.859202,0.0,0.0,0.0,0.0,0.0,0.0,0.0,0.0,0.0,0.0,0.0,0.0,0.0,0.0,0.0,0.0
-18.924,-20.851202,0.0,0.0,0.0,0.0,0.0,0.0,0.0,0.0,0.0,0.0,0.0,0.0,0.0,0.0,0.0,0.0
-18.916,-20.843202,0.0,0.0,0.0,0.0,0.0,0.0,0.0,0.0,0.0,0.0,0.0,0.0,0.0,0.0,0.0,0.0
-18.907,-20.834202,0.0,0.0,0.0,0.0,0.0,0.0,0.0,0.0,0.0,0.0,0.0,0.0,0.0,0.0,0.0,0.0
-18.899,-20.826202000000002,0.0,0.0,0.0,0.0,0.0,0.0,0.0,0.0,0.0,0.0,0.0,0.0,0.0,0.0,0.0,0.0
-18.891,-20.818202,0.0,0.0,0.0,0.0,0.0,0.0,0.0,0.0,0.0,0.0,0.0,0.0,0.0,0.0,0.0,0.0
-18.883,-20.810202,0.0,0.0,0.0,0.0,0.0,0.0,0.0,0.0,0.0,0.0,0.0,0.0,0.0,0.0,0.0,0.0
-18.874,-20.801202,0.0,0.0,0.0,0.0,0.0,0.0,0.0,0.0,0.0,0.0,0.0,0.0,0.0,0.0,0.0,0.0
-18.866,-20.793202,0.0,0.0,0.0,0.0,0.0,0.0,0.0,0.0,0.0,0.0,0.0,0.0,0.0,0.0,0.0,0.0
-18.858,-20.785202,0.0,0.0,0.0,0.0,0.0,0.0,0.0,0.0,0.0,0.0,0.0,0.0,0.0,0.0,0.0,0.0
-18.849,-20.776202,0.0,0.0,0.0,0.0,0.0,0.0,0.0,0.0,0.0,0.0,0.0,0.0,0.0,0.0,0.0,0.0
-18.841,-20.768202000000002,0.0,0.0,0.0,0.0,0.0,0.0,0.0,0.0,0.0,0.0,0.0,0.0,0.0,0.0,0.0,0.0
-18.833,-20.760202,0.0,0.0,0.0,0.0,0.0,0.0,0.0,0.0,0.0,0.0,0.0,0.0,0.0,0.0,0.0,0.0
-18.824,-20.751202000000003,0.0,0.0,0.0,0.0,0.0,0.0,0.0,0.0,0.0,0.0,0.0,0.0,0.0,0.0,0.0,0.0
-18.816,-20.743202,0.0,0.0,0.0,0.0,0.0,0.0,0.0,0.0,0.0,0.0,0.0,0.0,0.0,0.0,0.0,0.0
-18.808,-20.735202,0.0,0.0,0.0,0.0,0.0,0.0,0.0,0.0,0.0,0.0,0.0,0.0,0.0,0.0,0.0,0.0
-18.799,-20.726202,0.0,0.0,0.0,0.0,0.0,0.0,0.0,0.0,0.0,0.0,0.0,0.0,0.0,0.0,0.0,0.0
-18.791,-20.718202,0.0,0.0,0.0,0.0,0.0,0.0,0.0,0.0,0.0,0.0,0.0,0.0,0.0,0.0,0.0,0.0
-18.783,-20.710202000000002,0.0,0.0,0.0,0.0,0.0,0.0,0.0,0.0,0.0,0.0,0.0,0.0,0.0,0.0,0.0,0.0
-18.775,-20.702202,0.0,0.0,0.0,0.0,0.0,0.0,0.0,0.0,0.0,0.0,0.0,0.0,0.0,0.0,0.0,0.0
-18.766,-20.693202,0.0,0.0,0.0,0.0,0.0,0.0,0.0,0.0,0.0,0.0,0.0,0.0,0.0,0.0,0.0,0.0
-18.758,-20.685202,0.0,0.0,0.0,0.0,0.0,0.0,0.0,0.0,0.0,0.0,0.0,0.0,0.0,0.0,0.0,0.0
-18.75,-20.677202,0.0,0.0,0.0,0.0,0.0,0.0,0.0,0.0,0.0,0.0,0.0,0.0,0.0,0.0,0.0,0.0
-18.741,-20.668202,0.0,0.0,0.0,0.0,0.0,0.0,0.0,0.0,0.0,0.0,0.0,0.0,0.0,0.0,0.0,0.0
-18.733,-20.660202,0.0,0.0,0.0,0.0,0.0,0.0,0.0,0.0,0.0,0.0,0.0,0.0,0.0,0.0,0.0,0.0
-18.725,-20.652202000000003,0.0,0.0,0.0,0.0,0.0,0.0,0.0,0.0,0.0,0.0,0.0,0.0,0.0,0.0,0.0,0.0
-18.716,-20.643202000000002,0.0,0.0,0.0,0.0,0.0,0.0,0.0,0.0,0.0,0.0,0.0,0.0,0.0,0.0,0.0,0.0
-18.708,-20.635202,0.0,0.0,0.0,0.0,0.0,0.0,0.0,0.0,0.0,0.0,0.0,0.0,0.0,0.0,0.0,0.0
-18.7,-20.627202,0.0,0.0,0.0,0.0,0.0,0.0,0.0,0.0,0.0,0.0,0.0,0.0,0.0,0.0,0.0,0.0
-18.691,-20.618202,0.0,0.0,0.0,0.0,0.0,0.0,0.0,0.0,0.0,0.0,0.0,0.0,0.0,0.0,0.0,0.0
-18.683,-20.610202,0.0,0.0,0.0,0.0,0.0,0.0,0.0,0.0,0.0,0.0,0.0,0.0,0.0,0.0,0.0,0.0
-18.675,-20.602202000000002,0.0,0.0,0.0,0.0,0.0,0.0,0.0,0.0,0.0,0.0,0.0,0.0,0.0,0.0,0.0,0.0
-18.667,-20.594202000000003,0.0,0.0,0.0,0.0,0.0,0.0,0.0,0.0,0.0,0.0,0.0,0.0,0.0,0.0,0.0,0.0
-18.658,-20.585202000000002,0.0,0.0,0.0,0.0,0.0,0.0,0.0,0.0,0.0,0.0,0.0,0.0,0.0,0.0,0.0,0.0
-18.65,-20.577202,0.0,0.0,0.0,0.0,0.0,0.0,0.0,0.0,0.0,0.0,0.0,0.0,0.0,0.0,0.0,0.0
-18.642,-20.569202,0.0,0.0,0.0,0.0,0.0,0.0,0.0,0.0,0.0,0.0,0.0,0.0,0.0,0.0,0.0,0.0
-18.633,-20.560202,0.0,0.0,0.0,0.0,0.0,0.0,0.0,0.0,0.0,0.0,0.0,0.0,0.0,0.0,0.0,0.0
-18.625,-20.552202,0.0,0.0,0.0,0.0,0.0,0.0,0.0,0.0,0.0,0.0,0.0,0.0,0.0,0.0,0.0,0.0
-18.617,-20.544202000000002,0.0,0.0,0.0,0.0,0.0,0.0,0.0,0.0,0.0,0.0,0.0,0.0,0.0,0.0,0.0,0.0
-18.608,-20.535202,0.0,0.0,0.0,0.0,0.0,0.0,0.0,0.0,0.0,0.0,0.0,0.0,0.0,0.0,0.0,0.0
-18.6,-20.527202000000003,0.0,0.0,0.0,0.0,0.0,0.0,0.0,0.0,0.0,0.0,0.0,0.0,0.0,0.0,0.0,0.0
-18.592,-20.519202,0.0,0.0,0.0,0.0,0.0,0.0,0.0,0.0,0.0,0.0,0.0,0.0,0.0,0.0,0.0,0.0
-18.583,-20.510202,0.0,0.0,0.0,0.0,0.0,0.0,0.0,0.0,0.0,0.0,0.0,0.0,0.0,0.0,0.0,0.0
-18.575,-20.502202,0.0,0.0,0.0,0.0,0.0,0.0,0.0,0.0,0.0,0.0,0.0,0.0,0.0,0.0,0.0,0.0
-18.567,-20.494202,0.0,0.0,0.0,0.0,0.0,0.0,0.0,0.0,0.0,0.0,0.0,0.0,0.0,0.0,0.0,0.0
-18.559,-20.486202000000002,0.0,0.0,0.0,0.0,0.0,0.0,0.0,0.0,0.0,0.0,0.0,0.0,0.0,0.0,0.0,0.0
-18.55,-20.477202000000002,0.0,0.0,0.0,0.0,0.0,0.0,0.0,0.0,0.0,0.0,0.0,0.0,0.0,0.0,0.0,0.0
-18.542,-20.469202000000003,0.0,0.0,0.0,0.0,0.0,0.0,0.0,0.0,0.0,0.0,0.0,0.0,0.0,0.0,0.0,0.0
-18.534,-20.461202,0.0,0.0,0.0,0.0,0.0,0.0,0.0,0.0,0.0,0.0,0.0,0.0,0.0,0.0,0.0,0.0
-18.525,-20.452202,0.0,0.0,0.0,0.0,0.0,0.0,0.0,0.0,0.0,0.0,0.0,0.0,0.0,0.0,0.0,0.0
-18.517,-20.444202,0.0,0.0,0.0,0.0,0.0,0.0,0.0,0.0,0.0,0.0,0.0,0.0,0.0,0.0,0.0,0.0
-18.509,-20.436202,0.0,0.0,0.0,0.0,0.0,0.0,0.0,0.0,0.0,0.0,0.0,0.0,0.0,0.0,0.0,0.0
-18.5,-20.427202,0.0,0.0,0.0,0.0,0.0,0.0,0.0,0.0,0.0,0.0,0.0,0.0,0.0,0.0,0.0,0.0
-18.492,-20.419202000000002,0.0,0.0,0.0,0.0,0.0,0.0,0.0,0.0,0.0,0.0,0.0,0.0,0.0,0.0,0.0,0.0
-18.484,-20.411202000000003,0.0,0.0,0.0,0.0,0.0,0.0,0.0,0.0,0.0,0.0,0.0,0.0,0.0,0.0,0.0,0.0
-18.475,-20.402202000000003,0.0,0.0,0.0,0.0,0.0,0.0,0.0,0.0,0.0,0.0,0.0,0.0,0.0,0.0,0.0,0.0
-18.467,-20.394202,0.0,0.0,0.0,0.0,0.0,0.0,0.0,0.0,0.0,0.0,0.0,0.0,0.0,0.0,0.0,0.0
-18.459,-20.386202,0.0,0.0,0.0,0.0,0.0,0.0,0.0,0.0,0.0,0.0,0.0,0.0,0.0,0.0,0.0,0.0
-18.451,-20.378202,0.0,0.0,0.0,0.0,0.0,0.0,0.0,0.0,0.0,0.0,0.0,0.0,0.0,0.0,0.0,0.0
-18.442,-20.369202,0.0,0.0,0.0,0.0,0.0,0.0,0.0,0.0,0.0,0.0,0.0,0.0,0.0,0.0,0.0,0.0
-18.434,-20.361202000000002,0.0,0.0,0.0,0.0,0.0,0.0,0.0,0.0,0.0,0.0,0.0,0.0,0.0,0.0,0.0,0.0
-18.426,-20.353202,0.0,0.0,0.0,0.0,0.0,0.0,0.0,0.0,0.0,0.0,0.0,0.0,0.0,0.0,0.0,0.0
-18.417,-20.344202000000003,0.0,0.0,0.0,0.0,0.0,0.0,0.0,0.0,0.0,0.0,0.0,0.0,0.0,0.0,0.0,0.0
-18.409,-20.336202,0.0,0.0,0.0,0.0,0.0,0.0,0.0,0.0,0.0,0.0,0.0,0.0,0.0,0.0,0.0,0.0
-18.401,-20.328202,0.0,0.0,0.0,0.0,0.0,0.0,0.0,0.0,0.0,0.0,0.0,0.0,0.0,0.0,0.0,0.0
-18.392,-20.319202,0.0,0.0,0.0,0.0,0.0,0.0,0.0,0.0,0.0,0.0,0.0,0.0,0.0,0.0,0.0,0.0
-18.384,-20.311202,0.0,0.0,0.0,0.0,0.0,0.0,0.0,0.0,0.0,0.0,0.0,0.0,0.0,0.0,0.0,0.0
-18.376,-20.303202000000002,0.0,0.0,0.0,0.0,0.0,0.0,0.0,0.0,0.0,0.0,0.0,0.0,0.0,0.0,0.0,0.0
-18.367,-20.294202000000002,0.0,0.0,0.0,0.0,0.0,0.0,0.0,0.0,0.0,0.0,0.0,0.0,0.0,0.0,0.0,0.0
-18.359,-20.286202000000003,0.0,0.0,0.0,0.0,0.0,0.0,0.0,0.0,0.0,0.0,0.0,0.0,0.0,0.0,0.0,0.0
-18.351,-20.278202,0.0,0.0,0.0,0.0,0.0,0.0,0.0,0.0,0.0,0.0,0.0,0.0,0.0,0.0,0.0,0.0
-18.343,-20.270202,0.0,0.0,0.0,0.0,0.0,0.0,0.0,0.0,0.0,0.0,0.0,0.0,0.0,0.0,0.0,0.0
-18.334,-20.261202,0.0,0.0,0.0,0.0,0.0,0.0,0.0,0.0,0.0,0.0,0.0,0.0,0.0,0.0,0.0,0.0
-18.326,-20.253202,0.0,0.0,0.0,0.0,0.0,0.0,0.0,0.0,0.0,0.0,0.0,0.0,0.0,0.0,0.0,0.0
-18.318,-20.245202000000003,0.0,0.0,0.0,0.0,0.0,0.0,0.0,0.0,0.0,0.0,0.0,0.0,0.0,0.0,0.0,0.0
-18.309,-20.236202000000002,0.0,0.0,0.0,0.0,0.0,0.0,0.0,0.0,0.0,0.0,0.0,0.0,0.0,0.0,0.0,0.0
-18.301,-20.228202,0.0,0.0,0.0,0.0,0.0,0.0,0.0,0.0,0.0,0.0,0.0,0.0,0.0,0.0,0.0,0.0
-18.293,-20.220202,0.0,0.0,0.0,0.0,0.0,0.0,0.0,0.0,0.0,0.0,0.0,0.0,0.0,0.0,0.0,0.0
-18.284,-20.211202,0.0,0.0,0.0,0.0,0.0,0.0,0.0,0.0,0.0,0.0,0.0,0.0,0.0,0.0,0.0,0.0
-18.276,-20.203202,0.0,0.0,0.0,0.0,0.0,0.0,0.0,0.0,0.0,0.0,0.0,0.0,0.0,0.0,0.0,0.0
-18.268,-20.195202000000002,0.0,0.0,0.0,0.0,0.0,0.0,0.0,0.0,0.0,0.0,0.0,0.0,0.0,0.0,0.0,0.0
-18.259,-20.186202,0.0,0.0,0.0,0.0,0.0,0.0,0.0,0.0,0.0,0.0,0.0,0.0,0.0,0.0,0.0,0.0
-18.251,-20.178202000000002,0.0,0.0,0.0,0.0,0.0,0.0,0.0,0.0,0.0,0.0,0.0,0.0,0.0,0.0,0.0,0.0
-18.243,-20.170202,0.0,0.0,0.0,0.0,0.0,0.0,0.0,0.0,0.0,0.0,0.0,0.0,0.0,0.0,0.0,0.0
-18.235,-20.162202,0.0,0.0,0.0,0.0,0.0,0.0,0.0,0.0,0.0,0.0,0.0,0.0,0.0,0.0,0.0,0.0
-18.226,-20.153202,0.0,0.0,0.0,0.0,0.0,0.0,0.0,0.0,0.0,0.0,0.0,0.0,0.0,0.0,0.0,0.0
-18.218,-20.145202,0.0,0.0,0.0,0.0,0.0,0.0,0.0,0.0,0.0,0.0,0.0,0.0,0.0,0.0,0.0,0.0
-18.21,-20.137202000000002,0.0,0.0,0.0,0.0,0.0,0.0,0.0,0.0,0.0,0.0,0.0,0.0,0.0,0.0,0.0,0.0
-18.201,-20.128202,0.0,0.0,0.0,0.0,0.0,0.0,0.0,0.0,0.0,0.0,0.0,0.0,0.0,0.0,0.0,0.0
-18.193,-20.120202000000003,0.0,0.0,0.0,0.0,0.0,0.0,0.0,0.0,0.0,0.0,0.0,0.0,0.0,0.0,0.0,0.0
-18.185,-20.112202,0.0,0.0,0.0,0.0,0.0,0.0,0.0,0.0,0.0,0.0,0.0,0.0,0.0,0.0,0.0,0.0
-18.176,-20.103202,0.0,0.0,0.0,0.0,0.0,0.0,0.0,0.0,0.0,0.0,0.0,0.0,0.0,0.0,0.0,0.0
-18.168,-20.095202,0.0,0.0,0.0,0.0,0.0,0.0,0.0,0.0,0.0,0.0,0.0,0.0,0.0,0.0,0.0,0.0
-18.16,-20.087202,0.0,0.0,0.0,0.0,0.0,0.0,0.0,0.0,0.0,0.0,0.0,0.0,0.0,0.0,0.0,0.0
-18.151,-20.078202,0.0,0.0,0.0,0.0,0.0,0.0,0.0,0.0,0.0,0.0,0.0,0.0,0.0,0.0,0.0,0.0
-18.143,-20.070202000000002,0.0,0.0,0.0,0.0,0.0,0.0,0.0,0.0,0.0,0.0,0.0,0.0,0.0,0.0,0.0,0.0
-18.135,-20.062202000000003,0.0,0.0,0.0,0.0,0.0,0.0,0.0,0.0,0.0,0.0,0.0,0.0,0.0,0.0,0.0,0.0
-18.127,-20.054202,0.0,0.0,0.0,0.0,0.0,0.0,0.0,0.0,0.0,0.0,0.0,0.0,0.0,0.0,0.0,0.0
-18.118,-20.045202,0.0,0.0,0.0,0.0,0.0,0.0,0.0,0.0,0.0,0.0,0.0,0.0,0.0,0.0,0.0,0.0
-18.11,-20.037202,0.0,0.0,0.0,0.0,0.0,0.0,0.0,0.0,0.0,0.0,0.0,0.0,0.0,0.0,0.0,0.0
-18.102,-20.029202,0.0,0.0,0.0,0.0,0.0,0.0,0.0,0.0,0.0,0.0,0.0,0.0,0.0,0.0,0.0,0.0
-18.093,-20.020202,0.0,0.0,0.0,0.0,0.0,0.0,0.0,0.0,0.0,0.0,0.0,0.0,0.0,0.0,0.0,0.0
-18.085,-20.012202000000002,0.0,0.0,0.0,0.0,0.0,0.0,0.0,0.0,0.0,0.0,0.0,0.0,0.0,0.0,0.0,0.0
-18.077,-20.004202000000003,0.0,0.0,0.0,0.0,0.0,0.0,0.0,0.0,0.0,0.0,0.0,0.0,0.0,0.0,0.0,0.0
-18.068,-19.995202000000003,0.0,0.0,0.0,0.0,0.0,0.0,0.0,0.0,0.0,0.0,0.0,0.0,0.0,0.0,0.0,0.0
-18.06,-19.987202,0.0,0.0,0.0,0.0,0.0,0.0,0.0,0.0,0.0,0.0,0.0,0.0,0.0,0.0,0.0,0.0
-18.052,-19.979202,0.0,0.0,0.0,0.0,0.0,0.0,0.0,0.0,0.0,0.0,0.0,0.0,0.0,0.0,0.0,0.0
-18.043,-19.970202,0.0,0.0,0.0,0.0,0.0,0.0,0.0,0.0,0.0,0.0,0.0,0.0,0.0,0.0,0.0,0.0
-18.035,-19.962202,0.0,0.0,0.0,0.0,0.0,0.0,0.0,0.0,0.0,0.0,0.0,0.0,0.0,0.0,0.0,0.0
-18.027,-19.954202000000002,0.0,0.0,0.0,0.0,0.0,0.0,0.0,0.0,0.0,0.0,0.0,0.0,0.0,0.0,0.0,0.0
-18.019,-19.946202,0.0,0.0,0.0,0.0,0.0,0.0,0.0,0.0,0.0,0.0,0.0,0.0,0.0,0.0,0.0,0.0
-18.01,-19.937202000000003,0.0,0.0,0.0,0.0,0.0,0.0,0.0,0.0,0.0,0.0,0.0,0.0,0.0,0.0,0.0,0.0
-18.002,-19.929202,0.0,0.0,0.0,0.0,0.0,0.0,0.0,0.0,0.0,0.0,0.0,0.0,0.0,0.0,0.0,0.0
-17.994,-19.921202,0.0,0.0,0.0,0.0,0.0,0.0,0.0,0.0,0.0,0.0,0.0,0.0,0.0,0.0,0.0,0.0
-17.985,-19.912202,0.0,0.0,0.0,0.0,0.0,0.0,0.0,0.0,0.0,0.0,0.0,0.0,0.0,0.0,0.0,0.0
-17.977,-19.904202,0.0,0.0,0.0,0.0,0.0,0.0,0.0,0.0,0.0,0.0,0.0,0.0,0.0,0.0,0.0,0.0
-17.969,-19.896202000000002,0.0,0.0,0.0,0.0,0.0,0.0,0.0,0.0,0.0,0.0,0.0,0.0,0.0,0.0,0.0,0.0
-17.96,-19.887202000000002,0.0,0.0,0.0,0.0,0.0,0.0,0.0,0.0,0.0,0.0,0.0,0.0,0.0,0.0,0.0,0.0
-17.952,-19.879202000000003,0.0,0.0,0.0,0.0,0.0,0.0,0.0,0.0,0.0,0.0,0.0,0.0,0.0,0.0,0.0,0.0
-17.944,-19.871202,0.0,0.0,0.0,0.0,0.0,0.0,0.0,0.0,0.0,0.0,0.0,0.0,0.0,0.0,0.0,0.0
-17.935,-19.862202,0.0,0.0,0.0,0.0,0.0,0.0,0.0,0.0,0.0,0.0,0.0,0.0,0.0,0.0,0.0,0.0
-17.927,-19.854202,0.0,0.0,0.0,0.0,0.0,0.0,0.0,0.0,0.0,0.0,0.0,0.0,0.0,0.0,0.0,0.0
-17.919,-19.846202,0.0,0.0,0.0,0.0,0.0,0.0,0.0,0.0,0.0,0.0,0.0,0.0,0.0,0.0,0.0,0.0
-17.911,-19.838202000000003,0.0,0.0,0.0,0.0,0.0,0.0,0.0,0.0,0.0,0.0,0.0,0.0,0.0,0.0,0.0,0.0
-17.902,-19.829202000000002,0.0,0.0,0.0,0.0,0.0,0.0,0.0,0.0,0.0,0.0,0.0,0.0,0.0,0.0,0.0,0.0
-17.894,-19.821202,0.0,0.0,0.0,0.0,0.0,0.0,0.0,0.0,0.0,0.0,0.0,0.0,0.0,0.0,0.0,0.0
-17.886,-19.813202,0.0,0.0,0.0,0.0,0.0,0.0,0.0,0.0,0.0,0.0,0.0,0.0,0.0,0.0,0.0,0.0
-17.877,-19.804202,0.0,0.0,0.0,0.0,0.0,0.0,0.0,0.0,0.0,0.0,0.0,0.0,0.0,0.0,0.0,0.0
-17.869,-19.796202,0.0,0.0,0.0,0.0,0.0,0.0,0.0,0.0,0.0,0.0,0.0,0.0,0.0,0.0,0.0,0.0
-17.861,-19.788202000000002,0.0,0.0,0.0,0.0,0.0,0.0,0.0,0.0,0.0,0.0,0.0,0.0,0.0,0.0,0.0,0.0
-17.852,-19.779202,0.0,0.0,0.0,0.0,0.0,0.0,0.0,0.0,0.0,0.0,0.0,0.0,0.0,0.0,0.0,0.0
-17.844,-19.771202000000002,0.0,0.0,0.0,0.0,0.0,0.0,0.0,0.0,0.0,0.0,0.0,0.0,0.0,0.0,0.0,0.0
-17.836,-19.763202,0.0,0.0,0.0,0.0,0.0,0.0,0.0,0.0,0.0,0.0,0.0,0.0,0.0,0.0,0.0,0.0
-17.827,-19.754202000000003,0.0,0.0,0.0,0.0,0.0,0.0,0.0,0.0,0.0,0.0,0.0,0.0,0.0,0.0,0.0,0.0
-17.819,-19.746202,0.0,0.0,0.0,0.0,0.0,0.0,0.0,0.0,0.0,0.0,0.0,0.0,0.0,0.0,0.0,0.0
-17.811,-19.738202,0.0,0.0,0.0,0.0,0.0,0.0,0.0,0.0,0.0,0.0,0.0,0.0,0.0,0.0,0.0,0.0
-17.803,-19.730202000000002,0.0,0.0,0.0,0.0,0.0,0.0,0.0,0.0,0.0,0.0,0.0,0.0,0.0,0.0,0.0,0.0
-17.794,-19.721202,0.0,0.0,0.0,0.0,0.0,0.0,0.0,0.0,0.0,0.0,0.0,0.0,0.0,0.0,0.0,0.0
-17.786,-19.713202000000003,0.0,0.0,0.0,0.0,0.0,0.0,0.0,0.0,0.0,0.0,0.0,0.0,0.0,0.0,0.0,0.0
-17.778,-19.705202,0.0,0.0,0.0,0.0,0.0,0.0,0.0,0.0,0.0,0.0,0.0,0.0,0.0,0.0,0.0,0.0
-17.769,-19.696202,0.0,0.0,0.0,0.0,0.0,0.0,0.0,0.0,0.0,0.0,0.0,0.0,0.0,0.0,0.0,0.0
-17.761,-19.688202,0.0,0.0,0.0,0.0,0.0,0.0,0.0,0.0,0.0,0.0,0.0,0.0,0.0,0.0,0.0,0.0
-17.753,-19.680202,0.0,0.0,0.0,0.0,0.0,0.0,0.0,0.0,0.0,0.0,0.0,0.0,0.0,0.0,0.0,0.0
-17.744,-19.671202,0.0,0.0,0.0,0.0,0.0,0.0,0.0,0.0,0.0,0.0,0.0,0.0,0.0,0.0,0.0,0.0
-17.736,-19.663202000000002,0.0,0.0,0.0,0.0,0.0,0.0,0.0,0.0,0.0,0.0,0.0,0.0,0.0,0.0,0.0,0.0
-17.728,-19.655202000000003,0.0,0.0,0.0,0.0,0.0,0.0,0.0,0.0,0.0,0.0,0.0,0.0,0.0,0.0,0.0,0.0
-17.719,-19.646202000000002,0.0,0.0,0.0,0.0,0.0,0.0,0.0,0.0,0.0,0.0,0.0,0.0,0.0,0.0,0.0,0.0
-17.711,-19.638202,0.0,0.0,0.0,0.0,0.0,0.0,0.0,0.0,0.0,0.0,0.0,0.0,0.0,0.0,0.0,0.0
-17.703,-19.630202,0.0,0.0,0.0,0.0,0.0,0.0,0.0,0.0,0.0,0.0,0.0,0.0,0.0,0.0,0.0,0.0
-17.695,-19.622202,0.0,0.0,0.0,0.0,0.0,0.0,0.0,0.0,0.0,0.0,0.0,0.0,0.0,0.0,0.0,0.0
-17.686,-19.613202,0.0,0.0,0.0,0.0,0.0,0.0,0.0,0.0,0.0,0.0,0.0,0.0,0.0,0.0,0.0,0.0
-17.678,-19.605202000000002,0.0,0.0,0.0,0.0,0.0,0.0,0.0,0.0,0.0,0.0,0.0,0.0,0.0,0.0,0.0,0.0
-17.67,-19.597202000000003,0.0,0.0,0.0,0.0,0.0,0.0,0.0,0.0,0.0,0.0,0.0,0.0,0.0,0.0,0.0,0.0
-17.661,-19.588202000000003,0.0,0.0,0.0,0.0,0.0,0.0,0.0,0.0,0.0,0.0,0.0,0.0,0.0,0.0,0.0,0.0
-17.653,-19.580202,0.0,0.0,0.0,0.0,0.0,0.0,0.0,0.0,0.0,0.0,0.0,0.0,0.0,0.0,0.0,0.0
-17.645,-19.572202,0.0,0.0,0.0,0.0,0.0,0.0,0.0,0.0,0.0,0.0,0.0,0.0,0.0,0.0,0.0,0.0
-17.636,-19.563202,0.0,0.0,0.0,0.0,0.0,0.0,0.0,0.0,0.0,0.0,0.0,0.0,0.0,0.0,0.0,0.0
-17.628,-19.555202,0.0,0.0,0.0,0.0,0.0,0.0,0.0,0.0,0.0,0.0,0.0,0.0,0.0,0.0,0.0,0.0
-17.62,-19.547202000000002,0.0,0.0,0.0,0.0,0.0,0.0,0.0,0.0,0.0,0.0,0.0,0.0,0.0,0.0,0.0,0.0
-17.611,-19.538202000000002,0.0,0.0,0.0,0.0,0.0,0.0,0.0,0.0,0.0,0.0,0.0,0.0,0.0,0.0,0.0,0.0
-17.603,-19.530202000000003,0.0,0.0,0.0,0.0,0.0,0.0,0.0,0.0,0.0,0.0,0.0,0.0,0.0,0.0,0.0,0.0
-17.595,-19.522202,0.0,0.0,0.0,0.0,0.0,0.0,0.0,0.0,0.0,0.0,0.0,0.0,0.0,0.0,0.0,0.0
-17.587,-19.514202,0.0,0.0,0.0,0.0,0.0,0.0,0.0,0.0,0.0,0.0,0.0,0.0,0.0,0.0,0.0,0.0
-17.578,-19.505202,0.0,0.0,0.0,0.0,0.0,0.0,0.0,0.0,0.0,0.0,0.0,0.0,0.0,0.0,0.0,0.0
-17.57,-19.497202,0.0,0.0,0.0,0.0,0.0,0.0,0.0,0.0,0.0,0.0,0.0,0.0,0.0,0.0,0.0,0.0
-17.562,-19.489202000000002,0.0,0.0,0.0,0.0,0.0,0.0,0.0,0.0,0.0,0.0,0.0,0.0,0.0,0.0,0.0,0.0
-17.553,-19.480202000000002,0.0,0.0,0.0,0.0,0.0,0.0,0.0,0.0,0.0,0.0,0.0,0.0,0.0,0.0,0.0,0.0
-17.545,-19.472202000000003,0.0,0.0,0.0,0.0,0.0,0.0,0.0,0.0,0.0,0.0,0.0,0.0,0.0,0.0,0.0,0.0
-17.537,-19.464202,0.0,0.0,0.0,0.0,0.0,0.0,0.0,0.0,0.0,0.0,0.0,0.0,0.0,0.0,0.0,0.0
-17.528,-19.455202,0.0,0.0,0.0,0.0,0.0,0.0,0.0,0.0,0.0,0.0,0.0,0.0,0.0,0.0,0.0,0.0
-17.52,-19.447202,0.0,0.0,0.0,0.0,0.0,0.0,0.0,0.0,0.0,0.0,0.0,0.0,0.0,0.0,0.0,0.0
-17.512,-19.439202,0.0,0.0,0.0,0.0,0.0,0.0,0.0,0.0,0.0,0.0,0.0,0.0,0.0,0.0,0.0,0.0
-17.503,-19.430202,0.0,0.0,0.0,0.0,0.0,0.0,0.0,0.0,0.0,0.0,0.0,0.0,0.0,0.0,0.0,0.0
-17.495,-19.422202000000002,0.0,0.0,0.0,0.0,0.0,0.0,0.0,0.0,0.0,0.0,0.0,0.0,0.0,0.0,0.0,0.0
-17.487,-19.414202,0.0,0.0,0.0,0.0,0.0,0.0,0.0,0.0,0.0,0.0,0.0,0.0,0.0,0.0,0.0,0.0
-17.479,-19.406202,0.0,0.0,0.0,0.0,0.0,0.0,0.0,0.0,0.0,0.0,0.0,0.0,0.0,0.0,0.0,0.0
-17.47,-19.397202,0.0,0.0,0.0,0.0,0.0,0.0,0.0,0.0,0.0,0.0,0.0,0.0,0.0,0.0,0.0,0.0
-17.462,-19.389202,0.0,0.0,0.0,0.0,0.0,0.0,0.0,0.0,0.0,0.0,0.0,0.0,0.0,0.0,0.0,0.0
-17.454,-19.381202000000002,0.0,0.0,0.0,0.0,0.0,0.0,0.0,0.0,0.0,0.0,0.0,0.0,0.0,0.0,0.0,0.0
-17.445,-19.372202,0.0,0.0,0.0,0.0,0.0,0.0,0.0,0.0,0.0,0.0,0.0,0.0,0.0,0.0,0.0,0.0
-17.437,-19.364202000000002,0.0,0.0,0.0,0.0,0.0,0.0,0.0,0.0,0.0,0.0,0.0,0.0,0.0,0.0,0.0,0.0
-17.429,-19.356202,0.0,0.0,0.0,0.0,0.0,0.0,0.0,0.0,0.0,0.0,0.0,0.0,0.0,0.0,0.0,0.0
-17.42,-19.347202000000003,0.0,0.0,0.0,0.0,0.0,0.0,0.0,0.0,0.0,0.0,0.0,0.0,0.0,0.0,0.0,0.0
-17.412,-19.339202,0.0,0.0,0.0,0.0,0.0,0.0,0.0,0.0,0.0,0.0,0.0,0.0,0.0,0.0,0.0,0.0
-17.404,-19.331202,0.0,0.0,0.0,0.0,0.0,0.0,0.0,0.0,0.0,0.0,0.0,0.0,0.0,0.0,0.0,0.0
-17.395,-19.322202,0.0,0.0,0.0,0.0,0.0,0.0,0.0,0.0,0.0,0.0,0.0,0.0,0.0,0.0,0.0,0.0
-17.387,-19.314202,0.0,0.0,0.0,0.0,0.0,0.0,0.0,0.0,0.0,0.0,0.0,0.0,0.0,0.0,0.0,0.0
-17.379,-19.306202000000003,0.0,0.0,0.0,0.0,0.0,0.0,0.0,0.0,0.0,0.0,0.0,0.0,0.0,0.0,0.0,0.0
-17.371,-19.298202,0.0,0.0,0.0,0.0,0.0,0.0,0.0,0.0,0.0,0.0,0.0,0.0,0.0,0.0,0.0,0.0
-17.362,-19.289202,0.0,0.0,0.0,0.0,0.0,0.0,0.0,0.0,0.0,0.0,0.0,0.0,0.0,0.0,0.0,0.0
-17.354,-19.281202,0.0,0.0,0.0,0.0,0.0,0.0,0.0,0.0,0.0,0.0,0.0,0.0,0.0,0.0,0.0,0.0
-17.346,-19.273202,0.0,0.0,0.0,0.0,0.0,0.0,0.0,0.0,0.0,0.0,0.0,0.0,0.0,0.0,0.0,0.0
-17.337,-19.264202,0.0,0.0,0.0,0.0,0.0,0.0,0.0,0.0,0.0,0.0,0.0,0.0,0.0,0.0,0.0,0.0
-17.329,-19.256202000000002,0.0,0.0,0.0,0.0,0.0,0.0,0.0,0.0,0.0,0.0,0.0,0.0,0.0,0.0,0.0,0.0
-17.321,-19.248202000000003,0.0,0.0,0.0,0.0,0.0,0.0,0.0,0.0,0.0,0.0,0.0,0.0,0.0,0.0,0.0,0.0
-17.312,-19.239202000000002,0.0,0.0,0.0,0.0,0.0,0.0,0.0,0.0,0.0,0.0,0.0,0.0,0.0,0.0,0.0,0.0
-17.304,-19.231202,0.0,0.0,0.0,0.0,0.0,0.0,0.0,0.0,0.0,0.0,0.0,0.0,0.0,0.0,0.0,0.0
-17.296,-19.223202,0.0,0.0,0.0,0.0,0.0,0.0,0.0,0.0,0.0,0.0,0.0,0.0,0.0,0.0,0.0,0.0
-17.287,-19.214202,0.0,0.0,0.0,0.0,0.0,0.0,0.0,0.0,0.0,0.0,0.0,0.0,0.0,0.0,0.0,0.0
-17.279,-19.206202,0.0,0.0,0.0,0.0,0.0,0.0,0.0,0.0,0.0,0.0,0.0,0.0,0.0,0.0,0.0,0.0
-17.271,-19.198202000000002,0.0,0.0,0.0,0.0,0.0,0.0,0.0,0.0,0.0,0.0,0.0,0.0,0.0,0.0,0.0,0.0
-17.263,-19.190202000000003,0.0,0.0,0.0,0.0,0.0,0.0,0.0,0.0,0.0,0.0,0.0,0.0,0.0,0.0,0.0,0.0
-17.254,-19.181202000000003,0.0,0.0,0.0,0.0,0.0,0.0,0.0,0.0,0.0,0.0,0.0,0.0,0.0,0.0,0.0,0.0
-17.246,-19.173202,0.0,0.0,0.0,0.0,0.0,0.0,0.0,0.0,0.0,0.0,0.0,0.0,0.0,0.0,0.0,0.0
-17.238,-19.165202,0.0,0.0,0.0,0.0,0.0,0.0,0.0,0.0,0.0,0.0,0.0,0.0,0.0,0.0,0.0,0.0
-17.229,-19.156202,0.0,0.0,0.0,0.0,0.0,0.0,0.0,0.0,0.0,0.0,0.0,0.0,0.0,0.0,0.0,0.0
-17.221,-19.148202,0.0,0.0,0.0,0.0,0.0,0.0,0.0,0.0,0.0,0.0,0.0,0.0,0.0,0.0,0.0,0.0
-17.213,-19.140202000000002,0.0,0.0,0.0,0.0,0.0,0.0,0.0,0.0,0.0,0.0,0.0,0.0,0.0,0.0,0.0,0.0
-17.204,-19.131202000000002,0.0,0.0,0.0,0.0,0.0,0.0,0.0,0.0,0.0,0.0,0.0,0.0,0.0,0.0,0.0,0.0
-17.196,-19.123202000000003,0.0,0.0,0.0,0.0,0.0,0.0,0.0,0.0,0.0,0.0,0.0,0.0,0.0,0.0,0.0,0.0
-17.188,-19.115202,0.0,0.0,0.0,0.0,0.0,0.0,0.0,0.0,0.0,0.0,0.0,0.0,0.0,0.0,0.0,0.0
-17.179,-19.106202,0.0,0.0,0.0,0.0,0.0,0.0,0.0,0.0,0.0,0.0,0.0,0.0,0.0,0.0,0.0,0.0
-17.171,-19.098202,0.0,0.0,0.0,0.0,0.0,0.0,0.0,0.0,0.0,0.0,0.0,0.0,0.0,0.0,0.0,0.0
-17.163,-19.090202,0.0,0.0,0.0,0.0,0.0,0.0,0.0,0.0,0.0,0.0,0.0,0.0,0.0,0.0,0.0,0.0
-17.155,-19.082202000000002,0.0,0.0,0.0,0.0,0.0,0.0,0.0,0.0,0.0,0.0,0.0,0.0,0.0,0.0,0.0,0.0
-17.146,-19.073202000000002,0.0,0.0,0.0,0.0,0.0,0.0,0.0,0.0,0.0,0.0,0.0,0.0,0.0,0.0,0.0,0.0
-17.138,-19.065202000000003,0.0,0.0,0.0,0.0,0.0,0.0,0.0,0.0,0.0,0.0,0.0,0.0,0.0,0.0,0.0,0.0
-17.13,-19.057202,0.0,0.0,0.0,0.0,0.0,0.0,0.0,0.0,0.0,0.0,0.0,0.0,0.0,0.0,0.0,0.0
-17.121,-19.048202,0.0,0.0,0.0,0.0,0.0,0.0,0.0,0.0,0.0,0.0,0.0,0.0,0.0,0.0,0.0,0.0
-17.113,-19.040202,0.0,0.0,0.0,0.0,0.0,0.0,0.0,0.0,0.0,0.0,0.0,0.0,0.0,0.0,0.0,0.0
-17.105,-19.032202,0.0,0.0,0.0,0.0,0.0,0.0,0.0,0.0,0.0,0.0,0.0,0.0,0.0,0.0,0.0,0.0
-17.096,-19.023202,0.0,0.0,0.0,0.0,0.0,0.0,0.0,0.0,0.0,0.0,0.0,0.0,0.0,0.0,0.0,0.0
-17.088,-19.015202000000002,0.0,0.0,0.0,0.0,0.0,0.0,0.0,0.0,0.0,0.0,0.0,0.0,0.0,0.0,0.0,0.0
-17.08,-19.007202,0.0,0.0,0.0,0.0,0.0,0.0,0.0,0.0,0.0,0.0,0.0,0.0,0.0,0.0,0.0,0.0
-17.071,-18.998202000000003,0.0,0.0,0.0,0.0,0.0,0.0,0.0,0.0,0.0,0.0,0.0,0.0,0.0,0.0,0.0,0.0
-17.063,-18.990202,0.0,0.0,0.0,0.0,0.0,0.0,0.0,0.0,0.0,0.0,0.0,0.0,0.0,0.0,0.0,0.0
-17.055,-18.982202,0.0,0.0,0.0,0.0,0.0,0.0,0.0,0.0,0.0,0.0,0.0,0.0,0.0,0.0,0.0,0.0
-17.047,-18.974202000000002,0.0,0.0,0.0,0.0,0.0,0.0,0.0,0.0,0.0,0.0,0.0,0.0,0.0,0.0,0.0,0.0
-17.038,-18.965202,0.0,0.0,0.0,0.0,0.0,0.0,0.0,0.0,0.0,0.0,0.0,0.0,0.0,0.0,0.0,0.0
-17.03,-18.957202000000002,0.0,0.0,0.0,0.0,0.0,0.0,0.0,0.0,0.0,0.0,0.0,0.0,0.0,0.0,0.0,0.0
-17.022,-18.949202,0.0,0.0,0.0,0.0,0.0,0.0,0.0,0.0,0.0,0.0,0.0,0.0,0.0,0.0,0.0,0.0
-17.013,-18.940202000000003,0.0,0.0,0.0,0.0,0.0,0.0,0.0,0.0,0.0,0.0,0.0,0.0,0.0,0.0,0.0,0.0
-17.005,-18.932202,0.0,0.0,0.0,0.0,0.0,0.0,0.0,0.0,0.0,0.0,0.0,0.0,0.0,0.0,0.0,0.0
-16.997,-18.924202,0.0,0.0,0.0,0.0,0.0,0.0,0.0,0.0,0.0,0.0,0.0,0.0,0.0,0.0,0.0,0.0
-16.988,-18.915202,0.0,0.0,0.0,0.0,0.0,0.0,0.0,0.0,0.0,0.0,0.0,0.0,0.0,0.0,0.0,0.0
-16.98,-18.907202,0.0,0.0,0.0,0.0,0.0,0.0,0.0,0.0,0.0,0.0,0.0,0.0,0.0,0.0,0.0,0.0
-16.972,-18.899202000000002,0.0,0.0,0.0,0.0,0.0,0.0,0.0,0.0,0.0,0.0,0.0,0.0,0.0,0.0,0.0,0.0
-16.963,-18.890202000000002,0.0,0.0,0.0,0.0,0.0,0.0,0.0,0.0,0.0,0.0,0.0,0.0,0.0,0.0,0.0,0.0
-16.955,-18.882202,0.0,0.0,0.0,0.0,0.0,0.0,0.0,0.0,0.0,0.0,0.0,0.0,0.0,0.0,0.0,0.0
-16.947,-18.874202,0.0,0.0,0.0,0.0,0.0,0.0,0.0,0.0,0.0,0.0,0.0,0.0,0.0,0.0,0.0,0.0
-16.939,-18.866202,0.0,0.0,0.0,0.0,0.0,0.0,0.0,0.0,0.0,0.0,0.0,0.0,0.0,0.0,0.0,0.0
-16.93,-18.857202,0.0,0.0,0.0,0.0,0.0,0.0,0.0,0.0,0.0,0.0,0.0,0.0,0.0,0.0,0.0,0.0
-16.922,-18.849202000000002,0.0,0.0,0.0,0.0,0.0,0.0,0.0,0.0,0.0,0.0,0.0,0.0,0.0,0.0,0.0,0.0
-16.914,-18.841202000000003,0.0,0.0,0.0,0.0,0.0,0.0,0.0,0.0,0.0,0.0,0.0,0.0,0.0,0.0,0.0,0.0
-16.905,-18.832202000000002,0.0,0.0,0.0,0.0,0.0,0.0,0.0,0.0,0.0,0.0,0.0,0.0,0.0,0.0,0.0,0.0
-16.897,-18.824202,0.0,0.0,0.0,0.0,0.0,0.0,0.0,0.0,0.0,0.0,0.0,0.0,0.0,0.0,0.0,0.0
-16.889,-18.816202,0.0,0.0,0.0,0.0,0.0,0.0,0.0,0.0,0.0,0.0,0.0,0.0,0.0,0.0,0.0,0.0
-16.88,-18.807202,0.0,0.0,0.0,0.0,0.0,0.0,0.0,0.0,0.0,0.0,0.0,0.0,0.0,0.0,0.0,0.0
-16.872,-18.799202,0.0,0.0,0.0,0.0,0.0,0.0,0.0,0.0,0.0,0.0,0.0,0.0,0.0,0.0,0.0,0.0
-16.864,-18.791202000000002,0.0,0.0,0.0,0.0,0.0,0.0,0.0,0.0,0.0,0.0,0.0,0.0,0.0,0.0,0.0,0.0
-16.855,-18.782202,0.0,0.0,0.0,0.0,0.0,0.0,0.0,0.0,0.0,0.0,0.0,0.0,0.0,0.0,0.0,0.0
-16.847,-18.774202000000002,0.0,0.0,0.0,0.0,0.0,0.0,0.0,0.0,0.0,0.0,0.0,0.0,0.0,0.0,0.0,0.0
-16.839,-18.766202,0.0,0.0,0.0,0.0,0.0,0.0,0.0,0.0,0.0,0.0,0.0,0.0,0.0,0.0,0.0,0.0
-16.831,-18.758202,0.0,0.0,0.0,0.0,0.0,0.0,0.0,0.0,0.0,0.0,0.0,0.0,0.0,0.0,0.0,0.0
-16.822,-18.749202,0.0,0.0,0.0,0.0,0.0,0.0,0.0,0.0,0.0,0.0,0.0,0.0,0.0,0.0,0.0,0.0
-16.814,-18.741202,0.0,0.0,0.0,0.0,0.0,0.0,0.0,0.0,0.0,0.0,0.0,0.0,0.0,0.0,0.0,0.0
-16.806,-18.733202000000002,0.0,0.0,0.0,0.0,0.0,0.0,0.0,0.0,0.0,0.0,0.0,0.0,0.0,0.0,0.0,0.0
-16.797,-18.724202000000002,0.0,0.0,0.0,0.0,0.0,0.0,0.0,0.0,0.0,0.0,0.0,0.0,0.0,0.0,0.0,0.0
-16.789,-18.716202000000003,0.0,0.0,0.0,0.0,0.0,0.0,0.0,0.0,0.0,0.0,0.0,0.0,0.0,0.0,0.0,0.0
-16.781,-18.708202,0.0,0.0,0.0,0.0,0.0,0.0,0.0,0.0,0.0,0.0,0.0,0.0,0.0,0.0,0.0,0.0
-16.772,-18.699202,0.0,0.0,0.0,0.0,0.0,0.0,0.0,0.0,0.0,0.0,0.0,0.0,0.0,0.0,0.0,0.0
-16.764,-18.691202,0.0,0.0,0.0,0.0,0.0,0.0,0.0,0.0,0.0,0.0,0.0,0.0,0.0,0.0,0.0,0.0
-16.756,-18.683202,0.0,0.0,0.0,0.0,0.0,0.0,0.0,0.0,0.0,0.0,0.0,0.0,0.0,0.0,0.0,0.0
-16.747,-18.674202,0.0,0.0,0.0,0.0,0.0,0.0,0.0,0.0,0.0,0.0,0.0,0.0,0.0,0.0,0.0,0.0
-16.739,-18.666202000000002,0.0,0.0,0.0,0.0,0.0,0.0,0.0,0.0,0.0,0.0,0.0,0.0,0.0,0.0,0.0,0.0
-16.731,-18.658202000000003,0.0,0.0,0.0,0.0,0.0,0.0,0.0,0.0,0.0,0.0,0.0,0.0,0.0,0.0,0.0,0.0
-16.723,-18.650202,0.0,0.0,0.0,0.0,0.0,0.0,0.0,0.0,0.0,0.0,0.0,0.0,0.0,0.0,0.0,0.0
-16.714,-18.641202,0.0,0.0,0.0,0.0,0.0,0.0,0.0,0.0,0.0,0.0,0.0,0.0,0.0,0.0,0.0,0.0
-16.706,-18.633202,0.0,0.0,0.0,0.0,0.0,0.0,0.0,0.0,0.0,0.0,0.0,0.0,0.0,0.0,0.0,0.0
-16.698,-18.625202,0.0,0.0,0.0,0.0,0.0,0.0,0.0,0.0,0.0,0.0,0.0,0.0,0.0,0.0,0.0,0.0
-16.689,-18.616202,0.0,0.0,0.0,0.0,0.0,0.0,0.0,0.0,0.0,0.0,0.0,0.0,0.0,0.0,0.0,0.0
-16.681,-18.608202000000002,0.0,0.0,0.0,0.0,0.0,0.0,0.0,0.0,0.0,0.0,0.0,0.0,0.0,0.0,0.0,0.0
-16.673,-18.600202,0.0,0.0,0.0,0.0,0.0,0.0,0.0,0.0,0.0,0.0,0.0,0.0,0.0,0.0,0.0,0.0
-16.664,-18.591202000000003,0.0,0.0,0.0,0.0,0.0,0.0,0.0,0.0,0.0,0.0,0.0,0.0,0.0,0.0,0.0,0.0
-16.656,-18.583202,0.0,0.0,0.0,0.0,0.0,0.0,0.0,0.0,0.0,0.0,0.0,0.0,0.0,0.0,0.0,0.0
-16.648,-18.575202,0.0,0.0,0.0,0.0,0.0,0.0,0.0,0.0,0.0,0.0,0.0,0.0,0.0,0.0,0.0,0.0
-16.639,-18.566202,0.0,0.0,0.0,0.0,0.0,0.0,0.0,0.0,0.0,0.0,0.0,0.0,0.0,0.0,0.0,0.0
-16.631,-18.558202,0.0,0.0,0.0,0.0,0.0,0.0,0.0,0.0,0.0,0.0,0.0,0.0,0.0,0.0,0.0,0.0
-16.623,-18.550202000000002,0.0,0.0,0.0,0.0,0.0,0.0,0.0,0.0,0.0,0.0,0.0,0.0,0.0,0.0,0.0,0.0
-16.615,-18.542202,0.0,0.0,0.0,0.0,0.0,0.0,0.0,0.0,0.0,0.0,0.0,0.0,0.0,0.0,0.0,0.0
-16.606,-18.533202000000003,0.0,0.0,0.0,0.0,0.0,0.0,0.0,0.0,0.0,0.0,0.0,0.0,0.0,0.0,0.0,0.0
-16.598,-18.525202,0.0,0.0,0.0,0.0,0.0,0.0,0.0,0.0,0.0,0.0,0.0,0.0,0.0,0.0,0.0,0.0
-16.59,-18.517202,0.0,0.0,0.0,0.0,0.0,0.0,0.0,0.0,0.0,0.0,0.0,0.0,0.0,0.0,0.0,0.0
-16.581,-18.508202,0.0,0.0,0.0,0.0,0.0,0.0,0.0,0.0,0.0,0.0,0.0,0.0,0.0,0.0,0.0,0.0
-16.573,-18.500202,0.0,0.0,0.0,0.0,0.0,0.0,0.0,0.0,0.0,0.0,0.0,0.0,0.0,0.0,0.0,0.0
-16.565,-18.492202000000002,0.0,0.0,0.0,0.0,0.0,0.0,0.0,0.0,0.0,0.0,0.0,0.0,0.0,0.0,0.0,0.0
-16.556,-18.483202000000002,0.0,0.0,0.0,0.0,0.0,0.0,0.0,0.0,0.0,0.0,0.0,0.0,0.0,0.0,0.0,0.0
-16.548,-18.475202,0.0,0.0,0.0,0.0,0.0,0.0,0.0,0.0,0.0,0.0,0.0,0.0,0.0,0.0,0.0,0.0
-16.54,-18.467202,0.0,0.0,0.0,0.0,0.0,0.0,0.0,0.0,0.0,0.0,0.0,0.0,0.0,0.0,0.0,0.0
-16.531,-18.458202,0.0,0.0,0.0,0.0,0.0,0.0,0.0,0.0,0.0,0.0,0.0,0.0,0.0,0.0,0.0,0.0
-16.523,-18.450202,0.0,0.0,0.0,0.0,0.0,0.0,0.0,0.0,0.0,0.0,0.0,0.0,0.0,0.0,0.0,0.0
-16.515,-18.442202,0.0,0.0,0.0,0.0,0.0,0.0,0.0,0.0,0.0,0.0,0.0,0.0,0.0,0.0,0.0,0.0
-16.507,-18.434202000000003,0.0,0.0,0.0,0.0,0.0,0.0,0.0,0.0,0.0,0.0,0.0,0.0,0.0,0.0,0.0,0.0
-16.498,-18.425202000000002,0.0,0.0,0.0,0.0,0.0,0.0,0.0,0.0,0.0,0.0,0.0,0.0,0.0,0.0,0.0,0.0
-16.49,-18.417202,0.0,0.0,0.0,0.0,0.0,0.0,0.0,0.0,0.0,0.0,0.0,0.0,0.0,0.0,0.0,0.0
-16.482,-18.409202,0.0,0.0,0.0,0.0,0.0,0.0,0.0,0.0,0.0,0.0,0.0,0.0,0.0,0.0,0.0,0.0
-16.473,-18.400202,0.0,0.0,0.0,0.0,0.0,0.0,0.0,0.0,0.0,0.0,0.0,0.0,0.0,0.0,0.0,0.0
-16.465,-18.392202,0.0,0.0,0.0,0.0,0.0,0.0,0.0,0.0,0.0,0.0,0.0,0.0,0.0,0.0,0.0,0.0
-16.457,-18.384202000000002,0.0,0.0,0.0,0.0,0.0,0.0,0.0,0.0,0.0,0.0,0.0,0.0,0.0,0.0,0.0,0.0
-16.448,-18.375202,0.0,0.0,0.0,0.0,0.0,0.0,0.0,0.0,0.0,0.0,0.0,0.0,0.0,0.0,0.0,0.0
-16.44,-18.367202000000002,0.0,0.0,0.0,0.0,0.0,0.0,0.0,0.0,0.0,0.0,0.0,0.0,0.0,0.0,0.0,0.0
-16.432,-18.359202,0.0,0.0,0.0,0.0,0.0,0.0,0.0,0.0,0.0,0.0,0.0,0.0,0.0,0.0,0.0,0.0
-16.423,-18.350202,0.0,0.0,0.0,0.0,0.0,0.0,0.0,0.0,0.0,0.0,0.0,0.0,0.0,0.0,0.0,0.0
-16.415,-18.342202,0.0,0.0,0.0,0.0,0.0,0.0,0.0,0.0,0.0,0.0,0.0,0.0,0.0,0.0,0.0,0.0
-16.407,-18.334202,0.0,0.0,0.0,0.0,0.0,0.0,0.0,0.0,0.0,0.0,0.0,0.0,0.0,0.0,0.0,0.0
-16.399,-18.326202000000002,0.0,0.0,0.0,0.0,0.0,0.0,0.0,0.0,0.0,0.0,0.0,0.0,0.0,0.0,0.0,0.0
-16.39,-18.317202,0.0,0.0,0.0,0.0,0.0,0.0,0.0,0.0,0.0,0.0,0.0,0.0,0.0,0.0,0.0,0.0
-16.382,-18.309202000000003,0.0,0.0,0.0,0.0,0.0,0.0,0.0,0.0,0.0,0.0,0.0,0.0,0.0,0.0,0.0,0.0
-16.374,-18.301202,0.0,0.0,0.0,0.0,0.0,0.0,0.0,0.0,0.0,0.0,0.0,0.0,0.0,0.0,0.0,0.0
-16.365,-18.292202,0.0,0.0,0.0,0.0,0.0,0.0,0.0,0.0,0.0,0.0,0.0,0.0,0.0,0.0,0.0,0.0
-16.357,-18.284202,0.0,0.0,0.0,0.0,0.0,0.0,0.0,0.0,0.0,0.0,0.0,0.0,0.0,0.0,0.0,0.0
-16.349,-18.276202,0.0,0.0,0.0,0.0,0.0,0.0,0.0,0.0,0.0,0.0,0.0,0.0,0.0,0.0,0.0,0.0
-16.34,-18.267202,0.0,0.0,0.0,0.0,0.0,0.0,0.0,0.0,0.0,0.0,0.0,0.0,0.0,0.0,0.0,0.0
-16.332,-18.259202000000002,0.0,0.0,0.0,0.0,0.0,0.0,0.0,0.0,0.0,0.0,0.0,0.0,0.0,0.0,0.0,0.0
-16.324,-18.251202000000003,0.0,0.0,0.0,0.0,0.0,0.0,0.0,0.0,0.0,0.0,0.0,0.0,0.0,0.0,0.0,0.0
-16.315,-18.242202000000002,0.0,0.0,0.0,0.0,0.0,0.0,0.0,0.0,0.0,0.0,0.0,0.0,0.0,0.0,0.0,0.0
-16.307,-18.234202,0.0,0.0,0.0,0.0,0.0,0.0,0.0,0.0,0.0,0.0,0.0,0.0,0.0,0.0,0.0,0.0
-16.299,-18.226202,0.0,0.0,0.0,0.0,0.0,0.0,0.0,0.0,0.0,0.0,0.0,0.0,0.0,0.0,0.0,0.0
-16.291,-18.218202,0.0,0.0,0.0,0.0,0.0,0.0,0.0,0.0,0.0,0.0,0.0,0.0,0.0,0.0,0.0,0.0
-16.282,-18.209202,0.0,0.0,0.0,0.0,0.0,0.0,0.0,0.0,0.0,0.0,0.0,0.0,0.0,0.0,0.0,0.0
-16.274,-18.201202000000002,0.0,0.0,0.0,0.0,0.0,0.0,0.0,0.0,0.0,0.0,0.0,0.0,0.0,0.0,0.0,0.0
-16.266,-18.193202,0.0,0.0,0.0,0.0,0.0,0.0,0.0,0.0,0.0,0.0,0.0,0.0,0.0,0.0,0.0,0.0
-16.257,-18.184202000000003,0.0,0.0,0.0,0.0,0.0,0.0,0.0,0.0,0.0,0.0,0.0,0.0,0.0,0.0,0.0,0.0
-16.249,-18.176202,0.0,0.0,0.0,0.0,0.0,0.0,0.0,0.0,0.0,0.0,0.0,0.0,0.0,0.0,0.0,0.0
-16.241,-18.168202,0.0,0.0,0.0,0.0,0.0,0.0,0.0,0.0,0.0,0.0,0.0,0.0,0.0,0.0,0.0,0.0
-16.232,-18.159202,0.0,0.0,0.0,0.0,0.0,0.0,0.0,0.0,0.0,0.0,0.0,0.0,0.0,0.0,0.0,0.0
-16.224,-18.151202,0.0,0.0,0.0,0.0,0.0,0.0,0.0,0.0,0.0,0.0,0.0,0.0,0.0,0.0,0.0,0.0
-16.216,-18.143202000000002,0.0,0.0,0.0,0.0,0.0,0.0,0.0,0.0,0.0,0.0,0.0,0.0,0.0,0.0,0.0,0.0
-16.207,-18.134202000000002,0.0,0.0,0.0,0.0,0.0,0.0,0.0,0.0,0.0,0.0,0.0,0.0,0.0,0.0,0.0,0.0
-16.199,-18.126202000000003,0.0,0.0,0.0,0.0,0.0,0.0,0.0,0.0,0.0,0.0,0.0,0.0,0.0,0.0,0.0,0.0
-16.191,-18.118202,0.0,0.0,0.0,0.0,0.0,0.0,0.0,0.0,0.0,0.0,0.0,0.0,0.0,0.0,0.0,0.0
-16.183,-18.110202,0.0,0.0,0.0,0.0,0.0,0.0,0.0,0.0,0.0,0.0,0.0,0.0,0.0,0.0,0.0,0.0
-16.174,-18.101202,0.0,0.0,0.0,0.0,0.0,0.0,0.0,0.0,0.0,0.0,0.0,0.0,0.0,0.0,0.0,0.0
-16.166,-18.093202,0.0,0.0,0.0,0.0,0.0,0.0,0.0,0.0,0.0,0.0,0.0,0.0,0.0,0.0,0.0,0.0
-16.158,-18.085202000000002,0.0,0.0,0.0,0.0,0.0,0.0,0.0,0.0,0.0,0.0,0.0,0.0,0.0,0.0,0.0,0.0
-16.149,-18.076202000000002,0.0,0.0,0.0,0.0,0.0,0.0,0.0,0.0,0.0,0.0,0.0,0.0,0.0,0.0,0.0,0.0
-16.141,-18.068202,0.0,0.0,0.0,0.0,0.0,0.0,0.0,0.0,0.0,0.0,0.0,0.0,0.0,0.0,0.0,0.0
-16.133,-18.060202,0.0,0.0,0.0,0.0,0.0,0.0,0.0,0.0,0.0,0.0,0.0,0.0,0.0,0.0,0.0,0.0
-16.124,-18.051202,0.0,0.0,0.0,0.0,0.0,0.0,0.0,0.0,0.0,0.0,0.0,0.0,0.0,0.0,0.0,0.0
-16.116,-18.043202,0.0,0.0,0.0,0.0,0.0,0.0,0.0,0.0,0.0,0.0,0.0,0.0,0.0,0.0,0.0,0.0
-16.108,-18.035202,0.0,0.0,0.0,0.0,0.0,0.0,0.0,0.0,0.0,0.0,0.0,0.0,0.0,0.0,0.0,0.0
-16.099,-18.026202,0.0,0.0,0.0,0.0,0.0,0.0,0.0,0.0,0.0,0.0,0.0,0.0,0.0,0.0,0.0,0.0
-16.091,-18.018202000000002,0.0,0.0,0.0,0.0,0.0,0.0,0.0,0.0,0.0,0.0,0.0,0.0,0.0,0.0,0.0,0.0
-16.083,-18.010202,0.0,0.0,0.0,0.0,0.0,0.0,0.0,0.0,0.0,0.0,0.0,0.0,0.0,0.0,0.0,0.0
-16.075,-18.002202,0.0,0.0,0.0,0.0,0.0,0.0,0.0,0.0,0.0,0.0,0.0,0.0,0.0,0.0,0.0,0.0
-16.066,-17.993202,0.0,0.0,0.0,0.0,0.0,0.0,0.0,0.0,0.0,0.0,0.0,0.0,0.0,0.0,0.0,0.0
-16.058,-17.985202,0.0,0.0,0.0,0.0,0.0,0.0,0.0,0.0,0.0,0.0,0.0,0.0,0.0,0.0,0.0,0.0
-16.05,-17.977202000000002,0.0,0.0,0.0,0.0,0.0,0.0,0.0,0.0,0.0,0.0,0.0,0.0,0.0,0.0,0.0,0.0
-16.041,-17.968202,0.0,0.0,0.0,0.0,0.0,0.0,0.0,0.0,0.0,0.0,0.0,0.0,0.0,0.0,0.0,0.0
-16.033,-17.960202000000002,0.0,0.0,0.0,0.0,0.0,0.0,0.0,0.0,0.0,0.0,0.0,0.0,0.0,0.0,0.0,0.0
-16.025,-17.952202,0.0,0.0,0.0,0.0,0.0,0.0,0.0,0.0,0.0,0.0,0.0,0.0,0.0,0.0,0.0,0.0
-16.016,-17.943202,0.0,0.0,0.0,0.0,0.0,0.0,0.0,0.0,0.0,0.0,0.0,0.0,0.0,0.0,0.0,0.0
-16.008,-17.935202,0.0,0.0,0.0,0.0,0.0,0.0,0.0,0.0,0.0,0.0,0.0,0.0,0.0,0.0,0.0,0.0
-16.0,-17.927202,0.0,0.0,0.0,0.0,0.0,0.0,0.0,0.0,0.0,0.0,0.0,0.0,0.0,0.0,0.0,0.0
-15.991,-17.918202,0.0,0.0,0.0,0.0,0.0,0.0,0.0,0.0,0.0,0.0,0.0,0.0,0.0,0.0,0.0,0.0
-15.983,-17.910202,0.0,0.0,0.0,0.0,0.0,0.0,0.0,0.0,0.0,0.0,0.0,0.0,0.0,0.0,0.0,0.0
-15.975,-17.902202,0.0,0.0,0.0,0.0,0.0,0.0,0.0,0.0,0.0,0.0,0.0,0.0,0.0,0.0,0.0,0.0
-15.967,-17.894202,0.0,0.0,0.0,0.0,0.0,0.0,0.0,0.0,0.0,0.0,0.0,0.0,0.0,0.0,0.0,0.0
-15.958,-17.885202,0.0,0.0,0.0,0.0,0.0,0.0,0.0,0.0,0.0,0.0,0.0,0.0,0.0,0.0,0.0,0.0
-15.95,-17.877202,0.0,0.0,0.0,0.0,0.0,0.0,0.0,0.0,0.0,0.0,0.0,0.0,0.0,0.0,0.0,0.0
-15.942,-17.869202,0.0,0.0,0.0,0.0,0.0,0.0,0.0,0.0,0.0,0.0,0.0,0.0,0.0,0.0,0.0,0.0
-15.933,-17.860202,0.0,0.0,0.0,0.0,0.0,0.0,0.0,0.0,0.0,0.0,0.0,0.0,0.0,0.0,0.0,0.0
-15.925,-17.852202000000002,0.0,0.0,0.0,0.0,0.0,0.0,0.0,0.0,0.0,0.0,0.0,0.0,0.0,0.0,0.0,0.0
-15.917,-17.844202,0.0,0.0,0.0,0.0,0.0,0.0,0.0,0.0,0.0,0.0,0.0,0.0,0.0,0.0,0.0,0.0
-15.908,-17.835202,0.0,0.0,0.0,0.0,0.0,0.0,0.0,0.0,0.0,0.0,0.0,0.0,0.0,0.0,0.0,0.0
-15.9,-17.827202,0.0,0.0,0.0,0.0,0.0,0.0,0.0,0.0,0.0,0.0,0.0,0.0,0.0,0.0,0.0,0.0
-15.892,-17.819202,0.0,0.0,0.0,0.0,0.0,0.0,0.0,0.0,0.0,0.0,0.0,0.0,0.0,0.0,0.0,0.0
-15.883,-17.810202,0.0,0.0,0.0,0.0,0.0,0.0,0.0,0.0,0.0,0.0,0.0,0.0,0.0,0.0,0.0,0.0
-15.875,-17.802202,0.0,0.0,0.0,0.0,0.0,0.0,0.0,0.0,0.0,0.0,0.0,0.0,0.0,0.0,0.0,0.0
-15.867,-17.794202000000002,0.0,0.0,0.0,0.0,0.0,0.0,0.0,0.0,0.0,0.0,0.0,0.0,0.0,0.0,0.0,0.0
-15.859,-17.786202,0.0,0.0,0.0,0.0,0.0,0.0,0.0,0.0,0.0,0.0,0.0,0.0,0.0,0.0,0.0,0.0
-15.85,-17.777202,0.0,0.0,0.0,0.0,0.0,0.0,0.0,0.0,0.0,0.0,0.0,0.0,0.0,0.0,0.0,0.0
-15.842,-17.769202,0.0,0.0,0.0,0.0,0.0,0.0,0.0,0.0,0.0,0.0,0.0,0.0,0.0,0.0,0.0,0.0
-15.834,-17.761202,0.0,0.0,0.0,0.0,0.0,0.0,0.0,0.0,0.0,0.0,0.0,0.0,0.0,0.0,0.0,0.0
-15.825,-17.752202,0.0,0.0,0.0,0.0,0.0,0.0,0.0,0.0,0.0,0.0,0.0,0.0,0.0,0.0,0.0,0.0
-15.817,-17.744202,0.0,0.0,0.0,0.0,0.0,0.0,0.0,0.0,0.0,0.0,0.0,0.0,0.0,0.0,0.0,0.0
-15.809,-17.736202,0.0,0.0,0.0,0.0,0.0,0.0,0.0,0.0,0.0,0.0,0.0,0.0,0.0,0.0,0.0,0.0
-15.8,-17.727202000000002,0.0,0.0,0.0,0.0,0.0,0.0,0.0,0.0,0.0,0.0,0.0,0.0,0.0,0.0,0.0,0.0
-15.792,-17.719202,0.0,0.0,0.0,0.0,0.0,0.0,0.0,0.0,0.0,0.0,0.0,0.0,0.0,0.0,0.0,0.0
-15.784,-17.711202,0.0,0.0,0.0,0.0,0.0,0.0,0.0,0.0,0.0,0.0,0.0,0.0,0.0,0.0,0.0,0.0
-15.775,-17.702202,0.0,0.0,0.0,0.0,0.0,0.0,0.0,0.0,0.0,0.0,0.0,0.0,0.0,0.0,0.0,0.0
-15.767,-17.694202,0.0,0.0,0.0,0.0,0.0,0.0,0.0,0.0,0.0,0.0,0.0,0.0,0.0,0.0,0.0,0.0
-15.759,-17.686202,0.0,0.0,0.0,0.0,0.0,0.0,0.0,0.0,0.0,0.0,0.0,0.0,0.0,0.0,0.0,0.0
-15.751,-17.678202,0.0,0.0,0.0,0.0,0.0,0.0,0.0,0.0,0.0,0.0,0.0,0.0,0.0,0.0,0.0,0.0
-15.742,-17.669202000000002,0.0,0.0,0.0,0.0,0.0,0.0,0.0,0.0,0.0,0.0,0.0,0.0,0.0,0.0,0.0,0.0
-15.734,-17.661202,0.0,0.0,0.0,0.0,0.0,0.0,0.0,0.0,0.0,0.0,0.0,0.0,0.0,0.0,0.0,0.0
-15.726,-17.653202,0.0,0.0,0.0,0.0,0.0,0.0,0.0,0.0,0.0,0.0,0.0,0.0,0.0,0.0,0.0,0.0
-15.717,-17.644202,0.0,0.0,0.0,0.0,0.0,0.0,0.0,0.0,0.0,0.0,0.0,0.0,0.0,0.0,0.0,0.0
-15.709,-17.636202,0.0,0.0,0.0,0.0,0.0,0.0,0.0,0.0,0.0,0.0,0.0,0.0,0.0,0.0,0.0,0.0
-15.701,-17.628202,0.0,0.0,0.0,0.0,0.0,0.0,0.0,0.0,0.0,0.0,0.0,0.0,0.0,0.0,0.0,0.0
-15.692,-17.619202,0.0,0.0,0.0,0.0,0.0,0.0,0.0,0.0,0.0,0.0,0.0,0.0,0.0,0.0,0.0,0.0
-15.684,-17.611202,0.0,0.0,0.0,0.0,0.0,0.0,0.0,0.0,0.0,0.0,0.0,0.0,0.0,0.0,0.0,0.0
-15.676,-17.603202,0.0,0.0,0.0,0.0,0.0,0.0,0.0,0.0,0.0,0.0,0.0,0.0,0.0,0.0,0.0,0.0
-15.668,-17.595202,0.0,0.0,0.0,0.0,0.0,0.0,0.0,0.0,0.0,0.0,0.0,0.0,0.0,0.0,0.0,0.0
-15.659,-17.586202,0.0,0.0,0.0,0.0,0.0,0.0,0.0,0.0,0.0,0.0,0.0,0.0,0.0,0.0,0.0,0.0
-15.651,-17.578202,0.0,0.0,0.0,0.0,0.0,0.0,0.0,0.0,0.0,0.0,0.0,0.0,0.0,0.0,0.0,0.0
-15.643,-17.570202000000002,0.0,0.0,0.0,0.0,0.0,0.0,0.0,0.0,0.0,0.0,0.0,0.0,0.0,0.0,0.0,0.0
-15.634,-17.561202,0.0,0.0,0.0,0.0,0.0,0.0,0.0,0.0,0.0,0.0,0.0,0.0,0.0,0.0,0.0,0.0
-15.626,-17.553202,0.0,0.0,0.0,0.0,0.0,0.0,0.0,0.0,0.0,0.0,0.0,0.0,0.0,0.0,0.0,0.0
-15.618,-17.545202,0.0,0.0,0.0,0.0,0.0,0.0,0.0,0.0,0.0,0.0,0.0,0.0,0.0,0.0,0.0,0.0
-15.609,-17.536202,0.0,0.0,0.0,0.0,0.0,0.0,0.0,0.0,0.0,0.0,0.0,0.0,0.0,0.0,0.0,0.0
-15.601,-17.528202,0.0,0.0,0.0,0.0,0.0,0.0,0.0,0.0,0.0,0.0,0.0,0.0,0.0,0.0,0.0,0.0
-15.593,-17.520202,0.0,0.0,0.0,0.0,0.0,0.0,0.0,0.0,0.0,0.0,0.0,0.0,0.0,0.0,0.0,0.0
-15.584,-17.511202,0.0,0.0,0.0,0.0,0.0,0.0,0.0,0.0,0.0,0.0,0.0,0.0,0.0,0.0,0.0,0.0
-15.576,-17.503202,0.0,0.0,0.0,0.0,0.0,0.0,0.0,0.0,0.0,0.0,0.0,0.0,0.0,0.0,0.0,0.0
-15.568,-17.495202,0.0,0.0,0.0,0.0,0.0,0.0,0.0,0.0,0.0,0.0,0.0,0.0,0.0,0.0,0.0,0.0
-15.56,-17.487202,0.0,0.0,0.0,0.0,0.0,0.0,0.0,0.0,0.0,0.0,0.0,0.0,0.0,0.0,0.0,0.0
-15.551,-17.478202,0.0,0.0,0.0,0.0,0.0,0.0,0.0,0.0,0.0,0.0,0.0,0.0,0.0,0.0,0.0,0.0
-15.543,-17.470202,0.0,0.0,0.0,0.0,0.0,0.0,0.0,0.0,0.0,0.0,0.0,0.0,0.0,0.0,0.0,0.0
-15.535,-17.462202,0.0,0.0,0.0,0.0,0.0,0.0,0.0,0.0,0.0,0.0,0.0,0.0,0.0,0.0,0.0,0.0
-15.526,-17.453202,0.0,0.0,0.0,0.0,0.0,0.0,0.0,0.0,0.0,0.0,0.0,0.0,0.0,0.0,0.0,0.0
-15.518,-17.445202000000002,0.0,0.0,0.0,0.0,0.0,0.0,0.0,0.0,0.0,0.0,0.0,0.0,0.0,0.0,0.0,0.0
-15.51,-17.437202,0.0,0.0,0.0,0.0,0.0,0.0,0.0,0.0,0.0,0.0,0.0,0.0,0.0,0.0,0.0,0.0
-15.501,-17.428202,0.0,0.0,0.0,0.0,0.0,0.0,0.0,0.0,0.0,0.0,0.0,0.0,0.0,0.0,0.0,0.0
-15.493,-17.420202,0.0,0.0,0.0,0.0,0.0,0.0,0.0,0.0,0.0,0.0,0.0,0.0,0.0,0.0,0.0,0.0
-15.485,-17.412202,0.0,0.0,0.0,0.0,0.0,0.0,0.0,0.0,0.0,0.0,0.0,0.0,0.0,0.0,0.0,0.0
-15.476,-17.403202,0.0,0.0,0.0,0.0,0.0,0.0,0.0,0.0,0.0,0.0,0.0,0.0,0.0,0.0,0.0,0.0
-15.468,-17.395202,0.0,0.0,0.0,0.0,0.0,0.0,0.0,0.0,0.0,0.0,0.0,0.0,0.0,0.0,0.0,0.0
-15.46,-17.387202000000002,0.0,0.0,0.0,0.0,0.0,0.0,0.0,0.0,0.0,0.0,0.0,0.0,0.0,0.0,0.0,0.0
-15.452,-17.379202,0.0,0.0,0.0,0.0,0.0,0.0,0.0,0.0,0.0,0.0,0.0,0.0,0.0,0.0,0.0,0.0
-15.443,-17.370202,0.0,0.0,0.0,0.0,0.0,0.0,0.0,0.0,0.0,0.0,0.0,0.0,0.0,0.0,0.0,0.0
-15.435,-17.362202,0.0,0.0,0.0,0.0,0.0,0.0,0.0,0.0,0.0,0.0,0.0,0.0,0.0,0.0,0.0,0.0
-15.427,-17.354202,0.0,0.0,0.0,0.0,0.0,0.0,0.0,0.0,0.0,0.0,0.0,0.0,0.0,0.0,0.0,0.0
-15.418,-17.345202,0.0,0.0,0.0,0.0,0.0,0.0,0.0,0.0,0.0,0.0,0.0,0.0,0.0,0.0,0.0,0.0
-15.41,-17.337202,0.0,0.0,0.0,0.0,0.0,0.0,0.0,0.0,0.0,0.0,0.0,0.0,0.0,0.0,0.0,0.0
-15.402,-17.329202,0.0,0.0,0.0,0.0,0.0,0.0,0.0,0.0,0.0,0.0,0.0,0.0,0.0,0.0,0.0,0.0
-15.393,-17.320202000000002,0.0,0.0,0.0,0.0,0.0,0.0,0.0,0.0,0.0,0.0,0.0,0.0,0.0,0.0,0.0,0.0
-15.385,-17.312202,0.0,0.0,0.0,0.0,0.0,0.0,0.0,0.0,0.0,0.0,0.0,0.0,0.0,0.0,0.0,0.0
-15.377,-17.304202,0.0,0.0,0.0,0.0,0.0,0.0,0.0,0.0,0.0,0.0,0.0,0.0,0.0,0.0,0.0,0.0
-15.368,-17.295202,0.0,0.0,0.0,0.0,0.0,0.0,0.0,0.0,0.0,0.0,0.0,0.0,0.0,0.0,0.0,0.0
-15.36,-17.287202,0.0,0.0,0.0,0.0,0.0,0.0,0.0,0.0,0.0,0.0,0.0,0.0,0.0,0.0,0.0,0.0
-15.352,-17.279202,0.0,0.0,0.0,0.0,0.0,0.0,0.0,0.0,0.0,0.0,0.0,0.0,0.0,0.0,0.0,0.0
-15.344,-17.271202,0.0,0.0,0.0,0.0,0.0,0.0,0.0,0.0,0.0,0.0,0.0,0.0,0.0,0.0,0.0,0.0
-15.335,-17.262202000000002,0.0,0.0,0.0,0.0,0.0,0.0,0.0,0.0,0.0,0.0,0.0,0.0,0.0,0.0,0.0,0.0
-15.327,-17.254202,0.0,0.0,0.0,0.0,0.0,0.0,0.0,0.0,0.0,0.0,0.0,0.0,0.0,0.0,0.0,0.0
-15.319,-17.246202,0.0,0.0,0.0,0.0,0.0,0.0,0.0,0.0,0.0,0.0,0.0,0.0,0.0,0.0,0.0,0.0
-15.31,-17.237202,0.0,0.0,0.0,0.0,0.0,0.0,0.0,0.0,0.0,0.0,0.0,0.0,0.0,0.0,0.0,0.0
-15.302,-17.229202,0.0,0.0,0.0,0.0,0.0,0.0,0.0,0.0,0.0,0.0,0.0,0.0,0.0,0.0,0.0,0.0
-15.294,-17.221202,0.0,0.0,0.0,0.0,0.0,0.0,0.0,0.0,0.0,0.0,0.0,0.0,0.0,0.0,0.0,0.0
-15.285,-17.212202,0.0,0.0,0.0,0.0,0.0,0.0,0.0,0.0,0.0,0.0,0.0,0.0,0.0,0.0,0.0,0.0
-15.277,-17.204202,0.0,0.0,0.0,0.0,0.0,0.0,0.0,0.0,0.0,0.0,0.0,0.0,0.0,0.0,0.0,0.0
-15.269,-17.196202,0.0,0.0,0.0,0.0,0.0,0.0,0.0,0.0,0.0,0.0,0.0,0.0,0.0,0.0,0.0,0.0
-15.26,-17.187202,0.0,0.0,0.0,0.0,0.0,0.0,0.0,0.0,0.0,0.0,0.0,0.0,0.0,0.0,0.0,0.0
-15.252,-17.179202,0.0,0.0,0.0,0.0,0.0,0.0,0.0,0.0,0.0,0.0,0.0,0.0,0.0,0.0,0.0,0.0
-15.244,-17.171202,0.0,0.0,0.0,0.0,0.0,0.0,0.0,0.0,0.0,0.0,0.0,0.0,0.0,0.0,0.0,0.0
-15.236,-17.163202000000002,0.0,0.0,0.0,0.0,0.0,0.0,0.0,0.0,0.0,0.0,0.0,0.0,0.0,0.0,0.0,0.0
-15.227,-17.154202,0.0,0.0,0.0,0.0,0.0,0.0,0.0,0.0,0.0,0.0,0.0,0.0,0.0,0.0,0.0,0.0
-15.219,-17.146202,0.0,0.0,0.0,0.0,0.0,0.0,0.0,0.0,0.0,0.0,0.0,0.0,0.0,0.0,0.0,0.0
-15.211,-17.138202,0.0,0.0,0.0,0.0,0.0,0.0,0.0,0.0,0.0,0.0,0.0,0.0,0.0,0.0,0.0,0.0
-15.202,-17.129202,0.0,0.0,0.0,0.0,0.0,0.0,0.0,0.0,0.0,0.0,0.0,0.0,0.0,0.0,0.0,0.0
-15.194,-17.121202,0.0,0.0,0.0,0.0,0.0,0.0,0.0,0.0,0.0,0.0,0.0,0.0,0.0,0.0,0.0,0.0
-15.186,-17.113202,0.0,0.0,0.0,0.0,0.0,0.0,0.0,0.0,0.0,0.0,0.0,0.0,0.0,0.0,0.0,0.0
-15.177,-17.104202,0.0,0.0,0.0,0.0,0.0,0.0,0.0,0.0,0.0,0.0,0.0,0.0,0.0,0.0,0.0,0.0
-15.169,-17.096202,0.0,0.0,0.0,0.0,0.0,0.0,0.0,0.0,0.0,0.0,0.0,0.0,0.0,0.0,0.0,0.0
-15.161,-17.088202,0.0,0.0,0.0,0.0,0.0,0.0,0.0,0.0,0.0,0.0,0.0,0.0,0.0,0.0,0.0,0.0
-15.152,-17.079202,0.0,0.0,0.0,0.0,0.0,0.0,0.0,0.0,0.0,0.0,0.0,0.0,0.0,0.0,0.0,0.0
-15.144,-17.071202,0.0,0.0,0.0,0.0,0.0,0.0,0.0,0.0,0.0,0.0,0.0,0.0,0.0,0.0,0.0,0.0
-15.136,-17.063202,0.0,0.0,0.0,0.0,0.0,0.0,0.0,0.0,0.0,0.0,0.0,0.0,0.0,0.0,0.0,0.0
-15.128,-17.055202,0.0,0.0,0.0,0.0,0.0,0.0,0.0,0.0,0.0,0.0,0.0,0.0,0.0,0.0,0.0,0.0
-15.119,-17.046202,0.0,0.0,0.0,0.0,0.0,0.0,0.0,0.0,0.0,0.0,0.0,0.0,0.0,0.0,0.0,0.0
-15.111,-17.038202000000002,0.0,0.0,0.0,0.0,0.0,0.0,0.0,0.0,0.0,0.0,0.0,0.0,0.0,0.0,0.0,0.0
-15.103,-17.030202,0.0,0.0,0.0,0.0,0.0,0.0,0.0,0.0,0.0,0.0,0.0,0.0,0.0,0.0,0.0,0.0
-15.094,-17.021202,0.0,0.0,0.0,0.0,0.0,0.0,0.0,0.0,0.0,0.0,0.0,0.0,0.0,0.0,0.0,0.0
-15.086,-17.013202,0.0,0.0,0.0,0.0,0.0,0.0,0.0,0.0,0.0,0.0,0.0,0.0,0.0,0.0,0.0,0.0
-15.078,-17.005202,0.0,0.0,0.0,0.0,0.0,0.0,0.0,0.0,0.0,0.0,0.0,0.0,0.0,0.0,0.0,0.0
-15.069,-16.996202,0.0,0.0,0.0,0.0,0.0,0.0,0.0,0.0,0.0,0.0,0.0,0.0,0.0,0.0,0.0,0.0
-15.061,-16.988202,0.0,0.0,0.0,0.0,0.0,0.0,0.0,0.0,0.0,0.0,0.0,0.0,0.0,0.0,0.0,0.0
-15.053,-16.980202000000002,0.0,0.0,0.0,0.0,0.0,0.0,0.0,0.0,0.0,0.0,0.0,0.0,0.0,0.0,0.0,0.0
-15.044,-16.971202,0.0,0.0,0.0,0.0,0.0,0.0,0.0,0.0,0.0,0.0,0.0,0.0,0.0,0.0,0.0,0.0
-15.036,-16.963202,0.0,0.0,0.0,0.0,0.0,0.0,0.0,0.0,0.0,0.0,0.0,0.0,0.0,0.0,0.0,0.0
-15.028,-16.955202,0.0,0.0,0.0,0.0,0.0,0.0,0.0,0.0,0.0,0.0,0.0,0.0,0.0,0.0,0.0,0.0
-15.02,-16.947202,0.0,0.0,0.0,0.0,0.0,0.0,0.0,0.0,0.0,0.0,0.0,0.0,0.0,0.0,0.0,0.0
-15.011,-16.938202,0.0,0.0,0.0,0.0,0.0,0.0,0.0,0.0,0.0,0.0,0.0,0.0,0.0,0.0,0.0,0.0
-15.003,-16.930202,0.0,0.0,0.0,0.0,0.0,0.0,0.0,0.0,0.0,0.0,0.0,0.0,0.0,0.0,0.0,0.0
-14.995,-16.922202,0.0,0.0,0.0,0.0,0.0,0.0,0.0,0.0,0.0,0.0,0.0,0.0,0.0,0.0,0.0,0.0
-14.986,-16.913202000000002,0.0,0.0,0.0,0.0,0.0,0.0,0.0,0.0,0.0,0.0,0.0,0.0,0.0,0.0,0.0,0.0
-14.978,-16.905202,0.0,0.0,0.0,0.0,0.0,0.0,0.0,0.0,0.0,0.0,0.0,0.0,0.0,0.0,0.0,0.0
-14.97,-16.897202,0.0,0.0,0.0,0.0,0.0,0.0,0.0,0.0,0.0,0.0,0.0,0.0,0.0,0.0,0.0,0.0
-14.961,-16.888202,0.0,0.0,0.0,0.0,0.0,0.0,0.0,0.0,0.0,0.0,0.0,0.0,0.0,0.0,0.0,0.0
-14.953,-16.880202,0.0,0.0,0.0,0.0,0.0,0.0,0.0,0.0,0.0,0.0,0.0,0.0,0.0,0.0,0.0,0.0
-14.945,-16.872202,0.0,0.0,0.0,0.0,0.0,0.0,0.0,0.0,0.0,0.0,0.0,0.0,0.0,0.0,0.0,0.0
-14.936,-16.863202,0.0,0.0,0.0,0.0,0.0,0.0,0.0,0.0,0.0,0.0,0.0,0.0,0.0,0.0,0.0,0.0
-14.928,-16.855202000000002,0.0,0.0,0.0,0.0,0.0,0.0,0.0,0.0,0.0,0.0,0.0,0.0,0.0,0.0,0.0,0.0
-14.92,-16.847202,0.0,0.0,0.0,0.0,0.0,0.0,0.0,0.0,0.0,0.0,0.0,0.0,0.0,0.0,0.0,0.0
-14.912,-16.839202,0.0,0.0,0.0,0.0,0.0,0.0,0.0,0.0,0.0,0.0,0.0,0.0,0.0,0.0,0.0,0.0
-14.903,-16.830202,0.0,0.0,0.0,0.0,0.0,0.0,0.0,0.0,0.0,0.0,0.0,0.0,0.0,0.0,0.0,0.0
-14.895,-16.822202,0.0,0.0,0.0,0.0,0.0,0.0,0.0,0.0,0.0,0.0,0.0,0.0,0.0,0.0,0.0,0.0
-14.887,-16.814202,0.0,0.0,0.0,0.0,0.0,0.0,0.0,0.0,0.0,0.0,0.0,0.0,0.0,0.0,0.0,0.0
-14.878,-16.805202,0.0,0.0,0.0,0.0,0.0,0.0,0.0,0.0,0.0,0.0,0.0,0.0,0.0,0.0,0.0,0.0
-14.87,-16.797202,0.0,0.0,0.0,0.0,0.0,0.0,0.0,0.0,0.0,0.0,0.0,0.0,0.0,0.0,0.0,0.0
-14.862,-16.789202,0.0,0.0,0.0,0.0,0.0,0.0,0.0,0.0,0.0,0.0,0.0,0.0,0.0,0.0,0.0,0.0
-14.853,-16.780202,0.0,0.0,0.0,0.0,0.0,0.0,0.0,0.0,0.0,0.0,0.0,0.0,0.0,0.0,0.0,0.0
-14.845,-16.772202,0.0,0.0,0.0,0.0,0.0,0.0,0.0,0.0,0.0,0.0,0.0,0.0,0.0,0.0,0.0,0.0
-14.837,-16.764202,0.0,0.0,0.0,0.0,0.0,0.0,0.0,0.0,0.0,0.0,0.0,0.0,0.0,0.0,0.0,0.0
-14.828,-16.755202,0.0,0.0,0.0,0.0,0.0,0.0,0.0,0.0,0.0,0.0,0.0,0.0,0.0,0.0,0.0,0.0
-14.82,-16.747202,0.0,0.0,0.0,0.0,0.0,0.0,0.0,0.0,0.0,0.0,0.0,0.0,0.0,0.0,0.0,0.0
-14.812,-16.739202,0.0,0.0,0.0,0.0,0.0,0.0,0.0,0.0,0.0,0.0,0.0,0.0,0.0,0.0,0.0,0.0
-14.804,-16.731202,0.0,0.0,0.0,0.0,0.0,0.0,0.0,0.0,0.0,0.0,0.0,0.0,0.0,0.0,0.0,0.0
-14.795,-16.722202,0.0,0.0,0.0,0.0,0.0,0.0,0.0,0.0,0.0,0.0,0.0,0.0,0.0,0.0,0.0,0.0
-14.787,-16.714202,0.0,0.0,0.0,0.0,0.0,0.0,0.0,0.0,0.0,0.0,0.0,0.0,0.0,0.0,0.0,0.0
-14.779,-16.706202,0.0,0.0,0.0,0.0,0.0,0.0,0.0,0.0,0.0,0.0,0.0,0.0,0.0,0.0,0.0,0.0
-14.77,-16.697202,0.0,0.0,0.0,0.0,0.0,0.0,0.0,0.0,0.0,0.0,0.0,0.0,0.0,0.0,0.0,0.0
-14.762,-16.689202,0.0,0.0,0.0,0.0,0.0,0.0,0.0,0.0,0.0,0.0,0.0,0.0,0.0,0.0,0.0,0.0
-14.754,-16.681202,0.0,0.0,0.0,0.0,0.0,0.0,0.0,0.0,0.0,0.0,0.0,0.0,0.0,0.0,0.0,0.0
-14.745,-16.672202,0.0,0.0,0.0,0.0,0.0,0.0,0.0,0.0,0.0,0.0,0.0,0.0,0.0,0.0,0.0,0.0
-14.737,-16.664202,0.0,0.0,0.0,0.0,0.0,0.0,0.0,0.0,0.0,0.0,0.0,0.0,0.0,0.0,0.0,0.0
-14.729,-16.656202,0.0,0.0,0.0,0.0,0.0,0.0,0.0,0.0,0.0,0.0,0.0,0.0,0.0,0.0,0.0,0.0
-14.72,-16.647202,0.0,0.0,0.0,0.0,0.0,0.0,0.0,0.0,0.0,0.0,0.0,0.0,0.0,0.0,0.0,0.0
-14.712,-16.639202,0.0,0.0,0.0,0.0,0.0,0.0,0.0,0.0,0.0,0.0,0.0,0.0,0.0,0.0,0.0,0.0
-14.704,-16.631202000000002,0.0,0.0,0.0,0.0,0.0,0.0,0.0,0.0,0.0,0.0,0.0,0.0,0.0,0.0,0.0,0.0
-14.696,-16.623202,0.0,0.0,0.0,0.0,0.0,0.0,0.0,0.0,0.0,0.0,0.0,0.0,0.0,0.0,0.0,0.0
-14.687,-16.614202,0.0,0.0,0.0,0.0,0.0,0.0,0.0,0.0,0.0,0.0,0.0,0.0,0.0,0.0,0.0,0.0
-14.679,-16.606202,0.0,0.0,0.0,0.0,0.0,0.0,0.0,0.0,0.0,0.0,0.0,0.0,0.0,0.0,0.0,0.0
-14.671,-16.598202,0.0,0.0,0.0,0.0,0.0,0.0,0.0,0.0,0.0,0.0,0.0,0.0,0.0,0.0,0.0,0.0
-14.662,-16.589202,0.0,0.0,0.0,0.0,0.0,0.0,0.0,0.0,0.0,0.0,0.0,0.0,0.0,0.0,0.0,0.0
-14.654,-16.581202,0.0,0.0,0.0,0.0,0.0,0.0,0.0,0.0,0.0,0.0,0.0,0.0,0.0,0.0,0.0,0.0
-14.646,-16.573202000000002,0.0,0.0,0.0,0.0,0.0,0.0,0.0,0.0,0.0,0.0,0.0,0.0,0.0,0.0,0.0,0.0
-14.637,-16.564202,0.0,0.0,0.0,0.0,0.0,0.0,0.0,0.0,0.0,0.0,0.0,0.0,0.0,0.0,0.0,0.0
-14.629,-16.556202,0.0,0.0,0.0,0.0,0.0,0.0,0.0,0.0,0.0,0.0,0.0,0.0,0.0,0.0,0.0,0.0
-14.621,-16.548202,0.0,0.0,0.0,0.0,0.0,0.0,0.0,0.0,0.0,0.0,0.0,0.0,0.0,0.0,0.0,0.0
-14.612,-16.539202,0.0,0.0,0.0,0.0,0.0,0.0,0.0,0.0,0.0,0.0,0.0,0.0,0.0,0.0,0.0,0.0
-14.604,-16.531202,0.0,0.0,0.0,0.0,0.0,0.0,0.0,0.0,0.0,0.0,0.0,0.0,0.0,0.0,0.0,0.0
-14.596,-16.523202,0.0,0.0,0.0,0.0,0.0,0.0,0.0,0.0,0.0,0.0,0.0,0.0,0.0,0.0,0.0,0.0
-14.588,-16.515202,0.0,0.0,0.0,0.0,0.0,0.0,0.0,0.0,0.0,0.0,0.0,0.0,0.0,0.0,0.0,0.0
-14.579,-16.506202000000002,0.0,0.0,0.0,0.0,0.0,0.0,0.0,0.0,0.0,0.0,0.0,0.0,0.0,0.0,0.0,0.0
-14.571,-16.498202,0.0,0.0,0.0,0.0,0.0,0.0,0.0,0.0,0.0,0.0,0.0,0.0,0.0,0.0,0.0,0.0
-14.563,-16.490202,0.0,0.0,0.0,0.0,0.0,0.0,0.0,0.0,0.0,0.0,0.0,0.0,0.0,0.0,0.0,0.0
-14.554,-16.481202,0.0,0.0,0.0,0.0,0.0,0.0,0.0,0.0,0.0,0.0,0.0,0.0,0.0,0.0,0.0,0.0
-14.546,-16.473202,0.0,0.0,0.0,0.0,0.0,0.0,0.0,0.0,0.0,0.0,0.0,0.0,0.0,0.0,0.0,0.0
-14.538,-16.465202,0.0,0.0,0.0,0.0,0.0,0.0,0.0,0.0,0.0,0.0,0.0,0.0,0.0,0.0,0.0,0.0
-14.529,-16.456202,0.0,0.0,0.0,0.0,0.0,0.0,0.0,0.0,0.0,0.0,0.0,0.0,0.0,0.0,0.0,0.0
-14.521,-16.448202000000002,0.0,0.0,0.0,0.0,0.0,0.0,0.0,0.0,0.0,0.0,0.0,0.0,0.0,0.0,0.0,0.0
-14.513,-16.440202,0.0,0.0,0.0,0.0,0.0,0.0,0.0,0.0,0.0,0.0,0.0,0.0,0.0,0.0,0.0,0.0
-14.504,-16.431202,0.0,0.0,0.0,0.0,0.0,0.0,0.0,0.0,0.0,0.0,0.0,0.0,0.0,0.0,0.0,0.0
-14.496,-16.423202,0.0,0.0,0.0,0.0,0.0,0.0,0.0,0.0,0.0,0.0,0.0,0.0,0.0,0.0,0.0,0.0
-14.488,-16.415202,0.0,0.0,0.0,0.0,0.0,0.0,0.0,0.0,0.0,0.0,0.0,0.0,0.0,0.0,0.0,0.0
-14.48,-16.407202,0.0,0.0,0.0,0.0,0.0,0.0,0.0,0.0,0.0,0.0,0.0,0.0,0.0,0.0,0.0,0.0
-14.471,-16.398202,0.0,0.0,0.0,0.0,0.0,0.0,0.0,0.0,0.0,0.0,0.0,0.0,0.0,0.0,0.0,0.0
-14.463,-16.390202,0.0,0.0,0.0,0.0,0.0,0.0,0.0,0.0,0.0,0.0,0.0,0.0,0.0,0.0,0.0,0.0
-14.455,-16.382202,0.0,0.0,0.0,0.0,0.0,0.0,0.0,0.0,0.0,0.0,0.0,0.0,0.0,0.0,0.0,0.0
-14.446,-16.373202,0.0,0.0,0.0,0.0,0.0,0.0,0.0,0.0,0.0,0.0,0.0,0.0,0.0,0.0,0.0,0.0
-14.438,-16.365202,0.0,0.0,0.0,0.0,0.0,0.0,0.0,0.0,0.0,0.0,0.0,0.0,0.0,0.0,0.0,0.0
-14.43,-16.357202,0.0,0.0,0.0,0.0,0.0,0.0,0.0,0.0,0.0,0.0,0.0,0.0,0.0,0.0,0.0,0.0
-14.421,-16.348202,0.0,0.0,0.0,0.0,0.0,0.0,0.0,0.0,0.0,0.0,0.0,0.0,0.0,0.0,0.0,0.0
-14.413,-16.340202,0.0,0.0,0.0,0.0,0.0,0.0,0.0,0.0,0.0,0.0,0.0,0.0,0.0,0.0,0.0,0.0
-14.405,-16.332202,0.0,0.0,0.0,0.0,0.0,0.0,0.0,0.0,0.0,0.0,0.0,0.0,0.0,0.0,0.0,0.0
-14.396,-16.323202000000002,0.0,0.0,0.0,0.0,0.0,0.0,0.0,0.0,0.0,0.0,0.0,0.0,0.0,0.0,0.0,0.0
-14.388,-16.315202,0.0,0.0,0.0,0.0,0.0,0.0,0.0,0.0,0.0,0.0,0.0,0.0,0.0,0.0,0.0,0.0
-14.38,-16.307202,0.0,0.0,0.0,0.0,0.0,0.0,0.0,0.0,0.0,0.0,0.0,0.0,0.0,0.0,0.0,0.0
-14.372,-16.299202,0.0,0.0,0.0,0.0,0.0,0.0,0.0,0.0,0.0,0.0,0.0,0.0,0.0,0.0,0.0,0.0
-14.363,-16.290202,0.0,0.0,0.0,0.0,0.0,0.0,0.0,0.0,0.0,0.0,0.0,0.0,0.0,0.0,0.0,0.0
-14.355,-16.282202,0.0,0.0,0.0,0.0,0.0,0.0,0.0,0.0,0.0,0.0,0.0,0.0,0.0,0.0,0.0,0.0
-14.347,-16.274202,0.0,0.0,0.0,0.0,0.0,0.0,0.0,0.0,0.0,0.0,0.0,0.0,0.0,0.0,0.0,0.0
-14.338,-16.265202,0.0,0.0,0.0,0.0,0.0,0.0,0.0,0.0,0.0,0.0,0.0,0.0,0.0,0.0,0.0,0.0
-14.33,-16.257202,0.0,0.0,0.0,0.0,0.0,0.0,0.0,0.0,0.0,0.0,0.0,0.0,0.0,0.0,0.0,0.0
-14.322,-16.249202,0.0,0.0,0.0,0.0,0.0,0.0,0.0,0.0,0.0,0.0,0.0,0.0,0.0,0.0,0.0,0.0
-14.313,-16.240202,0.0,0.0,0.0,0.0,0.0,0.0,0.0,0.0,0.0,0.0,0.0,0.0,0.0,0.0,0.0,0.0
-14.305,-16.232202,0.0,0.0,0.0,0.0,0.0,0.0,0.0,0.0,0.0,0.0,0.0,0.0,0.0,0.0,0.0,0.0
-14.297,-16.224202000000002,0.0,0.0,0.0,0.0,0.0,0.0,0.0,0.0,0.0,0.0,0.0,0.0,0.0,0.0,0.0,0.0
-14.288,-16.215202,0.0,0.0,0.0,0.0,0.0,0.0,0.0,0.0,0.0,0.0,0.0,0.0,0.0,0.0,0.0,0.0
-14.28,-16.207202,0.0,0.0,0.0,0.0,0.0,0.0,0.0,0.0,0.0,0.0,0.0,0.0,0.0,0.0,0.0,0.0
-14.272,-16.199202,0.0,0.0,0.0,0.0,0.0,0.0,0.0,0.0,0.0,0.0,0.0,0.0,0.0,0.0,0.0,0.0
-14.264,-16.191202,0.0,0.0,0.0,0.0,0.0,0.0,0.0,0.0,0.0,0.0,0.0,0.0,0.0,0.0,0.0,0.0
-14.255,-16.182202,0.0,0.0,0.0,0.0,0.0,0.0,0.0,0.0,0.0,0.0,0.0,0.0,0.0,0.0,0.0,0.0
-14.247,-16.174202,0.0,0.0,0.0,0.0,0.0,0.0,0.0,0.0,0.0,0.0,0.0,0.0,0.0,0.0,0.0,0.0
-14.239,-16.166202000000002,0.0,0.0,0.0,0.0,0.0,0.0,0.0,0.0,0.0,0.0,0.0,0.0,0.0,0.0,0.0,0.0
-14.23,-16.157202,0.0,0.0,0.0,0.0,0.0,0.0,0.0,0.0,0.0,0.0,0.0,0.0,0.0,0.0,0.0,0.0
-14.222,-16.149202,0.0,0.0,0.0,0.0,0.0,0.0,0.0,0.0,0.0,0.0,0.0,0.0,0.0,0.0,0.0,0.0
-14.214,-16.141202,0.0,0.0,0.0,0.0,0.0,0.0,0.0,0.0,0.0,0.0,0.0,0.0,0.0,0.0,0.0,0.0
-14.205,-16.132202,0.0,0.0,0.0,0.0,0.0,0.0,0.0,0.0,0.0,0.0,0.0,0.0,0.0,0.0,0.0,0.0
-14.197,-16.124202,0.0,0.0,0.0,0.0,0.0,0.0,0.0,0.0,0.0,0.0,0.0,0.0,0.0,0.0,0.0,0.0
-14.189,-16.116202,0.0,0.0,0.0,0.0,0.0,0.0,0.0,0.0,0.0,0.0,0.0,0.0,0.0,0.0,0.0,0.0
-14.18,-16.107202,0.0,0.0,0.0,0.0,0.0,0.0,0.0,0.0,0.0,0.0,0.0,0.0,0.0,0.0,0.0,0.0
-14.172,-16.099202000000002,0.0,0.0,0.0,0.0,0.0,0.0,0.0,0.0,0.0,0.0,0.0,0.0,0.0,0.0,0.0,0.0
-14.164,-16.091202,0.0,0.0,0.0,0.0,0.0,0.0,0.0,0.0,0.0,0.0,0.0,0.0,0.0,0.0,0.0,0.0
-14.156,-16.083202,0.0,0.0,0.0,0.0,0.0,0.0,0.0,0.0,0.0,0.0,0.0,0.0,0.0,0.0,0.0,0.0
-14.147,-16.074202,0.0,0.0,0.0,0.0,0.0,0.0,0.0,0.0,0.0,0.0,0.0,0.0,0.0,0.0,0.0,0.0
-14.139,-16.066202,0.0,0.0,0.0,0.0,0.0,0.0,0.0,0.0,0.0,0.0,0.0,0.0,0.0,0.0,0.0,0.0
-14.131,-16.058202,0.0,0.0,0.0,0.0,0.0,0.0,0.0,0.0,0.0,0.0,0.0,0.0,0.0,0.0,0.0,0.0
-14.122,-16.049202,0.0,0.0,0.0,0.0,0.0,0.0,0.0,0.0,0.0,0.0,0.0,0.0,0.0,0.0,0.0,0.0
-14.114,-16.041202000000002,0.0,0.0,0.0,0.0,0.0,0.0,0.0,0.0,0.0,0.0,0.0,0.0,0.0,0.0,0.0,0.0
-14.106,-16.033202,0.0,0.0,0.0,0.0,0.0,0.0,0.0,0.0,0.0,0.0,0.0,0.0,0.0,0.0,0.0,0.0
-14.097,-16.024202,0.0,0.0,0.0,0.0,0.0,0.0,0.0,0.0,0.0,0.0,0.0,0.0,0.0,0.0,0.0,0.0
-14.089,-16.016202,0.0,0.0,0.0,0.0,0.0,0.0,0.0,0.0,0.0,0.0,0.0,0.0,0.0,0.0,0.0,0.0
-14.081,-16.008202,0.0,0.0,0.0,0.0,0.0,0.0,0.0,0.0,0.0,0.0,0.0,0.0,0.0,0.0,0.0,0.0
-14.072,-15.999201999999999,0.0,0.0,0.0,0.0,0.0,0.0,0.0,0.0,0.0,0.0,0.0,0.0,0.0,0.0,0.0,0.0
-14.064,-15.991202,0.0,0.0,0.0,0.0,0.0,0.0,0.0,0.0,0.0,0.0,0.0,0.0,0.0,0.0,0.0,0.0
-14.056,-15.983201999999999,0.0,0.0,0.0,0.0,0.0,0.0,0.0,0.0,0.0,0.0,0.0,0.0,0.0,0.0,0.0,0.0
-14.048,-15.975202,0.0,0.0,0.0,0.0,0.0,0.0,0.0,0.0,0.0,0.0,0.0,0.0,0.0,0.0,0.0,0.0
-14.039,-15.966202,0.0,0.0,0.0,0.0,0.0,0.0,0.0,0.0,0.0,0.0,0.0,0.0,0.0,0.0,0.0,0.0
-14.031,-15.958202,0.0,0.0,0.0,0.0,0.0,0.0,0.0,0.0,0.0,0.0,0.0,0.0,0.0,0.0,0.0,0.0
-14.023,-15.950201999999999,0.0,0.0,0.0,0.0,0.0,0.0,0.0,0.0,0.0,0.0,0.0,0.0,0.0,0.0,0.0,0.0
-14.014,-15.941201999999999,0.0,0.0,0.0,0.0,0.0,0.0,0.0,0.0,0.0,0.0,0.0,0.0,0.0,0.0,0.0,0.0
-14.006,-15.933202,0.0,0.0,0.0,0.0,0.0,0.0,0.0,0.0,0.0,0.0,0.0,0.0,0.0,0.0,0.0,0.0
-13.998,-15.925201999999999,0.0,0.0,0.0,0.0,0.0,0.0,0.0,0.0,0.0,0.0,0.0,0.0,0.0,0.0,0.0,0.0
-13.989,-15.916202,0.0,0.0,0.0,0.0,0.0,0.0,0.0,0.0,0.0,0.0,0.0,0.0,0.0,0.0,0.0,0.0
-13.981,-15.908202,0.0,0.0,0.0,0.0,0.0,0.0,0.0,0.0,0.0,0.0,0.0,0.0,0.0,0.0,0.0,0.0
-13.973,-15.900202,0.0,0.0,0.0,0.0,0.0,0.0,0.0,0.0,0.0,0.0,0.0,0.0,0.0,0.0,0.0,0.0
-13.964,-15.891202,0.0,0.0,0.0,0.0,0.0,0.0,0.0,0.0,0.0,0.0,0.0,0.0,0.0,0.0,0.0,0.0
-13.956,-15.883201999999999,0.0,0.0,0.0,0.0,0.0,0.0,0.0,0.0,0.0,0.0,0.0,0.0,0.0,0.0,0.0,0.0
-13.948,-15.875202,0.0,0.0,0.0,0.0,0.0,0.0,0.0,0.0,0.0,0.0,0.0,0.0,0.0,0.0,0.0,0.0
-13.94,-15.867201999999999,0.0,0.0,0.0,0.0,0.0,0.0,0.0,0.0,0.0,0.0,0.0,0.0,0.0,0.0,0.0,0.0
-13.931,-15.858201999999999,0.0,0.0,0.0,0.0,0.0,0.0,0.0,0.0,0.0,0.0,0.0,0.0,0.0,0.0,0.0,0.0
-13.923,-15.850202,0.0,0.0,0.0,0.0,0.0,0.0,0.0,0.0,0.0,0.0,0.0,0.0,0.0,0.0,0.0,0.0
-13.915,-15.842201999999999,0.0,0.0,0.0,0.0,0.0,0.0,0.0,0.0,0.0,0.0,0.0,0.0,0.0,0.0,0.0,0.0
-13.906,-15.833202,0.0,0.0,0.0,0.0,0.0,0.0,0.0,0.0,0.0,0.0,0.0,0.0,0.0,0.0,0.0,0.0
-13.898,-15.825201999999999,0.0,0.0,0.0,0.0,0.0,0.0,0.0,0.0,0.0,0.0,0.0,0.0,0.0,0.0,0.0,0.0
-13.89,-15.817202,0.0,0.0,0.0,0.0,0.0,0.0,0.0,0.0,0.0,0.0,0.0,0.0,0.0,0.0,0.0,0.0
-13.881,-15.808202,0.0,0.0,0.0,0.0,0.0,0.0,0.0,0.0,0.0,0.0,0.0,0.0,0.0,0.0,0.0,0.0
-13.873,-15.800201999999999,0.0,0.0,0.0,0.0,0.0,0.0,0.0,0.0,0.0,0.0,0.0,0.0,0.0,0.0,0.0,0.0
-13.865,-15.792202,0.0,0.0,0.0,0.0,0.0,0.0,0.0,0.0,0.0,0.0,0.0,0.0,0.0,0.0,0.0,0.0
-13.856,-15.783202,0.0,0.0,0.0,0.0,0.0,0.0,0.0,0.0,0.0,0.0,0.0,0.0,0.0,0.0,0.0,0.0
-13.848,-15.775202,0.0,0.0,0.0,0.0,0.0,0.0,0.0,0.0,0.0,0.0,0.0,0.0,0.0,0.0,0.0,0.0
-13.84,-15.767202,0.0,0.0,0.0,0.0,0.0,0.0,0.0,0.0,0.0,0.0,0.0,0.0,0.0,0.0,0.0,0.0
-13.832,-15.759202,0.0,0.0,0.0,0.0,0.0,0.0,0.0,0.0,0.0,0.0,0.0,0.0,0.0,0.0,0.0,0.0
-13.823,-15.750202,0.0,0.0,0.0,0.0,0.0,0.0,0.0,0.0,0.0,0.0,0.0,0.0,0.0,0.0,0.0,0.0
-13.815,-15.742201999999999,0.0,0.0,0.0,0.0,0.0,0.0,0.0,0.0,0.0,0.0,0.0,0.0,0.0,0.0,0.0,0.0
-13.807,-15.734202,0.0,0.0,0.0,0.0,0.0,0.0,0.0,0.0,0.0,0.0,0.0,0.0,0.0,0.0,0.0,0.0
-13.798,-15.725202,0.0,0.0,0.0,0.0,0.0,0.0,0.0,0.0,0.0,0.0,0.0,0.0,0.0,0.0,0.0,0.0
-13.79,-15.717201999999999,0.0,0.0,0.0,0.0,0.0,0.0,0.0,0.0,0.0,0.0,0.0,0.0,0.0,0.0,0.0,0.0
-13.782,-15.709202,0.0,0.0,0.0,0.0,0.0,0.0,0.0,0.0,0.0,0.0,0.0,0.0,0.0,0.0,0.0,0.0
-13.773,-15.700201999999999,0.0,0.0,0.0,0.0,0.0,0.0,0.0,0.0,0.0,0.0,0.0,0.0,0.0,0.0,0.0,0.0
-13.765,-15.692202,0.0,0.0,0.0,0.0,0.0,0.0,0.0,0.0,0.0,0.0,0.0,0.0,0.0,0.0,0.0,0.0
-13.757,-15.684201999999999,0.0,0.0,0.0,0.0,0.0,0.0,0.0,0.0,0.0,0.0,0.0,0.0,0.0,0.0,0.0,0.0
-13.748,-15.675201999999999,0.0,0.0,0.0,0.0,0.0,0.0,0.0,0.0,0.0,0.0,0.0,0.0,0.0,0.0,0.0,0.0
-13.74,-15.667202,0.0,0.0,0.0,0.0,0.0,0.0,0.0,0.0,0.0,0.0,0.0,0.0,0.0,0.0,0.0,0.0
-13.732,-15.659201999999999,0.0,0.0,0.0,0.0,0.0,0.0,0.0,0.0,0.0,0.0,0.0,0.0,0.0,0.0,0.0,0.0
-13.724,-15.651202,0.0,0.0,0.0,0.0,0.0,0.0,0.0,0.0,0.0,0.0,0.0,0.0,0.0,0.0,0.0,0.0
-13.715,-15.642202,0.0,0.0,0.0,0.0,0.0,0.0,0.0,0.0,0.0,0.0,0.0,0.0,0.0,0.0,0.0,0.0
-13.707,-15.634202,0.0,0.0,0.0,0.0,0.0,0.0,0.0,0.0,0.0,0.0,0.0,0.0,0.0,0.0,0.0,0.0
-13.699,-15.626202,0.0,0.0,0.0,0.0,0.0,0.0,0.0,0.0,0.0,0.0,0.0,0.0,0.0,0.0,0.0,0.0
-13.69,-15.617201999999999,0.0,0.0,0.0,0.0,0.0,0.0,0.0,0.0,0.0,0.0,0.0,0.0,0.0,0.0,0.0,0.0
-13.682,-15.609202,0.0,0.0,0.0,0.0,0.0,0.0,0.0,0.0,0.0,0.0,0.0,0.0,0.0,0.0,0.0,0.0
-13.674,-15.601201999999999,0.0,0.0,0.0,0.0,0.0,0.0,0.0,0.0,0.0,0.0,0.0,0.0,0.0,0.0,0.0,0.0
-13.665,-15.592201999999999,0.0,0.0,0.0,0.0,0.0,0.0,0.0,0.0,0.0,0.0,0.0,0.0,0.0,0.0,0.0,0.0
-13.657,-15.584202,0.0,0.0,0.0,0.0,0.0,0.0,0.0,0.0,0.0,0.0,0.0,0.0,0.0,0.0,0.0,0.0
-13.649,-15.576201999999999,0.0,0.0,0.0,0.0,0.0,0.0,0.0,0.0,0.0,0.0,0.0,0.0,0.0,0.0,0.0,0.0
-13.64,-15.567202,0.0,0.0,0.0,0.0,0.0,0.0,0.0,0.0,0.0,0.0,0.0,0.0,0.0,0.0,0.0,0.0
-13.632,-15.559201999999999,0.0,0.0,0.0,0.0,0.0,0.0,0.0,0.0,0.0,0.0,0.0,0.0,0.0,0.0,0.0,0.0
-13.624,-15.551202,0.0,0.0,0.0,0.0,0.0,0.0,0.0,0.0,0.0,0.0,0.0,0.0,0.0,0.0,0.0,0.0
-13.616,-15.543201999999999,0.0,0.0,0.0,0.0,0.0,0.0,0.0,0.0,0.0,0.0,0.0,0.0,0.0,0.0,0.0,0.0
-13.607,-15.534201999999999,0.0,0.0,0.0,0.0,0.0,0.0,0.0,0.0,0.0,0.0,0.0,0.0,0.0,0.0,0.0,0.0
-13.599,-15.526202,0.6185,0.0008134,2.1609e-05,1.0093099999999999e-07,0.012295,1.80935e-05,5.23600018328e-05,0.007438,4.853e-05,0.00012237000066569998,0.36390500000000003,4.3401245e-05,0.0,0.08515,2.2881195e-05,5.679404715e-05
-13.591,-15.518201999999999,2.5935,0.003248,0.00017151,8.3094e-07,0.051195000000000004,0.00015643999999999999,0.0002237250261575,0.030245,0.00042835,0.0005211000094375001,1.53145,0.00022399455,0.0,0.35340000000000005,0.0001248522,0.00023253804199999998
-13.582,-15.509202,3.288,0.003862,0.00034227,1.8816400000000002e-06,0.06441,0.00031007500000000004,0.000296425085595,0.036885,0.0008715,0.0007032000314800001,1.9532,0.00034094499999999994,0.0,0.43989999999999996,0.00021328200000000002,0.00028480899000000006
-13.574,-15.501202,4.1425,0.004602,0.0005596500000000001,3.353385e-06,0.080635,0.00051095,0.00038368517957,0.04486,0.0014589,0.000928550064728,2.47085,0.000497406,0.0,0.5477000000000001,0.000316385,0.00034949881
-13.566,-15.493202,4.885,0.005045,0.0008403999999999999,5.77815e-06,0.09443,0.0007566999999999999,0.00047500036261,0.050525,0.0022313000000000003,0.00118725013543,2.9322,0.000674245,0.0,0.63275,0.000453112,0.000396969715
-13.557,-15.484202,5.56,0.0053549999999999995,0.0011374,8.649275e-06,0.1069,0.0009986,0.0005698505852500002,0.055105,0.0030274000000000004,0.0014903502291249999,3.3588500000000003,0.0008520874999999999,0.0,0.7051,0.0006020425,0.000435794815
-13.549,-15.476201999999999,6.255,0.005560000000000001,0.0014907000000000002,1.2625955e-05,0.11965,0.00128145,0.00067330094585,0.058859999999999996,0.004030499999999999,0.0018447003781649999,3.8008999999999995,0.0010676610000000001,0.0,0.7766,0.0007716929999999999,0.0004717972
-13.541,-15.468202,7.06,0.005879,0.0018606,1.712765e-05,0.1346,0.00156705,0.0007905513788999999,0.063605,0.005109,0.0022449005502799997,4.312049999999999,0.001299447,0.0,0.8614999999999999,0.0009529760000000001,0.000516443
-13.532,-15.459202,7.86,0.006009,0.0023022,2.3246500000000002e-05,0.1494,0.00186405,0.000936351929,0.067105,0.0063585,0.0027946507903550003,4.835999999999999,0.0015530515,0.0,0.9313,0.001191559,0.0005501217999999999
-13.524,-15.451201999999999,8.745,0.005973,0.0028653999999999997,3.19955e-05,0.16595,0.00218875,0.00112230279735,0.069485,0.007963499999999998,0.0035785011799500006,5.429,0.0018758549999999998,0.0,0.9995499999999999,0.001497535,0.0005795334
-13.516,-15.443202,9.885,0.006052,0.0035270499999999995,4.2616899999999995e-05,0.1876,0.0025234999999999997,0.00136005385175,0.07336000000000001,0.009825,0.00458800165205,6.188000000000001,0.0022540950000000002,0.0,1.0886,0.0018723449999999999,0.00062115065
-13.508,-15.435201999999999,11.44,0.006275,0.0043764,5.5848349999999995e-05,0.21735,0.0028946499999999995,0.00169625513115,0.07988,0.012052,0.00599500224465,7.2255,0.00271014,0.0,1.20455,0.002389515,0.00067848855
-13.499,-15.426202,14.365,0.0069,0.0058794,7.933445e-05,0.27354999999999996,0.0035150500000000005,0.00231190745615,0.093505,0.016001,0.008526503229,9.1655,0.003516395,0.0,1.4302000000000001,0.003323535,0.0007944683999999999
-13.491,-15.418201999999999,15.6,0.006071999999999999,0.006956,9.867949999999999e-05,0.2988,0.0034812,0.0028139599915000006,0.091915,0.0185255,0.010796504404499998,10.1075,0.00395184,0.0,1.4195,0.00409711,0.0007748905
-13.483,-15.410202,13.815,0.005111,0.0060789,0.0001094495,0.2692,0.0031167,0.0022684124315,0.066385,0.020276000000000002,0.008629505157199999,8.895,0.00396064,0.0,1.3286,0.00335653,0.0007137669999999999
-13.474,-15.401202,15.38,0.005371,0.006682,0.00014736140000000002,0.30674999999999997,0.0032237999999999998,0.0022856686965,0.055709999999999996,0.0270715,0.00869350615825,9.8335,0.004936265,0.0,1.5641500000000002,0.0034508,0.0008268724999999999
-13.466,-15.393201999999999,21.85,0.006344,0.009872,0.000234695,0.44255,0.003935,0.003383277804,0.06253500000000001,0.040458,0.014549509134,14.0565,0.00746892,0.0,2.15885,0.00516803,0.001122812
-13.458,-15.385202,24.705,0.005764,0.0116315,0.0002893165,0.5084,0.0036735000000000005,0.003957030525,0.053755,0.04707,0.019565514109500002,15.976999999999999,0.008983480000000002,0.0,2.3765,0.00612227,0.00121418
-13.449,-15.376202,17.225,0.0036689999999999995,0.008399,0.00020765570000000003,0.35645000000000004,0.0027583,0.002543766185,0.034015000000000004,0.030601999999999997,0.01730700772,10.975,0.0070734,0.0,1.8255499999999998,0.00390083,0.0009127404999999998
-13.441,-15.368202,13.16,0.002403,0.0067231,0.0001648999,0.2752,0.00211565,0.0017780083725,0.022844999999999997,0.0209885,0.017039504294000002,8.243,0.00614127,0.0,1.5422000000000002,0.002699715,0.00075304
-13.433,-15.360202,10.675,0.0016664,0.00567415,0.0001371157,0.22525,0.0016083999999999998,0.0013785550635,0.017079999999999998,0.0153865,0.0162590030129,6.608,0.00540001,0.0,1.3336000000000001,0.00206293,0.00064046
-13.424,-15.351201999999999,12.375,0.0012023,0.007229,0.0001587318,0.26565,0.00127745,0.0015940534400000002,0.018275,0.014075999999999998,0.023885502641999998,7.4879999999999995,0.007101499999999999,0.0,1.7178,0.00215057,0.000802498
-13.416,-15.343202,9.575,0.0006132,0.005980900000000001,0.0001212568,0.2076,0.0006805,0.0012124016310000002,0.01588,0.007727,0.0219080016505,5.652,0.0060382100000000005,0.0,1.4702,0.0014628095,0.00067380965
-13.408,-15.335201999999999,2.774,0.00012054,0.0016622,4.368195e-05,0.062005000000000005,0.00014695,0.00028165033733500004,0.0025465,0.0019061500000000001,0.007308000388945,1.63515,0.0018296385000000001,0.0,0.4293,0.000465066,0.00019330806
-13.4,-15.327202,0.016635,6.018e-07,9.933e-06,2.713751e-07,0.00037434999999999996,7.549500000000001e-07,1.6193016104e-06,1.305e-05,1.0741e-05,4.527000192895e-05,0.009801500000000001,1.1097357e-05,0.0,0.002581,2.8422665e-06,1.1572708e-06
-13.391,-15.318202,0.0,0.0,0.0,0.0,0.0,0.0,0.0,0.0,0.0,0.0,0.0,0.0,0.0,0.0,0.0,0.0
-13.383,-15.310201999999999,0.0,0.0,0.0,0.0,0.0,0.0,0.0,0.0,0.0,0.0,0.0,0.0,0.0,0.0,0.0,0.0
-13.375,-15.302202,0.0,0.0,0.0,0.0,0.0,0.0,0.0,0.0,0.0,0.0,0.0,0.0,0.0,0.0,0.0,0.0
-13.366,-15.293201999999999,0.711,0.000193305,0.000276085,9.429515e-06,0.0003592,0.00225855,3.0150317859999997e-05,0.0093805,0.000165445,0.0003005597315,0.48634,9.78745e-05,0.0,0.053815,9.2392e-05,2.5205900000000002e-05
-13.358,-15.285202,10.415,0.002426,0.0041732,0.00013954199999999999,0.0067855,0.032203,0.0008681558817499998,0.1331,0.0032365,0.004689041635,7.195500000000001,0.00147751,0.0,0.7244999999999999,0.00147029,0.0003396535
-13.35,-15.277201999999999,14.0,0.0027689999999999998,0.005688500000000001,0.00019556069999999997,0.01182,0.042010000000000006,0.001748559815,0.16995,0.006303,0.006406227225,9.731,0.00211876,0.0,0.9251,0.00202251,0.000431376
-13.341,-15.268201999999999,15.4,0.002657,0.0062956,0.00022758499999999998,0.01666,0.04474,0.0025055128134999997,0.17635,0.0092975,0.006981225340000001,10.6895,0.0025804600000000006,0.0,1.0469499999999998,0.002124995,0.000478288
-13.333,-15.260202,16.45,0.0024530000000000003,0.006753,0.00025591100000000005,0.02067,0.04638,0.0032980152915,0.1784,0.012124,0.00749271619,11.408499999999998,0.00299442,0.0,1.14865,0.00216594,0.000514357
-13.325,-15.252201999999999,19.98,0.0024119999999999996,0.008532,0.000314259,0.02661,0.05387,0.005167518418,0.2111,0.015611,0.009598721054999999,13.783000000000001,0.0040224399999999995,0.0,1.482,0.002484475,0.000645605
-13.316,-15.243202,22.735,0.002224,0.009885,0.000371197,0.03284,0.0588,0.007014021402499999,0.2324,0.018964,0.011605219755,15.6045,0.0049648,0.0,1.7839500000000001,0.0026669499999999995,0.000757285
-13.308,-15.235202,20.36,0.0018248,0.008185000000000001,0.000376741,0.034305,0.05242,0.006318523073,0.18845,0.021147,0.010564205010000001,14.065999999999999,0.0044424700000000004,0.0,1.5337999999999998,0.00234808,0.00064725
-13.3,-15.227202,19.49,0.0014747999999999999,0.007320999999999999,0.00039740800000000003,0.035085000000000005,0.049605,0.0064110241775,0.16615000000000002,0.023057,0.010624191799999998,13.5815,0.004222195,0.0,1.3761999999999999,0.002269775,0.00057996
-13.292,-15.219202,18.335,0.0011763,0.006378,0.000406561,0.03412,0.046615000000000004,0.006199024573,0.1433,0.024405000000000003,0.010296178900000001,12.9015,0.003867345,0.0,1.19275,0.002146,0.000505375
-13.283,-15.210201999999999,16.93,0.0009048999999999999,0.005254150000000001,0.00041260000000000005,0.032915,0.043915,0.0054665249495,0.11595,0.02579,0.010018167445,12.071,0.0033868350000000004,0.0,0.9713,0.0019686300000000003,0.00041957599999999996
-13.275,-15.202202,15.6,0.0006768999999999999,0.0041913,0.000416705,0.030495,0.041615,0.004725524008499999,0.092115,0.026529999999999998,0.009936151095,11.296,0.002896075,0.0,0.7494500000000001,0.0017976500000000002,0.0003376215
-13.267,-15.194201999999999,14.4,0.0005038,0.0033282,0.000411583,0.02695,0.039943,0.0039215224215,0.07166,0.027382000000000004,0.00931713457,10.583499999999999,0.00239692,0.0,0.5577,0.00160291,0.00026887099999999995
-13.258,-15.185201999999999,12.91,0.0003546,0.0025919,0.0003848236,0.021145,0.037941,0.002873519844,0.051025,0.028178,0.007530114465,9.6205,0.00180709,0.0,0.3919,0.00128809,0.00021028800000000002
-13.25,-15.177202,10.96,0.0003015,0.0020723,0.00030845169999999997,0.012435,0.035644999999999996,0.0013277163204999999,0.02699,0.029459,0.00401509082,8.288,0.00108405,0.0,0.24209999999999998,0.0008084800000000001,0.000155831
-13.242,-15.169202,10.45,0.0006107,0.0019977500000000004,0.0002322456,0.005555,0.037031999999999995,0.00040036261049999997,0.01094,0.033366,0.001463968865,8.040500000000002,0.00072816,0.0,0.11832000000000001,0.000500415,0.000120173
-13.233,-15.160202,56.8,0.004715,0.010679,0.00095078,0.0050535,0.20736000000000002,0.00199737921,0.006706,0.19301000000000001,0.009144426450000001,44.35,0.0028321,0.0,0.119445,0.0024108,0.00039475750000000004
-13.225,-15.152201999999999,45.98,0.003416,0.008194,0.0008430600000000001,0.007345,0.16347,0.00362891623,0.010155,0.14893499999999998,0.015326849885,35.8155,0.0028481999999999995,0.0,0.20489999999999997,0.00192065,0.000350088
-13.217,-15.144202,35.565,0.002265,0.0063159999999999996,0.0006634500000000001,0.009152,0.12062,0.00553454691,0.014175,0.106055,0.021691241809999998,27.599000000000004,0.00299885,0.0,0.27595000000000003,0.0014732,0.00030077
-13.208,-15.135202,26.735,0.0014686,0.0047450999999999995,0.00049587,0.008035500000000001,0.08541,0.0067460283395,0.01636,0.073105,0.023220144619999997,20.683999999999997,0.00278145,0.0,0.28835,0.0011314,0.00023807
-13.2,-15.127201999999999,23.265,0.0011127,0.0040839,0.00042947,0.0073265,0.07165,0.0072410228195,0.015519999999999999,0.06011,0.024360616415,17.988999999999997,0.00264815,0.0,0.2728,0.000977,0.00020832999999999998
-13.192,-15.119202,20.915,0.0008542999999999999,0.0036210999999999995,0.00038564999999999997,0.0064225,0.062425,0.007563519097500001,0.014015,0.051485,0.025130597890000002,16.165,0.00251732,0.0,0.26280000000000003,0.0008396,0.0001896
-13.184,-15.111201999999999,19.875,0.0006864,0.0033873,0.00036403,0.0058385,0.057045,0.0084030159495,0.013895000000000001,0.046055,0.02741458317,15.357,0.0025401200000000003,0.0,0.2677,0.0007685499999999999,0.000181285
-13.175,-15.102202,19.735,0.0005845000000000001,0.0032940499999999998,0.00035234999999999997,0.005337,0.055355,0.009129513141499998,0.01393,0.04092,0.03316757476,15.246500000000001,0.0026733000000000004,0.0,0.2856,0.0007352000000000001,0.00017898
-13.167,-15.094202,18.23,0.0004316,0.0029979,0.00032286999999999995,0.0042815,0.047375,0.010340510749,0.01342,0.036921999999999996,0.031774062355,14.070500000000001,0.00253698,0.0,0.29015,0.0006402000000000001,0.00016645
-13.159,-15.086202,16.45,0.00030920000000000003,0.0025370999999999996,0.00028992,0.003338,0.041437,0.010113008278000001,0.01065,0.030614000000000002,0.03243905313,12.720000000000002,0.0022878699999999996,0.0,0.2515,0.000537095,0.0001440635
-13.15,-15.077202,17.5,0.0002431,0.0024804000000000002,0.00030949,0.002678,0.044520000000000004,0.010751506741,0.009855,0.028083,0.040367554934999994,13.5715,0.0024093199999999995,0.0,0.2434,0.0005263749999999999,0.000146482
-13.142,-15.069201999999999,10.62,0.0002004,0.0016884,0.00017744,0.0019464999999999999,0.017782,0.010799004446500001,0.0101,0.023413,0.016115521126,8.149499999999998,0.00160891,0.0,0.2399,0.00030957999999999995,0.00010297400000000001
-13.134,-15.061202,11.44,0.0001935,0.0017967,0.00018856,0.0020109999999999998,0.0140115,0.014093005874,0.01068,0.028491000000000002,0.013732017795,8.7715,0.0017173249999999998,0.0,0.2745,0.000300235,0.00011009
-13.125,-15.052202,13.395,0.00012118,0.0017934500000000003,0.00021843499999999998,0.0018180000000000002,0.0141815,0.0177970067705,0.0076749999999999995,0.031038,0.020382016688,10.3735,0.0017995899999999998,0.0,0.24469999999999997,0.00029242,0.0001059945
-13.117,-15.044202,19.425,0.00011871000000000001,0.0023198999999999997,0.00031610000000000004,0.001691,0.0170885,0.027656510917500002,0.007145,0.0471325,0.028381020568500004,15.161500000000002,0.002369305,0.0,0.25485,0.00037212000000000004,0.0001281085
-13.109,-15.036202,15.225,9.5695e-05,0.0017355,0.00024424500000000003,0.00149,0.015192499999999998,0.020888007043999998,0.005348,0.0316885,0.028511015629499998,11.876999999999999,0.0018575849999999997,0.0,0.213555,0.000280555,0.0001025125
-13.1,-15.027201999999999,13.785,7.317e-05,0.0014116999999999999,0.00021809000000000002,0.001287,0.014164,0.018809005459,0.004097,0.0250285,0.030382513365499998,10.772,0.001625025,0.0,0.18417,0.000227985,9.008699999999999e-05
-13.092,-15.019202,11.795,2.1986e-05,0.00091366,0.00017912,0.00079015,0.0110555,0.01673850416705,0.002232,0.018203499999999997,0.030243011194999996,9.2695,0.00123968,0.0,0.11944999999999999,0.00014687,6.813e-05
-13.084,-15.011201999999999,13.755,2.42595e-05,0.0009676000000000001,0.00019804349999999997,0.0009155,0.012107999999999999,0.019963503808,0.0024535,0.018172,0.038965510576499995,10.811,0.0013662099999999999,0.0,0.14797,0.00015329,7.7968e-05
-13.076,-15.003202,12.885,2.2082500000000004e-05,0.00084775,0.00018168649999999998,0.0007439,0.0105425,0.01914750313745,0.001969,0.015205,0.038792008886,10.145,0.001195915,0.0,0.12977,0.000135145,6.89095e-05
-13.067,-14.994202,12.415,1.96805e-05,0.0007283999999999999,0.0001714285,0.0005577000000000001,0.009000999999999999,0.019076502598999998,0.0014635,0.012631,0.039943507383,9.799,0.0010347149999999999,0.0,0.11045,0.00011683,6.09245e-05
-13.059,-14.986201999999999,12.83,1.8667000000000003e-05,0.00058068,0.000170719,0.00031485,0.0073384999999999995,0.020766002163150003,0.00086725,0.0100695,0.045065006155,10.167000000000002,0.000858145,0.0,0.090025,9.383e-05,5.44375e-05
-13.051,-14.978202,11.73,1.6935e-05,0.00044427500000000005,0.000150801,0.000214,0.0057410000000000004,0.019491501660349998,0.00062605,0.007719500000000001,0.043005004724,9.309,0.000678815,0.0,0.07262500000000001,7.171200000000001e-05,4.6176499999999994e-05
-13.042,-14.969202,11.05,1.398e-05,0.00031722,0.00013738899999999997,0.0001252,0.0042565,0.01897050123075,0.0004065,0.0056155,0.04257000352305,8.794,0.000510305,0.0,0.053035,5.2064e-05,3.89405e-05
-13.034,-14.961202,16.945,0.00011156,0.00039478,0.00058374,0.01538,0.0071355,0.0252165011624,0.022394999999999998,0.0060755,0.057635003951000005,10.048999999999998,0.0026313400000000007,0.0,3.4435000000000002,4.4352500000000006e-05,0.0006453852
-13.026,-14.953202,39.29,0.003978,0.01649,0.001293935,0.015064999999999999,0.08171885000000001,0.016256557579999997,0.021665,0.07725195000000001,0.04068030487,5.761499999999999,0.00482253,0.0,25.28,0.0001227155,0.0042233243
-13.017,-14.944201999999999,82.35,0.011484,0.025322,0.00403685,0.0254,0.1904295,0.021355160355000003,0.03697,0.1759845,0.0619958678,6.385500000000001,0.009199988999999999,0.0,58.650000000000006,0.000441363,0.0096546985
-13.009,-14.936202,41.565,0.005602,0.013061999999999999,0.0019366,0.017095,0.0935315,0.011324071365,0.02581,0.07819849999999999,0.0406154308,2.5402,0.005586087,0.0,30.3,0.000427745,0.0048281570000000005
-13.001,-14.928201999999999,35.465,0.00432,0.011102500000000001,0.0015163300000000002,0.014325000000000001,0.0761705,0.011943050540000002,0.022609999999999998,0.057361,0.04606035322,2.7428999999999997,0.0048152544999999995,0.0,25.315,0.0004884150000000001,0.003915760000000001
-12.992,-14.919202,32.775,0.00374,0.010346000000000001,0.0012638800000000002,0.011810000000000001,0.0675795,0.012940538375000001,0.019694999999999997,0.0461095,0.051510319245000005,3.0378499999999997,0.00430149,0.0,22.92,0.0005500050000000001,0.0034458645
-12.984,-14.911202,23.885,0.002513,0.007595,0.0007913099999999999,0.009692,0.042587,0.012842518203000001,0.014824999999999998,0.03067,0.041690154300000004,2.6889000000000003,0.0031453734999999997,0.0,16.255499999999998,0.000496765,0.0023713020500000003
-12.976,-14.903202,17.23,0.0015152,0.0046922,0.0005897999999999999,0.010345,0.0202015,0.014076013676,0.013145,0.024345,0.027918048219999998,2.25885,0.0024955650000000004,0.0,11.4295,0.00038069600000000003,0.00163507015
-12.968,-14.895202,16.675,0.0014766,0.003479,0.0006390860000000001,0.0118975,0.0096795,0.018086022063,0.013219999999999999,0.027736999999999998,0.022908030233999996,2.3540499999999995,0.002484679,0.0,10.9155,0.0003600425,0.00153230615
-12.959,-14.886201999999999,25.245,0.0017426,0.0056322,0.0008723594999999999,0.014450000000000001,0.0134275,0.028419536636499997,0.015,0.039374,0.03922655702,3.8053999999999997,0.00312829,0.0,16.3105,0.00053341,0.00221440925
-12.951,-14.878202,24.235,0.0016806,0.0054806,0.0007437629999999999,0.011176,0.013028000000000001,0.027680028337,0.01172,0.030984499999999998,0.046190056959999996,3.8529500000000003,0.0025362199999999996,0.0,15.49,0.0004993350000000001,0.00201618035
-12.943,-14.870201999999999,28.495,0.002418,0.0063852,0.00079056,0.010159,0.015356,0.0329310242825,0.0105665,0.0312145,0.06106505723,4.651999999999999,0.002452455,0.0,18.1155,0.0006031200000000001,0.0022793431
-12.934,-14.861201999999999,27.94,0.002252,0.006175399999999999,0.0007034489999999999,0.008754999999999999,0.0135755,0.033310518410500006,0.0092765,0.0249855,0.066750048645,4.7775,0.0020674300000000003,0.0,17.573,0.0005372500000000001,0.0021432771
-12.926,-14.853202,24.76,0.0016492,0.005300899999999999,0.000574031,0.007514,0.009598,0.03090701291,0.0082805,0.0160475,0.0662500382565,4.463,0.0015937599999999998,0.0,15.3675,0.00037223,0.0018073060999999999
-12.918,-14.845201999999999,24.335,0.0015833,0.0049992,0.000527907,0.0066075000000000005,0.007167,0.031658009135,0.0072835,0.0113135,0.07052002833649999,4.532,0.00124412,0.0,14.986,0.000289015,0.0017015557
-12.909,-14.836202,24.085,0.0016427,0.0046016,0.000504798,0.00592,0.0045608,0.032687505255,0.006497,0.006904,0.074915016782,4.6,0.000906469,0.0,14.740499999999999,0.00019841799999999996,0.00161413327
-12.901,-14.828202,11.58,0.0014728,0.0013617999999999998,0.0004088559999999999,0.002425,0.001945,0.01567150168805,0.0022435,0.00285215,0.036304505493050004,1.95025,0.000342736,0.0,7.352,8.7907e-05,0.00077831645
-12.893,-14.820202,6.28,0.0010544,0.00030076,0.00027396371,0.001085,0.000613345,0.008699500211414999,0.00088165,0.00086615,0.020457000704750004,1.01305,9.2421e-05,0.0,4.0385,3.22454e-05,0.00041319966399999995
-12.884,-14.811202,0.0,0.0,0.0,0.0,0.0,0.0,0.0,0.0,0.0,0.0,0.0,0.0,0.0,0.0,0.0,0.0
-12.876,-14.803201999999999,0.0,0.0,0.0,0.0,0.0,0.0,0.0,0.0,0.0,0.0,0.0,0.0,0.0,0.0,0.0,0.0
-12.868,-14.795202,0.0,0.0,0.0,0.0,0.0,0.0,0.0,0.0,0.0,0.0,0.0,0.0,0.0,0.0,0.0,0.0
-12.86,-14.787201999999999,0.0,0.0,0.0,0.0,0.0,0.0,0.0,0.0,0.0,0.0,0.0,0.0,0.0,0.0,0.0,0.0
-12.851,-14.778202,0.0,0.0,0.0,0.0,0.0,0.0,0.0,0.0,0.0,0.0,0.0,0.0,0.0,0.0,0.0,0.0
-12.843,-14.770202,0.0,0.0,0.0,0.0,0.0,0.0,0.0,0.0,0.0,0.0,0.0,0.0,0.0,0.0,0.0,0.0
-12.835,-14.762202,0.0,0.0,0.0,0.0,0.0,0.0,0.0,0.0,0.0,0.0,0.0,0.0,0.0,0.0,0.0,0.0
-12.826,-14.753202,0.0,0.0,0.0,0.0,0.0,0.0,0.0,0.0,0.0,0.0,0.0,0.0,0.0,0.0,0.0,0.0
-12.818,-14.745201999999999,0.0,0.0,0.0,0.0,0.0,0.0,0.0,0.0,0.0,0.0,0.0,0.0,0.0,0.0,0.0,0.0
-12.81,-14.737202,0.0,0.0,0.0,0.0,0.0,0.0,0.0,0.0,0.0,0.0,0.0,0.0,0.0,0.0,0.0,0.0
-12.801,-14.728202,0.0,0.0,0.0,0.0,0.0,0.0,0.0,0.0,0.0,0.0,0.0,0.0,0.0,0.0,0.0,0.0
-12.793,-14.720201999999999,0.0,0.0,0.0,0.0,0.0,0.0,0.0,0.0,0.0,0.0,0.0,0.0,0.0,0.0,0.0,0.0
-12.785,-14.712202,0.0,0.0,0.0,0.0,0.0,0.0,0.0,0.0,0.0,0.0,0.0,0.0,0.0,0.0,0.0,0.0
-12.776,-14.703202,0.0,0.0,0.0,0.0,0.0,0.0,0.0,0.0,0.0,0.0,0.0,0.0,0.0,0.0,0.0,0.0
-12.768,-14.695202,0.0,0.0,0.0,0.0,0.0,0.0,0.0,0.0,0.0,0.0,0.0,0.0,0.0,0.0,0.0,0.0
-12.76,-14.687202,0.0,0.0,0.0,0.0,0.0,0.0,0.0,0.0,0.0,0.0,0.0,0.0,0.0,0.0,0.0,0.0
-12.752,-14.679202,0.0,0.0,0.0,0.0,0.0,0.0,0.0,0.0,0.0,0.0,0.0,0.0,0.0,0.0,0.0,0.0
-12.743,-14.670202,0.0,0.0,0.0,0.0,0.0,0.0,0.0,0.0,0.0,0.0,0.0,0.0,0.0,0.0,0.0,0.0
-12.735,-14.662201999999999,0.0,0.0,0.0,0.0,0.0,0.0,0.0,0.0,0.0,0.0,0.0,0.0,0.0,0.0,0.0,0.0
-12.727,-14.654202,0.0,0.0,0.0,0.0,0.0,0.0,0.0,0.0,0.0,0.0,0.0,0.0,0.0,0.0,0.0,0.0
-12.718,-14.645202,0.0,0.0,0.0,0.0,0.0,0.0,0.0,0.0,0.0,0.0,0.0,0.0,0.0,0.0,0.0,0.0
-12.71,-14.637202,0.0,0.0,0.0,0.0,0.0,0.0,0.0,0.0,0.0,0.0,0.0,0.0,0.0,0.0,0.0,0.0
-12.702,-14.629202,0.0,0.0,0.0,0.0,0.0,0.0,0.0,0.0,0.0,0.0,0.0,0.0,0.0,0.0,0.0,0.0
-12.693,-14.620201999999999,0.0,0.0,0.0,0.0,0.0,0.0,0.0,0.0,0.0,0.0,0.0,0.0,0.0,0.0,0.0,0.0
-12.685,-14.612202,0.0,0.0,0.0,0.0,0.0,0.0,0.0,0.0,0.0,0.0,0.0,0.0,0.0,0.0,0.0,0.0
-12.677,-14.604201999999999,0.0,0.0,0.0,0.0,0.0,0.0,0.0,0.0,0.0,0.0,0.0,0.0,0.0,0.0,0.0,0.0
-12.668,-14.595201999999999,0.0,0.0,0.0,0.0,0.0,0.0,0.0,0.0,0.0,0.0,0.0,0.0,0.0,0.0,0.0,0.0
-12.66,-14.587202,0.0,0.0,0.0,0.0,0.0,0.0,0.0,0.0,0.0,0.0,0.0,0.0,0.0,0.0,0.0,0.0
-12.652,-14.579201999999999,0.0,0.0,0.0,0.0,0.0,0.0,0.0,0.0,0.0,0.0,0.0,0.0,0.0,0.0,0.0,0.0
-12.644,-14.571202,0.0,0.0,0.0,0.0,0.0,0.0,0.0,0.0,0.0,0.0,0.0,0.0,0.0,0.0,0.0,0.0
-12.635,-14.562202,0.0,0.0,0.0,0.0,0.0,0.0,0.0,0.0,0.0,0.0,0.0,0.0,0.0,0.0,0.0,0.0
-12.627,-14.554202,0.0,0.0,0.0,0.0,0.0,0.0,0.0,0.0,0.0,0.0,0.0,0.0,0.0,0.0,0.0,0.0
-12.619,-14.546202,0.0,0.0,0.0,0.0,0.0,0.0,0.0,0.0,0.0,0.0,0.0,0.0,0.0,0.0,0.0,0.0
-12.61,-14.537201999999999,0.0,0.0,0.0,0.0,0.0,0.0,0.0,0.0,0.0,0.0,0.0,0.0,0.0,0.0,0.0,0.0
-12.602,-14.529202,0.0,0.0,0.0,0.0,0.0,0.0,0.0,0.0,0.0,0.0,0.0,0.0,0.0,0.0,0.0,0.0
-12.594,-14.521201999999999,0.0,0.0,0.0,0.0,0.0,0.0,0.0,0.0,0.0,0.0,0.0,0.0,0.0,0.0,0.0,0.0
-12.585,-14.512202,0.0,0.0,0.0,0.0,0.0,0.0,0.0,0.0,0.0,0.0,0.0,0.0,0.0,0.0,0.0,0.0
-12.577,-14.504202,0.0,0.0,0.0,0.0,0.0,0.0,0.0,0.0,0.0,0.0,0.0,0.0,0.0,0.0,0.0,0.0
-12.569,-14.496202,0.0,0.0,0.0,0.0,0.0,0.0,0.0,0.0,0.0,0.0,0.0,0.0,0.0,0.0,0.0,0.0
-12.56,-14.487202,0.0,0.0,0.0,0.0,0.0,0.0,0.0,0.0,0.0,0.0,0.0,0.0,0.0,0.0,0.0,0.0
-12.552,-14.479201999999999,0.0,0.0,0.0,0.0,0.0,0.0,0.0,0.0,0.0,0.0,0.0,0.0,0.0,0.0,0.0,0.0
-12.544,-14.471202,0.0,0.0,0.0,0.0,0.0,0.0,0.0,0.0,0.0,0.0,0.0,0.0,0.0,0.0,0.0,0.0
-12.536,-14.463201999999999,0.0,0.0,0.0,0.0,0.0,0.0,0.0,0.0,0.0,0.0,0.0,0.0,0.0,0.0,0.0,0.0
-12.527,-14.454201999999999,0.0,0.0,0.0,0.0,0.0,0.0,0.0,0.0,0.0,0.0,0.0,0.0,0.0,0.0,0.0,0.0
-12.519,-14.446202,0.0,0.0,0.0,0.0,0.0,0.0,0.0,0.0,0.0,0.0,0.0,0.0,0.0,0.0,0.0,0.0
-12.511,-14.438201999999999,0.0,0.0,0.0,0.0,0.0,0.0,0.0,0.0,0.0,0.0,0.0,0.0,0.0,0.0,0.0,0.0
-12.502,-14.429202,0.0,0.0,0.0,0.0,0.0,0.0,0.0,0.0,0.0,0.0,0.0,0.0,0.0,0.0,0.0,0.0
-12.494,-14.421202,0.0,0.0,0.0,0.0,0.0,0.0,0.0,0.0,0.0,0.0,0.0,0.0,0.0,0.0,0.0,0.0
-12.486,-14.413202,0.0,0.0,0.0,0.0,0.0,0.0,0.0,0.0,0.0,0.0,0.0,0.0,0.0,0.0,0.0,0.0
-12.477,-14.404202,0.0,0.0,0.0,0.0,0.0,0.0,0.0,0.0,0.0,0.0,0.0,0.0,0.0,0.0,0.0,0.0
-12.469,-14.396201999999999,0.0,0.0,0.0,0.0,0.0,0.0,0.0,0.0,0.0,0.0,0.0,0.0,0.0,0.0,0.0,0.0
-12.461,-14.388202,0.0,0.0,0.0,0.0,0.0,0.0,0.0,0.0,0.0,0.0,0.0,0.0,0.0,0.0,0.0,0.0
-12.452,-14.379202,0.0,0.0,0.0,0.0,0.0,0.0,0.0,0.0,0.0,0.0,0.0,0.0,0.0,0.0,0.0,0.0
-12.444,-14.371202,0.0,0.0,0.0,0.0,0.0,0.0,0.0,0.0,0.0,0.0,0.0,0.0,0.0,0.0,0.0,0.0
-12.436,-14.363202,0.0,0.0,0.0,0.0,0.0,0.0,0.0,0.0,0.0,0.0,0.0,0.0,0.0,0.0,0.0,0.0
-12.428,-14.355202,0.0,0.0,0.0,0.0,0.0,0.0,0.0,0.0,0.0,0.0,0.0,0.0,0.0,0.0,0.0,0.0
-12.419,-14.346202,0.0,0.0,0.0,0.0,0.0,0.0,0.0,0.0,0.0,0.0,0.0,0.0,0.0,0.0,0.0,0.0
-12.411,-14.338201999999999,0.0,0.0,0.0,0.0,0.0,0.0,0.0,0.0,0.0,0.0,0.0,0.0,0.0,0.0,0.0,0.0
-12.403,-14.330202,0.0,0.0,0.0,0.0,0.0,0.0,0.0,0.0,0.0,0.0,0.0,0.0,0.0,0.0,0.0,0.0
-12.394,-14.321202,0.0,0.0,0.0,0.0,0.0,0.0,0.0,0.0,0.0,0.0,0.0,0.0,0.0,0.0,0.0,0.0
-12.386,-14.313201999999999,0.0,0.0,0.0,0.0,0.0,0.0,0.0,0.0,0.0,0.0,0.0,0.0,0.0,0.0,0.0,0.0
-12.378,-14.305202,0.0,0.0,0.0,0.0,0.0,0.0,0.0,0.0,0.0,0.0,0.0,0.0,0.0,0.0,0.0,0.0
-12.369,-14.296202,0.0,0.0,0.0,0.0,0.0,0.0,0.0,0.0,0.0,0.0,0.0,0.0,0.0,0.0,0.0,0.0
-12.361,-14.288202,0.0,0.0,0.0,0.0,0.0,0.0,0.0,0.0,0.0,0.0,0.0,0.0,0.0,0.0,0.0,0.0
-12.353,-14.280202,0.0,0.0,0.0,0.0,0.0,0.0,0.0,0.0,0.0,0.0,0.0,0.0,0.0,0.0,0.0,0.0
-12.344,-14.271201999999999,0.0,0.0,0.0,0.0,0.0,0.0,0.0,0.0,0.0,0.0,0.0,0.0,0.0,0.0,0.0,0.0
-12.336,-14.263202,0.0,0.0,0.0,0.0,0.0,0.0,0.0,0.0,0.0,0.0,0.0,0.0,0.0,0.0,0.0,0.0
-12.328,-14.255201999999999,0.0,0.0,0.0,0.0,0.0,0.0,0.0,0.0,0.0,0.0,0.0,0.0,0.0,0.0,0.0,0.0
-12.32,-14.247202,0.0,0.0,0.0,0.0,0.0,0.0,0.0,0.0,0.0,0.0,0.0,0.0,0.0,0.0,0.0,0.0
-12.311,-14.238202,0.0,0.0,0.0,0.0,0.0,0.0,0.0,0.0,0.0,0.0,0.0,0.0,0.0,0.0,0.0,0.0
-12.303,-14.230202,0.0,0.0,0.0,0.0,0.0,0.0,0.0,0.0,0.0,0.0,0.0,0.0,0.0,0.0,0.0,0.0
-12.295,-14.222202,0.0,0.0,0.0,0.0,0.0,0.0,0.0,0.0,0.0,0.0,0.0,0.0,0.0,0.0,0.0,0.0
-12.286,-14.213201999999999,0.0,0.0,0.0,0.0,0.0,0.0,0.0,0.0,0.0,0.0,0.0,0.0,0.0,0.0,0.0,0.0
-12.278,-14.205202,0.0,0.0,0.0,0.0,0.0,0.0,0.0,0.0,0.0,0.0,0.0,0.0,0.0,0.0,0.0,0.0
-12.27,-14.197201999999999,0.0,0.0,0.0,0.0,0.0,0.0,0.0,0.0,0.0,0.0,0.0,0.0,0.0,0.0,0.0,0.0
-12.261,-14.188201999999999,0.0,0.0,0.0,0.0,0.0,0.0,0.0,0.0,0.0,0.0,0.0,0.0,0.0,0.0,0.0,0.0
-12.253,-14.180202,0.0,0.0,0.0,0.0,0.0,0.0,0.0,0.0,0.0,0.0,0.0,0.0,0.0,0.0,0.0,0.0
-12.245,-14.172201999999999,0.0,0.0,0.0,0.0,0.0,0.0,0.0,0.0,0.0,0.0,0.0,0.0,0.0,0.0,0.0,0.0
-12.236,-14.163202,0.0,0.0,0.0,0.0,0.0,0.0,0.0,0.0,0.0,0.0,0.0,0.0,0.0,0.0,0.0,0.0
-12.228,-14.155202,0.0,0.0,0.0,0.0,0.0,0.0,0.0,0.0,0.0,0.0,0.0,0.0,0.0,0.0,0.0,0.0
-12.22,-14.147202,0.0,0.0,0.0,0.0,0.0,0.0,0.0,0.0,0.0,0.0,0.0,0.0,0.0,0.0,0.0,0.0
-12.212,-14.139202,0.0,0.0,0.0,0.0,0.0,0.0,0.0,0.0,0.0,0.0,0.0,0.0,0.0,0.0,0.0,0.0
-12.203,-14.130201999999999,0.0,0.0,0.0,0.0,0.0,0.0,0.0,0.0,0.0,0.0,0.0,0.0,0.0,0.0,0.0,0.0
-12.195,-14.122202,0.0,0.0,0.0,0.0,0.0,0.0,0.0,0.0,0.0,0.0,0.0,0.0,0.0,0.0,0.0,0.0
-12.187,-14.114201999999999,0.0,0.0,0.0,0.0,0.0,0.0,0.0,0.0,0.0,0.0,0.0,0.0,0.0,0.0,0.0,0.0
-12.178,-14.105202,0.0,0.0,0.0,0.0,0.0,0.0,0.0,0.0,0.0,0.0,0.0,0.0,0.0,0.0,0.0,0.0
-12.17,-14.097202,0.0,0.0,0.0,0.0,0.0,0.0,0.0,0.0,0.0,0.0,0.0,0.0,0.0,0.0,0.0,0.0
-12.162,-14.089202,0.0,0.0,0.0,0.0,0.0,0.0,0.0,0.0,0.0,0.0,0.0,0.0,0.0,0.0,0.0,0.0
-12.153,-14.080202,0.0,0.0,0.0,0.0,0.0,0.0,0.0,0.0,0.0,0.0,0.0,0.0,0.0,0.0,0.0,0.0
-12.145,-14.072201999999999,0.0,0.0,0.0,0.0,0.0,0.0,0.0,0.0,0.0,0.0,0.0,0.0,0.0,0.0,0.0,0.0
-12.137,-14.064202,0.0,0.0,0.0,0.0,0.0,0.0,0.0,0.0,0.0,0.0,0.0,0.0,0.0,0.0,0.0,0.0
-12.128,-14.055202,0.0,0.0,0.0,0.0,0.0,0.0,0.0,0.0,0.0,0.0,0.0,0.0,0.0,0.0,0.0,0.0
-12.12,-14.047201999999999,0.0,0.0,0.0,0.0,0.0,0.0,0.0,0.0,0.0,0.0,0.0,0.0,0.0,0.0,0.0,0.0
-12.112,-14.039202,0.0,0.0,0.0,0.0,0.0,0.0,0.0,0.0,0.0,0.0,0.0,0.0,0.0,0.0,0.0,0.0
-12.104,-14.031201999999999,0.0,0.0,0.0,0.0,0.0,0.0,0.0,0.0,0.0,0.0,0.0,0.0,0.0,0.0,0.0,0.0
-12.095,-14.022202,0.0,0.0,0.0,0.0,0.0,0.0,0.0,0.0,0.0,0.0,0.0,0.0,0.0,0.0,0.0,0.0
-12.087,-14.014202,0.0,0.0,0.0,0.0,0.0,0.0,0.0,0.0,0.0,0.0,0.0,0.0,0.0,0.0,0.0,0.0
-12.079,-14.006202,0.0,0.0,0.0,0.0,0.0,0.0,0.0,0.0,0.0,0.0,0.0,0.0,0.0,0.0,0.0,0.0
-12.07,-13.997202,0.0,0.0,0.0,0.0,0.0,0.0,0.0,0.0,0.0,0.0,0.0,0.0,0.0,0.0,0.0,0.0
-12.062,-13.989201999999999,0.0,0.0,0.0,0.0,0.0,0.0,0.0,0.0,0.0,0.0,0.0,0.0,0.0,0.0,0.0,0.0
-12.054,-13.981202,0.0,0.0,0.0,0.0,0.0,0.0,0.0,0.0,0.0,0.0,0.0,0.0,0.0,0.0,0.0,0.0
-12.045,-13.972202,0.0,0.0,0.0,0.0,0.0,0.0,0.0,0.0,0.0,0.0,0.0,0.0,0.0,0.0,0.0,0.0
-12.037,-13.964202,0.0,0.0,0.0,0.0,0.0,0.0,0.0,0.0,0.0,0.0,0.0,0.0,0.0,0.0,0.0,0.0
-12.029,-13.956202,0.0,0.0,0.0,0.0,0.0,0.0,0.0,0.0,0.0,0.0,0.0,0.0,0.0,0.0,0.0,0.0
-12.02,-13.947201999999999,0.0,0.0,0.0,0.0,0.0,0.0,0.0,0.0,0.0,0.0,0.0,0.0,0.0,0.0,0.0,0.0
-12.012,-13.939202,0.0,0.0,0.0,0.0,0.0,0.0,0.0,0.0,0.0,0.0,0.0,0.0,0.0,0.0,0.0,0.0
-12.004,-13.931201999999999,0.0,0.0,0.0,0.0,0.0,0.0,0.0,0.0,0.0,0.0,0.0,0.0,0.0,0.0,0.0,0.0
-11.996,-13.923202,0.0,0.0,0.0,0.0,0.0,0.0,0.0,0.0,0.0,0.0,0.0,0.0,0.0,0.0,0.0,0.0
-11.987,-13.914202,0.0,0.0,0.0,0.0,0.0,0.0,0.0,0.0,0.0,0.0,0.0,0.0,0.0,0.0,0.0,0.0
-11.979,-13.906201999999999,0.0,0.0,0.0,0.0,0.0,0.0,0.0,0.0,0.0,0.0,0.0,0.0,0.0,0.0,0.0,0.0
-11.971,-13.898202,0.0,0.0,0.0,0.0,0.0,0.0,0.0,0.0,0.0,0.0,0.0,0.0,0.0,0.0,0.0,0.0
-11.962,-13.889202,0.0,0.0,0.0,0.0,0.0,0.0,0.0,0.0,0.0,0.0,0.0,0.0,0.0,0.0,0.0,0.0
-11.954,-13.881202,0.0,0.0,0.0,0.0,0.0,0.0,0.0,0.0,0.0,0.0,0.0,0.0,0.0,0.0,0.0,0.0
-11.946,-13.873202,0.0,0.0,0.0,0.0,0.0,0.0,0.0,0.0,0.0,0.0,0.0,0.0,0.0,0.0,0.0,0.0
-11.937,-13.864201999999999,0.0,0.0,0.0,0.0,0.0,0.0,0.0,0.0,0.0,0.0,0.0,0.0,0.0,0.0,0.0,0.0
-11.929,-13.856202,0.0,0.0,0.0,0.0,0.0,0.0,0.0,0.0,0.0,0.0,0.0,0.0,0.0,0.0,0.0,0.0
-11.921,-13.848201999999999,0.0,0.0,0.0,0.0,0.0,0.0,0.0,0.0,0.0,0.0,0.0,0.0,0.0,0.0,0.0,0.0
-11.912,-13.839202,0.0,0.0,0.0,0.0,0.0,0.0,0.0,0.0,0.0,0.0,0.0,0.0,0.0,0.0,0.0,0.0
-11.904,-13.831202,0.0,0.0,0.0,0.0,0.0,0.0,0.0,0.0,0.0,0.0,0.0,0.0,0.0,0.0,0.0,0.0
-11.896,-13.823202,0.0,0.0,0.0,0.0,0.0,0.0,0.0,0.0,0.0,0.0,0.0,0.0,0.0,0.0,0.0,0.0
-11.888,-13.815202,0.0,0.0,0.0,0.0,0.0,0.0,0.0,0.0,0.0,0.0,0.0,0.0,0.0,0.0,0.0,0.0
-11.879,-13.806201999999999,0.0,0.0,0.0,0.0,0.0,0.0,0.0,0.0,0.0,0.0,0.0,0.0,0.0,0.0,0.0,0.0
-11.871,-13.798202,0.0,0.0,0.0,0.0,0.0,0.0,0.0,0.0,0.0,0.0,0.0,0.0,0.0,0.0,0.0,0.0
-11.863,-13.790201999999999,0.0,0.0,0.0,0.0,0.0,0.0,0.0,0.0,0.0,0.0,0.0,0.0,0.0,0.0,0.0,0.0
-11.854,-13.781201999999999,0.0,0.0,0.0,0.0,0.0,0.0,0.0,0.0,0.0,0.0,0.0,0.0,0.0,0.0,0.0,0.0
-11.846,-13.773202,0.0,0.0,0.0,0.0,0.0,0.0,0.0,0.0,0.0,0.0,0.0,0.0,0.0,0.0,0.0,0.0
-11.838,-13.765201999999999,0.0,0.0,0.0,0.0,0.0,0.0,0.0,0.0,0.0,0.0,0.0,0.0,0.0,0.0,0.0,0.0
-11.829,-13.756202,0.0,0.0,0.0,0.0,0.0,0.0,0.0,0.0,0.0,0.0,0.0,0.0,0.0,0.0,0.0,0.0
-11.821,-13.748202,0.0,0.0,0.0,0.0,0.0,0.0,0.0,0.0,0.0,0.0,0.0,0.0,0.0,0.0,0.0,0.0
-11.813,-13.740202,0.0,0.0,0.0,0.0,0.0,0.0,0.0,0.0,0.0,0.0,0.0,0.0,0.0,0.0,0.0,0.0
-11.804,-13.731202,0.0,0.0,0.0,0.0,0.0,0.0,0.0,0.0,0.0,0.0,0.0,0.0,0.0,0.0,0.0,0.0
-11.796,-13.723201999999999,0.0,0.0,0.0,0.0,0.0,0.0,0.0,0.0,0.0,0.0,0.0,0.0,0.0,0.0,0.0,0.0
-11.788,-13.715202,0.0,0.0,0.0,0.0,0.0,0.0,0.0,0.0,0.0,0.0,0.0,0.0,0.0,0.0,0.0,0.0
-11.78,-13.707201999999999,0.0,0.0,0.0,0.0,0.0,0.0,0.0,0.0,0.0,0.0,0.0,0.0,0.0,0.0,0.0,0.0
-11.771,-13.698202,0.0,0.0,0.0,0.0,0.0,0.0,0.0,0.0,0.0,0.0,0.0,0.0,0.0,0.0,0.0,0.0
-11.763,-13.690202,0.0,0.0,0.0,0.0,0.0,0.0,0.0,0.0,0.0,0.0,0.0,0.0,0.0,0.0,0.0,0.0
-11.755,-13.682202,0.0,0.0,0.0,0.0,0.0,0.0,0.0,0.0,0.0,0.0,0.0,0.0,0.0,0.0,0.0,0.0
-11.746,-13.673202,0.0,0.0,0.0,0.0,0.0,0.0,0.0,0.0,0.0,0.0,0.0,0.0,0.0,0.0,0.0,0.0
-11.738,-13.665201999999999,0.0,0.0,0.0,0.0,0.0,0.0,0.0,0.0,0.0,0.0,0.0,0.0,0.0,0.0,0.0,0.0
-11.73,-13.657202,0.0,0.0,0.0,0.0,0.0,0.0,0.0,0.0,0.0,0.0,0.0,0.0,0.0,0.0,0.0,0.0
-11.721,-13.648202,0.0,0.0,0.0,0.0,0.0,0.0,0.0,0.0,0.0,0.0,0.0,0.0,0.0,0.0,0.0,0.0
-11.713,-13.640201999999999,0.0,0.0,0.0,0.0,0.0,0.0,0.0,0.0,0.0,0.0,0.0,0.0,0.0,0.0,0.0,0.0
-11.705,-13.632202,0.0,0.0,0.0,0.0,0.0,0.0,0.0,0.0,0.0,0.0,0.0,0.0,0.0,0.0,0.0,0.0
-11.696,-13.623202,0.0,0.0,0.0,0.0,0.0,0.0,0.0,0.0,0.0,0.0,0.0,0.0,0.0,0.0,0.0,0.0
-11.688,-13.615202,0.0,0.0,0.0,0.0,0.0,0.0,0.0,0.0,0.0,0.0,0.0,0.0,0.0,0.0,0.0,0.0
-11.68,-13.607202,0.0,0.0,0.0,0.0,0.0,0.0,0.0,0.0,0.0,0.0,0.0,0.0,0.0,0.0,0.0,0.0
-11.672,-13.599202,0.0,0.0,0.0,0.0,0.0,0.0,0.0,0.0,0.0,0.0,0.0,0.0,0.0,0.0,0.0,0.0
-11.663,-13.590202,0.0,0.0,0.0,0.0,0.0,0.0,0.0,0.0,0.0,0.0,0.0,0.0,0.0,0.0,0.0,0.0
-11.655,-13.582201999999999,0.0,0.0,0.0,0.0,0.0,0.0,0.0,0.0,0.0,0.0,0.0,0.0,0.0,0.0,0.0,0.0
-11.647,-13.574202,0.0,0.0,0.0,0.0,0.0,0.0,0.0,0.0,0.0,0.0,0.0,0.0,0.0,0.0,0.0,0.0
-11.638,-13.565202,0.0,0.0,0.0,0.0,0.0,0.0,0.0,0.0,0.0,0.0,0.0,0.0,0.0,0.0,0.0,0.0
-11.63,-13.557202,0.0,0.0,0.0,0.0,0.0,0.0,0.0,0.0,0.0,0.0,0.0,0.0,0.0,0.0,0.0,0.0
-11.622,-13.549202,0.0,0.0,0.0,0.0,0.0,0.0,0.0,0.0,0.0,0.0,0.0,0.0,0.0,0.0,0.0,0.0
-11.613,-13.540201999999999,0.0,0.0,0.0,0.0,0.0,0.0,0.0,0.0,0.0,0.0,0.0,0.0,0.0,0.0,0.0,0.0
-11.605,-13.532202,0.0,0.0,0.0,0.0,0.0,0.0,0.0,0.0,0.0,0.0,0.0,0.0,0.0,0.0,0.0,0.0
-11.597,-13.524201999999999,0.0,0.0,0.0,0.0,0.0,0.0,0.0,0.0,0.0,0.0,0.0,0.0,0.0,0.0,0.0,0.0
-11.588,-13.515201999999999,0.0,0.0,0.0,0.0,0.0,0.0,0.0,0.0,0.0,0.0,0.0,0.0,0.0,0.0,0.0,0.0
-11.58,-13.507202,0.0,0.0,0.0,0.0,0.0,0.0,0.0,0.0,0.0,0.0,0.0,0.0,0.0,0.0,0.0,0.0
-11.572,-13.499201999999999,0.0,0.0,0.0,0.0,0.0,0.0,0.0,0.0,0.0,0.0,0.0,0.0,0.0,0.0,0.0,0.0
-11.564,-13.491202,0.0,0.0,0.0,0.0,0.0,0.0,0.0,0.0,0.0,0.0,0.0,0.0,0.0,0.0,0.0,0.0
-11.555,-13.482202,0.0,0.0,0.0,0.0,0.0,0.0,0.0,0.0,0.0,0.0,0.0,0.0,0.0,0.0,0.0,0.0
-11.547,-13.474202,0.0,0.0,0.0,0.0,0.0,0.0,0.0,0.0,0.0,0.0,0.0,0.0,0.0,0.0,0.0,0.0
-11.539,-13.466202,0.0,0.0,0.0,0.0,0.0,0.0,0.0,0.0,0.0,0.0,0.0,0.0,0.0,0.0,0.0,0.0
-11.53,-13.457201999999999,0.0,0.0,0.0,0.0,0.0,0.0,0.0,0.0,0.0,0.0,0.0,0.0,0.0,0.0,0.0,0.0
-11.522,-13.449202,0.0,0.0,0.0,0.0,0.0,0.0,0.0,0.0,0.0,0.0,0.0,0.0,0.0,0.0,0.0,0.0
-11.514,-13.441201999999999,0.0,0.0,0.0,0.0,0.0,0.0,0.0,0.0,0.0,0.0,0.0,0.0,0.0,0.0,0.0,0.0
-11.505,-13.432202,0.0,0.0,0.0,0.0,0.0,0.0,0.0,0.0,0.0,0.0,0.0,0.0,0.0,0.0,0.0,0.0
-11.497,-13.424202,0.0,0.0,0.0,0.0,0.0,0.0,0.0,0.0,0.0,0.0,0.0,0.0,0.0,0.0,0.0,0.0
-11.489,-13.416202,0.0,0.0,0.0,0.0,0.0,0.0,0.0,0.0,0.0,0.0,0.0,0.0,0.0,0.0,0.0,0.0
-11.48,-13.407202,0.0,0.0,0.0,0.0,0.0,0.0,0.0,0.0,0.0,0.0,0.0,0.0,0.0,0.0,0.0,0.0
-11.472,-13.399201999999999,0.0,0.0,0.0,0.0,0.0,0.0,0.0,0.0,0.0,0.0,0.0,0.0,0.0,0.0,0.0,0.0
-11.464,-13.391202,0.0,0.0,0.0,0.0,0.0,0.0,0.0,0.0,0.0,0.0,0.0,0.0,0.0,0.0,0.0,0.0
-11.456,-13.383201999999999,0.0,0.0,0.0,0.0,0.0,0.0,0.0,0.0,0.0,0.0,0.0,0.0,0.0,0.0,0.0,0.0
-11.447,-13.374201999999999,0.0,0.0,0.0,0.0,0.0,0.0,0.0,0.0,0.0,0.0,0.0,0.0,0.0,0.0,0.0,0.0
-11.439,-13.366202,0.0,0.0,0.0,0.0,0.0,0.0,0.0,0.0,0.0,0.0,0.0,0.0,0.0,0.0,0.0,0.0
-11.431,-13.358201999999999,0.0,0.0,0.0,0.0,0.0,0.0,0.0,0.0,0.0,0.0,0.0,0.0,0.0,0.0,0.0,0.0
-11.422,-13.349202,0.0,0.0,0.0,0.0,0.0,0.0,0.0,0.0,0.0,0.0,0.0,0.0,0.0,0.0,0.0,0.0
-11.414,-13.341202,0.0,0.0,0.0,0.0,0.0,0.0,0.0,0.0,0.0,0.0,0.0,0.0,0.0,0.0,0.0,0.0
-11.406,-13.333202,0.0,0.0,0.0,0.0,0.0,0.0,0.0,0.0,0.0,0.0,0.0,0.0,0.0,0.0,0.0,0.0
-11.397,-13.324202,0.0,0.0,0.0,0.0,0.0,0.0,0.0,0.0,0.0,0.0,0.0,0.0,0.0,0.0,0.0,0.0
-11.389,-13.316201999999999,0.0,0.0,0.0,0.0,0.0,0.0,0.0,0.0,0.0,0.0,0.0,0.0,0.0,0.0,0.0,0.0
-11.381,-13.308202,0.0,0.0,0.0,0.0,0.0,0.0,0.0,0.0,0.0,0.0,0.0,0.0,0.0,0.0,0.0,0.0
-11.372,-13.299202,0.0,0.0,0.0,0.0,0.0,0.0,0.0,0.0,0.0,0.0,0.0,0.0,0.0,0.0,0.0,0.0
-11.364,-13.291202,0.0,0.0,0.0,0.0,0.0,0.0,0.0,0.0,0.0,0.0,0.0,0.0,0.0,0.0,0.0,0.0
-11.356,-13.283202,0.0,0.0,0.0,0.0,0.0,0.0,0.0,0.0,0.0,0.0,0.0,0.0,0.0,0.0,0.0,0.0
-11.348,-13.275202,0.0,0.0,0.0,0.0,0.0,0.0,0.0,0.0,0.0,0.0,0.0,0.0,0.0,0.0,0.0,0.0
-11.339,-13.266202,0.0,0.0,0.0,0.0,0.0,0.0,0.0,0.0,0.0,0.0,0.0,0.0,0.0,0.0,0.0,0.0
-11.331,-13.258201999999999,0.0,0.0,0.0,0.0,0.0,0.0,0.0,0.0,0.0,0.0,0.0,0.0,0.0,0.0,0.0,0.0
-11.323,-13.250202,0.0,0.0,0.0,0.0,0.0,0.0,0.0,0.0,0.0,0.0,0.0,0.0,0.0,0.0,0.0,0.0
-11.314,-13.241202,0.0,0.0,0.0,0.0,0.0,0.0,0.0,0.0,0.0,0.0,0.0,0.0,0.0,0.0,0.0,0.0
-11.306,-13.233201999999999,0.0,0.0,0.0,0.0,0.0,0.0,0.0,0.0,0.0,0.0,0.0,0.0,0.0,0.0,0.0,0.0
-11.298,-13.225202,0.0,0.0,0.0,0.0,0.0,0.0,0.0,0.0,0.0,0.0,0.0,0.0,0.0,0.0,0.0,0.0
-11.289,-13.216202,0.0,0.0,0.0,0.0,0.0,0.0,0.0,0.0,0.0,0.0,0.0,0.0,0.0,0.0,0.0,0.0
-11.281,-13.208202,0.0,0.0,0.0,0.0,0.0,0.0,0.0,0.0,0.0,0.0,0.0,0.0,0.0,0.0,0.0,0.0
-11.273,-13.200201999999999,0.0,0.0,0.0,0.0,0.0,0.0,0.0,0.0,0.0,0.0,0.0,0.0,0.0,0.0,0.0,0.0
-11.264,-13.191201999999999,0.0,0.0,0.0,0.0,0.0,0.0,0.0,0.0,0.0,0.0,0.0,0.0,0.0,0.0,0.0,0.0
-11.256,-13.183202,0.0,0.0,0.0,0.0,0.0,0.0,0.0,0.0,0.0,0.0,0.0,0.0,0.0,0.0,0.0,0.0
-11.248,-13.175201999999999,0.0,0.0,0.0,0.0,0.0,0.0,0.0,0.0,0.0,0.0,0.0,0.0,0.0,0.0,0.0,0.0
-11.24,-13.167202,0.0,0.0,0.0,0.0,0.0,0.0,0.0,0.0,0.0,0.0,0.0,0.0,0.0,0.0,0.0,0.0
-11.231,-13.158202,0.0,0.0,0.0,0.0,0.0,0.0,0.0,0.0,0.0,0.0,0.0,0.0,0.0,0.0,0.0,0.0
-11.223,-13.150202,0.0,0.0,0.0,0.0,0.0,0.0,0.0,0.0,0.0,0.0,0.0,0.0,0.0,0.0,0.0,0.0
-11.215,-13.142202,0.0,0.0,0.0,0.0,0.0,0.0,0.0,0.0,0.0,0.0,0.0,0.0,0.0,0.0,0.0,0.0
-11.206,-13.133201999999999,0.0,0.0,0.0,0.0,0.0,0.0,0.0,0.0,0.0,0.0,0.0,0.0,0.0,0.0,0.0,0.0
-11.198,-13.125202,0.0,0.0,0.0,0.0,0.0,0.0,0.0,0.0,0.0,0.0,0.0,0.0,0.0,0.0,0.0,0.0
-11.19,-13.117201999999999,0.0,0.0,0.0,0.0,0.0,0.0,0.0,0.0,0.0,0.0,0.0,0.0,0.0,0.0,0.0,0.0
-11.181,-13.108201999999999,0.0,0.0,0.0,0.0,0.0,0.0,0.0,0.0,0.0,0.0,0.0,0.0,0.0,0.0,0.0,0.0
-11.173,-13.100202,0.0,0.0,0.0,0.0,0.0,0.0,0.0,0.0,0.0,0.0,0.0,0.0,0.0,0.0,0.0,0.0
-11.165,-13.092201999999999,0.0,0.0,0.0,0.0,0.0,0.0,0.0,0.0,0.0,0.0,0.0,0.0,0.0,0.0,0.0,0.0
-11.156,-13.083202,0.0,0.0,0.0,0.0,0.0,0.0,0.0,0.0,0.0,0.0,0.0,0.0,0.0,0.0,0.0,0.0
-11.148,-13.075201999999999,0.0,0.0,0.0,0.0,0.0,0.0,0.0,0.0,0.0,0.0,0.0,0.0,0.0,0.0,0.0,0.0
-11.14,-13.067202,0.0,0.0,0.0,0.0,0.0,0.0,0.0,0.0,0.0,0.0,0.0,0.0,0.0,0.0,0.0,0.0
-11.132,-13.059201999999999,0.0,0.0,0.0,0.0,0.0,0.0,0.0,0.0,0.0,0.0,0.0,0.0,0.0,0.0,0.0,0.0
-11.123,-13.050201999999999,0.0,0.0,0.0,0.0,0.0,0.0,0.0,0.0,0.0,0.0,0.0,0.0,0.0,0.0,0.0,0.0
-11.115,-13.042202,0.0,0.0,0.0,0.0,0.0,0.0,0.0,0.0,0.0,0.0,0.0,0.0,0.0,0.0,0.0,0.0
-11.107,-13.034201999999999,0.0,0.0,0.0,0.0,0.0,0.0,0.0,0.0,0.0,0.0,0.0,0.0,0.0,0.0,0.0,0.0
-11.098,-13.025202,0.0,0.0,0.0,0.0,0.0,0.0,0.0,0.0,0.0,0.0,0.0,0.0,0.0,0.0,0.0,0.0
-11.09,-13.017202,0.0,0.0,0.0,0.0,0.0,0.0,0.0,0.0,0.0,0.0,0.0,0.0,0.0,0.0,0.0,0.0
-11.082,-13.009202,0.0,0.0,0.0,0.0,0.0,0.0,0.0,0.0,0.0,0.0,0.0,0.0,0.0,0.0,0.0,0.0
-11.073,-13.000202,0.0,0.0,0.0,0.0,0.0,0.0,0.0,0.0,0.0,0.0,0.0,0.0,0.0,0.0,0.0,0.0
-11.065,-12.992201999999999,0.0,0.0,0.0,0.0,0.0,0.0,0.0,0.0,0.0,0.0,0.0,0.0,0.0,0.0,0.0,0.0
-11.057,-12.984202,0.0,0.0,0.0,0.0,0.0,0.0,0.0,0.0,0.0,0.0,0.0,0.0,0.0,0.0,0.0,0.0
-11.048,-12.975202,0.0,0.0,0.0,0.0,0.0,0.0,0.0,0.0,0.0,0.0,0.0,0.0,0.0,0.0,0.0,0.0
-11.04,-12.967201999999999,0.0,0.0,0.0,0.0,0.0,0.0,0.0,0.0,0.0,0.0,0.0,0.0,0.0,0.0,0.0,0.0
-11.032,-12.959202,0.0,0.0,0.0,0.0,0.0,0.0,0.0,0.0,0.0,0.0,0.0,0.0,0.0,0.0,0.0,0.0
-11.024,-12.951201999999999,0.0,0.0,0.0,0.0,0.0,0.0,0.0,0.0,0.0,0.0,0.0,0.0,0.0,0.0,0.0,0.0
-11.015,-12.942202,0.0,0.0,0.0,0.0,0.0,0.0,0.0,0.0,0.0,0.0,0.0,0.0,0.0,0.0,0.0,0.0
-11.007,-12.934201999999999,0.0,0.0,0.0,0.0,0.0,0.0,0.0,0.0,0.0,0.0,0.0,0.0,0.0,0.0,0.0,0.0
-10.999,-12.926202,0.0,0.0,0.0,0.0,0.0,0.0,0.0,0.0,0.0,0.0,0.0,0.0,0.0,0.0,0.0,0.0
-10.99,-12.917202,0.0,0.0,0.0,0.0,0.0,0.0,0.0,0.0,0.0,0.0,0.0,0.0,0.0,0.0,0.0,0.0
-10.982,-12.909201999999999,0.0,0.0,0.0,0.0,0.0,0.0,0.0,0.0,0.0,0.0,0.0,0.0,0.0,0.0,0.0,0.0
-10.974,-12.901202,0.0,0.0,0.0,0.0,0.0,0.0,0.0,0.0,0.0,0.0,0.0,0.0,0.0,0.0,0.0,0.0
-10.965,-12.892202,0.0,0.0,0.0,0.0,0.0,0.0,0.0,0.0,0.0,0.0,0.0,0.0,0.0,0.0,0.0,0.0
-10.957,-12.884202,0.0,0.0,0.0,0.0,0.0,0.0,0.0,0.0,0.0,0.0,0.0,0.0,0.0,0.0,0.0,0.0
-10.949,-12.876202,0.0,0.0,0.0,0.0,0.0,0.0,0.0,0.0,0.0,0.0,0.0,0.0,0.0,0.0,0.0,0.0
-10.94,-12.867201999999999,0.0,0.0,0.0,0.0,0.0,0.0,0.0,0.0,0.0,0.0,0.0,0.0,0.0,0.0,0.0,0.0
-10.932,-12.859202,0.0,0.0,0.0,0.0,0.0,0.0,0.0,0.0,0.0,0.0,0.0,0.0,0.0,0.0,0.0,0.0
-10.924,-12.851201999999999,0.0,0.0,0.0,0.0,0.0,0.0,0.0,0.0,0.0,0.0,0.0,0.0,0.0,0.0,0.0,0.0
-10.916,-12.843202,0.0,0.0,0.0,0.0,0.0,0.0,0.0,0.0,0.0,0.0,0.0,0.0,0.0,0.0,0.0,0.0
-10.907,-12.834202,0.0,0.0,0.0,0.0,0.0,0.0,0.0,0.0,0.0,0.0,0.0,0.0,0.0,0.0,0.0,0.0
-10.899,-12.826201999999999,0.0,0.0,0.0,0.0,0.0,0.0,0.0,0.0,0.0,0.0,0.0,0.0,0.0,0.0,0.0,0.0
-10.891,-12.818202,0.0,0.0,0.0,0.0,0.0,0.0,0.0,0.0,0.0,0.0,0.0,0.0,0.0,0.0,0.0,0.0
-10.882,-12.809201999999999,0.0,0.0,0.0,0.0,0.0,0.0,0.0,0.0,0.0,0.0,0.0,0.0,0.0,0.0,0.0,0.0
-10.874,-12.801202,0.0,0.0,0.0,0.0,0.0,0.0,0.0,0.0,0.0,0.0,0.0,0.0,0.0,0.0,0.0,0.0
-10.866,-12.793201999999999,0.0,0.0,0.0,0.0,0.0,0.0,0.0,0.0,0.0,0.0,0.0,0.0,0.0,0.0,0.0,0.0
-10.857,-12.784201999999999,0.0,0.0,0.0,0.0,0.0,0.0,0.0,0.0,0.0,0.0,0.0,0.0,0.0,0.0,0.0,0.0
-10.849,-12.776202,0.0,0.0,0.0,0.0,0.0,0.0,0.0,0.0,0.0,0.0,0.0,0.0,0.0,0.0,0.0,0.0
-10.841,-12.768201999999999,0.0,0.0,0.0,0.0,0.0,0.0,0.0,0.0,0.0,0.0,0.0,0.0,0.0,0.0,0.0,0.0
-10.832,-12.759202,0.0,0.0,0.0,0.0,0.0,0.0,0.0,0.0,0.0,0.0,0.0,0.0,0.0,0.0,0.0,0.0
-10.824,-12.751202,0.0,0.0,0.0,0.0,0.0,0.0,0.0,0.0,0.0,0.0,0.0,0.0,0.0,0.0,0.0,0.0
-10.816,-12.743202,0.0,0.0,0.0,0.0,0.0,0.0,0.0,0.0,0.0,0.0,0.0,0.0,0.0,0.0,0.0,0.0
-10.808,-12.735202,0.0,0.0,0.0,0.0,0.0,0.0,0.0,0.0,0.0,0.0,0.0,0.0,0.0,0.0,0.0,0.0
-10.799,-12.726201999999999,0.0,0.0,0.0,0.0,0.0,0.0,0.0,0.0,0.0,0.0,0.0,0.0,0.0,0.0,0.0,0.0
-10.791,-12.718202,0.0,0.0,0.0,0.0,0.0,0.0,0.0,0.0,0.0,0.0,0.0,0.0,0.0,0.0,0.0,0.0
-10.783,-12.710201999999999,0.0,0.0,0.0,0.0,0.0,0.0,0.0,0.0,0.0,0.0,0.0,0.0,0.0,0.0,0.0,0.0
-10.774,-12.701201999999999,0.0,0.0,0.0,0.0,0.0,0.0,0.0,0.0,0.0,0.0,0.0,0.0,0.0,0.0,0.0,0.0
-10.766,-12.693202,0.0,0.0,0.0,0.0,0.0,0.0,0.0,0.0,0.0,0.0,0.0,0.0,0.0,0.0,0.0,0.0
-10.758,-12.685201999999999,0.0,0.0,0.0,0.0,0.0,0.0,0.0,0.0,0.0,0.0,0.0,0.0,0.0,0.0,0.0,0.0
-10.749,-12.676202,0.0,0.0,0.0,0.0,0.0,0.0,0.0,0.0,0.0,0.0,0.0,0.0,0.0,0.0,0.0,0.0
-10.741,-12.668201999999999,0.0,0.0,0.0,0.0,0.0,0.0,0.0,0.0,0.0,0.0,0.0,0.0,0.0,0.0,0.0,0.0
-10.733,-12.660202,0.0,0.0,0.0,0.0,0.0,0.0,0.0,0.0,0.0,0.0,0.0,0.0,0.0,0.0,0.0,0.0
-10.724,-12.651202,0.0,0.0,0.0,0.0,0.0,0.0,0.0,0.0,0.0,0.0,0.0,0.0,0.0,0.0,0.0,0.0
-10.716,-12.643201999999999,0.0,0.0,0.0,0.0,0.0,0.0,0.0,0.0,0.0,0.0,0.0,0.0,0.0,0.0,0.0,0.0
-10.708,-12.635202,0.0,0.0,0.0,0.0,0.0,0.0,0.0,0.0,0.0,0.0,0.0,0.0,0.0,0.0,0.0,0.0
-10.7,-12.627201999999999,0.0,0.0,0.0,0.0,0.0,0.0,0.0,0.0,0.0,0.0,0.0,0.0,0.0,0.0,0.0,0.0
-10.691,-12.618202,0.0,0.0,0.0,0.0,0.0,0.0,0.0,0.0,0.0,0.0,0.0,0.0,0.0,0.0,0.0,0.0
-10.683,-12.610202,0.0,0.0,0.0,0.0,0.0,0.0,0.0,0.0,0.0,0.0,0.0,0.0,0.0,0.0,0.0,0.0
-10.675,-12.602202,0.0,0.0,0.0,0.0,0.0,0.0,0.0,0.0,0.0,0.0,0.0,0.0,0.0,0.0,0.0,0.0
-10.666,-12.593202,0.0,0.0,0.0,0.0,0.0,0.0,0.0,0.0,0.0,0.0,0.0,0.0,0.0,0.0,0.0,0.0
-10.658,-12.585201999999999,0.0,0.0,0.0,0.0,0.0,0.0,0.0,0.0,0.0,0.0,0.0,0.0,0.0,0.0,0.0,0.0
-10.65,-12.577202,0.0,0.0,0.0,0.0,0.0,0.0,0.0,0.0,0.0,0.0,0.0,0.0,0.0,0.0,0.0,0.0
-10.641,-12.568202,0.0,0.0,0.0,0.0,0.0,0.0,0.0,0.0,0.0,0.0,0.0,0.0,0.0,0.0,0.0,0.0
-10.633,-12.560201999999999,0.0,0.0,0.0,0.0,0.0,0.0,0.0,0.0,0.0,0.0,0.0,0.0,0.0,0.0,0.0,0.0
-10.625,-12.552202,0.0,0.0,0.0,0.0,0.0,0.0,0.0,0.0,0.0,0.0,0.0,0.0,0.0,0.0,0.0,0.0
-10.616,-12.543201999999999,0.0,0.0,0.0,0.0,0.0,0.0,0.0,0.0,0.0,0.0,0.0,0.0,0.0,0.0,0.0,0.0
-10.608,-12.535202,0.0,0.0,0.0,0.0,0.0,0.0,0.0,0.0,0.0,0.0,0.0,0.0,0.0,0.0,0.0,0.0
-10.6,-12.527201999999999,0.0,0.0,0.0,0.0,0.0,0.0,0.0,0.0,0.0,0.0,0.0,0.0,0.0,0.0,0.0,0.0
-10.592,-12.519202,0.0,0.0,0.0,0.0,0.0,0.0,0.0,0.0,0.0,0.0,0.0,0.0,0.0,0.0,0.0,0.0
-10.583,-12.510202,0.0,0.0,0.0,0.0,0.0,0.0,0.0,0.0,0.0,0.0,0.0,0.0,0.0,0.0,0.0,0.0
-10.575,-12.502201999999999,0.0,0.0,0.0,0.0,0.0,0.0,0.0,0.0,0.0,0.0,0.0,0.0,0.0,0.0,0.0,0.0
-10.567,-12.494202,0.0,0.0,0.0,0.0,0.0,0.0,0.0,0.0,0.0,0.0,0.0,0.0,0.0,0.0,0.0,0.0
-10.558,-12.485202,0.0,0.0,0.0,0.0,0.0,0.0,0.0,0.0,0.0,0.0,0.0,0.0,0.0,0.0,0.0,0.0
-10.55,-12.477202,0.0,0.0,0.0,0.0,0.0,0.0,0.0,0.0,0.0,0.0,0.0,0.0,0.0,0.0,0.0,0.0
-10.542,-12.469202,0.0,0.0,0.0,0.0,0.0,0.0,0.0,0.0,0.0,0.0,0.0,0.0,0.0,0.0,0.0,0.0
-10.533,-12.460201999999999,0.0,0.0,0.0,0.0,0.0,0.0,0.0,0.0,0.0,0.0,0.0,0.0,0.0,0.0,0.0,0.0
-10.525,-12.452202,0.0,0.0,0.0,0.0,0.0,0.0,0.0,0.0,0.0,0.0,0.0,0.0,0.0,0.0,0.0,0.0
-10.517,-12.444201999999999,0.0,0.0,0.0,0.0,0.0,0.0,0.0,0.0,0.0,0.0,0.0,0.0,0.0,0.0,0.0,0.0
-10.508,-12.435201999999999,0.0,0.0,0.0,0.0,0.0,0.0,0.0,0.0,0.0,0.0,0.0,0.0,0.0,0.0,0.0,0.0
-10.5,-12.427202,0.0,0.0,0.0,0.0,0.0,0.0,0.0,0.0,0.0,0.0,0.0,0.0,0.0,0.0,0.0,0.0
-10.492,-12.419202,0.0,0.0,0.0,0.0,0.0,0.0,0.0,0.0,0.0,0.0,0.0,0.0,0.0,0.0,0.0,0.0
-10.484,-12.411202,0.0,0.0,0.0,0.0,0.0,0.0,0.0,0.0,0.0,0.0,0.0,0.0,0.0,0.0,0.0,0.0
-10.475,-12.402201999999999,0.0,0.0,0.0,0.0,0.0,0.0,0.0,0.0,0.0,0.0,0.0,0.0,0.0,0.0,0.0,0.0
-10.467,-12.394202,0.0,0.0,0.0,0.0,0.0,0.0,0.0,0.0,0.0,0.0,0.0,0.0,0.0,0.0,0.0,0.0
-10.459,-12.386201999999999,0.0,0.0,0.0,0.0,0.0,0.0,0.0,0.0,0.0,0.0,0.0,0.0,0.0,0.0,0.0,0.0
-10.45,-12.377201999999999,0.0,0.0,0.0,0.0,0.0,0.0,0.0,0.0,0.0,0.0,0.0,0.0,0.0,0.0,0.0,0.0
-10.442,-12.369202,0.0,0.0,0.0,0.0,0.0,0.0,0.0,0.0,0.0,0.0,0.0,0.0,0.0,0.0,0.0,0.0
-10.434,-12.361201999999999,0.0,0.0,0.0,0.0,0.0,0.0,0.0,0.0,0.0,0.0,0.0,0.0,0.0,0.0,0.0,0.0
-10.425,-12.352202,0.0,0.0,0.0,0.0,0.0,0.0,0.0,0.0,0.0,0.0,0.0,0.0,0.0,0.0,0.0,0.0
-10.417,-12.344202,0.0,0.0,0.0,0.0,0.0,0.0,0.0,0.0,0.0,0.0,0.0,0.0,0.0,0.0,0.0,0.0
-10.409,-12.336202,0.0,0.0,0.0,0.0,0.0,0.0,0.0,0.0,0.0,0.0,0.0,0.0,0.0,0.0,0.0,0.0
-10.4,-12.327202,0.0,0.0,0.0,0.0,0.0,0.0,0.0,0.0,0.0,0.0,0.0,0.0,0.0,0.0,0.0,0.0
-10.392,-12.319201999999999,0.0,0.0,0.0,0.0,0.0,0.0,0.0,0.0,0.0,0.0,0.0,0.0,0.0,0.0,0.0,0.0
-10.384,-12.311202,0.0,0.0,0.0,0.0,0.0,0.0,0.0,0.0,0.0,0.0,0.0,0.0,0.0,0.0,0.0,0.0
-10.376,-12.303201999999999,0.0,0.0,0.0,0.0,0.0,0.0,0.0,0.0,0.0,0.0,0.0,0.0,0.0,0.0,0.0,0.0
-10.367,-12.294202,0.0,0.0,0.0,0.0,0.0,0.0,0.0,0.0,0.0,0.0,0.0,0.0,0.0,0.0,0.0,0.0
-10.359,-12.286202,0.0,0.0,0.0,0.0,0.0,0.0,0.0,0.0,0.0,0.0,0.0,0.0,0.0,0.0,0.0,0.0
-10.351,-12.278202,0.0,0.0,0.0,0.0,0.0,0.0,0.0,0.0,0.0,0.0,0.0,0.0,0.0,0.0,0.0,0.0
-10.342,-12.269202,0.0,0.0,0.0,0.0,0.0,0.0,0.0,0.0,0.0,0.0,0.0,0.0,0.0,0.0,0.0,0.0
-10.334,-12.261201999999999,0.0,0.0,0.0,0.0,0.0,0.0,0.0,0.0,0.0,0.0,0.0,0.0,0.0,0.0,0.0,0.0
-10.326,-12.253202,0.0,0.0,0.0,0.0,0.0,0.0,0.0,0.0,0.0,0.0,0.0,0.0,0.0,0.0,0.0,0.0
-10.317,-12.244202,0.0,0.0,0.0,0.0,0.0,0.0,0.0,0.0,0.0,0.0,0.0,0.0,0.0,0.0,0.0,0.0
-10.309,-12.236201999999999,0.0,0.0,0.0,0.0,0.0,0.0,0.0,0.0,0.0,0.0,0.0,0.0,0.0,0.0,0.0,0.0
-10.301,-12.228202,0.0,0.0,0.0,0.0,0.0,0.0,0.0,0.0,0.0,0.0,0.0,0.0,0.0,0.0,0.0,0.0
-10.292,-12.219202,0.0,0.0,0.0,0.0,0.0,0.0,0.0,0.0,0.0,0.0,0.0,0.0,0.0,0.0,0.0,0.0
-10.284,-12.211202,0.0,0.0,0.0,0.0,0.0,0.0,0.0,0.0,0.0,0.0,0.0,0.0,0.0,0.0,0.0,0.0
-10.276,-12.203202,0.0,0.0,0.0,0.0,0.0,0.0,0.0,0.0,0.0,0.0,0.0,0.0,0.0,0.0,0.0,0.0
-10.268,-12.195202,0.0,0.0,0.0,0.0,0.0,0.0,0.0,0.0,0.0,0.0,0.0,0.0,0.0,0.0,0.0,0.0
-10.259,-12.186202,0.0,0.0,0.0,0.0,0.0,0.0,0.0,0.0,0.0,0.0,0.0,0.0,0.0,0.0,0.0,0.0
-10.251,-12.178201999999999,0.0,0.0,0.0,0.0,0.0,0.0,0.0,0.0,0.0,0.0,0.0,0.0,0.0,0.0,0.0,0.0
-10.243,-12.170202,0.0,0.0,0.0,0.0,0.0,0.0,0.0,0.0,0.0,0.0,0.0,0.0,0.0,0.0,0.0,0.0
-10.234,-12.161202,0.0,0.0,0.0,0.0,0.0,0.0,0.0,0.0,0.0,0.0,0.0,0.0,0.0,0.0,0.0,0.0
-10.226,-12.153202,0.0,0.0,0.0,0.0,0.0,0.0,0.0,0.0,0.0,0.0,0.0,0.0,0.0,0.0,0.0,0.0
-10.218,-12.145202,0.0,0.0,0.0,0.0,0.0,0.0,0.0,0.0,0.0,0.0,0.0,0.0,0.0,0.0,0.0,0.0
-10.209,-12.136201999999999,0.0,0.0,0.0,0.0,0.0,0.0,0.0,0.0,0.0,0.0,0.0,0.0,0.0,0.0,0.0,0.0
-10.201,-12.128202,0.0,0.0,0.0,0.0,0.0,0.0,0.0,0.0,0.0,0.0,0.0,0.0,0.0,0.0,0.0,0.0
-10.193,-12.120201999999999,0.0,0.0,0.0,0.0,0.0,0.0,0.0,0.0,0.0,0.0,0.0,0.0,0.0,0.0,0.0,0.0
-10.184,-12.111201999999999,0.0,0.0,0.0,0.0,0.0,0.0,0.0,0.0,0.0,0.0,0.0,0.0,0.0,0.0,0.0,0.0
-10.176,-12.103202,0.0,0.0,0.0,0.0,0.0,0.0,0.0,0.0,0.0,0.0,0.0,0.0,0.0,0.0,0.0,0.0
-10.168,-12.095201999999999,0.0,0.0,0.0,0.0,0.0,0.0,0.0,0.0,0.0,0.0,0.0,0.0,0.0,0.0,0.0,0.0
-10.16,-12.087202,0.0,0.0,0.0,0.0,0.0,0.0,0.0,0.0,0.0,0.0,0.0,0.0,0.0,0.0,0.0,0.0
-10.151,-12.078202,0.0,0.0,0.0,0.0,0.0,0.0,0.0,0.0,0.0,0.0,0.0,0.0,0.0,0.0,0.0,0.0
-10.143,-12.070202,0.0,0.0,0.0,0.0,0.0,0.0,0.0,0.0,0.0,0.0,0.0,0.0,0.0,0.0,0.0,0.0
-10.135,-12.062202,0.0,0.0,0.0,0.0,0.0,0.0,0.0,0.0,0.0,0.0,0.0,0.0,0.0,0.0,0.0,0.0
-10.126,-12.053201999999999,0.0,0.0,0.0,0.0,0.0,0.0,0.0,0.0,0.0,0.0,0.0,0.0,0.0,0.0,0.0,0.0
-10.118,-12.045202,0.0,0.0,0.0,0.0,0.0,0.0,0.0,0.0,0.0,0.0,0.0,0.0,0.0,0.0,0.0,0.0
-10.11,-12.037201999999999,0.0,0.0,0.0,0.0,0.0,0.0,0.0,0.0,0.0,0.0,0.0,0.0,0.0,0.0,0.0,0.0
-10.101,-12.028202,0.0,0.0,0.0,0.0,0.0,0.0,0.0,0.0,0.0,0.0,0.0,0.0,0.0,0.0,0.0,0.0
-10.093,-12.020202,0.0,0.0,0.0,0.0,0.0,0.0,0.0,0.0,0.0,0.0,0.0,0.0,0.0,0.0,0.0,0.0
-10.085,-12.012202,0.0,0.0,0.0,0.0,0.0,0.0,0.0,0.0,0.0,0.0,0.0,0.0,0.0,0.0,0.0,0.0
-10.076,-12.003202,0.0,0.0,0.0,0.0,0.0,0.0,0.0,0.0,0.0,0.0,0.0,0.0,0.0,0.0,0.0,0.0
-10.068,-11.995201999999999,0.0,0.0,0.0,0.0,0.0,0.0,0.0,0.0,0.0,0.0,0.0,0.0,0.0,0.0,0.0,0.0
-10.06,-11.987202,0.0,0.0,0.0,0.0,0.0,0.0,0.0,0.0,0.0,0.0,0.0,0.0,0.0,0.0,0.0,0.0
-10.052,-11.979201999999999,0.0,0.0,0.0,0.0,0.0,0.0,0.0,0.0,0.0,0.0,0.0,0.0,0.0,0.0,0.0,0.0
-10.043,-11.970201999999999,0.0,0.0,0.0,0.0,0.0,0.0,0.0,0.0,0.0,0.0,0.0,0.0,0.0,0.0,0.0,0.0
-10.035,-11.962202,0.0,0.0,0.0,0.0,0.0,0.0,0.0,0.0,0.0,0.0,0.0,0.0,0.0,0.0,0.0,0.0
-10.027,-11.954201999999999,0.0,0.0,0.0,0.0,0.0,0.0,0.0,0.0,0.0,0.0,0.0,0.0,0.0,0.0,0.0,0.0
-10.018,-11.945202,0.0,0.0,0.0,0.0,0.0,0.0,0.0,0.0,0.0,0.0,0.0,0.0,0.0,0.0,0.0,0.0
-10.01,-11.937202,0.0,0.0,0.0,0.0,0.0,0.0,0.0,0.0,0.0,0.0,0.0,0.0,0.0,0.0,0.0,0.0
-10.002,-11.929202,0.0,0.0,0.0,0.0,0.0,0.0,0.0,0.0,0.0,0.0,0.0,0.0,0.0,0.0,0.0,0.0
-9.993,-11.920202,0.0,0.0,0.0,0.0,0.0,0.0,0.0,0.0,0.0,0.0,0.0,0.0,0.0,0.0,0.0,0.0
-9.985,-11.912201999999999,0.0,0.0,0.0,0.0,0.0,0.0,0.0,0.0,0.0,0.0,0.0,0.0,0.0,0.0,0.0,0.0
-9.977,-11.904202,0.0,0.0,0.0,0.0,0.0,0.0,0.0,0.0,0.0,0.0,0.0,0.0,0.0,0.0,0.0,0.0
-9.968,-11.895202,0.0,0.0,0.0,0.0,0.0,0.0,0.0,0.0,0.0,0.0,0.0,0.0,0.0,0.0,0.0,0.0
-9.96,-11.887202,0.0,0.0,0.0,0.0,0.0,0.0,0.0,0.0,0.0,0.0,0.0,0.0,0.0,0.0,0.0,0.0
-9.952,-11.879202,0.0,0.0,0.0,0.0,0.0,0.0,0.0,0.0,0.0,0.0,0.0,0.0,0.0,0.0,0.0,0.0
-9.944,-11.871202,0.0,0.0,0.0,0.0,0.0,0.0,0.0,0.0,0.0,0.0,0.0,0.0,0.0,0.0,0.0,0.0
-9.935,-11.862202,0.0,0.0,0.0,0.0,0.0,0.0,0.0,0.0,0.0,0.0,0.0,0.0,0.0,0.0,0.0,0.0
-9.927,-11.854201999999999,0.0,0.0,0.0,0.0,0.0,0.0,0.0,0.0,0.0,0.0,0.0,0.0,0.0,0.0,0.0,0.0
-9.919,-11.846202,0.0,0.0,0.0,0.0,0.0,0.0,0.0,0.0,0.0,0.0,0.0,0.0,0.0,0.0,0.0,0.0
-9.91,-11.837202,0.0,0.0,0.0,0.0,0.0,0.0,0.0,0.0,0.0,0.0,0.0,0.0,0.0,0.0,0.0,0.0
-9.902,-11.829201999999999,0.0,0.0,0.0,0.0,0.0,0.0,0.0,0.0,0.0,0.0,0.0,0.0,0.0,0.0,0.0,0.0
-9.894,-11.821202,0.0,0.0,0.0,0.0,0.0,0.0,0.0,0.0,0.0,0.0,0.0,0.0,0.0,0.0,0.0,0.0
-9.885,-11.812202,0.0,0.0,0.0,0.0,0.0,0.0,0.0,0.0,0.0,0.0,0.0,0.0,0.0,0.0,0.0,0.0
-9.877,-11.804202,0.0,0.0,0.0,0.0,0.0,0.0,0.0,0.0,0.0,0.0,0.0,0.0,0.0,0.0,0.0,0.0
-9.869,-11.796202,0.0,0.0,0.0,0.0,0.0,0.0,0.0,0.0,0.0,0.0,0.0,0.0,0.0,0.0,0.0,0.0
-9.86,-11.787201999999999,0.0,0.0,0.0,0.0,0.0,0.0,0.0,0.0,0.0,0.0,0.0,0.0,0.0,0.0,0.0,0.0
-9.852,-11.779202,0.0,0.0,0.0,0.0,0.0,0.0,0.0,0.0,0.0,0.0,0.0,0.0,0.0,0.0,0.0,0.0
-9.844,-11.771201999999999,0.0,0.0,0.0,0.0,0.0,0.0,0.0,0.0,0.0,0.0,0.0,0.0,0.0,0.0,0.0,0.0
-9.836,-11.763202,0.0,0.0,0.0,0.0,0.0,0.0,0.0,0.0,0.0,0.0,0.0,0.0,0.0,0.0,0.0,0.0
-9.827,-11.754202,0.0,0.0,0.0,0.0,0.0,0.0,0.0,0.0,0.0,0.0,0.0,0.0,0.0,0.0,0.0,0.0
-9.819,-11.746202,0.0,0.0,0.0,0.0,0.0,0.0,0.0,0.0,0.0,0.0,0.0,0.0,0.0,0.0,0.0,0.0
-9.811,-11.738202,0.0,0.0,0.0,0.0,0.0,0.0,0.0,0.0,0.0,0.0,0.0,0.0,0.0,0.0,0.0,0.0
-9.802,-11.729201999999999,0.0,0.0,0.0,0.0,0.0,0.0,0.0,0.0,0.0,0.0,0.0,0.0,0.0,0.0,0.0,0.0
-9.794,-11.721202,0.0,0.0,0.0,0.0,0.0,0.0,0.0,0.0,0.0,0.0,0.0,0.0,0.0,0.0,0.0,0.0
-9.786,-11.713201999999999,0.0,0.0,0.0,0.0,0.0,0.0,0.0,0.0,0.0,0.0,0.0,0.0,0.0,0.0,0.0,0.0
-9.777,-11.704201999999999,0.0,0.0,0.0,0.0,0.0,0.0,0.0,0.0,0.0,0.0,0.0,0.0,0.0,0.0,0.0,0.0
-9.769,-11.696202,0.0,0.0,0.0,0.0,0.0,0.0,0.0,0.0,0.0,0.0,0.0,0.0,0.0,0.0,0.0,0.0
-9.761,-11.688201999999999,0.0,0.0,0.0,0.0,0.0,0.0,0.0,0.0,0.0,0.0,0.0,0.0,0.0,0.0,0.0,0.0
-9.753,-11.680202,0.0,0.0,0.0,0.0,0.0,0.0,0.0,0.0,0.0,0.0,0.0,0.0,0.0,0.0,0.0,0.0
-9.744,-11.671202,0.0,0.0,0.0,0.0,0.0,0.0,0.0,0.0,0.0,0.0,0.0,0.0,0.0,0.0,0.0,0.0
-9.736,-11.663202,0.0,0.0,0.0,0.0,0.0,0.0,0.0,0.0,0.0,0.0,0.0,0.0,0.0,0.0,0.0,0.0
-9.728,-11.655202,0.0,0.0,0.0,0.0,0.0,0.0,0.0,0.0,0.0,0.0,0.0,0.0,0.0,0.0,0.0,0.0
-9.719,-11.646201999999999,0.0,0.0,0.0,0.0,0.0,0.0,0.0,0.0,0.0,0.0,0.0,0.0,0.0,0.0,0.0,0.0
-9.711,-11.638202,0.0,0.0,0.0,0.0,0.0,0.0,0.0,0.0,0.0,0.0,0.0,0.0,0.0,0.0,0.0,0.0
-9.703,-11.630201999999999,0.0,0.0,0.0,0.0,0.0,0.0,0.0,0.0,0.0,0.0,0.0,0.0,0.0,0.0,0.0,0.0
-9.694,-11.621202,0.0,0.0,0.0,0.0,0.0,0.0,0.0,0.0,0.0,0.0,0.0,0.0,0.0,0.0,0.0,0.0
-9.686,-11.613202,0.0,0.0,0.0,0.0,0.0,0.0,0.0,0.0,0.0,0.0,0.0,0.0,0.0,0.0,0.0,0.0
-9.678,-11.605202,0.0,0.0,0.0,0.0,0.0,0.0,0.0,0.0,0.0,0.0,0.0,0.0,0.0,0.0,0.0,0.0
-9.669,-11.596202,0.0,0.0,0.0,0.0,0.0,0.0,0.0,0.0,0.0,0.0,0.0,0.0,0.0,0.0,0.0,0.0
-9.661,-11.588201999999999,0.0,0.0,0.0,0.0,0.0,0.0,0.0,0.0,0.0,0.0,0.0,0.0,0.0,0.0,0.0,0.0
-9.653,-11.580202,0.0,0.0,0.0,0.0,0.0,0.0,0.0,0.0,0.0,0.0,0.0,0.0,0.0,0.0,0.0,0.0
-9.645,-11.572201999999999,0.0,0.0,0.0,0.0,0.0,0.0,0.0,0.0,0.0,0.0,0.0,0.0,0.0,0.0,0.0,0.0
-9.636,-11.563201999999999,0.0,0.0,0.0,0.0,0.0,0.0,0.0,0.0,0.0,0.0,0.0,0.0,0.0,0.0,0.0,0.0
-9.628,-11.555202,0.0,0.0,0.0,0.0,0.0,0.0,0.0,0.0,0.0,0.0,0.0,0.0,0.0,0.0,0.0,0.0
-9.62,-11.547201999999999,0.0,0.0,0.0,0.0,0.0,0.0,0.0,0.0,0.0,0.0,0.0,0.0,0.0,0.0,0.0,0.0
-9.611,-11.538202,0.0,0.0,0.0,0.0,0.0,0.0,0.0,0.0,0.0,0.0,0.0,0.0,0.0,0.0,0.0,0.0
-9.603,-11.530202,0.0,0.0,0.0,0.0,0.0,0.0,0.0,0.0,0.0,0.0,0.0,0.0,0.0,0.0,0.0,0.0
-9.595,-11.522202,0.0,0.0,0.0,0.0,0.0,0.0,0.0,0.0,0.0,0.0,0.0,0.0,0.0,0.0,0.0,0.0
-9.586,-11.513202,0.0,0.0,0.0,0.0,0.0,0.0,0.0,0.0,0.0,0.0,0.0,0.0,0.0,0.0,0.0,0.0
-9.578,-11.505201999999999,0.0,0.0,0.0,0.0,0.0,0.0,0.0,0.0,0.0,0.0,0.0,0.0,0.0,0.0,0.0,0.0
-9.57,-11.497202,0.0,0.0,0.0,0.0,0.0,0.0,0.0,0.0,0.0,0.0,0.0,0.0,0.0,0.0,0.0,0.0
-9.561,-11.488202,0.0,0.0,0.0,0.0,0.0,0.0,0.0,0.0,0.0,0.0,0.0,0.0,0.0,0.0,0.0,0.0
-9.553,-11.480202,0.0,0.0,0.0,0.0,0.0,0.0,0.0,0.0,0.0,0.0,0.0,0.0,0.0,0.0,0.0,0.0
-9.545,-11.472202,0.0,0.0,0.0,0.0,0.0,0.0,0.0,0.0,0.0,0.0,0.0,0.0,0.0,0.0,0.0,0.0
-9.537,-11.464202,0.0,0.0,0.0,0.0,0.0,0.0,0.0,0.0,0.0,0.0,0.0,0.0,0.0,0.0,0.0,0.0
-9.528,-11.455202,0.0,0.0,0.0,0.0,0.0,0.0,0.0,0.0,0.0,0.0,0.0,0.0,0.0,0.0,0.0,0.0
-9.52,-11.447201999999999,0.0,0.0,0.0,0.0,0.0,0.0,0.0,0.0,0.0,0.0,0.0,0.0,0.0,0.0,0.0,0.0
-9.512,-11.439202,0.0,0.0,0.0,0.0,0.0,0.0,0.0,0.0,0.0,0.0,0.0,0.0,0.0,0.0,0.0,0.0
-9.503,-11.430202,0.0,0.0,0.0,0.0,0.0,0.0,0.0,0.0,0.0,0.0,0.0,0.0,0.0,0.0,0.0,0.0
-9.495,-11.422201999999999,0.0,0.0,0.0,0.0,0.0,0.0,0.0,0.0,0.0,0.0,0.0,0.0,0.0,0.0,0.0,0.0
-9.487,-11.414202,0.0,0.0,0.0,0.0,0.0,0.0,0.0,0.0,0.0,0.0,0.0,0.0,0.0,0.0,0.0,0.0
-9.478,-11.405202,0.0,0.0,0.0,0.0,0.0,0.0,0.0,0.0,0.0,0.0,0.0,0.0,0.0,0.0,0.0,0.0
-9.47,-11.397202,0.0,0.0,0.0,0.0,0.0,0.0,0.0,0.0,0.0,0.0,0.0,0.0,0.0,0.0,0.0,0.0
-9.462,-11.389202,0.0,0.0,0.0,0.0,0.0,0.0,0.0,0.0,0.0,0.0,0.0,0.0,0.0,0.0,0.0,0.0
-9.453,-11.380201999999999,0.0,0.0,0.0,0.0,0.0,0.0,0.0,0.0,0.0,0.0,0.0,0.0,0.0,0.0,0.0,0.0
-9.445,-11.372202,0.0,0.0,0.0,0.0,0.0,0.0,0.0,0.0,0.0,0.0,0.0,0.0,0.0,0.0,0.0,0.0
-9.437,-11.364201999999999,0.0,0.0,0.0,0.0,0.0,0.0,0.0,0.0,0.0,0.0,0.0,0.0,0.0,0.0,0.0,0.0
-9.429,-11.356202,0.0,0.0,0.0,0.0,0.0,0.0,0.0,0.0,0.0,0.0,0.0,0.0,0.0,0.0,0.0,0.0
-9.42,-11.347202,0.0,0.0,0.0,0.0,0.0,0.0,0.0,0.0,0.0,0.0,0.0,0.0,0.0,0.0,0.0,0.0
-9.412,-11.339202,0.0,0.0,0.0,0.0,0.0,0.0,0.0,0.0,0.0,0.0,0.0,0.0,0.0,0.0,0.0,0.0
-9.404,-11.331202,0.0,0.0,0.0,0.0,0.0,0.0,0.0,0.0,0.0,0.0,0.0,0.0,0.0,0.0,0.0,0.0
-9.395,-11.322201999999999,0.0,0.0,0.0,0.0,0.0,0.0,0.0,0.0,0.0,0.0,0.0,0.0,0.0,0.0,0.0,0.0
-9.387,-11.314202,0.0,0.0,0.0,0.0,0.0,0.0,0.0,0.0,0.0,0.0,0.0,0.0,0.0,0.0,0.0,0.0
-9.379,-11.306201999999999,0.0,0.0,0.0,0.0,0.0,0.0,0.0,0.0,0.0,0.0,0.0,0.0,0.0,0.0,0.0,0.0
-9.37,-11.297201999999999,0.0,0.0,0.0,0.0,0.0,0.0,0.0,0.0,0.0,0.0,0.0,0.0,0.0,0.0,0.0,0.0
-9.362,-11.289202,0.0,0.0,0.0,0.0,0.0,0.0,0.0,0.0,0.0,0.0,0.0,0.0,0.0,0.0,0.0,0.0
-9.354,-11.281201999999999,0.0,0.0,0.0,0.0,0.0,0.0,0.0,0.0,0.0,0.0,0.0,0.0,0.0,0.0,0.0,0.0
-9.345,-11.272202,0.0,0.0,0.0,0.0,0.0,0.0,0.0,0.0,0.0,0.0,0.0,0.0,0.0,0.0,0.0,0.0
-9.337,-11.264202,0.0,0.0,0.0,0.0,0.0,0.0,0.0,0.0,0.0,0.0,0.0,0.0,0.0,0.0,0.0,0.0
-9.329,-11.256202,0.0,0.0,0.0,0.0,0.0,0.0,0.0,0.0,0.0,0.0,0.0,0.0,0.0,0.0,0.0,0.0
-9.321,-11.248202,0.0,0.0,0.0,0.0,0.0,0.0,0.0,0.0,0.0,0.0,0.0,0.0,0.0,0.0,0.0,0.0
-9.312,-11.239201999999999,0.0,0.0,0.0,0.0,0.0,0.0,0.0,0.0,0.0,0.0,0.0,0.0,0.0,0.0,0.0,0.0
-9.304,-11.231202,0.0,0.0,0.0,0.0,0.0,0.0,0.0,0.0,0.0,0.0,0.0,0.0,0.0,0.0,0.0,0.0
-9.296,-11.223201999999999,0.0,0.0,0.0,0.0,0.0,0.0,0.0,0.0,0.0,0.0,0.0,0.0,0.0,0.0,0.0,0.0
-9.287,-11.214202,0.0,0.0,0.0,0.0,0.0,0.0,0.0,0.0,0.0,0.0,0.0,0.0,0.0,0.0,0.0,0.0
-9.279,-11.206202,0.0,0.0,0.0,0.0,0.0,0.0,0.0,0.0,0.0,0.0,0.0,0.0,0.0,0.0,0.0,0.0
-9.271,-11.198202,0.0,0.0,0.0,0.0,0.0,0.0,0.0,0.0,0.0,0.0,0.0,0.0,0.0,0.0,0.0,0.0
-9.262,-11.189202,0.0,0.0,0.0,0.0,0.0,0.0,0.0,0.0,0.0,0.0,0.0,0.0,0.0,0.0,0.0,0.0
-9.254,-11.181201999999999,0.0,0.0,0.0,0.0,0.0,0.0,0.0,0.0,0.0,0.0,0.0,0.0,0.0,0.0,0.0,0.0
-9.246,-11.173202,0.0,0.0,0.0,0.0,0.0,0.0,0.0,0.0,0.0,0.0,0.0,0.0,0.0,0.0,0.0,0.0
-9.237,-11.164202,0.0,0.0,0.0,0.0,0.0,0.0,0.0,0.0,0.0,0.0,0.0,0.0,0.0,0.0,0.0,0.0
-9.229,-11.156201999999999,0.0,0.0,0.0,0.0,0.0,0.0,0.0,0.0,0.0,0.0,0.0,0.0,0.0,0.0,0.0,0.0
-9.221,-11.148202,0.0,0.0,0.0,0.0,0.0,0.0,0.0,0.0,0.0,0.0,0.0,0.0,0.0,0.0,0.0,0.0
-9.213,-11.140201999999999,0.0,0.0,0.0,0.0,0.0,0.0,0.0,0.0,0.0,0.0,0.0,0.0,0.0,0.0,0.0,0.0
-9.204,-11.131202,0.0,0.0,0.0,0.0,0.0,0.0,0.0,0.0,0.0,0.0,0.0,0.0,0.0,0.0,0.0,0.0
-9.196,-11.123202,0.0,0.0,0.0,0.0,0.0,0.0,0.0,0.0,0.0,0.0,0.0,0.0,0.0,0.0,0.0,0.0
-9.188,-11.115202,0.0,0.0,0.0,0.0,0.0,0.0,0.0,0.0,0.0,0.0,0.0,0.0,0.0,0.0,0.0,0.0
-9.179,-11.106202,0.0,0.0,0.0,0.0,0.0,0.0,0.0,0.0,0.0,0.0,0.0,0.0,0.0,0.0,0.0,0.0
-9.171,-11.098201999999999,0.0,0.0,0.0,0.0,0.0,0.0,0.0,0.0,0.0,0.0,0.0,0.0,0.0,0.0,0.0,0.0
-9.163,-11.090202,0.0,0.0,0.0,0.0,0.0,0.0,0.0,0.0,0.0,0.0,0.0,0.0,0.0,0.0,0.0,0.0
-9.154,-11.081202,0.0,0.0,0.0,0.0,0.0,0.0,0.0,0.0,0.0,0.0,0.0,0.0,0.0,0.0,0.0,0.0
-9.146,-11.073202,0.0,0.0,0.0,0.0,0.0,0.0,0.0,0.0,0.0,0.0,0.0,0.0,0.0,0.0,0.0,0.0
-9.138,-11.065202,0.0,0.0,0.0,0.0,0.0,0.0,0.0,0.0,0.0,0.0,0.0,0.0,0.0,0.0,0.0,0.0
-9.129,-11.056201999999999,0.0,0.0,0.0,0.0,0.0,0.0,0.0,0.0,0.0,0.0,0.0,0.0,0.0,0.0,0.0,0.0
-9.121,-11.048202,0.0,0.0,0.0,0.0,0.0,0.0,0.0,0.0,0.0,0.0,0.0,0.0,0.0,0.0,0.0,0.0
-9.113,-11.040201999999999,0.0,0.0,0.0,0.0,0.0,0.0,0.0,0.0,0.0,0.0,0.0,0.0,0.0,0.0,0.0,0.0
-9.105,-11.032202,0.0,0.0,0.0,0.0,0.0,0.0,0.0,0.0,0.0,0.0,0.0,0.0,0.0,0.0,0.0,0.0
-9.096,-11.023202,0.0,0.0,0.0,0.0,0.0,0.0,0.0,0.0,0.0,0.0,0.0,0.0,0.0,0.0,0.0,0.0
-9.088,-11.015201999999999,0.0,0.0,0.0,0.0,0.0,0.0,0.0,0.0,0.0,0.0,0.0,0.0,0.0,0.0,0.0,0.0
-9.08,-11.007202,0.0,0.0,0.0,0.0,0.0,0.0,0.0,0.0,0.0,0.0,0.0,0.0,0.0,0.0,0.0,0.0
-9.071,-10.998202,0.0,0.0,0.0,0.0,0.0,0.0,0.0,0.0,0.0,0.0,0.0,0.0,0.0,0.0,0.0,0.0
-9.063,-10.990202,0.0,0.0,0.0,0.0,0.0,0.0,0.0,0.0,0.0,0.0,0.0,0.0,0.0,0.0,0.0,0.0
-9.055,-10.982202,0.0,0.0,0.0,0.0,0.0,0.0,0.0,0.0,0.0,0.0,0.0,0.0,0.0,0.0,0.0,0.0
-9.046,-10.973201999999999,0.0,0.0,0.0,0.0,0.0,0.0,0.0,0.0,0.0,0.0,0.0,0.0,0.0,0.0,0.0,0.0
-9.038,-10.965202,0.0,0.0,0.0,0.0,0.0,0.0,0.0,0.0,0.0,0.0,0.0,0.0,0.0,0.0,0.0,0.0
-9.03,-10.957201999999999,0.0,0.0,0.0,0.0,0.0,0.0,0.0,0.0,0.0,0.0,0.0,0.0,0.0,0.0,0.0,0.0
-9.021,-10.948202,0.0,0.0,0.0,0.0,0.0,0.0,0.0,0.0,0.0,0.0,0.0,0.0,0.0,0.0,0.0,0.0
-9.013,-10.940202,0.0,0.0,0.0,0.0,0.0,0.0,0.0,0.0,0.0,0.0,0.0,0.0,0.0,0.0,0.0,0.0
-9.005,-10.932202,0.0,0.0,0.0,0.0,0.0,0.0,0.0,0.0,0.0,0.0,0.0,0.0,0.0,0.0,0.0,0.0
-8.997,-10.924202,0.0,0.0,0.0,0.0,0.0,0.0,0.0,0.0,0.0,0.0,0.0,0.0,0.0,0.0,0.0,0.0
-8.988,-10.915201999999999,0.0,0.0,0.0,0.0,0.0,0.0,0.0,0.0,0.0,0.0,0.0,0.0,0.0,0.0,0.0,0.0
-8.98,-10.907202,0.0,0.0,0.0,0.0,0.0,0.0,0.0,0.0,0.0,0.0,0.0,0.0,0.0,0.0,0.0,0.0
-8.972,-10.899201999999999,0.0,0.0,0.0,0.0,0.0,0.0,0.0,0.0,0.0,0.0,0.0,0.0,0.0,0.0,0.0,0.0
-8.963,-10.890201999999999,0.0,0.0,0.0,0.0,0.0,0.0,0.0,0.0,0.0,0.0,0.0,0.0,0.0,0.0,0.0,0.0
-8.955,-10.882202,0.0,0.0,0.0,0.0,0.0,0.0,0.0,0.0,0.0,0.0,0.0,0.0,0.0,0.0,0.0,0.0
-8.947,-10.874201999999999,0.0,0.0,0.0,0.0,0.0,0.0,0.0,0.0,0.0,0.0,0.0,0.0,0.0,0.0,0.0,0.0
-8.938,-10.865202,0.0,0.0,0.0,0.0,0.0,0.0,0.0,0.0,0.0,0.0,0.0,0.0,0.0,0.0,0.0,0.0
-8.93,-10.857202,0.0,0.0,0.0,0.0,0.0,0.0,0.0,0.0,0.0,0.0,0.0,0.0,0.0,0.0,0.0,0.0
-8.922,-10.849202,0.0,0.0,0.0,0.0,0.0,0.0,0.0,0.0,0.0,0.0,0.0,0.0,0.0,0.0,0.0,0.0
-8.913,-10.840202,0.0,0.0,0.0,0.0,0.0,0.0,0.0,0.0,0.0,0.0,0.0,0.0,0.0,0.0,0.0,0.0
-8.905,-10.832201999999999,0.0,0.0,0.0,0.0,0.0,0.0,0.0,0.0,0.0,0.0,0.0,0.0,0.0,0.0,0.0,0.0
-8.897,-10.824202,0.0,0.0,0.0,0.0,0.0,0.0,0.0,0.0,0.0,0.0,0.0,0.0,0.0,0.0,0.0,0.0
-8.889,-10.816201999999999,0.0,0.0,0.0,0.0,0.0,0.0,0.0,0.0,0.0,0.0,0.0,0.0,0.0,0.0,0.0,0.0
-8.88,-10.807202,0.0,0.0,0.0,0.0,0.0,0.0,0.0,0.0,0.0,0.0,0.0,0.0,0.0,0.0,0.0,0.0
-8.872,-10.799202,0.0,0.0,0.0,0.0,0.0,0.0,0.0,0.0,0.0,0.0,0.0,0.0,0.0,0.0,0.0,0.0
-8.864,-10.791202,0.0,0.0,0.0,0.0,0.0,0.0,0.0,0.0,0.0,0.0,0.0,0.0,0.0,0.0,0.0,0.0
-8.855,-10.782202,0.0,0.0,0.0,0.0,0.0,0.0,0.0,0.0,0.0,0.0,0.0,0.0,0.0,0.0,0.0,0.0
-8.847,-10.774201999999999,0.0,0.0,0.0,0.0,0.0,0.0,0.0,0.0,0.0,0.0,0.0,0.0,0.0,0.0,0.0,0.0
-8.839,-10.766202,0.0,0.0,0.0,0.0,0.0,0.0,0.0,0.0,0.0,0.0,0.0,0.0,0.0,0.0,0.0,0.0
-8.83,-10.757202,0.0,0.0,0.0,0.0,0.0,0.0,0.0,0.0,0.0,0.0,0.0,0.0,0.0,0.0,0.0,0.0
-8.822,-10.749201999999999,0.0,0.0,0.0,0.0,0.0,0.0,0.0,0.0,0.0,0.0,0.0,0.0,0.0,0.0,0.0,0.0
-8.814,-10.741202,0.0,0.0,0.0,0.0,0.0,0.0,0.0,0.0,0.0,0.0,0.0,0.0,0.0,0.0,0.0,0.0
-8.805,-10.732202,0.0,0.0,0.0,0.0,0.0,0.0,0.0,0.0,0.0,0.0,0.0,0.0,0.0,0.0,0.0,0.0
-8.797,-10.724202,0.0,0.0,0.0,0.0,0.0,0.0,0.0,0.0,0.0,0.0,0.0,0.0,0.0,0.0,0.0,0.0
-8.789,-10.716202,0.0,0.0,0.0,0.0,0.0,0.0,0.0,0.0,0.0,0.0,0.0,0.0,0.0,0.0,0.0,0.0
-8.781,-10.708202,0.0,0.0,0.0,0.0,0.0,0.0,0.0,0.0,0.0,0.0,0.0,0.0,0.0,0.0,0.0,0.0
-8.772,-10.699202,0.0,0.0,0.0,0.0,0.0,0.0,0.0,0.0,0.0,0.0,0.0,0.0,0.0,0.0,0.0,0.0
-8.764,-10.691201999999999,0.0,0.0,0.0,0.0,0.0,0.0,0.0,0.0,0.0,0.0,0.0,0.0,0.0,0.0,0.0,0.0
-8.756,-10.683202,0.0,0.0,0.0,0.0,0.0,0.0,0.0,0.0,0.0,0.0,0.0,0.0,0.0,0.0,0.0,0.0
-8.747,-10.674202,0.0,0.0,0.0,0.0,0.0,0.0,0.0,0.0,0.0,0.0,0.0,0.0,0.0,0.0,0.0,0.0
-8.739,-10.666202,0.0,0.0,0.0,0.0,0.0,0.0,0.0,0.0,0.0,0.0,0.0,0.0,0.0,0.0,0.0,0.0
-8.731,-10.658202,0.0,0.0,0.0,0.0,0.0,0.0,0.0,0.0,0.0,0.0,0.0,0.0,0.0,0.0,0.0,0.0
-8.722,-10.649201999999999,0.0,0.0,0.0,0.0,0.0,0.0,0.0,0.0,0.0,0.0,0.0,0.0,0.0,0.0,0.0,0.0
-8.714,-10.641202,0.0,0.0,0.0,0.0,0.0,0.0,0.0,0.0,0.0,0.0,0.0,0.0,0.0,0.0,0.0,0.0
-8.706,-10.633201999999999,0.0,0.0,0.0,0.0,0.0,0.0,0.0,0.0,0.0,0.0,0.0,0.0,0.0,0.0,0.0,0.0
-8.697,-10.624201999999999,0.0,0.0,0.0,0.0,0.0,0.0,0.0,0.0,0.0,0.0,0.0,0.0,0.0,0.0,0.0,0.0
-8.689,-10.616202,0.0,0.0,0.0,0.0,0.0,0.0,0.0,0.0,0.0,0.0,0.0,0.0,0.0,0.0,0.0,0.0
-8.681,-10.608201999999999,0.0,0.0,0.0,0.0,0.0,0.0,0.0,0.0,0.0,0.0,0.0,0.0,0.0,0.0,0.0,0.0
-8.673,-10.600202,0.0,0.0,0.0,0.0,0.0,0.0,0.0,0.0,0.0,0.0,0.0,0.0,0.0,0.0,0.0,0.0
-8.664,-10.591202,0.0,0.0,0.0,0.0,0.0,0.0,0.0,0.0,0.0,0.0,0.0,0.0,0.0,0.0,0.0,0.0
-8.656,-10.583202,0.0,0.0,0.0,0.0,0.0,0.0,0.0,0.0,0.0,0.0,0.0,0.0,0.0,0.0,0.0,0.0
-8.648,-10.575201999999999,0.0,0.0,0.0,0.0,0.0,0.0,0.0,0.0,0.0,0.0,0.0,0.0,0.0,0.0,0.0,0.0
-8.639,-10.566201999999999,0.0,0.0,0.0,0.0,0.0,0.0,0.0,0.0,0.0,0.0,0.0,0.0,0.0,0.0,0.0,0.0
-8.631,-10.558202,0.0,0.0,0.0,0.0,0.0,0.0,0.0,0.0,0.0,0.0,0.0,0.0,0.0,0.0,0.0,0.0
-8.623,-10.550201999999999,0.0,0.0,0.0,0.0,0.0,0.0,0.0,0.0,0.0,0.0,0.0,0.0,0.0,0.0,0.0,0.0
-8.614,-10.541202,0.0,0.0,0.0,0.0,0.0,0.0,0.0,0.0,0.0,0.0,0.0,0.0,0.0,0.0,0.0,0.0
-8.606,-10.533202,0.0,0.0,0.0,0.0,0.0,0.0,0.0,0.0,0.0,0.0,0.0,0.0,0.0,0.0,0.0,0.0
-8.598,-10.525202,0.0,0.0,0.0,0.0,0.0,0.0,0.0,0.0,0.0,0.0,0.0,0.0,0.0,0.0,0.0,0.0
-8.589,-10.516202,0.0,0.0,0.0,0.0,0.0,0.0,0.0,0.0,0.0,0.0,0.0,0.0,0.0,0.0,0.0,0.0
-8.581,-10.508201999999999,0.0,0.0,0.0,0.0,0.0,0.0,0.0,0.0,0.0,0.0,0.0,0.0,0.0,0.0,0.0,0.0
-8.573,-10.500202,0.0,0.0,0.0,0.0,0.0,0.0,0.0,0.0,0.0,0.0,0.0,0.0,0.0,0.0,0.0,0.0
-8.565,-10.492201999999999,0.0,0.0,0.0,0.0,0.0,0.0,0.0,0.0,0.0,0.0,0.0,0.0,0.0,0.0,0.0,0.0
-8.556,-10.483201999999999,0.0,0.0,0.0,0.0,0.0,0.0,0.0,0.0,0.0,0.0,0.0,0.0,0.0,0.0,0.0,0.0
-8.548,-10.475202,0.0,0.0,0.0,0.0,0.0,0.0,0.0,0.0,0.0,0.0,0.0,0.0,0.0,0.0,0.0,0.0
-8.54,-10.467201999999999,0.0,0.0,0.0,0.0,0.0,0.0,0.0,0.0,0.0,0.0,0.0,0.0,0.0,0.0,0.0,0.0
-8.531,-10.458202,0.0,0.0,0.0,0.0,0.0,0.0,0.0,0.0,0.0,0.0,0.0,0.0,0.0,0.0,0.0,0.0
-8.523,-10.450201999999999,0.0,0.0,0.0,0.0,0.0,0.0,0.0,0.0,0.0,0.0,0.0,0.0,0.0,0.0,0.0,0.0
-8.515,-10.442202,0.0,0.0,0.0,0.0,0.0,0.0,0.0,0.0,0.0,0.0,0.0,0.0,0.0,0.0,0.0,0.0
-8.506,-10.433202,0.0,0.0,0.0,0.0,0.0,0.0,0.0,0.0,0.0,0.0,0.0,0.0,0.0,0.0,0.0,0.0
-8.498,-10.425201999999999,0.0,0.0,0.0,0.0,0.0,0.0,0.0,0.0,0.0,0.0,0.0,0.0,0.0,0.0,0.0,0.0
-8.49,-10.417202,0.0,0.0,0.0,0.0,0.0,0.0,0.0,0.0,0.0,0.0,0.0,0.0,0.0,0.0,0.0,0.0
-8.481,-10.408202,0.0,0.0,0.0,0.0,0.0,0.0,0.0,0.0,0.0,0.0,0.0,0.0,0.0,0.0,0.0,0.0
-8.473,-10.400202,0.0,0.0,0.0,0.0,0.0,0.0,0.0,0.0,0.0,0.0,0.0,0.0,0.0,0.0,0.0,0.0
-8.465,-10.392202,0.0,0.0,0.0,0.0,0.0,0.0,0.0,0.0,0.0,0.0,0.0,0.0,0.0,0.0,0.0,0.0
-8.457,-10.384202,0.0,0.0,0.0,0.0,0.0,0.0,0.0,0.0,0.0,0.0,0.0,0.0,0.0,0.0,0.0,0.0
-8.448,-10.375202,0.0,0.0,0.0,0.0,0.0,0.0,0.0,0.0,0.0,0.0,0.0,0.0,0.0,0.0,0.0,0.0
-8.44,-10.367201999999999,0.0,0.0,0.0,0.0,0.0,0.0,0.0,0.0,0.0,0.0,0.0,0.0,0.0,0.0,0.0,0.0
-8.432,-10.359202,0.0,0.0,0.0,0.0,0.0,0.0,0.0,0.0,0.0,0.0,0.0,0.0,0.0,0.0,0.0,0.0
-8.423,-10.350202,0.0,0.0,0.0,0.0,0.0,0.0,0.0,0.0,0.0,0.0,0.0,0.0,0.0,0.0,0.0,0.0
-8.415,-10.342201999999999,0.0,0.0,0.0,0.0,0.0,0.0,0.0,0.0,0.0,0.0,0.0,0.0,0.0,0.0,0.0,0.0
-8.407,-10.334202,0.0,0.0,0.0,0.0,0.0,0.0,0.0,0.0,0.0,0.0,0.0,0.0,0.0,0.0,0.0,0.0
-8.398,-10.325201999999999,0.0,0.0,0.0,0.0,0.0,0.0,0.0,0.0,0.0,0.0,0.0,0.0,0.0,0.0,0.0,0.0
-8.39,-10.317202,0.0,0.0,0.0,0.0,0.0,0.0,0.0,0.0,0.0,0.0,0.0,0.0,0.0,0.0,0.0,0.0
-8.382,-10.309201999999999,0.0,0.0,0.0,0.0,0.0,0.0,0.0,0.0,0.0,0.0,0.0,0.0,0.0,0.0,0.0,0.0
-8.373,-10.300201999999999,0.0,0.0,0.0,0.0,0.0,0.0,0.0,0.0,0.0,0.0,0.0,0.0,0.0,0.0,0.0,0.0
-8.365,-10.292202,0.0,0.0,0.0,0.0,0.0,0.0,0.0,0.0,0.0,0.0,0.0,0.0,0.0,0.0,0.0,0.0
-8.357,-10.284201999999999,0.0,0.0,0.0,0.0,0.0,0.0,0.0,0.0,0.0,0.0,0.0,0.0,0.0,0.0,0.0,0.0
-8.349,-10.276202,0.0,0.0,0.0,0.0,0.0,0.0,0.0,0.0,0.0,0.0,0.0,0.0,0.0,0.0,0.0,0.0
-8.34,-10.267202,0.0,0.0,0.0,0.0,0.0,0.0,0.0,0.0,0.0,0.0,0.0,0.0,0.0,0.0,0.0,0.0
-8.332,-10.259202,0.0,0.0,0.0,0.0,0.0,0.0,0.0,0.0,0.0,0.0,0.0,0.0,0.0,0.0,0.0,0.0
-8.324,-10.251202,0.0,0.0,0.0,0.0,0.0,0.0,0.0,0.0,0.0,0.0,0.0,0.0,0.0,0.0,0.0,0.0
-8.315,-10.242201999999999,0.0,0.0,0.0,0.0,0.0,0.0,0.0,0.0,0.0,0.0,0.0,0.0,0.0,0.0,0.0,0.0
-8.307,-10.234202,0.0,0.0,0.0,0.0,0.0,0.0,0.0,0.0,0.0,0.0,0.0,0.0,0.0,0.0,0.0,0.0
-8.299,-10.226201999999999,0.0,0.0,0.0,0.0,0.0,0.0,0.0,0.0,0.0,0.0,0.0,0.0,0.0,0.0,0.0,0.0
-8.29,-10.217201999999999,0.0,0.0,0.0,0.0,0.0,0.0,0.0,0.0,0.0,0.0,0.0,0.0,0.0,0.0,0.0,0.0
-8.282,-10.209202,0.0,0.0,0.0,0.0,0.0,0.0,0.0,0.0,0.0,0.0,0.0,0.0,0.0,0.0,0.0,0.0
-8.274,-10.201201999999999,0.0,0.0,0.0,0.0,0.0,0.0,0.0,0.0,0.0,0.0,0.0,0.0,0.0,0.0,0.0,0.0
-8.265,-10.192202,0.0,0.0,0.0,0.0,0.0,0.0,0.0,0.0,0.0,0.0,0.0,0.0,0.0,0.0,0.0,0.0
-8.257,-10.184201999999999,0.0,0.0,0.0,0.0,0.0,0.0,0.0,0.0,0.0,0.0,0.0,0.0,0.0,0.0,0.0,0.0
-8.249,-10.176202,0.0,0.0,0.0,0.0,0.0,0.0,0.0,0.0,0.0,0.0,0.0,0.0,0.0,0.0,0.0,0.0
-8.241,-10.168201999999999,0.0,0.0,0.0,0.0,0.0,0.0,0.0,0.0,0.0,0.0,0.0,0.0,0.0,0.0,0.0,0.0
-8.232,-10.159201999999999,0.0,0.0,0.0,0.0,0.0,0.0,0.0,0.0,0.0,0.0,0.0,0.0,0.0,0.0,0.0,0.0
-8.224,-10.151202,0.0,0.0,0.0,0.0,0.0,0.0,0.0,0.0,0.0,0.0,0.0,0.0,0.0,0.0,0.0,0.0
-8.216,-10.143201999999999,0.0,0.0,0.0,0.0,0.0,0.0,0.0,0.0,0.0,0.0,0.0,0.0,0.0,0.0,0.0,0.0
-8.207,-10.134202,0.0,0.0,0.0,0.0,0.0,0.0,0.0,0.0,0.0,0.0,0.0,0.0,0.0,0.0,0.0,0.0
-8.199,-10.126202,0.0,0.0,0.0,0.0,0.0,0.0,0.0,0.0,0.0,0.0,0.0,0.0,0.0,0.0,0.0,0.0
-8.191,-10.118202,0.0,0.0,0.0,0.0,0.0,0.0,0.0,0.0,0.0,0.0,0.0,0.0,0.0,0.0,0.0,0.0
-8.182,-10.109202,0.0,0.0,0.0,0.0,0.0,0.0,0.0,0.0,0.0,0.0,0.0,0.0,0.0,0.0,0.0,0.0
-8.174,-10.101201999999999,0.0,0.0,0.0,0.0,0.0,0.0,0.0,0.0,0.0,0.0,0.0,0.0,0.0,0.0,0.0,0.0
-8.166,-10.093202,0.0,0.0,0.0,0.0,0.0,0.0,0.0,0.0,0.0,0.0,0.0,0.0,0.0,0.0,0.0,0.0
-8.157,-10.084202,0.0,0.0,0.0,0.0,0.0,0.0,0.0,0.0,0.0,0.0,0.0,0.0,0.0,0.0,0.0,0.0
-8.149,-10.076201999999999,0.0,0.0,0.0,0.0,0.0,0.0,0.0,0.0,0.0,0.0,0.0,0.0,0.0,0.0,0.0,0.0
-8.141,-10.068202,0.0,0.0,0.0,0.0,0.0,0.0,0.0,0.0,0.0,0.0,0.0,0.0,0.0,0.0,0.0,0.0
-8.133,-10.060201999999999,0.0,0.0,0.0,0.0,0.0,0.0,0.0,0.0,0.0,0.0,0.0,0.0,0.0,0.0,0.0,0.0
-8.124,-10.051202,0.0,0.0,0.0,0.0,0.0,0.0,0.0,0.0,0.0,0.0,0.0,0.0,0.0,0.0,0.0,0.0
-8.116,-10.043201999999999,0.0,0.0,0.0,0.0,0.0,0.0,0.0,0.0,0.0,0.0,0.0,0.0,0.0,0.0,0.0,0.0
-8.108,-10.035202,0.0,0.0,0.0,0.0,0.0,0.0,0.0,0.0,0.0,0.0,0.0,0.0,0.0,0.0,0.0,0.0
-8.099,-10.026202,0.0,0.0,0.0,0.0,0.0,0.0,0.0,0.0,0.0,0.0,0.0,0.0,0.0,0.0,0.0,0.0
-8.091,-10.018201999999999,0.0,0.0,0.0,0.0,0.0,0.0,0.0,0.0,0.0,0.0,0.0,0.0,0.0,0.0,0.0,0.0
-8.083,-10.010202,0.0,0.0,0.0,0.0,0.0,0.0,0.0,0.0,0.0,0.0,0.0,0.0,0.0,0.0,0.0,0.0
-8.074,-10.001202,0.0,0.0,0.0,0.0,0.0,0.0,0.0,0.0,0.0,0.0,0.0,0.0,0.0,0.0,0.0,0.0
-8.066,-9.993202,0.0,0.0,0.0,0.0,0.0,0.0,0.0,0.0,0.0,0.0,0.0,0.0,0.0,0.0,0.0,0.0
-8.058,-9.985202,0.0,0.0,0.0,0.0,0.0,0.0,0.0,0.0,0.0,0.0,0.0,0.0,0.0,0.0,0.0,0.0
-8.049,-9.976201999999999,0.0,0.0,0.0,0.0,0.0,0.0,0.0,0.0,0.0,0.0,0.0,0.0,0.0,0.0,0.0,0.0
-8.041,-9.968202,0.0,0.0,0.0,0.0,0.0,0.0,0.0,0.0,0.0,0.0,0.0,0.0,0.0,0.0,0.0,0.0
-8.033,-9.960201999999999,0.0,0.0,0.0,0.0,0.0,0.0,0.0,0.0,0.0,0.0,0.0,0.0,0.0,0.0,0.0,0.0
-8.025,-9.952202,0.0,0.0,0.0,0.0,0.0,0.0,0.0,0.0,0.0,0.0,0.0,0.0,0.0,0.0,0.0,0.0
-8.016,-9.943202,0.0,0.0,0.0,0.0,0.0,0.0,0.0,0.0,0.0,0.0,0.0,0.0,0.0,0.0,0.0,0.0
-8.008,-9.935201999999999,0.0,0.0,0.0,0.0,0.0,0.0,0.0,0.0,0.0,0.0,0.0,0.0,0.0,0.0,0.0,0.0
-8.0,-9.927202,0.0,0.0,0.0,0.0,0.0,0.0,0.0,0.0,0.0,0.0,0.0,0.0,0.0,0.0,0.0,0.0
-7.991,-9.918201999999999,0.0,0.0,0.0,0.0,0.0,0.0,0.0,0.0,0.0,0.0,0.0,0.0,0.0,0.0,0.0,0.0
-7.983,-9.910202,0.0,0.0,0.0,0.0,0.0,0.0,0.0,0.0,0.0,0.0,0.0,0.0,0.0,0.0,0.0,0.0
-7.975,-9.902201999999999,0.0,0.0,0.0,0.0,0.0,0.0,0.0,0.0,0.0,0.0,0.0,0.0,0.0,0.0,0.0,0.0
-7.966,-9.893202,0.0,0.0,0.0,0.0,0.0,0.0,0.0,0.0,0.0,0.0,0.0,0.0,0.0,0.0,0.0,0.0
-7.958,-9.885202,0.0,0.0,0.0,0.0,0.0,0.0,0.0,0.0,0.0,0.0,0.0,0.0,0.0,0.0,0.0,0.0
-7.95,-9.877202,0.0,0.0,0.0,0.0,0.0,0.0,0.0,0.0,0.0,0.0,0.0,0.0,0.0,0.0,0.0,0.0
-7.941,-9.868202,0.0,0.0,0.0,0.0,0.0,0.0,0.0,0.0,0.0,0.0,0.0,0.0,0.0,0.0,0.0,0.0
-7.933,-9.860202,0.0,0.0,0.0,0.0,0.0,0.0,0.0,0.0,0.0,0.0,0.0,0.0,0.0,0.0,0.0,0.0
-7.925,-9.852202,0.0,0.0,0.0,0.0,0.0,0.0,0.0,0.0,0.0,0.0,0.0,0.0,0.0,0.0,0.0,0.0
-7.917,-9.844202,0.0,0.0,0.0,0.0,0.0,0.0,0.0,0.0,0.0,0.0,0.0,0.0,0.0,0.0,0.0,0.0
-7.908,-9.835202,0.0,0.0,0.0,0.0,0.0,0.0,0.0,0.0,0.0,0.0,0.0,0.0,0.0,0.0,0.0,0.0
-7.9,-9.827202,0.0,0.0,0.0,0.0,0.0,0.0,0.0,0.0,0.0,0.0,0.0,0.0,0.0,0.0,0.0,0.0
-7.892,-9.819202,0.0,0.0,0.0,0.0,0.0,0.0,0.0,0.0,0.0,0.0,0.0,0.0,0.0,0.0,0.0,0.0
-7.883,-9.810202,0.0,0.0,0.0,0.0,0.0,0.0,0.0,0.0,0.0,0.0,0.0,0.0,0.0,0.0,0.0,0.0
-7.875,-9.802202,0.0,0.0,0.0,0.0,0.0,0.0,0.0,0.0,0.0,0.0,0.0,0.0,0.0,0.0,0.0,0.0
-7.867,-9.794202,0.0,0.0,0.0,0.0,0.0,0.0,0.0,0.0,0.0,0.0,0.0,0.0,0.0,0.0,0.0,0.0
-7.858,-9.785202,0.0,0.0,0.0,0.0,0.0,0.0,0.0,0.0,0.0,0.0,0.0,0.0,0.0,0.0,0.0,0.0
-7.85,-9.777201999999999,0.0,0.0,0.0,0.0,0.0,0.0,0.0,0.0,0.0,0.0,0.0,0.0,0.0,0.0,0.0,0.0
-7.842,-9.769202,0.0,0.0,0.0,0.0,0.0,0.0,0.0,0.0,0.0,0.0,0.0,0.0,0.0,0.0,0.0,0.0
-7.833,-9.760202,0.0,0.0,0.0,0.0,0.0,0.0,0.0,0.0,0.0,0.0,0.0,0.0,0.0,0.0,0.0,0.0
-7.825,-9.752202,0.0,0.0,0.0,0.0,0.0,0.0,0.0,0.0,0.0,0.0,0.0,0.0,0.0,0.0,0.0,0.0
-7.817,-9.744202,0.0,0.0,0.0,0.0,0.0,0.0,0.0,0.0,0.0,0.0,0.0,0.0,0.0,0.0,0.0,0.0
-7.809,-9.736202,0.0,0.0,0.0,0.0,0.0,0.0,0.0,0.0,0.0,0.0,0.0,0.0,0.0,0.0,0.0,0.0
-7.8,-9.727202,0.0,0.0,0.0,0.0,0.0,0.0,0.0,0.0,0.0,0.0,0.0,0.0,0.0,0.0,0.0,0.0
-7.792,-9.719202,0.0,0.0,0.0,0.0,0.0,0.0,0.0,0.0,0.0,0.0,0.0,0.0,0.0,0.0,0.0,0.0
-7.784,-9.711202,0.0,0.0,0.0,0.0,0.0,0.0,0.0,0.0,0.0,0.0,0.0,0.0,0.0,0.0,0.0,0.0
-7.775,-9.702202,0.0,0.0,0.0,0.0,0.0,0.0,0.0,0.0,0.0,0.0,0.0,0.0,0.0,0.0,0.0,0.0
-7.767,-9.694202,0.0,0.0,0.0,0.0,0.0,0.0,0.0,0.0,0.0,0.0,0.0,0.0,0.0,0.0,0.0,0.0
-7.759,-9.686202,0.0,0.0,0.0,0.0,0.0,0.0,0.0,0.0,0.0,0.0,0.0,0.0,0.0,0.0,0.0,0.0
-7.75,-9.677202,0.0,0.0,0.0,0.0,0.0,0.0,0.0,0.0,0.0,0.0,0.0,0.0,0.0,0.0,0.0,0.0
-7.742,-9.669202,0.0,0.0,0.0,0.0,0.0,0.0,0.0,0.0,0.0,0.0,0.0,0.0,0.0,0.0,0.0,0.0
-7.734,-9.661202,0.0,0.0,0.0,0.0,0.0,0.0,0.0,0.0,0.0,0.0,0.0,0.0,0.0,0.0,0.0,0.0
-7.725,-9.652201999999999,0.0,0.0,0.0,0.0,0.0,0.0,0.0,0.0,0.0,0.0,0.0,0.0,0.0,0.0,0.0,0.0
-7.717,-9.644202,0.0,0.0,0.0,0.0,0.0,0.0,0.0,0.0,0.0,0.0,0.0,0.0,0.0,0.0,0.0,0.0
-7.709,-9.636201999999999,0.0,0.0,0.0,0.0,0.0,0.0,0.0,0.0,0.0,0.0,0.0,0.0,0.0,0.0,0.0,0.0
-7.701,-9.628202,0.0,0.0,0.0,0.0,0.0,0.0,0.0,0.0,0.0,0.0,0.0,0.0,0.0,0.0,0.0,0.0
-7.692,-9.619202,0.0,0.0,0.0,0.0,0.0,0.0,0.0,0.0,0.0,0.0,0.0,0.0,0.0,0.0,0.0,0.0
-7.684,-9.611202,0.0,0.0,0.0,0.0,0.0,0.0,0.0,0.0,0.0,0.0,0.0,0.0,0.0,0.0,0.0,0.0
-7.676,-9.603202,0.0,0.0,0.0,0.0,0.0,0.0,0.0,0.0,0.0,0.0,0.0,0.0,0.0,0.0,0.0,0.0
-7.667,-9.594202,0.0,0.0,0.0,0.0,0.0,0.0,0.0,0.0,0.0,0.0,0.0,0.0,0.0,0.0,0.0,0.0
-7.659,-9.586202,0.0,0.0,0.0,0.0,0.0,0.0,0.0,0.0,0.0,0.0,0.0,0.0,0.0,0.0,0.0,0.0
-7.651,-9.578202,0.0,0.0,0.0,0.0,0.0,0.0,0.0,0.0,0.0,0.0,0.0,0.0,0.0,0.0,0.0,0.0
-7.642,-9.569202,0.0,0.0,0.0,0.0,0.0,0.0,0.0,0.0,0.0,0.0,0.0,0.0,0.0,0.0,0.0,0.0
-7.634,-9.561202,0.0,0.0,0.0,0.0,0.0,0.0,0.0,0.0,0.0,0.0,0.0,0.0,0.0,0.0,0.0,0.0
-7.626,-9.553202,0.0,0.0,0.0,0.0,0.0,0.0,0.0,0.0,0.0,0.0,0.0,0.0,0.0,0.0,0.0,0.0
-7.617,-9.544202,0.0,0.0,0.0,0.0,0.0,0.0,0.0,0.0,0.0,0.0,0.0,0.0,0.0,0.0,0.0,0.0
-7.609,-9.536202,0.0,0.0,0.0,0.0,0.0,0.0,0.0,0.0,0.0,0.0,0.0,0.0,0.0,0.0,0.0,0.0
-7.601,-9.528202,0.0,0.0,0.0,0.0,0.0,0.0,0.0,0.0,0.0,0.0,0.0,0.0,0.0,0.0,0.0,0.0
-7.593,-9.520202,0.0,0.0,0.0,0.0,0.0,0.0,0.0,0.0,0.0,0.0,0.0,0.0,0.0,0.0,0.0,0.0
-7.584,-9.511201999999999,0.0,0.0,0.0,0.0,0.0,0.0,0.0,0.0,0.0,0.0,0.0,0.0,0.0,0.0,0.0,0.0
-7.576,-9.503202,0.0,0.0,0.0,0.0,0.0,0.0,0.0,0.0,0.0,0.0,0.0,0.0,0.0,0.0,0.0,0.0
-7.568,-9.495201999999999,0.0,0.0,0.0,0.0,0.0,0.0,0.0,0.0,0.0,0.0,0.0,0.0,0.0,0.0,0.0,0.0
-7.559,-9.486202,0.0,0.0,0.0,0.0,0.0,0.0,0.0,0.0,0.0,0.0,0.0,0.0,0.0,0.0,0.0,0.0
-7.551,-9.478202,0.0,0.0,0.0,0.0,0.0,0.0,0.0,0.0,0.0,0.0,0.0,0.0,0.0,0.0,0.0,0.0
-7.543,-9.470202,0.0,0.0,0.0,0.0,0.0,0.0,0.0,0.0,0.0,0.0,0.0,0.0,0.0,0.0,0.0,0.0
-7.534,-9.461202,0.0,0.0,0.0,0.0,0.0,0.0,0.0,0.0,0.0,0.0,0.0,0.0,0.0,0.0,0.0,0.0
-7.526,-9.453202,0.0,0.0,0.0,0.0,0.0,0.0,0.0,0.0,0.0,0.0,0.0,0.0,0.0,0.0,0.0,0.0
-7.518,-9.445202,0.0,0.0,0.0,0.0,0.0,0.0,0.0,0.0,0.0,0.0,0.0,0.0,0.0,0.0,0.0,0.0
-7.509,-9.436202,0.0,0.0,0.0,0.0,0.0,0.0,0.0,0.0,0.0,0.0,0.0,0.0,0.0,0.0,0.0,0.0
-7.501,-9.428202,0.0,0.0,0.0,0.0,0.0,0.0,0.0,0.0,0.0,0.0,0.0,0.0,0.0,0.0,0.0,0.0
-7.493,-9.420202,0.0,0.0,0.0,0.0,0.0,0.0,0.0,0.0,0.0,0.0,0.0,0.0,0.0,0.0,0.0,0.0
-7.485,-9.412202,0.0,0.0,0.0,0.0,0.0,0.0,0.0,0.0,0.0,0.0,0.0,0.0,0.0,0.0,0.0,0.0
-7.476,-9.403202,0.0,0.0,0.0,0.0,0.0,0.0,0.0,0.0,0.0,0.0,0.0,0.0,0.0,0.0,0.0,0.0
-7.468,-9.395202,0.0,0.0,0.0,0.0,0.0,0.0,0.0,0.0,0.0,0.0,0.0,0.0,0.0,0.0,0.0,0.0
-7.46,-9.387202,0.0,0.0,0.0,0.0,0.0,0.0,0.0,0.0,0.0,0.0,0.0,0.0,0.0,0.0,0.0,0.0
-7.451,-9.378202,0.0,0.0,0.0,0.0,0.0,0.0,0.0,0.0,0.0,0.0,0.0,0.0,0.0,0.0,0.0,0.0
-7.443,-9.370201999999999,0.0,0.0,0.0,0.0,0.0,0.0,0.0,0.0,0.0,0.0,0.0,0.0,0.0,0.0,0.0,0.0
-7.435,-9.362202,0.0,0.0,0.0,0.0,0.0,0.0,0.0,0.0,0.0,0.0,0.0,0.0,0.0,0.0,0.0,0.0
-7.426,-9.353202,0.0,0.0,0.0,0.0,0.0,0.0,0.0,0.0,0.0,0.0,0.0,0.0,0.0,0.0,0.0,0.0
-7.418,-9.345202,0.0,0.0,0.0,0.0,0.0,0.0,0.0,0.0,0.0,0.0,0.0,0.0,0.0,0.0,0.0,0.0
-7.41,-9.337202,0.0,0.0,0.0,0.0,0.0,0.0,0.0,0.0,0.0,0.0,0.0,0.0,0.0,0.0,0.0,0.0
-7.401,-9.328202,0.0,0.0,0.0,0.0,0.0,0.0,0.0,0.0,0.0,0.0,0.0,0.0,0.0,0.0,0.0,0.0
-7.393,-9.320202,0.0,0.0,0.0,0.0,0.0,0.0,0.0,0.0,0.0,0.0,0.0,0.0,0.0,0.0,0.0,0.0
-7.385,-9.312202,0.0,0.0,0.0,0.0,0.0,0.0,0.0,0.0,0.0,0.0,0.0,0.0,0.0,0.0,0.0,0.0
-7.377,-9.304202,0.0,0.0,0.0,0.0,0.0,0.0,0.0,0.0,0.0,0.0,0.0,0.0,0.0,0.0,0.0,0.0
-7.368,-9.295202,0.0,0.0,0.0,0.0,0.0,0.0,0.0,0.0,0.0,0.0,0.0,0.0,0.0,0.0,0.0,0.0
-7.36,-9.287202,0.0,0.0,0.0,0.0,0.0,0.0,0.0,0.0,0.0,0.0,0.0,0.0,0.0,0.0,0.0,0.0
-7.352,-9.279202,0.0,0.0,0.0,0.0,0.0,0.0,0.0,0.0,0.0,0.0,0.0,0.0,0.0,0.0,0.0,0.0
-7.343,-9.270202,0.0,0.0,0.0,0.0,0.0,0.0,0.0,0.0,0.0,0.0,0.0,0.0,0.0,0.0,0.0,0.0
-7.335,-9.262202,0.0,0.0,0.0,0.0,0.0,0.0,0.0,0.0,0.0,0.0,0.0,0.0,0.0,0.0,0.0,0.0
-7.327,-9.254202,0.0,0.0,0.0,0.0,0.0,0.0,0.0,0.0,0.0,0.0,0.0,0.0,0.0,0.0,0.0,0.0
-7.318,-9.245201999999999,0.0,0.0,0.0,0.0,0.0,0.0,0.0,0.0,0.0,0.0,0.0,0.0,0.0,0.0,0.0,0.0
-7.31,-9.237202,0.0,0.0,0.0,0.0,0.0,0.0,0.0,0.0,0.0,0.0,0.0,0.0,0.0,0.0,0.0,0.0
-7.302,-9.229201999999999,0.0,0.0,0.0,0.0,0.0,0.0,0.0,0.0,0.0,0.0,0.0,0.0,0.0,0.0,0.0,0.0
-7.293,-9.220202,0.0,0.0,0.0,0.0,0.0,0.0,0.0,0.0,0.0,0.0,0.0,0.0,0.0,0.0,0.0,0.0
-7.285,-9.212202,0.0,0.0,0.0,0.0,0.0,0.0,0.0,0.0,0.0,0.0,0.0,0.0,0.0,0.0,0.0,0.0
-7.277,-9.204202,0.0,0.0,0.0,0.0,0.0,0.0,0.0,0.0,0.0,0.0,0.0,0.0,0.0,0.0,0.0,0.0
-7.269,-9.196202,0.0,0.0,0.0,0.0,0.0,0.0,0.0,0.0,0.0,0.0,0.0,0.0,0.0,0.0,0.0,0.0
-7.26,-9.187202,0.0,0.0,0.0,0.0,0.0,0.0,0.0,0.0,0.0,0.0,0.0,0.0,0.0,0.0,0.0,0.0
-7.252,-9.179202,0.0,0.0,0.0,0.0,0.0,0.0,0.0,0.0,0.0,0.0,0.0,0.0,0.0,0.0,0.0,0.0
-7.244,-9.171202,0.0,0.0,0.0,0.0,0.0,0.0,0.0,0.0,0.0,0.0,0.0,0.0,0.0,0.0,0.0,0.0
-7.235,-9.162202,0.0,0.0,0.0,0.0,0.0,0.0,0.0,0.0,0.0,0.0,0.0,0.0,0.0,0.0,0.0,0.0
-7.227,-9.154202,0.0,0.0,0.0,0.0,0.0,0.0,0.0,0.0,0.0,0.0,0.0,0.0,0.0,0.0,0.0,0.0
-7.219,-9.146202,0.0,0.0,0.0,0.0,0.0,0.0,0.0,0.0,0.0,0.0,0.0,0.0,0.0,0.0,0.0,0.0
-7.21,-9.137202,0.0,0.0,0.0,0.0,0.0,0.0,0.0,0.0,0.0,0.0,0.0,0.0,0.0,0.0,0.0,0.0
-7.202,-9.129202,0.0,0.0,0.0,0.0,0.0,0.0,0.0,0.0,0.0,0.0,0.0,0.0,0.0,0.0,0.0,0.0
-7.194,-9.121202,0.0,0.0,0.0,0.0,0.0,0.0,0.0,0.0,0.0,0.0,0.0,0.0,0.0,0.0,0.0,0.0
-7.185,-9.112202,0.0,0.0,0.0,0.0,0.0,0.0,0.0,0.0,0.0,0.0,0.0,0.0,0.0,0.0,0.0,0.0
-7.177,-9.104201999999999,0.0,0.0,0.0,0.0,0.0,0.0,0.0,0.0,0.0,0.0,0.0,0.0,0.0,0.0,0.0,0.0
-7.169,-9.096202,0.0,0.0,0.0,0.0,0.0,0.0,0.0,0.0,0.0,0.0,0.0,0.0,0.0,0.0,0.0,0.0
-7.161,-9.088201999999999,0.0,0.0,0.0,0.0,0.0,0.0,0.0,0.0,0.0,0.0,0.0,0.0,0.0,0.0,0.0,0.0
-7.152,-9.079202,0.0,0.0,0.0,0.0,0.0,0.0,0.0,0.0,0.0,0.0,0.0,0.0,0.0,0.0,0.0,0.0
-7.144,-9.071202,0.0,0.0,0.0,0.0,0.0,0.0,0.0,0.0,0.0,0.0,0.0,0.0,0.0,0.0,0.0,0.0
-7.136,-9.063202,0.0,0.0,0.0,0.0,0.0,0.0,0.0,0.0,0.0,0.0,0.0,0.0,0.0,0.0,0.0,0.0
-7.127,-9.054202,0.0,0.0,0.0,0.0,0.0,0.0,0.0,0.0,0.0,0.0,0.0,0.0,0.0,0.0,0.0,0.0
-7.119,-9.046202,1.1985e-05,1.9442e-10,1.0761e-09,7.1818e-12,3.9010000000000004e-06,1.26975e-09,4.36665865e-11,1.5825e-06,4.041e-09,2.3440671499999997e-10,6.617e-08,1.3538068719999998e-06,0.0,3.1190000000000003e-08,4.97604045e-07,1.7835273000000001e-09
-7.111,-9.038202,0.02333,3.786e-07,2.0953e-06,1.398428e-08,0.0075945000000000006,2.4721499999999997e-06,8.502729399999999e-08,0.0030815,7.868500000000001e-06,4.5644096e-07,0.00012885000000000001,0.0026359133809999995,0.0,6.0740000000000005e-05,0.0009690078760000001,3.4720120000000003e-06
-7.102,-9.029202,0.0912,1.48e-06,8.193000000000001e-06,5.46798e-08,0.029695,9.665999999999999e-06,3.3250126e-07,0.01205,3.0763e-05,1.78465565e-06,0.0005037,0.010307052306999999,0.0,0.0002375,0.003788630795,1.3578543e-05
-7.094,-9.021202,0.1974,3.196e-06,1.87015e-05,1.24743e-07,0.064285,2.1872499999999998e-05,7.214467149999999e-07,0.026035000000000003,6.9775e-05,3.8803340999999995e-06,0.0011015,0.022295127240000004,0.0,0.0005186,0.008194074365,2.9624050000000003e-05
-7.086,-9.013202,0.321,5.174e-06,3.4968e-05,2.329497e-07,0.1047,4.0054999999999995e-05,1.1829423999999998e-06,0.042185,0.00012848999999999998,6.397657850000001e-06,0.0018454500000000002,0.036244772545,0.0,0.0008658,0.0133201571,4.9328470000000005e-05
-7.077,-9.004202,0.4409,7.046e-06,5.9350000000000006e-05,3.9503914999999996e-07,0.14415,6.5355e-05,1.6802153e-06,0.057565000000000005,0.00021119999999999998,9.24383625e-06,0.00267185,0.04971248882,0.0,0.0012325,0.018281274950000002,7.011586e-05
-7.069,-8.996202,0.518,8.186e-06,8.8265e-05,5.6784515e-07,0.16985,9.068999999999999e-05,2.1301502e-06,0.06705,0.000296565,1.20469775e-05,0.0033218499999999995,0.05833077346000001,0.0,0.0015232,0.0214344148,8.639298000000001e-05
-7.061,-8.988202,0.556,8.682e-06,0.00011912500000000001,7.295415000000002e-07,0.18305,0.00011347500000000001,2.53624075e-06,0.07132,0.00037615,1.4778062999999999e-05,0.0037722999999999997,0.062571106,0.0,0.0017446,0.0229465763,9.848423999999999e-05
-7.053,-8.980202,0.586,9.04e-06,0.00015171,8.84824e-07,0.19355,0.00013508,2.9275888999999997e-06,0.07445,0.00045355,1.7469563e-05,0.00417,0.06587748304999999,0.0,0.0019545,0.024092764399999998,0.0001098621
-7.044,-8.971202,0.62,9.46e-06,0.0001891,1.058988e-06,0.20565,0.00015910500000000002,3.3473235000000002e-06,0.078085,0.0005408500000000001,2.0373043999999997e-05,0.004618000000000001,0.06968196930000001,0.0,0.00219,0.0254189988,0.0001226888
-7.036,-8.963201999999999,0.663,1.0012e-05,0.00023222,1.2530920000000001e-06,0.22065,0.000185515,3.845572e-06,0.082785,0.00063775,2.3821472500000004e-05,0.00514,0.07448256310000001,0.0,0.002463,0.0270993033,0.000137582
-7.028,-8.955202,0.712,1.0644e-05,0.00028168,1.4658975e-06,0.23765,0.00021325,4.4469195e-06,0.088135,0.0007408,2.8074195999999995e-05,0.005717,0.079878235,0.0,0.0027530000000000002,0.02901167105,0.0001536296
-7.019,-8.946202,0.7605,1.1262999999999999e-05,0.000336355,1.6989840000000001e-06,0.2546,0.00024226500000000003,5.1043185e-06,0.093385,0.0008498,3.2848055999999994e-05,0.006333,0.08523396099999998,0.0,0.00304,0.030930045000000003,0.00016974839999999998
-7.011,-8.938202,0.8055,1.182e-05,0.00039427,1.9379839999999995e-06,0.27049999999999996,0.00027113500000000004,5.8047495e-06,0.098125,0.0009594500000000001,3.8017005000000006e-05,0.006943,0.0901847079,0.0,0.003319,0.032707924,0.0001854901
-7.003,-8.930202,0.8485,1.234e-05,0.000455545,2.1825125e-06,0.2858,0.00029993999999999995,6.549728e-06,0.10255,0.00107005,4.3576074500000005e-05,0.007553000000000001,0.09490047210000001,0.0,0.003597,0.03439882,0.00020117289999999996
-6.994,-8.921202,0.8955,1.2914e-05,0.00052486,2.451285e-06,0.3025,0.00033115,7.339436e-06,0.1074,0.0011920000000000001,4.9525734999999995e-05,0.0082225,0.10007640070000001,0.0,0.0038970000000000003,0.036253297000000004,0.0002181893
-6.986,-8.913202,0.947,1.354e-05,0.000603165,2.7491639999999997e-06,0.3208,0.0003654,8.169411500000002e-06,0.11265,0.0013273500000000001,5.583609e-05,0.008962,0.10567753499999999,0.0,0.0042190000000000005,0.038285865,0.0002366858
-6.978,-8.905202,1.0025,1.4218e-05,0.000691,3.0756415e-06,0.3406,0.00040235,9.042662500000001e-06,0.1183,0.0014759,6.2552155e-05,0.009769,0.11173886699999998,0.0,0.004567,0.040484522,0.00025667089999999995
-6.969,-8.896202,1.0525,1.4784e-05,0.0007980999999999999,3.416846e-06,0.35875,0.00044005,1.0004418e-05,0.123,0.0016328500000000001,7.027978e-05,0.010568999999999999,0.11714037499999998,0.0,0.004935999999999999,0.042385271,0.000277995
-6.961,-8.888202,1.0915,1.51545e-05,0.0009293999999999999,3.764888e-06,0.3736,0.00047664999999999996,1.1078774999999998e-05,0.12605,0.00179495,7.935932e-05,0.011320999999999998,0.12136206299999999,0.0,0.005325,0.04378610200000001,0.00030028279999999997
-6.953,-8.880202,1.126,1.5445e-05,0.0010761,4.113282000000001e-06,0.387,0.0005118,1.21989585e-05,0.1284,0.00195755,8.913992e-05,0.012045499999999999,0.125063871,0.0,0.005718,0.044986988,0.0003230489
-6.945,-8.872202,1.162,1.5771e-05,0.0012301,4.4564764999999995e-06,0.40105,0.0005456,1.3380652499999999e-05,0.13105,0.0021166500000000003,9.957551e-05,0.012768000000000002,0.12900069500000003,0.0,0.006115000000000001,0.046227937,0.00034598280000000005
-6.936,-8.863202,1.1995,1.6102999999999998e-05,0.0014004,4.818743499999999e-06,0.41565,0.00057895,1.4751894e-05,0.13374999999999998,0.0022775499999999997,0.00011180618999999999,0.013530499999999999,0.13304754400000002,0.0,0.00652,0.047548935,0.0003696804
-6.928,-8.855202,1.239,1.6422e-05,0.0016042,5.245446e-06,0.43115000000000003,0.0006152,1.6503765e-05,0.13635,0.002453,0.00012761726500000003,0.014414500000000002,0.13720448200000002,0.0,0.0069359999999999995,0.048969984,0.00039455
-6.92,-8.847202,1.278,1.6727e-05,0.00182455,5.684342e-06,0.4466,0.0006508,1.8354215e-05,0.13885,0.0026296,0.00014459861,0.015318,0.14127651400000002,0.0,0.007351,0.050351084,0.0004196734
-6.911,-8.838201999999999,1.3165,1.7034e-05,0.0020589000000000002,6.1183235000000005e-06,0.46204999999999996,0.0006858,2.008965e-05,0.1412,0.0028111,0.000160901185,0.016205,0.145338864,0.0,0.00778,0.051712388000000005,0.00044570000000000005
-6.903,-8.830202,1.358,1.7364e-05,0.0023311,6.6020895e-06,0.47875,0.0007241999999999999,2.1896440000000002e-05,0.1436,0.0030174,0.000178230935,0.017190999999999998,0.149661827,0.0,0.008251,0.053154008999999995,0.00047440460000000004
-6.895,-8.822201999999999,1.4025,1.7735e-05,0.00263235,7.1057145e-06,0.49665000000000004,0.0007631000000000001,2.3733649999999996e-05,0.14615,0.003234,0.00019621693499999998,0.018224999999999998,0.154310135,0.0,0.00874,0.054715851,0.0005044734
-6.886,-8.813202,1.4495,1.8141e-05,0.0029535000000000004,7.611312e-06,0.51525,0.0008010999999999999,2.557396e-05,0.14895,0.0034530000000000003,0.00021467835,0.019274,0.159173587,0.0,0.009233,0.056342771,0.0005351272
-6.878,-8.805202,1.497,1.857e-05,0.0032952,8.122993999999999e-06,0.5344,0.0008385500000000001,2.7457875e-05,0.1519,0.0036715,0.00023362514499999996,0.0203395,0.16420716400000002,0.0,0.009732000000000001,0.058059759,0.0005661928000000001
-6.87,-8.797202,1.5465,1.9013e-05,0.00365975,8.638733999999999e-06,0.5539499999999999,0.0008755499999999999,2.939545e-05,0.15495,0.003892,0.00025353246999999996,0.021418,0.16934082799999997,0.0,0.010239,0.05980189699999999,0.000597949
-6.861,-8.788202,1.596,1.9463e-05,0.00404515,9.156505e-06,0.5738000000000001,0.0009118500000000001,3.1366695e-05,0.158,0.004114,0.000273930325,0.0224985,0.174569552,0.0,0.010756,0.06154419,0.0006302581999999999
-6.853,-8.780202,1.6465,1.9916e-05,0.0044566,9.682338499999999e-06,0.59395,0.0009483,3.3388175000000005e-05,0.16105,0.0043395,0.00029503899,0.023596500000000003,0.17983842,0.0,0.011283000000000001,0.06330664999999999,0.0006635818
-6.845,-8.772202,1.698,2.037e-05,0.00489525,1.0220244000000001e-05,0.6144000000000001,0.00098475,3.545489e-05,0.16410000000000002,0.0045685,0.00031691844,0.024716500000000002,0.185202439,0.0,0.011825000000000002,0.06506928000000001,0.0006976479999999999
-6.837,-8.764202,1.7505,2.0830000000000002e-05,0.0053892,1.07922835e-05,0.63565,0.0010217,3.7751855e-05,0.16715000000000002,0.004806,0.00034158877999999996,0.025903499999999996,0.1906866545,0.0,0.01238,0.06693208,0.0007331676
-6.828,-8.755202,1.806,2.129e-05,0.0059644,1.1426504e-05,0.65815,0.0010593500000000001,4.043403e-05,0.17015,0.0050535,0.00037081013,0.027204,0.19637105900000001,0.0,0.012953000000000001,0.06887503,0.0007703306
-6.82,-8.747202,1.864,2.172e-05,0.006724750000000001,1.21380615e-05,0.6820999999999999,0.00109815,4.3527485e-05,0.1729,0.005325,0.00040593597,0.028645999999999998,0.20224604300000004,0.0,0.013579,0.0708983,0.0008117797999999999
-6.812,-8.739202,1.9265,2.2100000000000002e-05,0.008021,1.3019427e-05,0.7089,0.00113915,4.7220645e-05,0.17455,0.005667,0.000451878885,0.030361,0.2083929,0.0,0.01437,0.07288241000000001,0.0008661289999999999
-6.803,-8.730202,1.9925,2.248e-05,0.009622,1.3958319e-05,0.7375499999999999,0.0011792,5.113085e-05,0.17604999999999998,0.0060305,0.0005026299800000001,0.032177,0.21488570299999998,0.0,0.015226,0.0749474,0.0009258150000000001
-6.795,-8.722202,2.0615,2.292e-05,0.011366,1.48998545e-05,0.76725,0.00121765,5.502627e-05,0.1779,0.006395,0.00055398195,0.03402,0.22168886,0.0,0.016075,0.07713291,0.0009856385
-6.787,-8.714202,2.133,2.339e-05,0.013335,1.5868893e-05,0.798,0.0012553,5.899772e-05,0.17975,0.006770999999999999,0.0006076382,0.035914999999999996,0.22869752,0.0,0.016953000000000003,0.0793789,0.0010480805000000002
-6.778,-8.705202,2.2065,2.387e-05,0.0155215,1.684631e-05,0.8295,0.00129175,6.3010225e-05,0.18155,0.0071535,0.00066299885,0.037818,0.23594652000000002,0.0,0.0178695,0.08163049,0.001113471
-6.77,-8.697201999999999,2.2835,2.438e-05,0.017962,1.7834205e-05,0.8623000000000001,0.0013272499999999999,6.706385000000001e-05,0.1835,0.007548,0.0007205645500000001,0.039750999999999995,0.24353614500000004,0.0,0.018834999999999998,0.08395282000000001,0.0011826154999999999
-6.762,-8.689202,2.364,2.4909999999999997e-05,0.0206725,1.8853165000000002e-05,0.8967499999999999,0.00136195,7.133361999999999e-05,0.1855,0.007954,0.0007819352,0.041741499999999994,0.25151638,0.0,0.0198705,0.08632096,0.0012563775
-6.753,-8.680202,2.4485,2.546e-05,0.023693,1.9898479999999998e-05,0.9327000000000001,0.0013954,7.581973e-05,0.18764999999999998,0.008371,0.0008468112999999999,0.043785,0.259907255,0.0,0.0209665,0.08875004,0.001334305
-6.745,-8.672202,2.5365,2.605e-05,0.027107999999999997,2.0966845e-05,0.9701,0.00142785,8.042261e-05,0.1899,0.008798499999999999,0.00091454395,0.045865,0.26862876999999996,0.0,0.022095,0.09126555,0.0014158480000000001
-6.737,-8.664202,2.6275,2.666e-05,0.030924999999999998,2.206305e-05,1.0086,0.0014594999999999999,8.515202e-05,0.1921,0.009237,0.0009850830500000001,0.047990000000000005,0.27765090000000003,0.0,0.023280000000000002,0.09382763,0.001500708
-6.729,-8.656202,2.7215,2.7289999999999998e-05,0.035181500000000004,2.3188604999999997e-05,1.04785,0.0014906,9.002806999999999e-05,0.19435,0.009687499999999998,0.0010584784,0.05016,0.286913675,0.0,0.024489999999999998,0.09642642000000001,0.0015892825000000002
-6.72,-8.647202,2.8235,2.7955000000000003e-05,0.0404635,2.441485e-05,1.091,0.0015214,9.530167000000001e-05,0.19665,0.010168,0.0011393932,0.05251999999999999,0.29681827499999996,0.0,0.02579,0.09924331,0.0016847055000000003
-6.712,-8.639202,2.956,2.879e-05,0.048206,2.6067180000000002e-05,1.146,0.00155835,0.00010280094,0.1997,0.010753500000000001,0.00125150705,0.0557,0.3092973,0.0,0.027299999999999998,0.10312627999999999,0.0018004024999999997
-6.704,-8.631202,3.12,2.9769999999999998e-05,0.05843949999999999,2.810095e-05,1.2135,0.0016015500000000002,0.00011250729999999999,0.20379999999999998,0.011436499999999999,0.0013948151999999998,0.059605000000000005,0.324630565,0.0,0.02912,0.107995705,0.001940507
-6.695,-8.622202,3.296,3.081e-05,0.071149,3.0177425000000002e-05,1.2845,0.00164395,0.0001226118,0.20805,0.0121595,0.0015451487,0.063565,0.34111792499999993,0.0,0.03118,0.1128789,0.002096003
-6.687,-8.614202,3.4895,3.196e-05,0.087825,3.2355705e-05,1.3615,0.0016859,0.0001336072,0.21275,0.012934000000000001,0.00170733305,0.0677,0.35912594,0.0,0.0335,0.11798575000000001,0.002268648
-6.679,-8.606202,3.7,3.319e-05,0.10919000000000001,3.4624325e-05,1.443,0.00172735,0.00014526079999999998,0.21785,0.013746,0.00187868475,0.07196999999999999,0.37842993,0.0,0.036000000000000004,0.12329885,0.0024551345
-6.67,-8.597202,3.9265,3.4485e-05,0.13496000000000002,3.6995565e-05,1.5285,0.00176875,0.00015757854999999999,0.2232,0.014593499999999999,0.0020603736999999997,0.076375,0.39882439000000003,0.0,0.038695,0.12881765,0.0026545345
-6.662,-8.589202,4.169,3.584e-05,0.16516,3.949375e-05,1.6195,0.0018104,0.0001706643,0.22895,0.015482,0.0022530985,0.08098,0.420569365,0.0,0.04157,0.13457195,0.0028692565
-6.654,-8.581202,4.3375,3.658e-05,0.198385,4.1336899999999994e-05,1.6795,0.00180635,0.00018046325000000001,0.22905,0.016105500000000002,0.0024039505,0.08421000000000001,0.43351361,0.0,0.04351,0.137819,0.0030255889999999995
-6.645,-8.572201999999999,4.3465,3.596e-05,0.24555,4.1885300000000004e-05,1.669,0.0017084000000000001,0.00018222705,0.21675,0.0161375,0.0024549015,0.0846,0.42639342999999996,0.0,0.04309,0.13602029999999998,0.0030372909999999997
-6.637,-8.564202,4.7585,3.712e-05,0.33082,4.5970700000000004e-05,1.8035,0.00173515,0.0002118132,0.22565,0.01709,0.002846078,0.0915,0.45847799000000006,0.0,0.047619999999999996,0.14429265,0.0033708175
-6.629,-8.556201999999999,5.68,3.916e-05,0.458005,5.39553e-05,2.1254999999999997,0.0018199499999999999,0.0003017855,0.2623,0.0185545,0.0038790200000000004,0.10543999999999999,0.544162285,0.0,0.06107,0.16150465,0.0042226105
-6.621,-8.548202,5.645,3.972e-05,0.64733,5.4050499999999994e-05,2.0265,0.0017458500000000002,0.00024757450000000003,0.2289,0.019298,0.003412804,0.10356000000000001,0.507590145,0.0,0.05423,0.1585826,0.0039414955
-6.612,-8.539202,6.035,4.214e-05,0.9588000000000001,5.87283e-05,2.0365,0.00176395,0.000212984,0.20825,0.0208675,0.0031990965,0.10979499999999999,0.4936216849999999,0.0,0.04775,0.169033,0.0037695975
-6.604,-8.531202,7.21,4.63e-05,1.5116,6.82913e-05,2.242,0.00185085,0.0002364495,0.21295,0.023357500000000003,0.003571545,0.124015,0.5338547499999999,0.0,0.049545,0.19122699999999998,0.004108262
-6.596,-8.523202,15.055,5.3620000000000005e-05,6.9574,8.556499999999998e-05,2.5085,0.001966,0.000452895,0.22055000000000002,0.0265455,0.0044342,0.143055,0.6053404,0.0,0.052545,0.253095,0.0045709955
-6.587,-8.514202,22.54,7.155e-05,12.33,0.000113259,2.69,0.00196075,0.00058307,0.20915,0.029827,0.00483185,0.15657000000000001,0.6539183,0.0,0.05764,0.29715,0.0051353855
-6.579,-8.506202,28.265,8.563e-05,15.869,0.000152272,3.194,0.00203555,0.00065,0.21885,0.035454,0.00586035,0.190795,0.7612434,0.0,0.06906,0.35067000000000004,0.006396384999999999
-6.571,-8.498202,38.05,0.00011036,22.553,0.00020592100000000002,3.6655,0.00200885,0.00078885,0.2192,0.040465,0.007083600000000001,0.22746,0.861352,0.0,0.08016500000000001,0.41962999999999995,0.007710445
-6.562,-8.489202,48.855,0.0001284,29.664,0.00027324,4.3905,0.0018047,0.00095185,0.22965,0.04388,0.009875499999999999,0.279735,1.001795,0.0,0.09298500000000001,0.50021,0.010050569999999998
-6.554,-8.481202,67.45,0.00016429000000000001,42.663000000000004,0.000382085,5.2145,0.0017387,0.0010994,0.19625,0.052435,0.0120654,0.34134000000000003,1.1530044999999998,0.0,0.10364000000000001,0.610245,0.013103895
-6.546,-8.473202,71.35,0.00013382,46.298500000000004,0.00041845,4.928,0.0012958,0.0011099,0.1449,0.046465,0.012457550000000001,0.30763499999999994,1.083502,0.0,0.10853499999999999,0.55799,0.01426525
-6.537,-8.464202,96.15,0.00023539999999999998,63.408500000000004,0.00052099,6.1685,0.0015312999999999998,0.0014367,0.1406,0.055995,0.01675835,0.37557000000000007,1.3747699999999998,0.0,0.13813,0.656665,0.0188938
-6.529,-8.456202,116.9,0.000199235,85.62,0.000411,2.262,0.0018568,0.00148305,0.064335,0.0226685,0.00790615,0.199765,0.7119000000000001,0.0,0.18197500000000003,0.37416,0.009562145000000001
-6.521,-8.448202,158.1,0.0002295,117.175,0.00039839,2.2925,0.0045605,0.0016809,0.09708,0.026518,0.008267550000000002,0.228545,0.8562600000000001,0.0,0.31884999999999997,0.38393,0.010580580000000001
-6.513,-8.440202,189.2,0.00025939999999999996,142.6,0.00031937999999999997,1.4945,0.009091,0.00160235,0.05897,0.02774,0.006309250000000001,0.21902,0.76414,0.0,0.2173,0.353425,0.008374
-6.504,-8.431201999999999,232.75,0.0002994,174.675,0.00031976,2.598,0.009664,0.0019552500000000004,0.071115,0.04078,0.00948935,0.3495400000000001,1.0955300000000001,0.0,0.259,0.352005,0.01181755
-6.496,-8.423202,184.8,0.00034345,138.25,0.00022605500000000002,2.5765000000000002,0.0068565,0.001182305,0.051775,0.03452,0.00984415,0.344525,0.8611650000000001,0.0,0.2295,0.32075,0.012845249999999999
-6.488,-8.415202,203.05,0.0003723,153.53,0.000161595,2.104,0.0052995,0.00100222,0.057569999999999996,0.025262999999999997,0.00980365,0.43955,0.659755,0.0,0.2358,0.28322,0.015228900000000002
-6.479,-8.406202,265.35,0.000189165,193.79500000000002,0.00020920299999999998,7.031499999999999,0.00326335,0.000926625,0.15145,0.06351000000000001,0.02785905,1.05405,1.6356850000000003,0.0,0.5887,0.65019,0.023842
-6.471,-8.398202,54.85,3.4215e-05,33.884,0.000103485,5.1825,0.00044545,0.00017252,0.07378,0.03381,0.02060907,0.5398999999999999,1.0441545,0.0,0.29100000000000004,0.419998,0.006943935
-6.463,-8.390202,4.108,3.0450000000000005e-06,1.97895,1.46818e-05,0.7274499999999999,2.6951e-05,1.4938149999999999e-05,0.009887,0.0035473500000000003,0.003191135,0.06915500000000001,0.14103124,0.0,0.03623,0.058336645,0.0007075498999999999
-6.454,-8.381202,0.09925,7.2705e-08,0.0275725,5.7324435e-07,0.029795000000000002,7.999e-07,3.795685e-07,0.00028995,0.00014158999999999998,0.00013124489,0.0027817499999999995,0.0057153314,0.0,0.0014389,0.00235015705,3.0246930000000006e-05
-6.446,-8.373202,0.0,0.0,0.0,0.0,0.0,0.0,0.0,0.0,0.0,0.0,0.0,0.0,0.0,0.0,0.0,0.0
-6.438,-8.365202,0.0,0.0,0.0,0.0,0.0,0.0,0.0,0.0,0.0,0.0,0.0,0.0,0.0,0.0,0.0,0.0
-6.429,-8.356202,0.0,0.0,0.0,0.0,0.0,0.0,0.0,0.0,0.0,0.0,0.0,0.0,0.0,0.0,0.0,0.0
-6.421,-8.348202,0.0,0.0,0.0,0.0,0.0,0.0,0.0,0.0,0.0,0.0,0.0,0.0,0.0,0.0,0.0,0.0
-6.413,-8.340202,0.0,0.0,0.0,0.0,0.0,0.0,0.0,0.0,0.0,0.0,0.0,0.0,0.0,0.0,0.0,0.0
-6.405,-8.332202,0.0,0.0,0.0,0.0,0.0,0.0,0.0,0.0,0.0,0.0,0.0,0.0,0.0,0.0,0.0,0.0
-6.396,-8.323202,0.0,0.0,0.0,0.0,0.0,0.0,0.0,0.0,0.0,0.0,0.0,0.0,0.0,0.0,0.0,0.0
-6.388,-8.315202,0.0,0.0,0.0,0.0,0.0,0.0,0.0,0.0,0.0,0.0,0.0,0.0,0.0,0.0,0.0,0.0
-6.38,-8.307202,0.0,0.0,0.0,0.0,0.0,0.0,0.0,0.0,0.0,0.0,0.0,0.0,0.0,0.0,0.0,0.0
-6.371,-8.298202,0.0,0.0,0.0,0.0,0.0,0.0,0.0,0.0,0.0,0.0,0.0,0.0,0.0,0.0,0.0,0.0
-6.363,-8.290202,0.0,0.0,0.0,0.0,0.0,0.0,0.0,0.0,0.0,0.0,0.0,0.0,0.0,0.0,0.0,0.0
-6.355,-8.282202,0.0,0.0,0.0,0.0,0.0,0.0,0.0,0.0,0.0,0.0,0.0,0.0,0.0,0.0,0.0,0.0
-6.346,-8.273202,0.0,0.0,0.0,0.0,0.0,0.0,0.0,0.0,0.0,0.0,0.0,0.0,0.0,0.0,0.0,0.0
-6.338,-8.265202,0.0,0.0,0.0,0.0,0.0,0.0,0.0,0.0,0.0,0.0,0.0,0.0,0.0,0.0,0.0,0.0
-6.33,-8.257202,0.0,0.0,0.0,0.0,0.0,0.0,0.0,0.0,0.0,0.0,0.0,0.0,0.0,0.0,0.0,0.0
-6.321,-8.248202,0.0,0.0,0.0,0.0,0.0,0.0,0.0,0.0,0.0,0.0,0.0,0.0,0.0,0.0,0.0,0.0
-6.313,-8.240202,0.0,0.0,0.0,0.0,0.0,0.0,0.0,0.0,0.0,0.0,0.0,0.0,0.0,0.0,0.0,0.0
-6.305,-8.232202,0.0,0.0,0.0,0.0,0.0,0.0,0.0,0.0,0.0,0.0,0.0,0.0,0.0,0.0,0.0,0.0
-6.297,-8.224202,0.0,0.0,0.0,0.0,0.0,0.0,0.0,0.0,0.0,0.0,0.0,0.0,0.0,0.0,0.0,0.0
-6.288,-8.215202,0.0,0.0,0.0,0.0,0.0,0.0,0.0,0.0,0.0,0.0,0.0,0.0,0.0,0.0,0.0,0.0
-6.28,-8.207202,0.0,0.0,0.0,0.0,0.0,0.0,0.0,0.0,0.0,0.0,0.0,0.0,0.0,0.0,0.0,0.0
-6.272,-8.199202,0.0,0.0,0.0,0.0,0.0,0.0,0.0,0.0,0.0,0.0,0.0,0.0,0.0,0.0,0.0,0.0
-6.263,-8.190202,0.0,0.0,0.0,0.0,0.0,0.0,0.0,0.0,0.0,0.0,0.0,0.0,0.0,0.0,0.0,0.0
-6.255,-8.182202,0.0,0.0,0.0,0.0,0.0,0.0,0.0,0.0,0.0,0.0,0.0,0.0,0.0,0.0,0.0,0.0
-6.247,-8.174202,0.0,0.0,0.0,0.0,0.0,0.0,0.0,0.0,0.0,0.0,0.0,0.0,0.0,0.0,0.0,0.0
-6.238,-8.165202,0.0,0.0,0.0,0.0,0.0,0.0,0.0,0.0,0.0,0.0,0.0,0.0,0.0,0.0,0.0,0.0
-6.23,-8.157202,0.0,0.0,0.0,0.0,0.0,0.0,0.0,0.0,0.0,0.0,0.0,0.0,0.0,0.0,0.0,0.0
-6.222,-8.149202,0.0,0.0,0.0,0.0,0.0,0.0,0.0,0.0,0.0,0.0,0.0,0.0,0.0,0.0,0.0,0.0
-6.213,-8.140202,0.0,0.0,0.0,0.0,0.0,0.0,0.0,0.0,0.0,0.0,0.0,0.0,0.0,0.0,0.0,0.0
-6.205,-8.132202,0.0,0.0,0.0,0.0,0.0,0.0,0.0,0.0,0.0,0.0,0.0,0.0,0.0,0.0,0.0,0.0
-6.197,-8.124202,0.0,0.0,0.0,0.0,0.0,0.0,0.0,0.0,0.0,0.0,0.0,0.0,0.0,0.0,0.0,0.0
-6.189,-8.116202,0.0,0.0,0.0,0.0,0.0,0.0,0.0,0.0,0.0,0.0,0.0,0.0,0.0,0.0,0.0,0.0
-6.18,-8.107202,0.0,0.0,0.0,0.0,0.0,0.0,0.0,0.0,0.0,0.0,0.0,0.0,0.0,0.0,0.0,0.0
-6.172,-8.099202,0.0,0.0,0.0,0.0,0.0,0.0,0.0,0.0,0.0,0.0,0.0,0.0,0.0,0.0,0.0,0.0
-6.164,-8.091202,0.0,0.0,0.0,0.0,0.0,0.0,0.0,0.0,0.0,0.0,0.0,0.0,0.0,0.0,0.0,0.0
-6.155,-8.082202,0.0,0.0,0.0,0.0,0.0,0.0,0.0,0.0,0.0,0.0,0.0,0.0,0.0,0.0,0.0,0.0
-6.147,-8.074202,0.0,0.0,0.0,0.0,0.0,0.0,0.0,0.0,0.0,0.0,0.0,0.0,0.0,0.0,0.0,0.0
-6.139,-8.066202,0.0,0.0,0.0,0.0,0.0,0.0,0.0,0.0,0.0,0.0,0.0,0.0,0.0,0.0,0.0,0.0
-6.13,-8.057202,0.0,0.0,0.0,0.0,0.0,0.0,0.0,0.0,0.0,0.0,0.0,0.0,0.0,0.0,0.0,0.0
-6.122,-8.049202,0.0,0.0,0.0,0.0,0.0,0.0,0.0,0.0,0.0,0.0,0.0,0.0,0.0,0.0,0.0,0.0
-6.114,-8.041202,0.0,0.0,0.0,0.0,0.0,0.0,0.0,0.0,0.0,0.0,0.0,0.0,0.0,0.0,0.0,0.0
-6.105,-8.032202,0.0,0.0,0.0,0.0,0.0,0.0,0.0,0.0,0.0,0.0,0.0,0.0,0.0,0.0,0.0,0.0
-6.097,-8.024202,0.0,0.0,0.0,0.0,0.0,0.0,0.0,0.0,0.0,0.0,0.0,0.0,0.0,0.0,0.0,0.0
-6.089,-8.016202,0.0,0.0,0.0,0.0,0.0,0.0,0.0,0.0,0.0,0.0,0.0,0.0,0.0,0.0,0.0,0.0
-6.081,-8.008202,0.0,0.0,0.0,0.0,0.0,0.0,0.0,0.0,0.0,0.0,0.0,0.0,0.0,0.0,0.0,0.0
-6.072,-7.999202,0.0,0.0,0.0,0.0,0.0,0.0,0.0,0.0,0.0,0.0,0.0,0.0,0.0,0.0,0.0,0.0
-6.064,-7.991202,0.0,0.0,0.0,0.0,0.0,0.0,0.0,0.0,0.0,0.0,0.0,0.0,0.0,0.0,0.0,0.0
-6.056,-7.983202,0.0,0.0,0.0,0.0,0.0,0.0,0.0,0.0,0.0,0.0,0.0,0.0,0.0,0.0,0.0,0.0
-6.047,-7.974202,0.0,0.0,0.0,0.0,0.0,0.0,0.0,0.0,0.0,0.0,0.0,0.0,0.0,0.0,0.0,0.0
-6.039,-7.966202,0.0,0.0,0.0,0.0,0.0,0.0,0.0,0.0,0.0,0.0,0.0,0.0,0.0,0.0,0.0,0.0
-6.031,-7.958202,0.0,0.0,0.0,0.0,0.0,0.0,0.0,0.0,0.0,0.0,0.0,0.0,0.0,0.0,0.0,0.0
-6.022,-7.9492020000000005,0.0,0.0,0.0,0.0,0.0,0.0,0.0,0.0,0.0,0.0,0.0,0.0,0.0,0.0,0.0,0.0
-6.014,-7.9412020000000005,0.0,0.0,0.0,0.0,0.0,0.0,0.0,0.0,0.0,0.0,0.0,0.0,0.0,0.0,0.0,0.0
-6.006,-7.9332020000000005,0.0,0.0,0.0,0.0,0.0,0.0,0.0,0.0,0.0,0.0,0.0,0.0,0.0,0.0,0.0,0.0
-5.997,-7.924202,0.0,0.0,0.0,0.0,0.0,0.0,0.0,0.0,0.0,0.0,0.0,0.0,0.0,0.0,0.0,0.0
-5.989,-7.916202,0.0,0.0,0.0,0.0,0.0,0.0,0.0,0.0,0.0,0.0,0.0,0.0,0.0,0.0,0.0,0.0
-5.981,-7.908202,0.0,0.0,0.0,0.0,0.0,0.0,0.0,0.0,0.0,0.0,0.0,0.0,0.0,0.0,0.0,0.0
-5.973,-7.900202,0.0,0.0,0.0,0.0,0.0,0.0,0.0,0.0,0.0,0.0,0.0,0.0,0.0,0.0,0.0,0.0
-5.964,-7.891202000000001,0.0,0.0,0.0,0.0,0.0,0.0,0.0,0.0,0.0,0.0,0.0,0.0,0.0,0.0,0.0,0.0
-5.956,-7.883202000000001,0.0,0.0,0.0,0.0,0.0,0.0,0.0,0.0,0.0,0.0,0.0,0.0,0.0,0.0,0.0,0.0
-5.948,-7.875202000000001,0.0,0.0,0.0,0.0,0.0,0.0,0.0,0.0,0.0,0.0,0.0,0.0,0.0,0.0,0.0,0.0
-5.939,-7.866202,0.0,0.0,0.0,0.0,0.0,0.0,0.0,0.0,0.0,0.0,0.0,0.0,0.0,0.0,0.0,0.0
-5.931,-7.858202,0.0,0.0,0.0,0.0,0.0,0.0,0.0,0.0,0.0,0.0,0.0,0.0,0.0,0.0,0.0,0.0
-5.923,-7.850202,0.0,0.0,0.0,0.0,0.0,0.0,0.0,0.0,0.0,0.0,0.0,0.0,0.0,0.0,0.0,0.0
-5.914,-7.841202,0.0,0.0,0.0,0.0,0.0,0.0,0.0,0.0,0.0,0.0,0.0,0.0,0.0,0.0,0.0,0.0
-5.906,-7.833202,0.0,0.0,0.0,0.0,0.0,0.0,0.0,0.0,0.0,0.0,0.0,0.0,0.0,0.0,0.0,0.0
-5.898,-7.825202,0.0,0.0,0.0,0.0,0.0,0.0,0.0,0.0,0.0,0.0,0.0,0.0,0.0,0.0,0.0,0.0
-5.889,-7.8162020000000005,0.0,0.0,0.0,0.0,0.0,0.0,0.0,0.0,0.0,0.0,0.0,0.0,0.0,0.0,0.0,0.0
-5.881,-7.8082020000000005,0.0,0.0,0.0,0.0,0.0,0.0,0.0,0.0,0.0,0.0,0.0,0.0,0.0,0.0,0.0,0.0
-5.873,-7.8002020000000005,0.0,0.0,0.0,0.0,0.0,0.0,0.0,0.0,0.0,0.0,0.0,0.0,0.0,0.0,0.0,0.0
-5.865,-7.7922020000000005,0.0,0.0,0.0,0.0,0.0,0.0,0.0,0.0,0.0,0.0,0.0,0.0,0.0,0.0,0.0,0.0
-5.856,-7.783202,0.0,0.0,0.0,0.0,0.0,0.0,0.0,0.0,0.0,0.0,0.0,0.0,0.0,0.0,0.0,0.0
-5.848,-7.775202,0.0,0.0,0.0,0.0,0.0,0.0,0.0,0.0,0.0,0.0,0.0,0.0,0.0,0.0,0.0,0.0
-5.84,-7.767202,0.0,0.0,0.0,0.0,0.0,0.0,0.0,0.0,0.0,0.0,0.0,0.0,0.0,0.0,0.0,0.0
-5.831,-7.758202000000001,0.0,0.0,0.0,0.0,0.0,0.0,0.0,0.0,0.0,0.0,0.0,0.0,0.0,0.0,0.0,0.0
-5.823,-7.750202000000001,0.0,0.0,0.0,0.0,0.0,0.0,0.0,0.0,0.0,0.0,0.0,0.0,0.0,0.0,0.0,0.0
-5.815,-7.742202000000001,0.0,0.0,0.0,0.0,0.0,0.0,0.0,0.0,0.0,0.0,0.0,0.0,0.0,0.0,0.0,0.0
-5.806,-7.733202,0.0,0.0,0.0,0.0,0.0,0.0,0.0,0.0,0.0,0.0,0.0,0.0,0.0,0.0,0.0,0.0
-5.798,-7.725202,0.0,0.0,0.0,0.0,0.0,0.0,0.0,0.0,0.0,0.0,0.0,0.0,0.0,0.0,0.0,0.0
-5.79,-7.717202,0.0,0.0,0.0,0.0,0.0,0.0,0.0,0.0,0.0,0.0,0.0,0.0,0.0,0.0,0.0,0.0
-5.781,-7.708202,0.0,0.0,0.0,0.0,0.0,0.0,0.0,0.0,0.0,0.0,0.0,0.0,0.0,0.0,0.0,0.0
-5.773,-7.700202,0.0,0.0,0.0,0.0,0.0,0.0,0.0,0.0,0.0,0.0,0.0,0.0,0.0,0.0,0.0,0.0
-5.765,-7.692202,0.0,0.0,0.0,0.0,0.0,0.0,0.0,0.0,0.0,0.0,0.0,0.0,0.0,0.0,0.0,0.0
-5.757,-7.684202,0.0,0.0,0.0,0.0,0.0,0.0,0.0,0.0,0.0,0.0,0.0,0.0,0.0,0.0,0.0,0.0
-5.748,-7.6752020000000005,0.0,0.0,0.0,0.0,0.0,0.0,0.0,0.0,0.0,0.0,0.0,0.0,0.0,0.0,0.0,0.0
-5.74,-7.6672020000000005,0.0,0.0,0.0,0.0,0.0,0.0,0.0,0.0,0.0,0.0,0.0,0.0,0.0,0.0,0.0,0.0
-5.732,-7.6592020000000005,0.0,0.0,0.0,0.0,0.0,0.0,0.0,0.0,0.0,0.0,0.0,0.0,0.0,0.0,0.0,0.0
-5.723,-7.650202,0.0,0.0,0.0,0.0,0.0,0.0,0.0,0.0,0.0,0.0,0.0,0.0,0.0,0.0,0.0,0.0
-5.715,-7.642202,0.0,0.0,0.0,0.0,0.0,0.0,0.0,0.0,0.0,0.0,0.0,0.0,0.0,0.0,0.0,0.0
-5.707,-7.634202,0.0,0.0,0.0,0.0,0.0,0.0,0.0,0.0,0.0,0.0,0.0,0.0,0.0,0.0,0.0,0.0
-5.698,-7.625202000000001,0.0,0.0,0.0,0.0,0.0,0.0,0.0,0.0,0.0,0.0,0.0,0.0,0.0,0.0,0.0,0.0
-5.69,-7.617202000000001,0.0,0.0,0.0,0.0,0.0,0.0,0.0,0.0,0.0,0.0,0.0,0.0,0.0,0.0,0.0,0.0
-5.682,-7.609202000000001,0.0,0.0,0.0,0.0,0.0,0.0,0.0,0.0,0.0,0.0,0.0,0.0,0.0,0.0,0.0,0.0
-5.673,-7.600202,0.0,0.0,0.0,0.0,0.0,0.0,0.0,0.0,0.0,0.0,0.0,0.0,0.0,0.0,0.0,0.0
-5.665,-7.592202,0.03459,1.8993e-07,6.262149999999999e-05,1.573041e-06,0.00032605000000000004,0.000435025,4.302033849999999e-06,0.014776000000000001,1.2671e-05,5.0677e-07,0.0005855400000000001,0.0044464075,0.0,0.0002936,0.0014581280000000002,2.3492814999999997e-05
-5.657,-7.584202,0.2065,1.1347e-06,0.00037391999999999997,9.389649e-06,0.001954,0.0025967000000000004,2.563319415e-05,0.08821999999999999,7.594000000000001e-05,3.027055e-06,0.0034962500000000002,0.026541045000000003,0.0,0.00175225,0.008704739999999999,0.0001402496
-5.649,-7.576202,0.5125,2.791e-06,0.0009223999999999999,2.3322664999999997e-05,0.004916500000000001,0.0064069999999999995,6.991817449999998e-05,0.21900000000000003,0.00019061500000000002,7.8187e-06,0.0087095,0.06583879999999999,0.0,0.004367,0.021575045,0.00034919334999999993
-5.64,-7.567202,0.9165,4.8665e-06,0.0016235,4.1805935e-05,0.009093,0.0112745,0.00015511076999999998,0.39185000000000003,0.000350245,1.5440099999999998e-05,0.015726999999999998,0.11754031499999999,0.0,0.007893500000000001,0.038445685,0.0006299770000000001
-5.632,-7.559202,1.711,8.752e-06,0.0029537,7.847235e-05,0.01788,0.020521499999999998,0.00037708273300000004,0.7326,0.0006835999999999999,3.248255e-05,0.0298475,0.2188103,0.0,0.014940499999999999,0.07154935,0.0011898594999999999
-5.624,-7.551202,2.6085,1.273e-05,0.0043414000000000005,0.00012020759000000001,0.029475,0.030208000000000002,0.000752703695,1.1187,0.0010915,6.269625e-05,0.0463985,0.33274635,0.0,0.023345499999999998,0.1079908,0.001857306
-5.615,-7.5422020000000005,3.1435,1.4734999999999999e-05,0.00507025,0.00014500579,0.03807,0.035271000000000004,0.001089217245,1.3495,0.001365,9.16695e-05,0.056655,0.4008958,0.0,0.02894,0.128137,0.002299975
-5.607,-7.5342020000000005,3.9085,1.7124e-05,0.006104400000000001,0.000180599265,0.048815,0.042205000000000006,0.0016249865199999998,1.6825,0.0016981000000000001,0.00013358300000000003,0.0715,0.49799979999999994,0.0,0.03695,0.15717400000000004,0.0029237295000000005
-5.599,-7.5262020000000005,4.956,1.9747e-05,0.0074608,0.00023016134999999998,0.061825,0.051045,0.00247061071,2.1414999999999997,0.002075,0.00019461150000000003,0.09233500000000001,0.6297189999999999,0.0,0.04791,0.19735035,0.003767675
-5.59,-7.517202,5.25,2.0042000000000002e-05,0.0077831,0.00024544091,0.07094,0.052265000000000006,0.002902619975,2.2695,0.0023407000000000002,0.00022611000000000002,0.10064,0.66023635,0.0,0.050449999999999995,0.21171639999999997,0.003977349999999999
-5.582,-7.509202,5.62,2.0589999999999998e-05,0.0081864,0.00026465410999999996,0.08058,0.054095000000000004,0.003402627595,2.432,0.0026033000000000002,0.0002627615,0.11039999999999998,0.7002761500000001,0.0,0.05378,0.2290353,0.00425236
-5.574,-7.501202,6.335,2.1720000000000002e-05,0.0089915,0.00030242223,0.09356999999999999,0.0583,0.00428113792,2.7485,0.0029182,0.00032420850000000005,0.12813,0.7802311500000001,0.0,0.06006,0.26254390000000005,0.0047623
-5.565,-7.492202000000001,7.46,2.347e-05,0.010287,0.00036064937,0.11135,0.065225,0.005594152605,3.2445,0.0033267,0.000416026,0.154865,0.9076140500000001,0.0,0.07019,0.3134331,0.005568989999999999
-5.557,-7.484202000000001,8.96,2.4779999999999997e-05,0.011952999999999998,0.00043763069,0.1326,0.07347000000000001,0.00753066411,3.915,0.0038165000000000004,0.0005302345,0.19029000000000001,1.0819236,0.0,0.08499999999999999,0.3777087,0.006724365000000001
-5.549,-7.476202000000001,9.235,2.438e-05,0.012077,0.0004535228,0.1457,0.072515,0.008263159725,4.0375,0.004077000000000001,0.0005882019999999999,0.2003,1.1050148,0.0,0.08763,0.3918758,0.006965289999999999
-5.541,-7.468202000000001,7.51,2.29e-05,0.009864,0.00036580995000000003,0.147,0.05951,0.006564143725,3.2595,0.004076,0.0005491280000000001,0.16565000000000002,0.8923768999999999,0.0,0.07122500000000001,0.3200763999999999,0.00576787
-5.532,-7.459202,7.66,2.259e-05,0.009703,0.00037630331,0.15794999999999998,0.057804999999999995,0.0071591407,3.328,0.004291,0.00058928,0.17251499999999997,0.9023060500000001,0.0,0.07281,0.32824349999999997,0.0059510150000000005
-5.524,-7.451202,6.53,2.116e-05,0.008564,0.00031265954,0.1599,0.049409999999999996,0.00599612171,2.817,0.0042515,0.000591393,0.148495,0.76865115,0.0,0.06368,0.2752152,0.005235518999999999
-5.516,-7.443202,5.79,2.056e-05,0.00787285,0.00027049252,0.16144999999999998,0.04443,0.00514611324,2.4795,0.004269,0.0005886170999999999,0.13248000000000001,0.6813559,0.0,0.057510000000000006,0.24081410000000003,0.004751029
-5.507,-7.434202,5.395,2.031e-05,0.00748075,0.00024786679,0.16515000000000002,0.041485,0.004736608119999999,2.2995,0.0043335000000000005,0.0005994434,0.124525,0.6338129,0.0,0.05434,0.2224921,0.004512004
-5.499,-7.426202,5.145,2.018e-05,0.0072144,0.000233473905,0.16955,0.03934,0.00451710441,2.1845,0.0044075,0.0006150647,0.11997,0.6026071000000001,0.0,0.052360000000000004,0.21106619999999998,0.004372878
-5.491,-7.418202,4.914,2.009e-05,0.0069701500000000005,0.00022008197,0.1738,0.037385,0.004311101075,2.0785,0.0044755,0.000630706,0.11576999999999998,0.57381125,0.0,0.050559999999999994,0.20048930000000004,0.004246512000000001
-5.482,-7.4092020000000005,4.698,2.0021e-05,0.006746100000000001,0.00020729077000000002,0.17835,0.035485,0.00412359784,1.9785,0.004540499999999999,0.0006498063499999999,0.11193999999999998,0.5465817000000001,0.0,0.048885000000000005,0.19059120000000002,0.004131050000000001
-5.474,-7.4012020000000005,4.5025,1.9955e-05,0.006552550000000001,0.00019566020999999998,0.1825,0.033815,0.003948595055,1.888,0.004598,0.0006671208500000001,0.10851000000000002,0.5216505499999999,0.0,0.04732,0.1818076,0.0040213215
-5.466,-7.3932020000000005,4.3145,1.9795000000000003e-05,0.0063554,0.00018472876999999998,0.18495,0.032215,0.003782592445,1.803,0.004626,0.0006777435499999999,0.10502,0.49818660000000003,0.0,0.04582,0.1732593,0.003913638
-5.457,-7.384202,4.136,1.9483e-05,0.0061512999999999984,0.00017452456,0.1857,0.030652,0.003635090315,1.7229999999999999,0.004625,0.0006792199999999999,0.10149,0.47645415,0.0,0.04443,0.16483160000000002,0.003811028
-5.449,-7.376202,3.9535,1.9106e-05,0.00594185,0.00016428853999999997,0.1855,0.029092,0.003483588385,1.6415000000000002,0.004612,0.0006757482,0.097815,0.4544967,0.0,0.042965,0.1563351,0.0037015664999999996
-5.441,-7.368202,3.762,1.8663e-05,0.0057206,0.00015363597000000003,0.1847,0.027463,0.0033235863599999998,1.557,0.004589,0.0006686719999999999,0.09389,0.43134065,0.0,0.041400000000000006,0.14753840000000001,0.003581779
-5.433,-7.360202,3.6015,1.8377499999999998e-05,0.0055472,0.000144265015,0.18535,0.02604,0.00319458456,1.4849999999999999,0.004592000000000001,0.0006686119,0.090785,0.41158465,0.0,0.040150000000000005,0.1400479,0.0034902074999999997
-5.424,-7.351202000000001,3.515,1.8442e-05,0.00548955,0.00013822506,0.18914999999999998,0.0251765,0.003128083165,1.4445000000000001,0.00465,0.0006847874,0.08955,0.39993229999999996,0.0,0.039585,0.13592045000000003,0.0034581965
-5.416,-7.343202000000001,3.455,1.8588000000000002e-05,0.0054614,0.00013327840999999998,0.19395,0.024473,0.00309258179,1.415,0.0047145,0.000708421,0.08895499999999999,0.39154805000000004,0.0,0.039349999999999996,0.13269464999999997,0.003454608
-5.408,-7.335202000000001,3.408,1.8808e-05,0.005452149999999999,0.00012867479,0.19974999999999998,0.023828500000000002,0.00307058039,1.3915000000000002,0.004775,0.00074041085,0.08874499999999999,0.38444770000000006,0.0,0.03926,0.12995505,0.0034656450000000003
-5.399,-7.326202,3.407,1.9012e-05,0.005501800000000001,0.00012559266999999998,0.20765,0.0232645,0.00312957915,1.3875000000000002,0.0048354999999999995,0.0007884485,0.08985999999999998,0.3822784,0.0,0.03973,0.12890859999999998,0.0035252125
-5.391,-7.318202,3.2895,1.9108e-05,0.0054147,0.00011920551,0.20805,0.022576,0.0029775778049999997,1.334,0.004853,0.0007871909,0.087635,0.36694174999999996,0.0,0.03846,0.1246521,0.0034298199999999997
-5.383,-7.310202,3.124,1.9121000000000002e-05,0.005275149999999999,0.00011142529999999999,0.20550000000000002,0.0218,0.002745076445,1.26,0.004842,0.0007666328,0.084095,0.3459794,0.0,0.036449999999999996,0.1192195,0.0032689384999999996
-5.374,-7.301202,2.942,1.9101000000000002e-05,0.0051058499999999995,0.00010334378,0.20135,0.0210255,0.002480575145,1.1795,0.004817500000000001,0.0007363271,0.07996,0.32341865,0.0,0.0342,0.1131976,0.003086263
-5.366,-7.293202,2.643,1.8969e-05,0.0047950499999999995,9.1767e-05,0.19025,0.020054000000000002,0.00201517383,1.049,0.004745,0.0006611729000000001,0.07251999999999999,0.28782349999999995,0.0,0.0303,0.10360405,0.0027582534999999997
-5.358,-7.285202,2.454,1.8929e-05,0.004651499999999999,8.447425e-05,0.1842,0.0195325,0.0017002731449999998,0.9653499999999999,0.0047455,0.00061233205,0.0683,0.2628902,0.0,0.0274,0.09951369999999998,0.0025126619999999997
-5.349,-7.2762020000000005,2.3675,1.8958e-05,0.0046151000000000005,8.063468e-05,0.1833,0.0192095,0.001563372605,0.9264,0.0047745,0.0005975942000000001,0.066825,0.25010115,0.0,0.025999999999999995,0.09828039999999999,0.0023974775
-5.341,-7.2682020000000005,2.345,1.9072e-05,0.004653399999999999,7.875841e-05,0.18585000000000002,0.019024,0.001531772155,0.9148000000000001,0.004829999999999999,0.0006058589,0.06709,0.24454475,0.0,0.025509999999999998,0.0989678,0.00236198
-5.333,-7.2602020000000005,2.35,1.92215e-05,0.0047227499999999995,7.766422e-05,0.19005,0.018888000000000002,0.00154647164,0.9149499999999999,0.004888999999999999,0.00062522335,0.06812000000000001,0.2421371,0.0,0.025424999999999996,0.10039500000000001,0.0023624415
-5.325,-7.2522020000000005,2.35,1.9333e-05,0.0047735,7.633063e-05,0.19385,0.0186925,0.001561670835,0.91335,0.004930499999999999,0.00064468375,0.06893,0.23962105000000003,0.0,0.02538,0.10123170000000001,0.0023668425
-5.316,-7.243202,2.345,1.9406e-05,0.004804600000000001,7.4697595e-05,0.19715,0.018435,0.00157671974,0.90985,0.0049515,0.0006640401499999999,0.06951500000000001,0.2369466,0.0,0.025375,0.10144800000000001,0.002374628
-5.308,-7.235202,2.3175,1.9365500000000003e-05,0.0047887,7.244151e-05,0.1986,0.018058499999999998,0.0015690183800000001,0.8976500000000001,0.004941,0.0006740926,0.069355,0.23237255,0.0,0.02517,0.10048380000000001,0.002364496
-5.3,-7.227202,2.2485,1.9126e-05,0.0046936,6.914816000000001e-05,0.19645,0.0174945,0.001511916835,0.8686499999999999,0.0048874999999999995,0.0006642410000000001,0.067835,0.22384189999999998,0.0,0.024489999999999998,0.09771379999999999,0.0023111349999999998
-5.291,-7.218202000000001,2.1555,1.8758e-05,0.00455255,6.5376415e-05,0.19215,0.016834500000000002,0.0014264652549999999,0.8302499999999999,0.0048094999999999995,0.000641389,0.065535,0.2130841,0.0,0.023535,0.09398329999999999,0.0022310585
-5.283,-7.210202000000001,2.063,1.8309e-05,0.0044191000000000005,6.188111000000001e-05,0.18715,0.0161875,0.001340463935,0.7923,0.0047285,0.0006138923500000001,0.06328,0.20180594999999998,0.0,0.02241,0.09089249999999999,0.0021345365
-5.275,-7.202202000000001,1.983,1.7858e-05,0.0043196,5.879576000000001e-05,0.18305,0.0155885,0.0012714127849999999,0.7597499999999999,0.004656,0.0005903990499999999,0.061549999999999994,0.19115279999999998,0.0,0.021320000000000002,0.08894750000000001,0.002038411
-5.266,-7.193202,1.907,1.7428e-05,0.0042244000000000006,5.5829274999999996e-05,0.17909999999999998,0.015013499999999999,0.0012059616650000001,0.7288,0.0045855,0.00056835705,0.05989000000000001,0.1810664,0.0,0.020276500000000003,0.087068,0.0019480745
-5.258,-7.185202,1.835,1.7017e-05,0.004133599999999999,5.297025000000001e-05,0.17535,0.014464499999999998,0.00114421057,0.6994499999999999,0.004518,0.00054761625,0.058335000000000005,0.1714717,0.0,0.019308,0.0852291,0.001863625
-5.25,-7.177202,1.767,1.6627e-05,0.0040468,5.024909e-05,0.17185,0.013942,0.0010860095200000003,0.6717,0.004452,0.000528127,0.05684,0.16241930000000002,0.0,0.0183995,0.0834407,0.0017848695000000003
-5.241,-7.168202,1.712,1.6315999999999998e-05,0.003974500000000001,4.796606e-05,0.16925,0.013510999999999999,0.00104045857,0.64935,0.004401,0.000513342,0.055655,0.15521515000000002,0.0,0.017713,0.0818688,0.0017264339999999998
-5.233,-7.160202,1.653,1.6091000000000002e-05,0.0038606,4.571664e-05,0.166,0.0131415,0.00098125764,0.6251,0.0043549999999999995,0.0004953092,0.053915,0.1495905,0.0,0.017268,0.07854749999999999,0.0016922375
-5.225,-7.152202,1.592,1.5858e-05,0.003737,4.3472125e-05,0.1625,0.012776500000000001,0.000918506695,0.6,0.0043075000000000006,0.00047557725,0.05203,0.14408539999999997,0.0,0.016835000000000003,0.0749414,0.0016590545
-5.217,-7.144202,1.5315,1.5614e-05,0.0036133,4.1290414999999995e-05,0.15889999999999999,0.012414499999999998,0.000856755725,0.5752999999999999,0.004256,0.00045564609999999996,0.05015999999999999,0.1386958,0.0,0.016405999999999997,0.07134525,0.0016260989999999998
-5.208,-7.1352020000000005,1.471,1.5351e-05,0.0034887,3.915402e-05,0.15515,0.012055,0.00079565471,0.5508,0.004203,0.00043516555,0.048295000000000005,0.1333657,0.0,0.015973,0.0677894,0.001592665
-5.2,-7.1272020000000005,1.4115,1.5069000000000001e-05,0.0033645000000000003,3.709523e-05,0.1513,0.011696999999999999,0.00073615365,0.5267,0.004147,0.0004142852,0.04644499999999999,0.1280858,0.0,0.01553,0.0642836,0.0015579715000000002
-5.192,-7.1192020000000005,1.3555,1.4775e-05,0.0032448499999999996,3.5208439999999996e-05,0.1475,0.0113525,0.0006812026500000001,0.504,0.0040925,0.0003935067,0.04467,0.1231169,0.0,0.015101,0.060998000000000004,0.001523656
-5.183,-7.110202,1.301,1.4475e-05,0.00312795,3.3418749999999996e-05,0.1437,0.0110175,0.00062885168,0.48219999999999996,0.004038,0.0003729793,0.04296,0.11832310000000001,0.0,0.014683000000000002,0.057832299999999996,0.001489874
-5.175,-7.102202,1.248,1.4170000000000002e-05,0.0030128,3.169737e-05,0.13984999999999997,0.0106895,0.000578250735,0.461,0.0039805,0.00035265320000000004,0.041269999999999994,0.11366939999999998,0.0,0.014273000000000001,0.0547666,0.0014567059999999999
-5.167,-7.094202,1.1955,1.3856e-05,0.0028973,3.0032070000000005e-05,0.136,0.0103655,0.000528999815,0.44020000000000004,0.0039215,0.00033217825,0.039592999999999996,0.1091504,0.0,0.013873,0.051700800000000005,0.0014238500000000002
-5.158,-7.085202000000001,1.145,1.354e-05,0.002784,2.844049e-05,0.13219999999999998,0.010048,0.0004815989049999999,0.42015,0.0038605,0.00031185455000000005,0.037954999999999996,0.10476624999999999,0.0,0.013486999999999999,0.04875499999999999,0.001391709
-5.15,-7.077202000000001,1.098,1.3229e-05,0.0026789500000000003,2.6976339999999997e-05,0.12855,0.009748,0.00043899803999999996,0.40159999999999996,0.0038005,0.00029303234999999994,0.036440999999999994,0.100638,0.0,0.013115000000000002,0.0460693,0.001360515
-5.142,-7.069202000000001,1.055,1.2923e-05,0.0025824999999999997,2.562485e-05,0.12514999999999998,0.00946,0.00040144716,0.38465,0.003742,0.0002759111,0.0350645,0.09679080000000001,0.0,0.012761,0.0436638,0.0013304609999999998
-5.133,-7.060202,1.0155,1.2626e-05,0.0024949,2.439782e-05,0.12204999999999999,0.0091885,0.000368596315,0.36925,0.0036834999999999997,0.00026044085000000004,0.0338235,0.09316990000000001,0.0,0.012425,0.0415486,0.0013015549999999998
-5.125,-7.052202,0.98,1.2341000000000001e-05,0.0024171,2.329695e-05,0.1192,0.0089345,0.000340745465,0.35555000000000003,0.0036274999999999996,0.00024691665,0.032733000000000005,0.0898861,0.0,0.012108,0.0397075,0.001273902
-5.117,-7.044202,0.95,1.2066999999999998e-05,0.0023513500000000003,2.234614e-05,0.11665,0.008702,0.0003187446415,0.34385,0.0035755,0.0002355235,0.0318255,0.086834,0.0,0.011809,0.0382664,0.0012474169999999998
-5.109,-7.036202,0.924,1.1806999999999999e-05,0.002297,2.152951e-05,0.11449999999999999,0.0084885,0.000302693836,0.33409999999999995,0.0035245,0.00022631615,0.031094,0.08412195,0.0,0.011531,0.0371695,0.0012224890000000002
-5.1,-7.027202,0.9005,1.1555999999999999e-05,0.0022465,2.076625e-05,0.11245,0.0082845,0.00028859302,0.32505,0.003476,0.00021802414999999998,0.030427,0.0815929,0.0,0.011272,0.036166649999999995,0.001199183
-5.092,-7.019202,0.878,1.1312999999999998e-05,0.0021975000000000002,2.0025569999999998e-05,0.1105,0.008088,0.0002756422085,0.3165,0.0034280000000000005,0.0002103775,0.029788000000000002,0.07917930000000001,0.0,0.01103,0.035182000000000005,0.0011776857000000002
-5.084,-7.011202,0.856,1.1076e-05,0.0021498,1.931087e-05,0.10869999999999999,0.007897000000000001,0.0002635713815,0.30835,0.0033819999999999996,0.00020322099999999998,0.029178000000000003,0.07690050000000001,0.0,0.010803999999999998,0.034217399999999995,0.0011576978
-5.075,-7.0022020000000005,0.8355,1.0847e-05,0.0021038000000000003,1.862145e-05,0.106965,0.007714,0.0002525105695,0.3006,0.003335,0.0001966097,0.028595000000000002,0.07476110000000001,0.0,0.010597,0.0332714,0.0011393202000000002
-5.067,-6.9942020000000005,0.8165,1.0628e-05,0.0020594000000000003,1.7961e-05,0.10536000000000001,0.0075375,0.000242384757,0.2933,0.0032903999999999997,0.00019055395000000002,0.028041499999999997,0.07277449999999999,0.0,0.010409000000000002,0.032350699999999996,0.0011227522
-5.059,-6.9862020000000005,0.798,1.0412e-05,0.0020157,1.7327780000000002e-05,0.103745,0.007365,0.0002328139375,0.28635,0.0032454000000000003,0.00018468359999999998,0.027504,0.07085709999999999,0.0,0.010227,0.0314464,0.0011067922000000002
-5.05,-6.977202,0.7795,1.0195e-05,0.0019722,1.670344e-05,0.102125,0.007196,0.000223443096,0.27945,0.0032006,0.00017890845000000002,0.02697,0.0689709,0.0,0.010048,0.0305563,0.0010909402
-5.042,-6.969202,0.761,9.973000000000001e-06,0.0019287500000000001,1.608919e-05,0.1005,0.0070265,0.0002141422335,0.2726,0.0031545,0.00017308855,0.026441500000000007,0.0670932,0.0,0.009867,0.0296762,0.0010750914000000002
-5.034,-6.961202,0.7425,9.742e-06,0.0018844,1.547393e-05,0.0989,0.0068535,0.0002049313085,0.26575000000000004,0.0031063999999999996,0.00016716835000000002,0.025909500000000002,0.0651764,0.0,0.009685,0.028794100000000003,0.0010589436
-5.025,-6.952202000000001,0.7245,9.513e-06,0.0018405000000000001,1.487652e-05,0.097245,0.006684000000000001,0.0001959653975,0.25905,0.0030578,0.00016132850000000003,0.025385500000000002,0.06328980000000001,0.0,0.0095025,0.027934,0.0010428529
-5.017,-6.944202000000001,0.7065,9.289e-06,0.0017977,1.430501e-05,0.09564,0.006519,0.0001871895275,0.2525,0.0030101999999999998,0.00015557445,0.024870999999999997,0.061467299999999996,0.0,0.009323,0.02710191,0.0010268719999999999
-5.009,-6.936202000000001,0.6895,9.07e-06,0.0017559,1.3761489999999996e-05,0.09404499999999999,0.006359999999999999,0.000178688699,0.24614999999999998,0.0029639,0.00014991125,0.0243665,0.0597092,0.0,0.009147,0.02629985,0.001010951
-5.001,-6.928202000000001,0.673,8.857e-06,0.00171505,1.3245959999999999e-05,0.09245500000000001,0.0062065,0.000170427912,0.24,0.0029171,0.00014434385,0.0238715,0.05800520000000001,0.0,0.008974,0.02552584,0.00099524
-4.992,-6.919202,0.6565,8.649000000000001e-06,0.0016752,1.2756209999999999e-05,0.09089,0.0060575,0.00016241716550000003,0.23404999999999998,0.00287215,0.00013886725000000001,0.0233875,0.056363899999999995,0.0,0.008804,0.02477997,0.0009796397999999999
-4.984,-6.911202,0.641,8.446e-06,0.0016363999999999997,1.2296490000000001e-05,0.089345,0.0059135,0.000154646451,0.2283,0.0028268,0.00013347642,0.022912,0.05477640000000001,0.0,0.008637,0.02406205,0.0009641502
-4.976,-6.903202,0.625,8.236e-06,0.0015967,1.1846140000000001e-05,0.08768999999999999,0.0057685,0.0001466957645,0.22235,0.0027795000000000003,0.0001277761,0.022419000000000005,0.053138099999999994,0.0,0.008457,0.023358160000000003,0.0009471614
-4.967,-6.894202,0.6075,8.008e-06,0.0015547,1.138812e-05,0.085895,0.005613,0.0001384550605,0.21610000000000001,0.0027275,0.00012167583000000001,0.021896000000000002,0.05138870000000001,0.0,0.008258999999999999,0.022644269999999998,0.00092816915
-4.959,-6.886202,0.591,7.78e-06,0.0015126,1.0936210000000001e-05,0.08410999999999999,0.005459,0.000130459348,0.20995,0.0026751500000000003,0.00011570052500000001,0.0213785,0.049663,0.0,0.008065,0.021930440000000002,0.0009094775999999999
-4.951,-6.878202,0.574,7.552e-06,0.0014705,1.048943e-05,0.082345,0.0053029999999999996,0.00012271361799999999,0.2039,0.0026223,0.00010983524500000002,0.020867999999999998,0.047967,0.0,0.007873999999999999,0.02122264,0.000891188
-4.942,-6.8692020000000005,0.5575,7.323e-06,0.0014287,1.004827e-05,0.08059,0.0051495,0.0001152178795,0.1979,0.00256875,0.00010409503,0.0203605,0.04628310000000001,0.0,0.007687,0.02051689,0.0008731484
-4.934,-6.8612020000000005,0.5415,7.094e-06,0.0013867,9.611210000000001e-06,0.07884,0.0049960000000000004,0.0001079721335,0.192,0.0025146500000000002,9.846986000000001e-05,0.0198575,0.044634099999999996,0.0,0.007502,0.01981317,0.0008553115
-4.926,-6.8532020000000005,0.525,6.865e-06,0.0013446999999999999,9.18177e-06,0.07711499999999999,0.004843,0.000100966372,0.18619999999999998,0.0024600000000000004,9.2964715e-05,0.019360000000000002,0.043009,0.0,0.00732,0.019111495,0.0008378256000000001
-4.917,-6.844202,0.5105,6.656e-06,0.0013057,8.774295000000001e-06,0.075565,0.004703000000000001,9.486062499999999e-05,0.181,0.00240955,8.820491e-05,0.018909000000000002,0.0415634,0.0,0.0071649999999999995,0.018431915,0.00082325125
-4.909,-6.836202,0.4983,6.478e-06,0.0012715,8.40413e-06,0.07429,0.004581,8.99499095e-05,0.17654999999999998,0.0023656,8.452056e-05,0.018522500000000004,0.0403901,0.0,0.0070480000000000004,0.017792420000000003,0.0008121931
-4.901,-6.828202,0.4861,6.3009999999999995e-06,0.0012375,8.039869999999999e-06,0.07300999999999999,0.0044595,8.5249185e-05,0.17220000000000002,0.00232105,8.094627499999999e-05,0.018139000000000002,0.0392306,0.0,0.006928999999999999,0.017162900000000002,0.0008011283
-4.893,-6.820202,0.47395,6.1209999999999995e-06,0.0012029,7.679629999999999e-06,0.071725,0.004337000000000001,8.0688445e-05,0.1679,0.0022749500000000004,7.744702000000001e-05,0.017756,0.038072499999999995,0.0,0.006812,0.01653536,0.0007900946
-4.884,-6.811202000000001,0.46145,5.928e-06,0.001166,7.3076900000000005e-06,0.07041,0.004206,7.6022663e-05,0.16344999999999998,0.0022243000000000002,7.377261500000001e-05,0.017362500000000003,0.0368818,0.0,0.006697,0.01585773,0.0007794643
-4.876,-6.803202000000001,0.4492,5.736e-06,0.001129,6.9475800000000005e-06,0.06909499999999999,0.004078,7.1646888e-05,0.15915,0.0021733,7.027346500000001e-05,0.0169725,0.035709199999999996,0.0,0.006581,0.01520615,0.000768639
-4.868,-6.795202000000001,0.43705,5.546e-06,0.0010932000000000001,6.60324e-06,0.06776,0.0039515,6.752111750000001e-05,0.15485,0.00212165,6.691453500000001e-05,0.016586,0.034547499999999995,0.0,0.006463,0.014578569999999999,0.000757214
-4.859,-6.786202,0.425,5.358e-06,0.0010576000000000001,6.26729e-06,0.066415,0.0038244999999999998,6.361034749999999e-05,0.15065,0.00206925,6.3675835e-05,0.016201999999999998,0.0333873,0.0,0.00634,0.013977009999999998,0.0007454534
-4.851,-6.778202,0.4131,5.17e-06,0.0010226,5.9454199999999996e-06,0.065055,0.003699,5.9909577e-05,0.1465,0.00201635,6.0547325000000004e-05,0.0158225,0.03222900000000001,0.0,0.006215,0.013401429999999999,0.0007330732
-4.843,-6.770202,0.40125,4.984e-06,0.0009882,5.63432e-06,0.06368499999999999,0.003575,5.64288075e-05,0.14235,0.0019627000000000004,5.7534030000000004e-05,0.015445,0.031072399999999993,0.0,0.006085,0.01285187,0.00072025765
-4.834,-6.761202,0.38955,4.798e-06,0.0009542000000000001,5.33536e-06,0.062295,0.00345,5.315804e-05,0.13824999999999998,0.0019083000000000001,5.4630955e-05,0.015069999999999998,0.029918889999999997,0.0,0.005953,0.0123283,0.0007069068
-4.826,-6.753202,0.37835,4.622e-06,0.000923,5.07318e-06,0.060899999999999996,0.0033315,5.0462291e-05,0.1344,0.0018544,5.2118544999999996e-05,0.014709,0.02880229,0.0,0.0058130000000000005,0.01188863,0.0006923935
-4.818,-6.745202,0.36785,4.4575e-06,0.0008946,4.84721e-06,0.059525,0.003222,4.8256587500000004e-05,0.13075,0.00180225,4.9941915000000005e-05,0.014365000000000001,0.02774743,0.0,0.0056705,0.0115209,0.0006773371000000001
-4.809,-6.7362020000000005,0.35765,4.298e-06,0.0008669,4.632945000000001e-06,0.058185,0.0031163,4.61059235e-05,0.1272,0.00175185,4.782072e-05,0.014032,0.02673249,0.0,0.0055309999999999995,0.011167285,0.0006625852999999999
-4.801,-6.7282020000000005,0.34785,4.146e-06,0.00084,4.4304200000000005e-06,0.056874999999999995,0.0030146,4.402529999999999e-05,0.1238,0.0017028500000000001,4.573991e-05,0.013707000000000002,0.02575797,0.0,0.005398,0.01082578,0.0006483382999999999
-4.793,-6.7202020000000005,0.33835,4e-06,0.000814,4.23965e-06,0.05561,0.0029167999999999998,4.1994717e-05,0.1205,0.0016554,4.3714504999999997e-05,0.013392000000000001,0.024822889999999997,0.0,0.005269000000000001,0.01049438,0.0006344959
-4.785,-6.7122020000000004,0.3292,3.86e-06,0.0007892,4.060279999999999e-06,0.054375,0.0028229,4.0019173499999995e-05,0.1173,0.00160965,4.1729515e-05,0.013086999999999998,0.02392771,0.0,0.005143,0.01017908,0.0006209481
-4.776,-6.703202,0.3204,3.726e-06,0.0007650000000000001,3.89296e-06,0.053184999999999996,0.0027333,3.8113670499999997e-05,0.11424999999999999,0.0015654500000000001,3.9799934999999994e-05,0.012790500000000002,0.023072984999999997,0.0,0.005021,0.009873900000000001,0.00060780485
-4.768,-6.695202,0.3119,3.596e-06,0.00074178,3.7350500000000003e-06,0.052015,0.00264675,3.62581975e-05,0.1113,0.0015225500000000001,3.793067e-05,0.012501,0.022252065,0.0,0.004903,0.009580799999999999,0.0005950456
-4.76,-6.687202,0.3035,3.47e-06,0.00071868,3.58048e-06,0.050845,0.00256125,3.446272999999999e-05,0.1084,0.0014797,3.6096495e-05,0.012212999999999998,0.02144523,0.0,0.004787,0.00928974,0.0005822977
-4.751,-6.678202000000001,0.2951,3.344e-06,0.00069564,3.42891e-06,0.049685,0.00247655,3.2722267000000007e-05,0.1055,0.0014371,3.432739e-05,0.011925999999999999,0.020651420000000004,0.0,0.004671,0.0090027,0.0005695511000000001
-4.743,-6.670202000000001,0.28685,3.22e-06,0.0006730499999999999,3.2800199999999996e-06,0.048525,0.00239275,3.1031808e-05,0.1026,0.00139455,3.2613355e-05,0.011639,0.019868669999999998,0.0,0.004555,0.008717659999999999,0.0005569055000000001
-4.735,-6.662202000000001,0.2786,3.098e-06,0.00065052,3.1342000000000004e-06,0.047365000000000004,0.0023098,2.9396353e-05,0.099745,0.0013522,3.093438999999999e-05,0.011353,0.01909796,0.0,0.004439,0.00843464,0.0005441711
-4.726,-6.653202,0.27045,2.976e-06,0.00062806,2.9910000000000002e-06,0.046204999999999996,0.0022276500000000003,2.7820902999999998e-05,0.09691,0.0013099,2.9320495e-05,0.011068999999999999,0.018339284999999997,0.0,0.004325,0.008153619999999999,0.0005314477
-4.718,-6.645202,0.26235,2.858e-06,0.00060606,2.85092e-06,0.045055,0.0021465499999999997,2.6290457500000002e-05,0.094105,0.00126795,2.775666e-05,0.0107855,0.01759418,0.0,0.004212,0.00787663,0.0005188357000000001
-4.71,-6.637202,0.2545,2.742e-06,0.00058456,2.714595e-06,0.043925,0.00206755,2.4835020000000003e-05,0.091375,0.0012268000000000001,2.6267930000000002e-05,0.010509000000000001,0.01687834,0.0,0.004102,0.00760167,0.0005066152
-4.701,-6.628202,0.24685,2.632e-06,0.0005635799999999999,2.5819e-06,0.042825,0.0019906999999999998,2.345359e-05,0.088715,0.0011867000000000002,2.484928e-05,0.010235999999999999,0.01618874,0.0,0.003995,0.0073307500000000005,0.0004946963999999999
-4.693,-6.620202,0.2394,2.524e-06,0.0005427,2.45298e-06,0.04175,0.001916,2.2134168e-05,0.086135,0.0011474,2.3505720000000002e-05,0.00997,0.015526429999999999,0.0,0.003892,0.00705988,0.0004831592999999999
-4.685,-6.612202,0.23215,2.418e-06,0.0005226300000000001,2.32802e-06,0.0407,0.0018434,2.0890253e-05,0.083625,0.00110885,2.2237755e-05,0.009711000000000001,0.01489286,0.0,0.003793,0.00679305,0.00047192390000000005
-4.677,-6.604202,0.22515,2.318e-06,0.0005029800000000001,2.20682e-06,0.039675,0.0017732,1.9718346499999998e-05,0.08118500000000001,0.0010715,2.1040870000000002e-05,0.009457,0.014289559999999998,0.0,0.0036969999999999998,0.006528249999999999,0.00046109000000000005
-4.668,-6.5952020000000005,0.2183,2.22e-06,0.00048379499999999997,2.08911e-06,0.03868,0.001705,1.8613448e-05,0.07882,0.0010349,1.9917074999999998e-05,0.009208999999999998,0.01371253,0.0,0.003604,0.0062675100000000004,0.00045053780000000004
-4.66,-6.5872020000000004,0.2117,2.126e-06,0.0004651,1.97548e-06,0.037705,0.0016389500000000001,1.7579057000000005e-05,0.07653,0.00099935,1.8871870000000003e-05,0.008967,0.01316376,0.0,0.003515,0.0060067950000000005,0.00044048745
-4.652,-6.579202,0.20535,2.034e-06,0.00044688000000000003,1.8655900000000001e-06,0.036765,0.00157505,1.6616174e-05,0.07432,0.0009645,1.7899750000000004e-05,0.0087295,0.012639259999999998,0.0,0.0034289999999999998,0.005750129999999999,0.0004307385
-4.643,-6.570202,0.19875,1.9396e-06,0.00042767000000000006,1.7532999999999998e-06,0.0358,0.0015067000000000001,1.5721231e-05,0.07206,0.0009265999999999999,1.698739e-05,0.008491,0.012081849999999998,0.0,0.0033410000000000002,0.0054912699999999995,0.00042062896999999996
-4.635,-6.562202,0.1924,1.8464e-06,0.00040881,1.64494e-06,0.03487,0.0014393499999999998,1.4855797999999999e-05,0.06989000000000001,0.0008889,1.6103640000000002e-05,0.008263,0.01152859,0.0,0.003256,0.0052404899999999996,0.0004110059900000001
-4.627,-6.554202,0.18635,1.7576e-06,0.00039072,1.5425399999999999e-06,0.033995,0.00137495,1.4017392e-05,0.06783,0.0008529,1.524209e-05,0.008045,0.01100327,0.0,0.003176,0.00499785,0.00040193541499999993
-4.618,-6.545202000000001,0.18065,1.6732e-06,0.00037342,1.4463e-06,0.033165,0.0013136,1.3205516000000001e-05,0.06588,0.0008183999999999999,1.4403760000000001e-05,0.007839,0.010501380000000001,0.0,0.0031,0.00477137,0.00039349215999999996
-4.61,-6.537202000000001,0.17525,1.5929e-06,0.00035687,1.35582e-06,0.03239,0.00125515,1.2419667999999998e-05,0.06405,0.00078555,1.3589139999999998e-05,0.007647,0.01002444,0.0,0.003029,0.004551009999999999,0.00038559134
-4.602,-6.529202000000001,0.1702,1.517e-06,0.00034112,1.27108e-06,0.031665,0.0011995500000000002,1.165985e-05,0.062329999999999997,0.0007543,1.279773e-05,0.0074659999999999995,0.009572950000000002,0.0,0.002963,0.00434281,0.00037823273500000004
-4.593,-6.520202,0.16545,1.4452e-06,0.00032614,1.1923e-06,0.030985,0.0011470500000000002,1.092756e-05,0.060730000000000006,0.0007247,1.2030538500000001e-05,0.0072970000000000005,0.009144900000000003,0.0,0.002902,0.004144739999999999,0.00037139665
-4.585,-6.512202,0.16105,1.3778e-06,0.00031194999999999997,1.1196299999999998e-06,0.03036,0.00109745,1.0221298e-05,0.05924,0.0006966,1.12860525e-05,0.007141,0.008743305,0.0,0.002846,0.00395803,0.00036522288500000005
-4.577,-6.504202,0.1567,1.3102e-06,0.00029768000000000004,1.04863e-06,0.029755,0.0010471500000000002,9.5220415e-06,0.057789999999999994,0.000668,1.0537631500000002e-05,0.0069900000000000006,0.00833155,0.0,0.002791,0.00377569,0.00035916990499999996
-4.569,-6.496202,0.15195,1.2386e-06,0.00028241999999999997,9.7606e-07,0.02908,0.00099375,8.81427e-06,0.056205000000000005,0.0006371,9.7701585e-06,0.006822,0.00789791,0.0,0.00273,0.00358209,0.000352316
-4.56,-6.487202,0.14685,1.1661e-06,0.00026670000000000003,9.045e-07,0.02832,0.0009387,8.1215025e-06,0.054474999999999996,0.00060485,9.0132315e-06,0.006636,0.007455389999999999,0.0,0.00266,0.00338274,0.00034438261999999997
-4.552,-6.479202,0.1413,1.0931499999999999e-06,0.00025075,8.3504e-07,0.02745,0.0008824,7.45673975e-06,0.052570000000000006,0.0005713000000000001,8.2823805e-06,0.006425999999999999,0.007001650000000001,0.0,0.00258,0.00318348,0.0003349799600000001
-4.544,-6.471202,0.13535,1.0197e-06,0.00023455,7.675000000000001e-07,0.026475,0.0008249500000000001,6.82048355e-06,0.050485,0.0005367,7.579105e-06,0.0061920000000000005,0.006538070000000002,0.0,0.002489,0.00298451,0.00032411810999999997
-4.535,-6.4622020000000004,0.1289,9.458e-07,0.00021806,7.02225e-07,0.0254,0.00076625,6.2142324e-06,0.048229999999999995,0.00050065,6.9024050000000005e-06,0.005935,0.006062339999999999,0.0,0.002388,0.0027858299999999996,0.00031179709
-4.527,-6.454202,0.122,8.716e-07,0.00020132,6.389e-07,0.02421,0.00070645,5.63648665e-06,0.045795,0.0004635,6.2532815e-06,0.005656,0.0055758,0.0,0.002276,0.0025870399999999997,0.00029801685
-4.519,-6.446202,0.1147,7.969e-07,0.00018429999999999998,5.77655e-07,0.02292,0.0006452,5.08774625e-06,0.043185,0.00042500000000000003,5.6312335e-06,0.005351000000000002,0.005079469999999999,0.0,0.002154,0.0023885399999999998,0.00028286743
-4.51,-6.437202,0.10695,7.218e-07,0.00016706000000000002,5.18475e-07,0.02152,0.00058285,4.5670114499999995e-06,0.040404999999999996,0.0003853,5.0347625e-06,0.005024,0.00457094,0.0,0.0020210000000000002,0.00219032,0.000266148815
-4.502,-6.429202,0.09875,6.462e-07,0.00014954,4.61364e-07,0.02002,0.0005193999999999999,4.075782250000001e-06,0.037445,0.0003442,4.465866500000001e-06,0.004673,0.00405234,0.0,0.0018778,0.0019922,0.00024803102000000004
-4.494,-6.421202,0.09015,5.712e-07,0.00013196,4.06702e-07,0.018415,0.0004554,3.6200592499999996e-06,0.034315,0.0003026,3.9340495e-06,0.0043,0.0035310999999999993,0.0,0.0017247999999999999,0.00179517,0.00022852434000000002
-4.485,-6.412202000000001,0.0821,5.1e-07,0.00011753999999999999,3.602405e-07,0.01685,0.00040420000000000007,3.27935865e-06,0.031335,0.00026884,3.5578810000000004e-06,0.0039334,0.0031324300000000007,0.0,0.0015776000000000002,0.001614078,0.00020938336999999998
-4.477,-6.404202000000001,0.0744,4.532e-07,0.00010408999999999999,3.1727349999999997e-07,0.01534,0.0003568,2.9560757e-06,0.02847,0.00023755,3.202315e-06,0.0035809,0.0027632200000000003,0.0,0.0014358,0.00144401,0.00019090911
-4.469,-6.396202000000001,0.06705,4.0035e-07,9.17e-05,2.77831e-07,0.01389,0.0003132,2.65001045e-06,0.025724999999999998,0.000208725,2.866704e-06,0.0032417999999999995,0.00242353,0.0,0.0012996000000000001,0.0012847685,0.00017307653000000003
-4.461,-6.388202000000001,0.0601,3.516e-07,8.032800000000001e-05,2.41849e-07,0.01249,0.00027329,2.3618128000000003e-06,0.023094999999999997,0.00018233499999999997,2.5502949999999996e-06,0.0029163,0.002113383,0.0,0.0011689,0.0011365540000000001,0.00015591067
-4.452,-6.379202,0.05345,3.071e-07,6.9946e-05,2.0941e-07,0.01116,0.00023718,2.09088285e-06,0.02059,0.00015841,2.2546889999999997e-06,0.0026041,0.001833004,0.0,0.0010435000000000002,0.0009992159999999998,0.000139396505
-4.444,-6.371202,0.04716,2.6665e-07,6.0604e-05,1.80481e-07,0.0098775,0.00020482999999999998,1.8373705999999996e-06,0.0182,0.000136925,1.978787e-06,0.0023054,0.0015819805,0.0,0.0009237,0.0008730049999999999,0.0001235340285
-4.436,-6.363202,0.04123,2.304e-07,5.2249999999999996e-05,1.5503700000000001e-07,0.0086555,0.000176225,1.6017260000000001e-06,0.01593,0.00011788,1.72363885e-06,0.0020203,0.001360522,0.0,0.0008093,0.0007574694999999999,0.000108333265
-4.427,-6.354202,0.03565,1.983e-07,4.494299999999999e-05,1.33096e-07,0.0074915,0.000151395,1.3832491e-06,0.013785,0.00010130000000000001,1.4878438e-06,0.0017484000000000002,0.001168479,0.0,0.0007004,0.000652961,9.3794205e-05
-4.419,-6.346202,0.03045,1.69375e-07,3.8388e-05,1.1367699999999999e-07,0.0063985,0.00012931500000000002,1.1814835999999998e-06,0.01177,8.6525e-05,1.27081565e-06,0.0014934,0.0009982100000000002,0.0,0.0005983,0.000557605,8.0106299e-05
-4.411,-6.338202,0.02566,1.4273e-07,3.235e-05,9.58075e-08,0.005392,0.00010896500000000001,9.9562325e-07,0.009921,7.291e-05,1.0709670500000001e-06,0.0012585,0.0008411250000000001,0.0,0.0005041,0.000469923,6.75080105e-05
-4.402,-6.329202,0.02128,1.1836e-07,2.68275e-05,7.9437e-08,0.0044715,9.036499999999999e-05,8.2571806e-07,0.008227,6.0475e-05,8.8809825e-07,0.0010436,0.0006975229999999999,0.0,0.0004181,0.000389777,5.5981351499999996e-05
-4.394,-6.321202,0.01731,9.628e-08,2.1822000000000002e-05,6.462e-08,0.003637,7.3505e-05,6.71618045e-07,0.006692,4.918e-05,7.224094499999999e-07,0.0008489,0.000567366,0.0,0.00034009999999999997,0.00031704599999999997,4.5535313999999996e-05
-4.386,-6.313202,0.01375,7.646499999999999e-08,1.7332e-05,5.1324e-08,0.002889,5.8374999999999996e-05,5.334231900000001e-07,0.005315500000000001,3.9059999999999995e-05,5.737503e-07,0.0006742,0.00045058999999999995,0.0,0.0002701,0.00025181,3.6168900000000005e-05
-4.377,-6.304202,0.010595,5.894e-08,1.3358e-05,3.9560000000000005e-08,0.0022265,4.5004999999999993e-05,4.1113348000000003e-07,0.0040964999999999994,3.01075e-05,4.4227100000000003e-07,0.0005196,0.000347316,0.0,0.0002082,0.0001940903,2.788211e-05
-4.369,-6.296202,0.007855,4.3685000000000004e-08,9.902e-06,2.93228e-08,0.0016505,3.3365e-05,3.04738945e-07,0.0030365,2.2319e-05,3.2777149999999996e-07,0.00038521,0.00025744300000000005,0.0,0.00015432,0.00014386564999999997,2.0663941e-05
-4.361,-6.288202,0.00552,3.072e-08,6.9632e-06,2.06161e-08,0.0011605,2.3453e-05,2.1429957000000003e-07,0.002135,1.56925e-05,2.3047680000000002e-07,0.00027084,0.0001810256,0.0,0.00010850000000000001,0.00010115650000000001,1.4527396000000002e-05
-4.353,-6.280202,0.0036,2.002e-08,4.5388e-06,1.3440850000000001e-08,0.00075645,1.5289e-05,1.3968535e-07,0.001392,1.023e-05,1.5025198e-07,0.00017657,0.0001180007,0.0,7.073e-05,6.594270000000001e-05,9.4704725e-06
-4.344,-6.271202000000001,0.0020875,1.1611e-08,2.6318e-06,7.79395e-09,0.00043864999999999996,8.8645e-06,8.0996297e-08,0.0008071,5.932e-06,8.711688499999999e-08,0.00010236999999999998,6.84183e-05,0.0,4.1009999999999995e-05,3.82342e-05,5.491473500000001e-06
-4.336,-6.263202000000001,0.0009845,5.476e-09,1.2412e-06,3.6754e-09,0.00020685,4.1815000000000005e-06,3.81974015e-08,0.00038064999999999996,2.79735e-06,4.1081630000000005e-08,4.8280000000000005e-05,3.226760000000001e-05,0.0,1.9342e-05,1.80312e-05,2.5898967e-06
-4.328,-6.255202000000001,0.00029115,1.6196e-09,3.6706e-07,1.08694e-09,6.1185e-05,1.2364499999999998e-06,1.1297668e-08,0.0001126,8.273e-07,1.2151186e-08,1.4280000000000002e-05,9.54512e-06,0.0,5.721e-06,5.33359e-06,7.659626700000001e-07
-4.319,-6.246202,7.57e-06,4.21e-11,9.54e-09,2.82563e-11,1.59e-06,3.214e-08,2.9369034e-10,2.9265e-06,2.15065e-08,3.1590065e-10,3.7119e-07,2.4807799999999993e-07,0.0,1.487e-07,1.38633e-07,1.9911507e-08
-4.311,-6.238202,0.0,0.0,0.0,0.0,0.0,0.0,0.0,0.0,0.0,0.0,0.0,0.0,0.0,0.0,0.0,0.0
-4.303,-6.230202,0.0,0.0,0.0,0.0,0.0,0.0,0.0,0.0,0.0,0.0,0.0,0.0,0.0,0.0,0.0,0.0
-4.294,-6.221202,0.0,0.0,0.0,0.0,0.0,0.0,0.0,0.0,0.0,0.0,0.0,0.0,0.0,0.0,0.0,0.0
-4.286,-6.213202,0.0,0.0,0.0,0.0,0.0,0.0,0.0,0.0,0.0,0.0,0.0,0.0,0.0,0.0,0.0,0.0
-4.278,-6.205202,0.0,0.0,0.0,0.0,0.0,0.0,0.0,0.0,0.0,0.0,0.0,0.0,0.0,0.0,0.0,0.0
-4.269,-6.196202,0.0,0.0,0.0,0.0,0.0,0.0,0.0,0.0,0.0,0.0,0.0,0.0,0.0,0.0,0.0,0.0
-4.261,-6.188202,0.0,0.0,0.0,0.0,0.0,0.0,0.0,0.0,0.0,0.0,0.0,0.0,0.0,0.0,0.0,0.0
-4.253,-6.180202,0.0,0.0,0.0,0.0,0.0,0.0,0.0,0.0,0.0,0.0,0.0,0.0,0.0,0.0,0.0,0.0
-4.245,-6.172202,0.0,0.0,0.0,0.0,0.0,0.0,0.0,0.0,0.0,0.0,0.0,0.0,0.0,0.0,0.0,0.0
-4.236,-6.163202,0.0,0.0,0.0,0.0,0.0,0.0,0.0,0.0,0.0,0.0,0.0,0.0,0.0,0.0,0.0,0.0
-4.228,-6.155202,0.0,0.0,0.0,0.0,0.0,0.0,0.0,0.0,0.0,0.0,0.0,0.0,0.0,0.0,0.0,0.0
-4.22,-6.147202,0.0,0.0,0.0,0.0,0.0,0.0,0.0,0.0,0.0,0.0,0.0,0.0,0.0,0.0,0.0,0.0
-4.211,-6.138202000000001,0.0,0.0,0.0,0.0,0.0,0.0,0.0,0.0,0.0,0.0,0.0,0.0,0.0,0.0,0.0,0.0
-4.203,-6.130202000000001,0.0,0.0,0.0,0.0,0.0,0.0,0.0,0.0,0.0,0.0,0.0,0.0,0.0,0.0,0.0,0.0
-4.195,-6.122202000000001,0.0,0.0,0.0,0.0,0.0,0.0,0.0,0.0,0.0,0.0,0.0,0.0,0.0,0.0,0.0,0.0
-4.186,-6.113202,0.0,0.0,0.0,0.0,0.0,0.0,0.0,0.0,0.0,0.0,0.0,0.0,0.0,0.0,0.0,0.0
-4.178,-6.105202,0.0,0.0,0.0,0.0,0.0,0.0,0.0,0.0,0.0,0.0,0.0,0.0,0.0,0.0,0.0,0.0
-4.17,-6.097202,0.0,0.0,0.0,0.0,0.0,0.0,0.0,0.0,0.0,0.0,0.0,0.0,0.0,0.0,0.0,0.0
-4.161,-6.088202,0.0,0.0,0.0,0.0,0.0,0.0,0.0,0.0,0.0,0.0,0.0,0.0,0.0,0.0,0.0,0.0
-4.153,-6.080202,0.0,0.0,0.0,0.0,0.0,0.0,0.0,0.0,0.0,0.0,0.0,0.0,0.0,0.0,0.0,0.0
-4.145,-6.072202,0.0,0.0,0.0,0.0,0.0,0.0,0.0,0.0,0.0,0.0,0.0,0.0,0.0,0.0,0.0,0.0
-4.137,-6.064202,0.0,0.0,0.0,0.0,0.0,0.0,0.0,0.0,0.0,0.0,0.0,0.0,0.0,0.0,0.0,0.0
-4.128,-6.055202,0.0,0.0,0.0,0.0,0.0,0.0,0.0,0.0,0.0,0.0,0.0,0.0,0.0,0.0,0.0,0.0
-4.12,-6.047202,0.0,0.0,0.0,0.0,0.0,0.0,0.0,0.0,0.0,0.0,0.0,0.0,0.0,0.0,0.0,0.0
-4.112,-6.039202,0.0,0.0,0.0,0.0,0.0,0.0,0.0,0.0,0.0,0.0,0.0,0.0,0.0,0.0,0.0,0.0
-4.103,-6.030202,0.0,0.0,0.0,0.0,0.0,0.0,0.0,0.0,0.0,0.0,0.0,0.0,0.0,0.0,0.0,0.0
-4.095,-6.022202,0.0,0.0,0.0,0.0,0.0,0.0,0.0,0.0,0.0,0.0,0.0,0.0,0.0,0.0,0.0,0.0
-4.087,-6.014202,0.0,0.0,0.0,0.0,0.0,0.0,0.0,0.0,0.0,0.0,0.0,0.0,0.0,0.0,0.0,0.0
-4.078,-6.005202000000001,0.0,0.0,0.0,0.0,0.0,0.0,0.0,0.0,0.0,0.0,0.0,0.0,0.0,0.0,0.0,0.0
-4.07,-5.997202000000001,0.0,0.0,0.0,0.0,0.0,0.0,0.0,0.0,0.0,0.0,0.0,0.0,0.0,0.0,0.0,0.0
-4.062,-5.989202000000001,0.0,0.0,0.0,0.0,0.0,0.0,0.0,0.0,0.0,0.0,0.0,0.0,0.0,0.0,0.0,0.0
-4.053,-5.980202,0.0,0.0,0.0,0.0,0.0,0.0,0.0,0.0,0.0,0.0,0.0,0.0,0.0,0.0,0.0,0.0
-4.045,-5.972202,0.0,0.0,0.0,0.0,0.0,0.0,0.0,0.0,0.0,0.0,0.0,0.0,0.0,0.0,0.0,0.0
-4.037,-5.964202,0.0,0.0,0.0,0.0,0.0,0.0,0.0,0.0,0.0,0.0,0.0,0.0,0.0,0.0,0.0,0.0
-4.029,-5.956202,0.0,0.0,0.0,0.0,0.0,0.0,0.0,0.0,0.0,0.0,0.0,0.0,0.0,0.0,0.0,0.0
-4.02,-5.947202,0.0,0.0,0.0,0.0,0.0,0.0,0.0,0.0,0.0,0.0,0.0,0.0,0.0,0.0,0.0,0.0
-4.012,-5.939202,0.0,0.0,0.0,0.0,0.0,0.0,0.0,0.0,0.0,0.0,0.0,0.0,0.0,0.0,0.0,0.0
-4.004,-5.931202,0.0,0.0,0.0,0.0,0.0,0.0,0.0,0.0,0.0,0.0,0.0,0.0,0.0,0.0,0.0,0.0
-3.995,-5.922202,0.0,0.0,0.0,0.0,0.0,0.0,0.0,0.0,0.0,0.0,0.0,0.0,0.0,0.0,0.0,0.0
-3.987,-5.914202,0.0,0.0,0.0,0.0,0.0,0.0,0.0,0.0,0.0,0.0,0.0,0.0,0.0,0.0,0.0,0.0
-3.979,-5.906202,0.0,0.0,0.0,0.0,0.0,0.0,0.0,0.0,0.0,0.0,0.0,0.0,0.0,0.0,0.0,0.0
-3.97,-5.897202,0.0,0.0,0.0,0.0,0.0,0.0,0.0,0.0,0.0,0.0,0.0,0.0,0.0,0.0,0.0,0.0
-3.962,-5.889202,0.0,0.0,0.0,0.0,0.0,0.0,0.0,0.0,0.0,0.0,0.0,0.0,0.0,0.0,0.0,0.0
-3.954,-5.881202,0.0,0.0,0.0,0.0,0.0,0.0,0.0,0.0,0.0,0.0,0.0,0.0,0.0,0.0,0.0,0.0
-3.945,-5.872202,0.0,0.0,0.0,0.0,0.0,0.0,0.0,0.0,0.0,0.0,0.0,0.0,0.0,0.0,0.0,0.0
-3.937,-5.864202,0.0,0.0,0.0,0.0,0.0,0.0,0.0,0.0,0.0,0.0,0.0,0.0,0.0,0.0,0.0,0.0
-3.929,-5.856202,0.0,0.0,0.0,0.0,0.0,0.0,0.0,0.0,0.0,0.0,0.0,0.0,0.0,0.0,0.0,0.0
-3.921,-5.848202,0.0,0.0,0.0,0.0,0.0,0.0,0.0,0.0,0.0,0.0,0.0,0.0,0.0,0.0,0.0,0.0
-3.912,-5.839202,0.0,0.0,0.0,0.0,0.0,0.0,0.0,0.0,0.0,0.0,0.0,0.0,0.0,0.0,0.0,0.0
-3.904,-5.831202,0.0,0.0,0.0,0.0,0.0,0.0,0.0,0.0,0.0,0.0,0.0,0.0,0.0,0.0,0.0,0.0
-3.896,-5.823202,0.0,0.0,0.0,0.0,0.0,0.0,0.0,0.0,0.0,0.0,0.0,0.0,0.0,0.0,0.0,0.0
-3.887,-5.814202,0.0,0.0,0.0,0.0,0.0,0.0,0.0,0.0,0.0,0.0,0.0,0.0,0.0,0.0,0.0,0.0
-3.879,-5.806202,0.0,0.0,0.0,0.0,0.0,0.0,0.0,0.0,0.0,0.0,0.0,0.0,0.0,0.0,0.0,0.0
-3.871,-5.798202,0.0,0.0,0.0,0.0,0.0,0.0,0.0,0.0,0.0,0.0,0.0,0.0,0.0,0.0,0.0,0.0
-3.862,-5.789202,0.0,0.0,0.0,0.0,0.0,0.0,0.0,0.0,0.0,0.0,0.0,0.0,0.0,0.0,0.0,0.0
-3.854,-5.781202,0.0,0.0,0.0,0.0,0.0,0.0,0.0,0.0,0.0,0.0,0.0,0.0,0.0,0.0,0.0,0.0
-3.846,-5.773202,0.0,0.0,0.0,0.0,0.0,0.0,0.0,0.0,0.0,0.0,0.0,0.0,0.0,0.0,0.0,0.0
-3.837,-5.764202,0.0,0.0,0.0,0.0,0.0,0.0,0.0,0.0,0.0,0.0,0.0,0.0,0.0,0.0,0.0,0.0
-3.829,-5.756202,0.0,0.0,0.0,0.0,0.0,0.0,0.0,0.0,0.0,0.0,0.0,0.0,0.0,0.0,0.0,0.0
-3.821,-5.748202,0.0,0.0,0.0,0.0,0.0,0.0,0.0,0.0,0.0,0.0,0.0,0.0,0.0,0.0,0.0,0.0
-3.813,-5.740202,0.0,0.0,0.0,0.0,0.0,0.0,0.0,0.0,0.0,0.0,0.0,0.0,0.0,0.0,0.0,0.0
-3.804,-5.731202,0.0,0.0,0.0,0.0,0.0,0.0,0.0,0.0,0.0,0.0,0.0,0.0,0.0,0.0,0.0,0.0
-3.796,-5.723202,0.0,0.0,0.0,0.0,0.0,0.0,0.0,0.0,0.0,0.0,0.0,0.0,0.0,0.0,0.0,0.0
-3.788,-5.715202,0.0,0.0,0.0,0.0,0.0,0.0,0.0,0.0,0.0,0.0,0.0,0.0,0.0,0.0,0.0,0.0
-3.779,-5.706202,0.0,0.0,0.0,0.0,0.0,0.0,0.0,0.0,0.0,0.0,0.0,0.0,0.0,0.0,0.0,0.0
-3.771,-5.698202,0.0,0.0,0.0,0.0,0.0,0.0,0.0,0.0,0.0,0.0,0.0,0.0,0.0,0.0,0.0,0.0
-3.763,-5.690202,0.0,0.0,0.0,0.0,0.0,0.0,0.0,0.0,0.0,0.0,0.0,0.0,0.0,0.0,0.0,0.0
-3.754,-5.681202,0.0,0.0,0.0,0.0,0.0,0.0,0.0,0.0,0.0,0.0,0.0,0.0,0.0,0.0,0.0,0.0
-3.746,-5.673202,0.0,0.0,0.0,0.0,0.0,0.0,0.0,0.0,0.0,0.0,0.0,0.0,0.0,0.0,0.0,0.0
-3.738,-5.665202,0.0,0.0,0.0,0.0,0.0,0.0,0.0,0.0,0.0,0.0,0.0,0.0,0.0,0.0,0.0,0.0
-3.73,-5.657202,0.0,0.0,0.0,0.0,0.0,0.0,0.0,0.0,0.0,0.0,0.0,0.0,0.0,0.0,0.0,0.0
-3.721,-5.648202,0.0,0.0,0.0,0.0,0.0,0.0,0.0,0.0,0.0,0.0,0.0,0.0,0.0,0.0,0.0,0.0
-3.713,-5.640202,0.0,0.0,0.0,0.0,0.0,0.0,0.0,0.0,0.0,0.0,0.0,0.0,0.0,0.0,0.0,0.0
-3.705,-5.632202,0.0,0.0,0.0,0.0,0.0,0.0,0.0,0.0,0.0,0.0,0.0,0.0,0.0,0.0,0.0,0.0
-3.696,-5.623202,0.0,0.0,0.0,0.0,0.0,0.0,0.0,0.0,0.0,0.0,0.0,0.0,0.0,0.0,0.0,0.0
-3.688,-5.615202,0.0,0.0,0.0,0.0,0.0,0.0,0.0,0.0,0.0,0.0,0.0,0.0,0.0,0.0,0.0,0.0
-3.68,-5.607202,0.0,0.0,0.0,0.0,0.0,0.0,0.0,0.0,0.0,0.0,0.0,0.0,0.0,0.0,0.0,0.0
-3.671,-5.598202,0.0,0.0,0.0,0.0,0.0,0.0,0.0,0.0,0.0,0.0,0.0,0.0,0.0,0.0,0.0,0.0
-3.663,-5.590202,0.0,0.0,0.0,0.0,0.0,0.0,0.0,0.0,0.0,0.0,0.0,0.0,0.0,0.0,0.0,0.0
-3.655,-5.582202,0.0,0.0,0.0,0.0,0.0,0.0,0.0,0.0,0.0,0.0,0.0,0.0,0.0,0.0,0.0,0.0
-3.646,-5.573202,0.0,0.0,0.0,0.0,0.0,0.0,0.0,0.0,0.0,0.0,0.0,0.0,0.0,0.0,0.0,0.0
-3.638,-5.565202,0.0,0.0,0.0,0.0,0.0,0.0,0.0,0.0,0.0,0.0,0.0,0.0,0.0,0.0,0.0,0.0
-3.63,-5.557202,0.0,0.0,0.0,0.0,0.0,0.0,0.0,0.0,0.0,0.0,0.0,0.0,0.0,0.0,0.0,0.0
-3.622,-5.549202,0.0,0.0,0.0,0.0,0.0,0.0,0.0,0.0,0.0,0.0,0.0,0.0,0.0,0.0,0.0,0.0
-3.613,-5.540202,0.0,0.0,0.0,0.0,0.0,0.0,0.0,0.0,0.0,0.0,0.0,0.0,0.0,0.0,0.0,0.0
-3.605,-5.532202,0.0,0.0,0.0,0.0,0.0,0.0,0.0,0.0,0.0,0.0,0.0,0.0,0.0,0.0,0.0,0.0
-3.597,-5.524202,0.0,0.0,0.0,0.0,0.0,0.0,0.0,0.0,0.0,0.0,0.0,0.0,0.0,0.0,0.0,0.0
-3.588,-5.515202,0.0,0.0,0.0,0.0,0.0,0.0,0.0,0.0,0.0,0.0,0.0,0.0,0.0,0.0,0.0,0.0
-3.58,-5.507202,0.0,0.0,0.0,0.0,0.0,0.0,0.0,0.0,0.0,0.0,0.0,0.0,0.0,0.0,0.0,0.0
-3.572,-5.499202,0.0,0.0,0.0,0.0,0.0,0.0,0.0,0.0,0.0,0.0,0.0,0.0,0.0,0.0,0.0,0.0
-3.563,-5.490202,0.0,0.0,0.0,0.0,0.0,0.0,0.0,0.0,0.0,0.0,0.0,0.0,0.0,0.0,0.0,0.0
-3.555,-5.482202,0.0,0.0,0.0,0.0,0.0,0.0,0.0,0.0,0.0,0.0,0.0,0.0,0.0,0.0,0.0,0.0
-3.547,-5.474202,0.0,0.0,0.0,0.0,0.0,0.0,0.0,0.0,0.0,0.0,0.0,0.0,0.0,0.0,0.0,0.0
-3.538,-5.465202,0.0,0.0,0.0,0.0,0.0,0.0,0.0,0.0,0.0,0.0,0.0,0.0,0.0,0.0,0.0,0.0
-3.53,-5.457202,0.0,0.0,0.0,0.0,0.0,0.0,0.0,0.0,0.0,0.0,0.0,0.0,0.0,0.0,0.0,0.0
-3.522,-5.449202,0.0,0.0,0.0,0.0,0.0,0.0,0.0,0.0,0.0,0.0,0.0,0.0,0.0,0.0,0.0,0.0
-3.514,-5.441202,0.0,0.0,0.0,0.0,0.0,0.0,0.0,0.0,0.0,0.0,0.0,0.0,0.0,0.0,0.0,0.0
-3.505,-5.432202,0.0,0.0,0.0,0.0,0.0,0.0,0.0,0.0,0.0,0.0,0.0,0.0,0.0,0.0,0.0,0.0
-3.497,-5.424202,0.0,0.0,0.0,0.0,0.0,0.0,0.0,0.0,0.0,0.0,0.0,0.0,0.0,0.0,0.0,0.0
-3.489,-5.416202,0.0,0.0,0.0,0.0,0.0,0.0,0.0,0.0,0.0,0.0,0.0,0.0,0.0,0.0,0.0,0.0
-3.48,-5.407202,0.0,0.0,0.0,0.0,0.0,0.0,0.0,0.0,0.0,0.0,0.0,0.0,0.0,0.0,0.0,0.0
-3.472,-5.399202,0.0,0.0,0.0,0.0,0.0,0.0,0.0,0.0,0.0,0.0,0.0,0.0,0.0,0.0,0.0,0.0
-3.464,-5.391202,0.0,0.0,0.0,0.0,0.0,0.0,0.0,0.0,0.0,0.0,0.0,0.0,0.0,0.0,0.0,0.0
-3.455,-5.382202,0.0,0.0,0.0,0.0,0.0,0.0,0.0,0.0,0.0,0.0,0.0,0.0,0.0,0.0,0.0,0.0
-3.447,-5.374202,0.0,0.0,0.0,0.0,0.0,0.0,0.0,0.0,0.0,0.0,0.0,0.0,0.0,0.0,0.0,0.0
-3.439,-5.366202,0.0,0.0,0.0,0.0,0.0,0.0,0.0,0.0,0.0,0.0,0.0,0.0,0.0,0.0,0.0,0.0
-3.43,-5.357202,0.0,0.0,0.0,0.0,0.0,0.0,0.0,0.0,0.0,0.0,0.0,0.0,0.0,0.0,0.0,0.0
-3.422,-5.349202,0.0,0.0,0.0,0.0,0.0,0.0,0.0,0.0,0.0,0.0,0.0,0.0,0.0,0.0,0.0,0.0
-3.414,-5.341202,0.0,0.0,0.0,0.0,0.0,0.0,0.0,0.0,0.0,0.0,0.0,0.0,0.0,0.0,0.0,0.0
-3.406,-5.333202,0.0,0.0,0.0,0.0,0.0,0.0,0.0,0.0,0.0,0.0,0.0,0.0,0.0,0.0,0.0,0.0
-3.397,-5.324202,0.0,0.0,0.0,0.0,0.0,0.0,0.0,0.0,0.0,0.0,0.0,0.0,0.0,0.0,0.0,0.0
-3.389,-5.316202,0.0,0.0,0.0,0.0,0.0,0.0,0.0,0.0,0.0,0.0,0.0,0.0,0.0,0.0,0.0,0.0
-3.381,-5.308202,0.0,0.0,0.0,0.0,0.0,0.0,0.0,0.0,0.0,0.0,0.0,0.0,0.0,0.0,0.0,0.0
-3.372,-5.299202,0.0,0.0,0.0,0.0,0.0,0.0,0.0,0.0,0.0,0.0,0.0,0.0,0.0,0.0,0.0,0.0
-3.364,-5.291202,0.0,0.0,0.0,0.0,0.0,0.0,0.0,0.0,0.0,0.0,0.0,0.0,0.0,0.0,0.0,0.0
-3.356,-5.283202,0.0,0.0,0.0,0.0,0.0,0.0,0.0,0.0,0.0,0.0,0.0,0.0,0.0,0.0,0.0,0.0
-3.347,-5.274202,0.0,0.0,0.0,0.0,0.0,0.0,0.0,0.0,0.0,0.0,0.0,0.0,0.0,0.0,0.0,0.0
-3.339,-5.266202,0.0,0.0,0.0,0.0,0.0,0.0,0.0,0.0,0.0,0.0,0.0,0.0,0.0,0.0,0.0,0.0
-3.331,-5.258202,0.0,0.0,0.0,0.0,0.0,0.0,0.0,0.0,0.0,0.0,0.0,0.0,0.0,0.0,0.0,0.0
-3.322,-5.249202,0.0,0.0,0.0,0.0,0.0,0.0,0.0,0.0,0.0,0.0,0.0,0.0,0.0,0.0,0.0,0.0
-3.314,-5.241202,0.0,0.0,0.0,0.0,0.0,0.0,0.0,0.0,0.0,0.0,0.0,0.0,0.0,0.0,0.0,0.0
-3.306,-5.233202,0.0,0.0,0.0,0.0,0.0,0.0,0.0,0.0,0.0,0.0,0.0,0.0,0.0,0.0,0.0,0.0
-3.298,-5.225202,0.0,0.0,0.0,0.0,0.0,0.0,0.0,0.0,0.0,0.0,0.0,0.0,0.0,0.0,0.0,0.0
-3.289,-5.216202,0.0,0.0,0.0,0.0,0.0,0.0,0.0,0.0,0.0,0.0,0.0,0.0,0.0,0.0,0.0,0.0
-3.281,-5.208202,0.735,9.345e-09,0.0073152,2.44442015e-05,1.1779999999999999e-05,0.043856000000000006,2.3349749999999998e-05,1.688e-05,0.039165,5.19784e-05,0.00012267500000000001,0.315673,0.0,4.089e-07,0.015207000000000002,3.3289499999999994e-05
-3.273,-5.200202,1.3965,7.804e-08,0.01274,8.9219366e-05,0.00010185000000000001,0.083465,7.040185e-05,0.00014665000000000001,0.07428000000000001,0.000157052,0.000324,0.602145,0.0,3.788e-06,0.027764000000000004,0.00011381649999999999
-3.264,-5.191202,1.9475,2.046e-07,0.016734000000000002,0.00016293463999999999,0.0002718,0.11652000000000001,0.000124667,0.00039265000000000003,0.10342000000000001,0.000278454,0.0005587999999999999,0.8406750000000001,0.0,9.203e-06,0.038534,0.0001927361
-3.256,-5.183202,2.594,3.894e-07,0.020063,0.00030000332,0.00051975,0.15548,0.0001923785,0.00075325,0.1376,0.0004300825,0.0008599499999999998,1.12341,0.0,1.5587e-05,0.049246,0.0003514619
-3.248,-5.1752020000000005,3.3055,6.161e-07,0.023311,0.00046647745,0.00082595,0.19846999999999998,0.00026949449999999996,0.0012005000000000002,0.17524499999999998,0.0006027410000000001,0.0012084,1.43507,0.0,2.2879999999999998e-05,0.060869999999999994,0.0005391630000000001
-3.239,-5.166202,4.152,9.0325e-07,0.0253525,0.000732501965,0.0012209999999999999,0.24991000000000002,0.0003696915,0.0017820000000000002,0.22001,0.0008264955000000001,0.0016571000000000003,1.8104199999999997,0.0,3.119e-05,0.071482,0.0008561069999999999
-3.231,-5.158202,5.085,1.24755e-06,0.0273715,0.00103144342,0.001717,0.3066,0.0005016619999999999,0.0025215000000000003,0.26919000000000004,0.001120411,0.0022265,2.2233,0.0,4.0549999999999996e-05,0.08399000000000001,0.001197708
-3.223,-5.150202,5.91,1.6540499999999999e-06,0.029186,0.0012910781999999998,0.0023335,0.35692999999999997,0.0006457780000000001,0.00345,0.31254000000000004,0.001440125,0.0028501999999999998,2.58467,0.0,5.0549999999999995e-05,0.09964500000000001,0.0014288175000000001
-3.214,-5.141202,6.41,2.049e-06,0.0298795,0.00145784765,0.0029535,0.38758000000000004,0.000778452,0.004387,0.33861500000000005,0.00173491,0.0034197,2.8028549999999997,0.0,5.9465e-05,0.11146500000000001,0.00155841
-3.206,-5.133202,6.71,2.459e-06,0.029076,0.00160345665,0.003632,0.40625,0.000898018,0.00541,0.35399,0.002001595,0.00395535,2.9317700000000007,0.0,6.977e-05,0.121365,0.001641656
-3.198,-5.125202,7.315,3.071e-06,0.028873999999999997,0.0018299966999999998,0.0045495,0.44335,0.001053777,0.0067925,0.38517,0.002348625,0.0046819999999999995,3.19122,0.0,8.319e-05,0.137855,0.0018247369999999999
-3.19,-5.117202,7.69,3.729e-06,0.028275,0.00197437725,0.00556,0.46685,0.0012000105,0.008326,0.40459999999999996,0.00267239,0.005395999999999999,3.3522499999999997,0.0,9.926e-05,0.151365,0.001956479
-3.181,-5.108202,8.075,4.562e-06,0.027821,0.0021088340000000004,0.0068145,0.49029999999999996,0.0013555855,0.01022,0.42395,0.003016335,0.0062055,3.5127800000000002,0.0,0.00012594,0.166265,0.002097045
-3.173,-5.100202,8.525,5.688e-06,0.027810500000000002,0.00223768075,0.0085175,0.5179499999999999,0.0015295105,0.012785,0.4468,0.003400885,0.007220000000000001,3.698595,0.0,0.00015531,0.18576499999999999,0.002255758
-3.165,-5.092202,8.855,6.7155e-06,0.0275585,0.00231758055,0.01014,0.53835,0.001699742,0.015245,0.46330000000000005,0.00378008,0.008192,3.83223,0.0,0.00017999999999999998,0.20343,0.00240177
-3.156,-5.083202,8.93,7.401e-06,0.026572000000000005,0.0023191791000000002,0.011215,0.5435,0.0018481749999999999,0.016875,0.46625,0.00412471,0.0089075,3.858365,0.0,0.00019643999999999998,0.21461,0.00249483
-3.148,-5.075202,8.93,7.861e-06,0.0254605,0.0022926019000000003,0.01191,0.5438000000000001,0.0019848,0.017945000000000003,0.46499999999999997,0.00445499,0.009466,3.85057,0.0,0.0002071,0.223615,0.0025737250000000002
-3.14,-5.067202,9.0,8.193000000000001e-06,0.024853,0.0022825032,0.012379999999999999,0.54865,0.00211392,0.01865,0.46775,0.00476776,0.009928000000000001,3.87506,0.0,0.0002158,0.23466,0.0026659400000000003
-3.131,-5.058202,8.685,8.575e-06,0.024221000000000003,0.0021389693,0.0127,0.52955,0.00219748,0.019045,0.4498,0.005022235,0.0101785,3.714055,0.0,0.0002517,0.25185,0.00263024
-3.123,-5.0502020000000005,8.135,7.531500000000001e-06,0.0230405,0.0019247625,0.011290000000000001,0.49605000000000005,0.002221975,0.01686,0.4194,0.005183295,0.009793,3.4547799999999995,0.0,0.00018641,0.261,0.0025474025
-3.115,-5.0422020000000005,7.54,7.0485e-06,0.021707999999999998,0.0017450750999999998,0.01043,0.4599,0.0022137650000000004,0.01542,0.38705,0.00527,0.009455999999999999,3.18528,0.0,0.00018108000000000002,0.26117999999999997,0.00238725
-3.106,-5.033202,6.935,6.617e-06,0.020478000000000003,0.0015642177499999997,0.0093565,0.42315,0.0021839395,0.01363,0.35418,0.0053098699999999995,0.0089945,2.91061,0.0,0.00017514,0.26113000000000003,0.0021843310000000003
-3.098,-5.025202,7.135,6.882e-06,0.021341,0.0015334935500000001,0.008987,0.43584999999999996,0.0022660149999999997,0.01315,0.364,0.005523585,0.0090825,2.9617200000000006,0.0,0.00017958999999999998,0.299585,0.002269839
-3.09,-5.017202,6.96,6.792e-06,0.020504,0.0014864529,0.008738,0.4254,0.0023408350000000003,0.012830000000000001,0.35405000000000003,0.005724150000000001,0.009166,2.8846000000000003,0.0,0.000180085,0.300165,0.0022146615
-3.082,-5.009202,6.76,6.598e-06,0.020374999999999997,0.0014462857,0.008582,0.4127,0.00241442,0.012629999999999999,0.34238,0.005923675,0.009272000000000002,2.7800299999999996,0.0,0.00018734,0.3127,0.002113564
-3.073,-5.000202,6.64,6.500999999999999e-06,0.021073,0.0014255256,0.008569,0.40449999999999997,0.00251263,0.012655,0.33465,0.006172364999999999,0.009471,2.6904299999999997,0.0,0.0002152,0.34389,0.0020176025
-3.065,-4.992202,6.535,6.416e-06,0.021674000000000002,0.0014155804999999998,0.0085615,0.3972,0.00261854,0.012715,0.32776,0.00643255,0.009683,2.6099799999999997,0.0,0.000254,0.37372,0.001932871
-3.057,-4.984202,6.235,6.246e-06,0.021898,0.0013661791499999998,0.0085325,0.37795,0.002648755,0.012584999999999999,0.310755,0.006560085,0.009696,2.4522500000000003,0.0,0.0003011,0.39097000000000004,0.0017892049999999999
-3.048,-4.975202,6.215,6.348e-06,0.022953,0.0013771783,0.0087,0.37555,0.0027302099999999994,0.01281,0.30832,0.006782765,0.009892999999999999,2.395355,0.0,0.0003696,0.433015,0.00173445
-3.04,-4.967202,6.215,6.538e-06,0.024111,0.00139660305,0.008899500000000001,0.3749,0.002812915,0.01306,0.30715,0.007018564999999999,0.010081999999999999,2.3438350000000003,0.0,0.00046580000000000005,0.48019,0.0016902
-3.032,-4.959202,6.355,6.9549999999999995e-06,0.026232000000000005,0.00145791765,0.0092,0.38205,0.002924575,0.013445,0.31272,0.007334265,0.010327,2.314555,0.0,0.0006328,0.563315,0.0016660949999999998
-3.023,-4.950202,6.61,7.481e-06,0.029357,0.0015613216,0.009735500000000001,0.39605,0.0030852450000000003,0.01421,0.32399999999999995,0.007760745,0.0107315,2.3013199999999996,0.0,0.0008532,0.67995,0.00164598
-3.015,-4.942202,6.995,8.341e-06,0.032719500000000006,0.00168191,0.010270000000000001,0.4181,0.0032675,0.01495,0.34209999999999996,0.008244195000000001,0.01116,2.3339,0.0,0.0011159,0.80931,0.0016797599999999998
-3.007,-4.934202,7.19,9.064999999999999e-06,0.0338665,0.001769756,0.010805,0.4292,0.003416535,0.015705,0.35045000000000004,0.008653494999999999,0.011562,2.34126,0.0,0.0013013999999999999,0.88372,0.0016996399999999999
-2.998,-4.9252020000000005,7.095,9.6e-06,0.0319375,0.001840942,0.011165,0.4237,0.00349459,0.016245,0.34435000000000004,0.0089002,0.0117485,2.2861749999999996,0.0,0.0014226,0.8974850000000001,0.0016765999999999999
-2.99,-4.9172020000000005,7.15,1.0529999999999999e-05,0.031626999999999995,0.0019224200000000002,0.011715,0.4264,0.0036079400000000005,0.017025,0.34545,0.009242029999999998,0.011994500000000002,2.25663,0.0,0.0016623999999999999,0.9457800000000001,0.001687675
-2.982,-4.9092020000000005,7.32,1.184e-05,0.032068,0.002046225,0.012455,0.4362,0.0037617999999999996,0.018075,0.35225,0.009695885000000001,0.012355499999999998,2.24861,0.0,0.0019709000000000003,1.02538,0.001712355
-2.974,-4.9012020000000005,7.55,1.3388000000000001e-05,0.032276,0.002199349,0.013434999999999999,0.44970000000000004,0.003933434999999999,0.019445,0.3619,0.010218624999999999,0.012843,2.2636399999999997,0.0,0.0022789999999999998,1.10802,0.001755405
-2.965,-4.892202,7.81,1.5e-05,0.0324785,0.0023567299999999996,0.01451,0.46525000000000005,0.0041397149999999995,0.02093,0.373,0.01085748,0.013465500000000002,2.29675,0.0,0.002581,1.18871,0.001815065
-2.957,-4.884202,7.875,1.6518e-05,0.031759499999999996,0.0024244699999999998,0.01548,0.46925,0.00429707,0.02229,0.374,0.011399884999999998,0.0139955,2.293175,0.0,0.002815,1.2206,0.001841365
-2.949,-4.876202,8.185,1.8965e-05,0.031406,0.002585614,0.017535000000000002,0.4885,0.0046102,0.024725,0.3853,0.01257604,0.0152505,2.37918,0.0,0.00314,1.2757550000000002,0.00191057
-2.94,-4.867202,8.365,2.128e-05,0.031188,0.0026988940000000003,0.019025,0.49955000000000005,0.0048059999999999995,0.02667,0.39139999999999997,0.013330060000000001,0.015951,2.3966899999999995,0.0,0.00351,1.3361,0.0019625000000000003
-2.932,-4.859202,7.98,2.302e-05,0.0294355,0.002562352,0.019264999999999997,0.47630000000000006,0.004811484999999999,0.027700000000000002,0.371,0.01325379,0.015887,2.28283,0.0,0.003637,1.28112,0.0019260000000000002
-2.924,-4.851202,7.675,2.506e-05,0.027984,0.002454904,0.020014999999999998,0.45759999999999995,0.0048128400000000005,0.02911,0.354205,0.01328393,0.015938,2.20144,0.0,0.003831,1.22696,0.0019149749999999998
-2.915,-4.842202,7.48,2.504e-05,0.026785000000000003,0.002362897,0.019514999999999998,0.44645,0.00488537,0.02862,0.34284500000000007,0.01354698,0.0159895,2.161165,0.0,0.003796,1.18638,0.0018969800000000004
-2.907,-4.834202,7.385,2.554e-05,0.025889000000000002,0.0023221775,0.019235000000000002,0.44115000000000004,0.00495725,0.028415000000000003,0.33635000000000004,0.013843204999999999,0.01606,2.1286050000000003,0.0,0.003848,1.17886,0.0018930800000000001
-2.899,-4.826202,7.46,2.7190000000000002e-05,0.025529999999999997,0.002358832,0.01951,0.44635,0.0050526600000000005,0.02896,0.33853,0.014244735000000001,0.016245500000000003,2.1175699999999997,0.0,0.004069,1.22256,0.0019215
-2.89,-4.817202,7.645,2.899e-05,0.024989,0.002493831,0.01951,0.45815,0.005095095000000001,0.029155,0.34673000000000004,0.01446737,0.016110500000000003,2.0730100000000005,0.0,0.0044069999999999995,1.3408600000000002,0.00192808
-2.882,-4.809202,7.285,3.0390000000000002e-05,0.024299,0.0023371779999999997,0.019575000000000002,0.4367,0.00503924,0.02941,0.32766,0.01440084,0.015875,1.9745650000000001,0.0,0.004555,1.28221,0.00187452
-2.874,-4.801202,6.935,3.201e-05,0.02393,0.00213131,0.02006,0.41535,0.005067155,0.030305,0.308035,0.01455945,0.0160845,1.9293449999999999,0.0,0.004584,1.17823,0.0018600450000000003
-2.866,-4.793202,6.865,3.379e-05,0.023548,0.0021019669999999997,0.020385,0.41125,0.005089685,0.03086,0.302945,0.014758819999999999,0.016131,1.8923949999999998,0.0,0.004763,1.1821300000000001,0.00185968
-2.857,-4.7842020000000005,6.815,3.565e-05,0.023233999999999998,0.0020733490000000004,0.02074,0.40865,0.005134905,0.031455,0.29896999999999996,0.015013994999999999,0.0162595,1.8687150000000001,0.0,0.004922,1.1845599999999998,0.0018673499999999998
-2.849,-4.7762020000000005,6.8,3.762e-05,0.02298,0.0020522789999999997,0.021019999999999997,0.40815,0.005187445000000001,0.031945,0.29663,0.015277255,0.016377500000000003,1.8546900000000002,0.0,0.005083,1.19222,0.0018818950000000002
-2.841,-4.7682020000000005,6.82,3.963e-05,0.022803000000000004,0.0020451695,0.021240000000000002,0.40985,0.005250585,0.032314999999999997,0.296245,0.01558557,0.016479000000000004,1.8453350000000002,0.0,0.005267999999999999,1.2113,0.001901
-2.832,-4.759202,6.765,4.0224999999999995e-05,0.022409,0.0020297350000000004,0.020720000000000002,0.40749,0.005246885,0.031409999999999993,0.29182,0.01585673,0.016293500000000002,1.8129,0.0,0.005366,1.220315,0.0018784099999999998
-2.824,-4.751202,6.71,4.177e-05,0.022171999999999997,0.0020064130000000003,0.02052,0.40486500000000003,0.005247375,0.031015,0.287045,0.016147355000000002,0.01619,1.7855349999999999,0.0,0.005515000000000001,1.2239250000000002,0.0018668800000000004
-2.816,-4.743202,6.48,4.295e-05,0.021810000000000003,0.0019281279999999999,0.020194999999999998,0.39169,0.005148965,0.03023,0.273625,0.016297665000000003,0.015935500000000002,1.733945,0.0,0.0055709999999999996,1.17638,0.0018206
-2.807,-4.734202,6.26,4.4330000000000004e-05,0.021468,0.0018426789999999998,0.020014999999999998,0.378595,0.005096920000000001,0.029875,0.26065000000000005,0.016468345000000002,0.0158295,1.6949850000000002,0.0,0.0056040000000000005,1.120295,0.0017875
-2.799,-4.726202,6.085,4.607e-05,0.021178000000000002,0.00176601,0.01997,0.368525,0.005101905,0.029935,0.25009,0.016707065,0.015872999999999998,1.67159,0.0,0.005648,1.07132,0.0017724
-2.791,-4.718202,5.955,4.803e-05,0.020935000000000002,0.001698806,0.02002,0.360665,0.00513713,0.030260000000000002,0.24151,0.016991285000000002,0.016008,1.65713,0.0,0.005702,1.031025,0.0017684
-2.782,-4.709202,5.965,5.0469999999999996e-05,0.020706999999999996,0.0016807425,0.020315,0.36204000000000003,0.00521043,0.030965,0.240115,0.017373555,0.0162535,1.6553350000000002,0.0,0.005834,1.03912,0.00178795
-2.774,-4.701202,6.0,5.317000000000001e-05,0.02046,0.0016669675,0.02066,0.36497999999999997,0.00528958,0.031799999999999995,0.24001,0.017763255,0.016518500000000002,1.65418,0.0,0.0059835,1.0572,0.0018114
-2.766,-4.693202,6.12,5.628e-05,0.020447,0.0016685745,0.02111,0.37343,0.005419375000000001,0.032795,0.24327000000000001,0.018421535000000003,0.016951,1.6706750000000001,0.0,0.006196,1.096,0.0018529
-2.758,-4.685202,6.32,5.963e-05,0.020712,0.001685976,0.021679999999999998,0.3868,0.005609305,0.033935,0.249015,0.019415139999999997,0.01761,1.71075,0.0,0.0064585,1.1462249999999998,0.0019136000000000001
-2.749,-4.676202,6.44,6.245e-05,0.0211235,0.001689438,0.022095,0.3961,0.005774224999999999,0.034460000000000005,0.249575,0.020654400000000003,0.018319,1.76307,0.0,0.0066565,1.15578,0.00196635
-2.741,-4.668202,6.3,6.454e-05,0.02049,0.0016194789999999998,0.022185,0.38880000000000003,0.005733055000000001,0.034805,0.238815,0.021183375,0.018622,1.75701,0.0,0.0065445,1.10345,0.00195795
-2.733,-4.660202,5.985,6.69e-05,0.019539,0.001541271,0.022010000000000002,0.3688,0.00553645,0.03518,0.226445,0.02013473,0.0178105,1.6463100000000002,0.0,0.006606,1.0695700000000001,0.00190245
-2.724,-4.6512020000000005,5.84,6.872e-05,0.019524,0.0015177670000000002,0.022350000000000002,0.35960000000000003,0.005585385,0.035735,0.21649999999999997,0.020521075,0.018091999999999997,1.65298,0.0,0.00665,1.0038399999999998,0.0019155499999999998
-2.716,-4.6432020000000005,6.425,7.201000000000001e-05,0.020954,0.0016754640000000002,0.023934999999999998,0.4001,0.0061939149999999995,0.03708,0.22659,0.02495158,0.020864999999999998,1.92962,0.0,0.0070865,1.01407,0.0021866000000000003
-2.708,-4.6352020000000005,5.805,7.349e-05,0.019809,0.0014979664999999998,0.022875,0.35905,0.00580622,0.037095,0.20561,0.022212355000000003,0.0190815,1.7074600000000002,0.0,0.006935,0.94638,0.00199745
-2.699,-4.626202,5.665,7.612999999999999e-05,0.019556999999999998,0.0014564270000000002,0.02284,0.34987999999999997,0.005769525,0.03758,0.199235,0.02186237,0.018782,1.6557300000000001,0.0,0.0070750000000000006,0.93361,0.00198145
-2.691,-4.618202,5.545,7.901e-05,0.019401,0.0014154190000000002,0.022835,0.34209500000000004,0.005746195,0.038114999999999996,0.19293,0.021663155000000003,0.018558500000000002,1.611485,0.0,0.0072455,0.9218500000000001,0.0019746
-2.683,-4.610202,5.455,8.217e-05,0.019360000000000002,0.001382866,0.022914999999999998,0.33655999999999997,0.005767765,0.038815,0.18768500000000002,0.02164604,0.0184615,1.57982,0.0,0.007454499999999999,0.9144800000000001,0.0019811
-2.674,-4.601202,5.4,8.552999999999999e-05,0.019312000000000003,0.001367526,0.02307,0.33283,0.0058258500000000005,0.039615,0.18416500000000002,0.021644555,0.018425999999999998,1.55514,0.0,0.0076705,0.91378,0.0019934
-2.666,-4.593202,5.33,8.899e-05,0.019205,0.001347432,0.023105,0.327835,0.005873440000000001,0.040319999999999995,0.18,0.02158234,0.0183265,1.526785,0.0,0.007868,0.90893,0.0019997
-2.658,-4.585202,5.16,9.253000000000001e-05,0.018712999999999997,0.001307428,0.022865,0.31689,0.00581284,0.04072,0.17263499999999998,0.021118795000000003,0.017896500000000003,1.4716500000000003,0.0,0.007970999999999999,0.88663,0.0019773
-2.65,-4.577202,5.205,9.698000000000001e-05,0.019141,0.0013121460000000001,0.023375,0.31935,0.00600292,0.04209,0.17213,0.021644405,0.018282,1.486775,0.0,0.008291,0.8947299999999998,0.0020285499999999996
-2.641,-4.568202,4.8855,0.00010012,0.017832999999999998,0.001249134,0.022755,0.298015,0.005804765,0.042135,0.16205999999999998,0.020133955000000002,0.017266,1.3773400000000002,0.0,0.008177,0.85446,0.00194881
-2.633,-4.560202,4.7865,0.00010435,0.01745,0.0012324305,0.022875,0.29019,0.00586705,0.043085,0.159395,0.019598635,0.0170395,1.3429499999999999,0.0,0.008282000000000001,0.8428300000000001,0.00194559
-2.625,-4.552202,4.6785,0.00010875,0.017028,0.001213942,0.02299,0.281655,0.0059337850000000004,0.04407,0.156725,0.01897959,0.016791999999999998,1.3060500000000002,0.0,0.0083645,0.8291999999999999,0.00193846
-2.616,-4.543202,4.5675,0.00011336000000000001,0.016598,0.001193828,0.023100000000000002,0.27276500000000004,0.006018465000000001,0.045149999999999996,0.15409499999999998,0.01833945,0.016567000000000002,1.2698200000000002,0.0,0.008427500000000001,0.8137099999999999,0.0019294599999999998
-2.608,-4.535202,4.4955,0.00011825,0.016356,0.00117332,0.023175,0.26663,0.006146730000000001,0.04637,0.151795,0.018067345,0.016592500000000003,1.25559,0.0,0.008459000000000001,0.7959100000000001,0.0019305399999999997
-2.6,-4.527202,4.4345,0.00012348,0.016138,0.0011578914999999998,0.023335,0.26082,0.006329755,0.047905,0.15014,0.017823569999999997,0.016716,1.24767,0.0,0.008489,0.7773399999999999,0.0019345400000000002
-2.591,-4.5182020000000005,4.387,0.00012916,0.015927999999999998,0.001147349,0.023615,0.255235,0.00658157,0.049780000000000005,0.14949,0.017570415,0.0169385,1.24629,0.0,0.0085235,0.7582099999999999,0.0019450099999999998
-2.583,-4.5102020000000005,4.322,0.00013557,0.015650999999999998,0.001130486,0.0238,0.24838500000000002,0.006833199999999999,0.051445000000000005,0.148395,0.017236285000000004,0.017094500000000002,1.24109,0.0,0.00853,0.7355700000000001,0.0019477000000000001
-2.575,-4.5022020000000005,4.114,0.00014167999999999999,0.015098,0.0010797340000000002,0.023710000000000002,0.235435,0.006615375,0.051295,0.13988,0.01659699,0.0165185,1.1748500000000002,0.0,0.0085045,0.7060500000000001,0.0018997
-2.566,-4.493202,4.0065,0.00014939,0.014673,0.0010545434,0.023780000000000003,0.22633000000000003,0.0067566,0.05242,0.137355,0.01605819,0.0164105,1.1500100000000002,0.0,0.008501499999999999,0.6821730000000001,0.00188623
-2.558,-4.485202,3.8885,0.0001594,0.014186,0.00102679395,0.02385,0.215945,0.006968995,0.053945,0.13457999999999998,0.01549959,0.016375499999999998,1.1285,0.0,0.008478,0.651602,0.00187279
-2.55,-4.477202,3.735,0.00016812,0.013485999999999998,0.00099286565,0.02387,0.203005,0.007123905,0.05513,0.13191,0.014580215,0.016174499999999998,1.09564,0.0,0.008336,0.614653,0.0018387
-2.542,-4.469202,3.578,0.00017683,0.012774,0.0009579922000000001,0.0239,0.189975,0.007253900000000001,0.056194999999999995,0.129185,0.013628124999999998,0.015946,1.06094,0.0,0.008175499999999999,0.577911,0.00179981
-2.533,-4.460202,3.4215,0.00018543,0.012077000000000001,0.00092372885,0.024,0.17711,0.00735657,0.05722,0.12645499999999998,0.012664015,0.015719499999999997,1.0248300000000001,0.0,0.008003,0.5422595,0.0017588700000000003
-2.525,-4.452202,3.2895,0.00019404,0.011501999999999998,0.00089518735,0.02416,0.1661,0.0074576650000000005,0.058219999999999994,0.12414,0.011856665,0.015564000000000001,0.9946849999999999,0.0,0.007864,0.512036,0.0017243400000000002
-2.517,-4.444202,3.2015,0.00020279,0.011141999999999999,0.0008763602000000001,0.024399999999999998,0.1582,0.00758332,0.05924,0.12270500000000001,0.011316125,0.015532500000000001,0.9757,0.0,0.007795000000000001,0.490784,0.0017032599999999998
-2.508,-4.435202,3.2,0.00021260000000000002,0.011146999999999999,0.0008791884000000001,0.02477,0.15535500000000002,0.007858495,0.060675,0.12406000000000002,0.011177195,0.0157425,0.98187,0.0,0.007903,0.48518400000000006,0.0017184599999999998
-2.5,-4.427202,3.259,0.0002235,0.011389,0.00089949905,0.02525,0.155805,0.00825798,0.062495,0.12742,0.011302550000000001,0.016107,1.0049400000000002,0.0,0.008161999999999999,0.490732,0.0017629999999999998
-2.492,-4.419202,3.3765,0.0002354,0.011865,0.0009435646,0.025849999999999998,0.159475,0.00877372,0.06476,0.1325,0.0116963,0.0165685,1.04198,0.0,0.008637,0.509577,0.0018417199999999998
-2.483,-4.410202,3.611,0.0002492,0.01273,0.00105038695,0.02674,0.169655,0.009511005,0.068125,0.14093,0.0126027,0.017131999999999998,1.10244,0.0,0.009663999999999999,0.558555,0.0020021199999999996
-2.475,-4.402202,3.7725,0.0002622,0.0134155,0.00110471455,0.02741,0.17563499999999999,0.01013571,0.07063,0.147415,0.013211825,0.017719500000000003,1.1525750000000001,0.0,0.010247,0.5850000000000001,0.00210104
-2.467,-4.394202,3.912,0.00027499999999999996,0.014077000000000001,0.001137957,0.02799,0.18031999999999998,0.010739569999999999,0.07279,0.15342,0.013739595,0.018352999999999998,1.20152,0.0,0.010654,0.60328,0.00217656
-2.458,-4.3852020000000005,4.0625,0.0002881,0.014800999999999998,0.0011680252,0.028560000000000002,0.18514,0.011421024999999998,0.07491500000000001,0.1601,0.014310885,0.019071,1.2572,0.0,0.011028,0.62081,0.0022505
-2.45,-4.3772020000000005,4.2065,0.0003012,0.015503000000000003,0.0011921935,0.029115000000000002,0.18929,0.012131455,0.07693,0.16688999999999998,0.014844224999999999,0.019831,1.3140100000000001,0.0,0.011329,0.6346799999999999,0.00231582
-2.442,-4.3692020000000005,4.3535,0.0003146,0.016212499999999998,0.0012145637,0.02969,0.19325,0.012883974999999999,0.078945,0.17400500000000002,0.015377024999999999,0.020642,1.374,0.0,0.0116,0.64712,0.0023784
-2.434,-4.3612020000000005,4.504,0.00032895,0.016935,0.00123603955,0.03032,0.197095,0.013683604999999998,0.08102999999999999,0.18152,0.015918889999999998,0.021522,1.43769,0.0,0.011847,0.6582,0.00244002
-2.425,-4.352202,4.66,0.000344,0.017672999999999998,0.0012566205500000001,0.031015,0.20088,0.014530359999999999,0.083205,0.189405,0.01647217,0.022475000000000002,1.5051700000000001,0.0,0.01207,0.66794,0.0025009200000000002
-2.417,-4.344202,4.8305,0.0003632,0.018467,0.00127701475,0.03207,0.20512,0.015441304999999999,0.086,0.197935,0.017087320000000003,0.0236395,1.580445,0.0,0.012298,0.6770499999999999,0.0025689800000000002
-2.409,-4.336202,5.025,0.0003845,0.019359499999999998,0.0012996325499999998,0.033280000000000004,0.20969000000000002,0.016515830000000002,0.08910499999999999,0.20805,0.0177597,0.024991999999999997,1.6684800000000002,0.0,0.012522,0.68584,0.00264304
-2.4,-4.327202,6.215,0.0004171,0.024079500000000004,0.001474274,0.035855,0.23242000000000002,0.023730744999999998,0.098345,0.27978000000000003,0.02083265,0.0317345,2.2197400000000003,0.0,0.012957,0.7335,0.0029758
-2.392,-4.319202,6.24,0.0004433,0.023951,0.001481563,0.037129999999999996,0.23398499999999997,0.023755365,0.10065,0.27891,0.02124235,0.032157000000000005,2.2204950000000006,0.0,0.013253999999999998,0.744875,0.0030396
-2.384,-4.311202,6.06,0.0004708,0.023121000000000003,0.001446052,0.038175,0.2292,0.022733380000000004,0.10095,0.26770499999999997,0.0208377,0.031491,2.1353150000000003,0.0,0.013406000000000001,0.7374700000000001,0.0030250000000000003
-2.375,-4.302202,5.895,0.0005051,0.022358000000000003,0.0014140560000000001,0.03961,0.2254,0.021754259999999997,0.10200000000000001,0.25712500000000005,0.02053145,0.031047,2.05768,0.0,0.013602,0.7316699999999998,0.0030191000000000003
-2.367,-4.294202,5.725,0.0005445,0.021540499999999997,0.001379772,0.04135,0.22196500000000002,0.020632725000000005,0.1036,0.245095,0.020256549999999998,0.030665,1.973975,0.0,0.013814,0.7252399999999999,0.00301425
-2.359,-4.286202,5.535,0.0005887,0.020664000000000002,0.0013438455,0.043405,0.21893,0.019358735000000002,0.1057,0.23156500000000002,0.0199987,0.030319,1.88347,0.0,0.014054,0.7182300000000001,0.0030114499999999997
-2.35,-4.277202,5.285,0.0006376,0.019533500000000002,0.001294725,0.045675,0.21343,0.017788345,0.10725,0.21539000000000003,0.0194238,0.029636,1.763915,0.0,0.014303,0.70749,0.0029951200000000004
-2.342,-4.269202,4.9735,0.0006894,0.018235,0.001221117,0.04795,0.200685,0.016415765,0.10635,0.20216499999999998,0.017945589999999997,0.028362000000000002,1.6229300000000002,0.0,0.014536,0.69068,0.0029571
-2.334,-4.261202,4.757,0.0007484999999999999,0.017258000000000003,0.001155868,0.050769999999999996,0.189315,0.015688945,0.10625,0.195125,0.01667466,0.027815999999999997,1.539155,0.0,0.014664,0.66545,0.002932955
-2.326,-4.253202,4.651,0.0008217,0.016566,0.001114268,0.054715,0.18433,0.015214885000000001,0.1096,0.19012,0.016168734999999997,0.0284735,1.5118099999999999,0.0,0.014737,0.63674,0.0029478
-2.317,-4.2442020000000005,4.604,0.0008984,0.0160135,0.001087439,0.058925,0.181485,0.015010535000000002,0.1142,0.18735000000000002,0.016003255,0.0297195,1.516065,0.0,0.014711,0.6062099999999999,0.00297722
-2.309,-4.2362020000000005,4.396,0.0009576000000000001,0.014636499999999998,0.0010345229999999999,0.061865,0.17385,0.014103564999999998,0.11625,0.176745,0.015331765,0.0300925,1.46654,0.0,0.014242000000000001,0.55274,0.00292215
-2.301,-4.2282020000000005,4.2265,0.0010126,0.013722,0.0009900075,0.0641,0.167925,0.013317405000000001,0.11815,0.167275,0.014866825,0.030411999999999998,1.4271800000000001,0.0,0.013892999999999999,0.5083,0.0028732099999999997
-2.292,-4.219202,3.9875,0.0010574999999999998,0.012774500000000001,0.0009349860000000001,0.065485,0.159325,0.012212825,0.11835,0.155085,0.01404158,0.0301075,1.3551199999999999,0.0,0.013499,0.46225,0.0027877199999999996
-2.284,-4.211202,3.6925,0.0010754,0.011925000000000002,0.0008749550000000001,0.064815,0.14717000000000002,0.011027595,0.1149,0.14229999999999998,0.012811735000000001,0.028772,1.2538599999999998,0.0,0.013078,0.420595,0.0026568499999999997
-2.276,-4.203202,3.3485,0.0010604,0.011059000000000001,0.0008146005,0.06215,0.13305,0.009698075,0.1081,0.12824999999999998,0.01129666,0.026474499999999998,1.12208,0.0,0.012605,0.38731499999999996,0.00248706
-2.267,-4.194202,2.9965,0.0010267,0.010214500000000001,0.000757129,0.05872,0.11787,0.00843082,0.09977,0.11509,0.009646195,0.0238535,0.9826349999999999,0.0,0.012078499999999999,0.358915,0.0022990599999999995
-2.259,-4.186202,2.515,0.000937,0.00909,0.0006828629999999999,0.052680000000000005,0.09525,0.006936359999999999,0.085505,0.100115,0.007154974999999999,0.0197985,0.786205,0.0,0.011144,0.32825000000000004,0.002005145
-2.251,-4.178202,2.36,0.0008873,0.00872795,0.0006449629999999999,0.049405000000000004,0.08843000000000001,0.006529070000000001,0.079745,0.09444,0.006614285000000001,0.018397,0.72934,0.0,0.010606,0.315905,0.00188725
-2.242,-4.169202,2.236,0.0008370000000000001,0.0085252,0.0006103300000000001,0.04615,0.08229,0.0062992099999999995,0.07415,0.09037500000000001,0.0062092399999999996,0.0171575,0.684785,0.0,0.0100815,0.30723,0.0017776549999999997
-2.234,-4.161202,2.1265,0.0007838,0.0083848,0.00057601475,0.04282,0.07647000000000001,0.006163729999999999,0.06851499999999999,0.08697,0.005887455000000001,0.015994,0.64712,0.0,0.009533,0.2992205,0.001668955
-2.226,-4.153202,2.0305,0.0007280000000000001,0.0083103,0.00054224175,0.039435,0.07097500000000001,0.006122125,0.062845,0.084245,0.00564838,0.014904,0.6162150000000001,0.0,0.0089605,0.291889,0.0015608649999999998
-2.218,-4.145202,1.9545,0.0006695,0.008326899999999998,0.0005098602999999999,0.036019999999999996,0.06587000000000001,0.006210755,0.05716,0.08249000000000001,0.005516385,0.0139195,0.594585,0.0,0.008369,0.28580449999999996,0.0014553400000000003
-2.209,-4.136202,2.046,0.0006119999999999999,0.009184000000000001,0.0005051769,0.033615000000000006,0.063495,0.007343865000000001,0.052105,0.089585,0.006088919999999999,0.0138435,0.643035,0.0,0.007893,0.295807,0.00139958
-2.201,-4.128202,2.362,0.000562,0.011032,0.000550098,0.033310000000000006,0.0644,0.009897985000000002,0.04823,0.10852500000000001,0.00759278,0.015095500000000001,0.7895599999999999,0.0,0.007576500000000001,0.322595,0.0014143699999999999
-2.193,-4.120202,2.747,0.0005172,0.013044,0.0006183995,0.034339999999999996,0.06589500000000001,0.012912695,0.045079999999999995,0.13127,0.009372755,0.016972,0.9702900000000001,0.0,0.007228,0.35031,0.00145046
-2.184,-4.1112020000000005,3.0705,0.00047335,0.0149105,0.000653253,0.03397,0.06949,0.015318425,0.043115,0.14734999999999998,0.011256595000000001,0.018658,1.1256249999999999,0.0,0.0067954999999999995,0.371815,0.00146576
-2.176,-4.1032020000000005,3.2615,0.00043,0.016129,0.0006602104999999999,0.032189999999999996,0.07159499999999999,0.016883719999999998,0.040595,0.155465,0.012729295000000002,0.019494,1.2263400000000002,0.0,0.0063124999999999995,0.380955,0.0014405250000000002
-2.168,-4.0952020000000005,3.3125,0.00038725,0.0165855,0.00065116,0.0297,0.0706,0.01762884,0.0371,0.157335,0.013483165000000002,0.019438999999999998,1.265795,0.0,0.0058,0.37936499999999995,0.00138194
-2.159,-4.086202,3.267,0.000349,0.016521,0.0006305545,0.02676,0.06765499999999999,0.01777915,0.033075,0.15472999999999998,0.01373778,0.0187585,1.26187,0.0,0.005311,0.37122,0.001304495
-2.151,-4.078202,3.1905,0.00031145,0.016315000000000003,0.0006037595,0.023335,0.06427,0.017730250000000003,0.028505000000000003,0.15054499999999998,0.01384646,0.017721,1.241655,0.0,0.0048909999999999995,0.363395,0.0012228550000000001
-2.143,-4.070202,3.112,0.0002694,0.016119500000000002,0.000572645,0.019549999999999998,0.060785000000000006,0.01770592,0.023385,0.14628000000000002,0.013979275000000001,0.016609500000000003,1.222325,0.0,0.00441,0.354935,0.0011322749999999999
-2.134,-4.061202,3.091,0.00026895,0.016094,0.0005633125,0.0175,0.059649999999999995,0.01776705,0.02089,0.14397000000000001,0.014226485,0.016042,1.2186649999999999,0.0,0.004263,0.35484000000000004,0.00109826
-2.126,-4.053202,3.1935,0.0003375,0.0165385,0.000599076,0.018025,0.062445,0.018173480000000002,0.02224,0.146405,0.0148116,0.0163255,1.25049,0.0,0.004753,0.374055,0.0011670349999999999
-2.118,-4.045202,3.324,0.00042975,0.0170855,0.0006459784999999999,0.018825,0.065955,0.0186845,0.02404,0.1497,0.015520564999999998,0.016747500000000002,1.2921099999999999,0.0,0.005344,0.39755000000000007,0.0012522499999999999
-2.11,-4.037202,3.524,0.0005704,0.0180015,0.0007218350000000001,0.019835,0.07022500000000001,0.019535900000000002,0.02603,0.15602,0.0165013,0.0172945,1.3551399999999998,0.0,0.00618,0.43466,0.0013708549999999998
-2.101,-4.028202,3.739,0.0007366499999999999,0.019047500000000002,0.000810125,0.02079,0.074305,0.020438200000000004,0.02788,0.162725,0.0175474,0.017785500000000003,1.42171,0.0,0.007098999999999999,0.47624,0.0014963899999999998
-2.093,-4.020202,3.855,0.0008849,0.019457000000000002,0.0008786899999999999,0.021735,0.076735,0.0207988,0.029644999999999998,0.16458,0.01816565,0.0180755,1.4579,0.0,0.0076974999999999995,0.49783,0.00157723
-2.085,-4.012202,3.931,0.0010406500000000002,0.019589,0.0009408050000000001,0.022795000000000003,0.078365,0.020932100000000002,0.03148,0.164525,0.0185837,0.018341,1.4831649999999998,0.0,0.008144499999999999,0.51001,0.001636885
-2.076,-4.003202,3.99,0.0012033999999999999,0.0196155,0.00100103,0.02404,0.079485,0.02096545,0.03338,0.163885,0.018876999999999998,0.018629499999999997,1.5035700000000003,0.0,0.008521,0.5182599999999999,0.00168774
-2.068,-3.995202,4.034,0.0013737,0.019543500000000002,0.00105966,0.02548,0.080125,0.020900349999999998,0.035375000000000004,0.16270500000000002,0.0190515,0.018951,1.5192149999999998,0.0,0.0088335,0.52278,0.0017303000000000002
-2.06,-3.987202,4.114,0.0015772,0.019617,0.00112976,0.027645000000000003,0.08157,0.02096305,0.038305,0.16277999999999998,0.01934975,0.0195805,1.54904,0.0,0.0092705,0.5304800000000001,0.0017941200000000002
-2.051,-3.9782020000000005,4.2645,0.00183555,0.019981999999999996,0.0012207499999999998,0.03101,0.084725,0.0212904,0.042825,0.165315,0.019909899999999998,0.0207295,1.604615,0.0,0.0099645,0.5461400000000001,0.00190011
-2.043,-3.9702020000000005,4.455,0.0021444999999999997,0.020497,0.00132591,0.035415,0.08849499999999999,0.0217426,0.04833,0.16943,0.02055715,0.022236500000000003,1.6745900000000002,0.0,0.010794999999999999,0.56561,0.0020294849999999997
-2.035,-3.9622020000000004,4.8895,0.002731,0.022265,0.0014803449999999999,0.048735,0.09511,0.023046499999999998,0.06143,0.1851,0.0215824,0.026823,1.8388300000000002,0.0,0.012227000000000002,0.60118,0.00230421
-2.026,-3.953202,5.475,0.003487,0.0246375,0.001676325,0.066675,0.10407,0.0248373,0.07897499999999999,0.206825,0.0229562,0.0331515,2.06101,0.0,0.014051000000000001,0.64705,0.0026650099999999998
-2.018,-3.945202,5.91,0.004115,0.0262145,0.0018329099999999999,0.08022,0.10931500000000001,0.02624535,0.09115000000000001,0.22224,0.024056050000000002,0.038021,2.23883,0.0,0.0150915,0.6727299999999999,0.0029018900000000003
-2.01,-3.937202,6.26,0.0046625,0.027467,0.0019741,0.08929000000000001,0.11284,0.027437,0.099075,0.23327499999999998,0.02513405,0.0413825,2.3881,0.0,0.015864,0.6938199999999999,0.00306839
-2.002,-3.929202,6.52,0.005147,0.028427,0.0021059000000000004,0.094185,0.11456,0.02825395,0.10326,0.23939500000000002,0.02599995,0.043184499999999994,2.4979500000000003,0.0,0.01647,0.7132599999999999,0.0031734450000000004
-1.993,-3.920202,6.53,0.005429999999999999,0.028649,0.0021729,0.09046000000000001,0.11063,0.028150349999999998,0.09817999999999999,0.234765,0.0261803,0.041432500000000004,2.5109999999999997,0.0,0.016555,0.71743,0.003121905
-1.985,-3.912202,6.51,0.0056995,0.028884,0.0022401499999999998,0.08541,0.10653499999999999,0.02792205,0.09209,0.228285,0.02625775,0.039327,2.5143,0.0,0.0164225,0.7192900000000001,0.0030363449999999998
-1.977,-3.904202,6.695,0.0065249999999999996,0.029670000000000002,0.00250285,0.081655,0.10355500000000001,0.028062399999999998,0.08782999999999999,0.22247,0.0268275,0.037876,2.617,0.0,0.016332,0.72403,0.0029764300000000004
-1.968,-3.8952020000000003,7.385,0.008616,0.031505000000000005,0.0032103,0.08004,0.10273499999999999,0.029548249999999998,0.085415,0.22120499999999998,0.02895025,0.0374045,2.97145,0.0,0.016605,0.74226,0.0030009450000000005
-1.96,-3.8872020000000003,8.08,0.010764,0.033560999999999994,0.00391585,0.0771,0.1007,0.031096150000000003,0.080425,0.21964,0.031045549999999998,0.036256,3.33265,0.0,0.016933,0.7617849999999999,0.0030101
-1.952,-3.8792020000000003,8.52,0.01215,0.0356405,0.004333450000000001,0.07432,0.098625,0.0319455,0.07541,0.21846000000000002,0.032197500000000004,0.0349325,3.54535,0.0,0.0175415,0.791215,0.0030283999999999997
-1.943,-3.870202,8.86,0.013462,0.037249,0.0046887000000000005,0.0722,0.095715,0.032192,0.07106499999999999,0.215705,0.032615000000000005,0.0336025,3.7,0.0,0.018182,0.8209799999999999,0.0030427
-1.935,-3.862202,8.895,0.014028,0.038111000000000006,0.00478345,0.07084,0.092035,0.031571,0.067135,0.2121,0.031932,0.032179,3.68995,0.0,0.0187885,0.85077,0.0030365
-1.927,-3.854202,8.785,0.0143475,0.038496999999999997,0.0047588,0.07116,0.089695,0.030832,0.06418,0.21087499999999998,0.031031000000000003,0.031286,3.55085,0.0,0.0195115,0.927305,0.0030451500000000004
-1.918,-3.845202,9.175,0.017195500000000002,0.0393155,0.005443499999999999,0.07459,0.086545,0.0303705,0.06358,0.20885,0.030552,0.031000499999999997,3.55255,0.0,0.0208455,1.10425,0.0030793000000000005
-1.91,-3.837202,10.325,0.02327,0.0404525,0.0069383,0.08407500000000001,0.086895,0.031162499999999996,0.06782,0.21195,0.0315815,0.032743499999999995,3.789300000000001,0.0,0.02387,1.4250500000000001,0.00324657
-1.902,-3.829202,12.64,0.031615,0.048916,0.009133249999999999,0.102965,0.09313500000000001,0.03461600000000001,0.07866000000000001,0.23376,0.03515,0.037233999999999996,4.5769,0.0,0.030295,1.7933500000000002,0.003778045
-1.894,-3.821202,13.975,0.036059999999999995,0.054786999999999995,0.0101461,0.12195,0.097385,0.035977,0.08746,0.24845,0.03597,0.042827000000000004,5.0985,0.0,0.034725,1.9335499999999999,0.0041191000000000005
-1.885,-3.812202,14.56,0.037765,0.059413,0.0104233,0.1259,0.09648,0.0359075,0.08821,0.242115,0.0358895,0.045925,5.47645,0.0,0.034765,1.87085,0.0040812
-1.877,-3.804202,15.465,0.03909,0.067693,0.0103344,0.13565,0.10053999999999999,0.0361845,0.096095,0.25217999999999996,0.035866,0.049969999999999994,6.0716,0.0,0.040150000000000005,1.75055,0.00442535
-1.869,-3.796202,15.23,0.03749,0.069203,0.009603999999999998,0.13495000000000001,0.10014,0.0350535,0.09583,0.24611,0.034551,0.051960000000000006,6.151549999999999,0.0,0.04002,1.5715000000000001,0.004325125000000001
-1.86,-3.787202,14.71,0.03504,0.0688005,0.00866945,0.13315,0.10020000000000001,0.033807000000000004,0.0947,0.24005500000000002,0.0330965,0.053755,6.076700000000001,0.0,0.039145,1.3983500000000002,0.004176020000000001
-1.852,-3.779202,14.905,0.03532,0.07164299999999998,0.00835675,0.1305,0.10286000000000001,0.0339115,0.094105,0.238255,0.033371,0.055464999999999993,6.223750000000001,0.0,0.0398,1.3681999999999999,0.0041037999999999995
-1.844,-3.771202,17.54,0.045454999999999995,0.078681,0.010090149999999999,0.13069999999999998,0.11102000000000001,0.038034,0.09455,0.24747999999999998,0.038184,0.060205,7.258750000000001,0.0,0.045335,1.7116500000000001,0.004197105
-1.835,-3.7622020000000003,22.535,0.06171,0.0992,0.013088049999999999,0.1357,0.13787,0.047512,0.1129,0.27508,0.049840499999999996,0.07497,9.29265,0.0,0.05327,2.28585,0.004635350000000001
-1.827,-3.7542020000000003,19.095,0.049655,0.10245,0.0107223,0.09704499999999999,0.12827,0.040418499999999996,0.11655,0.22119499999999997,0.0453715,0.06608,7.9215,0.0,0.042415,1.9124,0.0038738499999999994
-1.819,-3.7462020000000003,19.06,0.046645,0.114935,0.01045215,0.087815,0.153605,0.0396855,0.16265000000000002,0.21941000000000002,0.048035499999999995,0.07407,7.868650000000001,0.0,0.04342,1.9236,0.004072935
-1.81,-3.737202,24.56,0.063195,0.144275,0.0130405,0.1041,0.1886,0.048237,0.2015,0.266605,0.0585865,0.09598999999999999,10.120349999999998,0.0,0.055569999999999994,2.5079000000000002,0.0048711
-1.802,-3.729202,29.435,0.077845,0.18399499999999996,0.014815,0.11925,0.21218499999999998,0.0561995,0.2193,0.31259499999999996,0.067675,0.11096500000000001,12.010399999999999,0.0,0.068605,3.1437,0.0055577
-1.794,-3.721202,29.095,0.07517,0.21157499999999999,0.014425,0.08851500000000001,0.18864999999999998,0.058641,0.16645,0.28271,0.07045499999999999,0.09464,11.8803,0.0,0.06148,3.2174500000000004,0.004864500000000001
-1.786,-3.713202,30.35,0.07594500000000001,0.26147,0.0148225,0.06513,0.17473,0.0637615,0.1264,0.26733,0.07672999999999999,0.083195,12.36335,0.0,0.05785,3.4924,0.004495600000000001
-1.777,-3.704202,24.25,0.05757,0.21867999999999999,0.01062075,0.04548,0.139595,0.0540205,0.089465,0.21909499999999998,0.06518199999999999,0.06871,10.08295,0.0,0.04267,2.65785,0.0034115
-1.769,-3.696202,20.685,0.044509999999999994,0.2111,0.00818505,0.03838,0.11829,0.049232,0.07119500000000001,0.18768,0.0596165,0.06198,8.7616,0.0,0.02939,2.16395,0.0027298
-1.761,-3.688202,17.69,0.03789,0.17234,0.0066327,0.03468,0.10580999999999999,0.044335,0.05647,0.173295,0.053376,0.055935,7.443499999999999,0.0,0.025565,1.9173999999999998,0.002410685
-1.752,-3.679202,15.685,0.03377,0.14472000000000002,0.005602,0.032034999999999994,0.09805,0.040659,0.048625,0.16355,0.0488705,0.05278,6.54605,0.0,0.02299,1.7641499999999999,0.002202005
-1.744,-3.671202,14.075,0.03134,0.113145,0.0047739,0.0297,0.09353999999999998,0.037546,0.04284,0.15872000000000003,0.04500549999999999,0.05061,5.835999999999999,0.0,0.02257,1.6286999999999998,0.00209556
-1.736,-3.663202,13.585,0.03037,0.107315,0.00436605,0.027235000000000002,0.09057000000000001,0.036277000000000004,0.038105,0.156115,0.0434695,0.04895,5.6432,0.0,0.02313,1.5715000000000001,0.0020487400000000003
-1.727,-3.654202,12.59,0.02693,0.10558000000000001,0.0039527,0.02355,0.083765,0.035071000000000005,0.032595,0.14356000000000002,0.0422135,0.04595,5.2280500000000005,0.0,0.018629,1.4808999999999999,0.0018399999999999998
-1.719,-3.646202,11.385,0.022609999999999998,0.10441,0.00352725,0.01996,0.07553499999999999,0.033660499999999996,0.027385,0.12689,0.040682499999999996,0.04206000000000001,4.7177500000000006,0.0,0.012780999999999999,1.3721,0.00158948
-1.711,-3.638202,10.17,0.0181635,0.10351,0.00303305,0.01687,0.06742000000000001,0.0319735,0.0229,0.111315,0.038834499999999994,0.0373935,4.24615,0.0,0.008692,1.2191,0.00137068
-1.702,-3.6292020000000003,9.465,0.014934000000000001,0.10893499999999999,0.0026850500000000005,0.014355,0.061055,0.0308235,0.019475,0.09998000000000001,0.0376035,0.033501500000000003,4.0165,0.0,0.0068260000000000005,1.0953499999999998,0.001226345
-1.694,-3.6212020000000003,9.29,0.012903,0.12054999999999999,0.00255,0.01253,0.057135,0.030694,0.01717,0.09315000000000001,0.0375785,0.03082,3.9956999999999994,0.0,0.005993999999999999,1.04195,0.0011568999999999998
-1.686,-3.6132020000000002,9.36,0.011485000000000002,0.13469,0.0025013500000000003,0.01122,0.05439,0.0313335,0.015245,0.08851500000000001,0.038500999999999994,0.029173499999999998,4.0625,0.0,0.0051730000000000005,1.0327,0.001104125
-1.678,-3.6052020000000002,8.725,0.00995,0.12992,0.0022699,0.010135,0.050265,0.029873999999999998,0.013805000000000001,0.081725,0.036851499999999995,0.026726,3.794,0.0,0.004605,0.9659,0.001027195
-1.669,-3.596202,8.145,0.0087935,0.12428,0.0020566,0.009409500000000001,0.046715000000000007,0.0283105,0.012815,0.07606500000000001,0.035035,0.024901999999999997,3.54265,0.0,0.004200000000000001,0.9080000000000001,0.000960505
-1.661,-3.588202,7.44,0.007742,0.11599999999999999,0.00182445,0.008431500000000001,0.04234,0.0260715,0.01145,0.06917,0.032350500000000004,0.022778000000000003,3.22755,0.0,0.0037990000000000003,0.8436000000000001,0.00087765
-1.653,-3.580202,7.54,0.007668,0.13239,0.0017117999999999999,0.0073215,0.038995,0.024913499999999998,0.0099145,0.06429499999999999,0.0309665,0.021858000000000002,3.1901,0.0,0.0037419999999999997,0.9255500000000001,0.0008374699999999999
-1.644,-3.571202,5.695,0.005888,0.08615999999999999,0.00129995,0.005842999999999999,0.033152,0.020321,0.0084085,0.054655,0.025326,0.018345000000000004,2.4657,0.0,0.0032310000000000004,0.6597999999999999,0.0007003599999999999
-1.636,-3.563202,6.935,0.007095,0.12275,0.0013523200000000002,0.0055245,0.036815,0.022164999999999997,0.008268000000000001,0.06262499999999999,0.027711,0.02069,2.8783999999999996,0.0,0.005042,0.90375,0.00088024
-1.628,-3.555202,4.551,0.00398,0.07199,0.00122448,0.003071,0.025021500000000002,0.0162665,0.0055315,0.040795,0.020284999999999997,0.013230500000000001,1.98535,0.0,0.002869,0.526455,0.00059395
-1.619,-3.546202,5.665,0.004111999999999999,0.10705,0.00178575,0.002771,0.02649,0.018270500000000002,0.0054795,0.04304,0.022585,0.013397000000000001,2.4004999999999996,0.0,0.003784,0.7151000000000001,0.0007691550000000001
-1.611,-3.538202,7.02,0.003178,0.15420999999999999,0.00260155,0.002251,0.026867000000000002,0.021928000000000003,0.0049499999999999995,0.04252,0.0268715,0.01117,2.9385000000000003,0.0,0.004458,0.9267,0.00096963
-1.603,-3.530202,7.645,0.00217,0.17972500000000002,0.0032772499999999998,0.0017625,0.025019,0.0235395,0.003991,0.0388665,0.028576999999999998,0.0082315,3.17495,0.0,0.004708,1.04005,0.0010840049999999999
-1.594,-3.521202,7.835,0.00135965,0.18730000000000002,0.0038279,0.0014285,0.022691000000000003,0.0240745,0.003536,0.0349195,0.028877,0.006218,3.2637,0.0,0.004425,1.068,0.0011109700000000002
-1.586,-3.513202,9.28,0.0010631500000000001,0.227015,0.00495545,0.00123,0.023629999999999998,0.027193500000000002,0.0036135,0.036306000000000005,0.032029,0.005765499999999999,3.8645500000000004,0.0,0.004879,1.2671999999999999,0.00129522
-1.578,-3.505202,10.285,0.0010807,0.25072,0.00590655,0.001118,0.02402,0.029224,0.003763,0.03723,0.033904,0.005811,4.28625,0.0,0.004984,1.4043999999999999,0.0014213600000000002
-1.57,-3.497202,10.24,0.0010298,0.24446,0.006234999999999999,0.001019,0.0231605,0.029114,0.003796,0.036344,0.0334275,0.005642499999999999,4.27765,0.0,0.004734,1.3995,0.001417045
-1.561,-3.4882020000000002,9.51,0.0009244,0.21694,0.0062155000000000005,0.0009359500000000001,0.021405,0.0274345,0.0039845,0.0340145,0.031127,0.0053655,4.0165999999999995,0.0,0.004392,1.2734999999999999,0.0013429899999999999
-1.553,-3.4802020000000002,9.25,0.0008722000000000001,0.20247000000000004,0.00645725,0.00086855,0.020354,0.026859,0.0042144999999999995,0.032679,0.0301205,0.005214999999999999,3.9520499999999994,0.0,0.004228,1.2096500000000001,0.0013407249999999999
-1.545,-3.4722020000000002,9.265,0.0008333,0.19779,0.0068303,0.0008222500000000001,0.0196805,0.026473000000000003,0.004456,0.0318585,0.0291945,0.0050479999999999995,3.9856499999999997,0.0,0.004314,1.19175,0.001381125
-1.536,-3.463202,9.27,0.0008023,0.19357,0.0072028,0.0007932,0.018952999999999998,0.025889,0.004693,0.030945,0.027976,0.004864,4.013,0.0,0.004424,1.1751,0.0014235200000000002
-1.528,-3.455202,9.19,0.0007883,0.1866,0.0075311,0.0007828500000000001,0.0178185,0.0252355,0.0049175,0.029461,0.0266985,0.0047275,4.0066,0.0,0.004231,1.1455,0.0014382400000000001
-1.52,-3.447202,9.465,0.0008301000000000001,0.18598,0.00822705,0.00088815,0.017603,0.0253895,0.005623,0.029523,0.0261045,0.004794,4.14185,0.0,0.0042765,1.17055,0.00152711
-1.511,-3.438202,9.74,0.0008213,0.18384,0.00882805,0.0010904999999999999,0.017681500000000003,0.0259985,0.005937,0.0299535,0.026125,0.004939000000000001,4.3058499999999995,0.0,0.004485,1.1745,0.00165445
-1.503,-3.430202,11.26,0.0009654,0.20303500000000002,0.010679749999999998,0.001548,0.0191695,0.030174999999999997,0.0064825,0.0328775,0.029545,0.0056405000000000005,5.032050000000001,0.0,0.004654999999999999,1.3252,0.0019814
-1.495,-3.4222020000000004,12.36,0.00098975,0.21378000000000003,0.01208605,0.002228,0.020943999999999997,0.034054,0.0069125,0.0365135,0.032698000000000005,0.00607,5.5315,0.0,0.004813,1.4666,0.00224265
-1.486,-3.413202,12.84,0.0009823,0.21496,0.012813999999999999,0.00289,0.0220205,0.0364125,0.0069615,0.0391085,0.0345375,0.0059960000000000005,5.7181999999999995,0.0,0.005022,1.5651499999999998,0.00242205
-1.478,-3.405202,12.695,0.000946,0.20476,0.013049000000000002,0.0037415,0.0214465,0.036110500000000004,0.0074255,0.0395675,0.033241,0.005845500000000001,5.671900000000001,0.0,0.0052309999999999995,1.54185,0.00247215
-1.47,-3.397202,13.275,0.00097335,0.20532999999999998,0.013948000000000002,0.0050005,0.0229035,0.038497500000000004,0.008552,0.043505,0.0347755,0.0062385,5.91895,0.0,0.005459,1.63885,0.00264595
-1.462,-3.389202,13.645,0.0009737,0.20478,0.0146545,0.00581,0.023149500000000003,0.0399,0.008953,0.04511,0.035231,0.0063345,6.072699999999999,0.0,0.005474,1.7064,0.0028044
-1.453,-3.380202,14.26,0.0009779,0.207835,0.015657,0.006916,0.0239925,0.041752,0.009529,0.04804,0.0359105,0.006649,6.333900000000001,0.0,0.005574,1.8042500000000001,0.0030275
-1.445,-3.372202,15.755,0.0010132,0.22048,0.0177395,0.010008,0.0263875,0.04617449999999999,0.011525,0.05624,0.037790000000000004,0.007690000000000001,6.98565,0.0,0.005860000000000001,2.01555,0.00340985
-1.437,-3.364202,19.22,0.0011657500000000001,0.25902000000000003,0.022638,0.01388,0.029712500000000003,0.054904,0.017035,0.06808499999999999,0.040146999999999995,0.0095915,8.555000000000001,0.0,0.006653,2.4373500000000003,0.0042502500000000006
-1.428,-3.3552020000000002,19.795,0.0012458999999999999,0.25254,0.023894,0.015765,0.0310635,0.055335499999999996,0.021650000000000003,0.07391500000000001,0.0392955,0.01124,8.901299999999999,0.0,0.007319000000000001,2.4342,0.0045346
-1.42,-3.3472020000000002,18.68,0.0012151999999999998,0.22771999999999998,0.022821,0.01635,0.0310965,0.051979,0.023105,0.074355,0.0383135,0.011334,8.421300000000002,0.0,0.00775,2.28965,0.0045202
-1.412,-3.3392020000000002,18.93,0.001251,0.22059,0.023556499999999998,0.018455,0.0324325,0.05169,0.026515,0.07902500000000001,0.038304500000000005,0.012467999999999998,8.5893,0.0,0.008435999999999999,2.2763,0.00478445
-1.403,-3.330202,19.72,0.0013289999999999999,0.21782,0.0251475,0.022949999999999998,0.0349465,0.052025,0.032565,0.08757,0.038706500000000005,0.0146395,9.04035,0.0,0.009572,2.28795,0.00526535
-1.395,-3.322202,20.24,0.00138215,0.21278,0.026291500000000002,0.02596,0.036098,0.052313,0.03643,0.09328,0.0392125,0.016186500000000003,9.3564,0.0,0.010194499999999999,2.28505,0.00563
-1.387,-3.314202,20.4,0.001408,0.20287999999999998,0.026704,0.02861,0.03701,0.052955,0.038845000000000005,0.09784999999999999,0.041055999999999995,0.017494499999999996,9.4796,0.0,0.010388999999999999,2.27405,0.005862399999999999
-1.378,-3.305202,20.775,0.0015063,0.19498500000000002,0.027818500000000003,0.029885000000000002,0.036379999999999996,0.05363950000000001,0.04093,0.10085000000000001,0.0419445,0.017722,9.691849999999999,0.0,0.010782,2.3003,0.0062611
-1.37,-3.2972020000000004,18.82,0.001342,0.1691,0.024843,0.025285000000000002,0.033118499999999995,0.049224,0.033695,0.09286000000000001,0.0407145,0.015968,8.840399999999999,0.0,0.010592,2.0554499999999996,0.0057618999999999995
-1.362,-3.2892020000000004,15.9,0.0011438,0.140755,0.0198165,0.020115,0.030032,0.0429415,0.026174999999999997,0.0824,0.0387745,0.014563999999999999,7.4775,0.0,0.009696,1.7535000000000003,0.0046444
-1.354,-3.2812020000000004,14.09,0.00105045,0.12225000000000001,0.016777,0.016829999999999998,0.027319999999999997,0.039326,0.021575,0.07433000000000001,0.037498500000000004,0.013830499999999999,6.625,0.0,0.008449,1.5755,0.00392635
-1.345,-3.272202,12.815,0.001026,0.10707,0.014858999999999999,0.014669999999999999,0.0240895,0.037298,0.01831,0.06684999999999999,0.036997,0.012990000000000002,6.006299999999999,0.0,0.0069169999999999995,1.4733999999999998,0.0034658500000000004
-1.337,-3.264202,11.59,0.0009172999999999999,0.09265,0.013097500000000002,0.012455,0.0208355,0.035739,0.015455,0.058455,0.036592,0.0111445,5.3961500000000004,0.0,0.005751,1.3921000000000001,0.0031168999999999997
-1.329,-3.256202,11.25,0.0008452500000000001,0.08473,0.0126187,0.010454999999999999,0.0181585,0.036458000000000004,0.013055,0.052085,0.037713,0.009222999999999999,5.2286,0.0,0.00516,1.3859000000000001,0.0030524000000000003
-1.32,-3.247202,11.295,0.0007008,0.08773,0.012969000000000001,0.0098055,0.018035000000000002,0.033767000000000005,0.01221,0.045829999999999996,0.041432500000000004,0.008058,5.20915,0.0,0.004527,1.43655,0.0028913999999999997
-1.312,-3.239202,13.0,0.0006938000000000001,0.108835,0.015774999999999997,0.011965,0.019894500000000002,0.031565,0.012795,0.040175,0.051254999999999995,0.007377000000000001,5.9587,0.0,0.003912,1.68615,0.0030489000000000002
-1.304,-3.231202,11.6,0.0006257999999999999,0.0922,0.0140655,0.01307,0.019096000000000002,0.0287835,0.012665,0.033324999999999994,0.050056500000000004,0.006935,5.255800000000001,0.0,0.002565,1.5802,0.00252945
-1.295,-3.2222020000000002,11.83,0.0006202,0.09324,0.014686000000000001,0.014645,0.019556499999999997,0.026203499999999998,0.01253,0.029387999999999997,0.0500115,0.006647999999999999,5.409600000000001,0.0,0.002163,1.5657999999999999,0.0025398
-1.287,-3.2142020000000002,13.775,0.00074855,0.10777,0.017553,0.018105,0.022898500000000002,0.026313499999999997,0.01404,0.029921500000000004,0.054356999999999996,0.0073335000000000015,6.39445,0.0,0.002223,1.73,0.00299455
-1.279,-3.206202,17.245,0.001098,0.13300499999999998,0.022889999999999997,0.024485,0.0292555,0.0275815,0.016954999999999998,0.032647999999999996,0.06312000000000001,0.008388999999999999,8.093850000000002,0.0,0.002487,2.0805,0.00383675
-1.27,-3.197202,19.295,0.0011762,0.14206000000000002,0.0262965,0.028605,0.0327,0.0262755,0.02075,0.03411,0.06448999999999999,0.0092215,9.24185,0.0,0.0027530000000000002,2.1563,0.0043677
-1.262,-3.189202,23.6,0.0013342999999999999,0.15838,0.033179,0.036435,0.037695,0.0270165,0.02821,0.04256,0.06873699999999999,0.011807999999999999,11.69645,0.0,0.0036170000000000004,2.27915,0.0056155
-1.254,-3.181202,25.845,0.00140205,0.16528,0.036237000000000005,0.04049,0.03948499999999999,0.028470500000000003,0.029455000000000002,0.050170000000000006,0.06953,0.013477,13.0425,0.0,0.004357,2.30055,0.006087250000000001
-1.246,-3.173202,29.96,0.0014688,0.18009000000000003,0.039918,0.044905,0.04562,0.040604,0.030265,0.06184,0.08588000000000001,0.017404000000000003,15.1645,0.0,0.005184500000000001,2.6914499999999997,0.006710000000000001
-1.237,-3.1642020000000004,27.7,0.00145535,0.15699000000000002,0.038795500000000004,0.04381,0.039924999999999995,0.0321695,0.02829,0.052129999999999996,0.072405,0.014642,14.125,0.0,0.003984,2.4017,0.006107650000000001
-1.229,-3.1562020000000004,24.765,0.00147355,0.135285,0.033898,0.041705,0.034375,0.0281555,0.027855,0.046065,0.062465,0.012991,12.622300000000001,0.0,0.003385,2.1715,0.005137849999999999
-1.221,-3.1482020000000004,20.9,0.0012347,0.10843,0.02849,0.03488,0.029205000000000002,0.022853,0.02787,0.03579450000000001,0.051990999999999996,0.009962,10.63085,0.0,0.0028009999999999997,1.8746,0.0043258
-1.212,-3.139202,17.085,0.0009634,0.08152999999999999,0.024085000000000002,0.0312,0.026097000000000002,0.015488000000000002,0.02861,0.029161499999999996,0.03818049999999999,0.0083825,8.705250000000001,0.0,0.002327,1.5163499999999999,0.0034793999999999997
-1.204,-3.131202,15.68,0.0008931499999999999,0.07117,0.021946,0.03043,0.0247985,0.0119905,0.02876,0.027335500000000002,0.031421000000000004,0.008082,8.034600000000001,0.0,0.0021910000000000002,1.3516,0.0030498
-1.196,-3.123202,15.47,0.0009035000000000001,0.06745999999999999,0.020947,0.03189,0.025116,0.011439000000000001,0.030975,0.0282585,0.0297295,0.008684,7.9456,0.0,0.0023020000000000002,1.32565,0.0028189
-1.187,-3.114202,17.015,0.0009649,0.07335,0.0213735,0.032744999999999996,0.025764500000000003,0.014495000000000001,0.032345,0.031164000000000004,0.03407349999999999,0.009937500000000002,8.808250000000001,0.0,0.0025139999999999997,1.4256499999999999,0.0027911000000000004
-1.179,-3.106202,20.31,0.0012288,0.090645,0.0233735,0.03469,0.028511,0.020352000000000002,0.035250000000000004,0.038114999999999996,0.0437525,0.012829,10.5217,0.0,0.00283,1.7301,0.0027826000000000005
-1.171,-3.098202,22.555,0.0015493,0.10012,0.02553,0.03605,0.031367500000000006,0.022919999999999996,0.036915,0.043355000000000005,0.0485215,0.014823000000000001,11.66065,0.0,0.003031,1.9678,0.0027618
-1.162,-3.0892020000000002,20.48,0.00129815,0.08491,0.022774,0.026795,0.0258775,0.020423,0.02778,0.0352445,0.0428665,0.011155,10.7612,0.0,0.002423,1.6736,0.0023523
-1.154,-3.081202,18.89,0.0012695,0.07365000000000001,0.0207255,0.020255000000000002,0.022527,0.017505,0.021515,0.029555,0.037666,0.009032,10.0479,0.0,0.0019890999999999997,1.46075,0.0020688
-1.146,-3.073202,18.54,0.0013679999999999999,0.06708,0.0203535,0.01585,0.021228,0.0141855,0.01726,0.026976,0.033105499999999996,0.007916000000000001,10.00025,0.0,0.0016377000000000002,1.3278999999999999,0.0019899
-1.138,-3.065202,13.59,0.00094435,0.0488445,0.0145969,0.01108,0.0158255,0.009780899999999999,0.01228,0.0190285,0.023773500000000003,0.005587999999999999,7.38006,0.0,0.0011366,0.9450000000000001,0.001242805
-1.129,-3.056202,13.81,0.0008751,0.050083,0.01424915,0.009772,0.015403,0.00943575,0.011179999999999999,0.01901,0.026131,0.006180499999999999,7.619605,0.0,0.001089,0.86015,0.001054445
-1.121,-3.048202,13.475,0.00087215,0.048304,0.013235199999999999,0.009243000000000001,0.014793,0.009732699999999999,0.0097545,0.018603,0.024952,0.006283500000000001,7.469530000000001,0.0,0.00106,0.8267,0.000927305
-1.113,-3.040202,12.24,0.00082285,0.04404050000000001,0.0115435,0.009042999999999999,0.013800000000000002,0.00934445,0.0082825,0.017846,0.0210684,0.0059355,6.760699999999999,0.0,0.0009544,0.7919,0.0007584150000000001
-1.104,-3.0312020000000004,10.995,0.0008492,0.042551,0.01089095,0.008966,0.0138115,0.00884505,0.0075639999999999995,0.0186285,0.0181927,0.0062380000000000005,5.9583,0.0,0.00085815,0.8174999999999999,0.00064169
-1.096,-3.0232020000000004,12.665,0.0011254,0.0496245,0.012338499999999999,0.0099495,0.0160475,0.010238049999999999,0.007673,0.0225685,0.019745699999999998,0.008426000000000001,6.76255,0.0,0.0008907,1.0436999999999999,0.0007735649999999999
-1.088,-3.0152020000000004,12.0,0.0010122,0.049242999999999995,0.011685400000000002,0.01057,0.015447500000000001,0.01051015,0.0075115,0.024217500000000003,0.0186549,0.008802,6.312150000000001,0.0,0.0009006999999999999,1.08165,0.00081575
-1.079,-3.006202,11.72,0.0011592,0.055546,0.012030750000000002,0.012,0.0170415,0.011365,0.0077859999999999995,0.029330000000000002,0.018434899999999997,0.010606,5.924549999999999,0.0,0.0010083000000000002,1.2679,0.000938085
-1.071,-2.998202,10.07,0.0011121999999999998,0.053475,0.010818699999999999,0.012185,0.017584500000000003,0.0096766,0.007998,0.032509500000000004,0.014721350000000001,0.010979,4.9167000000000005,0.0,0.0011427,1.2429000000000001,0.000988275
-1.063,-2.990202,10.735,0.0010328,0.056069999999999995,0.011821199999999999,0.01282,0.020018,0.00900175,0.0088435,0.0363,0.01386405,0.0117185,5.303350000000001,0.0,0.0012569999999999999,1.2783,0.0010513699999999998
-1.054,-2.981202,11.725,0.0010906,0.061230999999999994,0.0127929,0.011935000000000001,0.0215425,0.00867695,0.008393000000000001,0.039850000000000003,0.013437649999999999,0.0128765,5.835800000000001,0.0,0.0012548,1.3649,0.00105475
-1.046,-2.973202,14.585,0.0012730999999999999,0.07271999999999999,0.0161599,0.01262,0.026118999999999996,0.00983355,0.009117,0.04717,0.01546,0.0151975,7.3553000000000015,0.0,0.0014234,1.6308,0.00117387
-1.038,-2.965202,18.16,0.0014047999999999999,0.080595,0.0200742,0.013090000000000001,0.0302505,0.0115139,0.009597000000000001,0.052134999999999994,0.018727999999999998,0.0161865,9.4008,0.0,0.00168825,1.84605,0.00129892
-1.03,-2.957202,22.85,0.0017906500000000002,0.09849,0.0256773,0.01414,0.0379,0.01355,0.010645,0.058415,0.0231395,0.018467,11.70815,0.0,0.0020017,2.4598,0.0014576
-1.021,-2.948202,27.65,0.0018552500000000001,0.1073,0.032258,0.016204999999999997,0.04838,0.0151395,0.01114,0.06329000000000001,0.026122,0.0180215,14.317599999999999,0.0,0.0024405,2.892,0.0016496999999999998
-1.013,-2.940202,26.635,0.0017931000000000002,0.10489499999999999,0.032114,0.018555,0.04737,0.0146015,0.011885,0.063155,0.025389999999999996,0.017121499999999998,13.36225,0.0,0.00258,3.17605,0.00171945
-1.005,-2.932202,29.335,0.00146085,0.10542000000000001,0.032533000000000006,0.023469999999999998,0.0513,0.013873,0.01554,0.06506,0.024923,0.016297,15.14405,0.0,0.0028929999999999997,3.1514,0.0017879999999999999
-0.996,-2.923202,30.07,0.00129645,0.10488,0.029482,0.025955,0.04762,0.011178999999999998,0.01735,0.06812499999999999,0.021281500000000002,0.0168615,15.7449,0.0,0.0029545,3.05425,0.0017347
-0.988,-2.915202,25.28,0.001179,0.093545,0.025909,0.024915,0.04074,0.009507499999999999,0.015394999999999999,0.06484,0.018586,0.016669,12.924600000000003,0.0,0.0027489999999999997,2.8415000000000004,0.0016830999999999999
-0.98,-2.907202,22.47,0.0011345,0.08485000000000001,0.0242596,0.02382,0.036669999999999994,0.008655,0.01327,0.060855000000000006,0.017352,0.016093,11.25945,0.0,0.0024730000000000004,2.7361,0.0016646
-0.971,-2.898202,21.0,0.0011389,0.08093,0.0235715,0.02315,0.03497,0.0081185,0.011795,0.058765,0.0168345,0.015987,10.33215,0.0,0.002319,2.7342,0.00168945
-0.963,-2.890202,20.4,0.0011657,0.07868000000000001,0.0242825,0.023829999999999997,0.0344715,0.007809,0.012125,0.05696,0.017132,0.015723,9.7592,0.0,0.0023220000000000003,2.9052,0.0017521
-0.955,-2.882202,20.045,0.0012457,0.07887,0.025305,0.024775,0.0345825,0.0075505,0.012920000000000001,0.056425,0.0174645,0.015926,9.242099999999999,0.0,0.0023940000000000003,3.1685,0.0018357
-0.946,-2.873202,20.33,0.0013579,0.08510000000000001,0.02694285,0.026244999999999997,0.035748,0.007683000000000001,0.014249999999999999,0.057735,0.018482,0.017037,8.942499999999999,0.0,0.0025459999999999997,3.5966500000000003,0.0019646
-0.938,-2.865202,19.765,0.0013825500000000002,0.082105,0.027444200000000002,0.027035,0.0353965,0.0075175,0.015145,0.05624,0.018590000000000002,0.0167115,8.4285,0.0,0.0026935,3.7421499999999996,0.0020004000000000003
-0.93,-2.857202,18.985,0.00137805,0.08059,0.0280985,0.0257,0.0333265,0.0073135,0.014440000000000001,0.052675,0.018721500000000002,0.016531,7.6659500000000005,0.0,0.0028255,3.9795,0.0019329999999999998
-0.922,-2.849202,20.225,0.00153165,0.089805,0.030568,0.02805,0.0358,0.0078475,0.016335,0.055760000000000004,0.020393500000000002,0.01783,7.765149999999999,0.0,0.0032645,4.6033,0.00211535
-0.913,-2.840202,20.34,0.0016507499999999999,0.094445,0.0299255,0.031715,0.037290000000000004,0.007721,0.019119999999999998,0.057550000000000004,0.020317500000000002,0.017773499999999998,7.678,0.0,0.0035440000000000003,4.756,0.0022521499999999996
-0.905,-2.832202,21.12,0.0018318,0.10084,0.030781,0.03725,0.040485,0.007911,0.02334,0.06132,0.0209145,0.018119499999999997,7.8086,0.0,0.00397,5.0927999999999995,0.0024803000000000004
-0.897,-2.824202,22.13,0.00200005,0.10491500000000001,0.031646,0.04201,0.04289,0.008095499999999999,0.02735,0.06305,0.0217895,0.018161999999999998,8.1863,0.0,0.004369,5.3515999999999995,0.0026651500000000002
-0.888,-2.815202,20.76,0.002031,0.10324,0.031478,0.03875,0.039675,0.0079985,0.026930000000000003,0.05574,0.0215675,0.016818,7.050400000000001,0.0,0.004623,5.5886499999999995,0.0025444
-0.88,-2.807202,22.16,0.002348,0.11388999999999999,0.034434,0.043835,0.043660000000000004,0.008864499999999999,0.03161,0.058695,0.0239165,0.0167055,7.041049999999999,0.0,0.005788,6.40295,0.0028772999999999997
-0.872,-2.799202,25.2,0.0027990000000000003,0.145355,0.037679,0.051675,0.052129999999999996,0.010381000000000001,0.038815,0.065495,0.029006499999999998,0.016483,7.3231,0.0,0.0072765,7.898899999999999,0.0034231
-0.863,-2.790202,22.13,0.002832,0.12183,0.034613500000000005,0.056385000000000005,0.047475,0.0093605,0.042015,0.061924999999999994,0.02368,0.016345500000000002,6.3879,0.0,0.0063865,6.9754000000000005,0.0032956999999999995
-0.855,-2.782202,22.855,0.0033245,0.12946000000000002,0.0352545,0.066225,0.050945000000000004,0.009844499999999999,0.049475000000000005,0.06724000000000001,0.0233955,0.0170745,6.440849999999999,0.0,0.0066035,7.3503,0.0036244499999999995
-0.847,-2.774202,28.025,0.004194000000000001,0.15284999999999999,0.041632,0.0789,0.06171,0.0111875,0.059635,0.07898,0.0256405,0.018827,8.402000000000001,0.0,0.00694,8.6135,0.0041918500000000004
-0.838,-2.765202,30.805,0.005124999999999999,0.17272,0.0490615,0.097505,0.073365,0.012206999999999999,0.07491500000000001,0.09027,0.027528,0.0207955,8.273800000000001,0.0,0.0073825,10.34,0.004939849999999999
-0.83,-2.757202,35.535,0.0060135,0.18984499999999999,0.0602375,0.1169,0.086205,0.013182,0.090895,0.101765,0.029629,0.0237125,9.096,0.0,0.0078705,12.360499999999998,0.0057637999999999995
-0.822,-2.749202,37.145,0.007318999999999999,0.20756,0.055302000000000004,0.14005,0.101105,0.0134775,0.11215,0.11427,0.030287,0.026233,10.22175,0.0,0.008539999999999999,12.279499999999999,0.00667655
-0.814,-2.741202,35.88,0.006639,0.194305,0.053211499999999995,0.123,0.093455,0.012952000000000002,0.10092999999999999,0.101495,0.028989,0.025943,10.090600000000002,0.0,0.008409,11.7075,0.00618345
-0.805,-2.732202,33.925,0.0048345,0.16801,0.049622,0.08673,0.073105,0.0130295,0.074135,0.07578,0.026104500000000003,0.0218895,10.390049999999999,0.0,0.008975,10.3965,0.0048641
-0.797,-2.724202,28.27,0.0036320000000000002,0.15541,0.0438765,0.055745,0.05783,0.010504450000000002,0.051004999999999995,0.05488,0.023434,0.0175885,7.61835,0.0,0.0077915,9.634,0.0037179500000000002
-0.789,-2.716202,26.16,0.003147,0.1506,0.040850500000000005,0.041945,0.04882,0.00941965,0.039685,0.04403,0.021736,0.015147,6.64005,0.0,0.006541999999999999,9.328,0.00312585
-0.78,-2.707202,26.89,0.003027,0.1593,0.040804499999999994,0.039885000000000004,0.046024999999999996,0.00946075,0.037435,0.040735,0.0214945,0.0144795,6.780749999999999,0.0,0.006345,9.667,0.0029641999999999997
-0.772,-2.699202,25.645,0.0031905,0.154555,0.0371908,0.040675,0.043135,0.008533599999999999,0.037965,0.0380055,0.0201225,0.013220000000000003,6.33795,0.0,0.0061165,9.355,0.0028468499999999997
-0.764,-2.691202,26.14,0.0039995,0.159085,0.035451449999999995,0.05042,0.045455,0.00820835,0.04672,0.0401035,0.0197605,0.0131,6.46665,0.0,0.005949,9.541,0.0030857000000000002
-0.755,-2.682202,33.835,0.009252,0.20492500000000002,0.0432945,0.0872,0.064275,0.00992,0.08441,0.052805000000000005,0.023414,0.015489499999999998,8.04905,0.0,0.006581,12.641499999999999,0.00433495
-0.747,-2.674202,28.8,0.006841,0.17631999999999998,0.033768,0.06034,0.050175,0.0078382,0.057944999999999997,0.042855,0.019318499999999995,0.0140925,7.08975,0.0,0.004895999999999999,10.5965,0.0034367499999999997
-0.739,-2.666202,31.525,0.006252,0.20189999999999997,0.0333565,0.055025,0.050859999999999995,0.008060149999999999,0.05116,0.046060000000000004,0.019785,0.016581,7.96405,0.0,0.004609,11.4625,0.0035057
-0.73,-2.657202,34.18,0.008629000000000001,0.21824,0.032559,0.093255,0.060905,0.00967625,0.08838,0.05518000000000001,0.0225695,0.019106500000000002,8.999699999999999,0.0,0.005626,12.065000000000001,0.0045508
-0.722,-2.649202,34.74,0.0096785,0.21427000000000002,0.030438,0.1129,0.06836,0.011006,0.1116,0.057275,0.022607500000000003,0.019757,9.73035,0.0,0.006551499999999999,11.72,0.00514965
-0.714,-2.641202,36.405,0.008614,0.25348,0.027785999999999998,0.10400000000000001,0.07454,0.01060555,0.11005000000000001,0.056795000000000005,0.021516499999999997,0.01833,9.47405,0.0,0.006764,12.9935,0.0050955
-0.706,-2.633202,28.44,0.007049,0.17556,0.0224848,0.08365,0.061149999999999996,0.008641,0.09675500000000001,0.042945,0.0162015,0.014970500000000001,7.871700000000001,0.0,0.0058765,9.723500000000001,0.00439125
-0.697,-2.624202,21.975,0.005417,0.11496999999999999,0.0183649,0.05856,0.04627,0.00721535,0.075045,0.029834,0.012499,0.012113,6.466799999999999,0.0,0.004471500000000001,7.18675,0.0035689499999999996
-0.689,-2.616202,17.44,0.003921,0.0842,0.015148499999999999,0.04034,0.035269999999999996,0.00565965,0.05462,0.022419999999999995,0.009525699999999998,0.0099185,5.26,0.0,0.003533,5.615600000000001,0.0027312
-0.681,-2.6082020000000004,16.115,0.0032454999999999997,0.070771,0.013951499999999999,0.033935,0.0294375,0.0050237500000000004,0.044085,0.020559,0.0084112,0.00822,5.0756,0.0,0.00386,5.0153,0.00238896
-0.672,-2.599202,14.755,0.002636,0.056633,0.0123574,0.03128,0.023435499999999998,0.004472,0.03529,0.019089,0.0072358,0.0066675,4.99395,0.0,0.0038535,4.2995,0.002068515
-0.664,-2.591202,13.995,0.0021415,0.04428700000000001,0.0111383,0.03133,0.0183725,0.0040067,0.02817,0.0184895,0.00616465,0.005585499999999999,5.1531649999999996,0.0,0.0038649999999999995,3.7228000000000003,0.0018540000000000002
-0.656,-2.583202,14.05,0.0024790000000000003,0.0366875,0.01179195,0.04861,0.019878,0.0041528,0.03655,0.0243385,0.0059082499999999994,0.006359000000000001,5.26658,0.0,0.004582,3.64075,0.00214736
-0.647,-2.574202,14.695,0.002833,0.0359795,0.0131743,0.059484999999999996,0.0215305,0.00485265,0.043295,0.0277915,0.0062384,0.007002,5.369299999999999,0.0,0.005204,3.9323,0.002425425
-0.639,-2.566202,15.605,0.0032265,0.0389535,0.014107549999999998,0.072785,0.02424,0.005573450000000001,0.051945,0.032649,0.006765799999999999,0.008011,5.54285,0.0,0.005738999999999999,4.31385,0.002802565
-0.631,-2.558202,16.11,0.00333,0.0408865,0.0145454,0.072005,0.0239985,0.0058255,0.05215,0.031952999999999995,0.006957349999999999,0.0080905,5.624149999999999,0.0,0.005690000000000001,4.5626999999999995,0.002854395
-0.622,-2.549202,16.25,0.0035849999999999996,0.042308,0.0141207,0.075185,0.0246695,0.0059832999999999996,0.056905,0.031632999999999994,0.00757595,0.008074000000000001,5.5869,0.0,0.005723,4.687049999999999,0.0030221000000000007
-0.614,-2.541202,16.805,0.0044605,0.044868,0.013484949999999999,0.10153000000000001,0.029862000000000003,0.0070434,0.08130000000000001,0.036324999999999996,0.009932050000000001,0.009237,5.65915,0.0,0.0063005000000000005,4.92295,0.0037713749999999996
-0.606,-2.533202,16.925,0.004255,0.046174,0.0132285,0.097845,0.0303985,0.00657585,0.076935,0.03738999999999999,0.0093258,0.00953,5.5802,0.0,0.005603,5.0922,0.00377525
-0.598,-2.525202,17.825,0.004627,0.046957,0.0136588,0.10925,0.03369,0.006893399999999999,0.085785,0.041405,0.010125700000000001,0.010579000000000002,5.88825,0.0,0.0055,5.359500000000001,0.00418345
-0.589,-2.516202,17.725,0.0046159999999999994,0.0437785,0.01338555,0.11245,0.034233,0.006610115,0.088065,0.042155,0.01007005,0.0106775,5.987749999999999,0.0,0.005297,5.2211,0.0042435500000000004
-0.581,-2.508202,14.68,0.004298,0.037066999999999996,0.0115174,0.1118,0.033197,0.00591461,0.08677499999999999,0.04134500000000001,0.009359800000000001,0.010133000000000001,4.53158,0.0,0.005042,4.67805,0.0040758
-0.573,-2.500202,12.27,0.0037589999999999998,0.031431,0.009979350000000001,0.10475,0.0298355,0.005164555,0.080015,0.038016499999999995,0.00840055,0.009090999999999998,3.49233,0.0,0.004923,4.1611,0.00369343
-0.564,-2.491202,11.07,0.0034519999999999998,0.027943000000000003,0.0086406,0.10945,0.0288065,0.004683669999999999,0.07977000000000001,0.039145,0.0078496,0.009033999999999999,3.144845,0.0,0.0047345,3.74245,0.0036231049999999997
-0.556,-2.4832020000000004,11.13,0.003396,0.0275185,0.0083159,0.1222,0.030235000000000005,0.00451463,0.08369,0.044525,0.007762949999999999,0.009933,3.1966050000000004,0.0,0.004969,3.7205500000000002,0.00386565
-0.548,-2.4752020000000003,11.825,0.003549,0.028695,0.008350100000000001,0.14629999999999999,0.0346805,0.00456411,0.09548999999999999,0.054099999999999995,0.008140149999999999,0.011717000000000002,3.4208200000000004,0.0,0.005618,3.91445,0.00444208
-0.539,-2.466202,12.26,0.003674,0.028924000000000002,0.008247599999999999,0.17149999999999999,0.0396285,0.004551899999999999,0.10830000000000001,0.06404000000000001,0.008490250000000001,0.013497499999999999,3.5575149999999995,0.0,0.0063105,4.0194,0.0050494749999999994
-0.531,-2.458202,11.815,0.003528,0.027122,0.0075846,0.18964999999999999,0.042962,0.004239245,0.11571000000000001,0.07168,0.0083183,0.0147315,3.4372749999999996,0.0,0.006727,3.83095,0.005424325
-0.523,-2.450202,11.61,0.003507,0.0260195,0.00720665,0.20325,0.04473,0.00416124,0.121525,0.07629,0.0084627,0.015435,3.3790600000000004,0.0,0.0070739999999999996,3.7391,0.005670315
-0.514,-2.441202,11.23,0.0034365,0.024466999999999996,0.006858100000000001,0.20675,0.043979,0.00406716,0.121575,0.076465,0.00847645,0.015345499999999998,3.272205,0.0,0.0071015,3.6045,0.00563625
-0.506,-2.433202,11.305,0.0034425000000000002,0.024216,0.00679945,0.21025,0.0433095,0.00405614,0.12190000000000001,0.07656500000000001,0.00860895,0.0153005,3.29019,0.0,0.007161,3.64235,0.005625989999999999
-0.498,-2.425202,11.47,0.003494,0.023975,0.0069575999999999995,0.2111,0.04169,0.0040837,0.12060000000000001,0.075315,0.008743499999999998,0.015061,3.333265,0.0,0.007147000000000001,3.7149,0.0055191549999999995
-0.49,-2.417202,10.885,0.00319,0.022202,0.0067963,0.19175,0.0357605,0.00368365,0.1049,0.067755,0.0080157,0.013538000000000001,3.1580350000000004,0.0,0.0064405,3.5635499999999998,0.00491647
-0.481,-2.408202,10.215,0.0029295000000000002,0.020274,0.006396000000000001,0.1815,0.0325445,0.00340174,0.09639,0.063485,0.007592050000000001,0.012661000000000002,2.96349,0.0,0.0059615,3.3515500000000005,0.004577115
-0.473,-2.400202,9.6,0.0027210000000000003,0.018574,0.00594586,0.1753,0.030227000000000004,0.00324507,0.091095,0.060289999999999996,0.0073913,0.012031,2.7908800000000005,0.0,0.005605,3.1481500000000002,0.004338405
-0.465,-2.392202,9.31,0.0026030000000000003,0.017548,0.00568078,0.1724,0.0286495,0.0032106,0.08853,0.058010000000000006,0.00741381,0.0116285,2.7139950000000006,0.0,0.005386999999999999,3.05295,0.0041920099999999995
-0.456,-2.3832020000000003,8.575,0.002348,0.016638,0.00470121,0.17265,0.027688,0.0032874800000000006,0.08848500000000001,0.05643,0.00764315,0.0113775,2.50418,0.0,0.0052829999999999995,2.7944000000000004,0.004111989999999999
-0.448,-2.3752020000000003,7.51,0.0020369999999999997,0.015394,0.00334561,0.1768,0.027367,0.00354838,0.09172,0.05556499999999999,0.00819697,0.011347499999999998,2.2026399999999997,0.0,0.0053125,2.3987000000000003,0.004123525
-0.44,-2.3672020000000003,6.57,0.0018292999999999998,0.013711000000000001,0.0024224750000000003,0.181,0.027299,0.00377407,0.094945,0.055005,0.008695335,0.011352,1.94552,0.0,0.005349,2.0433499999999998,0.00415076
-0.431,-2.358202,5.425,0.00162105,0.011279,0.00153866,0.186,0.0273385,0.004033864999999999,0.0987,0.054650000000000004,0.009254685,0.011377499999999999,1.632155,0.0,0.005426500000000001,1.6014,0.00419589
-0.423,-2.350202,4.615,0.0014319,0.009671,0.000975755,0.1849,0.026868500000000003,0.00393195,0.09726499999999999,0.053860000000000005,0.009178115,0.011151499999999998,1.39993,0.0,0.005337,1.3104,0.0041175
-0.415,-2.342202,3.1925,0.00132775,0.0048728,0.000677415,0.18425000000000002,0.0263485,0.0038372600000000003,0.09598999999999999,0.053065,0.009115564999999999,0.010843,1.01477,0.0,0.005279,0.7676000000000001,0.004035825
-0.406,-2.333202,2.599,0.00128365,0.00278795,0.000563835,0.18535000000000001,0.0261515,0.00383476,0.09596,0.052755,0.009221765,0.010756499999999999,0.8552899999999999,0.0,0.005282,0.538655,0.004021665
-0.398,-2.325202,2.4425,0.0012623500000000002,0.00222805,0.0005143349999999999,0.18764999999999998,0.0261295,0.003906975,0.09677,0.052725,0.009460625,0.010803,0.814655,0.0,0.005327,0.475055,0.0040517
-0.39,-2.317202,2.3725,0.001233,0.0020413999999999996,0.000473625,0.18905,0.025992,0.003930555,0.096725,0.052629999999999996,0.009613400000000001,0.0108205,0.7943850000000001,0.0,0.005344499999999999,0.44942000000000004,0.00406269
-0.382,-2.309202,2.293,0.00119565,0.0018599999999999999,0.000432796,0.18969999999999998,0.025738500000000004,0.00390766,0.095955,0.052474999999999994,0.009684890000000002,0.010796,0.7691949999999999,0.0,0.0053349999999999995,0.423585,0.0040545600000000005
-0.373,-2.300202,2.227,0.0011587,0.0017189,0.000396277,0.1906,0.025461,0.0038807900000000003,0.095055,0.05239,0.009759150000000001,0.010776999999999998,0.747015,0.0,0.005326,0.40324000000000004,0.0040476999999999996
-0.365,-2.292202,2.1695,0.00112165,0.0016040000000000002,0.000361889,0.1918,0.0251415,0.003868535,0.09420500000000001,0.052295,0.00987472,0.010768500000000002,0.72774,0.0,0.005323,0.385605,0.004044265
-0.357,-2.284202,2.0885,0.0010669,0.0015022999999999998,0.0003253985,0.1895,0.024426999999999997,0.0038433449999999997,0.092475,0.050565,0.009961620000000001,0.0105435,0.7023100000000001,0.0,0.005215,0.36484,0.0039662049999999996
-0.348,-2.275202,2.0255,0.0010209,0.0014212499999999998,0.00029564,0.1881,0.023767999999999997,0.0038326750000000002,0.09095500000000001,0.04927,0.010057475,0.010371000000000002,0.681735,0.0,0.005134,0.34922,0.00390807
-0.34,-2.267202,2.005,0.0009986,0.00136805,0.00027765149999999997,0.1902,0.023552999999999998,0.0038584199999999996,0.09072,0.049375,0.01023902,0.010412,0.67452,0.0,0.0051585,0.34219,0.003925375
-0.332,-2.259202,1.9925,0.00098035,0.0013231999999999999,0.000264108,0.19255,0.023382,0.00389172,0.09065999999999999,0.04952,0.01043473,0.010465499999999999,0.6702300000000001,0.0,0.005191,0.337025,0.003948355
-0.323,-2.2502020000000003,1.982,0.00096255,0.0012835,0.000251747,0.1948,0.0232095,0.003922569999999999,0.090565,0.04967,0.010624575,0.0105165,0.6664400000000001,0.0,0.005221999999999999,0.33244,0.00397082
-0.315,-2.2422020000000003,1.9725,0.00094515,0.0012491,0.000240575,0.197,0.023039999999999998,0.0039504499999999994,0.09045,0.049795,0.010809085,0.010565,0.663105,0.0,0.005252,0.328525,0.003991705
-0.307,-2.2342020000000002,1.9655,0.0009285,0.00122015,0.0002306215,0.19915,0.022913000000000003,0.00397589,0.09040999999999999,0.04994,0.01098757,0.010617,0.66034,0.0,0.0052835,0.325285,0.0040136849999999995
-0.298,-2.225202,1.9605,0.00091255,0.00119625,0.00022168899999999998,0.20135,0.02284,0.0040014049999999995,0.09049499999999999,0.05009999999999999,0.011166095,0.0106775,0.65835,0.0,0.005319,0.32277,0.004038585
-0.29,-2.217202,1.959,0.0008973500000000001,0.0011776,0.000213465,0.2036,0.0228305,0.004028485,0.09076000000000001,0.050275,0.011350655000000001,0.010750000000000001,0.65727,0.0,0.0053609999999999994,0.320905,0.0040671
-0.282,-2.209202,1.96,0.0008828,0.0011637,0.00020586299999999998,0.206,0.022882,0.00405763,0.09119,0.050464999999999996,0.01154125,0.010835000000000001,0.65698,0.0,0.005409000000000001,0.319625,0.004099615
-0.274,-2.2012020000000003,1.9635,0.000869,0.00115445,0.00019885950000000002,0.20855,0.022995500000000002,0.004088339999999999,0.091795,0.050684999999999994,0.01173836,0.010929999999999999,0.6575700000000001,0.0,0.005464,0.318955,0.0041366300000000005
-0.265,-2.192202,1.97,0.0008558999999999999,0.00114985,0.00019247349999999998,0.21115,0.023169999999999996,0.004121105,0.092575,0.05094,0.011941509999999999,0.011039,0.6590650000000001,0.0,0.005525,0.31888000000000005,0.00417831
-0.257,-2.184202,1.979,0.0008434499999999999,0.0011499000000000001,0.00018672050000000004,0.21389999999999998,0.0234065,0.00415492,0.09351999999999999,0.051215000000000004,0.012151684999999999,0.0111585,0.661315,0.0,0.005592,0.31938999999999995,0.004223425
-0.249,-2.176202,1.989,0.0008316500000000001,0.0011528,0.00018143,0.21660000000000001,0.023696,0.004188795,0.09457499999999999,0.051505,0.012360365,0.011286,0.663945,0.0,0.005662,0.32029,0.00427074
-0.24,-2.167202,2.0,0.0008201,0.0011569,0.00017650199999999998,0.2193,0.0240275,0.0042191799999999995,0.09571,0.051775,0.012563504999999999,0.011415,0.66647,0.0,0.0057339999999999995,0.321385,0.0043178900000000004
-0.232,-2.159202,2.011,0.0008087000000000001,0.0011624,0.0001719195,0.22194999999999998,0.0244015,0.00424707,0.09692,0.052035,0.012763585000000001,0.0115475,0.668955,0.0,0.0058065,0.32264499999999996,0.0043657999999999995
-0.224,-2.151202,2.0225,0.0007974499999999999,0.0011683499999999999,0.0001674865,0.2246,0.024816,0.00427344,0.098215,0.052305,0.012962085,0.011684499999999999,0.671485,0.0,0.005881,0.32403000000000004,0.0044150249999999995
-0.215,-2.142202,2.034,0.0007862,0.0011748,0.0001632015,0.22715,0.0252705,0.004298794999999999,0.09961,0.05253,0.013158025,0.011822999999999998,0.67397,0.0,0.005956,0.32547,0.004463295
-0.207,-2.134202,2.0525,0.0007758,0.0011841,0.000159187,0.23035,0.025783,0.004368594999999999,0.10162,0.052759999999999994,0.0134394,0.011998500000000002,0.679115,0.0,0.006051,0.32814,0.004528
-0.199,-2.126202,2.081,0.000766,0.0011968,0.000155508,0.2344,0.0263575,0.004495815,0.10444999999999999,0.052945000000000006,0.013830700000000001,0.012218000000000001,0.6880649999999999,0.0,0.006174,0.33194999999999997,0.004611265
-0.19,-2.1172020000000003,2.1135,0.0007558,0.0012116,0.000152093,0.23885,0.026961000000000002,0.0046514799999999995,0.10775,0.0531,0.014273445,0.012454500000000002,0.699375,0.0,0.006312,0.33551,0.00470425
-0.182,-2.1092020000000002,2.1545,0.0007452,0.00123,0.00014899,0.24415,0.027604000000000004,0.004867079999999999,0.11180000000000001,0.05320999999999999,0.014834134999999998,0.012732499999999999,0.7157199999999999,0.0,0.0064845,0.33876,0.00482062
-0.174,-2.1012020000000002,2.23,0.0007351,0.00126055,0.00014661800000000002,0.25325,0.028362,0.005298215,0.1186,0.053395,0.01581763,0.013170499999999998,0.7503070000000001,0.0,0.006784499999999999,0.34187999999999996,0.005024375
-0.166,-2.0932020000000002,2.324,0.0007262999999999999,0.0013036,0.000144706,0.2652,0.0292585,0.005758620000000001,0.12605,0.05414,0.01696415,0.013721,0.7912015,0.0,0.0071535,0.34719999999999995,0.005274630000000001
-0.157,-2.084202,2.398,0.0007167,0.0013462,0.000142841,0.27575,0.0301815,0.00603302,0.13145,0.055195,0.017830795000000003,0.0142015,0.8200065,0.0,0.0074600000000000005,0.35339,0.0054781199999999995
-0.149,-2.076202,2.4745,0.00070745,0.00139445,0.000141396,0.2869,0.031179000000000002,0.006284675000000001,0.1368,0.056465,0.01869966,0.014708,0.8491465,0.0,0.007779,0.360415,0.005689975
-0.141,-2.068202,2.597,0.000705,0.0014736,0.000142051,0.30469999999999997,0.032673,0.006599310000000001,0.14400000000000002,0.05913499999999999,0.019924545000000002,0.015492000000000002,0.894764,0.0,0.008268000000000001,0.37254,0.006017949999999999
-0.132,-2.059202,2.692,0.0006968,0.0015416,0.000142147,0.31875,0.033954,0.006844419999999999,0.15005,0.061024999999999996,0.020919319999999998,0.016115,0.9309749999999999,0.0,0.0086645,0.38083,0.00628115
-0.124,-2.051202,2.7025,0.0006726,0.0015679,0.0001399645,0.32105,0.034486,0.006907595000000001,0.15245,0.060505,0.021213835,0.0162405,0.934787,0.0,0.008743,0.38088,0.00632603
-0.116,-2.043202,2.703,0.0006486,0.0015880999999999998,0.000138086,0.3217,0.0350165,0.006924875,0.15445,0.05983,0.02137021,0.0163155,0.9338989999999999,0.0,0.008788,0.38032,0.006345559999999999
-0.107,-2.034202,2.6945,0.0006254,0.001603,0.000136435,0.32115,0.035588,0.00689834,0.15605,0.059105000000000005,0.021406404999999996,0.01635,0.9291175,0.0,0.008803,0.37925,0.006344165
-0.099,-2.026202,2.687,0.0006034,0.0016173,0.00013485599999999998,0.32065,0.036218,0.006867475,0.1577,0.058425000000000005,0.02143327,0.016396,0.9236880000000001,0.0,0.00882,0.37892000000000003,0.00634322
-0.091,-2.018202,2.6805,0.0005836999999999999,0.0016308,0.000133366,0.31999999999999995,0.036931000000000005,0.00682929,0.15944999999999998,0.057844999999999994,0.02144228,0.016454999999999997,0.9174395000000001,0.0,0.008834,0.3798250000000001,0.0063418
-0.082,-2.009202,2.672,0.0005656,0.001643,0.0001318955,0.3191,0.037709999999999994,0.0067697750000000004,0.16105,0.057315000000000005,0.021394919999999998,0.016513,0.908844,0.0,0.008836,0.38179,0.006333160000000001
-0.074,-2.001202,2.653,0.0005476,0.0016522,0.00013033,0.31705,0.038525,0.006632,0.16194999999999998,0.056854999999999996,0.021201789999999998,0.016534,0.8942745,0.0,0.0088015,0.38421,0.006299415000000001
-0.066,-1.9932020000000001,2.6355,0.000531,0.001661,0.00012879500000000002,0.31475,0.03952,0.006493465,0.1632,0.056444999999999995,0.02098349,0.016578,0.8792309999999999,0.0,0.008775,0.38726,0.00626985
-0.058,-1.9852020000000001,2.6235,0.0005170999999999999,0.0016706,0.000127421,0.3125,0.04078999999999999,0.006382085,0.16555,0.05609,0.020761654999999997,0.0166685,0.8660059999999999,0.0,0.008771000000000001,0.39100500000000005,0.006256405
-0.049,-1.976202,2.622,0.0005059,0.0016842,0.000126381,0.31105,0.04234,0.0063173299999999995,0.16904999999999998,0.055850000000000004,0.02062129,0.016828,0.8565750000000001,0.0,0.008806999999999999,0.39604,0.006268309999999999
-0.041,-1.968202,2.847,0.0005064,0.0018264000000000002,0.000131969,0.33975,0.044625,0.007139915,0.18435,0.05827,0.02307985,0.018063000000000003,0.9367099999999999,0.0,0.009594,0.42672,0.006800644999999999
-0.033,-1.960202,2.941,0.0004997,0.0018952,0.000133583,0.35085,0.046095,0.0075121300000000005,0.19275,0.05888,0.024102150000000003,0.018667,0.9631815,0.0,0.009897,0.44558000000000003,0.0070032900000000006
-0.024,-1.951202,2.8935,0.0004843,0.0018812000000000002,0.000131447,0.34355,0.04674,0.0073393,0.19295,0.057745,0.023561119999999998,0.018566,0.9315975,0.0,0.009701,0.4509,0.006861095
-0.016,-1.943202,2.818,0.0004669,0.0018496000000000003,0.000128379,0.33255,0.04713,0.007085480000000001,0.19169999999999998,0.056145,0.02272874,0.0183125,0.8892690000000001,0.0,0.009402,0.45305999999999996,0.00664667
-0.008,-1.935202,2.718,0.0004479,0.0018020500000000001,0.000124435,0.31805000000000005,0.047290000000000006,0.006761675,0.18914999999999998,0.054099999999999995,0.021635135,0.0179245,0.8371869999999999,0.0,0.009012,0.452634,0.00637024
0.001,-1.9262020000000002,2.5935,0.0004274,0.001739,0.000119675,0.30015000000000003,0.047255,0.00637192,0.18545,0.05163,0.020297015,0.017405999999999998,0.7760990000000001,0.0,0.008534,0.4498535,0.006033284999999999
0.009,-1.9182020000000002,2.46,0.0004072,0.0016694000000000001,0.000114561,0.2806,0.047240000000000004,0.005966415,0.18175,0.048940000000000004,0.018839805,0.016838,0.7119805,0.0,0.008026,0.445179,0.005675085
0.017,-1.9102020000000002,2.341,0.0003886,0.0016068,0.000109977,0.26275000000000004,0.04733,0.0056226,0.17905,0.046425,0.017516785,0.016337499999999998,0.6552075,0.0,0.00758,0.44077150000000004,0.005357035
0.026,-1.901202,2.335,0.0003808,0.001636,0.00010724,0.25780000000000003,0.04782,0.0057601349999999996,0.18285,0.044715000000000005,0.017459435000000002,0.0165035,0.6103955000000001,0.0,0.007249,0.48152799999999996,0.00513626
0.034,-1.893202,2.325,0.0003728,0.0016534,0.000105175,0.25305,0.04836,0.005847564999999999,0.1862,0.043300000000000005,0.017316165,0.016616500000000003,0.5754414999999999,0.0,0.0069960000000000005,0.5102439999999999,0.004965000000000001
0.042,-1.885202,2.2865,0.0003628,0.0016409999999999999,0.000103306,0.24555,0.04889,0.005785885000000001,0.18780000000000002,0.042039999999999994,0.016824085000000003,0.0165415,0.5465530000000001,0.0,0.006786,0.5183555000000001,0.004817190000000001
0.05,-1.877202,2.2615,0.0003554,0.0016385,0.00010224,0.24004999999999999,0.049555,0.005746734999999999,0.18995,0.04115,0.01643779,0.016550000000000002,0.5231034999999999,0.0,0.006623,0.5271795000000001,0.00470452
0.059,-1.8682020000000001,2.2515,0.0003498,0.001646,0.000102287,0.23685,0.050345,0.0057275450000000006,0.19255,0.040705000000000005,0.01618722,0.016642999999999998,0.506713,0.0,0.006521,0.5364104999999999,0.0046343600000000006
0.067,-1.8602020000000001,2.2315,0.000343,0.0016413,0.00010262499999999999,0.23299999999999998,0.05113499999999999,0.005642985,0.19440000000000002,0.04038,0.01581124,0.016661500000000003,0.4946355,0.0,0.006455,0.536203,0.00458404
0.075,-1.8522020000000001,2.1905,0.0003342,0.0016117,0.0001017105,0.22599999999999998,0.05188,0.005528145,0.19585000000000002,0.03969,0.015196324999999997,0.016536,0.481699,0.0,0.006383,0.5264880000000001,0.00452435
0.084,-1.843202,2.1405,0.0003246,0.0015675000000000003,0.00010033399999999999,0.2172,0.05262,0.005411035,0.19745000000000001,0.03877,0.014471005,0.0163335,0.469527,0.0,0.00632,0.5116419999999999,0.00446509
0.092,-1.835202,2.107,0.0003155,0.0015313000000000002,9.979800000000001e-05,0.2103,0.053834999999999994,0.00534781,0.20095000000000002,0.038334999999999994,0.013824035,0.0162655,0.464549,0.0,0.006344500000000001,0.496981,0.00446344
0.1,-1.827202,2.055,0.0003019,0.0014767,9.821e-05,0.20055,0.05427,0.00530811,0.203,0.03687,0.01313846,0.016033,0.44572150000000005,0.0,0.006221,0.48840550000000005,0.004353945
0.109,-1.818202,1.885,0.0002862,0.0013104000000000002,8.9765e-05,0.173,0.054544999999999996,0.00501117,0.20205,0.033960000000000004,0.010994009999999999,0.0150565,0.41872099999999995,0.0,0.006028,0.42945849999999997,0.004169315
0.117,-1.810202,1.7115,0.0002707,0.0011386,8.0632e-05,0.14455,0.054785,0.004733279999999999,0.2012,0.0309575,0.008794695,0.0140445,0.39239499999999994,0.0,0.005839500000000001,0.36785599999999996,0.00398754
0.125,-1.802202,1.5615,0.000257,0.0009888,7.277600000000001e-05,0.11965,0.05504,0.00450815,0.20105,0.028394,0.006855569999999999,0.013168999999999998,0.370817,0.0,0.005692000000000001,0.3133355,0.0038388
0.134,-1.793202,1.434,0.0002452,0.0008600999999999999,6.6229e-05,0.09819,0.055365,0.0043303199999999995,0.20145,0.0262775,0.00516514,0.012429,0.35395400000000005,0.0,0.005583000000000001,0.2654375,0.0037261299999999994
0.142,-1.7852020000000002,1.333,0.0002356,0.0007549,6.1099e-05,0.08033499999999999,0.055869999999999996,0.004218335,0.20305,0.0246425,0.0037339649999999997,0.011846999999999998,0.34305399999999997,0.0,0.0055309999999999995,0.22444999999999998,0.0036577849999999998
0.15,-1.7772020000000002,1.299,0.0002312,0.0007122000000000001,5.9373e-05,0.07175999999999999,0.056709999999999997,0.0042800600000000005,0.20750000000000002,0.02402,0.00302657,0.0116895,0.3423315,0.0,0.0055725,0.206702,0.00366842
0.158,-1.7692020000000002,1.3125,0.00023,0.0007128,6.0057e-05,0.069565,0.057819999999999996,0.004465780000000001,0.21405000000000002,0.02408,0.00281859,0.011826500000000002,0.348635,0.0,0.0056805,0.2050655,0.0037362149999999993
0.167,-1.760202,1.3405,0.0002298,0.0007257,6.1571e-05,0.06906,0.059145,0.004699699999999999,0.2219,0.02436,0.0027329900000000002,0.012062,0.3586875,0.0,0.0058295000000000005,0.206756,0.00383397
0.175,-1.752202,1.3835,0.0002306,0.0007509999999999999,6.3891e-05,0.070235,0.060719999999999996,0.004980805,0.23095,0.024855500000000003,0.00276984,0.012394,0.37254500000000007,0.0,0.006019999999999999,0.2117675,0.00396103
0.183,-1.744202,1.441,0.0002324,0.0007876000000000001,6.7001e-05,0.07297000000000001,0.06251999999999999,0.005310085,0.24130000000000001,0.0255475,0.0029228450000000003,0.012819500000000001,0.390119,0.0,0.006251,0.21990300000000002,0.004116855
0.192,-1.7352020000000001,1.5055,0.0002344,0.0008296,7.0536e-05,0.076275,0.06448999999999999,0.0056739500000000005,0.2526,0.0263245,0.0031162250000000002,0.013290000000000001,0.40990950000000004,0.0,0.00651,0.22915399999999997,0.0042912
0.2,-1.7272020000000001,1.5745,0.0002366,0.0008742999999999998,7.4446e-05,0.07982500000000001,0.06659000000000001,0.006061850000000001,0.26475,0.0271515,0.003324335,0.01379,0.4312445,0.0,0.006788000000000001,0.2389015,0.00447873
0.208,-1.7192020000000001,1.648,0.000239,0.0009216000000000001,7.8693e-05,0.083605,0.06881500000000002,0.006474315000000001,0.27765,0.028029,0.00354522,0.014317,0.45404649999999996,0.0,0.0070869999999999995,0.249168,0.004679935
0.217,-1.710202,1.7255,0.0002415,0.0009716000000000002,8.328e-05,0.08762,0.07116999999999998,0.00691134,0.29125,0.028959000000000002,0.00378037,0.0148745,0.47827899999999995,0.0,0.007405,0.25998150000000003,0.0048921550000000005
0.225,-1.702202,1.8075,0.0002441,0.0010246,8.8171e-05,0.09187000000000001,0.07363,0.007373909999999999,0.30565,0.029930500000000002,0.004027655,0.015456999999999999,0.503927,0.0,0.00774,0.27129000000000003,0.00511669
0.233,-1.694202,1.8915,0.0002466,0.001079,9.331999999999998e-05,0.096225,0.07614,0.00784601,0.32030000000000003,0.030941,0.004278935,0.0160515,0.530011,0.0,0.008081,0.282986,0.00534614
0.242,-1.685202,1.977,0.000249,0.0011348,9.871399999999999e-05,0.10070000000000001,0.078665,0.008331105,0.33535,0.031972999999999994,0.004533120000000001,0.0166595,0.5565865,0.0,0.0084285,0.2950375,0.00557901
0.25,-1.677202,2.0645,0.0002512,0.0011923,0.000104364,0.1053,0.08123,0.008827735,0.35075,0.0330465,0.004791189999999999,0.017281499999999998,0.5837495,0.0,0.008781500000000001,0.307485,0.005817585
0.258,-1.669202,2.1735,0.0002554,0.0012679000000000002,0.00011144200000000001,0.11055000000000001,0.084415,0.009461985000000001,0.3701,0.034251000000000004,0.00509604,0.0180865,0.613835,0.0,0.009169,0.3265995,0.00608411
0.266,-1.661202,2.36,0.0002667,0.00140665,0.000123816,0.11825,0.089845,0.010580935,0.40349999999999997,0.03587,0.00563552,0.019609,0.6506314999999999,0.0,0.0096395,0.3746675,0.006423889999999999
0.275,-1.652202,2.4435,0.0002678,0.0014623000000000001,0.000130275,0.12285,0.09214,0.011054445000000001,0.41805000000000003,0.036955,0.005877329999999999,0.0202175,0.6738105,0.0,0.0099385,0.38915600000000006,0.0066294299999999995
0.283,-1.6442020000000002,2.5165,0.0002679,0.0015101999999999997,0.00013647000000000003,0.1271,0.094055,0.0114668,0.43065,0.037970000000000004,0.006086889999999999,0.020745,0.6938145,0.0,0.0101955,0.402099,0.006807520000000001
0.291,-1.6362020000000002,2.5805,0.0002667,0.0015511000000000001,0.00014265999999999997,0.1311,0.0956,0.01182351,0.44145,0.038915000000000005,0.006271819999999999,0.021195999999999996,0.7111134999999998,0.0,0.010417,0.413536,0.006962
0.3,-1.627202,2.637,0.0002644,0.0015867,0.00014896400000000002,0.13495000000000001,0.09686,0.012144100000000001,0.45105,0.039825,0.0064401300000000005,0.0215855,0.7266290000000001,0.0,0.0106155,0.42367299999999997,0.00709894
0.308,-1.619202,2.6945,0.0002616,0.0016216,0.00015574700000000003,0.1387,0.09809000000000001,0.012481054999999998,0.4609,0.0407,0.0065993,0.0219535,0.7431315000000001,0.0,0.0108275,0.433134,0.00724339
0.316,-1.611202,2.7525,0.0002582,0.0016564000000000001,0.000163015,0.1424,0.09929,0.01283936,0.47125,0.041555,0.00675083,0.022304,0.7608885,0.0,0.011056,0.44201500000000005,0.007396675
0.325,-1.6022020000000001,2.8115,0.0002542,0.0016913,0.00017077200000000002,0.14589999999999997,0.10047,0.013219520000000002,0.48195,0.042385,0.0068942199999999995,0.0226355,0.779868,0.0,0.011302,0.4502,0.0075581500000000005
0.333,-1.5942020000000001,2.8955,0.0002512,0.0017475,0.000181045,0.14989999999999998,0.1023,0.013795640000000001,0.49795,0.043315,0.0070783800000000004,0.023154,0.8044629999999999,0.0,0.0116075,0.464518,0.00776347
0.341,-1.5862020000000001,2.999,0.000249,0.0018214999999999998,0.000192971,0.15439999999999998,0.10457,0.014509735000000001,0.5177,0.044345,0.007296350000000001,0.023829500000000003,0.8324379999999999,0.0,0.011942,0.4841,0.007995375
0.35,-1.5772020000000002,3.0895,0.000246,0.00188515,0.000204373,0.15875,0.10645000000000002,0.015129275000000001,0.5347999999999999,0.04533999999999999,0.007488165,0.024406,0.8574090000000001,0.0,0.012237999999999999,0.5010255,0.00820175
0.358,-1.5692020000000002,3.149,0.0002412,0.0019217,0.00021420699999999998,0.1624,0.10746,0.015524165000000001,0.54575,0.046225,0.007615615,0.024734999999999997,0.8756765,0.0,0.012461,0.510285,0.00835543
0.366,-1.5612020000000002,2.9905,0.0002251,0.0018210000000000001,0.000207803,0.15785,0.101715,0.014581785,0.5156499999999999,0.044965,0.0072773,0.02376,0.820063,0.0,0.011624,0.49437200000000003,0.00785214
0.374,-1.5532020000000002,2.905,0.0002134,0.0017554,0.00020660600000000002,0.15639999999999998,0.098465,0.014041985,0.499,0.044564999999999994,0.007093445,0.023159499999999996,0.794087,0.0,0.011237999999999998,0.481506,0.00761685
0.383,-1.544202,2.818,0.0002019,0.0016863999999999998,0.000205101,0.15505000000000002,0.095255,0.01347974,0.482,0.04421,0.006909314999999999,0.022525000000000003,0.769579,0.0,0.010884000000000001,0.466304,0.00739483
0.391,-1.536202,2.742,0.00019116,0.0016266000000000002,0.00020407700000000005,0.15394999999999998,0.092355,0.012992515,0.46704999999999997,0.04389,0.006750215,0.0219695,0.7478750000000001,0.0,0.010563,0.4533655,0.007198060000000001
0.399,-1.528202,2.6665,0.00018076,0.0015658,0.000203151,0.15284999999999999,0.08951,0.012503794999999998,0.45225,0.04356,0.006591355,0.0214145,0.7258824999999999,0.0,0.010246,0.441041,0.00699916
0.408,-1.5192020000000002,2.599,0.00017114,0.0015081,0.000203249,0.1521,0.086955,0.012053135,0.43879999999999997,0.04334,0.0064505249999999995,0.020911500000000003,0.705902,0.0,0.009968000000000001,0.429898,0.006820939999999999
0.416,-1.5112020000000002,2.5425,0.00016234,0.0014547000000000002,0.00020510900000000003,0.15195,0.0848,0.01165656,0.42735,0.043289999999999995,0.006333755,0.020486499999999998,0.688964,0.0,0.009743,0.42100000000000004,0.00667486
0.424,-1.5032020000000001,2.532,0.00015537,0.0014308,0.00021488,0.15405000000000002,0.08377000000000001,0.01151475,0.42375,0.04367,0.006351995000000001,0.020468,0.6764725,0.0,0.009563,0.428427,0.00656212
0.433,-1.494202,2.5595,0.00015005999999999998,0.0014262,0.000233252,0.15844999999999998,0.0837,0.01155724,0.4263,0.044535000000000005,0.0064724249999999995,0.020802,0.6659649999999999,0.0,0.0094125,0.450754,0.0064676
0.441,-1.486202,2.612,0.00014616,0.0014339,0.00025756499999999996,0.1642,0.084365,0.011718915,0.43315,0.045794999999999995,0.006646279999999999,0.0213565,0.6589750000000001,0.0,0.009309999999999999,0.4807720000000001,0.006407100000000001
0.449,-1.478202,2.6405,0.00014185,0.001419,0.000278985,0.16935,0.084535,0.011698110000000001,0.43535,0.046985,0.006753935,0.021693499999999998,0.650267,0.0,0.009202,0.50088,0.0063362900000000005
0.458,-1.4692020000000001,2.2585,0.00012349,0.0011219,0.000227461,0.1562,0.07466999999999999,0.009204835,0.36395,0.04407,0.005904575,0.0184725,0.5893944999999999,0.0,0.008562,0.386299,0.00585512
0.466,-1.4612020000000001,2.1885,0.00011677,0.00105795,0.000223624,0.15445,0.07252,0.00874707,0.35095,0.04368999999999999,0.0057338400000000005,0.017882,0.5751765000000001,0.0,0.0083945,0.36839299999999997,0.00573487
0.474,-1.453202,2.16,0.00011203,0.0010233,0.000224971,0.15475,0.07150999999999999,0.00852321,0.34509999999999996,0.043755,0.005672989999999999,0.017651999999999998,0.5681225,0.0,0.008305,0.362207,0.005675899999999999
0.482,-1.445202,2.13,0.00010742,0.0009895,0.000225515,0.15460000000000002,0.07044,0.008306710000000002,0.33925,0.043715000000000004,0.005600529999999999,0.017394,0.5612499999999999,0.0,0.008216000000000001,0.35499099999999995,0.005616795
0.491,-1.4362020000000002,2.096,0.00010292,0.0009553,0.000225185,0.15410000000000001,0.069295,0.008086575,0.33299999999999996,0.04356,0.005512425,0.017098,0.5542935,0.0,0.008125,0.34647700000000003,0.00555401
0.499,-1.4282020000000002,2.0585,9.847999999999999e-05,0.0009207000000000001,0.00022397529999999998,0.15300000000000002,0.06803000000000001,0.00786329,0.32635000000000003,0.043304999999999996,0.00540913,0.016762,0.5471885,0.0,0.008031,0.336622,0.005488675
0.507,-1.4202020000000002,2.028,9.451e-05,0.0008912000000000001,0.0002236666,0.15234999999999999,0.06695999999999999,0.00767655,0.32089999999999996,0.04308,0.00533078,0.016487,0.5409505,0.0,0.007945,0.329042,0.005429860000000001
0.516,-1.411202,2.0055,9.098e-05,0.000866,0.00022447719999999999,0.1521,0.066095,0.007524415,0.31665,0.04296,0.005279455,0.016283,0.5354880000000001,0.0,0.0078675,0.324024,0.00537868
0.524,-1.403202,1.9835,8.764e-05,0.0008419,0.0002253005,0.15195,0.06527999999999999,0.007380815,0.31255,0.04283,0.0052312850000000004,0.016090999999999998,0.53031,0.0,0.0077925,0.31938500000000003,0.00532869
0.532,-1.395202,1.963,8.447999999999999e-05,0.0008190000000000001,0.00022615250000000003,0.15175,0.064505,0.00724523,0.30875,0.04271,0.00518628,0.015910499999999998,0.5252370000000001,0.0,0.007719999999999999,0.315123,0.00528027
0.541,-1.386202,1.944,8.146999999999999e-05,0.0007971499999999999,0.0002269861,0.1516,0.06376499999999999,0.00711665,0.30515000000000003,0.042585,0.005142405,0.0157395,0.520374,0.0,0.0076500000000000005,0.311229,0.00523325
0.549,-1.378202,1.926,7.861999999999999e-05,0.0007761999999999999,0.00022784930000000001,0.15145,0.06306500000000001,0.006996104999999999,0.30174999999999996,0.042480000000000004,0.0051011649999999995,0.0155805,0.5157160000000001,0.0,0.0075815000000000006,0.307663,0.00518785
0.557,-1.370202,1.9085,7.591999999999999e-05,0.0007564,0.0002287023,0.1513,0.062415,0.006883065000000001,0.2986,0.04236,0.005062560000000001,0.0154305,0.5111330000000001,0.0,0.007516,0.30442400000000003,0.00514499
0.566,-1.361202,1.8915,7.331e-05,0.0007367,0.00022942260000000003,0.15105000000000002,0.06175,0.006770505,0.29545,0.04223,0.005021975,0.0152745,0.5065825,0.0,0.0074505000000000005,0.301089,0.005101919999999999
0.574,-1.353202,1.871,7.073e-05,0.0007165,0.0002296941,0.15055000000000002,0.061,0.006652825,0.29190000000000005,0.04202500000000001,0.004971669999999999,0.0150875,0.5017600000000001,0.0,0.007381,0.296859,0.005054950000000001
0.582,-1.345202,1.8475,6.8125e-05,0.0006954,0.00022949859999999998,0.14965,0.060129999999999996,0.006527504999999999,0.28790000000000004,0.041715,0.004909095,0.014861500000000001,0.496668,0.0,0.007307,0.2915675,0.00500509
0.59,-1.337202,1.826,6.569e-05,0.0006755999999999999,0.0002295889,0.149,0.05935,0.0064097749999999995,0.28425,0.041444999999999996,0.004859810000000001,0.014661000000000002,0.4917965,0.0,0.007235,0.287082,0.00495731
0.599,-1.328202,1.8095,6.343000000000001e-05,0.0006576,0.000230238,0.14875,0.05867,0.00630868,0.2812,0.041260000000000005,0.0048289349999999995,0.0145045,0.487407,0.0,0.007169,0.284084,0.004915060000000001
0.607,-1.320202,1.793,6.12e-05,0.0006397,0.0002308461,0.14845,0.05802,0.006209599999999999,0.27825,0.041075,0.004797585,0.014348999999999999,0.483193,0.0,0.0071070000000000005,0.281114,0.00487428
0.615,-1.312202,1.7775,5.9e-05,0.00062204,0.0002314256,0.1482,0.057395,0.006112495,0.2754,0.040889999999999996,0.00476675,0.014195000000000001,0.479074,0.0,0.007047,0.278174,0.004834704999999999
0.624,-1.3032020000000002,1.762,5.681e-05,0.0006045099999999999,0.0002321151,0.14795,0.05677,0.00601839,0.27265,0.04071,0.004735410000000001,0.014042,0.475075,0.0,0.0069885,0.275313,0.004796750000000001
0.632,-1.2952020000000002,1.747,5.465e-05,0.0005869200000000001,0.00023288579999999998,0.1477,0.05615,0.0059267799999999995,0.26995,0.040525000000000005,0.00470557,0.013891500000000001,0.4712385,0.0,0.006932000000000001,0.27252200000000004,0.0047610199999999995
0.64,-1.2872020000000002,1.732,5.251e-05,0.00056936,0.0002340585,0.14750000000000002,0.055525000000000005,0.005839665,0.26739999999999997,0.040325,0.004677225,0.0137375,0.46756849999999994,0.0,0.006876,0.269692,0.004724255000000001
0.649,-1.278202,1.7175,5.041e-05,0.00055141,0.00023569709999999997,0.1473,0.05488,0.00575453,0.26485000000000003,0.040105,0.004649875,0.0135795,0.46411100000000005,0.0,0.00682,0.26677799999999996,0.00468883
0.657,-1.270202,1.703,4.844e-05,0.00053388,0.00023724869999999998,0.14705000000000001,0.054235,0.00567142,0.26239999999999997,0.039895,0.00462062,0.013423500000000001,0.460765,0.0,0.006763,0.2639,0.004652170000000001
0.665,-1.262202,1.6885,4.66e-05,0.00051672,0.00023871920000000002,0.14679999999999999,0.053605,0.0055898,0.2599,0.03966,0.004591915,0.013268000000000002,0.45729049999999993,0.0,0.006705000000000001,0.261058,0.004615009999999999
0.674,-1.253202,1.674,4.484e-05,0.0004999100000000001,0.0002401012,0.14645,0.052965,0.005511185,0.25749999999999995,0.039405,0.0045607550000000005,0.013112000000000002,0.45389599999999997,0.0,0.0066465000000000005,0.25824100000000005,0.004577685
0.682,-1.245202,1.6595,4.316e-05,0.00048386999999999996,0.00024135899999999996,0.14605,0.052345,0.005434049999999999,0.2551,0.039139999999999994,0.004528135000000001,0.012958999999999998,0.45038300000000003,0.0,0.006587,0.255546,0.0045398700000000005
0.69,-1.2372020000000001,1.6455,4.153e-05,0.00046855000000000003,0.00024269095,0.14565,0.051745,0.00536092,0.25285,0.03887,0.00449553,0.012812,0.446844,0.0,0.0065249999999999996,0.2530335,0.0044977
0.698,-1.2292020000000001,1.6315,3.9949999999999995e-05,0.00045347,0.0002440962,0.14525,0.051125000000000004,0.0052902850000000005,0.25065000000000004,0.038595000000000004,0.004463425,0.012666,0.44338299999999997,0.0,0.006462,0.250655,0.0044563599999999995
0.707,-1.220202,1.6175,3.837e-05,0.00043847,0.00024558325,0.14479999999999998,0.050515000000000004,0.0052206299999999995,0.24845,0.038325,0.0044303,0.0125175,0.439886,0.0,0.006399,0.24826399999999998,0.004413675
0.715,-1.212202,1.6015,3.681e-05,0.00042319,0.0002468294,0.1442,0.04981,0.005146380000000001,0.24595,0.037970000000000004,0.00439045,0.012342999999999998,0.43616,0.0,0.006332,0.245245,0.00436835
0.723,-1.204202,1.582,3.521e-05,0.000407435,0.00024764329999999997,0.14315,0.048985,0.00506496,0.24295,0.0375,0.00433977,0.012126999999999999,0.4319325,0.0,0.006258,0.241203,0.004317359999999999
0.732,-1.195202,1.5665,3.379e-05,0.00039337,0.00024869940000000004,0.14245,0.048305,0.0049942400000000005,0.2405,0.03713,0.004303105000000001,0.0119625,0.4279470000000001,0.0,0.0061860000000000005,0.238675,0.004268289999999999
0.74,-1.187202,1.5515,3.244e-05,0.00037987000000000003,0.00024968040000000004,0.14179999999999998,0.047645,0.004926555,0.23815,0.03677,0.00426755,0.0118065,0.4238115,0.0,0.006113,0.23647,0.0042181200000000005
0.748,-1.179202,1.54,3.112e-05,0.000367645,0.0002522153,0.1414,0.04704,0.004877375000000001,0.2364,0.03644,0.00424452,0.01168,0.4202755,0.0,0.0060409999999999995,0.235408,0.00416978
0.757,-1.1702020000000002,1.533,2.985e-05,0.00035682000000000004,0.00025675480000000004,0.14135,0.0465,0.004851705,0.23545,0.03616,0.00423656,0.011586000000000003,0.41751499999999997,0.0,0.005972,0.23565999999999998,0.0041218999999999995
0.765,-1.1622020000000002,1.5285,2.862e-05,0.00034677,0.0002621187,0.1415,0.046015,0.004837070000000001,0.23485,0.035919999999999994,0.00423868,0.011511,0.415194,0.0,0.0059065,0.236593,0.004078690000000001
0.773,-1.1542020000000002,1.5265,2.7450000000000003e-05,0.000337455,0.0002683167,0.1419,0.04556,0.00483244,0.23465000000000003,0.035675,0.004247845,0.011453000000000001,0.413292,0.0,0.005842999999999999,0.23812900000000004,0.00403427
0.782,-1.145202,1.5255,2.631e-05,0.00032851,0.0002747885,0.14235,0.045125,0.004832345,0.23465,0.035455,0.00426109,0.011403,0.41167500000000007,0.0,0.005783,0.239957,0.0039924900000000004
0.79,-1.137202,1.5265,2.521e-05,0.00031992,0.00028179205,0.14300000000000002,0.04475,0.00484175,0.23495,0.035255,0.00428339,0.011363,0.410741,0.0,0.005731,0.242008,0.00395735
0.798,-1.129202,1.53,2.414e-05,0.00031165,0.0002894256,0.1439,0.044395000000000004,0.004861672000000001,0.2356,0.035085,0.00431324,0.0113305,0.41060699999999994,0.0,0.005684,0.24429099999999998,0.003928050000000001
0.806,-1.121202,1.5335,2.309e-05,0.00030356999999999997,0.00029717139999999996,0.14475,0.044055,0.0048826270000000005,0.23635,0.03491999999999999,0.00434564,0.011306,0.41046799999999994,0.0,0.005639,0.246793,0.00389881
0.815,-1.1122020000000001,1.538,2.208e-05,0.000295675,0.0003050392,0.1457,0.04374,0.004904088,0.23715,0.034775,0.004379605,0.011286000000000001,0.41035999999999995,0.0,0.005594,0.2495356,0.00386754
0.823,-1.1042020000000001,1.543,2.1090000000000003e-05,0.00028775000000000003,0.0003129872,0.1467,0.043445,0.004925057,0.238,0.034635,0.0044145750000000004,0.011271999999999999,0.41026999999999997,0.0,0.005553,0.2524341,0.0038375000000000006
0.831,-1.0962020000000001,1.4905,1.978e-05,0.00026420999999999997,0.0002964314,0.14315,0.042215,0.0046629359999999995,0.2294,0.03381,0.004271795,0.010858,0.398949,0.0,0.005429,0.24018445,0.0037502200000000003
0.84,-1.087202,1.475,1.87e-05,0.00025097,0.0002957171,0.14245,0.041585000000000004,0.004591827,0.227,0.033401,0.004241085,0.010689,0.395374,0.0,0.005367,0.2374531,0.00370547
0.848,-1.079202,1.461,1.7628e-05,0.00023785499999999998,0.00029487975,0.14184999999999998,0.04093000000000001,0.0045271930000000005,0.22485,0.0329865,0.004215335000000001,0.010508000000000002,0.39269600000000005,0.0,0.0053170000000000005,0.2342822,0.0036721699999999998
0.856,-1.071202,1.4475,1.6698999999999997e-05,0.00022599,0.0002940163,0.14125,0.04033,0.0044695915,0.22285,0.032598,0.004190185000000001,0.010338,0.390377,0.0,0.005269,0.2311693,0.0036406700000000004
0.865,-1.062202,1.438,1.5902e-05,0.00021585,0.00029481289999999996,0.14095,0.039799999999999995,0.004430526000000001,0.2215,0.0322525,0.0041776750000000005,0.0102055,0.38856799999999997,0.0,0.005223,0.2294002,0.0036117400000000004
0.873,-1.054202,1.426,1.5133000000000002e-05,0.00020555000000000004,0.0002945711,0.14040000000000002,0.039235000000000006,0.0043809495,0.21975,0.031864,0.004155664999999999,0.010057,0.38606669999999993,0.0,0.005171,0.2271089,0.0035773000000000003
0.881,-1.046202,1.411,1.4404000000000001e-05,0.00019547,0.00029281330000000005,0.13945,0.038650000000000004,0.004314864,0.21739999999999998,0.031457,0.0041201300000000005,0.0098975,0.3824208,0.0,0.005109,0.2243215,0.0035346100000000005
0.89,-1.0372020000000002,1.3905,1.3705000000000002e-05,0.00018570000000000001,0.0002890086,0.13805,0.03802,0.004220768999999999,0.2142,0.0310125,0.0040625999999999995,0.009726,0.37685299999999994,0.0,0.00503,0.2210377,0.0034756099999999996
0.898,-1.0292020000000002,1.369,1.3032e-05,0.00017598,0.000284685,0.1365,0.037360000000000004,0.0041256635,0.21084999999999998,0.030538000000000003,0.0040015599999999995,0.009541500000000001,0.37133829999999995,0.0,0.004952,0.2172944,0.00341902
0.906,-1.0212020000000002,1.349,1.2398e-05,0.00016665,0.0002804442,0.13515,0.036745,0.004036574,0.2077,0.0300915,0.00394556,0.009368,0.3662465,0.0,0.004877,0.2137521,0.00336757
0.914,-1.0132020000000002,1.334,1.1799e-05,0.00015811499999999999,0.0002775275,0.13419999999999999,0.03623,0.003963979499999999,0.2054,0.02973,0.0039055699999999997,0.009224999999999999,0.36244239999999994,0.0,0.004817,0.2112529,0.0033218600000000003
0.923,-1.004202,1.307,1.1197000000000001e-05,0.000149105,0.0002688493,0.13215,0.035595,0.003837378,0.2011,0.029281,0.00381908,0.009027,0.3555174,0.0,0.004734,0.2061755,0.0032617999999999996
0.931,-0.996202,1.269,1.0610999999999999e-05,0.00013991,0.0002553207,0.12895,0.034866,0.0036588305000000002,0.195,0.0287575,0.0036877399999999997,0.008794,0.34513180000000004,0.0,0.004623,0.1993588,0.0031785399999999997
0.939,-0.9882020000000001,1.225,1.0019e-05,0.00013081,0.00023963119999999998,0.12505,0.034063,0.0034547700000000002,0.18785000000000002,0.028189,0.00352887,0.008539,0.3326466,0.0,0.0044919999999999995,0.19170254999999997,0.0030819199999999993
0.948,-0.9792020000000001,1.1765,9.427e-06,0.0001219,0.0002223116,0.1207,0.033199,0.0032326965,0.17995,0.0275795,0.0033479749999999996,0.008269499999999999,0.31857,0.0,0.004347,0.1834076,0.0029712599999999994
0.956,-0.9712020000000001,1.1255,8.852e-06,0.00011339,0.00020443224000000001,0.11605,0.032309500000000005,0.0030066135,0.1718,0.026949,0.003159585,0.007990500000000001,0.3040399,0.0,0.004198,0.1747742,0.00285892
0.964,-0.9632020000000001,1.0755,8.301e-06,0.00010541000000000001,0.00018661353999999998,0.1114,0.0314285,0.0027870255,0.1637,0.026312500000000003,0.0029711900000000003,0.0077080000000000004,0.28979829999999995,0.0,0.004054,0.16598269999999998,0.0027509200000000004
0.973,-0.9542020000000001,1.025,7.773e-06,9.795000000000001e-05,0.00016888559,0.10665,0.0305265,0.002571435,0.1557,0.025673,0.002784295,0.007424999999999999,0.2758353,0.0,0.003913,0.15707300000000002,0.00264693
0.981,-0.9462020000000001,0.9755,7.268e-06,9.088999999999999e-05,0.00015112844999999998,0.10200000000000001,0.0296655,0.0023578515,0.14765,0.025048,0.0025974350000000004,0.007143,0.2619864,0.0,0.003777,0.1481631,0.00254508
0.989,-0.9382020000000001,0.926,6.785e-06,8.419e-05,0.00013333188,0.097305,0.028813,0.002145779,0.13974999999999999,0.024438500000000002,0.0024096050000000004,0.006865499999999999,0.2481661,0.0,0.0036420000000000003,0.1393329,0.0024449299999999997
0.998,-0.9292020000000001,0.8765,6.331e-06,7.8e-05,0.00011539617,0.092615,0.028003,0.0019339889999999999,0.1318,0.023857499999999997,0.002222355,0.0065959999999999986,0.23434000000000005,0.0,0.00351,0.13062259999999998,0.0023467600000000003
1.006,-0.9212020000000001,0.8205,5.854e-06,7.172999999999999e-05,9.596509000000001e-05,0.087105,0.0270235,0.0017072860000000001,0.12285,0.0231525,0.00201008,0.0062735,0.2191833,0.0,0.003369,0.120116,0.0022443899999999998
1.014,-0.9132020000000001,0.7725,5.416e-06,6.6202e-05,8.028647e-05,0.08242,0.026138500000000002,0.001521913,0.11524999999999999,0.0225085,0.001832723,0.005987999999999999,0.20651139999999998,0.0,0.003247,0.11119570000000001,0.0021563500000000005
1.022,-0.9052020000000001,0.7335,5.0190000000000006e-06,6.1413e-05,6.841037999999999e-05,0.078545,0.0253415,0.0013773190000000001,0.1091,0.021923500000000002,0.001689233,0.005742,0.1962166,0.0,0.003141,0.10388130000000001,0.0020822799999999997
1.031,-0.8962020000000002,0.701,4.6599999999999994e-06,5.7397999999999995e-05,5.9559135000000006e-05,0.075305,0.0246255,0.0012638045,0.10415,0.021395,0.001571022,0.005531999999999999,0.18758750000000002,0.0,0.0030470000000000002,0.0980308,0.0020163000000000004
1.039,-0.8882020000000002,0.6725,4.332e-06,5.384e-05,5.2390439999999995e-05,0.072465,0.023970500000000002,0.001167465,0.09974,0.02091,0.0014681620000000003,0.005346,0.17995565,0.0,0.002961,0.0931428,0.00195493
1.047,-0.8802020000000002,0.6475,4.032e-06,5.0669e-05,4.6674229999999996e-05,0.06997500000000001,0.023369,0.0010853974999999998,0.09595000000000001,0.0204615,0.0013786095,0.005179,0.17312260000000002,0.0,0.002879,0.0890366,0.00189689
1.056,-0.871202,0.6265,3.761e-06,4.7886e-05,4.240524e-05,0.06781999999999999,0.022817499999999998,0.0010174995,0.09271499999999999,0.0200475,0.0013023085,0.005035,0.1670831,0.0,0.002804,0.0857722,0.0018422100000000002
1.064,-0.863202,0.607,3.513e-06,4.5385e-05,3.9141339999999993e-05,0.06589,0.022295,0.0009590644999999999,0.08984500000000001,0.0196525,0.0012346405000000001,0.0049025,0.1615135,0.0,0.002732,0.0830697,0.0017892700000000004
1.072,-0.855202,0.588,3.287e-06,4.2935499999999996e-05,3.608079e-05,0.06396,0.021761499999999996,0.0009012215,0.086995,0.0192465,0.001166716,0.00477,0.15591770000000002,0.0,0.002656,0.0804898,0.00173404
1.081,-0.8462020000000001,0.5695,3.071e-06,4.0576e-05,3.3214549999999995e-05,0.062075,0.021231,0.0008457340000000001,0.084215,0.0188415,0.0011010055000000001,0.0046405,0.1504555,0.0,0.002581,0.0779508,0.0016797599999999998
1.089,-0.8382020000000001,0.5515,2.866e-06,3.8307e-05,3.05406e-05,0.060245,0.0207075,0.0007927,0.081525,0.018439,0.00103776,0.004512,0.1451722,0.0,0.002508,0.07551279999999999,0.0016267
1.097,-0.8302020000000001,0.534,2.67e-06,3.61295e-05,2.806112e-05,0.05846,0.020187499999999997,0.000742072,0.078925,0.018037499999999998,0.0009769314999999998,0.004387,0.14005789999999999,0.0,0.002434,0.0731358,0.001574575
1.106,-0.821202,0.517,2.484e-06,3.404e-05,2.5777935e-05,0.056725,0.019674999999999998,0.000693899,0.0764,0.0176395,0.0009184175,0.0042639999999999996,0.1351423,0.0,0.0023629999999999996,0.07085970000000001,0.0015236999999999998
1.114,-0.813202,0.5005,2.31e-06,3.2048e-05,2.369826e-05,0.055065,0.019172500000000002,0.000648483,0.07399,0.0172485,0.0008627215000000001,0.004143999999999999,0.13040580000000002,0.0,0.002293,0.06866440000000001,0.0014743300000000003
1.122,-0.805202,0.502,2.143e-06,3.0638e-05,2.2920450000000002e-05,0.05544,0.0192215,0.0006311730000000001,0.07431499999999999,0.0173465,0.000844365,0.0041745,0.12980629999999999,0.0,0.002267,0.0698502,0.00145479
1.13,-0.7972020000000002,0.4888,1.9959e-06,2.8874000000000002e-05,2.1426050000000005e-05,0.05409,0.0187665,0.0005949785000000001,0.072355,0.0169855,0.000799627,0.00407665,0.1257549,0.0,0.0021980000000000003,0.06831687,0.00140727
1.139,-0.7882020000000001,0.4743,1.8549e-06,2.7142000000000002e-05,1.9936889999999998e-05,0.052605,0.018271000000000003,0.0005583305,0.07023499999999999,0.0165865,0.0007539370000000001,0.00396695,0.1215399,0.0,0.002126,0.06654431,0.0013589
1.147,-0.7802020000000001,0.4606,1.7219e-06,2.5527e-05,1.856817e-05,0.05121,0.017799000000000002,0.0005246984999999999,0.06824,0.016204,0.0007115295,0.0038621500000000004,0.11761229999999998,0.0,0.002059,0.06483283000000001,0.00131407
1.155,-0.772202,0.4478,1.5973e-06,2.4039999999999997e-05,1.731897e-05,0.049905000000000005,0.017349,0.000494181,0.066385,0.0158365,0.000672756,0.0037613000000000004,0.11404684500000001,0.0,0.0019969000000000002,0.06316242999999999,0.00127276
1.164,-0.7632020000000002,0.436,1.4826999999999998e-06,2.2708999999999996e-05,1.6194400000000002e-05,0.048695,0.0169255,0.0004668825,0.06467,0.0154895,0.000637976,0.0036650500000000004,0.11082380000000001,0.0,0.0019406,0.06157326,0.00123567
1.172,-0.7552020000000002,0.4255,1.3871e-06,2.1692999999999997e-05,1.5181850000000001e-05,0.047615,0.016543500000000003,0.000444725,0.06315,0.015171,0.0006092834999999999,0.00357505,0.10817331999999999,0.0,0.0018938,0.05996602000000001,0.0012055400000000002
1.18,-0.7472020000000001,0.41545,1.2991e-06,2.0773e-05,1.423051e-05,0.046575000000000005,0.0161755,0.00042398299999999996,0.061689999999999995,0.0148645,0.0005822804999999999,0.0034872,0.10568491,0.0,0.0018505,0.058399309999999996,0.00117741
1.189,-0.738202,0.40565,1.2165000000000001e-06,1.9906e-05,1.3335245e-05,0.04555,0.015818,0.00040415599999999997,0.06026,0.0145645,0.0005564039999999999,0.0034003,0.10327874000000002,0.0,0.0018093,0.056852849999999996,0.00115067
1.197,-0.730202,0.39605,1.1396e-06,1.9094e-05,1.2495049999999998e-05,0.04455,0.015469,0.00038514,0.058865,0.014269,0.000531407,0.00331475,0.1009246,0.0,0.0017702,0.055326650000000005,0.0011249
1.205,-0.722202,0.38665,1.0682e-06,1.8336000000000002e-05,1.170892e-05,0.04357,0.01513,0.0003669875,0.057499999999999996,0.013982499999999998,0.0005074395,0.0032304,0.09866267999999999,0.0,0.0017333000000000001,0.053840700000000005,0.00110024
1.214,-0.7132020000000001,0.3756,1.0002e-06,1.7576e-05,1.0864419999999999e-05,0.042385,0.014737,0.00034692750000000003,0.055875,0.013646499999999999,0.0004807580000000001,0.0031308,0.09603196,0.0,0.0016933,0.051995,0.00107363
1.222,-0.7052020000000001,0.331,9.022e-07,1.59015e-05,8.09595e-06,0.037375,0.01327,0.0002801545,0.049165,0.012345,0.00039000700000000005,0.0027445,0.08582939,0.0,0.0015657,0.043869240000000004,0.0009895199999999998
1.23,-0.6972020000000001,0.32335,8.554e-07,1.5378e-05,7.80717e-06,0.036555000000000004,0.012964,0.000269154,0.048055,0.012075,0.0003749545,0.0026738499999999998,0.08393258,0.0,0.0015318000000000003,0.042764119999999996,0.00096705
1.238,-0.6892020000000001,0.31585,8.106e-07,1.4869e-05,7.53044e-06,0.035745,0.0126625,0.000258406,0.04696,0.011809,0.000360262,0.0026042000000000005,0.08204637,0.0,0.0014981,0.04169917000000001,0.00094487
1.247,-0.680202,0.3084,7.68e-07,1.4369999999999998e-05,7.26428e-06,0.03495,0.0123625,0.000247713,0.045875,0.011542,0.00034577649999999996,0.0025350499999999996,0.08021058999999998,0.0,0.0014647000000000002,0.04063841,0.00092289
1.255,-0.6722020000000002,0.301,7.278e-07,1.3886e-05,7.00718e-06,0.034155000000000005,0.012062999999999999,0.0002373235,0.044805,0.011277500000000001,0.00033154950000000006,0.0024663,0.07835919,0.0,0.0014315999999999999,0.03958981,0.0009009200000000001
1.263,-0.6642020000000002,0.29365,6.896e-07,1.3416000000000002e-05,6.761119999999999e-06,0.033365,0.011766,0.000227096,0.043734999999999996,0.011014,0.00031757949999999997,0.0023981999999999996,0.07652821,0.0,0.0013985,0.0385414,0.0008792299999999999
1.272,-0.6552020000000001,0.2864,6.537e-07,1.2957000000000001e-05,6.52511e-06,0.032589999999999994,0.01147,0.00021705150000000001,0.042685,0.010751,0.00030391699999999996,0.00233055,0.07472662000000001,0.0,0.0013655,0.03750917,0.0008574400000000001
1.28,-0.647202,0.2792,6.201e-07,1.2511e-05,6.30041e-06,0.031814999999999996,0.0111755,0.00020722649999999998,0.041639999999999996,0.0104875,0.0002904125,0.0022633999999999996,0.07293839999999999,0.0,0.0013326999999999998,0.03648713,0.0008358899999999999
1.288,-0.639202,0.27205,5.886e-07,1.2078e-05,6.08575e-06,0.031045,0.010883,0.0001975805,0.040605,0.0102265,0.0002772155,0.0021967999999999996,0.0711716,0.0,0.0013001,0.03547725,0.0008145099999999998
1.297,-0.6302020000000002,0.26495,5.594e-07,1.1657e-05,5.8822e-06,0.030285,0.0105905,0.0001881305,0.039580000000000004,0.009965499999999999,0.000264275,0.00213045,0.06941118,0.0,0.0012676,0.03447755,0.0007933199999999999
1.305,-0.6222020000000001,0.25795,5.323e-07,1.1249e-05,5.6886e-06,0.02953,0.0103,0.000178881,0.038565,0.009705499999999999,0.000251594,0.0020648500000000005,0.06767916999999998,0.0,0.0012353,0.03349005000000001,0.00077208
1.313,-0.6142020000000001,0.25125,5.084e-07,1.0864499999999999e-05,5.50266e-06,0.02881,0.0100215,0.000170378,0.037595,0.0094535,0.00023988849999999999,0.0020034999999999996,0.06598568,0.0,0.001203,0.03257671,0.0007512599999999999
1.322,-0.605202,0.24485,4.864e-07,1.0499e-05,5.3304e-06,0.02811,0.009753999999999999,0.0001625425,0.03666,0.009212,0.00022915799999999998,0.0019461000000000005,0.06433646999999999,0.0,0.0011714,0.0317275,0.0007308799999999999
1.33,-0.597202,0.2386,4.656e-07,1.0148e-05,5.17484e-06,0.027424999999999998,0.009495,0.00015508849999999998,0.035750000000000004,0.0089765,0.000218913,0.00188995,0.06273334,0.0,0.0011409,0.030904409999999997,0.00071105
1.338,-0.589202,0.2325,4.456e-07,9.808e-06,5.03586e-06,0.026765,0.009243000000000001,0.00014801050000000002,0.034855,0.008747499999999998,0.0002091265,0.0018354500000000002,0.06116726000000001,0.0,0.0011114,0.030105430000000002,0.00069194
1.346,-0.581202,0.22655,4.27e-07,9.482e-06,4.91354e-06,0.026115,0.0089975,0.00014129880000000002,0.033990000000000006,0.0085235,0.00019987099999999996,0.0017824999999999998,0.05963926,0.0,0.0010828,0.02933256,0.0006734
1.355,-0.5722020000000001,0.2208,4.092e-07,9.169999999999999e-06,4.80781e-06,0.025474999999999998,0.008758499999999999,0.00013497839999999998,0.033145,0.008306000000000001,0.0001910985,0.0017310000000000001,0.058140330000000004,0.0,0.0010553,0.02858782,0.0006554600000000001
1.363,-0.5642020000000001,0.21515,3.924e-07,8.866e-06,4.71169e-06,0.024855000000000002,0.008525500000000002,0.000128891,0.032325,0.0080935,0.00018261900000000002,0.0016806,0.05668197,0.0,0.0010285,0.027857180000000002,0.0006378499999999999
1.371,-0.5562020000000001,0.2096,3.76e-07,8.570000000000001e-06,4.6197e-06,0.024245000000000003,0.0082955,0.00012294189999999998,0.031505000000000005,0.007883,0.0001743425,0.0016310000000000003,0.05523779,0.0,0.0010019999999999999,0.02714066,0.00062063
1.38,-0.5472020000000002,0.2041,3.606e-07,8.278000000000001e-06,4.531425e-06,0.02364,0.0080685,0.00011713424999999998,0.030705000000000003,0.0076749999999999995,0.000166267,0.0015818,0.05380583,0.0,0.0009759,0.02643222,0.00060358
1.388,-0.5392020000000002,0.19875,3.46e-07,7.992e-06,4.446720000000001e-06,0.023045000000000003,0.0078435,0.00011147880000000001,0.02992,0.0074684999999999994,0.0001583995,0.0015331,0.05243405,0.0,0.0009501,0.02573586,0.0005866999999999999
1.396,-0.5312020000000002,0.19345,3.324e-07,7.709999999999999e-06,4.36558e-06,0.022465,0.00762,0.00010597539999999999,0.029144999999999997,0.0072635,0.000150711,0.0014847,0.051064460000000006,0.0,0.0009247000000000001,0.02505358,0.0005700999999999999
1.405,-0.522202,0.18825,3.198e-07,7.434e-06,4.288200000000001e-06,0.021894999999999998,0.007399,0.00010061895000000002,0.02839,0.0070615,0.000143237,0.0014370499999999998,0.049735064999999995,0.0,0.0008997,0.0243794,0.0005537999999999999
1.413,-0.514202,0.18315,3.082e-07,7.164e-06,4.21428e-06,0.021335,0.007181,9.540955e-05,0.027645000000000003,0.006860499999999999,0.000135952,0.0013897,0.04842986999999999,0.0,0.0008751,0.02371932,0.00053769
1.421,-0.506202,0.1781,2.976e-07,6.897999999999999e-06,4.144100000000001e-06,0.020784999999999998,0.0069645,9.03521e-05,0.026915,0.0066605,0.000128866,0.0013429,0.04716085999999999,0.0,0.0008507,0.0230713,0.00052177
1.43,-0.49720200000000014,0.1732,2.88e-07,6.638e-06,4.0776600000000005e-06,0.020245,0.0067495,8.544664999999999e-05,0.026205,0.0064635000000000005,0.00012197799999999999,0.0012965,0.04591005999999999,0.0,0.0008266,0.02243138,0.00050616
1.438,-0.48920200000000014,0.16835,2.794e-07,6.38065e-06,4.01469e-06,0.01972,0.0065375,8.068335e-05,0.025505,0.006268,0.000115291,0.0012506,0.04469546,0.0,0.0008029000000000001,0.02180556,0.000490694
1.446,-0.48120200000000013,0.1636,2.718e-07,6.1305e-06,3.95552e-06,0.019205,0.0063289999999999996,7.607189999999999e-05,0.024814999999999997,0.006074,0.00010880150000000001,0.0012052,0.04349704,0.0,0.0007796,0.021191800000000004,0.00047552200000000003
1.454,-0.4732020000000001,0.1592,2.656e-07,5.8924e-06,3.9075400000000005e-06,0.018725,0.006129,7.168855e-05,0.024184999999999998,0.005889,0.00010261879999999999,0.0011621,0.04239485,0.0,0.0007572,0.02062816,0.000460968
1.463,-0.464202,0.1552,2.61e-07,5.6655e-06,3.873690000000001e-06,0.0183,0.005941500000000001,6.75482e-05,0.02362,0.005717,9.67818e-05,0.0011219999999999997,0.04139888,0.0,0.000736,0.0201326,0.000447194
1.471,-0.456202,0.15165,2.58e-07,5.4532e-06,3.8543099999999995e-06,0.017925,0.0057680000000000006,6.366124999999999e-05,0.02312,0.0055575,9.12912e-05,0.001085,0.040525162,0.0,0.000716,0.019707132,0.00043424399999999997
1.479,-0.448202,0.14855,2.566e-07,5.2544e-06,3.84902e-06,0.017605000000000003,0.0056075,6.000735e-05,0.02269,0.005411,8.61422e-05,0.001051,0.039742654,0.0,0.0006971000000000001,0.019347765500000003,0.00042213
1.488,-0.4392020000000001,0.1458,2.568e-07,5.0694e-06,3.856690000000001e-06,0.017335000000000003,0.005459499999999999,5.65871e-05,0.02232,0.005275,8.130440000000001e-05,0.00102,0.039070399000000006,0.0,0.0006795,0.019052483500000002,0.00041075400000000005
1.496,-0.4312020000000001,0.14345,2.584e-07,4.8982e-06,3.877e-06,0.01711,0.005326,5.3355350000000004e-05,0.022015,0.0051530000000000005,7.6754e-05,0.0009923,0.03849535799999999,0.0,0.0006628999999999999,0.018823282,0.000400212
1.504,-0.4232020000000001,0.14155,2.612e-07,4.7412e-06,3.90985e-06,0.01693,0.005203,5.034225e-05,0.021765,0.005043,7.25105e-05,0.0009674000000000001,0.038022561999999996,0.0,0.0006476,0.018654162,0.000390294
1.513,-0.4142020000000002,0.14,2.656e-07,4.5978e-06,3.95533e-06,0.0168,0.005095000000000001,4.753275e-05,0.02158,0.004945,6.8549e-05,0.0009457000000000001,0.037642999,0.0,0.0006334,0.018549124,0.000381122
1.521,-0.4062020000000002,0.1373,2.696e-07,4.424e-06,3.945939999999999e-06,0.016535,0.0049435,4.4704849999999996e-05,0.021225,0.004804,6.455285e-05,0.0009168000000000002,0.036974635000000006,0.0,0.0006136,0.018296148499999998,0.00036884
1.529,-0.39820200000000017,0.1334,2.724e-07,4.2211999999999995e-06,3.881829999999999e-06,0.01611,0.00475,4.181995e-05,0.02067,0.0046205,6.045465e-05,0.0008789,0.035983067,0.0,0.0005899,0.017847222,0.00035414400000000003
1.538,-0.38920200000000005,0.1296,2.748e-07,4.03135e-06,3.825980000000001e-06,0.0157,0.004566,3.9075499999999995e-05,0.020124999999999997,0.0044469999999999996,5.653624999999999e-05,0.000841,0.035032824000000004,0.0,0.000569,0.017390356,0.00034077799999999997
1.546,-0.38120200000000004,0.1259,2.77e-07,3.85435e-06,3.77869e-06,0.015295,0.0043915,3.6471500000000005e-05,0.019595,0.004282,5.280775e-05,0.0008031999999999999,0.034120406500000006,0.0,0.0005509,0.01691955,0.00032885
1.554,-0.37320200000000003,0.1223,2.788e-07,3.69035e-06,3.73978e-06,0.014895,0.004228,3.400275e-05,0.01907,0.0041270000000000005,4.925905e-05,0.0007653,0.033245316,0.0,0.0005358,0.016440804,0.00031837200000000003
1.562,-0.365202,0.11835,2.798e-07,3.523e-06,3.68376e-06,0.01445,0.004057,3.1601500000000006e-05,0.018494999999999998,0.00396275,4.579555e-05,0.0007258,0.032276413000000004,0.0,0.0005198,0.015900106,0.000307428
1.571,-0.35620200000000013,0.1137,2.794e-07,3.34e-06,3.59118e-06,0.01392,0.0038615,2.9205699999999997e-05,0.0178,0.00377705,4.233325e-05,0.0006831000000000001,0.031116611000000002,0.0,0.0005005000000000001,0.01526545,0.00029467199999999995
1.579,-0.3482020000000001,0.10835,2.774e-07,3.1412e-06,3.462107e-06,0.0133,0.00364575,2.6810199999999996e-05,0.017,0.00356705,3.887764999999999e-05,0.0006372999999999999,0.029765908,0.0,0.0004778,0.014534834,0.000280124
1.587,-0.3402020000000001,0.1023,2.738e-07,2.927e-06,3.296381e-06,0.01259,0.0034056499999999996,2.4427599999999996e-05,0.01609,0.0033357499999999997,3.541865e-05,0.0005886000000000001,0.028224307,0.0,0.0004517,0.013710258,0.00026375
1.596,-0.331202,0.0956,2.688e-07,2.6972999999999996e-06,3.094256e-06,0.0118,0.00314335,2.205035e-05,0.015065,0.0030800999999999997,3.197105e-05,0.0005366,0.026491804999999997,0.0,0.0004222,0.012787722,0.00024558800000000003
1.604,-0.323202,0.08815,2.624e-07,2.4518999999999998e-06,2.8553925e-06,0.010915,0.0028588,1.9684499999999998e-05,0.013935,0.00280415,2.852505e-05,0.00048160000000000005,0.024569402,0.0,0.0003892,0.011771228,0.000225605
1.612,-0.315202,0.08005,2.544e-07,2.1911499999999998e-06,2.5801705e-06,0.009946,0.0025524500000000004,1.73189e-05,0.01269,0.0025030499999999997,2.50805e-05,0.0004236000000000001,0.0224511,0.0,0.0003528,0.010658774000000001,0.000203815
1.621,-0.3062020000000001,0.0712,2.45e-07,1.9146000000000003e-06,2.268209e-06,0.0088895,0.00222315,1.49604e-05,0.01134,0.00218005,2.16415e-05,0.00036221,0.020142899,0.0,0.0003131,0.00945036,0.00018020500000000001
1.629,-0.2982020000000001,0.06405,2.356e-07,1.6928000000000001e-06,2.0085670000000003e-06,0.008022999999999999,0.0019577500000000003,1.31719e-05,0.01023,0.0019195500000000001,1.90342e-05,0.0003142,0.018243112,0.0,0.0002802,0.0084740155,0.00016078799999999998
1.637,-0.29020200000000007,0.06075,2.288e-07,1.5916000000000001e-06,1.8958790000000002e-06,0.007623,0.00183975,1.2392819999999999e-05,0.0097165,0.00180395,1.7901200000000004e-05,0.00029416,0.017339447000000004,0.0,0.0002642,0.008047738,0.00015152599999999997
1.646,-0.2812020000000002,0.0575,2.216e-07,1.494e-06,1.786271e-06,0.007233,0.0017255999999999999,1.163858e-05,0.009217,0.0016921999999999998,1.68118e-05,0.00027482,0.016455334,0.0,0.0002488,0.0076334720000000005,0.000142561
1.654,-0.27320200000000017,0.0544,2.144e-07,1.3994e-06,1.6802270000000001e-06,0.0068509999999999995,0.0016155499999999999,1.09092e-05,0.008729,0.0015842999999999999,1.575585e-05,0.0002562,0.0155917697,0.0,0.000234,0.007227216,0.000133866
1.662,-0.26520200000000016,0.05135,2.072e-07,1.308e-06,1.5772655e-06,0.0064785,0.0015092500000000002,1.0204675e-05,0.0082525,0.00148025,1.4735e-05,0.0002383,0.014749757799999999,0.0,0.0002195,0.006830971999999999,0.000125468
1.67,-0.25720200000000015,0.048365,1.9968500000000003e-07,1.2201e-06,1.4779459999999999e-06,0.006115,0.00140685,9.525580000000001e-06,0.007788,0.0013800499999999999,1.37516e-05,0.00022113,0.013927798100000001,0.0,0.0002056,0.006444740000000001,0.00011734
1.679,-0.24820200000000003,0.045475,1.921e-07,1.1356e-06,1.381729e-06,0.0057605,0.0013084,8.872345e-06,0.0073349999999999995,0.0012835,1.280485e-05,0.00020465999999999995,0.0131248899,0.0,0.00019205,0.0060685165,0.00010950200000000001
1.687,-0.24020200000000003,0.042665,1.8436e-07,1.0544e-06,1.2889449999999998e-06,0.005415,0.0012138499999999998,8.242505e-06,0.006894,0.0011909,1.189464e-05,0.00018893000000000002,0.0123420339,0.0,0.00017903,0.005702306000000001,0.00010197
1.695,-0.23220200000000002,0.039935,1.765e-07,9.762e-07,1.1992930000000001e-06,0.0050785,0.0011232500000000001,7.639055e-06,0.006464,0.0011021,1.1020509999999998e-05,0.00017391,0.011579227400000001,0.0,0.00016648,0.0053461045000000006,9.469900000000001e-05
1.704,-0.22320200000000012,0.03729,1.685e-07,9.0144e-07,1.113293e-06,0.0047515000000000005,0.00103655,7.060485e-06,0.006046,0.0010171,1.0183400000000001e-05,0.00015961000000000003,0.010838472099999998,0.0,0.00015441,0.004997915249999999,8.7718e-05
1.712,-0.21520200000000012,0.03472,1.6038e-07,8.3007e-07,1.0303460000000001e-06,0.0044335,0.0009537500000000001,6.506304999999999e-06,0.00564,0.00093595,9.38232e-06,0.00014603999999999998,0.010115768199999998,0.0,0.00014281,0.0046617365,8.102499999999998e-05
1.72,-0.2072020000000001,0.032235,1.5211e-07,7.621000000000001e-07,9.506265e-07,0.0041235,0.0008748,5.978005e-06,0.0052455,0.0008586,8.61837e-06,0.00013318000000000002,0.0094151157,0.0,0.00013169,0.0043335687,7.4612e-05
1.729,-0.198202,0.02983,1.43715e-07,6.9712e-07,8.74252e-07,0.0038235,0.0007997,5.474085e-06,0.0048625000000000005,0.00078505,7.88943e-06,0.00012103999999999999,0.00873051385,0.0,0.00012105,0.0040174118,6.8494e-05
1.737,-0.19020199999999998,0.027505,1.3518e-07,6.357600000000001e-07,8.013224999999999e-07,0.0035325,0.0007286,4.996049999999999e-06,0.004491500000000001,0.0007153000000000001,7.199045e-06,0.00010962000000000001,0.0080699639,0.0,0.00011087,0.0037094658499999995,6.264500000000001e-05
1.745,-0.18220199999999998,0.025265,1.265e-07,5.7758e-07,7.31633e-07,0.0032505,0.0006614,4.542405e-06,0.004132,0.0006493,6.543729999999999e-06,9.892000000000001e-05,0.00742786525,0.0,0.00010117000000000001,0.00341173075,5.7093600000000005e-05
1.754,-0.17320200000000008,0.0231,1.177e-07,5.226e-07,6.655865000000001e-07,0.0029775,0.00059805,4.114645e-06,0.0037845,0.0005873,5.925455e-06,8.895000000000002e-05,0.006806017800000001,0.0,9.195e-05,0.0031240065999999997,5.182880000000001e-05
1.762,-0.16520200000000007,0.02102,1.0878e-07,4.7112e-07,6.02532e-07,0.0027134999999999998,0.0005387,3.71076e-06,0.0034485,0.000529,5.343745e-06,7.969e-05,0.00620362165,0.0,8.32e-05,0.0028458934000000005,4.684339999999999e-05
1.77,-0.15720200000000006,0.01902,9.97e-08,4.22835e-07,5.428695e-07,0.0024584999999999997,0.0004832,3.3332700000000004e-06,0.0031235,0.0004745,4.798085e-06,7.113999999999999e-05,0.0056230769,0.0,7.492999999999999e-05,0.0025775909999999997,4.214400000000001e-05
1.778,-0.14920200000000006,0.0171,9.05e-08,3.7785999999999997e-07,4.86545e-07,0.0022125,0.00043158499999999995,2.9796550000000003e-06,0.002811,0.00042395000000000003,4.288975000000001e-06,6.332000000000001e-05,0.0050613833000000006,0.0,6.712999999999999e-05,0.0023192996,3.7732600000000005e-05
1.787,-0.14020200000000016,0.015265,8.116e-08,3.3616500000000005e-07,4.3352699999999996e-07,0.0019755,0.000383855,2.6522200000000003e-06,0.00251,0.000377085,3.81692e-06,5.622e-05,0.004518941049999999,0.0,5.98e-05,0.0020706191499999995,3.35883e-05
1.795,-0.13220200000000015,0.01351,7.186e-08,2.9755999999999997e-07,3.8375800000000004e-07,0.001749,0.000339865,2.3471000000000004e-06,0.002222,0.000333655,3.3781899999999994e-06,4.976e-05,0.0040013398500000005,0.0,5.294e-05,0.0018333478,2.97381e-05
1.803,-0.12420200000000015,0.011865,6.312e-08,2.6132e-07,3.37038e-07,0.001536,0.000298435,2.0615599999999996e-06,0.0019515000000000001,0.00029307499999999995,2.9671099999999998e-06,4.371000000000001e-05,0.0035141524,0.0,4.649e-05,0.0016100812,2.61169e-05
1.812,-0.11520200000000003,0.01033,5.494e-08,2.2743999999999998e-07,2.93346e-07,0.001337,0.000259735,1.7946690000000001e-06,0.0016985,0.00025511,2.5822e-06,3.8038e-05,0.0030586772,0.0,4.046e-05,0.0014014188,2.2731300000000004e-05
1.82,-0.10720200000000002,0.008895,4.732e-08,1.9592e-07,2.5267645e-07,0.0011515,0.00022374500000000002,1.5455529999999998e-06,0.001463,0.00021974,2.22451e-06,3.2764e-05,0.00263481382,0.0,3.486e-05,0.0012069607000000002,1.95803e-05
1.828,-0.09920200000000001,0.00757,4.028e-08,1.66735e-07,2.150427e-07,0.00098015,0.00019041,1.3154000000000001e-06,0.001245,0.000187025,1.8931499999999998e-06,2.7886e-05,0.00224246294,0.0,2.966e-05,0.0010273069999999999,1.66639e-05
1.837,-0.09020200000000012,0.006355,3.38e-08,1.3992e-07,1.804519e-07,0.0008224,0.000159785,1.1038105e-06,0.001045,0.000156935,1.5885989999999999e-06,2.34e-05,0.00188152392,0.0,2.489e-05,0.0008620576,1.3984e-05
1.845,-0.08220200000000011,0.00524,2.788e-08,1.1544000000000001e-07,1.4890209999999998e-07,0.0006785999999999999,0.000131835,9.107265e-07,0.0008620500000000001,0.00012948499999999998,1.310727e-06,1.9306500000000002e-05,0.0015523973699999999,0.0,2.054e-05,0.0007112125999999999,1.15373e-05
1.853,-0.0742020000000001,0.0042375,2.254e-08,9.332e-08,1.2036829999999999e-07,0.0005485500000000001,0.00010657,7.361105e-07,0.0006969000000000001,0.00010467000000000001,1.059529e-06,1.5606e-05,0.00125508292,0.0,1.6601e-05,0.00057497181,9.326299999999999e-06
1.862,-0.06520199999999998,0.00334,1.7764e-08,7.3551e-08,9.484749999999999e-08,0.00043234999999999997,8.3985e-05,5.802075000000001e-07,0.0005491999999999999,8.249e-05,8.350994999999999e-07,1.23e-05,0.00098918061,0.0,1.3085000000000001e-05,0.00045313541,7.3507e-06
1.87,-0.057201999999999975,0.0025485,1.3556e-08,5.6136e-08,7.23744e-08,0.00032994999999999997,6.408999999999999e-05,4.4271699999999995e-07,0.00041914999999999997,6.296e-05,6.372415e-07,9.387e-06,0.0007547104599999999,0.0,9.985e-06,0.00034580333999999994,5.60868e-06
1.878,-0.04920200000000019,0.0018645,9.916e-09,4.1057999999999996e-08,5.2949499999999994e-08,0.00024135,4.688e-05,3.238895e-07,0.00030655000000000005,4.605e-05,4.661575e-07,6.866e-06,0.0005521724600000001,0.0,7.304e-06,0.00025295559,4.1039199999999995e-06
1.886,-0.04120200000000018,0.001287,6.844e-09,2.8338e-08,3.65474e-08,0.0001666,3.23535e-05,2.23541e-07,0.0002116,3.17905e-05,3.217435e-07,4.739e-06,0.00038106664000000004,0.0,5.041e-06,0.00017459217999999998,2.8321100000000002e-06
1.895,-0.032202000000000064,0.000816,4.34e-09,1.7972e-08,2.317568e-08,0.0001056,2.0522e-05,1.417649e-07,0.0001342,2.0155e-05,2.040425e-07,3.0052e-06,0.0002416529975,0.0,3.197e-06,0.00011069308,1.7959399999999999e-06
1.903,-0.024202000000000057,0.00045195,2.404e-09,9.9546e-09,1.283584e-08,5.8504999999999996e-05,1.1367e-05,7.851705e-08,7.433e-05,1.1164e-05,1.1301219999999999e-07,1.6645e-06,0.000133851511,0.0,1.7706999999999998e-06,6.1318325e-05,9.947200000000001e-07
1.911,-0.01620200000000005,0.0001947,1.0356e-09,4.2878e-09,5.529720000000001e-09,2.5205e-05,4.896e-06,3.38221e-08,3.2015e-05,4.809e-06,4.8678849999999994e-08,7.170000000000001e-07,5.7666187000000005e-05,0.0,7.628e-07,2.6415894000000003e-05,4.28536e-07
1.92,-0.007202000000000153,4.4185e-05,2.35e-10,9.729400000000002e-10,1.2549554999999998e-09,5.7195e-06,1.1112500000000002e-06,7.676255e-09,7.2659999999999996e-06,1.0913500000000001e-06,1.104729e-08,1.6273e-07,1.3085034600000002e-05,0.0,1.7311e-07,5.9957914999999995e-06,9.724999999999999e-08
1.928,0.0007979999999998544,0.0,0.0,0.0,0.0,0.0,0.0,0.0,0.0,0.0,0.0,0.0,0.0,0.0,0.0,0.0,0.0
1.936,0.008797999999999861,0.0,0.0,0.0,0.0,0.0,0.0,0.0,0.0,0.0,0.0,0.0,0.0,0.0,0.0,0.0,0.0
1.945,0.01779799999999998,0.0,0.0,0.0,0.0,0.0,0.0,0.0,0.0,0.0,0.0,0.0,0.0,0.0,0.0,0.0,0.0
1.953,0.025797999999999988,0.0,0.0,0.0,0.0,0.0,0.0,0.0,0.0,0.0,0.0,0.0,0.0,0.0,0.0,0.0,0.0
1.961,0.033797999999999995,0.0,0.0,0.0,0.0,0.0,0.0,0.0,0.0,0.0,0.0,0.0,0.0,0.0,0.0,0.0,0.0
1.97,0.04279799999999989,0.0,0.0,0.0,0.0,0.0,0.0,0.0,0.0,0.0,0.0,0.0,0.0,0.0,0.0,0.0,0.0
1.978,0.0507979999999999,0.0,0.0,0.0,0.0,0.0,0.0,0.0,0.0,0.0,0.0,0.0,0.0,0.0,0.0,0.0,0.0
1.986,0.058797999999999906,0.0,0.0,0.0,0.0,0.0,0.0,0.0,0.0,0.0,0.0,0.0,0.0,0.0,0.0,0.0,0.0
1.994,0.06679799999999991,0.0,0.0,0.0,0.0,0.0,0.0,0.0,0.0,0.0,0.0,0.0,0.0,0.0,0.0,0.0,0.0
2.003,0.07579800000000003,0.0,0.0,0.0,0.0,0.0,0.0,0.0,0.0,0.0,0.0,0.0,0.0,0.0,0.0,0.0,0.0
2.011,0.08379800000000004,0.0,0.0,0.0,0.0,0.0,0.0,0.0,0.0,0.0,0.0,0.0,0.0,0.0,0.0,0.0,0.0
2.019,0.09179800000000005,0.0,0.0,0.0,0.0,0.0,0.0,0.0,0.0,0.0,0.0,0.0,0.0,0.0,0.0,0.0,0.0
2.028,0.10079799999999994,0.0,0.0,0.0,0.0,0.0,0.0,0.0,0.0,0.0,0.0,0.0,0.0,0.0,0.0,0.0,0.0
2.036,0.10879799999999995,0.0,0.0,0.0,0.0,0.0,0.0,0.0,0.0,0.0,0.0,0.0,0.0,0.0,0.0,0.0,0.0
2.044,0.11679799999999996,0.0,0.0,0.0,0.0,0.0,0.0,0.0,0.0,0.0,0.0,0.0,0.0,0.0,0.0,0.0,0.0
2.053,0.12579799999999985,0.0,0.0,0.0,0.0,0.0,0.0,0.0,0.0,0.0,0.0,0.0,0.0,0.0,0.0,0.0,0.0
2.061,0.13379799999999986,0.0,0.0,0.0,0.0,0.0,0.0,0.0,0.0,0.0,0.0,0.0,0.0,0.0,0.0,0.0,0.0
2.069,0.14179799999999987,0.0,0.0,0.0,0.0,0.0,0.0,0.0,0.0,0.0,0.0,0.0,0.0,0.0,0.0,0.0,0.0
2.078,0.15079799999999977,0.0,0.0,0.0,0.0,0.0,0.0,0.0,0.0,0.0,0.0,0.0,0.0,0.0,0.0,0.0,0.0
2.086,0.15879799999999977,0.0,0.0,0.0,0.0,0.0,0.0,0.0,0.0,0.0,0.0,0.0,0.0,0.0,0.0,0.0,0.0
2.094,0.16679799999999978,0.0,0.0,0.0,0.0,0.0,0.0,0.0,0.0,0.0,0.0,0.0,0.0,0.0,0.0,0.0,0.0
2.102,0.1747979999999998,0.0,0.0,0.0,0.0,0.0,0.0,0.0,0.0,0.0,0.0,0.0,0.0,0.0,0.0,0.0,0.0
2.111,0.18379800000000013,0.0,0.0,0.0,0.0,0.0,0.0,0.0,0.0,0.0,0.0,0.0,0.0,0.0,0.0,0.0,0.0
2.119,0.19179800000000014,0.0,0.0,0.0,0.0,0.0,0.0,0.0,0.0,0.0,0.0,0.0,0.0,0.0,0.0,0.0,0.0
2.127,0.1997979999999997,0.0,0.0,0.0,0.0,0.0,0.0,0.0,0.0,0.0,0.0,0.0,0.0,0.0,0.0,0.0,0.0
2.136,0.20879800000000004,0.0,0.0,0.0,0.0,0.0,0.0,0.0,0.0,0.0,0.0,0.0,0.0,0.0,0.0,0.0,0.0
2.144,0.21679800000000005,0.0,0.0,0.0,0.0,0.0,0.0,0.0,0.0,0.0,0.0,0.0,0.0,0.0,0.0,0.0,0.0
2.152,0.22479800000000005,0.0,0.0,0.0,0.0,0.0,0.0,0.0,0.0,0.0,0.0,0.0,0.0,0.0,0.0,0.0,0.0
2.161,0.23379799999999995,0.0,0.0,0.0,0.0,0.0,0.0,0.0,0.0,0.0,0.0,0.0,0.0,0.0,0.0,0.0,0.0
2.169,0.24179799999999996,0.0,0.0,0.0,0.0,0.0,0.0,0.0,0.0,0.0,0.0,0.0,0.0,0.0,0.0,0.0,0.0
2.177,0.24979799999999996,0.0,0.0,0.0,0.0,0.0,0.0,0.0,0.0,0.0,0.0,0.0,0.0,0.0,0.0,0.0,0.0
2.185,0.25779799999999997,0.0,0.0,0.0,0.0,0.0,0.0,0.0,0.0,0.0,0.0,0.0,0.0,0.0,0.0,0.0,0.0
2.194,0.26679799999999987,0.0,0.0,0.0,0.0,0.0,0.0,0.0,0.0,0.0,0.0,0.0,0.0,0.0,0.0,0.0,0.0
2.202,0.2747979999999999,0.0,0.0,0.0,0.0,0.0,0.0,0.0,0.0,0.0,0.0,0.0,0.0,0.0,0.0,0.0,0.0
2.21,0.2827979999999999,0.0,0.0,0.0,0.0,0.0,0.0,0.0,0.0,0.0,0.0,0.0,0.0,0.0,0.0,0.0,0.0
2.219,0.2917979999999998,0.0,0.0,0.0,0.0,0.0,0.0,0.0,0.0,0.0,0.0,0.0,0.0,0.0,0.0,0.0,0.0
2.227,0.2997979999999998,0.0,0.0,0.0,0.0,0.0,0.0,0.0,0.0,0.0,0.0,0.0,0.0,0.0,0.0,0.0,0.0
2.235,0.3077979999999998,0.0,0.0,0.0,0.0,0.0,0.0,0.0,0.0,0.0,0.0,0.0,0.0,0.0,0.0,0.0,0.0
2.244,0.31679800000000014,0.0,0.0,0.0,0.0,0.0,0.0,0.0,0.0,0.0,0.0,0.0,0.0,0.0,0.0,0.0,0.0
2.252,0.3247979999999997,0.0,0.0,0.0,0.0,0.0,0.0,0.0,0.0,0.0,0.0,0.0,0.0,0.0,0.0,0.0,0.0
2.26,0.3327979999999997,0.0,0.0,0.0,0.0,0.0,0.0,0.0,0.0,0.0,0.0,0.0,0.0,0.0,0.0,0.0,0.0
2.269,0.34179800000000005,0.0,0.0,0.0,0.0,0.0,0.0,0.0,0.0,0.0,0.0,0.0,0.0,0.0,0.0,0.0,0.0
2.277,0.34979800000000005,0.0,0.0,0.0,0.0,0.0,0.0,0.0,0.0,0.0,0.0,0.0,0.0,0.0,0.0,0.0,0.0
2.285,0.35779800000000006,0.0,0.0,0.0,0.0,0.0,0.0,0.0,0.0,0.0,0.0,0.0,0.0,0.0,0.0,0.0,0.0
2.293,0.36579800000000007,0.0,0.0,0.0,0.0,0.0,0.0,0.0,0.0,0.0,0.0,0.0,0.0,0.0,0.0,0.0,0.0
2.302,0.37479799999999996,0.0,0.0,0.0,0.0,0.0,0.0,0.0,0.0,0.0,0.0,0.0,0.0,0.0,0.0,0.0,0.0
2.31,0.38279799999999997,0.0,0.0,0.0,0.0,0.0,0.0,0.0,0.0,0.0,0.0,0.0,0.0,0.0,0.0,0.0,0.0
2.318,0.390798,0.0,0.0,0.0,0.0,0.0,0.0,0.0,0.0,0.0,0.0,0.0,0.0,0.0,0.0,0.0,0.0
2.327,0.3997979999999999,0.0,0.0,0.0,0.0,0.0,0.0,0.0,0.0,0.0,0.0,0.0,0.0,0.0,0.0,0.0,0.0
2.335,0.4077979999999999,0.0,0.0,0.0,0.0,0.0,0.0,0.0,0.0,0.0,0.0,0.0,0.0,0.0,0.0,0.0,0.0
2.343,0.4157979999999999,0.0,0.0,0.0,0.0,0.0,0.0,0.0,0.0,0.0,0.0,0.0,0.0,0.0,0.0,0.0,0.0
2.352,0.4247979999999998,0.0,0.0,0.0,0.0,0.0,0.0,0.0,0.0,0.0,0.0,0.0,0.0,0.0,0.0,0.0,0.0
2.36,0.4327979999999998,0.0,0.0,0.0,0.0,0.0,0.0,0.0,0.0,0.0,0.0,0.0,0.0,0.0,0.0,0.0,0.0
2.368,0.4407979999999998,0.0,0.0,0.0,0.0,0.0,0.0,0.0,0.0,0.0,0.0,0.0,0.0,0.0,0.0,0.0,0.0
2.377,0.4497979999999997,0.0,0.0,0.0,0.0,0.0,0.0,0.0,0.0,0.0,0.0,0.0,0.0,0.0,0.0,0.0,0.0
2.385,0.4577979999999997,0.0,0.0,0.0,0.0,0.0,0.0,0.0,0.0,0.0,0.0,0.0,0.0,0.0,0.0,0.0,0.0
2.393,0.4657979999999997,0.0,0.0,0.0,0.0,0.0,0.0,0.0,0.0,0.0,0.0,0.0,0.0,0.0,0.0,0.0,0.0
2.401,0.4737979999999997,0.0,0.0,0.0,0.0,0.0,0.0,0.0,0.0,0.0,0.0,0.0,0.0,0.0,0.0,0.0,0.0
2.41,0.48279800000000006,0.0,0.0,0.0,0.0,0.0,0.0,0.0,0.0,0.0,0.0,0.0,0.0,0.0,0.0,0.0,0.0
2.418,0.49079800000000007,0.0,0.0,0.0,0.0,0.0,0.0,0.0,0.0,0.0,0.0,0.0,0.0,0.0,0.0,0.0,0.0
2.426,0.4987980000000001,0.0,0.0,0.0,0.0,0.0,0.0,0.0,0.0,0.0,0.0,0.0,0.0,0.0,0.0,0.0,0.0
2.435,0.507798,0.0,0.0,0.0,0.0,0.0,0.0,0.0,0.0,0.0,0.0,0.0,0.0,0.0,0.0,0.0,0.0
2.443,0.515798,0.0,0.0,0.0,0.0,0.0,0.0,0.0,0.0,0.0,0.0,0.0,0.0,0.0,0.0,0.0,0.0
2.451,0.523798,0.0,0.0,0.0,0.0,0.0,0.0,0.0,0.0,0.0,0.0,0.0,0.0,0.0,0.0,0.0,0.0
2.46,0.5327979999999999,0.0,0.0,0.0,0.0,0.0,0.0,0.0,0.0,0.0,0.0,0.0,0.0,0.0,0.0,0.0,0.0
2.468,0.5407979999999999,0.0,0.0,0.0,0.0,0.0,0.0,0.0,0.0,0.0,0.0,0.0,0.0,0.0,0.0,0.0,0.0
2.476,0.5487979999999999,0.0,0.0,0.0,0.0,0.0,0.0,0.0,0.0,0.0,0.0,0.0,0.0,0.0,0.0,0.0,0.0
2.485,0.5577979999999998,0.0,0.0,0.0,0.0,0.0,0.0,0.0,0.0,0.0,0.0,0.0,0.0,0.0,0.0,0.0,0.0
2.493,0.5657979999999998,0.0,0.0,0.0,0.0,0.0,0.0,0.0,0.0,0.0,0.0,0.0,0.0,0.0,0.0,0.0,0.0
2.501,0.5737979999999998,0.0,0.0,0.0,0.0,0.0,0.0,0.0,0.0,0.0,0.0,0.0,0.0,0.0,0.0,0.0,0.0
2.509,0.5817979999999998,0.0,0.0,0.0,0.0,0.0,0.0,0.0,0.0,0.0,0.0,0.0,0.0,0.0,0.0,0.0,0.0
2.518,0.5907979999999997,0.0,0.0,0.0,0.0,0.0,0.0,0.0,0.0,0.0,0.0,0.0,0.0,0.0,0.0,0.0,0.0
2.526,0.5987979999999997,0.0,0.0,0.0,0.0,0.0,0.0,0.0,0.0,0.0,0.0,0.0,0.0,0.0,0.0,0.0,0.0
2.534,0.6067979999999997,0.0,0.0,0.0,0.0,0.0,0.0,0.0,0.0,0.0,0.0,0.0,0.0,0.0,0.0,0.0,0.0
2.543,0.6157980000000001,0.0,0.0,0.0,0.0,0.0,0.0,0.0,0.0,0.0,0.0,0.0,0.0,0.0,0.0,0.0,0.0
2.551,0.6237980000000001,0.0,0.0,0.0,0.0,0.0,0.0,0.0,0.0,0.0,0.0,0.0,0.0,0.0,0.0,0.0,0.0
2.559,0.6317980000000001,0.0,0.0,0.0,0.0,0.0,0.0,0.0,0.0,0.0,0.0,0.0,0.0,0.0,0.0,0.0,0.0
2.568,0.640798,0.0,0.0,0.0,0.0,0.0,0.0,0.0,0.0,0.0,0.0,0.0,0.0,0.0,0.0,0.0,0.0
2.576,0.648798,0.0,0.0,0.0,0.0,0.0,0.0,0.0,0.0,0.0,0.0,0.0,0.0,0.0,0.0,0.0,0.0
2.584,0.656798,0.0,0.0,0.0,0.0,0.0,0.0,0.0,0.0,0.0,0.0,0.0,0.0,0.0,0.0,0.0,0.0
2.593,0.6657979999999999,0.0,0.0,0.0,0.0,0.0,0.0,0.0,0.0,0.0,0.0,0.0,0.0,0.0,0.0,0.0,0.0
2.601,0.6737979999999999,0.0,0.0,0.0,0.0,0.0,0.0,0.0,0.0,0.0,0.0,0.0,0.0,0.0,0.0,0.0,0.0
2.609,0.6817979999999999,0.0,0.0,0.0,0.0,0.0,0.0,0.0,0.0,0.0,0.0,0.0,0.0,0.0,0.0,0.0,0.0
2.617,0.6897979999999999,0.0,0.0,0.0,0.0,0.0,0.0,0.0,0.0,0.0,0.0,0.0,0.0,0.0,0.0,0.0,0.0
2.626,0.6987979999999998,0.0,0.0,0.0,0.0,0.0,0.0,0.0,0.0,0.0,0.0,0.0,0.0,0.0,0.0,0.0,0.0
2.634,0.7067979999999998,0.0,0.0,0.0,0.0,0.0,0.0,0.0,0.0,0.0,0.0,0.0,0.0,0.0,0.0,0.0,0.0
2.642,0.7147979999999998,1.411e-05,3.384e-11,1.80004e-09,2.6715971e-08,3.5105e-08,2.8058699999999997e-06,3.24407e-09,4.3905e-08,2.93012e-06,5.21293e-09,1.38972e-07,5.1895800000000006e-08,0.0,5.264e-07,2.3767300000000001e-07,2.4551560000000007e-07
2.651,0.7237979999999997,0.000713,1.7108e-09,9.0996e-08,1.35048089e-06,1.7745000000000001e-06,0.000141858,1.6399599999999998e-07,2.2194999999999997e-06,0.000148126,2.63523e-07,7.02605e-06,2.6233399999999998e-06,0.0,2.6609999999999998e-05,1.2014715e-05,1.2410519999999997e-05
2.659,0.7317979999999997,0.0024655,5.914e-09,3.1459e-07,4.668973e-06,6.135e-06,0.0004903959999999999,5.66969e-07,7.673e-06,0.000512114,9.110499999999999e-07,2.428915e-05,9.07052e-06,0.0,9.2e-05,4.1539349999999994e-05,4.290698e-05
2.667,0.7397979999999997,0.00509,1.2196e-08,6.523700000000001e-07,9.621196799999999e-06,1.265e-05,0.0010123950000000001,1.1827249999999998e-06,1.582e-05,0.00105715,1.900145e-06,5.0282e-05,1.914158e-05,0.0,0.00018969,8.61425e-05,8.856285999999999e-05
2.676,0.7487980000000001,0.008145,1.9464e-08,1.05473e-06,1.53267698e-05,2.018e-05,0.0016201999999999998,1.9398950000000003e-06,2.5245e-05,0.00169144,3.1132e-06,8.0988e-05,3.2232300000000006e-05,0.0,0.0003027,0.00013936,0.0001416532
2.684,0.7567980000000001,0.01161,2.766e-08,1.51955e-06,2.17474519e-05,2.8675e-05,0.0023098,2.83465e-06,3.5885e-05,0.00241087,4.54683e-06,0.00011623200000000001,4.83134e-05,0.0,0.0004301,0.00020089499999999998,0.00020181720000000004
2.692,0.7647980000000001,0.01549,3.682e-08,2.0469e-06,2.88832103e-05,3.8135e-05,0.0030815,3.86792e-06,4.774e-05,0.0032149450000000003,6.19935e-06,0.000156012,6.738060000000001e-05,0.0,0.000572,0.00027074900000000003,0.000269075
2.701,0.773798,0.019775,4.69e-08,2.63662e-06,3.6730006e-05,4.8555e-05,0.003934679999999999,5.0382500000000004e-06,6.0809999999999995e-05,0.004104559999999999,8.071150000000001e-06,0.000200331,8.943300000000001e-05,0.0,0.0007284000000000001,0.000348901,0.0003434146
2.709,0.781798,0.024475,5.79e-08,3.289e-06,4.5297842e-05,5.994e-05,0.00486836,6.347200000000001e-06,7.508499999999999e-05,0.00507871,1.01631e-05,0.0002491775,0.00011447264999999999,0.0,0.0008994,0.0004353110000000001,0.000424874
2.717,0.789798,0.02958,6.986e-08,4.0036e-06,5.4570716e-05,7.2295e-05,0.00588453,7.7945e-06,9.057499999999999e-05,0.0061384,1.2473649999999999e-05,0.00030257149999999997,0.00014256250000000003,0.0,0.0010848,0.0005302779999999999,0.0005132574
2.725,0.797798,0.036265,8.562e-08,4.9767999999999995e-06,6.633674000000001e-05,8.8575e-05,0.0072163999999999996,9.79405e-06,0.000111,0.0075239,1.565695e-05,0.00036967999999999994,0.000188325,0.0,0.0013284,0.0006556399999999999,0.0006303005999999999
2.734,0.8067979999999999,0.045865,1.0846e-07,6.4318e-06,8.2635759e-05,0.0001122,0.009128599999999999,1.2822e-05,0.00014065,0.0095121,2.046395e-05,0.00046075999999999995,0.00026882699999999997,0.0,0.0016802,0.0008376,0.000800194
2.742,0.8147979999999999,0.05805,1.3768e-07,8.3124e-06,0.000102883825,0.0001423,0.0115531,1.680835e-05,0.00017845,0.012030200000000001,2.6779999999999998e-05,0.00057302,0.000380479,0.0,0.002127,0.00107067,0.001016776
2.75,0.8227979999999999,0.07155,1.7092e-07,1.04236e-05,0.00012506472,0.0001761,0.014244199999999999,2.1488600000000003e-05,0.00022095,0.0148225,3.4218400000000004e-05,0.00069572,0.000510775,0.0,0.002623,0.0013384,0.001257832
2.759,0.8317979999999998,0.08625,2.08e-07,1.2742000000000001e-05,0.00014903238,0.00021335,0.0171777,2.6854550000000002e-05,0.00026765000000000003,0.017865649999999997,4.2732e-05,0.0008278,0.0006586200000000001,0.0,0.003164,0.00163912,0.001521442
2.767,0.8397979999999998,0.10225,2.488e-07,1.5274e-05,0.00017474682000000001,0.00025405,0.020357,3.2894499999999995e-05,0.00031884999999999997,0.021159999999999998,5.2321e-05,0.0009693,0.00082405,0.0,0.0037489999999999997,0.00197242,0.0018075119999999998
2.775,0.8477979999999998,0.1194,2.934e-07,1.8014e-05,0.00020222999,0.0002981,0.02378,3.9614e-05,0.00037425,0.0247055,6.299800000000001e-05,0.0011202,0.00100701,0.0,0.0043809999999999995,0.0023389,0.00211596
2.784,0.8567979999999997,0.13785,3.418e-07,2.0963999999999998e-05,0.00023148992500000002,0.0003456,0.027449,4.70075e-05,0.00043404999999999995,0.0285,7.475650000000001e-05,0.0012808,0.0012074200000000003,0.0,0.005056,0.00273815,0.0024471700000000002
2.792,0.8647979999999997,0.1575,3.94e-07,2.4124e-05,0.0002625246,0.00039654999999999996,0.031365000000000004,5.5083999999999996e-05,0.0004981,0.032552,8.75885e-05,0.0014507,0.0014258500000000002,0.0,0.005776999999999999,0.0031704000000000003,0.0028007400000000003
2.8,0.8727979999999997,0.17825,4.5e-07,2.7474999999999997e-05,0.0002949838,0.00045095,0.035483,6.38555e-05,0.0005666,0.036827,0.000101543,0.0016286999999999999,0.00166099,0.0,0.006536,0.0036366799999999998,0.0031748799999999997
2.809,0.8817980000000001,0.1999,5.102e-07,3.0992000000000004e-05,0.0003286615,0.0005089,0.039798,7.337399999999999e-05,0.00063955,0.04129,0.000116678,0.0018137499999999998,0.0019147000000000003,0.0,0.0073279999999999994,0.0041382,0.0035646900000000006
2.817,0.8897980000000001,0.22255,5.746e-07,3.4681499999999997e-05,0.00036345256,0.0005704,0.044302,8.36515e-05,0.00071705,0.04594,0.0001330285,0.0020061000000000002,0.0021875099999999997,0.0,0.008154,0.004677,0.00397278
2.825,0.8977980000000001,0.24615,6.43e-07,3.854e-05,0.0003993576,0.0006355499999999999,0.0489825,9.46855e-05,0.00079915,0.050788,0.000150589,0.0022059,0.0024800200000000003,0.0,0.009011,0.0052491,0.00440018
2.833,0.9057980000000001,0.2707,7.156e-07,4.2569999999999994e-05,0.00043639609999999995,0.00070425,0.053860500000000006,0.00010647300000000001,0.0008858,0.055814,0.0001693665,0.0024128,0.0027914200000000006,0.0,0.009901,0.0058612,0.00484274
2.842,0.914798,0.29615,7.922e-07,4.676949999999999e-05,0.0004746383,0.0007765999999999999,0.0589165,0.00011902749999999999,0.00097705,0.061048,0.000189348,0.0026271,0.00312282,0.0,0.010823,0.006505499999999999,0.005303520000000001
2.85,0.922798,0.3226,8.732e-07,5.114400000000001e-05,0.0005137843000000001,0.0008525,0.06416,0.00013234150000000002,0.0010730000000000002,0.0664595,0.00021051400000000002,0.0028488000000000003,0.0034733299999999997,0.0,0.011778,0.0071901,0.00578064
2.858,0.930798,0.34995,9.58e-07,5.56735e-05,0.0005543989,0.000932,0.0696015,0.0001464115,0.0011735,0.0720685,0.000232982,0.0030777,0.0038437300000000005,0.0,0.012765,0.007908700000000001,0.00627676
2.867,0.9397979999999999,0.3783,1.0472e-06,6.0383999999999996e-05,0.0005957222,0.0010155,0.0752205,0.000161226,0.001278,0.0778655,0.00025659,0.0033136999999999997,0.00423323,0.0,0.013784999999999999,0.0086636,0.006790320000000001
2.875,0.9477979999999999,0.4076,1.1404e-06,6.5269e-05,0.0006383143000000001,0.0011020000000000001,0.081026,0.00017685299999999998,0.001388,0.08385000000000001,0.000281488,0.0035576,0.00464237,0.0,0.014836,0.0094568,0.0073202
2.883,0.9557979999999999,0.4378,1.2382e-06,7.0316e-05,0.0006819955,0.001193,0.08703,0.00019326699999999998,0.0015025,0.09003199999999999,0.000307693,0.0038092999999999994,0.00507422,0.0,0.015918,0.0102884,0.00786706
2.892,0.9647979999999998,0.4689,1.3404e-06,7.553599999999999e-05,0.0007265662000000001,0.0012875,0.0931905,0.000210667,0.0016229999999999999,0.09638100000000001,0.00033542500000000004,0.0040668,0.005529999999999999,0.0,0.01703,0.0111645,0.008432019999999998
2.9,0.9727979999999998,0.40735,1.0086e-06,6.778900000000001e-05,0.000617469,0.0009337499999999999,0.08133750000000001,0.0001859945,0.001181,0.08405900000000001,0.00029518000000000003,0.0039752,0.0053690000000000005,0.0,0.014353999999999999,0.0091347,0.00728062
2.908,0.9807979999999998,0.423,1.0394e-06,7.0744e-05,0.0006344749000000001,0.00095655,0.0845175,0.000196066,0.0012100000000000001,0.0873015,0.00031096,0.00424365,0.005838500000000001,0.0,0.014755,0.009504700000000001,0.00754556
2.917,0.9897979999999997,0.44285,1.0762e-06,7.4476e-05,0.0006547231,0.00098725,0.088575,0.000208073,0.00125,0.091446,0.000329785,0.0045399,0.006443,0.0,0.015303999999999998,0.0099519,0.0078957
2.925,0.9977979999999997,0.46475,1.1167e-06,7.856599999999999e-05,0.0006761426,0.00102175,0.0930475,0.00022152,0.0012950000000000001,0.0959875,0.000350825,0.0048526,0.007124150000000001,0.0,0.015918,0.010447,0.00828572
2.933,1.0057979999999997,0.48795,1.1604e-06,8.2865e-05,0.0006982432,0.0010595000000000001,0.097778,0.00023607999999999998,0.0013435,0.10080900000000001,0.00037370999999999997,0.005176999999999999,0.00786245,0.0,0.016569,0.010979800000000001,0.008700639999999999
2.941,1.0137979999999998,0.5205,1.2164e-06,8.8295e-05,0.0007461405,0.0011075,0.1044015,0.00025352999999999997,0.001406,0.107635,0.00040105,0.005858,0.0087004,0.0,0.017342000000000003,0.0116296,0.00922538
2.95,1.022798,0.5755,1.2976e-06,9.622999999999999e-05,0.0008577142,0.0011784999999999999,0.11538000000000001,0.00027613500000000005,0.0014965,0.119075,0.000436655,0.007416000000000001,0.0097042,0.0,0.018356,0.012495,0.0099815
2.958,1.030798,0.645,1.3874e-06,0.000105735,0.0010163967,0.0012545,0.12928499999999998,0.000301715,0.0015934999999999999,0.13367,0.00047678999999999994,0.0096815,0.010841400000000001,0.0,0.019433,0.0134413,0.0108684
2.966,1.038798,0.7095,1.4866e-06,0.0001149,0.0011515437,0.001336,0.142185,0.00032951500000000006,0.0016979999999999999,0.147145,0.000520655,0.011566000000000002,0.012064200000000002,0.0,0.02059,0.0144322,0.0117436
2.975,1.047798,0.7645,1.5969e-06,0.00012325999999999998,0.0012495182,0.001425,0.15324,0.000359895,0.0018115,0.15859,0.000568475,0.012863000000000001,0.0133566,0.0,0.021789999999999997,0.015472900000000001,0.012573399999999998
2.983,1.055798,0.8165,1.7209e-06,0.000131715,0.0013293257,0.001523,0.16362,0.000392895,0.001937,0.16928500000000002,0.0006205799999999999,0.013882999999999998,0.014754199999999999,0.0,0.02305,0.016586200000000002,0.013399699999999997
2.991,1.063798,0.8685,1.8606e-06,0.00014034,0.0014063650000000001,0.0016305,0.174105,0.00042778,0.0020740000000000003,0.180065,0.0006757099999999999,0.014853000000000002,0.016204,0.0,0.024370000000000003,0.017786,0.0142511
3.0,1.072798,0.922,2.018e-06,0.00014919,0.0014820376999999999,0.00175,0.18483,0.00046490499999999994,0.0022265,0.191075,0.00073442,0.015789,0.017729500000000002,0.0,0.025750000000000002,0.0190851,0.015135899999999997
3.008,1.080798,0.941,2.088e-06,0.00015147499999999998,0.0015208808,0.001746,0.18869999999999998,0.00048334,0.0022215,0.195055,0.000763685,0.016667,0.018609800000000003,0.0,0.02572,0.0193895,0.015318400000000003
3.016,1.088798,0.9135,2.042e-06,0.00014487000000000001,0.001513056,0.0015965,0.18317,0.00047429000000000004,0.002031,0.18948500000000001,0.000749725,0.017499,0.018552399999999997,0.0,0.023780000000000003,0.018352800000000002,0.014521699999999998
3.025,1.0977979999999998,0.941,2.154e-06,0.000148785,0.0015619554000000004,0.001647,0.18871,0.000497405,0.0020955,0.19520500000000002,0.0007862800000000001,0.018423000000000002,0.019603699999999998,0.0,0.02407,0.0189754,0.014856399999999999
3.033,1.1057979999999998,0.968,2.265e-06,0.0001525,0.001610342,0.0016935000000000001,0.19412000000000001,0.0005194350000000001,0.0021539999999999997,0.200785,0.0008213150000000001,0.019375999999999997,0.0206469,0.0,0.02431,0.019554000000000002,0.0151636
3.041,1.1137979999999998,0.994,2.375e-06,0.00015602,0.0016579200000000002,0.0017375,0.19934500000000002,0.00054066,0.0022095,0.206185,0.0008550599999999999,0.020343,0.021684500000000002,0.0,0.024489999999999998,0.020089000000000003,0.015448700000000003
3.049,1.1217979999999999,1.019,2.488e-06,0.000159415,0.0017050939999999999,0.001782,0.2044,0.0005618649999999999,0.0022645,0.2114,0.000888675,0.021321999999999997,0.0227198,0.0,0.02462,0.020617000000000003,0.015711
3.058,1.1307979999999997,1.0455,2.614e-06,0.00016298999999999998,0.001753082,0.0018335,0.20963500000000002,0.000584475,0.0023295,0.21681,0.000924755,0.022314,0.0237879,0.0,0.02478,0.021205,0.0159855
3.066,1.1387979999999998,1.078,2.764e-06,0.000167785,0.0018082099999999998,0.0019065,0.216175,0.0006113799999999999,0.0024215,0.22355,0.0009675,0.023338,0.0250068,0.0,0.02518,0.021984999999999998,0.0163887
3.074,1.1467979999999998,1.113,2.924e-06,0.00017281,0.0018652500000000002,0.001986,0.22323500000000002,0.0006394349999999999,0.0025215000000000003,0.230825,0.0010121449999999999,0.024401,0.026353400000000003,0.0,0.025640000000000003,0.0228,0.016839100000000003
3.083,1.155798,1.1555,3.108e-06,0.00017864999999999998,0.0019269260000000002,0.002082,0.231825,0.0006703450000000001,0.002644,0.23962,0.001061235,0.025539999999999997,0.028019699999999998,0.0,0.02632,0.023732000000000003,0.0174368
3.091,1.163798,1.205,3.3169999999999998e-06,0.00018522,0.0019935409999999997,0.002195,0.24181499999999997,0.00070415,0.0027860000000000003,0.24981499999999998,0.001114795,0.02676,0.029981999999999998,0.0,0.02719,0.024774000000000004,0.018162499999999998
3.099,1.1717980000000001,1.259,3.548e-06,0.00019239,0.002064901,0.00232,0.25278500000000004,0.00074032,0.0029455,0.26097499999999996,0.00117207,0.028075999999999997,0.032152,0.0,0.02815,0.025901,0.0189693
3.108,1.180798,1.317,3.807e-06,0.00020022499999999997,0.00214191,0.002458,0.26459,0.00077867,0.00312,0.273115,0.0012329399999999999,0.029486,0.034468,0.0,0.0292,0.027115,0.019837399999999998
3.116,1.188798,1.3815,4.098e-06,0.00020892500000000002,0.0022307760000000003,0.002613,0.277665,0.00082111,0.003316,0.286495,0.00130006,0.031087,0.037069,0.0,0.030350000000000002,0.02841,0.02079
3.124,1.196798,1.457,4.435000000000001e-06,0.00021918000000000003,0.002339814,0.002791,0.29299,0.0008699900000000001,0.0035399999999999997,0.30216,0.0013773099999999999,0.033012,0.040128,0.0,0.03165,0.029816999999999996,0.021893799999999998
3.133,1.205798,1.5435,4.829000000000001e-06,0.00023078999999999998,0.0024679430000000002,0.0029985000000000003,0.310355,0.000926505,0.003801,0.319985,0.0014666500000000001,0.035177,0.043586999999999994,0.0,0.03318,0.031417,0.0231606
3.141,1.213798,1.6355,5.2670000000000006e-06,0.00024317000000000002,0.0026042379999999996,0.0032294999999999997,0.32903,0.0009881949999999999,0.004092,0.339025,0.001564315,0.037440999999999995,0.047299999999999995,0.0,0.03485,0.033181,0.024527800000000002
3.149,1.221798,1.728,5.734999999999999e-06,0.00025537000000000004,0.002729963,0.003477,0.347765,0.001050235,0.0044045,0.35821000000000003,0.001662415,0.039569,0.05112799999999999,0.0,0.03663,0.03506200000000001,0.025947199999999997
3.157,1.229798,1.822,6.232e-06,0.0002674,0.002844873,0.0037415,0.366845,0.0011125,0.004739,0.37760999999999995,0.001761055,0.04156000000000001,0.055074,0.0,0.038529999999999995,0.037064,0.0274258
3.166,1.2387979999999998,1.913,6.746e-06,0.00027906999999999997,0.002946412,0.0040145,0.38549,0.0011744000000000001,0.005084999999999999,0.39646,0.0018592399999999999,0.043390000000000005,0.059006,0.0,0.04045,0.039149500000000004,0.0289012
3.174,1.2467979999999999,2.0015,7.278e-06,0.00029037,0.003034035,0.0042959999999999995,0.40351000000000004,0.001235805,0.005442,0.41464999999999996,0.0019562299999999998,0.04501,0.062902,0.0,0.04239,0.041319,0.030360199999999997
3.182,1.2547979999999999,2.0265,7.772e-06,0.00029305,0.00307918,0.004404,0.40864,0.00126227,0.0055715,0.419925,0.0019993400000000005,0.04644,0.06456699999999999,0.0,0.04201,0.041995,0.0304186
3.191,1.2637979999999998,2.0755,9.64e-06,0.00029597,0.003205317,0.005039500000000001,0.41773,0.001283955,0.006338,0.4295,0.00203376,0.048589999999999994,0.0683235,0.0,0.04184,0.04301300000000001,0.030760000000000003
3.199,1.2717979999999998,2.134,1.15e-05,0.000299665,0.003292894,0.0057185,0.42904,0.001309935,0.007164,0.441,0.0020753200000000003,0.05007,0.07236700000000001,0.0,0.042539999999999994,0.044689999999999994,0.031507
3.207,1.2797979999999998,2.1445,1.19e-05,0.0002996,0.0032387990000000005,0.005792,0.43165000000000003,0.0013256700000000001,0.007259,0.4433,0.0021016,0.05015,0.073325,0.0,0.042609999999999995,0.045897,0.0316036
3.216,1.288798,2.2105,1.2285e-05,0.00030765999999999996,0.0032919860000000002,0.0059205,0.44539999999999996,0.001374885,0.007426,0.45720000000000005,0.0021797200000000004,0.05191,0.076143,0.0,0.043539999999999995,0.047726,0.0324638
3.224,1.2967980000000001,2.276,1.2679000000000002e-05,0.00031593,0.0033409090000000004,0.0060575,0.45909999999999995,0.0014262200000000002,0.0076045,0.47100000000000003,0.0022618300000000003,0.053589999999999985,0.07898999999999999,0.0,0.04448,0.049629000000000006,0.033325799999999996
3.232,1.3047980000000001,2.3435,1.3087500000000001e-05,0.00032465,0.0033859314999999997,0.0062065,0.47315,0.001480525,0.0077995,0.4852,0.0023482,0.05518,0.082031,0.0,0.045579999999999996,0.051604,0.034274799999999994
3.241,1.313798,2.4145,1.3515e-05,0.00033391,0.003423641,0.0063725,0.4879,0.0015395,0.008017,0.4999,0.0024422000000000003,0.056589999999999994,0.08538500000000002,0.0,0.0469,0.053679,0.035355
3.249,1.321798,2.483,1.3956999999999999e-05,0.00034312,0.0034513209999999994,0.006547,0.50225,0.0016011150000000002,0.008244000000000001,0.5143,0.0025404499999999997,0.05782,0.0889065,0.0,0.04828,0.05571899999999999,0.036434799999999996
3.257,1.329798,2.555,1.4421e-05,0.00035269,0.0034800910000000003,0.006720500000000001,0.5173000000000001,0.0016629000000000001,0.0084725,0.52925,0.0026397499999999997,0.05915000000000001,0.09253899999999998,0.0,0.04969,0.057835,0.0375717
3.265,1.337798,2.6085,1.4411999999999999e-05,0.00036045,0.003485682,0.0066665000000000006,0.52895,0.0017255400000000002,0.0084215,0.5408,0.0027398500000000003,0.060399999999999995,0.09512400000000001,0.0,0.05049000000000001,0.059602,0.038318950000000004
3.274,1.346798,2.612,1.3038000000000001e-05,0.00036294500000000004,0.0033757419999999997,0.0059985,0.53125,0.00177163,0.0076215,0.5425,0.0028146000000000004,0.060590000000000005,0.094589,0.0,0.05031,0.060424,0.03826565
3.282,1.354798,2.6815,1.3583e-05,0.00037177,0.0034075420000000004,0.0061585,0.5459499999999999,0.0018309300000000001,0.00783,0.55715,0.0029096,0.06215999999999999,0.098132,0.0,0.05142000000000001,0.062426999999999996,0.0392466
3.29,1.362798,2.752,1.4161e-05,0.00038043,0.0034355149999999997,0.0063175,0.5607500000000001,0.0018899099999999999,0.008038,0.57195,0.0030041,0.06372,0.10177149999999999,0.0,0.05256,0.0644685,0.040236400000000005
3.299,1.3717979999999999,2.853,1.503e-05,0.00039325000000000004,0.0034874885,0.0065455,0.58195,0.00196592,0.0083335,0.59325,0.0031253,0.06568,0.10692200000000002,0.0,0.054470000000000005,0.067059,0.0418516
3.307,1.3797979999999999,2.963,1.6009999999999997e-05,0.000406255,0.0035681160000000005,0.0067305,0.6052500000000001,0.0020380500000000005,0.0085665,0.61685,0.0032410499999999997,0.06968,0.1106595,0.0,0.055080000000000004,0.0706535,0.0426754
3.315,1.3877979999999999,3.028,1.7005e-05,0.00041727999999999996,0.003612532,0.006850500000000001,0.619,0.00209595,0.008708500000000001,0.63085,0.0033342500000000004,0.07233,0.1135375,0.0,0.05513,0.072873,0.04303599999999999
3.324,1.3967979999999998,3.0775,1.8071e-05,0.00042762999999999997,0.0036496575000000003,0.0069825,0.6292,0.0021474500000000004,0.008862499999999999,0.6413500000000001,0.0034183499999999997,0.07464,0.116013,0.0,0.05481,0.07467599999999999,0.0431255
3.332,1.4047979999999998,3.113,1.8936e-05,0.000436615,0.0036664155,0.007078,0.6368499999999999,0.0021912,0.008974,0.649,0.0034901000000000003,0.07658,0.11789349999999998,0.0,0.05431,0.07617499999999999,0.0430585
3.34,1.4127979999999998,3.1325,1.965e-05,0.00044411499999999997,0.0036603965,0.0071319999999999995,0.6409,0.0022248999999999997,0.009033,0.6532500000000001,0.0035472999999999998,0.07811,0.11908300000000002,0.0,0.053520000000000005,0.07736499999999999,0.042727999999999995
3.349,1.4217980000000001,3.1355,2.0329999999999997e-05,0.000450375,0.0036387995,0.0071595,0.6418,0.0022516999999999997,0.009059000000000001,0.65405,0.0035925,0.07930999999999999,0.119734,0.0,0.05239,0.078166,0.042157
3.357,1.4297980000000001,3.137,2.105e-05,0.000456915,0.0036144829999999995,0.007193,0.64225,0.00227685,0.0090915,0.65445,0.0036359,0.08035,0.12049750000000001,0.0,0.05133,0.0788275,0.041624
3.365,1.4377980000000001,3.143,2.1955e-05,0.000464785,0.0035942315000000004,0.007241,0.64385,0.0023048,0.009143499999999999,0.65595,0.0036824500000000003,0.08141000000000001,0.121838,0.0,0.05043,0.0793695,0.0412355
3.373,1.4457980000000001,3.184,2.3235e-05,0.000477145,0.0036007110000000004,0.0073609999999999995,0.65265,0.0023539,0.009288000000000001,0.6647000000000001,0.0037643,0.08295000000000001,0.125079,0.0,0.050379999999999994,0.0804245,0.0415435
3.382,1.454798,3.245,2.4625000000000002e-05,0.000491385,0.0036185699999999998,0.0075185,0.6656,0.0024151999999999997,0.009481,0.6776500000000001,0.0038642,0.08470000000000001,0.12921899999999997,0.0,0.050879999999999995,0.081925,0.0422445
3.39,1.462798,3.311,2.604e-05,0.0005059,0.0036390499999999996,0.007685,0.6797000000000001,0.0024787999999999998,0.009684499999999999,0.6917,0.00396765,0.08661999999999999,0.13341799999999998,0.0,0.05144,0.08368700000000001,0.0429785
3.398,1.470798,3.3815,2.7510000000000003e-05,0.000520525,0.003661745,0.0078565,0.69485,0.0025437999999999997,0.009895000000000001,0.70665,0.0040739999999999995,0.08867,0.1377215,0.0,0.05205,0.0855675,0.0437525
3.407,1.479798,3.4475,2.8995e-05,0.00053382,0.00366602,0.0080315,0.7091000000000001,0.0026064,0.010110000000000001,0.72085,0.004177200000000001,0.09051000000000001,0.142029,0.0,0.05265,0.087462,0.044483999999999996
3.415,1.487798,3.524,3.0555e-05,0.00054807,0.0036809800000000004,0.008222,0.7257,0.0026787,0.010345,0.7372,0.004295,0.09267,0.1466275,0.0,0.05334,0.08968699999999999,0.045301999999999995
3.423,1.495798,3.5485,3.1965e-05,0.000555815,0.00367041,0.0082945,0.7309,0.00271535,0.010415,0.74265,0.00435905,0.09454,0.148132,0.0,0.05241,0.09100950000000001,0.044828
3.432,1.5047979999999999,3.539,3.3115e-05,0.00056257,0.00364954,0.0083125,0.72905,0.0027335,0.010405,0.7410000000000001,0.00439435,0.09635,0.14776,0.0,0.0503,0.0916845,0.043506
3.44,1.5127979999999999,3.5865,3.4529999999999996e-05,0.0005742,0.00365776,0.0084225,0.73925,0.0027734500000000002,0.01052,0.7515000000000001,0.0044641,0.09921,0.14937,0.0,0.04944,0.0939,0.043141
3.448,1.5207979999999999,3.715,3.6400000000000004e-05,0.00059532,0.0037128099999999995,0.008709999999999999,0.7665,0.00286285,0.010865,0.77925,0.0046114,0.10445000000000002,0.15456999999999999,0.0,0.04951,0.09792,0.043634
3.457,1.5297979999999998,3.7725,3.835e-05,0.00061394,0.0037140000000000003,0.0089,0.7789,0.0029261499999999998,0.011095,0.79155,0.0047174,0.10643000000000001,0.15868,0.0,0.04965,0.09959,0.044088
3.465,1.5377979999999998,3.817,4.0629999999999996e-05,0.00062901,0.00370787,0.009089,0.78845,0.00298805,0.01132,0.8008500000000001,0.00482195,0.10747999999999999,0.162595,0.0,0.05004,0.10102,0.044646500000000006
3.473,1.5457979999999998,3.878,4.3349999999999997e-05,0.00064606,0.0037132649999999994,0.0093245,0.80165,0.0030596,0.0116,0.8135999999999999,0.004941299999999999,0.10898,0.16739500000000002,0.0,0.05065,0.10275,0.045417
3.481,1.5537979999999998,3.961,4.665e-05,0.0006665099999999999,0.00373213,0.0096145,0.8193499999999999,0.0031427499999999997,0.01195,0.8311,0.0050811499999999996,0.11095999999999999,0.173435,0.0,0.05162,0.10487,0.0465395
3.49,1.5627980000000001,4.049,5.004e-05,0.00068768,0.003758025,0.009937999999999999,0.8382000000000001,0.00323325,0.012334999999999999,0.8494999999999999,0.0052307,0.11314999999999999,0.17978500000000003,0.0,0.05260000000000001,0.10713,0.047683500000000004
3.498,1.5707980000000001,4.0905,5.205e-05,0.0006994499999999999,0.0037631599999999998,0.010180000000000002,0.8469000000000001,0.0032981499999999997,0.01261,0.85825,0.00534305,0.11468999999999999,0.18302,0.0,0.05248,0.108925,0.0478065
3.506,1.5787979999999997,4.0935,5.287e-05,0.0007036099999999999,0.00375212,0.010345,0.84725,0.0033428499999999996,0.0128,0.8586499999999999,0.0054210000000000005,0.11574,0.18368,0.0,0.051430000000000003,0.11033000000000001,0.047061
3.515,1.587798,4.0885,5.3689999999999996e-05,0.00070747,0.00373905,0.010505,0.84605,0.0033804,0.012975,0.8575,0.0054888,0.11664499999999998,0.18399,0.0,0.05021,0.11152000000000001,0.046174
3.523,1.595798,4.0805,5.47e-05,0.0007129100000000001,0.0037261099999999995,0.010675,0.84405,0.00341585,0.013155,0.85555,0.005553450000000001,0.11737999999999998,0.18440500000000004,0.0,0.04901,0.112455,0.0453135
3.531,1.603798,4.0755,5.6149999999999996e-05,0.00071981,0.0037138500000000003,0.01086,0.8428,0.0034511999999999998,0.013355,0.8543000000000001,0.005620750000000001,0.11810999999999999,0.18531,0.0,0.0479,0.11327000000000001,0.0445785
3.54,1.612798,4.1035,5.855e-05,0.000731205,0.003710235,0.011105,0.8487500000000001,0.0035045500000000004,0.013635,0.8599,0.005715949999999999,0.11911,0.18836499999999998,0.0,0.04772,0.114595,0.044624
3.548,1.620798,4.147,6.142e-05,0.00074313,0.0037078700000000003,0.011375,0.8582500000000001,0.00356555,0.013935,0.869,0.005823999999999999,0.12024000000000001,0.19232999999999997,0.0,0.04793,0.11621,0.045004
3.556,1.628798,4.203,6.468e-05,0.0007566300000000001,0.0037100450000000004,0.011695,0.87025,0.0036390500000000004,0.014305,0.88065,0.0059529000000000006,0.12141,0.19713000000000003,0.0,0.048530000000000004,0.118235,0.0457025
3.565,1.6377979999999999,4.2175,6.688e-05,0.000771345,0.003707765,0.01207,0.8729,0.00371645,0.01474,0.8827499999999999,0.006089499999999999,0.12105999999999999,0.20092500000000002,0.0,0.04889,0.11932,0.046138
3.573,1.6457979999999999,4.1905,6.832e-05,0.00078176,0.0036936900000000003,0.01242,0.8662,0.0037782499999999995,0.01516,0.8755999999999999,0.0061985,0.11963,0.202565,0.0,0.04867,0.11982,0.045991000000000004
3.581,1.6537979999999999,4.064,6.868e-05,0.0007631000000000001,0.0035863500000000003,0.012265,0.83975,0.0037295999999999996,0.014955,0.84835,0.0061261499999999995,0.11599,0.19969,0.0,0.0468,0.11617999999999999,0.04449399999999999
3.589,1.6617979999999999,4.0135,7.007000000000001e-05,0.0007597999999999999,0.0035259400000000004,0.012205,0.8296,0.0037211500000000003,0.01488,0.83775,0.0061145,0.11448000000000001,0.20044499999999998,0.0,0.045910000000000006,0.11393,0.04402
3.598,1.6707979999999998,4.0185,7.193e-05,0.00077008,0.0035242699999999995,0.012455,0.83045,0.0037738,0.015195,0.8382499999999999,0.006201750000000001,0.11454000000000003,0.20324,0.0,0.045689999999999995,0.114315,0.0440455
3.606,1.6787979999999998,4.0425,7.382e-05,0.0007815000000000001,0.003536195,0.012795,0.83515,0.0038412000000000003,0.015620000000000002,0.8427500000000001,0.0063129,0.11525999999999997,0.20653999999999997,0.0,0.04555,0.11554999999999999,0.044128
3.614,1.6867979999999998,4.0605,7.589000000000001e-05,0.00079292,0.00356492,0.013175,0.8382499999999999,0.0039109,0.01611,0.8456999999999999,0.006424299999999999,0.11565999999999999,0.20982499999999998,0.0,0.04547,0.11663000000000001,0.044272000000000006
3.623,1.6957980000000001,4.034,7.832999999999999e-05,0.0007899500000000001,0.0036554799999999996,0.0137,0.8311000000000001,0.00396585,0.016735,0.83845,0.006519849999999999,0.11482999999999999,0.21119,0.0,0.044840000000000005,0.117245,0.0437355
3.631,1.7037979999999997,3.9975,8.071e-05,0.00078842,0.0037285800000000004,0.0141,0.8220999999999999,0.00401475,0.017215,0.8291999999999999,0.00660185,0.11362,0.21203,0.0,0.04418999999999999,0.117485,0.043169
3.639,1.7117979999999997,3.976,8.308e-05,0.00079133,0.00378825,0.01441,0.8164,0.00406835,0.01759,0.82325,0.00669355,0.11277,0.21348499999999998,0.0,0.04377,0.11787,0.0428655
3.648,1.720798,3.979,8.52e-05,0.0007978550000000001,0.0038343900000000005,0.0147,0.8163,0.0041358,0.017945,0.8230000000000001,0.0068063,0.11286999999999997,0.21565,0.0,0.043469999999999995,0.11890999999999999,0.042698
3.656,1.728798,4.021,8.767e-05,0.0008112,0.0038658,0.01495,0.8249,0.0042226,0.01824,0.8315,0.0069544,0.11441000000000001,0.21926499999999996,0.0,0.043329999999999994,0.120845,0.04275899999999999
3.664,1.736798,4.0505,8.942e-05,0.00082076,0.00387322,0.01507,0.83115,0.0043042,0.018375,0.83745,0.0070954,0.11546999999999999,0.22202499999999997,0.0,0.04315,0.12251000000000001,0.042748
3.673,1.745798,4.068,9.146e-05,0.00082678,0.00392495,0.015325,0.83415,0.0043878,0.01867,0.8404,0.0072388,0.11615,0.22485,0.0,0.04289,0.12373,0.04263249999999999
3.681,1.753798,4.0705,9.334e-05,0.00082877,0.00397311,0.01557,0.834,0.00446155,0.018945,0.83975,0.0073682,0.11626,0.226995,0.0,0.04253,0.124625,0.042417
3.689,1.761798,4.0615,9.505e-05,0.00082786,0.0040076999999999995,0.015775,0.8314999999999999,0.004525950000000001,0.01917,0.8370500000000001,0.007483,0.11593,0.228525,0.0,0.04215000000000001,0.12525000000000003,0.04212450000000001
3.697,1.769798,4.0425,9.656999999999999e-05,0.00082502,0.004032945,0.015955,0.82685,0.0045842,0.01935,0.83205,0.0075917,0.11520999999999999,0.229545,0.0,0.04173,0.12571,0.041743
3.706,1.7787979999999999,3.994,9.641000000000001e-05,0.00081653,0.0040547099999999996,0.016120000000000002,0.8156,0.004629350000000001,0.01947,0.8203999999999999,0.0076928,0.11393,0.22859000000000002,0.0,0.04077,0.12593,0.0407395
3.714,1.7867979999999999,3.9385,9.499e-05,0.00080882,0.00407569,0.016335,0.80255,0.0046847,0.019635,0.8070999999999999,0.007810900000000001,0.11253999999999999,0.226995,0.0,0.03968,0.12647000000000003,0.039536999999999996
3.722,1.794798,3.9215,9.559000000000001e-05,0.00080817,0.004133400000000001,0.016730000000000002,0.7975500000000001,0.0047764,0.02005,0.8018,0.007984749999999999,0.11182,0.22817,0.0,0.03929,0.12795,0.039045
3.731,1.8037979999999998,3.9525,9.799e-05,0.00081961,0.00423424,0.017320000000000002,0.80235,0.00490225,0.020705,0.80645,0.00821295,0.11271999999999999,0.23236,0.0,0.03919,0.13035999999999998,0.0389935
3.739,1.8117979999999998,4.011,0.00010135,0.00083724,0.004400155,0.018209999999999997,0.81215,0.005072500000000001,0.021725,0.81615,0.00851205,0.11421999999999999,0.23862000000000003,0.0,0.03949,0.13379999999999997,0.0393505
3.747,1.8197979999999998,3.9955,0.00010232999999999999,0.0008389999999999999,0.00445224,0.018575,0.80765,0.00514635,0.02212,0.81125,0.00865355,0.11339,0.23966,0.0,0.0393,0.13513,0.039070499999999994
3.756,1.8287979999999997,3.8975,0.00010043,0.00082372,0.00435704,0.01826,0.7872,0.005108149999999999,0.02171,0.7901,0.00861115,0.11002999999999999,0.23459999999999998,0.0,0.038489999999999996,0.133965,0.038061
3.764,1.8367979999999997,3.767,9.792e-05,0.0008008049999999999,0.00420351,0.017705,0.76085,0.0050151499999999995,0.02102,0.76275,0.0084762,0.10560000000000001,0.22690999999999997,0.0,0.03752,0.131925,0.036777000000000004
3.772,1.8447979999999997,3.6595,9.662e-05,0.00078247,0.00407473,0.017320000000000002,0.73915,0.004936050000000001,0.020534999999999998,0.7401,0.008364400000000001,0.1017,0.22052999999999998,0.0,0.03687,0.13078,0.0357845
3.781,1.853798,3.585,9.607000000000001e-05,0.0007718099999999999,0.00398818,0.017115,0.724,0.004898399999999999,0.020284999999999997,0.7241,0.0083196,0.0989,0.21643500000000002,0.0,0.03642,0.130395,0.0350875
3.789,1.861798,3.5465,9.629e-05,0.0007692700000000001,0.00395034,0.017099999999999997,0.7158,0.004903650000000001,0.020245,0.7155,0.0083435,0.09739,0.21488500000000002,0.0,0.03611,0.13068000000000002,0.034658999999999995
3.797,1.869798,3.526,9.693000000000001e-05,0.0007707,0.00393719,0.017169999999999998,0.7113499999999999,0.004929900000000001,0.02031,0.7105999999999999,0.008401450000000001,0.09654,0.21464500000000003,0.0,0.035865,0.131245,0.03436
3.805,1.877798,3.502,9.761000000000001e-05,0.00077104,0.00392477,0.017215,0.7061999999999999,0.00495165,0.020345000000000002,0.7049500000000001,0.00845215,0.09564999999999999,0.214275,0.0,0.03555,0.131605,0.0339975
3.814,1.886798,3.474,9.839000000000001e-05,0.00076998,0.00391378,0.01724,0.70015,0.004966150000000001,0.02034,0.69845,0.00849435,0.094695,0.21371000000000004,0.0,0.03515,0.131695,0.033581
3.822,1.894798,3.4455,9.941e-05,0.0007685000000000001,0.0039051000000000003,0.017255,0.69405,0.0049776,0.020315,0.6919500000000001,0.008532449999999999,0.09376000000000001,0.21320499999999998,0.0,0.03473,0.13166,0.033152
3.83,1.902798,3.4195,0.00010071,0.0007670999999999999,0.00389879,0.01727,0.68855,0.0049898500000000005,0.020295,0.6858500000000001,0.008569849999999999,0.09291499999999998,0.21287999999999999,0.0,0.03432,0.13160500000000003,0.032744499999999996
3.839,1.9117979999999999,3.396,0.00010237000000000001,0.0007660549999999999,0.00389384,0.01729,0.6836,0.0050004,0.020275,0.6805,0.008606100000000002,0.092175,0.21266000000000002,0.0,0.0339,0.131595,0.0323395
3.847,1.919798,3.3755,0.0001044,0.0007651800000000001,0.00389099,0.017305,0.6794,0.005012849999999999,0.02026,0.6758,0.0086438,0.09153,0.212625,0.0,0.033495,0.13166,0.03194949999999999
3.855,1.927798,3.3625,0.00010701,0.00076536,0.00389282,0.01734,0.6767000000000001,0.0050307,0.020275,0.67265,0.00868975,0.09112,0.21300000000000002,0.0,0.03312,0.13195,0.0316
3.864,1.9367979999999998,3.3615,0.00011062,0.0007665,0.00390012,0.0174,0.67675,0.00505515,0.020315,0.6723,0.0087456,0.09114000000000001,0.21403500000000003,0.0,0.032799999999999996,0.13257499999999997,0.031295
3.872,1.9447979999999998,3.355,0.0001136,0.0007688,0.00391048,0.017475,0.67555,0.00508085,0.02038,0.67055,0.00880445,0.09093,0.21493500000000001,0.0,0.03248499999999999,0.133005,0.031018
3.88,1.9527979999999998,3.334,0.00011568,0.0007685000000000001,0.00391881,0.017525,0.6709,0.0051,0.02043,0.66545,0.0088521,0.09014,0.21504,0.0,0.03217,0.13309500000000002,0.030697500000000003
3.889,1.9617979999999997,3.2995,0.00011709,0.0007674399999999999,0.00392783,0.01758,0.6632499999999999,0.005115150000000001,0.020479999999999998,0.6573500000000001,0.0088889,0.08888000000000001,0.21456999999999998,0.0,0.03183,0.13278,0.0303485
3.897,1.9697979999999997,3.2855,0.00011904,0.00077176,0.00394262,0.017675,0.6598999999999999,0.0051433,0.02058,0.65375,0.0089473,0.08841000000000002,0.21541500000000002,0.0,0.031479999999999994,0.132755,0.030069
3.905,1.9777979999999997,3.2805,0.00012122,0.00077906,0.00396599,0.0178,0.6585,0.00518385,0.02072,0.65205,0.009027900000000002,0.08833999999999999,0.21701,0.0,0.031115000000000004,0.132855,0.029829999999999995
3.913,1.9857979999999997,3.2855,0.00012342,0.0007884000000000001,0.00399625,0.01796,0.65915,0.0052454,0.020900000000000002,0.6524,0.009141900000000001,0.08853,0.219375,0.0,0.030850000000000002,0.13329000000000002,0.0296955
3.922,1.994798,3.288,0.00012565,0.000797005,0.00401234,0.018075,0.6595,0.0052923499999999995,0.02105,0.65215,0.009227699999999998,0.08859500000000001,0.221335,0.0,0.03057,0.13361499999999998,0.029544
3.93,2.0027980000000003,3.281,0.00012788,0.00080458,0.00401507,0.01814,0.65805,0.00531735,0.021159999999999998,0.65035,0.00927275,0.08844500000000001,0.22263000000000002,0.0,0.03021,0.13355,0.029311499999999997
3.938,2.0107980000000003,3.2755,0.00013018,0.00081334,0.004017465,0.01821,0.6568499999999999,0.00534325,0.021275,0.6488499999999999,0.0093163,0.08837,0.22408999999999998,0.0,0.02984,0.133455,0.029089999999999998
3.947,2.0197979999999998,3.2705,0.000132435,0.0008241399999999999,0.00402817,0.018320000000000003,0.6557,0.00537195,0.021445,0.6473,0.00936725,0.08822500000000001,0.22569,0.0,0.02953,0.13337,0.028932
3.955,2.0277979999999998,3.267,0.00013458,0.00083723,0.00404493,0.018475,0.65465,0.00540645,0.021665,0.64595,0.00942565,0.08808,0.227505,0.0,0.02928,0.13334500000000002,0.028840499999999998
3.963,2.0357979999999998,3.282,0.00013692,0.000852575,0.00406801,0.01867,0.65725,0.00546555,0.021929999999999998,0.6484,0.009528199999999999,0.088525,0.23036,0.0,0.029129999999999996,0.133925,0.0288425
3.972,2.044798,3.2935,0.00013926,0.000865335,0.004085994999999999,0.01882,0.6596500000000001,0.0055178,0.022155,0.65045,0.009613149999999999,0.08885,0.23270999999999997,0.0,0.028990000000000002,0.13450499999999999,0.028825499999999997
3.98,2.052798,3.3,0.0001415,0.0008749599999999999,0.00409904,0.01892,0.66075,0.005560850000000001,0.022355,0.6512,0.00967755,0.08898500000000001,0.23449999999999996,0.0,0.028855,0.134995,0.028775999999999996
3.988,2.060798,3.304,0.00014362,0.000884315,0.0041106400000000005,0.019015,0.6613,0.0056004,0.02255,0.6516500000000001,0.009735549999999999,0.08901999999999999,0.23607499999999998,0.0,0.028725,0.13548,0.0287305
3.997,2.0697979999999996,3.2905,0.0001442,0.000892625,0.00412024,0.019110000000000002,0.65795,0.00563595,0.022735,0.64795,0.00978685,0.08834999999999998,0.236845,0.0,0.02863,0.13556500000000002,0.028693999999999997
4.005,2.0777979999999996,3.28,0.0001422,0.0009223600000000001,0.00413525,0.019405,0.6538499999999999,0.005726500000000001,0.02323,0.64405,0.009911800000000002,0.087625,0.239645,0.0,0.02861,0.13523449999999998,0.028916499999999998
4.013,2.0857979999999996,3.3145,0.00014184,0.00097232,0.00416136,0.019875,0.65925,0.00587485,0.024,0.64965,0.01011315,0.08857000000000001,0.246095,0.0,0.02864,0.13567500000000002,0.029393000000000002
4.021,2.0937979999999996,3.228,0.00014076,0.0009448099999999999,0.0041602900000000005,0.019665000000000002,0.6408,0.0058176,0.023704999999999997,0.6304000000000001,0.0100485,0.085095,0.24045000000000002,0.0,0.028560000000000002,0.135126,0.0289395
4.03,2.102798,3.208,0.00014152,0.00095144,0.00417619,0.019770000000000003,0.6357999999999999,0.0058505,0.02389,0.62515,0.0101,0.08419999999999998,0.24068499999999998,0.0,0.02843,0.135322,0.028806
4.038,2.110798,3.194,0.000142565,0.0009594,0.00419668,0.019905,0.632,0.0058921,0.02413,0.6211,0.010163499999999999,0.08354,0.24124,0.0,0.02828,0.135762,0.028656
4.046,2.118798,3.183,0.00014386,0.0009679,0.00422145,0.020065,0.6287,0.005937649999999999,0.024395,0.6177,0.010233550000000001,0.08298,0.24195200000000003,0.0,0.02815,0.136385,0.028499499999999997
4.055,2.1277979999999994,3.1735,0.0001454,0.0009762,0.004249360000000001,0.020235,0.62585,0.005985850000000001,0.02467,0.6147,0.0103069,0.082495,0.242689,0.0,0.028020000000000003,0.137145,0.028346499999999997
4.063,2.1357979999999994,3.1645,0.00014738,0.0009836,0.004278779999999999,0.020375,0.623,0.0060298999999999995,0.024905,0.61175,0.01037615,0.08194,0.24325,0.0,0.027950000000000003,0.1379565,0.028239
4.071,2.1437979999999994,3.1535,0.00014968,0.0009896,0.0043086800000000005,0.020485,0.62015,0.00606645,0.025095,0.6085,0.010440150000000002,0.08131,0.24358199999999997,0.0,0.027915,0.1387655,0.028151500000000003
4.08,2.1527979999999998,3.139,0.0001522,0.0009942,0.00433833,0.020575,0.6165,0.00609405,0.02522,0.60435,0.0104966,0.08056999999999999,0.243521,0.0,0.02787,0.13949,0.028036000000000002
4.088,2.1607979999999998,3.121,0.00015497,0.0009981999999999999,0.004368240000000001,0.02064,0.6122,0.006112299999999999,0.025305,0.59955,0.01054515,0.079695,0.24308,0.0,0.027819999999999998,0.140154,0.027898
4.096,2.168798,3.102,0.00015801,0.0010016,0.0043992,0.020705,0.60775,0.006126100000000001,0.025375,0.5944499999999999,0.010591999999999999,0.07879,0.24254300000000004,0.0,0.027755000000000002,0.14082299999999998,0.027749
4.105,2.177798,3.087,0.00016123,0.0010076,0.00443261,0.020805,0.6040000000000001,0.00614625,0.02549,0.5901000000000001,0.01064995,0.07799,0.242338,0.0,0.027735,0.1416305,0.0276415
4.113,2.185798,3.078,0.0001646,0.0010172,0.00447054,0.020950000000000003,0.60165,0.006177199999999999,0.025665,0.5871,0.010726550000000001,0.077345,0.242715,0.0,0.027769999999999996,0.14266300000000004,0.0276135
4.121,2.193798,3.0695,0.00016796,0.0010262000000000001,0.004505045,0.021085,0.5992999999999999,0.0062056,0.025815,0.5839,0.010804999999999999,0.076655,0.242998,0.0,0.02784,0.143741,0.027601999999999998
4.129,2.2017979999999993,3.0485,0.00017034,0.0010294,0.004514085,0.02107,0.5949500000000001,0.006207000000000001,0.025759999999999998,0.5787,0.0108458,0.07574,0.24238400000000002,0.0,0.027755000000000002,0.143935,0.027484500000000002
4.138,2.2107979999999996,3.0305,0.000172815,0.001033,0.00452485,0.021060000000000002,0.5911,0.0062112,0.02572,0.5739000000000001,0.0108896,0.074905,0.241997,0.0,0.02768,0.14414300000000002,0.0273725
4.146,2.2187979999999996,3.016,0.00017551,0.0010377000000000001,0.004540615,0.02107,0.58795,0.0062213500000000005,0.025724999999999998,0.5699,0.010939250000000001,0.07419,0.24191600000000002,0.0,0.0276,0.144447,0.027285000000000004
4.154,2.2267979999999996,3.0055,0.000178465,0.0010436,0.00456162,0.021109999999999997,0.5855,0.00623785,0.025775,0.5668,0.010994549999999999,0.073625,0.24218599999999996,0.0,0.027545,0.144834,0.027216
4.163,2.235798,2.9975,0.00018178499999999998,0.0010502,0.00458849,0.021159999999999998,0.5838000000000001,0.0062594,0.025845,0.5641999999999999,0.01105595,0.07314999999999999,0.24270699999999998,0.0,0.02749,0.14529399999999998,0.0271615
4.171,2.243798,2.9895,0.00018542,0.0010577999999999998,0.004615749999999999,0.021195,0.5818000000000001,0.0062824,0.025910000000000002,0.5614,0.011117499999999999,0.07265,0.24327500000000002,0.0,0.027430000000000003,0.14572600000000002,0.027109
4.179,2.251798,2.979,0.00018897,0.001065,0.00463204,0.021185000000000002,0.57955,0.006303950000000001,0.025925,0.5585,0.011173099999999998,0.072095,0.24362899999999998,0.0,0.027365,0.146097,0.027045
4.188,2.2607979999999994,2.9705,0.00019275,0.0010726,0.0046507549999999995,0.021179999999999997,0.57775,0.0063254,0.02595,0.5558000000000001,0.0112294,0.0716,0.2441185,0.0,0.027290000000000002,0.146471,0.0269795
4.196,2.2687979999999994,2.9685,0.00019733,0.0010819,0.00469303,0.021255,0.577,0.00635615,0.02607,0.5544,0.011299549999999998,0.071325,0.245232,0.0,0.027229999999999997,0.14704,0.026955
4.204,2.2767979999999994,2.9715,0.0002025,0.0010929,0.00474971,0.02139,0.5771,0.006393049999999999,0.026265,0.5539000000000001,0.01138235,0.07116,0.2467335,0.0,0.027229999999999997,0.147889,0.026968
4.213,2.2857979999999998,2.978,0.0002083,0.0011056,0.00481965,0.021589999999999998,0.57775,0.0064364,0.026535,0.5539499999999999,0.011472900000000001,0.071075,0.248531,0.0,0.027270000000000003,0.14897500000000002,0.027022500000000005
4.221,2.293798,2.9865,0.0002146,0.0011196000000000001,0.004899280000000001,0.021825,0.5789,0.00647975,0.02685,0.5545,0.0115678,0.071045,0.250543,0.0,0.027334999999999998,0.15014899999999998,0.027091499999999998
4.229,2.301798,2.995,0.0002207,0.0011332,0.004976645000000001,0.022065,0.57995,0.0065226,0.027165,0.5548,0.0116583,0.07098499999999999,0.252452,0.0,0.0274,0.15132400000000001,0.0271605
4.237,2.309798,3.0005,0.0002263,0.001146,0.00503844,0.02225,0.5805,0.006562,0.027430000000000003,0.5548,0.011741,0.07085,0.253978,0.0,0.027460000000000002,0.15248299999999998,0.027214500000000003
4.246,2.318798,3.007,0.000232,0.0011592,0.00509781,0.02243,0.58125,0.00660165,0.027694999999999997,0.55495,0.01182545,0.070705,0.25547000000000003,0.0,0.027549999999999998,0.1537395,0.0272845
4.254,2.3267979999999993,3.0105,0.00023720000000000002,0.0011702,0.005139035,0.022565,0.5818,0.0066353,0.0279,0.5546500000000001,0.01189805,0.07045,0.256417,0.0,0.02767,0.155056,0.027334500000000005
4.262,2.3347979999999993,3.0135,0.00024229999999999998,0.001181,0.005173860000000001,0.02268,0.58205,0.0066659499999999995,0.028095000000000002,0.55415,0.0119671,0.07016499999999999,0.25716300000000003,0.0,0.027790000000000002,0.15640900000000002,0.027381499999999996
4.271,2.3437979999999996,3.015,0.0002472,0.0011913000000000002,0.005203869999999999,0.022785,0.5821000000000001,0.0066925000000000005,0.02827,0.55365,0.012029849999999998,0.06983500000000001,0.257729,0.0,0.02791,0.1577575,0.0274215
4.279,2.3517979999999996,3.0155,0.000252,0.0012014,0.00522907,0.022875,0.582,0.0067182,0.02844,0.5527,0.0120866,0.06949,0.258167,0.0,0.02802,0.15909049999999997,0.027445999999999998
4.287,2.3597979999999996,3.0195,0.00025679999999999995,0.0012124,0.00525251,0.022965,0.5827,0.006756700000000001,0.028655,0.5528,0.012152900000000001,0.06917499999999999,0.2587755,0.0,0.02819,0.160771,0.027500000000000004
4.296,2.368798,3.0275,0.0002615,0.0012245000000000001,0.00527527,0.023065000000000002,0.584,0.006809250000000001,0.028925,0.5536,0.012228900000000001,0.06892,0.25959200000000004,0.0,0.02842,0.16281050000000002,0.027587
4.304,2.376798,3.034,0.00026619999999999997,0.0012362,0.00529644,0.02315,0.585,0.006860450000000001,0.029185000000000003,0.5541499999999999,0.012302649999999998,0.06860999999999999,0.260295,0.0,0.02864,0.164851,0.027663
4.312,2.384798,3.039,0.0002712,0.0012474,0.00532087,0.02323,0.5858000000000001,0.0069081,0.029429999999999998,0.55425,0.012370450000000002,0.068255,0.2609205,0.0,0.02885,0.166783,0.027729999999999998
4.321,2.3937979999999994,3.0405,0.000276,0.0012577999999999999,0.005345515,0.023285,0.58575,0.0069476,0.029644999999999998,0.55385,0.012428850000000002,0.067865,0.261471,0.0,0.028990000000000002,0.1683635,0.027768
4.329,2.4017979999999994,3.0345,0.0002808,0.00126605,0.005369405,0.02331,0.5842,0.006969199999999999,0.02978,0.55185,0.01246355,0.06733,0.26164899999999996,0.0,0.029040000000000003,0.169285,0.027744500000000002
4.337,2.4097979999999994,3.009,0.0002855,0.0012695,0.00539046,0.023260000000000003,0.5787,0.0069429,0.02972,0.54575,0.01244075,0.0664,0.260671,0.0,0.02887,0.16886800000000002,0.0275695
4.345,2.4177979999999994,2.9705,0.00029029999999999995,0.0012694,0.00540907,0.02316,0.5705,0.006881399999999999,0.02953,0.53705,0.012373499999999999,0.06522,0.258883,0.0,0.02854,0.167481,0.027285000000000004
4.354,2.426798,2.933,0.0002944,0.0012688999999999999,0.00542166,0.023039999999999998,0.5626,0.0068277,0.02937,0.52885,0.012302900000000002,0.06406,0.257005,0.0,0.02823,0.166336,0.027004
4.362,2.434798,2.905,0.0002989,0.0012715,0.00543856,0.022965,0.55635,0.006797299999999999,0.029315,0.52245,0.012254000000000001,0.06309000000000001,0.255819,0.0,0.02801,0.1656755,0.026791000000000002
4.37,2.442798,2.8875,0.00030419999999999997,0.0012786,0.00546624,0.02296,0.55225,0.00679635,0.029405,0.5183,0.0122337,0.062345000000000005,0.25544300000000003,0.0,0.02792,0.165757,0.026681999999999997
4.379,2.4517979999999993,2.874,0.0003098,0.0012871,0.005496770000000001,0.022969999999999997,0.5487,0.0068042499999999995,0.029535,0.51515,0.01221545,0.061704999999999996,0.25532350000000004,0.0,0.02784,0.165976,0.026591499999999997
4.387,2.4597979999999993,2.862,0.0003155,0.0012962000000000002,0.005527745,0.02298,0.5456000000000001,0.0068148,0.029685,0.5122500000000001,0.012194650000000001,0.061134999999999995,0.255361,0.0,0.02776,0.166186,0.026506
4.395,2.4677979999999993,2.855,0.0003215,0.0013068,0.005564389999999999,0.02302,0.54345,0.00683335,0.02987,0.5105500000000001,0.0121802,0.060765,0.25590900000000005,0.0,0.027674999999999998,0.166372,0.0264345
4.404,2.4767979999999996,2.8535,0.0003278,0.0013195,0.00560541,0.023105,0.54225,0.00685855,0.030105,0.51015,0.01216975,0.06057,0.2568685,0.0,0.027604999999999998,0.16667150000000003,0.026391
4.412,2.4847979999999996,2.8515,0.0003343,0.0013324,0.00564509,0.0232,0.5409,0.006878500000000001,0.030355,0.5096499999999999,0.01214535,0.060349999999999994,0.2575945,0.0,0.027549999999999998,0.16700099999999996,0.026359
4.42,2.4927979999999996,2.8515,0.0003409,0.0013467000000000002,0.00568746,0.0233,0.5399,0.006905099999999999,0.03062,0.5097,0.01212255,0.060215000000000005,0.25853950000000003,0.0,0.027504999999999998,0.1673355,0.0263385
4.429,2.501798,2.8535,0.0003473,0.0013612000000000001,0.005727230000000001,0.023395,0.5393,0.00694005,0.030885000000000003,0.51025,0.012105850000000001,0.060164999999999996,0.2597345,0.0,0.02746,0.167643,0.026328999999999998
4.437,2.509798,2.8575,0.00035400000000000004,0.001377,0.005771445,0.0235,0.53895,0.00698205,0.031164999999999998,0.5112000000000001,0.01209485,0.060184999999999995,0.26114950000000003,0.0,0.02741,0.167969,0.0263321
4.445,2.517798,2.864,0.000361,0.0013943999999999998,0.005820225,0.023625,0.5392,0.007032399999999999,0.031465,0.51275,0.01209565,0.06026,0.2628565,0.0,0.02739,0.1684,0.0263586
4.453,2.525798,2.8735,0.00036840000000000006,0.0014134999999999998,0.005871,0.023765,0.5398000000000001,0.007089999999999999,0.03179,0.51475,0.012107300000000001,0.060385,0.2648145,0.0,0.02738,0.16895949999999998,0.026407899999999998
4.462,2.5347979999999994,2.885,0.00037600000000000003,0.0014340000000000002,0.005926290000000001,0.023925000000000002,0.5407500000000001,0.0071541999999999994,0.03214,0.51715,0.01212975,0.060575000000000004,0.2669985,0.0,0.027395000000000003,0.1696095,0.026479499999999996
4.47,2.5427979999999994,2.8985,0.0003841,0.0014559999999999998,0.005984359999999999,0.0241,0.5422,0.0072250000000000005,0.032505,0.5201,0.0121613,0.060805,0.26940600000000003,0.0,0.02742,0.17037599999999997,0.026568799999999997
4.478,2.5507979999999995,2.914,0.0003924,0.0014797,0.0060439099999999996,0.02429,0.54405,0.0073031,0.03289,0.5231999999999999,0.0122021,0.061075,0.27203700000000003,0.0,0.027475000000000003,0.171263,0.0266784
4.487,2.559798,2.931,0.000401,0.0015045,0.006107915,0.024489999999999998,0.54605,0.00738455,0.033284999999999995,0.5267,0.012250900000000002,0.061375,0.274824,0.0,0.02753,0.17218,0.0267994
4.495,2.567798,2.945,0.0004098,0.0015281000000000001,0.00617106,0.02468,0.5474000000000001,0.00746035,0.033635,0.5296000000000001,0.012290599999999999,0.061599999999999995,0.2773105,0.0,0.02758,0.17305199999999998,0.0269007
4.503,2.575798,2.9555,0.0004189,0.0015505,0.00623519,0.02485,0.54805,0.00752855,0.033925,0.5319,0.0123203,0.061715,0.279539,0.0,0.0276,0.17371999999999999,0.02697235
4.512,2.5847979999999993,2.965,0.00042780000000000004,0.0015731999999999999,0.006300190000000001,0.024995,0.54845,0.007595600000000001,0.034159999999999996,0.5339499999999999,0.012351699999999998,0.06188,0.281921,0.0,0.027555,0.17411849999999998,0.02701705
4.52,2.5927979999999993,2.9745,0.0004366,0.0015968,0.00636825,0.025135,0.5488500000000001,0.0076662,0.034345,0.5362,0.012391949999999999,0.0621,0.284625,0.0,0.027450000000000002,0.174203,0.02703615
4.528,2.6007979999999993,2.993,0.0004477,0.0016245,0.00647887,0.025325,0.5506,0.007770600000000001,0.03454,0.5402,0.01248335,0.062685,0.289049,0.0,0.027245,0.17411249999999998,0.0270457
4.537,2.6097979999999996,3.0555,0.00046689999999999996,0.0016753000000000002,0.006742410000000001,0.025885,0.56,0.0080022,0.03505,0.552,0.012801650000000001,0.064765,0.30027000000000004,0.0,0.026915,0.174371,0.027199
4.545,2.6177979999999996,3.0665,0.0004792,0.00169335,0.006909369999999999,0.026055000000000002,0.5593,0.008093099999999999,0.03526,0.5548,0.01281505,0.06541,0.305408,0.0,0.026385,0.1727715,0.027008149999999998
4.553,2.6257979999999996,3.038,0.00048479999999999997,0.0017012,0.00695247,0.02593,0.55045,0.0080962,0.03515,0.5514000000000001,0.0126144,0.06476,0.30549099999999996,0.0,0.02586,0.170317,0.026679300000000003
4.561,2.6337979999999996,3.0115,0.00049,0.0017067999999999999,0.00698974,0.02579,0.5427,0.0080934,0.035055,0.54805,0.012432450000000001,0.06422,0.305564,0.0,0.025359999999999997,0.16788599999999998,0.0263616
4.57,2.642798,2.9875,0.0004953000000000001,0.0017137,0.00702791,0.025655,0.5357,0.00809195,0.034960000000000005,0.54495,0.012266200000000001,0.06378,0.305932,0.0,0.024845,0.1654275,0.0260623
4.578,2.650798,2.9645,0.0005004,0.0017204000000000002,0.00706435,0.02552,0.52905,0.00808915,0.034845,0.54205,0.01211335,0.06343,0.30646699999999993,0.0,0.02431,0.162831,0.02577
4.586,2.658798,2.941,0.000505,0.0017266000000000002,0.007096,0.025365,0.5224,0.008081149999999999,0.034675,0.5389,0.011965550000000002,0.063115,0.30703,0.0,0.02373,0.159971,0.0254611
4.595,2.6677979999999994,2.915,0.0005088,0.0017308000000000002,0.0071252600000000004,0.025185,0.51555,0.008063149999999998,0.034425,0.53535,0.011815899999999999,0.06281,0.30747199999999997,0.0,0.023095,0.156777,0.0251208
4.603,2.6757979999999995,2.883,0.0005112999999999999,0.0017309,0.007138960000000001,0.02494,0.5076,0.008025000000000001,0.034045000000000006,0.53055,0.01164865,0.06238500000000001,0.307149,0.0,0.022405,0.1531825,0.02472865
4.611,2.6837979999999995,2.8485,0.0005135000000000001,0.0017284499999999999,0.007148855,0.024665,0.49949999999999994,0.00797645,0.0336,0.5254500000000001,0.011477600000000001,0.06197,0.30662100000000003,0.0,0.021679999999999998,0.149364,0.024309499999999998
4.62,2.692798,2.8175,0.00051585,0.0017271,0.007166130000000001,0.024415,0.49185000000000006,0.007937,0.03318,0.5207,0.0113196,0.06164499999999999,0.30642450000000004,0.0,0.020965,0.145656,0.02390995
4.628,2.700798,2.7985,0.0005200000000000001,0.0017346500000000001,0.00720173,0.02424,0.4863,0.00794725,0.03288,0.51885,0.0112098,0.06163999999999999,0.30770900000000007,0.0,0.02031,0.14245799999999997,0.023589899999999997
4.636,2.708798,2.795,0.0005263,0.0017533499999999999,0.007260379999999999,0.024135,0.48310000000000003,0.0080194,0.032744999999999996,0.5202,0.01115115,0.062040000000000005,0.310778,0.0,0.019703,0.139834,0.0233615
4.645,2.7177979999999993,2.7945,0.0005333,0.0017744999999999998,0.007323850000000001,0.024050000000000002,0.48029999999999995,0.00810075,0.032635,0.52215,0.0111021,0.06253,0.314263,0.0,0.019094,0.13722399999999998,0.02314235
4.653,2.7257979999999993,2.7875,0.0005401,0.00179235,0.00737424,0.02395,0.47645000000000004,0.0081575,0.032455,0.52295,0.01102395,0.06287,0.31705599999999995,0.0,0.018453999999999998,0.134261,0.022888650000000003
4.661,2.7337979999999993,2.7795,0.0005473,0.00181075,0.007426160000000001,0.02386,0.47235,0.008206350000000001,0.032275,0.5236000000000001,0.01093595,0.063165,0.319656,0.0,0.017835999999999998,0.131314,0.022646400000000004
4.669,2.7417979999999993,2.7765,0.0005561,0.0018322999999999998,0.007492750000000001,0.023855,0.46909999999999996,0.00826375,0.03218,0.5249999999999999,0.01086525,0.063445,0.322357,0.0,0.017362500000000003,0.129108,0.0224918
4.678,2.7507979999999996,2.7725,0.0005662,0.0018567999999999998,0.0075586099999999995,0.023905,0.46555,0.0083091,0.03214,0.52615,0.01077945,0.06358,0.324502,0.0,0.016996999999999998,0.127378,0.02238465
4.686,2.7587979999999996,2.7715,0.00057795,0.00188625,0.007636555,0.024024999999999998,0.4625,0.008356549999999999,0.032170000000000004,0.5277499999999999,0.0106985,0.06373000000000001,0.32685600000000004,0.0,0.016682,0.125941,0.02232285
4.694,2.7667979999999996,2.7735,0.0005909,0.0019200999999999999,0.007724620000000001,0.024205,0.45994999999999997,0.008408849999999999,0.032240000000000005,0.5298499999999999,0.010627850000000001,0.06393,0.329509,0.0,0.016411000000000002,0.12476299999999999,0.022298949999999998
4.703,2.775798,2.773,0.0006033999999999999,0.0019529,0.007790350000000001,0.024364999999999998,0.4569,0.0084516,0.03227,0.53165,0.0105489,0.06402000000000001,0.331605,0.0,0.016162,0.12367399999999999,0.0222566
4.711,2.783798,2.7695,0.000615,0.0019846,0.0078311,0.024489999999999998,0.45360000000000006,0.00848685,0.032235,0.5329999999999999,0.010461,0.06402000000000001,0.333134,0.0,0.01593,0.12267,0.022188999999999997
4.719,2.791798,2.7665,0.0006276999999999999,0.0020158,0.007876265,0.024625,0.45039999999999997,0.00852365,0.032189999999999996,0.5345,0.010373549999999999,0.064015,0.334653,0.0,0.0157055,0.121715,0.022111
4.728,2.8007979999999995,2.766,0.00064205,0.0020466,0.00793801,0.024795,0.44725,0.00856705,0.03215,0.5365,0.010292349999999999,0.06408,0.33650800000000003,0.0,0.015489,0.120838,0.022039499999999997
4.736,2.8087979999999995,2.7765,0.0006605,0.0020835999999999997,0.008054065,0.025079999999999998,0.44589999999999996,0.0086402,0.03222,0.5408,0.01024805,0.064445,0.33994800000000003,0.0,0.0152825,0.12015300000000001,0.0220295
4.744,2.8167979999999995,2.8,0.0006844,0.0021276999999999997,0.008241305,0.025500000000000002,0.4465,0.008753549999999999,0.03241,0.5476000000000001,0.0102506,0.06519499999999999,0.34549100000000005,0.0,0.015085000000000001,0.119674,0.0221015
4.753,2.825798,2.84,0.0007141,0.0021798,0.00851149,0.02608,0.4494,0.00891485,0.03276,0.5576000000000001,0.010313600000000001,0.06643,0.353467,0.0,0.014897,0.119422,0.022266
4.761,2.833798,2.909,0.0007511999999999999,0.0022481000000000003,0.008889919999999999,0.0269,0.45699999999999996,0.00916925,0.03337,0.5734,0.0104886,0.06844999999999998,0.36549,0.0,0.014763000000000002,0.119944,0.0225975
4.769,2.841798,3.0135,0.0007961,0.0023389,0.00937896,0.02799,0.4702,0.009545399999999999,0.034305,0.59645,0.01080455,0.071435,0.382385,0.0,0.014699,0.121505,0.023085
4.777,2.849798,3.071,0.0008279,0.0024061,0.00966413,0.02867,0.47585000000000005,0.009785950000000002,0.03472,0.6104,0.01095455,0.07305,0.39242,0.0,0.0146,0.12224299999999999,0.0233
4.786,2.8587979999999993,3.087,0.0008477,0.0024544,0.0097591,0.028975,0.47500000000000003,0.009905549999999999,0.034675,0.6164000000000001,0.0109604,0.073475,0.39627500000000004,0.0,0.014473,0.12221,0.023264999999999997
4.794,2.8667979999999993,3.0815,0.0008623000000000001,0.00248965,0.00978095,0.029115000000000002,0.47050000000000003,0.009953400000000001,0.03436,0.6181,0.010883750000000001,0.07341,0.397547,0.0,0.014232000000000002,0.12110599999999999,0.023079
4.802,2.8747979999999993,3.056,0.0008726,0.0025125,0.0097459,0.029124999999999998,0.4626,0.009934499999999999,0.033784999999999996,0.61615,0.01072745,0.072895,0.39649400000000007,0.0,0.013873,0.118901,0.022747
4.811,2.8837979999999996,3.0135,0.0008796499999999999,0.002524,0.0096682,0.029019999999999997,0.45165,0.00986285,0.032995,0.6111,0.0104996,0.072,0.393533,0.0,0.013422,0.115752,0.022303000000000003
4.819,2.8917979999999996,2.955,0.0008827,0.0025239,0.0095481,0.028789999999999996,0.4377,0.009744800000000001,0.031994999999999996,0.603,0.01020385,0.07074499999999999,0.3886879999999999,0.0,0.012893000000000002,0.11178400000000001,0.021762000000000004
4.827,2.8997979999999997,2.865,0.0008731000000000001,0.00249965,0.009286699999999998,0.02821,0.4189,0.009541850000000001,0.030595,0.5892999999999999,0.00979415,0.068685,0.3793774999999999,0.0,0.012280999999999999,0.106815,0.02102
4.836,2.908798,2.742,0.0008498,0.00245,0.0088695,0.02726,0.39495,0.00925395,0.02877,0.5692999999999999,0.00926825,0.06577,0.3653719999999999,0.0,0.011589,0.10081899999999999,0.0200783
4.844,2.916798,2.59,0.0008131000000000001,0.0023777,0.00831594,0.025974999999999998,0.36624999999999996,0.0088852,0.026595,0.54405,0.0086361,0.06214,0.347298,0.0,0.010799,0.093831,0.018951699999999995
4.852,2.924798,2.402,0.0007599,0.0022829,0.00762018,0.02429,0.332245,0.00840735,0.02409,0.5112,0.0078776,0.057545,0.324137,0.0,0.009922,0.08582000000000001,0.0176458
4.861,2.9337979999999995,2.262,0.0007222000000000001,0.0022199,0.007157800000000001,0.02309,0.30578000000000005,0.008065949999999999,0.022170000000000002,0.48724999999999996,0.00729435,0.054275,0.308105,0.0,0.009125999999999999,0.078928,0.016666
4.869,2.9417979999999995,2.149,0.0006908999999999999,0.0021729,0.00678566,0.02211,0.28397,0.0078011999999999995,0.020585,0.46835,0.00681905,0.05164,0.295413,0.0,0.008451,0.07317199999999999,0.01588325
4.877,2.9497979999999995,2.064,0.0006657,0.002144,0.00649929,0.02135,0.26725,0.00761185,0.019355,0.45405000000000006,0.006463149999999999,0.049624999999999996,0.28597399999999995,0.0,0.007939,0.068862,0.015328749999999999
4.885,2.9577979999999995,2.006,0.0006460999999999999,0.002133,0.00628979,0.020804999999999997,0.255245,0.007503849999999999,0.018425,0.44505,0.00621915,0.048275000000000005,0.28010799999999997,0.0,0.007526,0.065582,0.014959700000000001
4.894,2.966798,1.962,0.0006288999999999999,0.0021276999999999997,0.00611018,0.02035,0.245765,0.00743215,0.017655,0.43875,0.006033200000000001,0.047259999999999996,0.27582599999999996,0.0,0.007174,0.062962,0.014675849999999999
4.902,2.974798,1.9095,0.0006085999999999999,0.00210795,0.00591721,0.019790000000000002,0.23612499999999997,0.00730545,0.016845,0.4296,0.0058334500000000004,0.046125,0.270395,0.0,0.00675,0.059879,0.0143093
4.91,2.982798,1.8645,0.0005917,0.0020913999999999998,0.0057548600000000005,0.01931,0.22796499999999997,0.0071947,0.01613,0.42205,0.005663350000000001,0.045204999999999995,0.26601,0.0,0.006344000000000001,0.057029,0.0139865
4.919,2.9917979999999993,1.8295,0.0005798,0.0020829,0.005635739999999999,0.01894,0.220995,0.0071150499999999995,0.01551,0.4164,0.00551735,0.044535000000000005,0.26297349999999997,0.0,0.005952000000000001,0.054397,0.0137148
4.927,2.9997979999999993,1.7975,0.0005709,0.002081,0.005541965,0.01863,0.21425000000000002,0.0070484,0.014929999999999999,0.41175,0.005374,0.0439535,0.260498,0.0,0.005574,0.051869,0.013478799999999999
4.935,3.0077979999999993,1.7695,0.0005662,0.0020856,0.005473250000000001,0.0184,0.20765,0.00699485,0.014395,0.4079,0.005231695,0.043447,0.258546,0.0,0.005212,0.049460000000000004,0.013273899999999998
4.944,3.0167979999999996,1.7375,0.0005717,0.002087,0.005387089999999999,0.01813,0.20093,0.0069185,0.013850000000000001,0.4028,0.00508647,0.04283,0.255898,0.0,0.004863,0.0471105,0.013040699999999999
4.952,3.0247979999999997,1.694,0.0005877,0.0020746999999999996,0.005248299999999999,0.017745,0.193305,0.0067788,0.013219999999999999,0.39465,0.004921605000000001,0.041883000000000004,0.251274,0.0,0.00452,0.044702500000000006,0.012714399999999999
4.96,3.0327979999999997,1.621,0.000611,0.0020251,0.00500285,0.017079999999999998,0.182565,0.0065138999999999996,0.012385,0.37934,0.004675185,0.040129500000000005,0.24162699999999998,0.0,0.00419,0.042076,0.012156800000000002
4.969,3.041798,1.538,0.0006751,0.0019558500000000003,0.00473263,0.016274999999999998,0.17156,0.00618525,0.011545,0.36064,0.0044177800000000005,0.0380205,0.22963899999999998,0.0,0.003974999999999999,0.039861499999999994,0.0115546
4.977,3.049798,1.456,0.0008884499999999999,0.0018911,0.004452735,0.01545,0.160715,0.0058445500000000004,0.010725,0.34132999999999997,0.0041668750000000004,0.035738,0.2163145,0.0,0.004007,0.038844000000000004,0.0109637
4.985,3.057798,1.379,0.0013639000000000001,0.0018337499999999999,0.00417055,0.014625,0.15063,0.0054965000000000005,0.009969,0.32138,0.003939305,0.033445499999999996,0.202196,0.0,0.004309,0.038895,0.010403550000000001
4.993,3.065798,1.306,0.002086,0.0017756,0.00387826,0.013745,0.14145999999999997,0.005138449999999999,0.0092595,0.30084,0.00373991,0.031196500000000002,0.18749200000000002,0.0,0.0048070000000000005,0.03956,0.00984795
5.002,3.0747979999999995,1.238,0.003039,0.00171375,0.00357413,0.012799999999999999,0.13338499999999998,0.0047735,0.0085945,0.27962000000000004,0.0035743299999999997,0.029028,0.17234049999999995,0.0,0.005475,0.040708,0.009289750000000001
5.01,3.0827979999999995,1.1795,0.004236,0.00165555,0.00327973,0.011835,0.127315,0.0044188000000000005,0.0080345,0.25873999999999997,0.003466645,0.0270225,0.1573625,0.0,0.00637,0.042793,0.0087757
5.018,3.0907979999999995,1.1395,0.0056830000000000006,0.0016179999999999999,0.0030370700000000002,0.01097,0.124215,0.004099,0.007673999999999999,0.239795,0.0034421850000000004,0.025362000000000003,0.143838,0.0,0.0075255,0.046077,0.00839375
5.027,3.099798,1.1225,0.007349,0.0016154999999999997,0.0028764249999999997,0.010304500000000001,0.12451,0.00382985,0.007565500000000001,0.22396,0.0035117,0.024173999999999998,0.132902,0.0,0.008921,0.050481,0.008207
5.035,3.107798,1.1335,0.009143,0.0016589999999999999,0.0028189800000000004,0.0099075,0.1288,0.00363974,0.0077395,0.21276,0.003690125,0.0235505,0.12541999999999998,0.0,0.0105365,0.056223,0.0082635
5.043,3.115798,1.1815,0.011063,0.0017630999999999999,0.00291708,0.0099025,0.137385,0.00357772,0.008239,0.20884,0.003986795,0.0237515,0.12301,0.0,0.012362,0.06329,0.00863585
5.052,3.1247979999999993,1.252,0.013104,0.0019097000000000003,0.003149735,0.0101745,0.14826499999999998,0.0035897499999999996,0.00897,0.208965,0.0043421499999999995,0.024468000000000004,0.1235405,0.0,0.014336499999999999,0.071162,0.009208049999999999
5.06,3.1327979999999993,1.316,0.015056,0.00207275,0.003420025,0.01049,0.157175,0.0035979500000000004,0.009676500000000001,0.20890999999999998,0.004625450000000001,0.0250055,0.1231785,0.0,0.016280500000000003,0.07910750000000001,0.0097582
5.068,3.1407979999999993,1.3705,0.016734,0.0022376,0.00367705,0.010775,0.16396,0.0036149499999999996,0.010273000000000001,0.20924,0.004836399999999999,0.0252765,0.12193600000000002,0.0,0.018087,0.087018,0.010235600000000001
5.077,3.1497979999999997,1.4295,0.0182,0.0024113,0.0039541,0.011120000000000001,0.17158,0.0036682999999999998,0.01089,0.21154,0.0050665,0.02562,0.121886,0.0,0.019817,0.095143,0.010741
5.085,3.1577979999999997,1.497,0.019454,0.0025974,0.00425735,0.01154,0.181015,0.00376515,0.011564999999999999,0.21623,0.005348,0.0261405,0.12373700000000001,0.0,0.02147,0.103517,0.011305
5.093,3.1657979999999997,1.572,0.0205,0.0027963,0.0045863,0.012039999999999999,0.19226,0.0039038500000000004,0.01231,0.22331499999999999,0.00568125,0.0268405,0.1275085,0.0,0.023045,0.112115,0.011925349999999998
5.101,3.1737979999999997,1.6565,0.02138,0.0030072000000000002,0.00494125,0.01262,0.205315,0.0040857,0.01312,0.23283,0.0060641,0.0277425,0.13321100000000002,0.0,0.02456,0.120948,0.012607150000000001
5.11,3.182798,1.749,0.0223,0.0032191000000000003,0.005319249999999999,0.01321,0.22027000000000002,0.004282599999999999,0.014015,0.243045,0.0065019000000000006,0.028845,0.14007699999999998,0.0,0.026119999999999997,0.12994050000000001,0.01332845
5.118,3.190798,1.876,0.02328,0.0034769000000000006,0.005757399999999999,0.014045,0.24039,0.0045921,0.015165,0.259945,0.007081250000000001,0.030828500000000002,0.15265199999999998,0.0,0.02768,0.13938,0.0142424
5.126,3.198798,2.027,0.02434,0.00376505,0.0062515,0.014995,0.26531499999999997,0.004959750000000001,0.01655,0.280225,0.007794150000000001,0.033439500000000004,0.169382,0.0,0.02926,0.14910400000000001,0.0152813
5.135,3.2077979999999995,2.2075,0.02546,0.0040826000000000005,0.0068036,0.01602,0.298065,0.0053692,0.018334999999999997,0.30269,0.008717800000000001,0.0367715,0.191359,0.0,0.03084,0.159171,0.0164648
5.143,3.2157979999999995,2.4405,0.02678,0.0044659,0.00750065,0.01725,0.34319999999999995,0.0058577,0.0208,0.32977,0.00996735,0.0413775,0.222364,0.0,0.03249,0.16989600000000002,0.017974499999999997
5.151,3.2237979999999995,2.781,0.02854,0.0049969,0.008564249999999999,0.019015,0.41174999999999995,0.0065168,0.024645,0.36730999999999997,0.01182,0.04864,0.27173650000000005,0.0,0.03433,0.18177700000000002,0.0202387
5.16,3.232798,3.053,0.0301,0.0054585,0.009511,0.020575,0.46235000000000004,0.0070868,0.027479999999999997,0.39990499999999995,0.0131976,0.05419999999999999,0.30901,0.0,0.036129999999999995,0.19310699999999997,0.022042
5.168,3.240798,3.26,0.03156,0.00585,0.010362,0.021885,0.49665000000000004,0.007544400000000001,0.02944,0.426385,0.0141405,0.058155,0.33483999999999997,0.0,0.037865,0.20375749999999998,0.023398500000000003
5.176,3.248798,3.427,0.03304,0.0062028000000000005,0.0111675,0.02302,0.52075,0.00792505,0.030875,0.44886000000000004,0.0148045,0.061184999999999996,0.353866,0.0,0.03955,0.213544,0.024494000000000002
5.185,3.2577979999999993,3.57,0.03452,0.006532,0.011948599999999998,0.023989999999999997,0.5394,0.008247250000000001,0.03203,0.46805,0.015312599999999999,0.063805,0.36981,0.0,0.041075,0.22159399999999999,0.025446499999999997
5.193,3.2657979999999993,3.701,0.03606,0.006851,0.012740850000000001,0.024864999999999998,0.5553,0.008538400000000002,0.033060000000000006,0.48550000000000004,0.015743550000000002,0.06631,0.384811,0.0,0.042465,0.228216,0.026336
5.201,3.2737979999999993,3.836,0.03772,0.007181999999999999,0.0135996,0.025755,0.57155,0.0088296,0.034125,0.50295,0.01617175,0.06892000000000001,0.4005485,0.0,0.043875,0.234593,0.027270999999999997
5.209,3.2817979999999993,3.976,0.03944,0.0075239999999999994,0.0145166,0.02667,0.5881500000000001,0.00912225,0.035235,0.52075,0.01660885,0.07169500000000001,0.41735449999999996,0.0,0.045275,0.240695,0.028259
5.218,3.2907979999999997,4.064,0.04124,0.00782,0.015336899999999999,0.027225,0.5948,0.00924325,0.03599,0.5293,0.0167442,0.07323500000000001,0.425389,0.0,0.04665,0.24548399999999998,0.029054500000000004
5.226,3.2987979999999997,4.177,0.04324,0.008144,0.0165267,0.027935,0.6053499999999999,0.00937505,0.03705,0.53965,0.0169488,0.07539,0.438338,0.0,0.04808,0.250012,0.0301505
5.234,3.3067979999999997,4.26,0.0449,0.008458,0.01760325,0.028470000000000002,0.61005,0.00947135,0.037724999999999995,0.5476000000000001,0.017008250000000003,0.07687000000000001,0.447317,0.0,0.04929,0.253734,0.0310385
5.243,3.315798,4.2535,0.045270000000000005,0.008652,0.0178273,0.02839,0.60415,0.009477900000000001,0.037495,0.5475000000000001,0.016846550000000002,0.076345,0.443983,0.0,0.04977000000000001,0.255869,0.031088
5.251,3.323798,4.232,0.04512,0.008774,0.017919099999999997,0.028135,0.5989,0.0094688,0.037180000000000005,0.54565,0.016707450000000002,0.07555,0.43993899999999997,0.0,0.049909999999999996,0.25701,0.030939999999999995
5.259,3.331798,4.217,0.04504999999999999,0.008902,0.01806745,0.02786,0.595,0.0094681,0.036930000000000004,0.54415,0.01660565,0.07504,0.4378409999999999,0.0,0.04998,0.257314,0.030843999999999996
5.268,3.3407979999999995,4.2125,0.04504999999999999,0.009041,0.0182943,0.027615,0.59325,0.009484900000000001,0.036785,0.5436,0.016561150000000004,0.07490500000000001,0.438256,0.0,0.04999,0.256961,0.030835
5.276,3.3487979999999995,4.2295,0.04513,0.009201,0.0186702,0.0275,0.59575,0.00953045,0.03692,0.54515,0.016620700000000002,0.07535,0.442699,0.0,0.04998,0.25646199999999997,0.0310105
5.284,3.3567979999999995,4.2545,0.04521,0.009353,0.019123249999999998,0.027405,0.6,0.00958305,0.03715,0.54725,0.01672025,0.07609,0.449391,0.0,0.04982,0.255348,0.031261
5.293,3.365798,4.2735,0.044570000000000005,0.009443,0.0195878,0.027305,0.60625,0.0096446,0.037395,0.55,0.01687115,0.07677999999999999,0.457606,0.0,0.04915,0.253763,0.031497
5.301,3.373798,4.293,0.043609999999999996,0.009513,0.020038100000000003,0.027195,0.61405,0.00971665,0.03769,0.55305,0.01706795,0.07749,0.466848,0.0,0.048244999999999996,0.252154,0.031730999999999995
5.309,3.381798,4.3195,0.04282,0.009611,0.0204814,0.027090000000000003,0.62295,0.00980195,0.038065,0.5568000000000001,0.01730085,0.07843,0.47687999999999997,0.0,0.0474,0.250671,0.031983500000000005
5.317,3.389798,4.339,0.042230000000000004,0.009732,0.0207904,0.026875,0.6305499999999999,0.009866,0.03839,0.5588500000000001,0.01749465,0.079265,0.48478999999999994,0.0,0.04664,0.24935000000000002,0.0321165
5.326,3.3987979999999993,4.406,0.04239,0.009972,0.021123799999999998,0.026815,0.64575,0.0100551,0.039080000000000004,0.5667,0.0179342,0.081315,0.49719199999999997,0.0,0.0464,0.250586,0.032351
5.334,3.4067979999999993,4.403,0.04306,0.010191,0.0210078,0.026250000000000002,0.6461,0.0100391,0.039175,0.5628500000000001,0.0179493,0.081755,0.495527,0.0,0.04639,0.250729,0.0321095
5.342,3.4147979999999993,4.343,0.04367,0.010353000000000001,0.020594,0.02534,0.63565,0.0098615,0.038815,0.55035,0.01764475,0.08075,0.48407900000000004,0.0,0.046285,0.249716,0.03156249999999999
5.351,3.4237979999999997,4.2745,0.04413,0.010493,0.0201612,0.02441,0.62375,0.0096627,0.038400000000000004,0.5368499999999999,0.017303899999999997,0.07940499999999999,0.47132,0.0,0.04616,0.248986,0.031042
5.359,3.4317979999999997,4.2185,0.04365,0.010527,0.019939,0.023760000000000003,0.6172,0.0095154,0.03825,0.5274,0.01708225,0.07825499999999999,0.46447000000000005,0.0,0.04551999999999999,0.24727000000000002,0.030650499999999997
5.367,3.4397979999999997,4.149,0.042690000000000006,0.010491,0.019669,0.023095,0.6098999999999999,0.009349,0.038065,0.5172,0.01682945,0.07681499999999998,0.457236,0.0,0.04461,0.24475,0.030162
5.376,3.448798,4.077,0.04166,0.010436,0.019366,0.0224,0.6027499999999999,0.00917805,0.037915000000000004,0.5067499999999999,0.01656965,0.07540499999999999,0.44998649999999996,0.0,0.043605000000000005,0.241823,0.0296205
5.384,3.456798,4.0145,0.04103,0.010438,0.019049,0.02173,0.5964,0.009015400000000002,0.037915,0.4967499999999999,0.01631695,0.07447,0.443315,0.0,0.042685,0.238881,0.029045
5.392,3.464798,3.9915,0.040970000000000006,0.010553,0.018860000000000002,0.02127,0.59535,0.00893715,0.038255,0.49165,0.016210600000000002,0.07454999999999999,0.44104899999999997,0.0,0.042094999999999994,0.23771499999999998,0.028686999999999997
5.401,3.4737979999999995,4.003,0.04109,0.010726000000000001,0.018822,0.02104,0.59965,0.008949450000000001,0.038849999999999996,0.4917,0.01625525,0.07535499999999999,0.44331000000000004,0.0,0.041705,0.238479,0.028551
5.409,3.4817979999999995,4.0245,0.04093,0.010872,0.018885,0.020935000000000002,0.60615,0.00900645,0.03949,0.49434999999999996,0.0163693,0.07626500000000001,0.447631,0.0,0.041275,0.24012499999999998,0.028490500000000002
5.417,3.4897979999999995,4.066,0.04104,0.011063,0.019007999999999997,0.02092,0.616,0.009103299999999998,0.040330000000000005,0.49945,0.0165671,0.07783000000000001,0.45465,0.0,0.040925,0.2422145,0.028472
5.425,3.4977979999999995,4.1135,0.041585,0.011316,0.019229000000000003,0.020955,0.62505,0.009173,0.041264999999999996,0.5037499999999999,0.0167175,0.07960500000000001,0.46155199999999996,0.0,0.040855,0.24455,0.028514499999999998
5.434,3.506798,3.982,0.03837,0.010909,0.019148000000000002,0.020525,0.6081000000000001,0.008916549999999999,0.04031,0.49135,0.0161897,0.0748,0.44891800000000004,0.0,0.03971499999999999,0.24175199999999997,0.028053
5.442,3.514798,3.867,0.035210000000000005,0.010474,0.019108999999999998,0.02015,0.59475,0.0087041,0.03947,0.48149999999999993,0.015757350000000003,0.07053999999999999,0.4389425,0.0,0.038505,0.239247,0.027654000000000005
5.45,3.522798,3.7635,0.03203,0.010012,0.019133,0.01981,0.58405,0.00852695,0.03874,0.47340000000000004,0.015400849999999999,0.06677,0.431078,0.0,0.037165000000000004,0.237019,0.027296
5.459,3.5317979999999993,3.686,0.02948,0.009656999999999999,0.019242,0.019535,0.5762,0.0083974,0.038169999999999996,0.4677,0.015124150000000001,0.06373,0.42532500000000006,0.0,0.03613,0.236014,0.027075500000000002
5.467,3.5397979999999993,3.6435,0.02768,0.00944,0.019481,0.019334999999999998,0.57235,0.008347,0.037885,0.46559999999999996,0.014970150000000002,0.06157,0.42244099999999996,0.0,0.03554,0.236912,0.027035999999999998
5.475,3.5477979999999993,3.622,0.02658,0.00933,0.019784,0.01915,0.5705,0.00832655,0.03777,0.46475,0.0148706,0.060160000000000005,0.4212245,0.0,0.035185,0.23822300000000002,0.0270665
5.484,3.5567979999999997,3.57,0.025660000000000002,0.009198000000000001,0.019910999999999998,0.0188,0.56315,0.00818255,0.037385,0.45840000000000003,0.014602300000000002,0.05873,0.41692699999999994,0.0,0.034394999999999995,0.235787,0.0268015
5.492,3.5647979999999997,3.524,0.024890000000000002,0.009092,0.020096000000000003,0.01849,0.5564,0.008048099999999999,0.037015,0.45230000000000004,0.01435415,0.057534999999999996,0.4134605,0.0,0.03362,0.23314600000000002,0.026568500000000002
5.5,3.5727979999999997,3.481,0.02427,0.009003,0.020324500000000002,0.018189999999999998,0.54975,0.00791445,0.03665,0.44639999999999996,0.014112699999999999,0.056515,0.41049899999999995,0.0,0.032839999999999994,0.230118,0.026348000000000003
5.509,3.581798,3.439,0.023719999999999998,0.008922,0.020586999999999998,0.017890000000000003,0.5428999999999999,0.0077771,0.036245,0.4403,0.013869700000000002,0.055595,0.40777549999999996,0.0,0.03203,0.22661599999999998,0.0261215
5.517,3.589798,3.3795,0.02323,0.008821,0.0209245,0.01747,0.53275,0.0075809499999999995,0.03565,0.4309,0.0135443,0.054779999999999995,0.40469349999999993,0.0,0.030830000000000003,0.219533,0.0257185
5.525,3.597798,3.3005,0.02307,0.008733,0.021553,0.016829999999999998,0.5178,0.0072961,0.034815,0.41595,0.013094850000000002,0.05435999999999999,0.4018305,0.0,0.029025,0.206467,0.0250755
5.533,3.605798,3.268,0.02297,0.008716999999999999,0.022377,0.016485,0.5105999999999999,0.0071568,0.034409999999999996,0.4091,0.01285675,0.054075000000000005,0.4013775,0.0,0.02806,0.20054550000000002,0.024907
5.542,3.6147979999999995,3.2695,0.02284,0.008738999999999999,0.023385,0.016375,0.50915,0.0071223,0.0343,0.4083,0.0127683,0.053785,0.40260499999999994,0.0,0.02771,0.20007000000000003,0.025116
5.55,3.6227979999999995,3.283,0.022880000000000005,0.008804,0.02448,0.01633,0.50895,0.0071149,0.034295000000000006,0.409,0.012718650000000001,0.053625,0.40451250000000005,0.0,0.02759,0.200763,0.02543
5.558,3.6307979999999995,3.3095,0.02326,0.008947,0.0257075,0.016335000000000002,0.5098,0.0071266,0.03438,0.41085000000000005,0.01269325,0.053689999999999995,0.4070745,0.0,0.02765,0.20235399999999998,0.025879
5.567,3.639798,3.3395,0.02399,0.009145,0.027062,0.016305,0.51,0.0071351999999999995,0.034390000000000004,0.4124,0.012653399999999999,0.05389,0.40920900000000004,0.0,0.02779,0.203897,0.026407
5.575,3.647798,3.349,0.02475,0.009292,0.028385499999999998,0.01611,0.50635,0.00709095,0.03406,0.41085000000000005,0.012531,0.053945,0.40890000000000004,0.0,0.027659999999999997,0.20327,0.026777999999999996
5.583,3.655798,3.3665,0.02519,0.009416,0.029782,0.01598,0.5053,0.007080899999999999,0.03394,0.411,0.01247225,0.054065,0.41053,0.0,0.02759,0.203339,0.027148000000000002
5.592,3.6647979999999993,3.3975,0.02554,0.009564,0.0312925,0.015945,0.5071000000000001,0.0071097,0.034035,0.4133,0.012480350000000001,0.05435999999999999,0.4143085,0.0,0.027630000000000002,0.2043625,0.027596500000000003
5.6,3.6727979999999993,3.434,0.025910000000000002,0.00972,0.032893,0.01592,0.5095500000000001,0.00715215,0.03415,0.4161,0.0125071,0.054755000000000005,0.41893900000000006,0.0,0.027639999999999998,0.205426,0.028095499999999995
5.608,3.6807979999999993,3.475,0.026340000000000002,0.009894,0.034592,0.01591,0.5125,0.00720695,0.034265000000000004,0.41955,0.0125522,0.055244999999999995,0.424055,0.0,0.02769,0.206697,0.028644000000000003
5.617,3.6897979999999997,3.52,0.026840000000000003,0.010085,0.0363845,0.015905000000000002,0.5157499999999999,0.0072718999999999995,0.034375,0.42350000000000004,0.012613949999999999,0.055835,0.4295135,0.0,0.02776,0.20812599999999998,0.0292315
5.625,3.6977979999999997,3.568,0.027389999999999998,0.010291000000000002,0.038260999999999996,0.015905000000000002,0.5194000000000001,0.00734665,0.034465,0.42785000000000006,0.0126883,0.056495000000000004,0.4352230000000001,0.0,0.02783,0.209674,0.029846
5.633,3.7057979999999997,3.62,0.027995,0.010515,0.0402765,0.015915,0.5233,0.00743155,0.03455,0.43245,0.01277645,0.057245000000000004,0.44130199999999997,0.0,0.02792,0.21135700000000002,0.030496999999999996
5.641,3.7137979999999997,3.6695,0.02862,0.010718,0.043288999999999994,0.015875,0.5252000000000001,0.0074876000000000005,0.034409999999999996,0.43594999999999995,0.012816049999999999,0.05784,0.445277,0.0,0.02802,0.21297300000000002,0.031219499999999997
5.65,3.722798,3.6985,0.02894,0.010806,0.047526,0.015710000000000002,0.5226,0.007473350000000001,0.033845,0.4361,0.0127372,0.057795,0.44453099999999995,0.0,0.027980000000000005,0.214123,0.031934000000000004
5.658,3.730798,3.746,0.02929,0.010922,0.053308,0.015564999999999999,0.5212,0.0074810499999999995,0.033420000000000005,0.4371,0.01268615,0.057999999999999996,0.44499,0.0,0.02796,0.215658,0.032912
5.666,3.738798,3.8695,0.029750000000000002,0.011102999999999998,0.064557,0.015585000000000002,0.5259999999999999,0.00755135,0.033295000000000005,0.44320000000000004,0.01275325,0.05927,0.4536565,0.0,0.02796,0.21757649999999998,0.034948
5.675,3.7477979999999995,4.057,0.0303,0.011303,0.08071900000000001,0.015725,0.5350999999999999,0.007652649999999999,0.03321,0.4533,0.012887200000000001,0.061274999999999996,0.468643,0.0,0.02802,0.220496,0.037942
5.683,3.7557979999999995,4.267,0.030879999999999998,0.011544,0.09590199999999999,0.01602,0.5493,0.0078493,0.033195,0.46905,0.013166150000000001,0.063645,0.48810699999999996,0.0,0.02815,0.225633,0.040939500000000004
5.691,3.7637979999999995,4.4505,0.03127,0.011772999999999999,0.109855,0.016239999999999997,0.5617,0.00803995,0.03315,0.48250000000000004,0.01344595,0.06581000000000001,0.5045725,0.0,0.02814,0.229562,0.043607999999999994
5.7,3.772798,4.452,0.03123,0.011775999999999998,0.11749699999999999,0.015635,0.5522499999999999,0.0079539,0.03241,0.4748,0.013232550000000001,0.06509999999999999,0.49321349999999997,0.0,0.027950000000000003,0.23071200000000003,0.0445905
5.708,3.780798,4.4245,0.03153,0.011869000000000001,0.11915400000000001,0.01509,0.5445500000000001,0.0079124,0.031785,0.46875,0.01309265,0.06434999999999999,0.48305799999999993,0.0,0.027839999999999997,0.232115,0.044674500000000006
5.716,3.788798,4.3765,0.032229999999999995,0.012071000000000002,0.115051,0.014635,0.53975,0.00793205,0.0313,0.46525,0.013051249999999999,0.06369,0.47514,0.0,0.027839999999999997,0.2340185,0.044013
5.725,3.7977979999999993,4.3335,0.033310000000000006,0.012350000000000002,0.106743,0.01434,0.53975,0.0080097,0.031010000000000003,0.4664,0.0131154,0.06337,0.4742635,0.0,0.02792,0.2356895,0.04312100000000001
5.733,3.8057979999999993,4.323,0.034850000000000006,0.012721,0.0989235,0.014135,0.54345,0.0081316,0.03086,0.4708,0.013251700000000002,0.063565,0.47768099999999997,0.0,0.028199999999999996,0.238325,0.042589499999999995
5.741,3.8137979999999994,4.3625,0.03769,0.0134305,0.09332499999999999,0.013965,0.5489999999999999,0.00830115,0.03083,0.47774999999999995,0.01345175,0.06461,0.482944,0.0,0.02916,0.242318,0.042438500000000004
5.749,3.8217979999999994,4.474,0.0423,0.014616,0.09074099999999999,0.013845,0.5580499999999999,0.00854005,0.031065,0.48815000000000003,0.0137479,0.06695500000000001,0.4916250000000001,0.0,0.03098,0.247744,0.042801000000000006
5.758,3.8307979999999997,4.633,0.04814,0.016121,0.09095800000000001,0.013749999999999998,0.56815,0.008799000000000001,0.031435,0.49965000000000004,0.014070799999999998,0.07011500000000001,0.5017895,0.0,0.03341,0.25381600000000004,0.043587
5.766,3.8387979999999997,4.7845,0.05353,0.017473,0.093444,0.013595,0.5751,0.00899875,0.03156,0.5087,0.0143064,0.07277,0.5088445,0.0,0.035750000000000004,0.25954849999999996,0.044609499999999996
5.774,3.8467979999999997,4.9415,0.0587,0.018765999999999998,0.09634799999999999,0.01346,0.5833999999999999,0.00920965,0.03174,0.5185,0.0145655,0.07549499999999999,0.5172450000000001,0.0,0.03803,0.2655885,0.0457575
5.783,3.855798,5.085,0.06337,0.019898000000000002,0.099192,0.013319999999999999,0.5907499999999999,0.009393100000000001,0.031875,0.5274,0.014785,0.07787000000000001,0.5250334999999999,0.0,0.04007,0.27151099999999995,0.046941
5.791,3.863798,5.28,0.06964000000000001,0.021453,0.10265,0.013215000000000001,0.6008500000000001,0.0096102,0.032295,0.53885,0.015040999999999999,0.081015,0.5368395,0.0,0.04301,0.27852,0.048488500000000004
5.799,3.871798,5.365,0.07330500000000001,0.02237,0.10599000000000001,0.012935,0.60025,0.0096581,0.031950000000000006,0.5407500000000001,0.015043,0.08208,0.5352389999999999,0.0,0.044840000000000005,0.28402000000000005,0.0493745
5.808,3.8807979999999995,5.245,0.06962499999999999,0.021356,0.107042,0.01252,0.5892999999999999,0.0094879,0.030565000000000002,0.53205,0.014762500000000001,0.07921,0.5209375,0.0,0.042769999999999996,0.28475,0.049085
5.816,3.8887979999999995,5.215,0.06778,0.020909,0.109535,0.012265000000000002,0.5854999999999999,0.009406849999999998,0.029795000000000002,0.5292000000000001,0.0146195,0.07783000000000001,0.516188,0.0,0.041749999999999995,0.28647,0.04932600000000001
5.824,3.8967979999999995,5.195,0.06586,0.020529,0.11250099999999999,0.012105000000000001,0.5844499999999999,0.00935645,0.029205000000000002,0.5284,0.0145425,0.07680999999999999,0.5146369999999999,0.0,0.04074,0.28841,0.049627000000000004
5.833,3.905798,5.165,0.06377000000000001,0.020111999999999998,0.1141015,0.01193,0.5824,0.009287749999999999,0.028595000000000002,0.5265500000000001,0.0144375,0.075555,0.5124565000000001,0.0,0.03968,0.28942999999999997,0.049600000000000005
5.841,3.913798,5.115,0.06166,0.019669,0.114395,0.011725,0.57925,0.00920115,0.02796,0.5237,0.014306,0.07411,0.509506,0.0,0.03861,0.28967,0.049279
5.849,3.921798,5.045,0.05951000000000001,0.0192035,0.113373,0.011495,0.5750500000000001,0.00909775,0.027305000000000003,0.5197499999999999,0.014144499999999999,0.07245000000000001,0.5057465,0.0,0.037545,0.28907,0.048668
5.857,3.929798,4.9905,0.05739,0.0187505,0.11258699999999999,0.011295,0.5722,0.00901685,0.02667,0.51725,0.014017499999999999,0.07087500000000001,0.503414,0.0,0.03652,0.28892999999999996,0.04815799999999999
5.866,3.9387979999999994,4.9835,0.05539,0.018366999999999998,0.11420999999999999,0.011215,0.5746,0.00901985,0.026145,0.5196500000000001,0.014024000000000002,0.06978499999999999,0.5060455,0.0,0.0356,0.29133,0.04833
5.874,3.9467979999999994,5.025,0.05349,0.018071999999999998,0.118892,0.011235,0.5818,0.009076,0.02587,0.526,0.014116,0.06925,0.5153285,0.0,0.0348,0.29392,0.049128000000000005
5.882,3.9547979999999994,5.085,0.051754999999999995,0.017834,0.12452599999999998,0.011255,0.58965,0.00913995,0.025765,0.5327000000000001,0.014206,0.06884000000000001,0.525976,0.0,0.03418,0.29667499999999997,0.0500415
5.891,3.9637979999999997,5.125,0.050145,0.0175755,0.129362,0.011205,0.59545,0.009169,0.025625000000000002,0.53755,0.014238,0.06819,0.5338225,0.0,0.03363,0.29905,0.050728999999999996
5.899,3.9717979999999997,5.145,0.048729999999999996,0.017317000000000003,0.1330185,0.01109,0.5987,0.00916245,0.02545,0.5402,0.014202,0.067315,0.5388665,0.0,0.033145,0.30093,0.051153000000000004
5.907,3.9797979999999997,5.15,0.04762,0.017079,0.1356805,0.01091,0.59895,0.009118000000000001,0.025230000000000002,0.5403,0.014100500000000002,0.066295,0.540702,0.0,0.03276,0.30203,0.051319000000000004
5.916,3.988798,5.14,0.04679,0.01687,0.137794,0.010685,0.5973999999999999,0.00905125,0.024975,0.53865,0.013954999999999999,0.06521500000000001,0.5409305,0.0,0.03245,0.30249000000000004,0.0513565
5.924,3.996798,5.12,0.0462,0.016655,0.137869,0.010445,0.595,0.0089692,0.02469,0.53655,0.013777,0.06391,0.5409625,0.0,0.032159999999999994,0.3026135,0.0511625
5.932,4.004798,5.095,0.046294999999999996,0.0164835,0.13433850000000003,0.01021,0.5941000000000001,0.008916750000000001,0.024524999999999998,0.5363,0.013604499999999999,0.062375,0.544593,0.0,0.031965,0.303435,0.0508555
5.941,4.0137979999999995,5.125,0.04675,0.016434499999999998,0.13383300000000004,0.010022,0.59795,0.0089312,0.02447,0.5398000000000001,0.013543,0.06153499999999999,0.5529810000000001,0.0,0.032015,0.306376,0.051167500000000005
5.949,4.0217979999999995,5.215,0.048339999999999994,0.0165785,0.136783,0.0098575,0.60565,0.0089907,0.024365,0.5468999999999999,0.013558,0.061239999999999996,0.563512,0.0,0.03279,0.31474050000000003,0.0521495
5.957,4.0297979999999995,5.3,0.050214999999999996,0.016782000000000002,0.1388835,0.009687,0.61145,0.00902975,0.02415,0.5532,0.0135275,0.060665,0.5716344999999999,0.0,0.0336,0.32372100000000004,0.0530625
5.965,4.0377979999999996,5.375,0.05212,0.017139,0.1437715,0.009534,0.613,0.009079900000000002,0.02392,0.5558,0.0135305,0.060759999999999995,0.5772625,0.0,0.03406,0.3259905,0.0541595
5.974,4.046798,5.5,0.05395,0.017615,0.15186,0.009438499999999999,0.6192,0.009202849999999999,0.0238,0.56225,0.0136745,0.06162999999999999,0.5876625,0.0,0.034589999999999996,0.32860599999999995,0.055735
5.982,4.054798,5.62,0.055575,0.018057999999999998,0.159577,0.0093575,0.6266,0.0093245,0.02374,0.5694999999999999,0.013815000000000001,0.062475,0.599916,0.0,0.035089999999999996,0.3309425,0.0572415
5.99,4.062798,5.775,0.057415,0.018576000000000002,0.1688285,0.0093115,0.63625,0.0094535,0.023765,0.579,0.013965499999999999,0.06359500000000001,0.615976,0.0,0.035824999999999996,0.3339685,0.058887999999999996
5.999,4.071797999999999,6.185,0.062299999999999994,0.0197725,0.19014899999999998,0.0095805,0.6687000000000001,0.009923999999999999,0.02409,0.6097,0.014658999999999998,0.06621999999999999,0.6629050000000001,0.0,0.0393,0.3395575,0.06208
6.007,4.079797999999999,6.435,0.063285,0.020113,0.203895,0.009642999999999999,0.6910000000000001,0.009986000000000002,0.024210000000000002,0.6299,0.014731999999999999,0.0681,0.70126,0.0,0.039494999999999995,0.34368,0.0648645
6.015,4.087797999999999,6.7,0.06492500000000001,0.020631499999999997,0.2160625,0.0097695,0.7167,0.010128499999999999,0.024390000000000002,0.65335,0.0149315,0.06998,0.743515,0.0,0.04025,0.3476135,0.067404
6.024,4.096798,6.79,0.065615,0.020944499999999998,0.2233365,0.009653499999999999,0.7217,0.010155,0.024255,0.65815,0.014936,0.070475,0.754265,0.0,0.040545,0.34823550000000003,0.067966
6.032,4.104798,6.735,0.06521,0.020950999999999997,0.226095,0.009281999999999999,0.71055,0.0100675,0.023844999999999998,0.64795,0.014757000000000001,0.06971,0.74339,0.0,0.040185,0.343616,0.067168
6.04,4.112798,6.6,0.064425,0.020856,0.22606449999999997,0.008768499999999999,0.6903999999999999,0.009921,0.02331,0.6291,0.0144735,0.068295,0.7192700000000001,0.0,0.039529999999999996,0.3370895,0.0655645
6.049,4.121798,6.495,0.063475,0.020707999999999997,0.2280295,0.008306500000000001,0.67425,0.0097785,0.022775,0.61385,0.0142075,0.06699999999999999,0.7008449999999999,0.0,0.038945,0.3313055,0.06428700000000001
6.057,4.129798,6.52,0.062655,0.020632,0.23829099999999998,0.0080385,0.66925,0.009721500000000001,0.022394999999999998,0.60955,0.0140815,0.0664,0.691265,0.0,0.039245,0.3342825,0.0638085
6.065,4.137798,6.565,0.0618,0.020555,0.25013250000000004,0.0078595,0.66645,0.0096585,0.021935,0.6064499999999999,0.013972,0.06604,0.6900299999999999,0.0,0.03936,0.3328915,0.0635345
6.073,4.145798,6.785,0.061285,0.020738,0.2698085,0.007999,0.68665,0.009894,0.021894999999999998,0.6228499999999999,0.0143525,0.066925,0.7186,0.0,0.03962,0.3317135,0.06478600000000001
6.082,4.1547979999999995,7.3,0.062975,0.021526499999999997,0.301329,0.008365000000000001,0.74205,0.010494999999999999,0.022545000000000003,0.6704,0.015271,0.06883,0.77015,0.0,0.04129,0.3565395,0.0677705
6.09,4.1627979999999996,7.165,0.061555,0.0210375,0.2985095,0.0079615,0.725,0.010093999999999999,0.021609999999999997,0.656,0.014639500000000001,0.066525,0.7588050000000001,0.0,0.04024,0.3507245,0.067082
6.098,4.170798,7.11,0.06059,0.020818499999999997,0.293424,0.0077595,0.72275,0.009891999999999998,0.021130000000000003,0.65515,0.014306,0.065315,0.762845,0.0,0.039235,0.351055,0.067135
6.107,4.179798,6.94,0.05983,0.020419999999999997,0.289294,0.007216,0.69905,0.0095095,0.019950000000000002,0.6349,0.0136975,0.06325,0.7463199999999999,0.0,0.03806,0.33837500000000004,0.065633
6.115,4.187798,6.885,0.059985,0.0203765,0.28297000000000005,0.0068839999999999995,0.6946,0.0093285,0.019155,0.63185,0.013379499999999999,0.06201,0.7484750000000001,0.0,0.03714,0.33795,0.065872
6.123,4.195798,6.785,0.06107,0.020531,0.27134400000000003,0.0064755,0.68635,0.009167499999999999,0.018349999999999998,0.6256999999999999,0.013073,0.06084,0.7388250000000001,0.0,0.03646,0.34327,0.06539900000000001
6.132,4.204797999999999,6.67,0.06166,0.0205235,0.258412,0.00611,0.6788000000000001,0.009003500000000001,0.01757,0.6196999999999999,0.012773,0.05940000000000001,0.7308850000000001,0.0,0.03543,0.34645000000000004,0.064832
6.14,4.212797999999999,6.55,0.061715,0.020311,0.2453125,0.005806499999999999,0.67255,0.008837500000000002,0.016835,0.6145499999999999,0.0124765,0.05758,0.7251650000000001,0.0,0.03419,0.34814500000000004,0.0642575
6.148,4.220797999999999,6.295,0.061,0.019813,0.231151,0.005392,0.64655,0.0085025,0.01581,0.5916000000000001,0.0119305,0.054565,0.694775,0.0,0.03258,0.343425,0.062839
6.157,4.229798,6.09,0.060730000000000006,0.019371,0.2203855,0.0050855,0.6246499999999999,0.008203499999999999,0.014895,0.57205,0.011451,0.05184,0.671295,0.0,0.031259999999999996,0.33751499999999995,0.0618765
6.165,4.237798,5.995,0.06114,0.019088,0.2165715,0.0049510000000000005,0.6121,0.007996,0.014195,0.5608,0.0111225,0.04986499999999999,0.66139,0.0,0.03053,0.332615,0.061657000000000003
6.173,4.245798,6.03,0.06275499999999999,0.019202999999999998,0.217975,0.004956,0.6129,0.007952500000000001,0.013755,0.5618,0.0110265,0.04875500000000001,0.6619700000000002,0.0,0.0307,0.337465,0.061992500000000006
6.181,4.253798,6.265,0.0635,0.019223999999999998,0.229398,0.005202,0.6407,0.008227,0.013715,0.58605,0.011417,0.048420000000000005,0.6897,0.0,0.031064999999999995,0.35336,0.063827
6.19,4.262798,6.505,0.065625,0.0195065,0.24378099999999997,0.0054915,0.66235,0.008459000000000001,0.013735,0.6053,0.0117335,0.048195,0.7099899999999999,0.0,0.03181,0.36962,0.0662705
6.198,4.270798,6.825,0.06931999999999999,0.019971000000000003,0.26132150000000004,0.005992,0.6908000000000001,0.008801999999999999,0.013989999999999999,0.63045,0.012218999999999999,0.04820000000000001,0.7391550000000001,0.0,0.032955,0.38813,0.06994800000000001
6.206,4.278798,7.045,0.07311000000000001,0.020344,0.273538,0.0064315,0.7082999999999999,0.0090435,0.014155000000000001,0.64635,0.0125795,0.04774500000000001,0.751785,0.0,0.03415,0.40549,0.07227599999999999
6.215,4.2877979999999996,7.325,0.07744999999999999,0.020887,0.2876235,0.0068909999999999996,0.73215,0.0093735,0.01438,0.6672,0.013062,0.0478,0.7726550000000001,0.0,0.0354,0.42438,0.07527249999999999
6.223,4.295798,7.575,0.08116,0.021291499999999998,0.30151,0.0072535,0.7538,0.0096595,0.01446,0.68595,0.013478,0.047665000000000006,0.7911950000000001,0.0,0.036485000000000004,0.44239500000000004,0.07803750000000001
6.231,4.303798,7.805,0.084755,0.021665999999999998,0.314755,0.0075645,0.7722,0.009922,0.014425,0.7012499999999999,0.013869,0.04760000000000001,0.806825,0.0,0.03738,0.45757000000000003,0.0806775
6.24,4.312798,8.01,0.08892,0.022137999999999998,0.3282,0.0078525,0.78565,0.0101605,0.0143,0.7114,0.014245499999999998,0.0477,0.8205399999999999,0.0,0.03837,0.4668,0.083275
6.248,4.320798,8.64,0.09528,0.023625999999999998,0.34626,0.0085335,0.8611,0.011036500000000001,0.01498,0.78065,0.0154275,0.04839,0.84733,0.0,0.041550000000000004,0.562595,0.08785749999999999
6.256,4.328798,8.79,0.09906000000000001,0.024135999999999998,0.36222,0.008685,0.8632000000000001,0.0111845,0.01461,0.7795,0.015704,0.04879000000000001,0.864275,0.0,0.04234,0.5503,0.09055400000000001
6.265,4.337797999999999,8.86,0.09769,0.024641500000000004,0.38619000000000003,0.008319,0.85545,0.011258,0.013905,0.76875,0.015881,0.049245,0.8717699999999999,0.0,0.04216,0.526,0.09176250000000001
6.273,4.345797999999999,8.945,0.09763,0.025096,0.40073,0.0081785,0.8583000000000001,0.011452500000000001,0.013495,0.76685,0.016231,0.049575,0.8872699999999999,0.0,0.042069999999999996,0.510275,0.092916
6.281,4.353797999999999,9.0,0.09728,0.025321000000000003,0.406265,0.008083,0.8653,0.0116095,0.013175,0.76965,0.0165055,0.049585,0.9112700000000001,0.0,0.04142,0.49506,0.09401599999999999
6.289,4.361797999999999,9.16,0.09739,0.025685499999999997,0.4143,0.008143500000000001,0.8883,0.0120285,0.013090000000000001,0.7857500000000001,0.0171785,0.049745000000000004,0.951415,0.0,0.040865000000000005,0.48643000000000003,0.0966845
6.298,4.370798,9.41,0.09917500000000001,0.026201500000000003,0.4245,0.00834,0.9206,0.012593,0.01312,0.8106500000000001,0.018057499999999997,0.050015,0.9932549999999999,0.0,0.040900000000000006,0.49130999999999997,0.10033149999999999
6.306,4.378798,9.95,0.101835,0.027071,0.45612500000000006,0.0085065,0.97915,0.013689,0.013090000000000001,0.8569,0.019695999999999998,0.050665,1.0556100000000002,0.0,0.042185,0.5143599999999999,0.10613349999999999
6.314,4.386798,9.815,0.10427,0.027327999999999998,0.44965,0.0079555,0.9581,0.01361,0.011935000000000001,0.83775,0.019623500000000002,0.049895,1.0307300000000001,0.0,0.04147,0.51157,0.10526949999999999
6.323,4.395798,9.885,0.10742,0.027978000000000003,0.45926999999999996,0.007612000000000001,0.9524999999999999,0.013753000000000001,0.011155,0.8307499999999999,0.019825500000000003,0.050184999999999994,1.0350000000000001,0.0,0.041550000000000004,0.507145,0.106678
6.331,4.403798,9.58,0.10919,0.028179999999999997,0.45498999999999995,0.006985,0.8981,0.0131845,0.009982,0.7844,0.019026,0.049589999999999995,0.9748699999999999,0.0,0.04118,0.493965,0.10303400000000001
6.339,4.411798,9.58,0.11061,0.028638499999999997,0.46403,0.0067220000000000005,0.8844000000000001,0.013173,0.0094195,0.7716,0.01901,0.04962,0.9610350000000001,0.0,0.041115,0.49292500000000006,0.103127
6.348,4.420798,9.695,0.11288000000000001,0.029402,0.474115,0.0065734999999999995,0.8883,0.0134185,0.009083,0.7741,0.0193515,0.050030000000000005,0.95925,0.0,0.04151,0.50602,0.104438
6.356,4.428798,9.815,0.11507,0.0299235,0.47927000000000003,0.006413,0.8995500000000001,0.0137825,0.0087215,0.7824000000000001,0.019811000000000002,0.050215,0.9536700000000001,0.0,0.04166,0.5341899999999999,0.105462
6.364,4.436798,9.66,0.1118,0.0297035,0.48039,0.0061035,0.8794,0.013602,0.0082725,0.76525,0.019621,0.04916,0.944,0.0,0.040655000000000004,0.51444,0.10421449999999999
6.373,4.445798,9.675,0.11063500000000001,0.0304455,0.48889499999999997,0.005889,0.8745999999999999,0.013679,0.0080375,0.7618,0.019773,0.0495,0.94925,0.0,0.04031,0.5057499999999999,0.10443599999999999
6.381,4.453798,9.715,0.10932,0.031198000000000004,0.497705,0.005679,0.87435,0.0138155,0.007895,0.76245,0.020024,0.049785,0.956445,0.0,0.040215,0.50149,0.1048635
6.389,4.461798,9.54,0.101415,0.030527,0.493495,0.005449000000000001,0.8688,0.0139235,0.0078155,0.7603,0.020294,0.04772,0.9393799999999999,0.0,0.03883,0.505595,0.1021715
6.397,4.469798,9.39,0.09629000000000001,0.029961,0.493455,0.0052045,0.85625,0.013904999999999999,0.0075695,0.75025,0.0203595,0.045810000000000003,0.9244250000000002,0.0,0.037945,0.49899,0.1007845
6.406,4.478797999999999,9.465,0.094135,0.030437,0.5087700000000001,0.005027500000000001,0.85985,0.014270999999999999,0.0073030000000000005,0.7509,0.0209605,0.0454,0.9374200000000001,0.0,0.03755,0.49037000000000003,0.10292549999999999
6.414,4.486797999999999,9.67,0.09233999999999999,0.031323000000000004,0.530385,0.0049055,0.87905,0.01509,0.00715,0.7627,0.0222655,0.0455,0.9633950000000001,0.0,0.03757,0.48716499999999996,0.1062065
6.422,4.494797999999999,10.05,0.08947999999999999,0.0335115,0.57462,0.0048445,0.9041,0.0160905,0.007129999999999999,0.77895,0.0238125,0.046759999999999996,0.9885149999999999,0.0,0.038400000000000004,0.49585999999999997,0.1108585
6.431,4.503798,9.97,0.088675,0.032496,0.574635,0.004738,0.8965000000000001,0.016524999999999998,0.0070209999999999995,0.76755,0.024517499999999998,0.0448315,0.9989450000000001,0.0,0.03755,0.46839,0.11142250000000001
6.439,4.511798,10.27,0.08941,0.032881499999999994,0.601925,0.0046960000000000005,0.9215,0.017599,0.0070165,0.78355,0.026105,0.044866500000000004,1.044815,0.0,0.03735,0.45982,0.11660799999999999
6.447,4.519798,10.7,0.09094000000000001,0.0336095,0.6368550000000001,0.0046885,0.9587,0.018793,0.0070685,0.8112499999999999,0.027886,0.045355999999999994,1.10792,0.0,0.037405,0.45753499999999997,0.123689
6.456,4.528798,13.77,0.09783,0.039389499999999994,0.70168,0.0063175,1.42005,0.022595499999999998,0.010375,1.23505,0.0335475,0.054915000000000005,1.560975,0.0,0.03941,0.716825,0.136435
6.464,4.536798,11.485,0.09847,0.035326,0.7178100000000001,0.004318499999999999,0.99295,0.0210825,0.0067215,0.8386,0.031435000000000005,0.047155,1.1730049999999999,0.0,0.038045,0.46414500000000003,0.13647
6.472,4.544798,12.145,0.108605,0.0376405,0.7791750000000001,0.0041125,1.0149,0.021942499999999997,0.0065195,0.8655,0.0326935,0.04866499999999999,1.18546,0.0,0.04296,0.51384,0.14485499999999998
6.481,4.553798,12.765,0.11971,0.039957,0.8447650000000001,0.0038764999999999997,1.0234,0.022907499999999997,0.0063535,0.87725,0.034181500000000004,0.05112,1.200845,0.0,0.04733,0.5362,0.15361
6.489,4.561798,13.475,0.132055,0.042664999999999995,0.9180349999999999,0.003696,1.03795,0.024523,0.006266,0.88925,0.036697499999999994,0.054705,1.224485,0.0,0.0514,0.554125,0.16319
6.497,4.569798,14.975,0.13729,0.0460575,1.03702,0.003851,1.16405,0.030539,0.0066005000000000005,0.97675,0.046092999999999995,0.058865,1.314595,0.0,0.051089999999999997,0.64382,0.18098499999999998
6.505,4.577798,15.455,0.141665,0.04835249999999999,1.116665,0.0035175,1.1408500000000001,0.0340555,0.0061329999999999996,0.9482999999999999,0.0522275,0.06274,1.340515,0.0,0.050124999999999996,0.589655,0.191455
6.514,4.586798,15.675,0.147235,0.049784999999999996,1.1716099999999998,0.0032675,1.0969,0.036516,0.0057495,0.9097500000000001,0.056690000000000004,0.066105,1.313455,0.0,0.04982,0.56375,0.19834
6.522,4.594798,15.44,0.15975999999999999,0.052344,1.17462,0.0029955,1.01275,0.03541,0.005213499999999999,0.8464,0.0551745,0.06995,1.27203,0.0,0.051820000000000005,0.50621,0.19860499999999998
6.53,4.602798,14.255,0.15783,0.049737,1.09941,0.0027475,0.8862,0.0322116,0.004582,0.7581,0.0509185,0.06996999999999999,1.0987,0.0,0.0485,0.492355,0.17952
6.539,4.611797999999999,12.31,0.14576,0.046521,0.9789500000000001,0.0025135,0.7080500000000001,0.0258924,0.003896,0.6166499999999999,0.040731500000000004,0.065175,0.9114450000000001,0.0,0.04513,0.38882,0.15184999999999998
6.547,4.619797999999999,10.6,0.14272,0.045423000000000005,0.887415,0.0024215,0.5175,0.01808815,0.0035605,0.47035000000000005,0.028055250000000004,0.064195,0.7220300000000001,0.0,0.044585,0.28593,0.12424400000000001
6.555,4.627797999999999,10.045,0.14064,0.04518,0.862355,0.0023065000000000004,0.4529,0.01511345,0.0034015,0.42284999999999995,0.02321325,0.0645,0.67638,0.0,0.043815,0.24092999999999998,0.1149305
6.564,4.636798,9.66,0.13617,0.044507000000000005,0.8387900000000001,0.002125,0.42285,0.01373035,0.0032985,0.3983,0.0210507,0.06428500000000001,0.6566599999999999,0.0,0.04198,0.21610999999999997,0.108155
6.572,4.644798,9.35,0.13044,0.044238,0.81734,0.001921,0.40685000000000004,0.012949949999999998,0.0032705,0.38184999999999997,0.019916299999999998,0.06406,0.64509,0.0,0.03984,0.19978,0.10206950000000001
6.58,4.652798,9.485,0.12362499999999998,0.0446595,0.838225,0.001786,0.43279999999999996,0.01372705,0.003301,0.393,0.0212461,0.06342500000000001,0.668775,0.0,0.03831,0.20091499999999998,0.101203
6.589,4.661798,8.27,0.1144,0.041561999999999995,0.7512949999999999,0.001482,0.3261,0.01034115,0.002863,0.316345,0.015831949999999997,0.0589,0.543125,0.0,0.03568,0.17513,0.08764050000000001
6.597,4.669798,7.88,0.112625,0.04076200000000001,0.7268749999999999,0.0013939999999999998,0.2874,0.00944565,0.002766,0.28646,0.014484750000000001,0.05799000000000001,0.49375,0.0,0.03471,0.16686,0.08346250000000001
6.605,4.677798,7.625,0.11333,0.040513,0.7187600000000001,0.0013874999999999998,0.24892999999999998,0.008739150000000001,0.002715,0.25695,0.013428500000000001,0.05782,0.44336000000000003,0.0,0.034640000000000004,0.160405,0.081406
6.613,4.685798,7.57,0.117285,0.0406565,0.73055,0.00143,0.21637499999999998,0.00842075,0.0026769999999999997,0.23557999999999998,0.013046450000000001,0.05889,0.40469,0.0,0.03528,0.157655,0.08181
6.622,4.694798,7.575,0.122125,0.040754,0.74202,0.0014735,0.19213999999999998,0.0083319,0.0026439999999999996,0.222215,0.013059049999999999,0.060145,0.37904000000000004,0.0,0.035750000000000004,0.15666999999999998,0.0829165
6.63,4.702798,7.7,0.12887,0.041156,0.7638849999999999,0.0015415,0.17241499999999998,0.0084227,0.0026160000000000003,0.214665,0.0133332,0.06203,0.36173999999999995,0.0,0.036555000000000004,0.15807,0.085436
6.638,4.710798,7.94,0.13688499999999998,0.041736,0.7985249999999999,0.0016250000000000001,0.15578999999999998,0.00899635,0.0025855,0.21023000000000003,0.01447415,0.064105,0.34957000000000005,0.0,0.03759,0.161055,0.09021050000000001
6.647,4.719798,8.435,0.14758,0.042639,0.8653500000000001,0.001729,0.14334,0.0106709,0.0025564999999999997,0.209675,0.0175896,0.06679000000000002,0.3445,0.0,0.03901,0.16766999999999999,0.10003549999999999
6.655,4.727798,8.71,0.158725,0.0429855,0.9023299999999999,0.0018345,0.12757,0.01042815,0.00251,0.207395,0.017322249999999997,0.06844,0.33738999999999997,0.0,0.040889999999999996,0.171895,0.10450549999999999
6.663,4.735798,8.005,0.15417,0.042369500000000004,0.826785,0.0018525,0.09665,0.0067847,0.0024685,0.18617,0.01088865,0.064205,0.29986500000000005,0.0,0.041609999999999994,0.15869,0.0938255
6.672,4.744797999999999,8.17,0.160995,0.043257000000000004,0.8447150000000001,0.0018465,0.092265,0.0071202999999999995,0.0024835,0.184555,0.0116927,0.063645,0.298835,0.0,0.043004999999999995,0.16050999999999999,0.098716
6.68,4.752797999999999,8.105,0.165505,0.042215,0.82781,0.0017989999999999998,0.09329,0.007728950000000001,0.0024219999999999997,0.18158000000000002,0.012993,0.061845,0.29241,0.0,0.041940000000000005,0.15738000000000002,0.09933449999999999
6.688,4.760797999999999,8.29,0.174795,0.042319999999999997,0.83754,0.0018105,0.09706999999999999,0.008620300000000001,0.0023810000000000003,0.182755,0.01476585,0.061119999999999994,0.29309499999999994,0.0,0.04191,0.15784499999999999,0.10397650000000001
6.697,4.769798,8.58,0.184815,0.043221499999999996,0.86198,0.001856,0.10158500000000001,0.00958805,0.0023735,0.18506,0.0166577,0.06107,0.29736999999999997,0.0,0.04241,0.16006,0.11003600000000001
6.705,4.777798,8.855,0.19063999999999998,0.0446895,0.8928450000000001,0.001917,0.10450500000000001,0.010291850000000002,0.002386,0.18662499999999999,0.018042449999999998,0.06153499999999999,0.301905,0.0,0.0431,0.163185,0.11466
6.713,4.785798,9.145,0.19201500000000002,0.046003,0.9389550000000001,0.0019795,0.106805,0.0110389,0.0022919999999999998,0.186455,0.01952655,0.06007499999999999,0.304465,0.0,0.04433,0.16527,0.1199615
6.721,4.793798,9.41,0.18865,0.047772,0.990425,0.0020435,0.10775000000000001,0.01152735,0.002228,0.18672,0.0205525,0.05939,0.30823,0.0,0.045899999999999996,0.16965999999999998,0.12332399999999999
6.73,4.802798,9.45,0.177415,0.049559500000000006,1.0224600000000001,0.0020895,0.10466999999999999,0.01176305,0.0022155,0.18445499999999998,0.02124185,0.058975,0.30572,0.0,0.04702,0.170305,0.123084
6.738,4.810798,9.12,0.16649000000000003,0.049335500000000004,1.0032349999999999,0.0021089999999999998,0.090805,0.0111184,0.0021384999999999998,0.17623,0.020228950000000002,0.057905,0.288425,0.0,0.045805,0.16355999999999998,0.118588
6.746,4.818798,9.24,0.16776,0.049804999999999995,1.0219799999999999,0.0021504999999999996,0.09332499999999999,0.01165575,0.0020749999999999996,0.17666500000000002,0.02141685,0.05809500000000001,0.28497,0.0,0.04499,0.160995,0.12106349999999999
6.755,4.827798,9.69,0.17421999999999999,0.051435,1.07684,0.0022345,0.109775,0.01250225,0.0020635000000000002,0.186965,0.0232859,0.05937,0.29126,0.0,0.04624,0.169905,0.12809500000000001
6.763,4.835798,10.475,0.187645,0.053567,1.1655550000000001,0.0023485,0.13624999999999998,0.0141373,0.0020915,0.205415,0.0267664,0.0615,0.30847,0.0,0.04926,0.188085,0.14037499999999997
6.771,4.843798,11.995,0.216,0.057687999999999996,1.33178,0.002556,0.17398000000000002,0.01773435,0.0022164999999999997,0.23784,0.034111199999999994,0.067845,0.34680500000000003,0.0,0.054915,0.22387,0.16204500000000002
6.78,4.852798,12.83,0.2347,0.062337000000000004,1.417305,0.0026284999999999998,0.20192,0.01843915,0.0023769999999999998,0.253805,0.035885600000000004,0.07182,0.35765500000000006,0.0,0.059415,0.24486999999999998,0.173163
6.788,4.860798,12.715,0.23475000000000001,0.06338300000000001,1.4088550000000002,0.002517,0.21346,0.0166998,0.0024015,0.24695,0.0327108,0.06924,0.33929999999999993,0.0,0.060200000000000004,0.24246,0.172728
6.796,4.868798,11.49,0.2145,0.0580305,1.29635,0.0022465000000000002,0.14121499999999998,0.01462015,0.002116,0.21182499999999999,0.0287788,0.063365,0.29809,0.0,0.055985,0.20378000000000002,0.15615400000000002
6.805,4.877797999999999,11.615,0.21115,0.0597255,1.33502,0.0021015,0.12794499999999998,0.0145922,0.002118,0.205505,0.028665000000000003,0.065385,0.29923,0.0,0.05536,0.19515999999999997,0.15578950000000003
6.813,4.885797999999999,11.885,0.21155000000000002,0.061148999999999995,1.383395,0.0020095,0.126295,0.01516505,0.0021355000000000002,0.20428000000000002,0.0298468,0.067585,0.30741999999999997,0.0,0.055205,0.191405,0.157834
6.821,4.893797999999999,12.16,0.21059999999999998,0.061524999999999996,1.424405,0.001926,0.158305,0.015655250000000002,0.0022055,0.207075,0.03122065,0.069505,0.32703499999999996,0.0,0.054725,0.19296,0.158568
6.829,4.901797999999999,12.095,0.2057,0.060671,1.425255,0.0018115,0.17614000000000002,0.01540345,0.0022565,0.20324,0.03105095,0.0698,0.33526,0.0,0.053360000000000005,0.18968000000000002,0.154876
6.838,4.910798,11.745,0.20345000000000002,0.060306,1.3880499999999998,0.001714,0.14393,0.0147136,0.002278,0.19231000000000004,0.0297801,0.06939000000000001,0.321655,0.0,0.05194,0.17853,0.14918299999999998
6.846,4.918798,11.8,0.2089,0.060895000000000005,1.38995,0.0016485,0.14232499999999998,0.0147112,0.0023705,0.19078,0.030184100000000002,0.070625,0.32809,0.0,0.051775,0.17562499999999998,0.1489665
6.854,4.926798,11.64,0.2086,0.060475,1.3683,0.0015890000000000001,0.143075,0.01425065,0.002417,0.1858,0.02975085,0.07022500000000001,0.329275,0.0,0.05082,0.17176999999999998,0.14615650000000002
6.863,4.935798,11.465,0.20609999999999998,0.060338,1.35005,0.0015075000000000002,0.14557,0.01341185,0.0024665,0.180985,0.0286018,0.070365,0.33032,0.0,0.049749999999999996,0.169295,0.141783
6.871,4.943798,11.36,0.2032,0.0602915,1.342,0.001448,0.15082,0.012667250000000001,0.00253,0.17761500000000002,0.027614599999999996,0.07045000000000001,0.334665,0.0,0.04915,0.16904999999999998,0.13782250000000001
6.879,4.951797999999999,11.43,0.20290000000000002,0.061648,1.3524999999999998,0.0014204999999999999,0.15891,0.01252895,0.0026465,0.17948999999999998,0.02799695,0.07211,0.33967500000000006,0.0,0.049460000000000004,0.173435,0.13628800000000002
6.888,4.960798,11.755,0.2063,0.064305,1.3932000000000002,0.0014365,0.17361000000000001,0.01312075,0.002828,0.18576,0.02990215,0.07413,0.34865999999999997,0.0,0.051295,0.18491,0.139079
6.896,4.968798,11.965,0.2039,0.06678999999999999,1.4267500000000002,0.0014375,0.19028,0.01361225,0.003046,0.189695,0.031678149999999995,0.07565000000000001,0.355325,0.0,0.05294,0.195825,0.140352
6.904,4.976798,12.105,0.19713999999999998,0.06889,1.4587,0.001428,0.20703500000000002,0.0141533,0.0032944999999999997,0.192225,0.03354295,0.07719500000000001,0.360355,0.0,0.054175,0.20703500000000002,0.140937
6.913,4.985798,11.96,0.187785,0.07096000000000001,1.45765,0.001373,0.19960499999999998,0.014138999999999999,0.003496,0.18622,0.0335705,0.079475,0.35842,0.0,0.05427,0.20487999999999998,0.137638
6.921,4.993798,12.305,0.181215,0.07671,1.52115,0.001358,0.2128,0.014966150000000001,0.00392,0.186355,0.03569255,0.08338,0.366165,0.0,0.05781,0.221805,0.14054299999999997
6.929,5.001798,12.605,0.1747,0.08024,1.5862500000000002,0.0013115000000000002,0.21421,0.016070300000000003,0.0041745,0.184365,0.03773749999999999,0.08589,0.37021,0.0,0.059475,0.22729000000000002,0.1443635
6.937,5.009798,13.125,0.169465,0.0852,1.6895000000000002,0.0012534999999999998,0.20743,0.01751685,0.0044395,0.18545499999999998,0.0400672,0.09042,0.37644,0.0,0.06096,0.232425,0.15002949999999998
6.946,5.018797999999999,12.11,0.14657,0.07774999999999999,1.5981999999999998,0.0011819999999999999,0.15457500000000002,0.01745845,0.0037324999999999997,0.16306,0.03853405,0.080885,0.34081000000000006,0.0,0.053465000000000006,0.20227,0.1386945
6.954,5.026797999999999,11.99,0.13397,0.07627999999999999,1.6152,0.001163,0.14576,0.018793,0.0035830000000000002,0.15359,0.041364899999999996,0.07682,0.32664,0.0,0.05284,0.19543500000000003,0.1395035
6.962,5.034797999999999,11.93,0.12165,0.07567499999999999,1.64045,0.0011255,0.14138499999999998,0.019919850000000003,0.0034935,0.14461,0.0439769,0.07398,0.31648,0.0,0.052059999999999995,0.19061499999999998,0.14011
6.971,5.043798,11.93,0.115715,0.07635,1.66215,0.0011275,0.13634000000000002,0.02022995,0.00353,0.13894,0.044865550000000004,0.073385,0.310795,0.0,0.05226,0.18734,0.140545
6.979,5.051798,11.94,0.10944000000000001,0.077945,1.68475,0.0011524999999999999,0.13069,0.02014585,0.0035919999999999997,0.13377499999999998,0.0448927,0.073015,0.30599,0.0,0.053035,0.185415,0.14047600000000002
6.987,5.059798,11.87,0.10396999999999999,0.077705,1.6935499999999999,0.001164,0.12664,0.02031835,0.0035135,0.13,0.04547595,0.07209,0.298985,0.0,0.052724999999999994,0.18074500000000002,0.14046599999999998
6.996,5.068798,12.055,0.1023,0.07900499999999999,1.7357500000000001,0.0012025,0.124475,0.021022449999999998,0.00351,0.12970500000000001,0.04695995,0.07239500000000001,0.2993,0.0,0.05338,0.18192,0.14377250000000003
7.004,5.076797999999999,12.235,0.102125,0.08163,1.7720500000000001,0.0012515,0.124985,0.0213131,0.0035935000000000003,0.12940000000000002,0.047853549999999995,0.07318000000000001,0.29869999999999997,0.0,0.055235,0.18367,0.14715499999999998
7.012,5.084797999999999,11.91,0.09603500000000001,0.081845,1.7361499999999999,0.001268,0.12905,0.01979575,0.0035445,0.1263,0.045736399999999997,0.07114,0.286075,0.0,0.05663,0.17749,0.1435815
7.021,5.093798,11.815,0.091295,0.08252999999999999,1.7344499999999998,0.001288,0.13587500000000002,0.0190552,0.003493,0.12691000000000002,0.04513205,0.07014,0.279625,0.0,0.057784999999999996,0.17565,0.143172
7.029,5.101798,11.82,0.08717000000000001,0.084125,1.7465,0.0013085,0.144415,0.01861255,0.0034745,0.12888,0.0450986,0.07049,0.277225,0.0,0.058245,0.17593999999999999,0.14363
7.037,5.109798,12.295,0.08419,0.088065,1.8325,0.0013645,0.161245,0.0192394,0.0035900000000000003,0.135825,0.0471846,0.07359,0.289575,0.0,0.059745,0.18324,0.15021500000000002
7.045,5.117798,12.975,0.08356,0.09367,1.9457,0.0014675,0.18694,0.019916,0.0038325,0.147565,0.05034335,0.07871500000000001,0.30377000000000004,0.0,0.06329,0.19670499999999996,0.15811
7.054,5.126798,13.57,0.0823,0.099035,2.0474,0.001575,0.205165,0.020531849999999997,0.0040490000000000005,0.159875,0.05312715,0.08316,0.31449000000000005,0.0,0.06767999999999999,0.207995,0.16458
7.062,5.134798,13.86,0.078155,0.10432999999999999,2.1031,0.0016259999999999998,0.20912,0.02113305,0.004033999999999999,0.16714,0.055050600000000005,0.083765,0.31824499999999994,0.0,0.07194,0.21028,0.16846
7.07,5.142798,14.135,0.07132,0.1132,2.1738999999999997,0.0018015000000000001,0.18599,0.0208849,0.004514499999999999,0.166705,0.053344050000000004,0.09092,0.31717000000000006,0.0,0.079995,0.20698,0.16960999999999998
7.079,5.151797999999999,14.66,0.06808,0.12663500000000003,2.2515,0.001939,0.18703000000000003,0.02169165,0.004483,0.16913499999999998,0.05486385,0.09587999999999999,0.32698,0.0,0.07918499999999999,0.21738,0.17510499999999998
7.087,5.159797999999999,17.015,0.07094500000000001,0.16395500000000002,2.6132,0.0025440000000000003,0.202625,0.02358615,0.0057805,0.186135,0.058373549999999996,0.116045,0.37890500000000005,0.0,0.09712,0.25551,0.198405
7.095,5.1677979999999994,18.075,0.07538500000000001,0.17606,2.78735,0.002757,0.21218000000000004,0.0245521,0.0063715,0.195865,0.061135999999999996,0.12203,0.40849,0.0,0.10764000000000001,0.26495,0.21167999999999998
7.104,5.176798,16.71,0.07075999999999999,0.136665,2.64025,0.002027,0.199735,0.02386785,0.004926,0.20429,0.0604909,0.109105,0.384715,0.0,0.08954000000000001,0.22820000000000001,0.19793
7.112,5.184798,17.465,0.06520999999999999,0.134315,2.81945,0.002153,0.18567500000000003,0.02252745,0.0056974999999999994,0.269755,0.055961300000000005,0.1242,0.40259500000000004,0.0,0.089725,0.264725,0.19435000000000002
7.12,5.192798,17.865,0.06414,0.137625,2.89855,0.002505,0.19101,0.0213469,0.005001500000000001,0.31227499999999997,0.0528851,0.123165,0.41159,0.0,0.09454000000000001,0.29247999999999996,0.199755
7.129,5.201797999999999,18.13,0.06244,0.14598,2.9368,0.002967,0.19718,0.021257,0.004668,0.342775,0.051883799999999994,0.126045,0.4156350000000001,0.0,0.09865499999999999,0.29786,0.201895
7.137,5.209797999999999,17.785,0.061445,0.14992999999999998,2.8751,0.0032805,0.19411499999999998,0.020638999999999998,0.0045605,0.34245000000000003,0.0493337,0.12627,0.411745,0.0,0.09639500000000001,0.27649,0.194215
7.145,5.217797999999999,18.56,0.05989,0.16257,2.9956999999999994,0.0036639999999999997,0.20051,0.020685500000000002,0.005396,0.42055,0.0468831,0.135785,0.427805,0.0,0.106045,0.29379,0.201545
7.153,5.225797999999999,18.965,0.058015,0.18163999999999997,3.0463500000000003,0.0036864999999999997,0.20505,0.020659,0.0066345,0.40225,0.0468149,0.14660499999999999,0.433525,0.0,0.10948000000000001,0.299775,0.20327
7.162,5.234798,19.315,0.05237,0.20576,3.0791500000000003,0.003967,0.207025,0.021116000000000003,0.008241499999999999,0.3811,0.04754835,0.161125,0.43360499999999996,0.0,0.10875,0.29490000000000005,0.204415
7.17,5.242798,20.39,0.04928,0.227385,3.23985,0.004181,0.21718500000000002,0.024202,0.009247499999999999,0.3849,0.053041950000000004,0.174235,0.45517500000000005,0.0,0.11088,0.30673,0.212825
7.178,5.250798,20.095,0.04835,0.22194,3.19535,0.0042205,0.2306,0.022863500000000002,0.009174,0.41505000000000003,0.0498396,0.17736,0.46409,0.0,0.10443,0.29655,0.19842500000000002
7.187,5.259798,22.565,0.054395,0.23503,3.5934,0.0047209999999999995,0.272565,0.0264955,0.0095615,0.54535,0.054419999999999996,0.20586,0.57285,0.0,0.10285,0.32916500000000004,0.20582
7.195,5.267798,23.115,0.05476999999999999,0.23353000000000002,3.65005,0.004696,0.29388000000000003,0.0293315,0.0094655,0.6771499999999999,0.056973750000000004,0.19788,0.641345,0.0,0.10491,0.343605,0.21416000000000002
7.203,5.275798,22.18,0.050179999999999995,0.214615,3.5322,0.004389499999999999,0.2912,0.028538,0.00861,0.6422000000000001,0.057678,0.187185,0.62431,0.0,0.09046499999999999,0.331,0.19789500000000002
7.212,5.284797999999999,18.175,0.04149,0.178175,2.9246,0.0034735,0.205295,0.024246000000000004,0.0073305,0.4679,0.0477451,0.15412,0.5097499999999999,0.0,0.07433500000000001,0.265845,0.166305
7.22,5.2927979999999994,17.085,0.042215,0.15014,2.76775,0.0030965,0.19365,0.024687,0.0056264999999999996,0.4893,0.0465145,0.13109500000000002,0.5003049999999999,0.0,0.066165,0.258355,0.16312
7.228,5.3007979999999995,16.315,0.04488,0.132805,2.64295,0.0029455,0.19027,0.025001000000000002,0.0049215000000000005,0.5099499999999999,0.0459817,0.116155,0.501055,0.0,0.061349999999999995,0.24646,0.16104000000000002
7.237,5.309798,15.885,0.04811,0.12032000000000001,2.5792,0.002861,0.18888,0.0254245,0.0045000000000000005,0.5187999999999999,0.0462404,0.10607,0.506645,0.0,0.057535,0.2379,0.16067499999999998
7.245,5.317798,15.695,0.05084,0.11014499999999999,2.55835,0.0027635,0.191775,0.026090000000000002,0.0041195,0.52735,0.04730505,0.098605,0.5147149999999999,0.0,0.054419999999999996,0.232155,0.162185
7.253,5.325798,15.465,0.05252,0.10124500000000002,2.54705,0.002465,0.186,0.026619499999999997,0.0036290000000000003,0.4912,0.04995545,0.09194999999999999,0.5059100000000001,0.0,0.050275,0.22687,0.16404500000000002
7.261,5.333798,15.93,0.057289999999999994,0.09478,2.6429,0.0023534999999999997,0.18839500000000003,0.029085,0.0032475000000000004,0.49254999999999993,0.05559295,0.08698,0.52693,0.0,0.04791,0.236585,0.17420999999999998
7.27,5.342797999999999,15.945,0.05946,0.08871500000000002,2.64985,0.002193,0.19369999999999998,0.029741000000000004,0.0029145,0.5043000000000001,0.05781815,0.08174999999999999,0.552485,0.0,0.04456,0.2351,0.178945
7.278,5.350797999999999,15.505,0.060015,0.082785,2.5810500000000003,0.0019320000000000001,0.19316,0.028586,0.002601,0.4963,0.057624350000000005,0.07573500000000001,0.5541550000000001,0.0,0.04213,0.22433999999999998,0.17654999999999998
7.286,5.358797999999999,14.55,0.05773,0.07484,2.4349999999999996,0.0016814999999999998,0.179165,0.0273025,0.002332,0.45824999999999994,0.05560195,0.065215,0.520275,0.0,0.03979,0.21114,0.17092000000000002
7.295,5.367798,13.975,0.056295,0.07257,2.33885,0.0015834999999999998,0.171505,0.026263,0.002324,0.4385,0.05408415,0.060739999999999995,0.506305,0.0,0.037655,0.203335,0.16542
7.303,5.375798,12.97,0.054424999999999994,0.06752,2.1609499999999997,0.0014805,0.16211,0.0246245,0.0021265,0.42655,0.050197649999999996,0.05316,0.480155,0.0,0.03576,0.19391000000000003,0.15482600000000002
7.311,5.383798,12.06,0.05345,0.062264,2.0082500000000003,0.00138,0.15,0.023398250000000002,0.0019275,0.39074999999999993,0.0479309,0.04643,0.45330500000000007,0.0,0.03226,0.18142499999999998,0.14454
7.32,5.392798,11.625,0.051984999999999996,0.058966500000000005,1.94445,0.0013035,0.14494,0.0231639,0.0017525,0.362,0.0486027,0.0413025,0.43992000000000003,0.0,0.029755,0.17164500000000002,0.140687
7.328,5.400798,11.275,0.05031,0.056158,1.8953,0.001226,0.14337499999999997,0.0229307,0.001601,0.3388,0.049747,0.0370415,0.42518,0.0,0.027795,0.16474499999999997,0.13804100000000002
7.336,5.408798,10.99,0.0493,0.053122,1.85145,0.001155,0.14492,0.0224344,0.001459,0.3301,0.0500192,0.03344849999999999,0.42123999999999995,0.0,0.025925000000000004,0.15916,0.134691
7.345,5.4177979999999994,10.58,0.04888000000000001,0.050621,1.79245,0.0010869999999999999,0.137675,0.021512800000000002,0.0013205,0.30006,0.050111249999999996,0.030161999999999998,0.40040000000000003,0.0,0.02466,0.15073,0.131854
7.353,5.4257979999999995,10.42,0.049490000000000006,0.049294000000000004,1.7738299999999998,0.001054,0.134475,0.0210659,0.0012215,0.28195000000000003,0.051137,0.027785000000000004,0.389275,0.0,0.023989999999999997,0.14632,0.13161499999999998
7.361,5.4337979999999995,10.43,0.05071,0.0485515,1.783825,0.001033,0.13404,0.02096185,0.001142,0.27414,0.052581249999999996,0.025898,0.38728499999999993,0.0,0.023545000000000003,0.145685,0.13277799999999998
7.369,5.4417979999999995,10.61,0.053055000000000005,0.048263,1.822025,0.00101735,0.134785,0.02105615,0.001078,0.27337,0.0542123,0.024514000000000005,0.39525499999999997,0.0,0.02309,0.148355,0.134904
7.378,5.450798,11.245,0.058755,0.04922649999999999,1.93955,0.00103,0.139225,0.021823000000000002,0.001044,0.28661000000000003,0.057259,0.023912500000000003,0.42513999999999996,0.0,0.022995,0.157675,0.1410095
7.386,5.458798,11.89,0.064,0.05087699999999999,2.05535,0.0010704999999999998,0.1455,0.0226748,0.0010365,0.30865,0.060142850000000005,0.023785,0.459225,0.0,0.02319,0.169045,0.147577
7.394,5.466798,13.12,0.06421,0.05401650000000001,2.301,0.001134,0.15908,0.0244925,0.001058,0.36778,0.0624198,0.024057000000000002,0.50824,0.0,0.02348,0.187115,0.154738
7.403,5.475797999999999,12.275,0.05631,0.054745499999999996,2.1762499999999996,0.0010695000000000001,0.14054,0.0230075,0.001043,0.29230999999999996,0.0615584,0.021988,0.44734500000000005,0.0,0.02366,0.18428499999999998,0.145665
7.411,5.483797999999999,12.27,0.0576,0.0558505,2.1809,0.0010645,0.136185,0.0228109,0.0010455,0.27564500000000003,0.0623243,0.021051500000000004,0.45049,0.0,0.02375,0.182145,0.14505099999999999
7.419,5.491797999999999,11.98,0.05823,0.055453,2.1279,0.001062,0.131195,0.02245515,0.0010279999999999998,0.25992000000000004,0.0621913,0.019661500000000002,0.44765999999999995,0.0,0.02308,0.17588,0.141435
7.428,5.500798,11.715,0.057155,0.055386500000000005,2.0775,0.0010669999999999998,0.12833,0.0223128,0.00098965,0.24869,0.0632338,0.018637,0.44802000000000003,0.0,0.022285,0.16770000000000002,0.13986500000000002
7.436,5.508798,11.46,0.05601,0.055799,2.0307000000000004,0.0010675,0.12437999999999999,0.02205145,0.00096075,0.23829,0.0635258,0.0179535,0.444855,0.0,0.021865,0.16025,0.1395055
7.444,5.516798,11.225,0.055155,0.056077499999999995,1.99105,0.0010575,0.12014,0.021535399999999996,0.0009307499999999999,0.22794999999999999,0.06287780000000001,0.017543499999999997,0.43895,0.0,0.021500000000000002,0.15450000000000003,0.1382835
7.453,5.525798,11.045,0.052565,0.05727349999999999,1.9626000000000001,0.0010655,0.11776999999999999,0.0210659,0.0009178,0.22499,0.062188850000000004,0.0175055,0.429185,0.0,0.021750000000000002,0.15058000000000002,0.1391395
7.461,5.533798,10.875,0.05092,0.0584095,1.9336,0.0010775,0.11524500000000001,0.0204707,0.00091,0.22152,0.06140165,0.0174975,0.420845,0.0,0.022064999999999998,0.146285,0.140717
7.469,5.541798,10.95,0.052575,0.0602955,1.94885,0.001099,0.11444000000000001,0.0202971,0.00091435,0.223105,0.06105945,0.017368500000000002,0.42034000000000005,0.0,0.02316,0.14826,0.144772
7.477,5.549798,11.07,0.054665,0.060300000000000006,1.9798,0.001118,0.1132,0.020441050000000002,0.0009122,0.22058,0.06120135,0.016584,0.4183,0.0,0.022844999999999997,0.15332,0.14852500000000002
7.486,5.5587979999999995,10.935,0.055465,0.05869800000000001,1.9649999999999999,0.0011250000000000001,0.109875,0.020261750000000002,0.00089125,0.213,0.06055635,0.015638000000000003,0.411655,0.0,0.02117,0.14994500000000002,0.145517
7.494,5.5667979999999995,10.785,0.057670000000000006,0.05755799999999999,1.9412500000000001,0.0011245,0.10703,0.020007900000000002,0.0008668,0.207765,0.05922720000000001,0.014853000000000002,0.40295000000000003,0.0,0.020058,0.145525,0.14129599999999998
7.502,5.5747979999999995,10.595,0.06031,0.056330500000000006,1.9058000000000002,0.0011259999999999998,0.10506,0.01970875,0.00084135,0.20569,0.0575779,0.014183000000000001,0.39653,0.0,0.018914,0.13897500000000002,0.13576200000000002
7.511,5.583798,10.48,0.06338,0.0560335,1.8780999999999999,0.0011325,0.106465,0.01968935,0.00082615,0.20893499999999998,0.056614950000000004,0.013727,0.39469999999999994,0.0,0.018039,0.132425,0.131308
7.519,5.591798,10.245,0.06563,0.055272,1.82775,0.0011275,0.106245,0.01942315,0.00080795,0.21005999999999997,0.055260050000000005,0.013345,0.39170499999999997,0.0,0.0172755,0.12425,0.125809
7.527,5.599798,9.905,0.066515,0.053481,1.7648500000000003,0.0010899999999999998,0.10137499999999999,0.0186319,0.00076925,0.202705,0.052934699999999994,0.012877999999999999,0.38573,0.0,0.016597,0.11590500000000001,0.120033
7.536,5.608797999999999,9.695,0.06758,0.052718999999999995,1.7256,0.0010635,0.098535,0.0181221,0.00074435,0.196575,0.05152145,0.012385499999999999,0.38149500000000003,0.0,0.016265,0.11082,0.1167165
7.544,5.616797999999999,9.555,0.06870000000000001,0.0522715,1.70135,0.001042,0.096585,0.01774795,0.0007252000000000001,0.19147,0.050550750000000005,0.011986,0.37938,0.0,0.016005,0.10685,0.11439450000000001
7.552,5.624797999999999,9.465,0.06941,0.05179,1.6869,0.00100435,0.09570999999999999,0.01752185,0.0007061999999999999,0.18812,0.04998505,0.0116255,0.380125,0.0,0.0156355,0.103545,0.1129025
7.561,5.633798,9.435,0.07050000000000001,0.051643,1.68269,0.000986,0.09628,0.01746255,0.0006960499999999999,0.18878499999999998,0.0495893,0.011337,0.38362999999999997,0.0,0.0151535,0.101035,0.112606
7.569,5.641798,9.365,0.07028999999999999,0.051306500000000005,1.675055,0.0009968,0.097225,0.01742635,0.0006982,0.194805,0.048026849999999996,0.0112055,0.37915499999999996,0.0,0.0146455,0.09845000000000001,0.11170849999999999
7.577,5.649798,9.395,0.07083500000000001,0.051359,1.68533,0.0010095,0.098485,0.01750935,0.00070195,0.200435,0.047259999999999996,0.0113355,0.3794850000000001,0.0,0.014247999999999999,0.097935,0.112375
7.585,5.657798,9.765,0.075875,0.053522,1.7538,0.0010385,0.101105,0.017953649999999998,0.0007232,0.206975,0.0481341,0.012140999999999999,0.39042,0.0,0.014685499999999999,0.1034,0.117697
7.594,5.666798,10.23,0.08198,0.055538000000000004,1.8437,0.001057,0.10427,0.0184461,0.0007407,0.21269500000000002,0.0494839,0.0129,0.4032700000000001,0.0,0.0150415,0.111375,0.12491950000000002
7.602,5.674798,10.885,0.09047999999999999,0.05839050000000001,1.9718499999999999,0.0010745,0.109345,0.0189344,0.0007538,0.22535,0.05008565,0.013921999999999999,0.41440000000000005,0.0,0.015666,0.12208000000000001,0.132619
7.61,5.682798,11.525,0.11001999999999999,0.0594195,2.0795500000000002,0.0010869999999999999,0.11183,0.01950185,0.0007631000000000001,0.22647,0.05177275,0.014168,0.42683,0.0,0.015603,0.1288,0.147673
7.619,5.6917979999999995,11.79,0.09506,0.0604595,2.1587500000000004,0.001104,0.11547500000000001,0.02060675,0.0007894499999999999,0.2314,0.0570368,0.015184500000000002,0.4665,0.0,0.015564999999999999,0.13667,0.142621
7.627,5.6997979999999995,12.545,0.09787,0.062695,2.3158499999999997,0.0011285,0.12143999999999999,0.021815150000000002,0.0008139,0.238295,0.0622158,0.0167005,0.50604,0.0,0.0152585,0.145805,0.15255400000000002
7.635,5.7077979999999995,13.705,0.10581499999999999,0.06447,2.5632,0.0011345,0.123155,0.0232104,0.00086315,0.236385,0.0683434,0.0180855,0.560435,0.0,0.016249,0.162905,0.17432499999999998
7.644,5.716798,13.255,0.110845,0.061932,2.4650999999999996,0.0011185000000000001,0.116605,0.022892799999999998,0.00079685,0.22335,0.06761845,0.0157145,0.54057,0.0,0.0152245,0.15819,0.174357
7.652,5.724798,12.895,0.10663,0.05998200000000001,2.4050000000000002,0.001111,0.11269499999999999,0.02263135,0.00074675,0.21613,0.0665467,0.014484,0.538115,0.0,0.014217,0.15108499999999997,0.1691075
7.66,5.732798,13.53,0.10198499999999999,0.06346199999999999,2.54315,0.0011645,0.11449,0.02484315,0.0007832,0.223085,0.07157895,0.014455999999999998,0.5876,0.0,0.0155075,0.16306500000000002,0.178003
7.669,5.741797999999999,14.435,0.10374,0.067325,2.73885,0.001226,0.11857999999999999,0.02604645,0.00083865,0.22436,0.07629269999999999,0.015219,0.646105,0.0,0.015622,0.17526499999999998,0.18519249999999998
7.677,5.749797999999999,15.35,0.10286,0.07112,2.9476500000000003,0.00125,0.12275,0.0273218,0.000892,0.226495,0.08079445,0.016029,0.69819,0.0,0.015827,0.187015,0.190427
7.685,5.757797999999999,16.125,0.099065,0.07461,3.1328500000000004,0.0012905,0.12566,0.02840405,0.00098445,0.22667,0.08503815,0.0171885,0.7452199999999999,0.0,0.015778,0.19255999999999998,0.1903145
7.693,5.765797999999999,16.94,0.09458,0.07758000000000001,3.32435,0.0013365,0.13196,0.030311950000000004,0.0010585,0.23742,0.08928045,0.018365000000000003,0.7903150000000001,0.0,0.015534,0.196495,0.19091650000000002
7.702,5.774798,19.915,0.09244000000000001,0.08716,3.97885,0.001375,0.15166000000000002,0.036807,0.001082,0.29603,0.10051715,0.022339499999999998,0.938175,0.0,0.0156665,0.22212500000000002,0.208185
7.71,5.782798,13.735,0.07467,0.060104000000000005,2.7144000000000004,0.0010505,0.103395,0.0261314,0.0007758999999999999,0.20607,0.0726586,0.015421500000000001,0.645611,0.0,0.01353,0.15141499999999997,0.14572500000000002
7.718,5.790798,11.9,0.06559,0.0539545,2.34488,0.0009716,0.09159,0.02368615,0.0006829,0.19032,0.0625937,0.012551000000000001,0.55267,0.0,0.012463,0.13214,0.1209345
7.727,5.799798,12.12,0.06837,0.055596000000000007,2.3858499999999996,0.0009708499999999999,0.09265,0.02429915,0.00068795,0.19439499999999998,0.06371825,0.012014,0.565763,0.0,0.0131895,0.13623500000000002,0.122696
7.735,5.807798,12.88,0.0727,0.0613085,2.53345,0.0009715500000000001,0.095625,0.025762149999999998,0.00069865,0.20158,0.0680629,0.0131595,0.6004005,0.0,0.014169000000000001,0.1478,0.1287325
7.743,5.815798,12.595,0.06770000000000001,0.0610315,2.4885,0.00093195,0.08848,0.02534375,0.0006997,0.18874999999999997,0.06796474999999999,0.012132999999999998,0.5900529999999999,0.0,0.0139615,0.14424,0.128936
7.752,5.8247979999999995,12.62,0.064865,0.060950000000000004,2.5138,0.0009101000000000001,0.08616499999999999,0.024984450000000002,0.0006955500000000001,0.18613000000000002,0.0673875,0.0112205,0.594266,0.0,0.0135475,0.145515,0.128421
7.76,5.8327979999999995,12.765,0.06344,0.061309999999999996,2.5675999999999997,0.00089025,0.084875,0.0241482,0.0006859500000000001,0.18587,0.0657951,0.010290500000000001,0.601948,0.0,0.013170000000000001,0.15132500000000002,0.1274825
7.768,5.8407979999999995,14.19,0.06464,0.066205,2.90185,0.0009245499999999999,0.090565,0.02564125,0.0007145,0.201955,0.0703423,0.010115500000000001,0.6715279999999999,0.0,0.013438,0.16739500000000002,0.13805299999999998
7.777,5.849798,14.685,0.06622,0.06865,3.00835,0.00099035,0.094945,0.02640045,0.00074675,0.21152500000000002,0.07392380000000001,0.009777000000000001,0.696,0.0,0.013535,0.17915499999999998,0.14195999999999998
7.785,5.857798,15.045,0.06839,0.07130500000000001,3.08415,0.001055,0.09897,0.027019400000000002,0.0007915,0.21908,0.07734360000000001,0.010087,0.7042229999999999,0.0,0.0138795,0.18463,0.1441405
7.793,5.865798,14.46,0.06935,0.070605,2.9567,0.001091,0.09793,0.02619495,0.0008180500000000001,0.218395,0.07397455,0.009911000000000001,0.656631,0.0,0.013992000000000001,0.17599499999999998,0.1413885
7.801,5.873798,13.745,0.069355,0.07107,2.80275,0.001099,0.09574,0.02466745,0.0008339,0.216475,0.06763165,0.00923,0.60128,0.0,0.014477,0.17857,0.1397145
7.81,5.882797999999999,14.075,0.07102,0.07483,2.87225,0.0011220000000000002,0.09873500000000002,0.02540025,0.00083425,0.22812,0.0670119,0.0090555,0.605135,0.0,0.0154135,0.19278,0.1459515
7.818,5.890797999999999,14.995,0.07600499999999999,0.08207,3.0644,0.0011665,0.10417499999999999,0.0269328,0.00083255,0.24881499999999998,0.06728144999999999,0.009042999999999999,0.6327400000000001,0.0,0.016902,0.22275499999999998,0.1581265
7.826,5.898797999999999,14.445,0.07669000000000001,0.08124500000000001,2.9469000000000003,0.001127,0.099085,0.0251993,0.0008319499999999999,0.23274,0.0642229,0.008829499999999999,0.62135,0.0,0.017965000000000002,0.21228,0.151553
7.835,5.907798,13.68,0.07833999999999999,0.079785,2.7706999999999997,0.0011225,0.092905,0.0241165,0.00076515,0.21609499999999998,0.0600468,0.0081025,0.5920150000000001,0.0,0.018548500000000002,0.20551999999999998,0.1451775
7.843,5.915798,13.715,0.082205,0.08099500000000001,2.773,0.001141,0.09229000000000001,0.023877799999999998,0.00075535,0.210155,0.0593018,0.008190500000000002,0.60203,0.0,0.018859,0.20659000000000002,0.144916
7.851,5.923798,14.12,0.085915,0.08378999999999999,2.8632999999999997,0.0011695,0.09277,0.024506800000000002,0.0007386000000000001,0.210905,0.0588504,0.0086455,0.62664,0.0,0.018968,0.21032,0.14729350000000002
7.86,5.932798,14.155,0.083755,0.08603,2.8824,0.0011905,0.09109999999999999,0.025446000000000003,0.0007193,0.211885,0.05767105,0.008810499999999999,0.6184299999999999,0.0,0.0194375,0.20951999999999998,0.14772000000000002
7.868,5.940798,13.845,0.080495,0.08605,2.8219,0.0011665,0.08793000000000001,0.025799500000000003,0.0006752500000000001,0.20656,0.05689475,0.008818,0.5966885,0.0,0.019205,0.20235999999999998,0.14346899999999999
7.876,5.948798,13.35,0.07415,0.08456499999999999,2.726,0.001107,0.08329999999999999,0.026111299999999997,0.0006219,0.19756,0.0567167,0.008605,0.5671855000000001,0.0,0.018129,0.19181499999999999,0.13624999999999998
7.885,5.9577979999999995,13.19,0.07421,0.084935,2.68805,0.001043,0.081025,0.026716,0.0005861,0.19036499999999998,0.0581662,0.0084815,0.552335,0.0,0.017952,0.19036999999999998,0.134186
7.893,5.9657979999999995,13.27,0.07753,0.086985,2.69665,0.00101645,0.08012,0.027402750000000003,0.0005688,0.18652,0.059555849999999994,0.008466,0.5491555000000001,0.0,0.018285999999999997,0.194175,0.13490100000000002
7.901,5.9737979999999995,13.09,0.07953,0.087165,2.65325,0.0009682,0.07727,0.02731315,0.0005431500000000001,0.17798999999999998,0.05939435,0.008213499999999999,0.534528,0.0,0.018419,0.19659500000000002,0.13377500000000003
7.909,5.9817979999999995,12.75,0.07984999999999999,0.08665500000000001,2.5761,0.0009131,0.073495,0.0270118,0.00052,0.167715,0.05913735,0.007888,0.50911,0.0,0.018633499999999997,0.19727999999999998,0.1324105
7.918,5.990798,11.845,0.07423,0.08347000000000002,2.38485,0.00083195,0.06613,0.025802,0.00047765,0.151895,0.057107450000000004,0.007237,0.45391800000000004,0.0,0.01826,0.19090500000000002,0.1278525
7.926,5.998798,10.565,0.06622999999999998,0.078095,2.11765,0.00075785,0.057185,0.0235348,0.00043215,0.133465,0.0520268,0.006376,0.38717749999999995,0.0,0.017457,0.178215,0.119779
7.934,6.006798,9.785,0.062314999999999995,0.07531000000000002,1.9454,0.0007155,0.05191,0.02269595,0.0004089,0.121285,0.049663849999999995,0.0059885,0.34919999999999995,0.0,0.0169875,0.170955,0.115503
7.943,6.015797999999999,9.03,0.056760000000000005,0.07139999999999999,1.7861,0.0006769,0.04807,0.022033,0.00038845000000000004,0.11244499999999999,0.04750225,0.005644499999999999,0.31687300000000007,0.0,0.015962,0.16032000000000002,0.10893800000000001
7.951,6.023797999999999,8.43,0.050679999999999996,0.0683815,1.6671,0.00064945,0.04503,0.02126865,0.00037115,0.10622000000000001,0.04508295,0.0053525000000000005,0.2923565,0.0,0.015335,0.1509,0.1036755
7.959,6.031797999999999,7.95,0.045835,0.066161,1.5715,0.0006264,0.0424,0.0205537,0.00035174999999999996,0.10086500000000001,0.0428616,0.005130999999999999,0.272786,0.0,0.014858,0.143875,0.099277
7.968,6.040798,7.545,0.04217,0.064354,1.492,0.00060565,0.040100000000000004,0.019828449999999997,0.0003323,0.09604,0.0407473,0.004953,0.25638099999999997,0.0,0.014371,0.138925,0.0953045
7.976,6.048798,7.2,0.039349999999999996,0.06243,1.42321,0.0005859999999999999,0.03813,0.01928685,0.00031395,0.091805,0.039089349999999995,0.0048465,0.24176299999999998,0.0,0.013665,0.13536499999999999,0.0913595
7.984,6.056798,6.97,0.037565,0.0608075,1.3780249999999998,0.0005716,0.03676,0.01919795,0.0003001,0.08877499999999999,0.038312,0.004821999999999999,0.23238950000000003,0.0,0.012865000000000001,0.13338500000000003,0.087903
7.993,6.065798,6.715,0.036105,0.059358999999999995,1.3355350000000001,0.00056405,0.035,0.0179208,0.00029085,0.08524,0.0356569,0.004749,0.220573,0.0,0.0120525,0.13283,0.084455
8.001,6.073797999999999,6.495,0.03473,0.058126,1.30293,0.0005573500000000001,0.0335345,0.0164124,0.00028365,0.082525,0.0327648,0.004706999999999999,0.21013050000000003,0.0,0.0112,0.132675,0.08072850000000001
8.009,6.081798,6.375,0.0339,0.0577205,1.287715,0.00055255,0.0327215,0.0153271,0.0002796,0.08088000000000001,0.0310027,0.004744,0.20316899999999996,0.0,0.010589000000000001,0.134605,0.0783965
8.017,6.089797999999999,6.415,0.03442,0.058235999999999996,1.300665,0.0005503,0.032694999999999995,0.0149792,0.0002795,0.08043,0.030767850000000003,0.0048565,0.201313,0.0,0.0102495,0.139935,0.077969
8.026,6.0987979999999995,6.53,0.03591,0.0592525,1.32272,0.0005493,0.033239500000000005,0.01526535,0.000282,0.08077000000000001,0.03183855,0.005006999999999999,0.202625,0.0,0.010066499999999999,0.14769000000000002,0.078851
8.034,6.106798,6.615,0.037995,0.0602955,1.33837,0.0005484,0.0326405,0.015383500000000001,0.00028355000000000003,0.079255,0.03261485,0.005194000000000001,0.203762,0.0,0.009913,0.15491,0.079944
8.042,6.1147979999999995,6.74,0.040525000000000005,0.06151,1.36235,0.0005501499999999999,0.03226,0.015515649999999999,0.0002867,0.07805,0.03352719999999999,0.005412500000000001,0.206408,0.0,0.0097585,0.163005,0.0812745
8.051,6.123798,6.92,0.04347500000000001,0.063014,1.3970699999999998,0.00055345,0.0321315,0.0157737,0.0002911,0.07719000000000001,0.03490165,0.005653999999999999,0.21013600000000002,0.0,0.009593,0.173245,0.083319
8.059,6.131797999999999,7.125,0.046665,0.0641595,1.437115,0.0005566,0.032106499999999996,0.01614555,0.0002973,0.07653,0.03670055,0.0058525,0.21322549999999998,0.0,0.009243999999999999,0.185545,0.0857845
8.067,6.139798,7.335,0.050235,0.0653045,1.47816,0.00056025,0.0322515,0.0164245,0.00030595000000000004,0.07614,0.03857485,0.0060325,0.21645050000000002,0.0,0.0089165,0.199375,0.088147
8.076,6.148798,8.075,0.06025,0.07248,1.617,0.0005916000000000001,0.03435,0.0173095,0.00033469999999999995,0.07862,0.0435603,0.006615999999999999,0.23232499999999995,0.0,0.009613,0.239425,0.097215
8.084,6.156797999999999,8.985,0.07467,0.080155,1.789,0.000609,0.036705,0.018296800000000002,0.0003631,0.079815,0.04916505,0.007164,0.256237,0.0,0.010817,0.282895,0.10848750000000001
8.092,6.164798,9.26,0.07767,0.08254999999999998,1.84195,0.0005833,0.037325,0.0186915,0.00035015000000000003,0.07796,0.05209055,0.0072405,0.26201100000000005,0.0,0.010959,0.301925,0.11360550000000001
8.1,6.172797999999999,9.415,0.08025,0.083145,1.8674499999999998,0.0005506,0.03787,0.0191945,0.00035135,0.07597999999999999,0.0550515,0.007428,0.264455,0.0,0.0110735,0.31315,0.1176425
8.109,6.181798,9.37,0.07672499999999999,0.08312,1.8508,0.0005226499999999999,0.037809999999999996,0.0202484,0.00035605,0.07503,0.058645649999999994,0.0076935,0.25758349999999997,0.0,0.010888499999999999,0.3165,0.12051300000000001
8.117,6.189798000000001,9.05,0.06615,0.08217,1.7804000000000002,0.0004925999999999999,0.03688,0.0213794,0.00033635,0.073855,0.0618799,0.007758,0.240907,0.0,0.0102545,0.31421499999999997,0.12126150000000001
8.125,6.197798,9.3,0.06207,0.085815,1.82275,0.00050305,0.038224999999999995,0.02303875,0.00031650000000000005,0.07592499999999999,0.06778485000000001,0.008126499999999998,0.24303349999999999,0.0,0.009975999999999999,0.332145,0.126896
8.134,6.206798,9.46,0.060475,0.08759,1.8475000000000001,0.0004989,0.039125,0.0242447,0.00029969999999999997,0.07542,0.072771,0.0081345,0.24269399999999997,0.0,0.009966,0.34553,0.1305905
8.142,6.214797999999999,8.575,0.05647,0.082135,1.6905799999999997,0.00045425,0.03829,0.0204154,0.0002569,0.073065,0.060037850000000004,0.007654,0.2244885,0.0,0.009524000000000001,0.29738,0.1156625
8.15,6.222798,7.745,0.054015,0.07442,1.547585,0.00041095,0.036485000000000004,0.0170334,0.0002176,0.06942000000000001,0.0495092,0.007250500000000001,0.1998515,0.0,0.007872,0.26225,0.1021705
8.159,6.231798,7.32,0.05319,0.07118,1.47084,0.00037759999999999996,0.035275,0.015379799999999999,0.00019685,0.06601499999999999,0.04479775,0.0072415000000000005,0.1840165,0.0,0.006869999999999999,0.244885,0.0962745
8.167,6.2397979999999995,7.23,0.0537,0.070765,1.46771,0.00035355,0.034455,0.0143758,0.00018645,0.063455,0.0421051,0.007470000000000001,0.17622349999999998,0.0,0.006287999999999999,0.23689,0.09516749999999999
8.175,6.247798,7.29,0.054700000000000006,0.071555,1.499255,0.00033259999999999995,0.03397,0.0136339,0.00017925,0.061375,0.04016905,0.00778,0.170958,0.0,0.005929499999999999,0.23140499999999997,0.09653300000000001
8.184,6.256797999999999,7.33,0.05563,0.073015,1.5131750000000002,0.00031095000000000005,0.033710000000000004,0.013312399999999999,0.00017285,0.05887,0.0398483,0.0081945,0.1655595,0.0,0.005545,0.22846,0.09887449999999999
8.192,6.264798,6.94,0.055580000000000004,0.06827,1.44866,0.00028165,0.030038,0.01083615,0.00015335000000000001,0.04987,0.0356506,0.007946499999999999,0.15110750000000003,0.0,0.004921,0.22641,0.09113399999999999
8.2,6.272797999999999,6.035,0.054025000000000004,0.0646545,1.2132500000000002,0.00026314999999999997,0.0283315,0.009509700000000001,0.00014429999999999998,0.044965,0.0321191,0.0077955,0.1399365,0.0,0.0047735,0.20770500000000003,0.079213
8.208,6.280798,5.71,0.051895,0.062925,1.13482,0.00025365,0.027930499999999997,0.008802850000000001,0.00014225,0.043145,0.0309611,0.0077564999999999995,0.1337545,0.0,0.004743000000000001,0.20667000000000002,0.07405
8.217,6.289798,5.68,0.05143,0.063529,1.1223649999999998,0.00025555,0.02871,0.00852845,0.00014790000000000002,0.043,0.03129715,0.007863,0.13259749999999998,0.0,0.0049035,0.21699,0.07259349999999999
8.225,6.297797999999999,5.91,0.05298,0.06649,1.16432,0.0002709,0.0306955,0.008672599999999999,0.00016104999999999998,0.044555000000000004,0.0331018,0.008104,0.13678749999999998,0.0,0.005244,0.238675,0.0744445
8.233,6.305798,6.355,0.05679,0.07161000000000001,1.246555,0.00031145,0.034225,0.0092642,0.0001869,0.048415,0.0367426,0.0084995,0.14528899999999997,0.0,0.0057615,0.27757,0.07843649999999999
8.242,6.314798000000001,6.795,0.061500000000000006,0.077215,1.32863,0.00035234999999999997,0.03497,0.009331,0.00021185,0.04816000000000001,0.0399368,0.008966,0.1519725,0.0,0.006294000000000001,0.31994,0.08264850000000001
8.25,6.322798,7.31,0.06583,0.08216999999999999,1.429335,0.00038815,0.03762,0.01008485,0.00023495,0.050355,0.04420225,0.009325,0.1604665,0.0,0.0067245000000000004,0.35868500000000003,0.08848
8.258,6.330797999999999,7.79,0.06956,0.08596000000000001,1.52559,0.00041775,0.04007,0.010855900000000002,0.00025385,0.05192000000000001,0.048736650000000006,0.009474999999999999,0.167755,0.0,0.0071129999999999995,0.39609999999999995,0.09397849999999999
8.267,6.339797999999999,8.39,0.074855,0.091385,1.6429500000000001,0.0004507,0.043075,0.01190125,0.0002763,0.054264999999999994,0.05395245,0.0099535,0.17845650000000002,0.0,0.0075474999999999995,0.43597,0.1009025
8.275,6.347798,10.085,0.092055,0.106935,1.95697,0.0005459,0.055150000000000005,0.01496915,0.00033370000000000003,0.06291,0.06979865,0.0113145,0.21580199999999997,0.0,0.008317999999999999,0.549995,0.12081850000000001
8.283,6.355797999999999,12.315,0.10672000000000001,0.132495,2.355275,0.0006482,0.06609999999999999,0.021282099999999998,0.00041414999999999996,0.07280999999999999,0.09486460000000001,0.013744999999999999,0.25981600000000005,0.0,0.010613000000000001,0.6866450000000001,0.15275
8.292,6.3647979999999995,12.795,0.11116000000000001,0.13448500000000002,2.4952949999999996,0.00062845,0.06722500000000001,0.0211232,0.00039674999999999997,0.07592,0.0921023,0.014253,0.26555049999999997,0.0,0.0097395,0.703325,0.155289
8.3,6.372798,11.785,0.094,0.124655,2.3336499999999996,0.00047170000000000003,0.06057,0.020211800000000002,0.00027485,0.064585,0.084672,0.012883,0.25069050000000004,0.0,0.0082895,0.6122449999999999,0.145073
8.308,6.3807979999999995,10.41,0.07354,0.11076,2.10764,0.00033765,0.04915,0.01899395,0.00021635,0.055935,0.07156785,0.0120045,0.21854200000000001,0.0,0.007379999999999999,0.500615,0.12962
8.316,6.388798,9.025,0.05485,0.095265,1.8788099999999999,0.00024465,0.0391115,0.01724015,0.00017645,0.048135,0.0580392,0.011257,0.19027100000000002,0.0,0.006454,0.39186,0.11237050000000001
8.325,6.397797999999999,8.33,0.04506,0.08783,1.76498,0.0001871,0.033642000000000005,0.0165405,0.00015265,0.044,0.051040100000000005,0.011241,0.17702099999999998,0.0,0.0058275,0.33207,0.10360049999999998
8.333,6.405798,7.775,0.038805,0.08317000000000001,1.661225,0.00015005,0.029690499999999998,0.0161523,0.0001368,0.040459999999999996,0.0464581,0.011484999999999999,0.16726999999999997,0.0,0.005261999999999999,0.2865,0.09684949999999999
8.341,6.413797999999999,7.275,0.034525,0.079995,1.5572300000000001,0.00012875,0.0271245,0.01568455,0.00012565,0.037955,0.042806750000000005,0.011852,0.160038,0.0,0.004739,0.25146,0.0902665
8.35,6.422797999999999,6.875,0.03124,0.0773895,1.47444,0.00011205,0.0252155,0.01515745,0.00011559999999999999,0.036004999999999995,0.03959945,0.0121385,0.154031,0.0,0.004266,0.22564,0.084064
8.358,6.430798,6.475,0.028310000000000002,0.07371849999999999,1.39581,9.7945e-05,0.023462999999999998,0.01452015,0.00010645000000000001,0.0339295,0.03653555,0.012055999999999999,0.1468065,0.0,0.0037819999999999998,0.20148,0.078073
8.366,6.438797999999999,6.265,0.02633,0.070682,1.358465,8.833e-05,0.022851,0.0141372,0.00010025,0.032449,0.0351998,0.012039000000000001,0.142713,0.0,0.003306,0.19413,0.074032
8.375,6.447798,5.445,0.023030000000000002,0.0650515,1.171455,7.786e-05,0.019906,0.012891450000000002,9.256999999999999e-05,0.0292235,0.030481,0.0114755,0.1275115,0.0,0.0027990000000000003,0.1536,0.063743
8.383,6.455797999999999,4.862,0.020579999999999998,0.05892850000000001,1.0460850000000002,6.8965e-05,0.017643,0.01209605,8.3915e-05,0.0256995,0.027415345,0.010398999999999999,0.11523665000000001,0.0,0.002404,0.12625,0.056294
8.391,6.463798,4.447,0.019008,0.052958000000000005,0.96307,6.2195e-05,0.015972,0.011547700000000001,7.598e-05,0.022339,0.02549829,0.009111999999999999,0.10510040000000001,0.0,0.0021000000000000003,0.10938,0.050861
8.4,6.472798,4.152,0.018426500000000002,0.0488725,0.900775,5.846e-05,0.014893,0.011285340000000001,7.215499999999999e-05,0.020292499999999998,0.02439011,0.008199,0.09736010000000002,0.0,0.0018899999999999998,0.09803999999999999,0.0470825
8.408,6.480797999999999,3.9245,0.018433,0.046028,0.84948,5.613e-05,0.0140815,0.011191465000000001,7.046e-05,0.0188205,0.023731045,0.007554999999999999,0.09134579999999999,0.0,0.0017274,0.08885,0.04425
8.416,6.488798,3.6915,0.018992000000000002,0.0431735,0.791795,5.522e-05,0.013417,0.011260784999999999,6.9655e-05,0.017537,0.023507930000000003,0.006804,0.0852488,0.0,0.00161015,0.08163,0.041683
8.424,6.496797999999999,3.4285,0.016929000000000003,0.0409755,0.73085,5.5685e-05,0.012681999999999999,0.011059805,7.073999999999999e-05,0.016259999999999997,0.022812725,0.006556,0.0796658,0.0,0.001461,0.072438,0.037495799999999996
8.433,6.5057979999999995,3.153,0.015885,0.0389525,0.6615850000000001,5.575e-05,0.011779000000000001,0.01081404,7.105499999999999e-05,0.014166000000000002,0.02221484,0.0063855000000000006,0.0746026,0.0,0.0013267,0.063364,0.033741999999999994
8.441,6.513798,3.199,0.018118000000000002,0.043672,0.6470750000000001,6.994e-05,0.011813,0.011182524999999999,9.589e-05,0.013874000000000001,0.023744275000000002,0.007542,0.07773615,0.0,0.0013077000000000002,0.062197999999999996,0.0330769
8.449,6.5217979999999995,3.124,0.019299,0.04495299999999999,0.6181650000000001,7.562500000000001e-05,0.0115765,0.011052679999999999,0.00010172,0.013358,0.023792960000000002,0.007753999999999999,0.0768065,0.0,0.0013023,0.05905200000000001,0.0321274
8.458,6.530798,3.1245,0.021295,0.0487905,0.593665,8.6385e-05,0.011772500000000002,0.01133719,0.0001122,0.0136025,0.024829504999999995,0.008433999999999999,0.07894580000000001,0.0,0.0013979,0.058303999999999995,0.03288325
8.466,6.538797999999999,3.2765,0.0245,0.056566,0.5902200000000001,0.000104135,0.0126315,0.012046325,0.00012869999999999998,0.015161,0.027036955,0.009807499999999999,0.0853575,0.0,0.0016754,0.062242000000000006,0.035955249999999994
8.474,6.546798,3.5515,0.028880000000000003,0.067906,0.60191,0.0001294,0.0140095,0.013079009999999999,0.00015145000000000002,0.017708500000000002,0.030252815000000002,0.01183,0.09566000000000001,0.0,0.0020800000000000003,0.06964699999999999,0.041024000000000005
8.483,6.555798,3.8825,0.033549999999999996,0.08035049999999999,0.62283,0.00015745,0.0161755,0.014327050000000001,0.00017015,0.021089,0.0338348,0.013965,0.10658700000000002,0.0,0.002589,0.08059999999999999,0.047924999999999995
8.491,6.563797999999999,4.351,0.03923,0.097595,0.654605,0.00019234999999999999,0.0200785,0.0164369,0.00019730000000000003,0.0266805,0.03866135,0.016999,0.122777,0.0,0.003258,0.09661,0.05755299999999999
8.499,6.571798,5.04,0.04586,0.11957999999999999,0.71504,0.00023165,0.026754999999999998,0.020647949999999998,0.00023715,0.035245,0.0458455,0.020645,0.145851,0.0,0.0040809999999999996,0.11853999999999999,0.07280400000000001
8.508,6.580797999999999,5.805,0.04902,0.141885,0.7757350000000001,0.0002806,0.03543,0.027558449999999998,0.00027965,0.046604999999999994,0.05649535,0.0231325,0.17287000000000002,0.0,0.005564999999999999,0.15194000000000002,0.095776
8.516,6.588798,5.605,0.04668,0.14799,0.700195,0.0002942,0.037110000000000004,0.0264671,0.00028700000000000004,0.043295,0.05862765,0.023033000000000005,0.17103800000000002,0.0,0.006019,0.14099,0.0996935
8.524,6.596797999999999,5.77,0.045399999999999996,0.15726,0.6935250000000001,0.00031455000000000003,0.041225,0.028422450000000002,0.00030444999999999995,0.04344,0.0640172,0.023366999999999995,0.17665050000000002,0.0,0.0063809999999999995,0.14307000000000003,0.10964099999999999
8.532,6.604798,5.915,0.04411,0.166185,0.689835,0.0003303,0.044835,0.02995895,0.00032315,0.043054999999999996,0.0684334,0.0238175,0.18063099999999999,0.0,0.006545,0.14390000000000003,0.11851950000000001
8.541,6.613798,6.22,0.04482,0.18112499999999998,0.6971,0.00035190000000000004,0.049045,0.03202985,0.0003535,0.04456,0.0740022,0.0253955,0.191134,0.0,0.0071135,0.14901999999999999,0.129177
8.549,6.621797999999999,6.835,0.047580000000000004,0.209355,0.716935,0.00039190000000000004,0.057695,0.036054749999999997,0.00040285,0.04818,0.08537825,0.0282235,0.210752,0.0,0.008217,0.158745,0.1498795
8.557,6.629798,7.905,0.0524,0.25459,0.7746700000000001,0.0004526,0.07247,0.0424901,0.00047225,0.0549,0.1038785,0.032154,0.24119000000000002,0.0,0.0101515,0.175525,0.18340650000000003
8.566,6.638798,8.515,0.0536,0.27454999999999996,0.8174699999999999,0.00047745000000000003,0.08095,0.04831095,0.00050575,0.060669999999999995,0.115746,0.033977,0.257555,0.0,0.0107855,0.186915,0.200873
8.574,6.6467979999999995,8.615,0.053399999999999996,0.28252,0.8051649999999999,0.0004857,0.085895,0.0495696,0.00051975,0.06423999999999999,0.1184137,0.0345925,0.26192550000000003,0.0,0.010843,0.18761000000000003,0.20198349999999998
8.582,6.654798,8.705,0.056659999999999995,0.28646499999999997,0.8070600000000001,0.0004939,0.085235,0.0509105,0.0005739,0.066925,0.1180182,0.035444,0.2693745,0.0,0.010714000000000001,0.18694,0.19858399999999998
8.591,6.663797999999999,8.09,0.05387,0.26698,0.7483900000000001,0.00044225000000000004,0.07503499999999999,0.047863050000000004,0.00052765,0.06260500000000001,0.1072893,0.033015,0.25618749999999996,0.0,0.009909000000000001,0.17714000000000002,0.18573299999999998
8.599,6.671798,7.71,0.05198,0.254205,0.7070399999999999,0.00040645000000000004,0.06842000000000001,0.04720415,0.0005019499999999999,0.06171,0.1010277,0.031672,0.25112249999999997,0.0,0.009332,0.17143000000000003,0.1774775
8.607,6.679797999999999,7.505,0.050735,0.24783,0.669405,0.00039035000000000003,0.06494,0.0484581,0.00051235,0.06508,0.09828675,0.031691000000000004,0.25318699999999994,0.0,0.008898,0.165445,0.17223699999999997
8.616,6.688797999999999,7.225,0.046340000000000006,0.24556500000000003,0.59486,0.00037815,0.062200000000000005,0.04975575,0.0005268499999999999,0.071655,0.09545710000000002,0.03312349999999999,0.260356,0.0,0.0085485,0.154235,0.168136
8.624,6.696798,6.92,0.04252,0.238575,0.52719,0.00037275000000000003,0.059359999999999996,0.0510491,0.0005292,0.07446,0.09338425,0.03340950000000001,0.2627915,0.0,0.007925,0.1499,0.1647185
8.632,6.704797999999999,7.325,0.043395,0.24686999999999998,0.536025,0.0003881,0.062805,0.059669150000000004,0.0005624,0.08401,0.10245005,0.034911000000000005,0.29024300000000003,0.0,0.0077269999999999995,0.16229,0.18246150000000003
8.64,6.712798,7.535,0.04578,0.25747,0.537695,0.0003936,0.06316,0.0620279,0.0005813,0.08971499999999999,0.1036933,0.0364725,0.300046,0.0,0.0078565,0.16857,0.1854095
8.649,6.721797999999999,7.865,0.04912,0.273845,0.546635,0.0004112,0.064385,0.06514725,0.0006093,0.09636999999999998,0.10610575,0.0385445,0.314471,0.0,0.00826,0.177885,0.19163450000000004
8.657,6.729798,8.17,0.05246,0.28871,0.55522,0.00043365,0.064965,0.0680396,0.0006349,0.102325,0.1078112,0.040321,0.3261155,0.0,0.008661,0.18721000000000002,0.19693550000000004
8.665,6.737797999999999,8.245,0.05503,0.29399499999999995,0.56165,0.00044435,0.063165,0.0682083,0.00064205,0.10355500000000001,0.1061158,0.0408515,0.32704500000000003,0.0,0.008843,0.192245,0.19433850000000003
8.674,6.746797999999999,8.135,0.05727,0.290685,0.56518,0.0004439,0.059664999999999996,0.0659235,0.0006332,0.099975,0.10185125,0.040344,0.3194775,0.0,0.008856,0.194515,0.1842725
8.682,6.754798,8.105,0.06107,0.28861000000000003,0.5731499999999999,0.00044855000000000003,0.056650000000000006,0.064982,0.0006276,0.096135,0.09942825,0.039871,0.3149095,0.0,0.008922,0.19993,0.17681100000000002
8.69,6.762797999999999,8.61,0.07169500000000001,0.30745500000000003,0.5993700000000001,0.00047694999999999997,0.058345,0.0690248,0.00066035,0.10003999999999999,0.103078,0.041641,0.33497200000000005,0.0,0.009559,0.22159500000000001,0.186244
8.699,6.7717979999999995,8.92,0.077635,0.32432,0.5895699999999999,0.0005060500000000001,0.059605000000000005,0.0722141,0.0006865,0.10385,0.10561085,0.043309999999999994,0.3499365,0.0,0.010142,0.23532,0.194417
8.707,6.779798,9.05,0.07873000000000001,0.335605,0.5683050000000001,0.00052815,0.059925000000000006,0.07435900000000001,0.0007020500000000001,0.10652500000000001,0.107202,0.044535000000000005,0.357027,0.0,0.0105355,0.240815,0.1986505
8.715,6.7877979999999996,9.385,0.0797,0.357315,0.55372,0.0005922,0.0616,0.07831755,0.0007352000000000001,0.11524,0.10984065,0.04729,0.37245350000000005,0.0,0.011158000000000001,0.252095,0.207046
8.724,6.796798,9.49,0.07554,0.366585,0.538595,0.00069605,0.062435,0.08060490000000001,0.00077235,0.12180500000000001,0.1117386,0.04907,0.380274,0.0,0.011307000000000001,0.25697000000000003,0.20946950000000003
8.732,6.804797999999999,8.995,0.06724999999999999,0.34184500000000007,0.5201,0.0006847,0.061134999999999995,0.07741855,0.0007729,0.11362,0.11161305,0.04664,0.361583,0.0,0.010329999999999999,0.246585,0.1973585
8.74,6.812798,8.605,0.061524999999999996,0.31945999999999997,0.5113000000000001,0.00067315,0.05953,0.07536245,0.0007785,0.10663500000000001,0.1121546,0.044020000000000004,0.346306,0.0,0.009623,0.238215,0.188353
8.748,6.820797999999999,8.17,0.05684500000000001,0.294065,0.500365,0.0006623,0.056535,0.07347290000000001,0.0007888,0.09986500000000001,0.1114071,0.040683,0.3313505,0.0,0.008944,0.22764,0.17916150000000003
8.757,6.829797999999999,7.64,0.052855,0.267855,0.48163500000000004,0.00064735,0.051930000000000004,0.07016810000000001,0.0007915,0.09233,0.107251,0.036812,0.312107,0.0,0.0083355,0.21426,0.16876
8.765,6.837798,7.305,0.049710000000000004,0.24849,0.47904499999999994,0.0006474499999999999,0.048810000000000006,0.06817980000000001,0.00083465,0.08574,0.1059546,0.033995000000000004,0.29906,0.0,0.007962499999999999,0.203355,0.1631915
8.773,6.845797999999999,7.2,0.048615000000000005,0.238535,0.48882500000000007,0.0006626,0.04793,0.0678545,0.0009004,0.08183499999999999,0.10745194999999999,0.0327395,0.29412099999999997,0.0,0.007761,0.1991,0.160919
8.782,6.854798,7.065,0.04672,0.23017500000000002,0.48868999999999996,0.00066175,0.04735,0.06724139999999999,0.0009316,0.078375,0.10802505,0.031511,0.28893050000000003,0.0,0.007543,0.195025,0.1582075
8.79,6.862797999999999,6.96,0.04527,0.224155,0.488715,0.0006653,0.046885,0.06657394999999999,0.0009581,0.07586000000000001,0.10798909999999999,0.030597000000000003,0.2851465,0.0,0.007362500000000001,0.19208,0.15556799999999998
8.798,6.870798,6.885,0.04421,0.219005,0.49189,0.00067645,0.04648,0.06631215,0.0009935,0.07416,0.1081231,0.029851999999999997,0.28228400000000003,0.0,0.007204499999999999,0.19033,0.15371200000000002
8.807,6.879798,6.81,0.0432,0.21394999999999997,0.49346,0.0006900999999999999,0.046079999999999996,0.0661304,0.0010340000000000002,0.072675,0.1081157,0.029082,0.2798725,0.0,0.007074,0.18835000000000002,0.152358
8.815,6.887797999999999,6.64,0.041429999999999995,0.20786,0.474695,0.0006959500000000001,0.045314999999999994,0.065427895,0.0010585,0.06983,0.10776175,0.027955,0.275989,0.0,0.006982,0.18411499999999997,0.150202
8.823,6.895798,6.56,0.04034,0.203825,0.469385,0.0007141,0.044845,0.06508327,0.001106,0.068325,0.10782739999999999,0.0274565,0.2731925,0.0,0.006942,0.18229,0.14828950000000002
8.832,6.904798,6.65,0.040505,0.20515,0.48354,0.00074255,0.04475,0.06631190000000001,0.0011765,0.06797,0.1097311,0.027787499999999996,0.278606,0.0,0.006939,0.18453,0.15031150000000001
8.84,6.9127979999999996,6.645,0.039450000000000006,0.205105,0.47941,0.00076275,0.044835,0.06683775,0.0012374999999999999,0.06804,0.11069795,0.028139499999999994,0.280012,0.0,0.006896,0.18474999999999997,0.14965299999999998
8.848,6.9207980000000004,6.575,0.038135,0.201285,0.47254,0.0007815,0.04485,0.0673619,0.0012945,0.067735,0.1112872,0.027516,0.278264,0.0,0.0068260000000000005,0.18113,0.14833
8.856,6.928798,6.52,0.03686,0.19774,0.46809,0.00080685,0.044829999999999995,0.06809079999999999,0.0013585,0.06765499999999999,0.11201215,0.026908500000000002,0.276774,0.0,0.0067875,0.17768499999999998,0.14752699999999996
8.865,6.937798,6.395,0.034784999999999996,0.19061999999999998,0.46145499999999995,0.0008257,0.0446,0.06867827,0.0014065,0.06786,0.1122543,0.025758500000000004,0.271121,0.0,0.006633,0.170135,0.14543050000000002
8.873,6.945797999999999,6.37,0.03385,0.18685000000000002,0.460615,0.00085125,0.045325000000000004,0.070381475,0.0014805,0.06883,0.113944795,0.025048,0.26948300000000003,0.0,0.006564,0.165445,0.14553549999999998
8.881,6.953798,6.52,0.033764999999999996,0.18926500000000002,0.470325,0.0009009,0.047025,0.07339470000000001,0.001575,0.070645,0.11866466,0.025090500000000005,0.2766975,0.0,0.0067965,0.16871999999999998,0.14958749999999998
8.89,6.962798,6.695,0.034199999999999994,0.19290000000000002,0.482035,0.0009602,0.048405,0.076199095,0.0016785,0.072025,0.12336665,0.0252515,0.285338,0.0,0.00713,0.173,0.1543465
8.898,6.970797999999999,6.715,0.034109999999999994,0.19328499999999998,0.48260499999999995,0.00099805,0.0487,0.07694005,0.001746,0.07172500000000001,0.12485260000000001,0.025069,0.28712499999999996,0.0,0.0073395,0.17226000000000002,0.1550075
8.906,6.978798,6.65,0.033479999999999996,0.191325,0.47613000000000005,0.001023,0.04838,0.07638866,0.001784,0.070245,0.12507315,0.0246495,0.284692,0.0,0.0075084999999999995,0.16937999999999998,0.152774
8.915,6.987797999999999,6.605,0.03311,0.19003499999999998,0.470155,0.0010495,0.048,0.07606295,0.001825,0.06874,0.12557934999999998,0.024343,0.28321250000000003,0.0,0.007656499999999999,0.16687000000000002,0.151173
8.923,6.995798,6.6,0.03319,0.1901,0.46787499999999993,0.0010785,0.047744999999999996,0.07625788,0.0018765,0.06751,0.12653985,0.024194999999999998,0.283925,0.0,0.0078325,0.16533,0.15089999999999998
8.931,7.003797999999999,6.575,0.03325,0.18966,0.46447000000000005,0.001106,0.047345,0.07619208999999999,0.0019265,0.06584999999999999,0.1271191,0.0238865,0.283856,0.0,0.0080065,0.16245,0.15084699999999998
8.94,7.012797999999999,6.52,0.03339,0.18872,0.45994500000000005,0.0011389999999999998,0.046439999999999995,0.07544082499999999,0.0019890000000000003,0.06333,0.12659264999999997,0.023418500000000002,0.28213999999999995,0.0,0.008219500000000001,0.157535,0.151145
8.948,7.020798,6.55,0.033530000000000004,0.18964999999999999,0.45992,0.0011735,0.04664,0.07623155000000001,0.0020555,0.062515,0.12860205,0.023115499999999997,0.2848,0.0,0.0084405,0.155565,0.1530785
8.956,7.028797999999999,6.58,0.033385,0.18994999999999998,0.45995,0.0012000000000000001,0.04696500000000001,0.07715021999999999,0.00211,0.06181500000000001,0.13078764999999998,0.022741,0.28662799999999994,0.0,0.008572,0.153895,0.1543735
8.964,7.036798,6.615,0.033135,0.190135,0.459595,0.0012235000000000002,0.04737,0.078273395,0.0021634999999999996,0.06118,0.13318255,0.0223195,0.288462,0.0,0.008689,0.15209499999999998,0.15579600000000002
8.973,7.0457980000000004,6.655,0.032945,0.19037500000000002,0.4604,0.0012515,0.047765,0.079601475,0.002222,0.06062,0.13584269999999998,0.021928000000000003,0.290812,0.0,0.008799999999999999,0.150415,0.1575345
8.981,7.053798,6.74,0.032854999999999995,0.19118500000000002,0.466225,0.001289,0.04846,0.08157023499999999,0.0022965,0.06059,0.13963885,0.021575000000000004,0.294278,0.0,0.008919,0.148975,0.161002
8.989,7.0617980000000005,6.735,0.032595000000000006,0.18968999999999997,0.46808,0.0013155,0.047975000000000004,0.08208146,0.0023515000000000003,0.059555,0.14088625,0.021016,0.29413599999999995,0.0,0.008986,0.14495999999999998,0.162767
8.998,7.070797999999999,6.575,0.03182,0.18450000000000003,0.46086000000000005,0.0012980000000000001,0.045825000000000005,0.080362815,0.002337,0.05688,0.13813702,0.020214500000000003,0.2890185,0.0,0.008895,0.138685,0.16027
9.006,7.078798,6.455,0.031080000000000003,0.18067,0.457015,0.001278,0.044045,0.07893996,0.002312,0.05476,0.13601485,0.0196075,0.2856075,0.0,0.008820000000000001,0.13362000000000002,0.158242
9.014,7.086797999999999,6.46,0.03094,0.18030000000000002,0.460725,0.0012945,0.043265,0.07900035,0.002332,0.0539,0.13665404,0.0193145,0.28647249999999996,0.0,0.008919,0.13058999999999998,0.1591025
9.023,7.095797999999999,6.315,0.030860000000000002,0.174645,0.45917,0.0013135,0.04059,0.077425385,0.002343,0.051489999999999994,0.133284195,0.018791,0.280895,0.0,0.008846,0.124615,0.157656
9.031,7.103798,6.155,0.03067,0.16885500000000003,0.452145,0.001324,0.037925,0.076014935,0.0023214999999999998,0.048965,0.13043538,0.018410999999999997,0.2747005,0.0,0.00864,0.12006,0.1531785
9.039,7.111797999999999,5.965,0.030029999999999998,0.16424,0.44608000000000003,0.0013295,0.035415,0.073034085,0.002307,0.04695,0.124384835,0.018219500000000003,0.26866,0.0,0.008631,0.11706,0.1486505
9.048,7.120798,6.08,0.0305,0.16721,0.46408000000000005,0.0013915,0.034315,0.07439949,0.0023555,0.046905,0.1255186,0.018278,0.27491899999999997,0.0,0.008935,0.11648499999999999,0.152611
9.056,7.128797999999999,5.85,0.029920000000000002,0.164035,0.453605,0.0014065,0.030721,0.06972594500000001,0.0022589999999999997,0.043655,0.11775161,0.0180945,0.2673625,0.0,0.008847,0.11135,0.1461565
9.064,7.136798,5.685,0.02919,0.162075,0.44158,0.001402,0.028596499999999997,0.06658465999999999,0.002151,0.04149,0.11365119,0.0178685,0.26227,0.0,0.008635,0.10848,0.140994
9.072,7.144797999999999,5.555,0.02851,0.16011,0.43135,0.0013969999999999998,0.027277,0.06447009,0.0020759999999999997,0.04031,0.11060619,0.017586499999999998,0.2578025,0.0,0.008431000000000001,0.106095,0.13722800000000002
9.081,7.153797999999999,5.555,0.02835,0.16173500000000002,0.42912,0.0014135,0.026927,0.06419366,0.0020499999999999997,0.04037,0.11014048,0.0175305,0.25819650000000005,0.0,0.008363,0.10578499999999999,0.13672399999999998
9.089,7.161798,5.535,0.0281,0.163005,0.425715,0.0014265,0.0265945,0.06380789,0.0020295,0.040425,0.10898440000000001,0.017521000000000002,0.2576125,0.0,0.008307,0.105695,0.135343
9.097,7.169797999999999,5.365,0.027695,0.159335,0.41507499999999997,0.001409,0.02522,0.061170050000000004,0.0019975,0.03869499999999999,0.10406753999999999,0.017502499999999997,0.25167049999999996,0.0,0.0081995,0.104625,0.129629
9.106,7.178798,5.245,0.02717,0.15772999999999998,0.40344499999999994,0.0014025,0.024233499999999998,0.059293334999999996,0.0019735,0.037705,0.100487395,0.017461,0.247595,0.0,0.0080675,0.10346999999999999,0.125837
9.114,7.1867980000000005,5.155,0.026705,0.15694,0.393135,0.001404,0.023397499999999998,0.057842225,0.001964,0.036965,0.09762786,0.0174785,0.24493450000000003,0.0,0.007977,0.102825,0.12294999999999999
9.122,7.194798,5.135,0.026435,0.15839000000000003,0.39098,0.001412,0.0227215,0.05708173,0.001967,0.03654,0.09600873999999998,0.017703,0.24635049999999997,0.0,0.008022000000000001,0.10342,0.12210049999999999
9.131,7.203798,5.165,0.026334999999999997,0.16106,0.3929,0.0014265,0.022211,0.056831655,0.001981,0.036395,0.095180075,0.018039,0.24983500000000003,0.0,0.008117,0.10490500000000001,0.122297
9.139,7.211797999999999,5.33,0.026834999999999998,0.16774,0.41044,0.0014659999999999999,0.022254000000000003,0.057939995,0.0020295,0.037405,0.096340665,0.01888,0.258487,0.0,0.00841,0.10941000000000001,0.12521549999999998
9.147,7.219798,6.205,0.03172,0.19458,0.51869,0.0016285,0.024821999999999997,0.06512641499999999,0.002266,0.043775,0.10647659999999999,0.022361000000000002,0.2935905,0.0,0.009679,0.12685,0.1431335
9.156,7.228798,6.955,0.035339999999999996,0.21681500000000004,0.59524,0.0017634999999999999,0.0274475,0.072780705,0.0024785,0.048305,0.11879445,0.024745,0.32718200000000003,0.0,0.010546,0.139845,0.1620685
9.164,7.236797999999999,7.345,0.035905,0.229445,0.62044,0.001852,0.0287175,0.07770246,0.002622,0.05044,0.12683835,0.026054500000000008,0.3467510000000001,0.0,0.01086,0.14724500000000001,0.173429
9.172,7.244798,7.79,0.03443,0.24898499999999996,0.637605,0.001898,0.029827,0.08237380999999999,0.0027025,0.052285,0.13669965,0.0272215,0.37217749999999994,0.0,0.011057,0.15165,0.1882745
9.18,7.252797999999999,8.03,0.033310000000000006,0.26034500000000005,0.6488499999999999,0.0019064999999999998,0.030531,0.08427684499999999,0.0027215,0.05312,0.14219549999999997,0.0276185,0.385322,0.0,0.011422499999999999,0.153925,0.19662449999999998
9.189,7.261798,8.125,0.03194,0.26538500000000004,0.649355,0.0018785,0.031453,0.085246065,0.002687,0.053645,0.1459814,0.02745,0.38932050000000007,0.0,0.011589499999999999,0.15437,0.2004595
9.197,7.269797999999999,8.205,0.03086,0.26996,0.65374,0.0018059999999999999,0.032589999999999994,0.08573077999999999,0.0025835,0.054264999999999994,0.14921299999999998,0.0271735,0.3904815,0.0,0.01167,0.15461999999999998,0.20210450000000002
9.205,7.277798,8.24,0.02976,0.272785,0.6484249999999999,0.0017445,0.03382,0.086550575,0.002495,0.054805,0.15198545000000002,0.026552,0.3905654999999999,0.0,0.011679,0.15427000000000002,0.20367
9.214,7.286798,8.325,0.02874,0.278525,0.6414150000000001,0.001701,0.03495,0.08782299,0.0024349999999999997,0.055415,0.15586595,0.025955,0.39112650000000004,0.0,0.011709,0.15606,0.20661050000000003
9.222,7.294797999999999,8.315,0.02778,0.281755,0.6280349999999999,0.001658,0.034715,0.08738106500000001,0.002386,0.05449,0.1578859,0.025025,0.387523,0.0,0.011677499999999999,0.15461000000000003,0.2075325
9.23,7.302798,8.02,0.027035,0.271445,0.6064050000000001,0.0016389999999999998,0.032409,0.08516659000000001,0.0023725,0.051855,0.1508289,0.024405,0.380619,0.0,0.011817000000000001,0.14981,0.20307799999999998
9.239,7.3117980000000005,7.975,0.02661,0.27091,0.595545,0.0016505,0.0316955,0.085306985,0.0023985,0.051145,0.1505625,0.024072,0.3797785,0.0,0.011941,0.149415,0.2033125
9.247,7.319798,7.865,0.026065,0.26725,0.58189,0.001648,0.030720499999999998,0.08535844000000001,0.0024245,0.050565,0.14919054999999998,0.023475500000000003,0.3748395,0.0,0.0119535,0.147445,0.201896
9.255,7.3277980000000005,7.745,0.025425,0.262145,0.567515,0.0016380000000000001,0.029713,0.08593691,0.002457,0.0504,0.1475744,0.022689000000000004,0.367738,0.0,0.011891,0.14509499999999997,0.200098
9.264,7.336797999999999,7.76,0.025085000000000003,0.26254,0.56158,0.0016445000000000001,0.0293175,0.087767345,0.0025104999999999997,0.050960000000000005,0.1486374,0.022243500000000003,0.366124,0.0,0.011970999999999999,0.14628,0.201624
9.272,7.344798,7.685,0.024905,0.25713,0.548395,0.0016645,0.029331000000000003,0.090119225,0.002581,0.05144499999999999,0.15023215,0.021432,0.35364950000000006,0.0,0.011753499999999998,0.144235,0.201961
9.28,7.352797999999999,7.72,0.02475,0.25957,0.5438,0.0016965,0.027687500000000004,0.0916737,0.002666,0.051065,0.15048774999999998,0.021501500000000003,0.354723,0.0,0.0120265,0.14886500000000003,0.202376
9.288,7.360798,7.715,0.024005000000000002,0.26178,0.53508,0.0016849999999999999,0.025657,0.09214325,0.0026544999999999997,0.04915,0.1509144,0.021521000000000002,0.35536700000000004,0.0,0.012167,0.15264,0.19967000000000001
9.297,7.369798,7.865,0.02407,0.26769,0.54457,0.0017109999999999998,0.025426,0.09420115000000001,0.002721,0.048945,0.1540187,0.021766,0.36212000000000005,0.0,0.012573999999999998,0.15769,0.202077
9.305,7.377797999999999,8.115,0.02403,0.277,0.566285,0.001745,0.0253095,0.0969075,0.002802,0.04874,0.15910315,0.02218,0.37210550000000003,0.0,0.01327,0.16382,0.20576
9.313,7.385798,8.205,0.024005,0.28215999999999997,0.5765100000000001,0.0017485,0.024717,0.09749825,0.002778,0.0485,0.16002945000000002,0.0218455,0.37673,0.0,0.013772,0.163015,0.2083945
9.322,7.394797999999999,8.48,0.023934999999999998,0.29346,0.5944499999999999,0.0017805,0.025,0.10104195,0.0027974999999999996,0.04957,0.16486085,0.022029,0.3876045,0.0,0.014283,0.16858,0.21592050000000002
9.33,7.402798,8.65,0.023835,0.300255,0.6081150000000001,0.001787,0.0250235,0.1033961,0.002844,0.05037,0.1677497,0.0220385,0.393182,0.0,0.014567,0.171215,0.221831
9.338,7.410797999999999,8.81,0.02373,0.30627,0.620685,0.001791,0.0251365,0.10580015000000001,0.0028964999999999998,0.05131,0.17051795,0.021986,0.398101,0.0,0.014792,0.17329,0.22766750000000002
9.347,7.419797999999999,8.985,0.02371,0.312215,0.635535,0.0017955,0.025426,0.10862965,0.0029630000000000004,0.05298,0.17337589999999997,0.0219535,0.40339200000000003,0.0,0.014982,0.17511,0.2340805
9.355,7.427798,9.175,0.023620000000000002,0.31905,0.654625,0.001787,0.0256345,0.1113145,0.0029779999999999997,0.055224999999999996,0.17624765,0.022005000000000004,0.40998399999999996,0.0,0.0151425,0.177445,0.2413575
9.363,7.435797999999999,9.47,0.024050000000000002,0.32982500000000003,0.6810499999999999,0.001824,0.025793999999999997,0.114153,0.0030924999999999998,0.057105,0.18172044999999998,0.0225335,0.4263695,0.0,0.015677999999999997,0.18018,0.24998549999999997
9.372,7.444798,9.615,0.024,0.33416,0.6985250000000001,0.001864,0.0250945,0.1133183,0.0032495,0.057025,0.1867527,0.023433000000000002,0.450383,0.0,0.016113,0.17739,0.255397
9.38,7.4527980000000005,10.175,0.02444,0.35781999999999997,0.7433000000000001,0.0019085,0.0257985,0.11713955,0.003429,0.056374999999999995,0.1973627,0.024835999999999997,0.48824,0.0,0.01693,0.18196,0.272001
9.388,7.460798,10.27,0.024050000000000002,0.364785,0.7472849999999999,0.0018549999999999999,0.025219,0.1168678,0.0034615,0.054555,0.20021460000000002,0.0250285,0.498524,0.0,0.017237000000000002,0.18054499999999998,0.272772
9.396,7.4687980000000005,10.345,0.023674999999999998,0.37108,0.75058,0.0017785000000000001,0.0247945,0.1165366,0.0034465,0.054139999999999994,0.20189864999999999,0.0253865,0.5067210000000001,0.0,0.017384,0.179975,0.271108
9.405,7.477797999999999,9.695,0.02205,0.34133,0.7023400000000001,0.0016735,0.023532499999999998,0.11174100000000001,0.0032630000000000003,0.049624999999999996,0.1952264,0.022915999999999995,0.46604650000000003,0.0,0.0169985,0.17555,0.25279650000000004
9.413,7.485798,9.485,0.021480000000000003,0.33459999999999995,0.68486,0.0016045,0.0228185,0.10933205,0.0031520000000000003,0.048055,0.19318534999999998,0.022350000000000002,0.4513115,0.0,0.016799,0.17356499999999997,0.24276399999999998
9.421,7.493797999999999,9.715,0.021359999999999997,0.342545,0.7039650000000001,0.0015665000000000002,0.022810499999999997,0.111840575,0.003105,0.04793,0.19992395000000002,0.022404999999999994,0.461498,0.0,0.017041,0.1783,0.24560949999999998
9.43,7.502797999999999,10.26,0.02167,0.3607,0.74961,0.0015475,0.0233185,0.11797927999999999,0.0031060000000000003,0.048875,0.21420445,0.0229595,0.4898765,0.0,0.0176645,0.18647,0.255256
9.438,7.510798,10.425,0.02203,0.364145,0.7712649999999999,0.001536,0.0235785,0.12139196000000001,0.0031255,0.049354999999999996,0.21921585,0.0229815,0.49118100000000003,0.0,0.0181235,0.18834,0.2594385
9.446,7.518797999999999,10.37,0.022340000000000002,0.360285,0.779475,0.001511,0.023052999999999997,0.121995975,0.0031085,0.048555,0.2177986,0.022402000000000002,0.4772605,0.0,0.018284,0.18946500000000002,0.2608225
9.455,7.527798,10.88,0.0233,0.38531,0.8315,0.0015555,0.0235635,0.12531868000000002,0.003192,0.050295,0.22286175000000003,0.0228345,0.49317400000000006,0.0,0.021381499999999998,0.19873000000000002,0.2820025
9.463,7.535797999999999,11.05,0.02449,0.38283500000000004,0.8395650000000001,0.001508,0.0231985,0.13162806500000002,0.0031125,0.047735,0.231902345,0.0226965,0.483584,0.0,0.017507,0.2022,0.2860665
9.471,7.543798,10.37,0.02285,0.353265,0.7904000000000001,0.0014759999999999999,0.021906000000000002,0.12419405,0.0030105,0.04408,0.221203305,0.022446999999999998,0.4651389999999999,0.0,0.016397000000000002,0.19544499999999998,0.26126000000000005
9.48,7.552798,10.21,0.022895,0.34492500000000004,0.78973,0.0014060000000000001,0.021177500000000002,0.12221115000000002,0.0028975,0.041745000000000004,0.21891528,0.0222145,0.46128850000000005,0.0,0.0159265,0.19606500000000002,0.254762
9.488,7.560797999999999,10.13,0.022965,0.339675,0.7922,0.001362,0.020852,0.12113015499999999,0.0028469999999999997,0.04002,0.218744015,0.022175,0.46017299999999994,0.0,0.0157995,0.197405,0.2513915
9.496,7.568798,9.965,0.02254,0.33260999999999996,0.784295,0.0013059999999999999,0.020686999999999997,0.119929845,0.0027865,0.03877,0.21524596,0.02174,0.45165550000000004,0.0,0.015582,0.19815,0.24735599999999996
9.504,7.576797999999999,9.985,0.02224,0.33157,0.7915700000000001,0.0012634999999999999,0.021345,0.12197732,0.002748,0.03882,0.21408874,0.0212635,0.442479,0.0,0.0156815,0.20504,0.25014
9.513,7.585798,10.095,0.021995,0.3286,0.8087350000000001,0.0012495,0.024214,0.12691555000000002,0.0027289999999999997,0.04,0.21883895000000003,0.0208285,0.4286985,0.0,0.015557999999999999,0.21343,0.2527045
9.521,7.5937980000000005,10.695,0.02187,0.33189,0.86749,0.00132,0.0311395,0.13972364999999998,0.0029635,0.044825,0.2387591,0.020953999999999997,0.425938,0.0,0.015388,0.22692500000000002,0.267283
9.529,7.601798,10.015,0.021580000000000002,0.31594999999999995,0.822355,0.0012105000000000002,0.024195,0.12953071,0.0026535,0.037880000000000004,0.21996882499999998,0.020026,0.4060415,0.0,0.0147305,0.21866999999999998,0.253633
9.538,7.610798,10.065,0.021734999999999997,0.31429,0.84118,0.0011779999999999998,0.022976999999999997,0.131867935,0.0026035,0.03688,0.22016982499999999,0.019743,0.40016300000000005,0.0,0.014430499999999999,0.222985,0.2577445
9.546,7.618797999999999,10.015,0.02192,0.312205,0.8439650000000001,0.001153,0.020521499999999998,0.13240901500000002,0.0025645,0.03541,0.21630999,0.019402,0.39305999999999996,0.0,0.014123,0.22525499999999998,0.258716
9.554,7.626798,10.085,0.02221,0.31311500000000003,0.8568150000000001,0.001137,0.0200375,0.13465294,0.0025375,0.035250000000000004,0.21534712,0.0193585,0.3894605000000001,0.0,0.0138905,0.23171999999999998,0.26041349999999996
9.563,7.635798,10.205,0.02298,0.317535,0.872585,0.0011350000000000002,0.020176,0.136729655,0.002539,0.035519999999999996,0.2144945,0.019621,0.39056199999999996,0.0,0.013933000000000001,0.239585,0.2619615
9.571,7.643797999999999,10.16,0.02352,0.31365,0.878565,0.0011394999999999999,0.0202385,0.136843755,0.002553,0.035225000000000006,0.21195700499999998,0.019791000000000003,0.38672999999999996,0.0,0.014064,0.239625,0.258639
9.579,7.651798,10.025,0.023795,0.30503500000000006,0.875175,0.0011465,0.0204825,0.136565025,0.0025615,0.03549,0.20783892,0.019994,0.383836,0.0,0.014052,0.23952,0.2511465
9.588,7.660797999999999,9.905,0.023969999999999998,0.298765,0.8667199999999999,0.001165,0.020764499999999998,0.13660808000000002,0.002582,0.035925,0.20337755500000002,0.02013,0.380519,0.0,0.014102,0.23895,0.24545550000000002
9.596,7.668798,9.875,0.02424,0.29531999999999997,0.862325,0.0011955,0.021108000000000002,0.1379119,0.00262,0.036485000000000004,0.20116355000000002,0.020238500000000003,0.379253,0.0,0.01438,0.239915,0.2429
9.604,7.676797999999999,9.965,0.024689999999999997,0.29501499999999997,0.8694649999999999,0.001241,0.021535,0.1410115,0.002679,0.037235000000000004,0.2024611,0.020470000000000002,0.38284,0.0,0.014772,0.24238500000000002,0.24469400000000002
9.612,7.684798,10.3,0.025779999999999997,0.30254000000000003,0.903105,0.0013005,0.022158,0.14681360000000002,0.0027605,0.038545,0.2090806,0.02102,0.398441,0.0,0.0156745,0.249725,0.253611
9.621,7.693798,10.475,0.026115000000000003,0.30588000000000004,0.927755,0.0012959999999999998,0.0225175,0.1497364,0.0027289999999999997,0.039345000000000005,0.21144965,0.0212035,0.404189,0.0,0.0159015,0.254635,0.257387
9.629,7.701797999999999,10.26,0.025325,0.299745,0.9190800000000001,0.001193,0.022319,0.146026,0.002539,0.03889,0.20536675,0.020663,0.391499,0.0,0.015321500000000002,0.251725,0.248792
9.637,7.709798,10.025,0.0245,0.292315,0.9090549999999998,0.0011120000000000001,0.022261000000000003,0.14162390000000002,0.0023655,0.038474999999999995,0.20046355,0.020122,0.377429,0.0,0.014398000000000001,0.24857,0.2404735
9.646,7.7187980000000005,9.84,0.023600000000000003,0.28561000000000003,0.901055,0.0010481,0.0224875,0.137707075,0.0022354999999999996,0.038345000000000004,0.19732054999999998,0.0197445,0.36412,0.0,0.013281,0.247065,0.233591
9.654,7.726798,9.675,0.02273,0.27981500000000004,0.8894650000000001,0.00099885,0.022754000000000003,0.134456155,0.002142,0.038325,0.19534295000000002,0.01942,0.353558,0.0,0.012351500000000001,0.24534,0.22780099999999998
9.662,7.7347980000000005,9.415,0.0219,0.271215,0.86597,0.0009487,0.022836000000000002,0.13025221,0.002055,0.038295,0.19058894999999998,0.019143,0.340124,0.0,0.011375,0.24029500000000004,0.2186045
9.671,7.743797999999999,9.265,0.021249999999999998,0.26658000000000004,0.85395,0.00089585,0.02304,0.127251575,0.0019685,0.03844,0.18748175,0.0190885,0.33065300000000003,0.0,0.010657,0.23860000000000003,0.21178950000000002
9.679,7.751798,9.17,0.020819999999999998,0.26423,0.84813,0.0008461499999999999,0.023367,0.12499565000000001,0.0018945,0.038835,0.18502754999999999,0.019197000000000002,0.324149,0.0,0.010149,0.237985,0.2065405
9.687,7.759797999999999,9.26,0.020685000000000002,0.26614000000000004,0.8538949999999998,0.0008453499999999999,0.024115,0.12587854999999998,0.001927,0.03987,0.18665695,0.0197185,0.324559,0.0,0.009993,0.240535,0.207374
9.696,7.768797999999999,9.475,0.020649999999999998,0.27108,0.8700299999999999,0.0008575,0.0251445,0.12880055,0.0019820000000000003,0.04124,0.19140015,0.020424499999999998,0.329407,0.0,0.010025,0.24552000000000002,0.2117185
9.704,7.776798,9.925,0.02061,0.28069,0.9037249999999999,0.00088335,0.026570000000000003,0.13539879999999999,0.002064,0.04302,0.20221255,0.021387499999999997,0.3384535,0.0,0.010308000000000001,0.25690999999999997,0.22099500000000002
9.712,7.784797999999999,10.385,0.020560000000000002,0.29106,0.9427249999999999,0.0009112,0.027882000000000004,0.14190275000000002,0.002123,0.044775,0.2138465,0.022339,0.3491805,0.0,0.010749499999999999,0.26874,0.231603
9.72,7.792798,10.705,0.02053,0.298045,0.9713550000000001,0.0009351,0.028700999999999997,0.1471792,0.002151,0.045305,0.22343854999999999,0.0231505,0.36040000000000005,0.0,0.011075,0.276705,0.23961900000000003
9.729,7.801797999999999,11.165,0.020425,0.3071,1.0093,0.0009708,0.029613499999999997,0.15466115000000002,0.002222,0.04617,0.2361242,0.0241055,0.37326200000000004,0.0,0.011574000000000001,0.28647,0.25175899999999996
9.737,7.809798,11.755,0.020355,0.32062,1.0612000000000001,0.00102695,0.030857500000000003,0.1629468,0.002316,0.048025,0.25360885,0.026045000000000002,0.3903815,0.0,0.012188500000000001,0.29932000000000003,0.2656365
9.745,7.817797999999999,12.29,0.021035,0.324875,1.10054,0.0011735,0.031420000000000003,0.1750834,0.0024384999999999997,0.04818,0.2691114,0.0267295,0.398903,0.0,0.0133355,0.31163,0.28167
9.754,7.826797999999999,13.02,0.021505,0.33143999999999996,1.1666649999999998,0.001273,0.03207,0.1944865,0.0024895,0.04801,0.2874559,0.027023000000000002,0.423742,0.0,0.014776,0.32877999999999996,0.29814699999999994
9.762,7.834798,13.515,0.021230000000000002,0.332975,1.20435,0.001309,0.03247,0.2110038,0.002469,0.047979999999999995,0.2988891,0.027498,0.440036,0.0,0.015529,0.33992999999999995,0.30177699999999996
9.77,7.842797999999999,13.365,0.019156,0.32282500000000003,1.18082,0.0011819999999999999,0.032034999999999994,0.21185505,0.0022760000000000002,0.04728,0.29651724999999995,0.027087999999999997,0.429235,0.0,0.014290500000000001,0.33868000000000004,0.285249
9.779,7.851798,13.42,0.017511,0.317605,1.17217,0.001105,0.03159000000000001,0.21678925,0.0021525,0.047195,0.29822085,0.02724,0.42915800000000004,0.0,0.013201000000000001,0.340335,0.2750585
9.787,7.8597980000000005,13.52,0.016138,0.313835,1.16295,0.00101015,0.031615500000000005,0.22060595,0.002047,0.047615000000000005,0.2989285,0.027219,0.43250200000000005,0.0,0.011996,0.34121500000000005,0.268293
9.795,7.867798,13.98,0.0158245,0.319615,1.1826499999999998,0.00092105,0.03275,0.22981235,0.0019720000000000002,0.0493,0.30388905,0.027476999999999998,0.456254,0.0,0.011116000000000001,0.34726499999999993,0.269347
9.804,7.876798,14.015,0.015103,0.321665,1.178305,0.0008362,0.03289,0.23386079999999998,0.0017295,0.05157,0.29331175,0.027370000000000002,0.480756,0.0,0.010034,0.339325,0.263892
9.812,7.884797999999999,13.58,0.013377,0.31162,1.107045,0.00075225,0.034,0.22787770000000002,0.0015135,0.05282,0.26253355,0.026594,0.4835445,0.0,0.009252,0.319065,0.261935
9.82,7.892798,12.365,0.01142,0.28828000000000004,0.972735,0.00069255,0.034605,0.19867289999999999,0.001379,0.056505,0.21617814999999999,0.024709000000000002,0.4128875,0.0,0.0095015,0.29703999999999997,0.26476500000000003
9.828,7.900797999999999,11.885,0.011461000000000002,0.27397,0.92384,0.00068485,0.033315,0.18546839999999998,0.001374,0.058620000000000005,0.20134595,0.0234075,0.34821599999999997,0.0,0.009721,0.28648999999999997,0.28942
9.837,7.909797999999999,12.33,0.012013,0.28036,0.930905,0.0007064,0.03635,0.1912811,0.0014269999999999999,0.06303,0.1959513,0.023933,0.35914300000000005,0.0,0.010068,0.28553,0.313075
9.845,7.917798,12.67,0.012656,0.28573499999999996,0.9182299999999999,0.00070885,0.03981,0.19308445000000002,0.001479,0.06733,0.18478100000000003,0.0238205,0.37032950000000003,0.0,0.009801,0.28276,0.331355
9.853,7.9257979999999995,12.11,0.012352499999999999,0.28038,0.8864249999999999,0.00070225,0.0358,0.1936369,0.0014905,0.06486,0.17350595000000002,0.023149,0.35779700000000003,0.0,0.009208999999999998,0.27631,0.31062500000000004
9.862,7.934798,12.25,0.012322999999999999,0.283,0.8973450000000001,0.0008058,0.0351805,0.2025557,0.0016714999999999998,0.06672,0.1698365,0.023881,0.357711,0.0,0.009538999999999999,0.283285,0.31581000000000004
9.87,7.942797999999999,11.745,0.0118835,0.269135,0.85653,0.000746,0.03437,0.19566255,0.001555,0.06439500000000001,0.1585412,0.023097000000000003,0.33953099999999997,0.0,0.008792,0.271785,0.301755
9.878,7.950798,11.215,0.011182,0.26116,0.8159800000000001,0.00069495,0.0312655,0.18932915,0.001458,0.059399999999999994,0.14672435,0.022344,0.32983,0.0,0.00807,0.26242,0.28587999999999997
9.887,7.959798,11.2,0.011177999999999999,0.262305,0.800815,0.00069345,0.0313495,0.18870595,0.0014429999999999998,0.058565,0.14065489999999997,0.022272,0.33567199999999997,0.0,0.007705,0.26075000000000004,0.285945
9.895,7.967797999999999,11.115,0.0109375,0.262815,0.779265,0.00068245,0.031324000000000005,0.18711445000000002,0.001408,0.05754,0.13368580000000002,0.022142000000000002,0.33898300000000003,0.0,0.007415499999999999,0.25953000000000004,0.28432999999999997
9.903,7.975798,10.96,0.010538500000000001,0.260945,0.75833,0.0006737,0.031048,0.1850146,0.0013695,0.056209999999999996,0.12737,0.022005,0.3379975,0.0,0.0072025,0.257275,0.2806475
9.912,7.9847980000000005,10.65,0.0102325,0.256465,0.73019,0.00065645,0.0298985,0.17931560000000002,0.001304,0.05358,0.12164975,0.0213575,0.3327975,0.0,0.0069875,0.25251,0.27287300000000003
9.92,7.992798,10.355,0.010034,0.25255,0.70421,0.00063605,0.02891,0.17281269999999999,0.0012330000000000002,0.050925,0.1165802,0.0205725,0.32966850000000003,0.0,0.006801,0.24725,0.265706
9.928,8.000798000000001,10.04,0.0098835,0.247065,0.68299,0.00061905,0.028339999999999997,0.1659323,0.00116,0.04874,0.11050915,0.019671,0.324284,0.0,0.0066285,0.23941,0.25915750000000004
9.936,8.008798,9.7,0.009749,0.239985,0.6641499999999999,0.0006026,0.0278725,0.15895195,0.0010865,0.04673,0.1029572,0.0187285,0.3162485,0.0,0.006444,0.22917,0.252814
9.945,8.017798,9.575,0.009674,0.2364,0.6608050000000001,0.00059725,0.027923000000000003,0.1556012,0.001042,0.045785,0.09871069999999998,0.018416,0.310524,0.0,0.006314,0.22350499999999998,0.252299
9.953,8.025798,9.4,0.0095595,0.22984,0.64782,0.000596,0.0275235,0.15210420000000002,0.0010044,0.043865,0.095582,0.017329,0.30273500000000003,0.0,0.006208,0.217245,0.2518995
9.961,8.033798,9.34,0.0094945,0.22614,0.6444300000000001,0.00060125,0.026865,0.15048915,0.0009769499999999999,0.041975,0.09501985,0.016486499999999998,0.2975025,0.0,0.006187,0.21475999999999998,0.25438
9.97,8.042798000000001,9.535,0.009616,0.22807500000000003,0.656335,0.0006136500000000001,0.0270935,0.1518788,0.0009672000000000001,0.04114999999999999,0.09745485,0.0161025,0.2996435,0.0,0.0063679999999999995,0.218305,0.264445
9.978,8.050798,9.92,0.0098745,0.231755,0.681,0.0006301,0.027517,0.15748375,0.0009729,0.040715,0.1032216,0.0160235,0.307755,0.0,0.0064365,0.22134,0.27845
9.986,8.058798000000001,9.85,0.009594,0.22572000000000003,0.678445,0.00064365,0.026974500000000002,0.15758185000000002,0.0009766,0.039025000000000004,0.10325804999999999,0.015445500000000003,0.30214299999999994,0.0,0.006304000000000001,0.21300999999999998,0.28210499999999994
9.995,8.067798,9.815,0.009425999999999999,0.22152500000000003,0.676825,0.00066215,0.026365,0.1559671,0.0009951,0.037085,0.10337289999999999,0.015000000000000001,0.29797999999999997,0.0,0.006172,0.20570500000000003,0.28718
10.003,8.075798,9.825,0.009339,0.220575,0.67824,0.00068145,0.0258325,0.15208105,0.0010254,0.035507,0.10340365,0.0148535,0.29500099999999996,0.0,0.0059264999999999995,0.20159,0.29202
10.011,8.083798,9.39,0.009078000000000001,0.21262000000000003,0.644875,0.0006816000000000001,0.024753999999999998,0.143033,0.00104025,0.033212500000000006,0.09781055,0.0142775,0.28331100000000004,0.0,0.005564999999999999,0.192475,0.283245
10.02,8.092798,8.74,0.0086315,0.20032,0.59667,0.0006843999999999999,0.023362,0.13011499999999998,0.0010390999999999998,0.0307635,0.08937265,0.013441000000000002,0.2650095,0.0,0.005228999999999999,0.17887,0.267945
10.028,8.100798000000001,8.14,0.008151,0.186685,0.556835,0.0006858000000000001,0.0220185,0.11882904999999999,0.0010297499999999998,0.0286375,0.08238880000000001,0.012597,0.24356399999999997,0.0,0.0049239999999999996,0.165275,0.252965
10.036,8.108798,7.595,0.008157999999999999,0.17668999999999999,0.513165,0.0006699,0.0208525,0.10932069999999999,0.001031,0.026736999999999997,0.07675385,0.011698,0.223523,0.0,0.0046689999999999995,0.15676500000000002,0.23793000000000003
10.044,8.116798000000001,7.415,0.0082155,0.172845,0.49456,0.00067755,0.020638999999999998,0.10480415,0.0010630000000000001,0.026144,0.07519790000000001,0.011581,0.21311900000000003,0.0,0.0045775,0.15458,0.23518499999999998
10.053,8.125798000000001,7.085,0.0078975,0.16387000000000002,0.47829000000000005,0.00069385,0.020464,0.09927855,0.001101,0.025599,0.07245935,0.0115035,0.1962155,0.0,0.004548,0.14982,0.22616
10.061,8.133798,6.835,0.0076475,0.155395,0.46534000000000003,0.00072445,0.0208695,0.09462445,0.0011879999999999998,0.0256155,0.07106845,0.011553499999999998,0.1796865,0.0,0.004703000000000001,0.14673000000000003,0.219865
10.069,8.141798000000001,7.02,0.007610500000000001,0.15375,0.45831500000000003,0.00078045,0.022905500000000002,0.09472445,0.0013475,0.027494,0.07521295,0.011841,0.1758295,0.0,0.005930999999999999,0.14984,0.23451
10.078,8.150798,7.12,0.007586,0.152465,0.4532050000000001,0.0007987000000000001,0.024793500000000003,0.092975,0.0014315,0.029234499999999997,0.0770592,0.011819,0.1720855,0.0,0.007157999999999999,0.15079,0.24519000000000002
10.086,8.158798,7.29,0.0077115,0.154955,0.449535,0.00081485,0.0265775,0.0920903,0.0015149999999999999,0.030970499999999998,0.07902025,0.0118075,0.173124,0.0,0.0084305,0.15642499999999998,0.2577
10.094,8.166798,7.58,0.008331,0.16072,0.45133999999999996,0.0008575,0.028704999999999998,0.093091,0.0016345,0.033351,0.0822646,0.0120065,0.17693,0.0,0.0101515,0.16582000000000002,0.275565
10.103,8.175798,7.59,0.0090525,0.158885,0.450125,0.0008971000000000001,0.029609000000000003,0.09160075000000001,0.001725,0.034305,0.08381885,0.0119945,0.169875,0.0,0.010912,0.16527999999999998,0.278655
10.111,8.183798000000001,7.605,0.00951,0.15877000000000002,0.448105,0.0009302,0.0303035,0.0903491,0.0018075,0.034765000000000004,0.08474280000000001,0.012024,0.16720999999999997,0.0,0.011192,0.16575,0.280645
10.119,8.191798,7.44,0.009964,0.1557,0.44196500000000005,0.0009598,0.030295,0.08719795,0.0018755,0.03418449999999999,0.08381415,0.012020499999999998,0.1620825,0.0,0.0107085,0.16072999999999998,0.27357
10.128,8.200798,7.28,0.010786,0.1532,0.441645,0.0010068999999999998,0.030621,0.08359385,0.0020875,0.033228499999999994,0.0834786,0.012154499999999999,0.15656649999999997,0.0,0.009784000000000001,0.154335,0.26374
10.136,8.208798,7.21,0.012229499999999999,0.154225,0.4461,0.001064,0.032835,0.0799648,0.0026899999999999997,0.032752,0.0847989,0.012644,0.15375350000000002,0.0,0.009073999999999999,0.150485,0.25619500000000006
10.144,8.216798,6.78,0.011771,0.148775,0.414,0.0010188,0.030152500000000002,0.07528615,0.0020935,0.031499,0.07761665000000001,0.011725,0.15025049999999998,0.0,0.00872,0.14798,0.240945
10.152,8.224798,6.675,0.012131,0.14923999999999998,0.405745,0.0010042,0.030213499999999997,0.0725721,0.001994,0.031474,0.0751763,0.0114615,0.15059299999999998,0.0,0.008788,0.149475,0.23687
10.161,8.233798,6.575,0.0125715,0.146815,0.4033899999999999,0.0009945,0.030304,0.07019165,0.0019295,0.031299,0.07383185,0.011313,0.14693099999999998,0.0,0.008688999999999999,0.14601999999999998,0.23276
10.169,8.241798000000001,6.58,0.013094,0.14804,0.41018999999999994,0.00098845,0.0305825,0.06870504999999999,0.0018955,0.0312715,0.07321855,0.011422000000000002,0.14721050000000002,0.0,0.008583,0.14645999999999998,0.23125
10.177,8.249798,6.74,0.013805999999999999,0.15267,0.4297,0.0009953499999999999,0.031475,0.06856960000000001,0.0018985,0.031814499999999996,0.0742498,0.0117965,0.150702,0.0,0.008608999999999999,0.15039999999999998,0.23444499999999996
10.186,8.258798,6.81,0.0144885,0.155715,0.441145,0.00100165,0.032125,0.06780245,0.0019060000000000001,0.032050999999999996,0.07425585,0.012047000000000002,0.1525075,0.0,0.008497999999999999,0.15242,0.23443499999999998
10.194,8.266798000000001,6.915,0.0163815,0.16121,0.456145,0.0010639999999999998,0.03313,0.06673280000000001,0.0020065,0.032615,0.0736713,0.012604500000000001,0.1554075,0.0,0.008608,0.156055,0.23468
10.202,8.274798,7.045,0.018383,0.168275,0.472655,0.001133,0.034315,0.06562585,0.002107,0.03344,0.07288924999999999,0.013157,0.15938999999999998,0.0,0.008748,0.160475,0.23589000000000002
10.211,8.283798,7.67,0.021955000000000002,0.198195,0.516815,0.0012499999999999998,0.036234999999999996,0.06927195,0.0022484999999999996,0.03548,0.07514055,0.0142,0.18406599999999998,0.0,0.009136,0.186265,0.249365
10.219,8.291798,7.615,0.0194485,0.18710000000000002,0.50746,0.00116,0.03744,0.06890905,0.0021075,0.036074999999999996,0.07554525000000001,0.0137485,0.18158400000000002,0.0,0.008830000000000001,0.175565,0.25307999999999997
10.227,8.299798000000001,8.11,0.018119999999999997,0.19067,0.523875,0.001133,0.039040000000000005,0.0734534,0.0020150000000000003,0.037645,0.08052155,0.013725,0.19415999999999997,0.0,0.008927000000000001,0.17816,0.27693
10.236,8.308798000000001,9.03,0.0188985,0.206075,0.577295,0.001216,0.04141,0.08037335,0.0020285,0.04071,0.08907925,0.0145165,0.211895,0.0,0.009371,0.18874000000000002,0.31601
10.244,8.316798,8.755,0.017927,0.193835,0.572225,0.0012115,0.042275,0.0760777,0.0019529999999999999,0.041355,0.08657805,0.013983,0.19238049999999998,0.0,0.009021,0.17117499999999997,0.31018
10.252,8.324798000000001,8.4,0.0174445,0.181,0.566805,0.0012330000000000002,0.04381,0.07057915000000001,0.0019460000000000002,0.042440000000000005,0.0824915,0.013654,0.16999199999999998,0.0,0.008801,0.15115,0.301035
10.26,8.332798,8.325,0.017154,0.176015,0.5609900000000001,0.0012965,0.045975,0.06804874999999999,0.002009,0.044065,0.08107665,0.013835,0.16027850000000002,0.0,0.008697,0.14329999999999998,0.30052
10.269,8.341798,8.56,0.0174145,0.17928,0.56693,0.001396,0.048625,0.06886350000000001,0.0021435,0.04607,0.083214,0.014398,0.15839599999999998,0.0,0.009052000000000001,0.14751999999999998,0.311055
10.277,8.349798,9.035,0.018028500000000003,0.18704500000000002,0.590785,0.001513,0.052074999999999996,0.07135585,0.002341,0.04839,0.0880766,0.015263,0.159707,0.0,0.009754,0.1565,0.33169
10.285,8.357798,9.315,0.0185285,0.186685,0.61373,0.0016335,0.056035,0.07211505,0.002561,0.05103,0.09137455,0.01615,0.15409,0.0,0.010061,0.15376,0.344945
10.294,8.366798000000001,9.61,0.018887,0.18442,0.636385,0.001756,0.061315,0.07242455,0.002837,0.053864999999999996,0.09450975,0.017277,0.147481,0.0,0.010252,0.14877,0.35912999999999995
10.302,8.374798,9.885,0.019374000000000002,0.18212000000000003,0.6619700000000001,0.0018465,0.06625500000000001,0.07194590000000001,0.0032065,0.05607,0.09795695,0.018257000000000002,0.140891,0.0,0.010329000000000001,0.14147,0.37306999999999996
10.31,8.382798000000001,10.105,0.019268999999999998,0.17576,0.674025,0.0019115,0.071865,0.07082875,0.0037285,0.058035,0.10027704999999999,0.0198295,0.13344,0.0,0.010163,0.13608,0.38088
10.319,8.391798000000001,10.035,0.0189825,0.16784,0.6607649999999999,0.0019085,0.07411,0.06745355,0.003914,0.05727,0.0982424,0.020378,0.1271555,0.0,0.010008,0.12986999999999999,0.37827
10.327,8.399798,9.385,0.018508,0.157265,0.623825,0.0018254999999999999,0.0673,0.0617903,0.0035765,0.052605,0.0921936,0.018552,0.119689,0.0,0.009452499999999999,0.11421499999999998,0.35607
10.335,8.407798000000001,8.79,0.01805,0.148015,0.592425,0.0017415,0.061435000000000003,0.05773494999999999,0.0032125,0.050085,0.08829945,0.016400500000000002,0.1134975,0.0,0.0090545,0.09883499999999999,0.33865500000000004
10.344,8.416798,8.645,0.017586499999999998,0.142235,0.572495,0.001706,0.061989999999999996,0.05613175,0.0032365,0.05048,0.08762980000000001,0.015928,0.11022,0.0,0.009077,0.093655,0.335125
10.352,8.424798000000001,8.585,0.0170385,0.137415,0.5539900000000001,0.00168,0.062915,0.05518785,0.0032735000000000004,0.051095,0.08735380000000001,0.015752,0.108037,0.0,0.009093500000000001,0.09135,0.33338999999999996
10.36,8.432798,8.62,0.016502,0.13378,0.542195,0.001657,0.063605,0.054743150000000004,0.0032515,0.051899999999999995,0.08747035,0.01567,0.107908,0.0,0.0090725,0.090335,0.333795
10.368,8.440798000000001,8.675,0.016045999999999998,0.131125,0.532795,0.0016535,0.064715,0.05473095,0.0032395,0.053399999999999996,0.0878343,0.015795000000000003,0.10740949999999999,0.0,0.009104500000000001,0.09015999999999999,0.334755
10.377,8.449798000000001,8.88,0.015894,0.130765,0.532295,0.0016875,0.06754,0.0556673,0.003282,0.056825,0.08914845000000002,0.016543,0.10863600000000001,0.0,0.009207,0.09208,0.33938999999999997
10.385,8.457798,9.425,0.015733,0.13264499999999999,0.5411900000000001,0.0017490000000000001,0.07421,0.0586907,0.0033985,0.06454499999999999,0.09315935,0.018396999999999997,0.11101399999999999,0.0,0.009278999999999999,0.09863,0.34953999999999996
10.393,8.465798000000001,9.32,0.0159085,0.13533,0.5339050000000001,0.0019295000000000002,0.07297000000000001,0.059084199999999996,0.0035785,0.06509499999999999,0.09308015,0.0182885,0.1110485,0.0,0.009514,0.09876,0.34717999999999993
10.402,8.474798,9.225,0.0175475,0.14402,0.53813,0.002345,0.07024,0.0595991,0.003996,0.065835,0.0930282,0.018293000000000004,0.11341650000000002,0.0,0.010114000000000001,0.098425,0.347635
10.41,8.482798,9.685,0.02059,0.161045,0.566035,0.00302,0.07361000000000001,0.0632119,0.004796,0.07254,0.09787575000000001,0.020278,0.120481,0.0,0.010898999999999999,0.10447999999999999,0.36282
10.418,8.490798,9.935,0.02202,0.17024,0.5747,0.003521,0.07635,0.0660985,0.0052735,0.07858000000000001,0.10045525,0.021410000000000002,0.12589099999999998,0.0,0.011522000000000001,0.10808499999999999,0.37113
10.427,8.499798,10.17,0.022600000000000002,0.17668,0.579465,0.0039445,0.07900499999999999,0.06920855,0.005601,0.084605,0.10295125000000001,0.022119,0.13099349999999998,0.0,0.012164,0.112845,0.38071999999999995
10.435,8.507798000000001,10.44,0.022959999999999998,0.18304,0.58179,0.0043465,0.08161,0.0737246,0.005881,0.090555,0.1065983,0.022807999999999995,0.13830150000000002,0.0,0.0129055,0.12111999999999999,0.39284
10.443,8.515798,9.11,0.017571,0.15251,0.48721499999999995,0.0039895,0.079455,0.0672126,0.0050975,0.089265,0.09284955,0.018177,0.1183585,0.0,0.0129185,0.106795,0.35473
10.452,8.524798,8.21,0.015240999999999998,0.134525,0.435975,0.0039085,0.07929,0.060990699999999995,0.004803,0.09029999999999999,0.08230655,0.015832500000000003,0.10270399999999999,0.0,0.012802999999999998,0.09128499999999999,0.322945
10.46,8.532798000000001,7.745,0.014613000000000001,0.126845,0.4131699999999999,0.0038505,0.076015,0.057121649999999996,0.0046315,0.08802499999999999,0.07679615000000001,0.0150685,0.09633749999999999,0.0,0.012524,0.08462,0.305415
10.468,8.540798,7.3,0.01381,0.11989000000000001,0.39053,0.0036575,0.07181000000000001,0.0528406,0.004418,0.08361,0.07104905,0.014327000000000001,0.0902805,0.0,0.012317999999999999,0.07883499999999999,0.287845
10.476,8.548798000000001,7.055,0.0132,0.116125,0.379485,0.003548,0.06872500000000001,0.050422499999999995,0.0043755,0.08036,0.0677993,0.013949999999999999,0.08713549999999999,0.0,0.012598999999999999,0.07592,0.278075
10.485,8.557798,6.915,0.012856500000000002,0.11393500000000001,0.371105,0.0035505,0.06663,0.049061099999999996,0.004517,0.07848,0.06578605,0.013964,0.08577749999999999,0.0,0.0132945,0.07418,0.27235
10.493,8.565798000000001,6.795,0.0126355,0.11223999999999999,0.3635,0.0035965,0.06484999999999999,0.04812055,0.004725,0.077105,0.06421805,0.014088,0.08501149999999999,0.0,0.014107999999999999,0.07250999999999999,0.268045
10.501,8.573798,6.705,0.012480499999999999,0.11082499999999999,0.35674,0.0036585000000000003,0.063235,0.04744215,0.0049665,0.07611499999999999,0.06286205,0.014304,0.0847295,0.0,0.015005,0.070935,0.26488999999999996
10.51,8.582798,6.635,0.012367,0.10964,0.350805,0.003718,0.061625,0.046865300000000006,0.005217,0.07541500000000001,0.06151445,0.014584999999999999,0.08479199999999999,0.0,0.0159625,0.069495,0.262585
10.518,8.590798000000001,6.565,0.012254000000000001,0.10853000000000002,0.34473,0.0037545,0.059825,0.046197550000000004,0.005457,0.074705,0.06000090000000001,0.014894000000000001,0.0849535,0.0,0.0169155,0.06813,0.26033
10.526,8.598798,6.435,0.0121565,0.10713500000000001,0.33717,0.003722,0.05777,0.045143550000000005,0.0054695,0.073745,0.05796079999999999,0.0149815,0.083545,0.0,0.0172215,0.066835,0.25456
10.535,8.607798,6.325,0.0121385,0.10625499999999999,0.33024,0.0037064999999999997,0.05618000000000001,0.0442713,0.005457,0.073335,0.05612425,0.015115,0.0823875,0.0,0.017454499999999998,0.0658425,0.24938
10.543,8.615798,6.255,0.012195500000000001,0.10586499999999999,0.32544,0.0036995,0.054599999999999996,0.043781650000000005,0.00545,0.07339,0.054727500000000005,0.015317,0.0817035,0.0,0.017695,0.0650155,0.245315
10.551,8.623798,6.115,0.012324000000000002,0.105375,0.32168499999999994,0.0036255000000000003,0.05305,0.043308900000000004,0.005216,0.07365000000000001,0.0533275,0.015292000000000002,0.079351,0.0,0.0172895,0.063938,0.237795
10.56,8.632798000000001,6.085,0.012419,0.10577500000000001,0.32056,0.00363,0.052305,0.0433201,0.005202,0.07476,0.05264100000000001,0.0155415,0.0790905,0.0,0.017395,0.063113,0.23584499999999997
10.568,8.640798,6.275,0.012657999999999999,0.10873000000000001,0.329355,0.003776,0.053915000000000005,0.0442742,0.005523500000000001,0.07801,0.053277500000000005,0.016342999999999996,0.0824005,0.0,0.018431999999999997,0.0640895,0.24312
10.576,8.648798000000001,6.605,0.012964,0.11287499999999999,0.34424,0.003996,0.056825,0.045892600000000006,0.0060225,0.08280000000000001,0.0547015,0.01753,0.087723,0.0,0.019979,0.066445,0.25521000000000005
10.584,8.656798,6.81,0.013279000000000001,0.11649499999999999,0.35846500000000003,0.004076,0.05911,0.047687,0.0061275,0.08718000000000001,0.05636,0.018265500000000004,0.09005099999999999,0.0,0.020146,0.06806150000000001,0.26195999999999997
10.593,8.665798,7.17,0.013662,0.12225,0.376115,0.0042115,0.062205,0.050817,0.0063935,0.09268,0.0594325,0.019319000000000003,0.09602450000000001,0.0,0.02077,0.07378,0.27562
10.601,8.673798000000001,7.63,0.01437,0.128835,0.407465,0.0043435,0.06684999999999999,0.053826,0.0065775,0.101655,0.062467999999999996,0.020734,0.1000315,0.0,0.021115000000000002,0.0756,0.292295
10.609,8.681798,8.215,0.015521,0.13741,0.445935,0.0045255,0.071955,0.0567995,0.0067925,0.11111499999999999,0.065504,0.0221975,0.10494400000000001,0.0,0.02155,0.07747499999999999,0.315525
10.618,8.690798000000001,9.22,0.018091999999999997,0.15432,0.522935,0.0048284999999999995,0.082505,0.0655695,0.006733,0.12890000000000001,0.074428,0.023821000000000002,0.11378250000000002,0.0,0.021159999999999998,0.08602,0.34949
10.626,8.698798,9.08,0.0192155,0.162185,0.51785,0.005094,0.0816,0.063197,0.0068085,0.130125,0.071262,0.0237225,0.11185849999999999,0.0,0.02099,0.088535,0.341725
10.634,8.706798000000001,9.19,0.0192055,0.167105,0.525455,0.0052225,0.084625,0.0649275,0.006732,0.137335,0.07229350000000001,0.023972499999999997,0.11366299999999999,0.0,0.020560000000000002,0.09197,0.339835
10.643,8.715798000000001,9.07,0.019254,0.17074,0.5162100000000001,0.005326,0.08666,0.06268750000000001,0.006795,0.137065,0.0703345,0.024479000000000004,0.11372649999999998,0.0,0.02054,0.09164,0.334495
10.651,8.723798,9.28,0.019379,0.17722,0.529,0.005494000000000001,0.091035,0.06445300000000001,0.006893,0.14397500000000002,0.072187,0.025155999999999998,0.1174815,0.0,0.02064,0.09506,0.34077
10.659,8.731798000000001,9.51,0.01944,0.18250499999999997,0.5401750000000001,0.0056485,0.09416,0.0670675,0.0070775000000000005,0.14981499999999998,0.074798,0.025876,0.12205099999999999,0.0,0.02083,0.09849,0.34851999999999994
10.668,8.740798,9.56,0.019049,0.18449,0.5423,0.0057185,0.09566,0.06813350000000001,0.0071024999999999994,0.152825,0.07574149999999999,0.0261715,0.12374499999999997,0.0,0.02062,0.09897,0.34906000000000004
10.676,8.748798,9.51,0.01823,0.18473,0.53945,0.005662,0.09604,0.067989,0.0069735000000000005,0.15375,0.0754775,0.0262865,0.12393499999999999,0.0,0.020167,0.098055,0.344775
10.684,8.756798,9.42,0.0172335,0.184245,0.532505,0.005537500000000001,0.0957,0.06729,0.0067985,0.15350999999999998,0.0746415,0.0263695,0.124244,0.0,0.0197665,0.09734499999999999,0.33973
10.692,8.764798,9.385,0.0168575,0.185745,0.53239,0.0055375,0.09639500000000001,0.0670035,0.0067255,0.15427000000000002,0.07442599999999999,0.026476,0.12431199999999998,0.0,0.019452,0.09601,0.33631
10.701,8.773798000000001,9.315,0.016358,0.18582,0.5273399999999999,0.0055645,0.097115,0.066658,0.0066925000000000005,0.155215,0.074088,0.0264345,0.12371449999999999,0.0,0.0190315,0.09348000000000001,0.33179
10.709,8.781798,9.26,0.0160115,0.18621500000000002,0.52226,0.005615,0.097865,0.0662475,0.0067139999999999995,0.15649,0.0736365,0.026532,0.12360600000000001,0.0,0.0187,0.091045,0.32782
10.717,8.789798000000001,9.27,0.015974,0.18823999999999996,0.52249,0.0056965,0.099,0.0659925,0.006786,0.15859499999999999,0.0733615,0.026857000000000002,0.124682,0.0,0.018529,0.0891,0.32641
10.726,8.798798000000001,9.25,0.0160955,0.19005000000000002,0.52328,0.005772,0.09941000000000001,0.06542400000000001,0.0068455,0.15969,0.072716,0.027084499999999997,0.125603,0.0,0.018312000000000002,0.08702499999999999,0.32365999999999995
10.734,8.806798,9.15,0.016162,0.19099,0.5182249999999999,0.00583,0.098805,0.0635765,0.006873,0.15925,0.07044299999999999,0.027111,0.125916,0.0,0.018024,0.084845,0.31796
10.742,8.814798000000001,8.98,0.015995,0.190585,0.5081850000000001,0.005858,0.0973,0.0607665,0.0068544999999999995,0.157105,0.0669665,0.0268115,0.125059,0.0,0.017641,0.082645,0.31068500000000004
10.751,8.823798,8.77,0.015390000000000001,0.188365,0.498845,0.0058275,0.09527,0.058761,0.0067825,0.153015,0.06465850000000001,0.025923500000000002,0.12240200000000001,0.0,0.017153500000000002,0.0805,0.305135
10.759,8.831798000000001,8.475,0.0143555,0.18330000000000002,0.483765,0.0056965,0.09293499999999999,0.056776999999999994,0.006654500000000001,0.14648,0.06285299999999999,0.0245375,0.117561,0.0,0.016529,0.078,0.298685
10.767,8.839798,8.38,0.013388,0.18121500000000001,0.478945,0.0056755,0.092745,0.056739,0.0065925,0.143955,0.062977,0.023605,0.115035,0.0,0.016049,0.077125,0.298955
10.776,8.848798,8.31,0.012701500000000001,0.180085,0.47529,0.005658,0.092255,0.0566155,0.0065325,0.141925,0.0629245,0.0229085,0.11328600000000001,0.0,0.015656,0.076525,0.30012
10.784,8.856798000000001,8.215,0.012305,0.17875000000000002,0.46946,0.005601999999999999,0.090425,0.055823,0.006454,0.13901,0.062053,0.022378000000000002,0.11219849999999999,0.0,0.015313,0.07553499999999999,0.30094999999999994
10.792,8.864798,8.33,0.0122425,0.18111999999999998,0.47248499999999993,0.0056395,0.090535,0.0567845,0.0064435,0.13929,0.06293599999999999,0.022296000000000003,0.113305,0.0,0.015036,0.07657,0.30886500000000006
10.8,8.872798000000001,8.54,0.012364,0.18452499999999997,0.47703,0.0057114999999999996,0.09115000000000001,0.058131,0.006510500000000001,0.14031500000000002,0.0642475,0.022361999999999996,0.11578050000000001,0.0,0.014801,0.078265,0.321125
10.809,8.881798,8.805,0.013101,0.189435,0.48058999999999996,0.0058385,0.09096499999999999,0.058595999999999995,0.006697,0.14065499999999997,0.064709,0.0228355,0.120914,0.0,0.014635000000000002,0.08022000000000001,0.33769
10.817,8.889798,8.815,0.0134635,0.19126500000000002,0.48194,0.005792,0.08965500000000001,0.0578125,0.006698,0.138285,0.064167,0.023009,0.12273900000000001,0.0,0.014294000000000001,0.079485,0.3392
10.825,8.897798,8.665,0.012912,0.18641999999999997,0.47235000000000005,0.0055875000000000005,0.0864,0.055485,0.006473,0.132695,0.061938,0.022347,0.1190145,0.0,0.013769,0.07761499999999999,0.339405
10.834,8.906798,8.435,0.012147999999999999,0.17948,0.459325,0.005357000000000001,0.08252000000000001,0.052891999999999995,0.006155,0.12651,0.0593055,0.021405999999999998,0.1128165,0.0,0.013135500000000001,0.075335,0.33619
10.842,8.914798000000001,7.915,0.0109,0.169145,0.44201500000000005,0.005046500000000001,0.07867,0.050278500000000004,0.0057485,0.12007499999999999,0.0566605,0.019973,0.1026585,0.0,0.012362499999999998,0.0705865,0.31215000000000004
10.85,8.922798,7.645,0.0103145,0.16531,0.43593000000000004,0.004843500000000001,0.07685,0.0489525,0.0055060000000000005,0.11654,0.055308500000000003,0.019255,0.09778300000000001,0.0,0.011691,0.0669925,0.297975
10.859,8.931798,7.445,0.0097855,0.162575,0.43253,0.004656,0.07583000000000001,0.0486365,0.0052745,0.11443,0.055389,0.018477,0.0934775,0.0,0.011037499999999999,0.0634285,0.28846
10.867,8.939798000000001,7.31,0.009179999999999999,0.16091,0.43198000000000003,0.0044755,0.07566500000000001,0.04882600000000001,0.005081499999999999,0.11359,0.056203499999999997,0.017734,0.09007599999999999,0.0,0.01043,0.060058499999999994,0.28182999999999997
10.875,8.947798,7.275,0.009541000000000001,0.159275,0.430555,0.0045505,0.074495,0.049588999999999994,0.005331,0.11249,0.057235999999999995,0.017933,0.091433,0.0,0.0106745,0.059252,0.279235
10.884,8.956798000000001,7.42,0.009607,0.160805,0.44079499999999994,0.004636,0.0763,0.05178050000000001,0.0055495,0.115055,0.0602315,0.018198499999999996,0.0938055,0.0,0.010950999999999999,0.0596595,0.286435
10.892,8.964798,7.29,0.008909,0.15716,0.43928999999999996,0.004513,0.07564499999999999,0.051711999999999994,0.005267,0.11322499999999999,0.0603745,0.0171785,0.09013399999999999,0.0,0.010249,0.058091,0.28295
10.9,8.972798000000001,7.29,0.008731000000000001,0.156765,0.441035,0.004522,0.07597999999999999,0.0524305,0.0052505,0.1136,0.061275500000000004,0.0169445,0.08960850000000001,0.0,0.010005,0.057449,0.28264
10.908,8.980798,7.27,0.0084065,0.15602500000000002,0.44371499999999997,0.0044975,0.07624,0.0533755,0.0051865,0.11381,0.0624185,0.016620000000000003,0.088674,0.0,0.00967,0.056570999999999996,0.28119500000000003
10.917,8.989798,7.28,0.00812,0.15563,0.448585,0.0044665,0.076385,0.0548555,0.0051375,0.11381,0.0641235,0.016347,0.0883305,0.0,0.009423,0.0559335,0.2806
10.925,8.997798000000001,7.42,0.008002,0.15834499999999999,0.462,0.0045035000000000006,0.0776,0.057259000000000004,0.005167,0.11590500000000001,0.0668335,0.016321499999999996,0.0896145,0.0,0.0093925,0.056379,0.28496
10.933,9.005798,7.64,0.007984499999999999,0.163205,0.48065,0.0045895,0.0796,0.06019,0.0052525,0.11949499999999999,0.070207,0.0164095,0.09170700000000001,0.0,0.009472999999999999,0.0575215,0.29225
10.942,9.014798,7.83,0.007986,0.166965,0.497525,0.004705,0.08128,0.062943,0.005351,0.12241000000000002,0.07344149999999999,0.016412,0.0931965,0.0,0.009479999999999999,0.0587245,0.298405
10.95,9.022798,8.075,0.008043,0.17028500000000002,0.51806,0.0049675,0.08363,0.066484,0.005605000000000001,0.125985,0.077735,0.016489999999999998,0.09518499999999999,0.0,0.009496500000000001,0.060483999999999996,0.30656000000000005
10.958,9.030798,8.045,0.007794499999999999,0.16984499999999997,0.522965,0.004759,0.081655,0.06655150000000001,0.0054245000000000005,0.12262999999999999,0.0779855,0.016087,0.094288,0.0,0.009399999999999999,0.060158,0.30603
10.967,9.039798000000001,8.08,0.0076335,0.169965,0.5293599999999999,0.0046715,0.08052,0.0672385,0.005353,0.12043999999999999,0.07908899999999999,0.0157805,0.09412700000000002,0.0,0.009339,0.060772999999999994,0.308235
10.975,9.047798,8.085,0.0074735,0.16925,0.53359,0.0045734999999999994,0.079035,0.067743,0.005287,0.117495,0.0800195,0.015406499999999997,0.093732,0.0,0.009237,0.061260999999999996,0.30983000000000005
10.983,9.055798000000001,8.08,0.007317000000000001,0.167755,0.535215,0.0044505,0.077015,0.0677205,0.005218,0.113565,0.080367,0.0149465,0.09310750000000001,0.0,0.009096,0.0616605,0.312035
10.992,9.064798000000001,8.04,0.00719,0.16623000000000002,0.5328849999999999,0.0043040000000000005,0.074665,0.067139,0.0051295,0.1091,0.0801325,0.014572,0.092633,0.0,0.008945,0.06183,0.313475
11.0,9.072798,8.075,0.0071200000000000005,0.166875,0.53536,0.0041355,0.07267499999999999,0.0671375,0.005026,0.10560499999999999,0.080869,0.01455,0.094274,0.0,0.009069,0.062388,0.318155
11.008,9.080798,7.56,0.007041499999999999,0.15806,0.507165,0.0039515,0.066975,0.0650385,0.004928500000000001,0.0965,0.07801,0.01373,0.08920750000000001,0.0,0.008506,0.0597605,0.29716
11.016,9.088798,7.425,0.007174,0.157775,0.5019899999999999,0.0039545,0.06599000000000001,0.0652885,0.0049689999999999995,0.09481,0.07837949999999999,0.013809,0.08944049999999999,0.0,0.008490500000000002,0.0591825,0.289835
11.025,9.097798000000001,7.285,0.0071665,0.156885,0.49546,0.0039445,0.06506,0.065483,0.005,0.09318499999999999,0.0787985,0.0139155,0.08942699999999999,0.0,0.008442,0.05851,0.281795
11.033,9.105798,7.2,0.0071795,0.156335,0.49224,0.00393,0.064275,0.065685,0.00503,0.091595,0.0792755,0.014033500000000003,0.089769,0.0,0.008389,0.058166,0.27686999999999995
11.041,9.113798000000001,7.115,0.007209,0.155225,0.48946999999999996,0.0038980000000000004,0.063195,0.06524250000000001,0.005043000000000001,0.08935499999999999,0.079125,0.013996000000000001,0.089916,0.0,0.0083195,0.057714,0.27323
11.05,9.122798000000001,7.035,0.007206,0.154225,0.487005,0.0038525,0.06217,0.0646285,0.0050415,0.087185,0.0787445,0.013983000000000002,0.08999299999999999,0.0,0.008268,0.057370500000000005,0.26971
11.058,9.130798,7.06,0.0073715,0.15587499999999999,0.49112999999999996,0.0038415,0.06179,0.06476799999999999,0.0050810000000000004,0.086105,0.07917550000000001,0.0142775,0.091728,0.0,0.008288,0.0579395,0.269655
11.066,9.138798000000001,7.125,0.0074685,0.158205,0.49692000000000003,0.003831,0.0618,0.0649285,0.00513,0.085595,0.079664,0.014656500000000001,0.09365299999999999,0.0,0.0083425,0.059136,0.27173
11.075,9.147798,7.19,0.007507,0.16011999999999998,0.5021450000000001,0.0038145,0.06184,0.065159,0.0051725,0.08510500000000001,0.08029700000000001,0.0150625,0.09547900000000002,0.0,0.008387499999999999,0.0602685,0.27422
11.083,9.155798,7.245,0.007495,0.16138,0.5062,0.0037974999999999997,0.061805,0.06544449999999999,0.0052105,0.08446999999999999,0.080955,0.0155,0.097163,0.0,0.0084125,0.061059499999999996,0.27679000000000004
11.091,9.163798,7.32,0.007430999999999999,0.16192499999999999,0.50898,0.0038095,0.06180000000000001,0.06582149999999999,0.0052705,0.08394499999999999,0.081669,0.0160035,0.0989525,0.0,0.008462500000000001,0.061591999999999994,0.281235
11.1,9.172798,7.39,0.007377,0.16219499999999998,0.5107649999999999,0.003822,0.061615,0.06635949999999999,0.0053485,0.083255,0.0824835,0.016603,0.100981,0.0,0.008535499999999998,0.0620205,0.28634
11.108,9.180798000000001,7.485,0.0074140000000000005,0.16313499999999997,0.51356,0.00386,0.06158999999999999,0.0669395,0.005415,0.08293,0.083131,0.017262500000000004,0.102799,0.0,0.008618,0.06255,0.292015
11.116,9.188798,7.815,0.0075665,0.1683,0.5317000000000001,0.0039365,0.062165,0.068034,0.0055309999999999995,0.08283,0.0840915,0.0183395,0.10816,0.0,0.0087985,0.064786,0.30784999999999996
11.124,9.196798000000001,8.22,0.007856,0.17509000000000002,0.5533699999999999,0.0040675,0.06320500000000001,0.06933600000000001,0.0057275,0.083095,0.085214,0.019617,0.1154125,0.0,0.009052000000000001,0.068415,0.325715
11.133,9.205798,8.525,0.008186,0.18071,0.56904,0.0041865,0.06412000000000001,0.070378,0.00596,0.08333,0.0861535,0.020852,0.12190749999999999,0.0,0.0092595,0.07207999999999999,0.33699
11.141,9.213798,8.395,0.008403500000000001,0.17867,0.555545,0.0041615,0.06312000000000001,0.0696315,0.0062109999999999995,0.08258,0.085703,0.021440999999999998,0.122073,0.0,0.009226999999999999,0.07217000000000001,0.33132500000000004
11.149,9.221798,8.485,0.008735,0.177925,0.5549149999999999,0.004461,0.06453,0.07035849999999999,0.0069984999999999995,0.08554,0.0875125,0.022692,0.1253705,0.0,0.010034999999999999,0.073395,0.34340000000000004
11.158,9.230798,7.985,0.008673499999999999,0.1779,0.5387350000000001,0.003558,0.060629999999999996,0.068251,0.0064825,0.08111499999999999,0.0861355,0.022757,0.1205465,0.0,0.009103,0.066195,0.30786
11.166,9.238798000000001,7.67,0.008618,0.17484999999999998,0.52321,0.003382,0.058640000000000005,0.0649795,0.0059715,0.07894,0.0828915,0.023139999999999997,0.11618600000000001,0.0,0.008824499999999999,0.0617225,0.29234
11.174,9.246798,7.38,0.008618,0.171515,0.51053,0.0032655,0.056405000000000004,0.062387000000000005,0.005268500000000001,0.076095,0.0795765,0.0233915,0.109744,0.0,0.008531,0.058144,0.27873500000000007
11.183,9.255798,7.115,0.00828,0.1678,0.5015000000000001,0.003101,0.054885,0.061755000000000004,0.0047220000000000005,0.07391500000000001,0.078735,0.023472,0.10399,0.0,0.007845499999999998,0.055574500000000006,0.26404
11.191,9.263798000000001,6.945,0.007625,0.16468,0.49644,0.0029125,0.053965,0.061851,0.004306,0.07266,0.0785765,0.0236865,0.0997155,0.0,0.007319,0.05339699999999999,0.254955
11.199,9.271798,6.985,0.007557,0.16503,0.500405,0.0029055,0.054209999999999994,0.0628845,0.0042875,0.073155,0.079599,0.024358,0.099193,0.0,0.0073695,0.0533625,0.256035
11.208,9.280798,7.045,0.0074975,0.16587,0.5053099999999999,0.0029084999999999996,0.054599999999999996,0.064021,0.004281,0.073815,0.0806765,0.025065,0.09890249999999999,0.0,0.007441,0.053559499999999996,0.25812500000000005
11.216,9.288798,7.155,0.007454,0.16793999999999998,0.51311,0.0029265,0.05534,0.065646,0.00431,0.07497999999999999,0.082196,0.025906000000000002,0.099437,0.0,0.007571,0.054123500000000005,0.262505
11.224,9.296798,7.295,0.0074345,0.170675,0.5220800000000001,0.002967,0.05629000000000001,0.06725500000000001,0.0043549999999999995,0.07651,0.08375650000000001,0.027112,0.10018,0.0,0.007701,0.0550185,0.26712500000000006
11.232,9.304798,7.575,0.007526,0.17549,0.540725,0.0031035,0.058249999999999996,0.070028,0.004586,0.07967,0.0868,0.0286415,0.1023645,0.0,0.007892,0.057234,0.277295
11.241,9.313798,7.895,0.007595500000000001,0.18100000000000002,0.5610200000000001,0.0031825,0.060125,0.07278899999999999,0.0047539999999999995,0.082485,0.08985000000000001,0.030264,0.10497999999999999,0.0,0.008123,0.059659000000000004,0.289605
11.249,9.321798000000001,8.28,0.007676,0.188355,0.58684,0.0032645,0.06246,0.076491,0.0049285,0.08598,0.09360299999999999,0.032013,0.10843850000000001,0.0,0.008476000000000001,0.06251999999999999,0.30440500000000004
11.257,9.329798,8.67,0.0076690000000000005,0.19655,0.61237,0.003336,0.06504,0.08056250000000001,0.0050525,0.08986,0.0975115,0.033707,0.11172699999999999,0.0,0.0088495,0.06528999999999999,0.31895
11.266,9.338798,9.1,0.007632999999999999,0.20627500000000001,0.64035,0.0034289999999999998,0.068295,0.08538699999999999,0.0052014999999999995,0.094605,0.102071,0.0353595,0.1152775,0.0,0.0092965,0.06842000000000001,0.33592999999999995
11.274,9.346798,9.6,0.007587,0.21540499999999996,0.671585,0.0035310000000000003,0.07173,0.09029600000000002,0.0054145,0.09926000000000001,0.10719700000000001,0.037071999999999994,0.12031349999999999,0.0,0.009818,0.071985,0.357885
11.282,9.354798,10.055,0.007488,0.22219499999999998,0.69818,0.003535,0.07385,0.09258,0.0055365,0.10162,0.1100125,0.038838,0.1260455,0.0,0.010293,0.07554,0.378875
11.291,9.363798000000001,10.315,0.007277,0.22614499999999998,0.712325,0.0034905,0.074575,0.092891,0.0055175,0.10258,0.11022599999999999,0.040222,0.1305185,0.0,0.010516999999999999,0.07733999999999999,0.39122
11.299,9.371798,10.11,0.006914,0.2205,0.69167,0.0033895,0.072625,0.0901055,0.0053175,0.10020000000000001,0.106263,0.0391605,0.12896049999999998,0.0,0.010407,0.075465,0.38623999999999997
11.307,9.379798000000001,9.83,0.006597,0.21395000000000003,0.666825,0.0033215,0.07049,0.08685299999999999,0.0051785,0.09774,0.1020385,0.0372335,0.126349,0.0,0.010325,0.074045,0.37764500000000006
11.316,9.388798000000001,9.565,0.006308500000000001,0.209115,0.64438,0.0032909999999999997,0.06866,0.083827,0.005094,0.09588,0.0980655,0.03525349999999999,0.123796,0.0,0.01027,0.073005,0.36953
11.324,9.396798,9.335,0.006052,0.20554499999999998,0.62344,0.0032895,0.06733999999999998,0.081223,0.0050574999999999995,0.094685,0.09429399999999999,0.0329925,0.12199750000000001,0.0,0.010137,0.07227,0.36286999999999997
11.332,9.404798000000001,9.12,0.005825,0.20189000000000001,0.602715,0.0033025,0.066245,0.07899049999999999,0.005051,0.093745,0.0908955,0.0309935,0.12058200000000001,0.0,0.009985,0.071625,0.35661499999999996
11.34,9.412798,8.935,0.005663,0.19896000000000003,0.5851,0.0033280000000000002,0.06537000000000001,0.0771945,0.0050775,0.09302,0.08819900000000001,0.029270499999999994,0.1193915,0.0,0.009899999999999999,0.07121,0.351525
11.349,9.421798,8.785,0.0055585,0.196705,0.5709799999999999,0.0033555,0.06454,0.0758545,0.005115,0.09231,0.086171,0.027766000000000002,0.118429,0.0,0.009856,0.07101,0.34765499999999994
11.357,9.429798,8.69,0.00551,0.19480999999999998,0.56196,0.0033705000000000002,0.06382499999999999,0.0755475,0.0051345,0.09168499999999999,0.08540799999999998,0.026285,0.11861000000000001,0.0,0.009892,0.070665,0.34682
11.365,9.437798,8.655,0.0055000000000000005,0.19349500000000003,0.559815,0.0033940000000000003,0.063495,0.07644300000000001,0.0051660000000000005,0.09143499999999999,0.0863525,0.0250735,0.119701,0.0,0.009982999999999999,0.07020499999999999,0.348375
11.374,9.446798000000001,8.74,0.005603,0.193375,0.56709,0.0034739999999999997,0.063805,0.079044,0.0052475,0.09207,0.089561,0.024291,0.12326899999999999,0.0,0.010193,0.070185,0.35405
11.382,9.454798,8.665,0.0056725000000000005,0.19121,0.5623800000000001,0.0033985,0.06238,0.07956150000000001,0.0051944999999999995,0.090415,0.090301,0.023157000000000004,0.12523099999999998,0.0,0.010298999999999999,0.06951500000000001,0.351925
11.39,9.462798000000001,8.595,0.0057280000000000005,0.18889,0.5566249999999999,0.0033299999999999996,0.061115,0.079628,0.0051389999999999995,0.088865,0.09064749999999999,0.022157500000000004,0.12690549999999998,0.0,0.0104035,0.06889999999999999,0.350215
11.399,9.471798,8.545,0.005775,0.186945,0.55244,0.0032849999999999997,0.06022,0.07958200000000001,0.0051,0.087695,0.0910345,0.02142,0.128643,0.0,0.010513,0.06842000000000001,0.350115
11.407,9.479798,8.515,0.005809999999999999,0.18535,0.5488649999999999,0.003253,0.05954,0.07930000000000001,0.005066,0.08671999999999999,0.09127199999999999,0.020884999999999997,0.13034400000000002,0.0,0.01062,0.06795999999999999,0.3507
11.415,9.487798,8.475,0.005814000000000001,0.18372,0.5446,0.0032129999999999997,0.058845,0.07869100000000001,0.0050025,0.08571,0.091194,0.020490500000000002,0.13181,0.0,0.010697,0.067425,0.35119
11.424,9.496798,8.425,0.005792,0.18222,0.53927,0.003177,0.05831,0.0778045,0.004952,0.08481499999999999,0.09083000000000001,0.020121499999999997,0.1331155,0.0,0.010761,0.066885,0.35117999999999994
11.432,9.504798000000001,8.365,0.005747,0.18136,0.533455,0.0031485000000000003,0.057964999999999996,0.0766365,0.0049385,0.08405000000000001,0.09017599999999999,0.0197695,0.134062,0.0,0.010823,0.066485,0.35002500000000003
11.44,9.512798,8.295,0.005691,0.18127,0.52792,0.003116,0.05769,0.0753075,0.004945,0.08332500000000001,0.089223,0.019509,0.134595,0.0,0.010880999999999998,0.06631000000000001,0.34779499999999997
11.448,9.520798000000001,8.085,0.0055325,0.17912499999999998,0.5144599999999999,0.0030515000000000004,0.056455,0.0729745,0.004894,0.08136,0.08687349999999999,0.019130499999999998,0.132789,0.0,0.0108515,0.06547,0.33824
11.457,9.529798000000001,7.96,0.0054155,0.17645,0.505395,0.0030169999999999997,0.055479999999999995,0.07183799999999999,0.0048579999999999995,0.07982500000000001,0.085807,0.018964999999999996,0.13232750000000001,0.0,0.010863999999999999,0.06469,0.33340000000000003
11.465,9.537798,7.815,0.005305000000000001,0.17180499999999999,0.49376,0.0030005,0.05417,0.07085050000000001,0.0048035000000000005,0.077695,0.0848775,0.018792,0.13188450000000002,0.0,0.0109005,0.06276999999999999,0.32859
11.473,9.545798000000001,7.74,0.0052435,0.16920000000000002,0.48728499999999997,0.0029915000000000002,0.05345,0.070074,0.004793,0.07656,0.0846875,0.018851,0.132493,0.0,0.011025,0.06195,0.32627
11.482,9.554798,7.895,0.0052595,0.17229500000000003,0.496755,0.0030165,0.054505,0.0715415,0.0048725,0.078055,0.0872135,0.019704,0.1355895,0.0,0.011574000000000001,0.06311,0.333915
11.49,9.562798,8.005,0.005242999999999999,0.17455500000000002,0.50088,0.0030295,0.05533,0.0720115,0.0049385,0.07897000000000001,0.08887049999999999,0.020542499999999998,0.13813600000000004,0.0,0.012084,0.064,0.33905
11.498,9.570798,7.99,0.005243,0.17557499999999998,0.494,0.0030625,0.055639999999999995,0.0706525,0.0050155,0.07907,0.088617,0.020885000000000004,0.140348,0.0,0.012307,0.064305,0.337175
11.507,9.579798,7.805,0.005131,0.17267,0.47783000000000003,0.00301,0.054935,0.06874,0.0048975,0.077095,0.087431,0.020177,0.139607,0.0,0.012534499999999999,0.062556,0.33039999999999997
11.515,9.587798000000001,7.855,0.0050865,0.173655,0.47672000000000003,0.0029795,0.055565,0.068583,0.004899499999999999,0.07735500000000001,0.0885875,0.020599999999999997,0.140687,0.0,0.0128465,0.0635,0.33385000000000004
11.523,9.595798,8.03,0.0051105000000000005,0.176945,0.48268500000000003,0.002967,0.056775000000000006,0.06926550000000001,0.004931,0.07844499999999999,0.0909815,0.021602000000000003,0.143793,0.0,0.013257,0.06509000000000001,0.34286500000000003
11.532,9.604798,8.315,0.005246499999999999,0.18081000000000003,0.4971,0.0029695,0.058215,0.071079,0.0049815,0.07998,0.09487699999999999,0.0230815,0.14879,0.0,0.0138825,0.067225,0.35674500000000003
11.54,9.612798,8.825,0.005496,0.191795,0.525745,0.003011,0.06144,0.07480600000000001,0.005077,0.08432,0.1010665,0.025145499999999998,0.160596,0.0,0.01492,0.07067999999999999,0.37746999999999997
11.548,9.620798,9.37,0.005819,0.2,0.557755,0.0030625,0.06451,0.07928199999999999,0.005201000000000001,0.08808,0.1083105,0.0272875,0.171054,0.0,0.015952499999999998,0.07428,0.40117
11.556,9.628798,9.56,0.005905,0.20224999999999999,0.566565,0.0030480000000000004,0.06534999999999999,0.0807115,0.005195,0.088755,0.1113765,0.028208499999999997,0.17450850000000004,0.0,0.016561,0.07753,0.41254
11.565,9.637798,9.595,0.005904,0.20625,0.5606450000000001,0.003036,0.06562,0.08085500000000001,0.005156,0.08948500000000001,0.111183,0.02863,0.17841200000000002,0.0,0.0174355,0.080845,0.416505
11.573,9.645798000000001,9.76,0.0060215,0.21053500000000003,0.5673400000000001,0.0030185,0.06667999999999999,0.08233850000000001,0.005154499999999999,0.090695,0.11362049999999999,0.029193000000000004,0.1816645,0.0,0.0180175,0.08467000000000001,0.42656499999999997
11.581,9.653798,9.715,0.005947,0.21044000000000002,0.565265,0.00294,0.067035,0.08388899999999999,0.0050845000000000005,0.090225,0.116189,0.027852000000000002,0.176742,0.0,0.0179735,0.08781,0.428355
11.59,9.662798,9.71,0.006069,0.209455,0.5660850000000001,0.0028645,0.06707,0.086059,0.005005,0.08936999999999999,0.119574,0.027278000000000004,0.1724865,0.0,0.0180605,0.09016500000000001,0.42977
11.598,9.670798000000001,9.51,0.006155999999999999,0.2054,0.55621,0.002784,0.06590499999999999,0.086362,0.0048915,0.087185,0.120937,0.02552,0.16725600000000002,0.0,0.016944,0.09041,0.42139000000000004
11.606,9.678798,9.295,0.0062175,0.20261500000000002,0.54482,0.0027095,0.06481999999999999,0.08636550000000001,0.004776000000000001,0.08524,0.1215395,0.0239715,0.1626365,0.0,0.0158695,0.09000999999999999,0.4107
11.615,9.687798,9.135,0.006288,0.20098499999999997,0.536395,0.0026445,0.06406,0.0866215,0.004670499999999999,0.083885,0.1223205,0.022575,0.15926500000000002,0.0,0.014789,0.089785,0.402565
11.623,9.695798,8.95,0.006316499999999999,0.198525,0.52728,0.0025765,0.063195,0.0864745,0.004546,0.082445,0.122725,0.020901500000000003,0.15481150000000002,0.0,0.013368,0.08911000000000001,0.394295
11.631,9.703798,8.705,0.00621,0.19545,0.5166099999999999,0.002451,0.06186,0.085974,0.004328500000000001,0.08078500000000001,0.122785,0.0198925,0.1488315,0.0,0.012157999999999999,0.086685,0.38139999999999996
11.64,9.712798000000001,8.305,0.005732,0.189635,0.49341,0.0023420000000000003,0.059590000000000004,0.0823335,0.004131,0.07794000000000001,0.118725,0.018456,0.140899,0.0,0.010948,0.083935,0.36386
11.648,9.720798,8.07,0.00554,0.1867,0.47891000000000006,0.0022945,0.058265,0.0808345,0.004026999999999999,0.07607,0.117399,0.017840999999999996,0.13544799999999999,0.0,0.0104795,0.08232500000000001,0.35364
11.656,9.728798000000001,8.025,0.0054375,0.18652000000000002,0.47383,0.0022705,0.05796,0.080856,0.0039765,0.075395,0.118061,0.0179395,0.1329835,0.0,0.0103195,0.082205,0.3538049999999999
11.664,9.736798,7.935,0.0053195,0.185335,0.465865,0.002248,0.05739999999999999,0.079958,0.003929,0.074395,0.1174065,0.017971,0.13009500000000002,0.0,0.01032,0.08193500000000001,0.3525
11.673,9.745798,7.75,0.005164,0.18099500000000002,0.45436,0.002223,0.05628,0.077607,0.0038725,0.07297500000000001,0.114093,0.018032,0.1261355,0.0,0.0104705,0.08115,0.344125
11.681,9.753798,7.6,0.0050165,0.17739499999999997,0.44672500000000004,0.0022105,0.055499999999999994,0.075904,0.003827,0.07209,0.1115255,0.018128,0.12262699999999999,0.0,0.0108035,0.080275,0.336705
11.689,9.761798,7.59,0.004907,0.178135,0.446355,0.0022195,0.05591,0.07612799999999999,0.003807,0.072465,0.11217250000000001,0.018325,0.12077899999999998,0.0,0.011314999999999999,0.08007,0.3382
11.698,9.770798000000001,7.575,0.004852,0.177,0.44544500000000004,0.002248,0.055465,0.0763215,0.0038234999999999996,0.07153499999999999,0.11285700000000001,0.0191095,0.119202,0.0,0.012265999999999999,0.079975,0.34053
11.706,9.778798,7.36,0.004792,0.17021,0.436825,0.0022515,0.052785,0.0756315,0.00381,0.06787499999999999,0.1123225,0.018972000000000003,0.114842,0.0,0.012528000000000001,0.077345,0.33197499999999996
11.714,9.786798000000001,7.15,0.0046689999999999995,0.16433999999999999,0.42841500000000005,0.0022554999999999997,0.05065,0.074854,0.0037945,0.06486,0.111903,0.018500500000000003,0.11050200000000002,0.0,0.012504,0.07452,0.32449
11.723,9.795798000000001,7.11,0.0046134999999999995,0.16251,0.4275,0.002282,0.05014,0.07548350000000001,0.0038195,0.06387999999999999,0.113417,0.018341,0.1086125,0.0,0.012678000000000002,0.07333,0.32630499999999996
11.731,9.803798,7.215,0.0046445,0.16333,0.43491499999999994,0.002321,0.05074,0.07781550000000001,0.003871,0.064195,0.11732899999999999,0.0184915,0.10920300000000001,0.0,0.013058,0.07349,0.33625000000000005
11.739,9.811798000000001,7.45,0.0047575,0.16757,0.44827999999999996,0.0023864999999999997,0.052385,0.0814395,0.003962,0.06589500000000001,0.12274099999999999,0.019022499999999998,0.11197850000000001,0.0,0.013677499999999999,0.075415,0.353335
11.748,9.820798,7.64,0.004881,0.16861,0.45848500000000003,0.0024384999999999997,0.05259,0.08413749999999999,0.0040315,0.065955,0.12648500000000001,0.0197865,0.11513450000000001,0.0,0.014443000000000001,0.07727,0.366435
11.756,9.828798,7.87,0.0050285,0.170615,0.471865,0.002477,0.053349999999999995,0.08751,0.0041010000000000005,0.06659000000000001,0.131105,0.0206225,0.119402,0.0,0.0151475,0.07942,0.38044
11.764,9.836798,8.1,0.005162999999999999,0.1726,0.48392999999999997,0.002496,0.0543,0.09074650000000001,0.0041645,0.067295,0.135415,0.0214775,0.12360249999999999,0.0,0.015778,0.081315,0.39359999999999995
11.772,9.844798,8.22,0.005214,0.17305,0.48650499999999997,0.0024730000000000004,0.055075,0.09222,0.0041895000000000005,0.06761,0.13695000000000002,0.022173500000000002,0.125742,0.0,0.0161335,0.08154,0.401115
11.781,9.853798000000001,8.245,0.005178,0.17301,0.4787350000000001,0.0023815,0.0556,0.09116300000000001,0.004137,0.06785,0.13458,0.022763000000000002,0.1268655,0.0,0.016045,0.0814,0.402035
11.789,9.861798,8.385,0.00526,0.17489,0.480515,0.0023905,0.056424999999999996,0.09110399999999999,0.0042,0.0688,0.13405,0.023698499999999997,0.130338,0.0,0.0163915,0.082605,0.406895
11.797,9.869798000000001,8.16,0.005065999999999999,0.172425,0.43123500000000003,0.0020169999999999997,0.055424999999999995,0.081113,0.0038145,0.06786,0.116533,0.023419999999999996,0.132523,0.0,0.013552,0.08311,0.393785
11.806,9.878798,8.345,0.005069000000000001,0.171755,0.435715,0.001992,0.055600000000000004,0.0814205,0.0038050000000000002,0.068365,0.11637950000000001,0.024406,0.136614,0.0,0.014221500000000002,0.08582,0.40263000000000004
11.814,9.886798,8.525,0.005042,0.17059,0.43867500000000004,0.0019565,0.05573499999999999,0.08165800000000001,0.0037745,0.068915,0.116217,0.024925500000000003,0.1406055,0.0,0.014443999999999999,0.08827499999999999,0.41369
11.822,9.894798,8.595,0.0049724999999999995,0.167655,0.438805,0.001909,0.055105,0.08143500000000001,0.0037229999999999997,0.06861,0.1153915,0.025030999999999998,0.1432065,0.0,0.014206,0.08918999999999999,0.41512
11.831,9.903798,8.56,0.004869,0.16428000000000004,0.43435,0.0018570000000000001,0.05409,0.08030949999999999,0.0036565,0.067775,0.1133905,0.024796,0.14405400000000002,0.0,0.013799500000000001,0.089225,0.411075
11.839,9.911798000000001,8.545,0.0047610000000000005,0.16074499999999997,0.431115,0.001803,0.053235,0.0793245,0.0035855,0.06702,0.1115765,0.024703999999999997,0.145005,0.0,0.013718,0.09,0.4074
11.847,9.919798,8.3,0.0046394999999999995,0.15664,0.41972999999999994,0.00173,0.05178,0.078289,0.003452,0.065625,0.10927899999999999,0.0227945,0.14288499999999998,0.0,0.012528500000000001,0.0869,0.39312
11.856,9.928798,8.26,0.0045214999999999995,0.15599,0.414755,0.001676,0.05081,0.0780825,0.0033805,0.064715,0.1083085,0.022722999999999997,0.143456,0.0,0.012261,0.085625,0.38816
11.864,9.936798000000001,8.29,0.004399,0.15546500000000002,0.41229499999999997,0.00162,0.05013,0.0779845,0.0033185000000000003,0.064085,0.1075635,0.023127500000000002,0.144745,0.0,0.012346,0.085535,0.386415
11.872,9.944798,8.255,0.004274,0.15323,0.40911499999999995,0.0015500000000000002,0.049345,0.07760249999999999,0.0032265,0.063385,0.10639100000000001,0.0229515,0.1450405,0.0,0.012155500000000001,0.08524500000000002,0.38152
11.88,9.952798000000001,8.185,0.004139,0.1507,0.4059149999999999,0.0014789999999999998,0.048694999999999995,0.07734150000000001,0.0031335,0.06303500000000001,0.105432,0.023206,0.1448755,0.0,0.012327999999999999,0.08449500000000001,0.369525
11.889,9.961798,8.12,0.004048,0.1456,0.401455,0.0014060000000000001,0.048395,0.0763065,0.0030095,0.063095,0.10357649999999999,0.022149999999999996,0.14599600000000001,0.0,0.011156,0.084975,0.36811499999999997
11.897,9.969798,8.08,0.0038990000000000006,0.14149499999999998,0.40093499999999993,0.0013579999999999998,0.048945,0.07583999999999999,0.0029255,0.064005,0.1021705,0.021246,0.1463835,0.0,0.010307,0.08515499999999998,0.36372499999999997
11.905,9.977798,7.995,0.003742,0.13543,0.39806,0.0013150000000000002,0.050379999999999994,0.0749065,0.0028475,0.06602,0.100333,0.020511,0.14653149999999998,0.0,0.009618999999999999,0.085245,0.357365
11.914,9.986798,7.96,0.0036255000000000003,0.131325,0.39931999999999995,0.0013265,0.050745,0.0741345,0.00283,0.06688,0.0990445,0.0203625,0.146871,0.0,0.0096275,0.08582000000000001,0.35
11.922,9.994798000000001,8.045,0.0035255,0.13062,0.40315,0.0014875,0.052465,0.073781,0.003057,0.06941,0.09844349999999999,0.0207685,0.148137,0.0,0.0102535,0.08798,0.34884
11.93,10.002798,8.1,0.0034115,0.12973,0.404955,0.001822,0.055330000000000004,0.07295299999999999,0.0035025,0.073715,0.09692250000000001,0.02085,0.14924550000000003,0.0,0.010770499999999999,0.09054999999999999,0.34656499999999996
11.939,10.011798,7.885,0.003223,0.119195,0.39036000000000004,0.0018025,0.054095000000000004,0.070426,0.0033499999999999997,0.072215,0.093379,0.020489,0.14628049999999998,0.0,0.010787,0.08767,0.331795
11.947,10.019798,7.93,0.0031040000000000004,0.11435500000000001,0.382925,0.0019075,0.05467,0.06943850000000001,0.0034149999999999996,0.07292,0.09211549999999999,0.021228,0.1465485,0.0,0.0117375,0.08762500000000001,0.329525
11.955,10.027798,8.025,0.003025,0.112135,0.381555,0.002116,0.057125,0.0684775,0.003661,0.07601000000000001,0.09130100000000001,0.022545500000000003,0.14869549999999998,0.0,0.012601,0.08861999999999999,0.32747499999999996
11.964,10.036798000000001,7.88,0.002913,0.109315,0.376485,0.0021850000000000003,0.056535,0.06642100000000001,0.003784,0.075145,0.089202,0.023297000000000002,0.1487485,0.0,0.012750999999999998,0.08749499999999999,0.311225
11.972,10.044798,7.26,0.0027235000000000002,0.10311999999999999,0.343485,0.0021075,0.052210000000000006,0.0618615,0.0037235,0.068935,0.08301049999999999,0.0230845,0.1401455,0.0,0.012385499999999999,0.08136,0.27386
11.98,10.052798000000001,6.42,0.0024790000000000003,0.09611999999999998,0.308185,0.0019955,0.047700000000000006,0.056406,0.003525,0.062735,0.07582549999999999,0.0202515,0.1255035,0.0,0.010767,0.07314999999999999,0.23879
11.988,10.060798,6.09,0.002312,0.09281,0.29339,0.0019595,0.04501,0.053704499999999995,0.0034835,0.05923500000000001,0.072488,0.0201365,0.12077000000000002,0.0,0.010321,0.06914000000000001,0.22446999999999998
11.997,10.069798,5.725,0.00216295,0.08997,0.277175,0.0019025000000000001,0.042339999999999996,0.0507205,0.0033915,0.05562,0.06911400000000001,0.02027,0.1143035,0.0,0.009917,0.0646905,0.21083
12.005,10.077798000000001,5.24,0.0020475000000000003,0.08812,0.25983500000000004,0.001825,0.039735,0.0469565,0.003257,0.051615,0.0656265,0.020517,0.10355000000000002,0.0,0.009753999999999999,0.059478,0.19580000000000003
12.013,10.085798,5.125,0.0019905500000000002,0.088735,0.252465,0.0017605,0.037945,0.044926999999999995,0.0031525,0.04908,0.06392149999999999,0.021586,0.1007465,0.0,0.010304,0.0587935,0.192645
12.022,10.094798,5.115,0.0019298,0.09026,0.247135,0.0017144999999999999,0.036559999999999995,0.043935,0.003077,0.047305,0.063261,0.0219095,0.1003375,0.0,0.010343999999999999,0.0587605,0.19234
12.03,10.102798,5.14,0.0018709999999999998,0.0906,0.247095,0.0017014999999999999,0.03617000000000001,0.0436575,0.0030794999999999998,0.046189999999999995,0.06368000000000001,0.021748,0.10033250000000002,0.0,0.010499999999999999,0.0600485,0.2003
12.038,10.110798,5.28,0.00186165,0.090305,0.26266500000000004,0.001758,0.035775,0.047137000000000005,0.0031335,0.04546,0.06922,0.022079,0.102872,0.0,0.0111355,0.0617775,0.21582
12.047,10.119798000000001,5.085,0.00172355,0.088535,0.24543500000000001,0.001704,0.03543,0.042452000000000004,0.003105,0.0443,0.063515,0.0212105,0.0995855,0.0,0.010785,0.060993000000000006,0.21061
12.055,10.127798,5.105,0.0016882,0.088,0.245575,0.0017155,0.035423,0.042249999999999996,0.003137,0.043765,0.063955,0.0210255,0.09976,0.0,0.011064000000000001,0.061988,0.218285
12.063,10.135798000000001,5.14,0.0016594000000000001,0.08741499999999999,0.24741499999999997,0.0017325,0.035429,0.042413,0.0031735,0.043275,0.064975,0.020914499999999996,0.10044349999999999,0.0,0.011488,0.06318399999999999,0.226615
12.072,10.144798,5.16,0.0016300499999999999,0.08545,0.250485,0.0017525000000000002,0.0351065,0.0425255,0.003203,0.04245,0.0660385,0.020854499999999998,0.10142549999999999,0.0,0.012048,0.064436,0.23378
12.08,10.152798,5.195,0.0016246,0.082415,0.25711,0.0017845,0.0346215,0.0432065,0.003236,0.041455,0.0681425,0.021096999999999998,0.103237,0.0,0.012834000000000002,0.065966,0.24136
12.088,10.160798,5.45,0.00168915,0.08212000000000001,0.275125,0.001943,0.0350255,0.046911499999999995,0.0034419999999999997,0.041755,0.07501150000000001,0.023059,0.108581,0.0,0.014553,0.0691135,0.258525
12.096,10.168798,5.845,0.0017849,0.082405,0.30306,0.0021945000000000003,0.035464999999999997,0.053275,0.0037815,0.042435,0.08611749999999999,0.025914,0.11612499999999999,0.0,0.01715,0.07352,0.282435
12.105,10.177798000000001,5.855,0.0017787,0.079708,0.30579999999999996,0.0021925,0.03499,0.0527875,0.0038115,0.042105000000000004,0.085594,0.0254105,0.11560300000000001,0.0,0.017657,0.075325,0.29075
12.113,10.185798,5.9,0.00177985,0.07737550000000001,0.309785,0.0021855,0.034765,0.05233,0.0038125,0.041895,0.0850555,0.024873,0.115415,0.0,0.017887,0.07766500000000001,0.302135
12.121,10.193798000000001,5.85,0.0018017,0.074554,0.32531999999999994,0.0022465000000000002,0.03432,0.056163,0.003789,0.0417,0.091165,0.025064000000000003,0.11512,0.0,0.017168,0.072935,0.28791500000000003
12.13,10.202798000000001,6.015,0.0018522,0.073594,0.34351,0.002366,0.03442,0.059806,0.0039595,0.041685,0.097335,0.0260375,0.11778300000000001,0.0,0.018392,0.07458000000000001,0.297965
12.138,10.210798,6.225,0.001907,0.07306249999999999,0.36285,0.0024720000000000002,0.03463,0.063362,0.004124,0.04192,0.10324,0.026990999999999998,0.1210625,0.0,0.019594,0.077185,0.31179
12.146,10.218798000000001,6.38,0.0019578499999999997,0.072808,0.37576,0.002567,0.034845,0.0656535,0.004286,0.042249999999999996,0.107145,0.0277155,0.12359800000000001,0.0,0.020506,0.07952999999999999,0.32139
12.155,10.227798,6.51,0.00200085,0.07243150000000001,0.38764,0.0026715000000000003,0.034925,0.067842,0.004463999999999999,0.042355000000000004,0.110875,0.028337499999999995,0.12582700000000002,0.0,0.021245,0.0816,0.328935
12.163,10.235798,6.7,0.00201645,0.072284,0.40184,0.002775,0.03474000000000001,0.070213,0.004679,0.04206,0.11498,0.029415,0.129072,0.0,0.022595000000000004,0.08443999999999999,0.33927500000000005
12.171,10.243798,6.765,0.0020071,0.071402,0.40629,0.0027790000000000002,0.0339255,0.070578,0.004738,0.04108,0.11568,0.029981499999999998,0.1310195,0.0,0.02288,0.085755,0.34246000000000004
12.18,10.252798,6.74,0.00198085,0.070248,0.40573,0.002803,0.0335455,0.07012650000000001,0.0048059999999999995,0.040625,0.11491499999999999,0.029858000000000003,0.1308245,0.0,0.02255,0.08603000000000001,0.34137
12.188,10.260798000000001,6.63,0.0019431000000000001,0.0688605,0.40069,0.0028555,0.033773,0.0689475,0.0048920000000000005,0.040855,0.11277999999999999,0.029073500000000002,0.1285115,0.0,0.021670000000000002,0.085345,0.33631
12.196,10.268798,6.605,0.001922,0.06794900000000001,0.40153999999999995,0.0028910000000000003,0.034237500000000004,0.06829750000000001,0.004996499999999999,0.04144,0.11137999999999999,0.028429,0.1284925,0.0,0.02075,0.08543,0.334385
12.204,10.276798000000001,6.68,0.0019252499999999999,0.067632,0.40839000000000003,0.002931,0.035013,0.0685035,0.0051195,0.042395,0.11137,0.028107,0.130496,0.0,0.0200695,0.08662500000000001,0.33624000000000004
12.213,10.285798,6.815,0.00197585,0.0676765,0.42206499999999997,0.0030045000000000002,0.03608,0.0706985,0.0052794999999999995,0.043649999999999994,0.11446,0.028321999999999996,0.133306,0.0,0.019984500000000002,0.088295,0.34028
12.221,10.293798,6.93,0.00199815,0.0676775,0.43212500000000004,0.003096,0.03727,0.07198550000000001,0.005471,0.04498,0.11619499999999999,0.028560999999999996,0.135624,0.0,0.0199905,0.089685,0.34309500000000004
12.229,10.301798,7.11,0.00202135,0.068304,0.44593000000000005,0.003222,0.038895,0.07373199999999999,0.00571,0.04683,0.11872,0.029193999999999998,0.139187,0.0,0.020167,0.09161,0.348755
12.238,10.310798,7.39,0.0020545,0.06978999999999999,0.467065,0.003397,0.04099,0.07656949999999998,0.0060245,0.049235,0.12308,0.030416999999999996,0.14475,0.0,0.020625,0.09470999999999999,0.36032
12.246,10.318798000000001,7.875,0.002111,0.0724,0.507655,0.00366,0.043480000000000005,0.082925,0.0064954999999999995,0.052169999999999994,0.1331,0.032615,0.15352500000000002,0.0,0.021769999999999998,0.10039500000000001,0.38312999999999997
12.254,10.326798,8.02,0.0021075,0.071795,0.52764,0.0037660000000000003,0.04379,0.085241,0.0067815,0.052495,0.13624999999999998,0.033333,0.15635000000000002,0.0,0.02181,0.102075,0.39076
12.263,10.335798,7.84,0.0020825,0.069505,0.519705,0.003726,0.04292,0.08318899999999999,0.0068225000000000004,0.051245,0.132545,0.0333795,0.15394500000000003,0.0,0.02084,0.09954,0.379745
12.271,10.343798000000001,7.64,0.002077,0.06719499999999999,0.51163,0.003689,0.04167,0.08125299999999999,0.0068445,0.04956,0.129195,0.033474500000000004,0.15148,0.0,0.019925,0.09661,0.367465
12.279,10.351798,7.465,0.0021235000000000004,0.06565,0.50186,0.003676,0.04187,0.07921999999999998,0.006856,0.04962,0.12592499999999998,0.033664000000000006,0.14967,0.0,0.018896000000000003,0.09369,0.35651
12.288,10.360798,6.975,0.0020397500000000003,0.061747,0.46896000000000004,0.0035495,0.03982,0.0735,0.0066525,0.04711,0.11717300000000001,0.0322315,0.142485,0.0,0.016855000000000002,0.08701,0.33159500000000003
12.296,10.368798,6.66,0.0019845,0.058834500000000005,0.450535,0.0035005,0.03881,0.071493,0.0065404999999999994,0.045869999999999994,0.114038,0.030917,0.136013,0.0,0.015778,0.08285500000000001,0.315155
12.304,10.376798,6.5,0.00196325,0.057058,0.444645,0.0034985,0.038599999999999995,0.0712505,0.0065205,0.045725,0.1134475,0.03019,0.1320605,0.0,0.015204999999999998,0.08076,0.30738
12.312,10.384798,6.35,0.0019405,0.055588,0.43894,0.0035164999999999997,0.038585,0.0712045,0.00652,0.045825,0.11316100000000001,0.029573,0.12823850000000003,0.0,0.0147055,0.078745,0.30013199999999995
12.321,10.393798,6.195,0.00191115,0.054105,0.432395,0.0035475000000000003,0.038654999999999995,0.071181,0.006532,0.04603,0.112953,0.028981,0.1240915,0.0,0.014267499999999999,0.07661,0.293115
12.329,10.401798000000001,6.035,0.0018686000000000002,0.051477999999999996,0.425505,0.0035775,0.03866,0.0711405,0.006541,0.04598,0.11276900000000001,0.0283625,0.11916850000000001,0.0,0.013895499999999998,0.0739,0.2869345
12.337,10.409798,5.91,0.0018269,0.048865000000000006,0.42090000000000005,0.0036284999999999998,0.03884,0.07141049999999999,0.0065825,0.04607,0.11321799999999999,0.027927,0.11502700000000002,0.0,0.0135885,0.07136,0.282382
12.346,10.418798,5.97,0.0018161000000000002,0.046994,0.43134,0.003871,0.041620000000000004,0.0743425,0.006972,0.04893,0.11816149999999999,0.028004500000000005,0.11317850000000002,0.0,0.013648500000000001,0.070315,0.28720999999999997
12.354,10.426798,6.055,0.0017924,0.04511899999999999,0.43279999999999996,0.0043630000000000006,0.049354999999999996,0.07727800000000001,0.007788,0.057235,0.123325,0.027606,0.10987849999999998,0.0,0.013940000000000001,0.06964,0.29446
12.362,10.434798,5.975,0.00173035,0.043087999999999994,0.41718500000000003,0.0044975,0.055260000000000004,0.07616250000000001,0.0080075,0.06351499999999999,0.12233,0.026182999999999998,0.1048505,0.0,0.013992000000000001,0.06835000000000001,0.294045
12.371,10.443798000000001,5.615,0.001646,0.0407835,0.39319000000000004,0.0041659999999999996,0.051245000000000006,0.07186200000000001,0.007407,0.058774999999999994,0.115475,0.023952,0.09850450000000001,0.0,0.013481,0.065015,0.2774
12.379,10.451798,5.385,0.00159635,0.0384355,0.37656,0.0040875,0.052035,0.0684855,0.0072715,0.0592,0.11011000000000001,0.021846499999999998,0.09434400000000001,0.0,0.012907,0.062242,0.265865
12.387,10.459798000000001,5.075,0.00156535,0.035952,0.350235,0.0040114999999999994,0.051500000000000004,0.0639255,0.007091500000000001,0.058255,0.102681,0.019570999999999998,0.08930199999999999,0.0,0.0122075,0.058788499999999994,0.25083
12.396,10.468798000000001,4.937,0.0017557,0.035285000000000004,0.3312,0.0040135,0.049620000000000004,0.061375,0.00712,0.05598,0.098438,0.018645500000000002,0.0901495,0.0,0.011994000000000001,0.057133500000000004,0.24075
12.404,10.476798,4.8625,0.0018578,0.033780000000000004,0.330905,0.00415,0.050434999999999994,0.06151150000000001,0.0072165,0.056755,0.09792999999999999,0.017064,0.08830350000000001,0.0,0.011627000000000002,0.0550455,0.23715999999999998
12.412,10.484798000000001,4.666,0.0017343,0.031168,0.32208499999999995,0.0043525000000000005,0.05136,0.060697,0.0072499999999999995,0.057665,0.0959305,0.0156015,0.0830245,0.0,0.010782,0.0517745,0.23133
12.42,10.492798,4.3165,0.0014582500000000001,0.027915500000000003,0.29781500000000005,0.0043235,0.050725,0.057543,0.0068815000000000005,0.05697000000000001,0.09042900000000001,0.014182,0.074708,0.0,0.009617500000000001,0.047262,0.219215
12.429,10.501798,4.0695,0.0013449500000000001,0.025831500000000004,0.280035,0.004137,0.0495,0.054671,0.006494,0.05557,0.085465,0.013229000000000001,0.06921,0.0,0.008978,0.044230500000000006,0.21023000000000003
12.437,10.509798,3.9425,0.0012527,0.0241655,0.27100500000000005,0.0041165,0.048955,0.053236,0.0063665,0.05489,0.08284,0.012530999999999999,0.06640199999999999,0.0,0.008532,0.042291999999999996,0.20658500000000002
12.445,10.517798,3.8385,0.0011709,0.0228685,0.263645,0.004118999999999999,0.048205,0.052161,0.0062695,0.053995,0.0807595,0.011941499999999997,0.06412300000000001,0.0,0.008171000000000001,0.040712,0.20437500000000003
12.454,10.526798000000001,3.759,0.0010997000000000001,0.021791,0.257205,0.0041405,0.047945,0.051347000000000004,0.0061955,0.05365500000000001,0.0791655,0.011445,0.06224,0.0,0.007883000000000001,0.039418499999999995,0.203375
12.462,10.534798,3.693,0.001039,0.020845000000000002,0.25141,0.0041635000000000005,0.047685,0.050625500000000004,0.0061345,0.053309999999999996,0.0777375,0.011024500000000001,0.0606505,0.0,0.0076595000000000005,0.038325,0.20301000000000002
12.47,10.542798000000001,3.6425,0.0009893,0.020046,0.24633500000000003,0.004189999999999999,0.04743,0.05003300000000001,0.006087,0.052965000000000005,0.07650599999999999,0.0106865,0.059368500000000005,0.0,0.0075084999999999995,0.037485000000000004,0.2034
12.479,10.551798,3.606,0.0009507000000000001,0.019399,0.24198000000000003,0.0042205,0.04712000000000001,0.049585000000000004,0.006055,0.052575,0.0755455,0.010446500000000001,0.0583765,0.0,0.0074395,0.036847000000000005,0.20448
12.487,10.559798,3.5875,0.0009251999999999999,0.018950500000000002,0.23848999999999998,0.004259499999999999,0.046825000000000006,0.0493735,0.006047,0.052185,0.074992,0.010317999999999999,0.057729499999999996,0.0,0.0074705,0.03643,0.206395
12.495,10.567798,3.5855,0.00091055,0.018693,0.23570999999999998,0.004302500000000001,0.0466,0.049367999999999995,0.006051,0.051875,0.074773,0.010292999999999998,0.057448500000000007,0.0,0.007561,0.036189,0.20908
12.504,10.576798,3.611,0.00091035,0.018662,0.234495,0.004373999999999999,0.046634999999999996,0.049614,0.0060940000000000005,0.05187,0.0749525,0.010414999999999999,0.0577575,0.0,0.007679,0.0362005,0.21348499999999998
12.512,10.584798000000001,3.6655,0.0009268000000000001,0.018549,0.23541,0.0044740000000000005,0.046854999999999994,0.050224,0.006175,0.05202,0.075674,0.010725,0.05846950000000001,0.0,0.007843,0.036294999999999994,0.21985500000000002
12.52,10.592798,3.7295,0.0009528500000000001,0.018438,0.23688499999999998,0.00454,0.046835,0.051049000000000004,0.0062109999999999995,0.051890000000000006,0.07670650000000001,0.01115,0.059469499999999995,0.0,0.008059,0.0364255,0.226425
12.528,10.600798000000001,3.8175,0.00099,0.018633,0.239435,0.0046015,0.04718,0.0522835,0.006228,0.052145,0.0784155,0.011727999999999999,0.06094150000000001,0.0,0.008393000000000001,0.036767999999999995,0.23375
12.537,10.609798000000001,4.0375,0.00109055,0.019803,0.25087,0.00476,0.048555,0.055652499999999994,0.0063805,0.053584999999999994,0.08342050000000001,0.012926,0.064429,0.0,0.009167999999999999,0.0384485,0.24967499999999998
12.545,10.617798,4.2955,0.00121525,0.021233499999999995,0.26359,0.0050125,0.05079500000000001,0.059647500000000006,0.0066335000000000005,0.05592,0.08936849999999999,0.0142995,0.0688305,0.0,0.010008,0.040219000000000005,0.26725999999999994
12.553,10.625798000000001,4.535,0.00134945,0.0226505,0.274525,0.0052975,0.052695,0.0637565,0.0069275,0.05790000000000001,0.09533,0.0156505,0.07347899999999999,0.0,0.0107885,0.0417,0.2839
12.562,10.634798,4.72,0.0014814000000000001,0.023830999999999998,0.28228,0.0055555,0.053915000000000005,0.0671285,0.0071965,0.05914,0.09998499999999999,0.0167595,0.07768,0.0,0.0113675,0.042767,0.297265
12.57,10.642798,4.891,0.00162085,0.0248815,0.29048999999999997,0.0057915,0.05508,0.07016800000000001,0.00744,0.06031,0.104125,0.0177475,0.0814815,0.0,0.011879500000000001,0.043830499999999994,0.3097
12.578,10.650798,5.04,0.00176105,0.025717999999999998,0.29867999999999995,0.006003,0.05621999999999999,0.0728,0.0076615,0.06146,0.10767499999999999,0.018610500000000002,0.084756,0.0,0.012334500000000002,0.044595,0.32033999999999996
12.587,10.659798,5.19,0.0019134999999999998,0.0265825,0.3075,0.0061755,0.057409999999999996,0.0748885,0.0078625,0.06266,0.11041999999999999,0.019418,0.08833450000000001,0.0,0.012703500000000001,0.045464500000000005,0.32970499999999997
12.595,10.667798000000001,5.365,0.002093,0.0276685,0.3186,0.006337,0.058730000000000004,0.076772,0.0080675,0.063965,0.11280000000000001,0.020311,0.09263100000000002,0.0,0.013051999999999998,0.0469615,0.34010999999999997
12.603,10.675798,5.595,0.00227,0.029016999999999998,0.332495,0.0065655,0.06056,0.07933899999999999,0.00836,0.06587,0.1162,0.021589999999999998,0.09762,0.0,0.013666000000000001,0.048988500000000004,0.354785
12.612,10.684798,5.845,0.0024609999999999996,0.0304395,0.34686500000000003,0.006835,0.062635,0.0820785,0.008721,0.068005,0.11983500000000001,0.022937,0.10303549999999999,0.0,0.014446,0.051325499999999996,0.370615
12.62,10.692798,6.045,0.002664,0.031461,0.358915,0.0070945,0.064585,0.08442050000000001,0.0090785,0.069935,0.12285,0.023871,0.10746649999999999,0.0,0.015119,0.052964000000000004,0.38214499999999996
12.628,10.700798,6.26,0.00288,0.032531000000000004,0.37216000000000005,0.0073805,0.06669,0.0871645,0.009471,0.072015,0.12649,0.024883000000000002,0.11192650000000001,0.0,0.01584,0.054851000000000004,0.39552999999999994
12.636,10.708798,6.49,0.0031100000000000004,0.0336525,0.38649,0.007691,0.06892499999999999,0.0903175,0.009897,0.074225,0.13070500000000002,0.0259725,0.11643600000000001,0.0,0.016614499999999997,0.0570035,0.410845
12.645,10.717798,6.735,0.0033605,0.0347965,0.40151500000000007,0.0080245,0.07128999999999999,0.09376000000000001,0.010343,0.076565,0.135355,0.027097000000000003,0.12099449999999998,0.0,0.017444,0.0592805,0.427345
12.653,10.725798000000001,6.97,0.0036285,0.0358925,0.41606,0.0083565,0.07361500000000001,0.097065,0.010794999999999999,0.078815,0.13979999999999998,0.0281265,0.1253845,0.0,0.0182675,0.0614625,0.442885
12.661,10.733798,7.3,0.003888,0.0382225,0.437875,0.008649500000000001,0.07637,0.10095,0.01122,0.08159,0.14513500000000001,0.029728499999999998,0.1326245,0.0,0.019521999999999998,0.0641765,0.46138999999999997
12.67,10.742798,7.395,0.0039895,0.03844,0.447665,0.008812500000000001,0.078235,0.102565,0.011460000000000001,0.083365,0.14704,0.0300805,0.13196200000000002,0.0,0.0198915,0.0650455,0.469175
12.678,10.750798000000001,7.35,0.004151499999999999,0.036418000000000006,0.44540500000000005,0.0091535,0.08113000000000001,0.10337,0.01196,0.08612500000000001,0.14811,0.0293635,0.12652650000000001,0.0,0.019462,0.0643805,0.476935
12.686,10.758798,7.48,0.004441,0.036118500000000005,0.45124,0.0095685,0.0843,0.10603499999999999,0.012625,0.08919,0.15208,0.029592,0.126278,0.0,0.0198905,0.06583449999999999,0.49127
12.695,10.767798,7.845,0.0047745,0.0372125,0.478235,0.010270000000000001,0.089745,0.111525,0.013635,0.09464,0.160225,0.0308,0.1308425,0.0,0.0207,0.0687835,0.5197499999999999
12.703,10.775798,8.08,0.0051175,0.038205,0.493785,0.010545,0.092705,0.115445,0.01413,0.09749000000000001,0.166365,0.0316415,0.1341275,0.0,0.02123,0.07089799999999999,0.537105
12.711,10.783798,8.145,0.005399,0.038343999999999996,0.500885,0.0106,0.093695,0.116425,0.014365,0.09829500000000001,0.16808,0.03147300000000001,0.1349715,0.0,0.02125,0.071724,0.5384099999999999
12.72,10.792798000000001,8.18,0.0056325,0.038261,0.50685,0.010585,0.093775,0.11730000000000002,0.0146,0.098205,0.16968499999999997,0.031192499999999998,0.1351745,0.0,0.02113,0.07235649999999999,0.536405
12.728,10.800798,8.435,0.0058165000000000005,0.038141999999999995,0.52624,0.010624999999999999,0.09853500000000001,0.12182499999999999,0.014960000000000001,0.10355500000000001,0.17768499999999998,0.032711000000000004,0.13626549999999998,0.0,0.02107,0.07348,0.5575950000000001
12.736,10.808798000000001,8.625,0.005984,0.038071499999999994,0.539875,0.010915000000000001,0.100075,0.126835,0.015604999999999999,0.105105,0.18583499999999997,0.0333625,0.13681,0.0,0.021405,0.07451,0.571935
12.744,10.816798,8.695,0.0060999999999999995,0.037873,0.5483149999999999,0.011009999999999999,0.1011,0.12985,0.01604,0.10595500000000001,0.19079000000000002,0.032917499999999995,0.1364145,0.0,0.02155,0.075155,0.5723400000000001
12.753,10.825798,8.505,0.006051,0.036683499999999994,0.5333349999999999,0.010795,0.098925,0.128235,0.01573,0.10347500000000001,0.188515,0.031571499999999995,0.13296650000000002,0.0,0.021085000000000003,0.07330400000000001,0.556115
12.761,10.833798,8.03,0.005954000000000001,0.034717,0.500605,0.01053,0.09242,0.120265,0.01542,0.096275,0.176355,0.029619999999999997,0.1261405,0.0,0.02053,0.069472,0.5215949999999999
12.769,10.841798,7.67,0.005818,0.032946500000000004,0.47612,0.010360000000000001,0.08803,0.11457,0.015269999999999999,0.09144,0.167885,0.028092000000000002,0.120391,0.0,0.020018,0.0663835,0.49432
12.778,10.850798000000001,7.37,0.005584,0.0310915,0.455155,0.01023,0.08540999999999999,0.11010500000000001,0.015085000000000001,0.088655,0.16166999999999998,0.0266155,0.114978,0.0,0.019432500000000002,0.06297,0.473855
12.786,10.858798,7.065,0.0052275,0.028999,0.434285,0.010065000000000001,0.08308499999999999,0.10603499999999999,0.014775,0.08624,0.15613,0.025107499999999998,0.10938850000000001,0.0,0.0186685,0.0592305,0.45273500000000005
12.794,10.866798000000001,6.765,0.0047605,0.026785999999999997,0.41568,0.0099175,0.080905,0.1021,0.014435,0.083995,0.15067,0.0235165,0.1042435,0.0,0.017756,0.055478,0.43044499999999997
12.803,10.875798000000001,6.645,0.0043575,0.025086999999999998,0.405445,0.010419999999999999,0.08083499999999999,0.10249499999999999,0.01473,0.083845,0.15191500000000002,0.022410999999999997,0.10147400000000001,0.0,0.018022,0.052652,0.421655
12.811,10.883798,6.565,0.004382499999999999,0.0245305,0.40504,0.01038,0.08038000000000001,0.100805,0.01474,0.08331,0.149515,0.0216755,0.1003395,0.0,0.0175595,0.05174499999999999,0.41284000000000004
12.819,10.891798000000001,6.585,0.004484999999999999,0.024375499999999998,0.40886500000000003,0.01057,0.081155,0.10120000000000001,0.014985,0.08399000000000001,0.150255,0.021267,0.100385,0.0,0.01769,0.0516305,0.41174
12.828,10.900798,6.695,0.004626,0.024543000000000002,0.415485,0.011035,0.08309,0.10333500000000001,0.01559,0.08585000000000001,0.15367,0.0210555,0.10161,0.0,0.01851,0.052152000000000004,0.4165
12.836,10.908798,6.785,0.00481,0.0248215,0.422275,0.01141,0.083995,0.10526,0.01607,0.086675,0.15671000000000002,0.020873500000000003,0.10282150000000001,0.0,0.019164,0.05291,0.42082
12.844,10.916798,6.8,0.005036,0.0250675,0.428245,0.01151,0.082955,0.10626,0.016165,0.085495,0.15822999999999998,0.020665499999999996,0.103299,0.0,0.019255500000000002,0.0537415,0.422125
12.852,10.924798000000001,6.885,0.005267,0.025431999999999996,0.43557999999999997,0.011785,0.08349000000000001,0.10819999999999999,0.01653,0.08593,0.16128,0.020530999999999997,0.1043935,0.0,0.0198345,0.054873,0.42666000000000004
12.861,10.933798000000001,6.94,0.0054515,0.025606999999999998,0.439675,0.01202,0.08366499999999999,0.10966999999999999,0.01686,0.08599000000000001,0.163725,0.020323,0.1050075,0.0,0.020365,0.0557095,0.429225
12.869,10.941798,6.935,0.0055785,0.02552,0.44010000000000005,0.012115,0.08315,0.11005,0.01703,0.08532000000000001,0.16455,0.020011499999999998,0.10480300000000001,0.0,0.02073,0.05604999999999999,0.428145
12.877,10.949798000000001,6.9,0.005657,0.025325999999999998,0.43789,0.012055,0.082415,0.109075,0.01703,0.084395,0.16321000000000002,0.019879499999999994,0.1040035,0.0,0.020925000000000003,0.0558825,0.42687
12.886,10.958798,6.87,0.0057090000000000005,0.0250605,0.43629999999999997,0.011945,0.08182,0.107925,0.01697,0.08360000000000001,0.161435,0.019841499999999998,0.10322700000000001,0.0,0.020955,0.05563,0.42552
12.894,10.966798,6.835,0.005725,0.024724500000000003,0.43416,0.011734999999999999,0.081155,0.106475,0.016765000000000002,0.08277,0.15913500000000003,0.0197825,0.10231100000000001,0.0,0.0208,0.05517949999999999,0.422745
12.902,10.974798,6.75,0.0057075,0.024298,0.430115,0.01145,0.08009,0.10456000000000001,0.01644,0.081555,0.156135,0.019599,0.10100200000000001,0.0,0.020505000000000002,0.054485,0.416505
12.911,10.983798,6.61,0.005661,0.0237775,0.42383,0.011120000000000001,0.078525,0.10208500000000001,0.016024999999999998,0.07986499999999999,0.15234,0.019282,0.0992855,0.0,0.020018,0.053434499999999996,0.40666499999999994
12.919,10.991798000000001,6.44,0.005582,0.023147,0.41556000000000004,0.010735,0.07669000000000001,0.0988,0.015525,0.07789,0.14741,0.018906000000000003,0.09709549999999999,0.0,0.019247,0.0520335,0.395095
12.927,10.999798,6.255,0.0054895,0.022463499999999997,0.40639000000000003,0.01034,0.0748,0.094965,0.015005000000000001,0.07588500000000001,0.141615,0.0185395,0.09448999999999999,0.0,0.018356499999999998,0.0505185,0.38312
12.936,11.008798,6.05,0.0053955,0.021765,0.396285,0.009936500000000001,0.072795,0.09062,0.014465,0.073745,0.135005,0.018185000000000003,0.0915895,0.0,0.017396,0.048913,0.370755
12.944,11.016798000000001,5.85,0.0053085,0.0210895,0.385545,0.00955,0.070885,0.085905,0.01398,0.07170000000000001,0.127825,0.017871,0.08877800000000001,0.0,0.016394,0.047428500000000005,0.358945
12.952,11.024798,5.54,0.0050685,0.019938,0.36739999999999995,0.009106,0.06747,0.07878300000000002,0.013085,0.06815500000000001,0.11748,0.017188,0.08470249999999999,0.0,0.01497,0.04486,0.34036
12.96,11.032798000000001,5.395,0.0049134999999999995,0.019379,0.35649,0.0088395,0.06587,0.07508200000000001,0.012385,0.066455,0.112295,0.0169155,0.083469,0.0,0.014251,0.0436035,0.33000500000000005
12.969,11.041798,5.32,0.004816999999999999,0.019043499999999998,0.346715,0.0086785,0.06512000000000001,0.072717,0.01186,0.065585,0.10910500000000001,0.016846,0.08356699999999999,0.0,0.013777,0.042816,0.323625
12.977,11.049798000000001,5.22,0.0047279999999999996,0.0186015,0.33100999999999997,0.008541,0.06401,0.0697115,0.011300000000000001,0.064305,0.10502,0.016728,0.083757,0.0,0.0131635,0.041683000000000005,0.3161
12.985,11.057798,5.32,0.004576499999999999,0.018747,0.33238999999999996,0.008702999999999999,0.0655,0.069022,0.011275,0.06575,0.104605,0.017432999999999997,0.088198,0.0,0.012445499999999998,0.041598,0.320975
12.994,11.066798,5.485,0.004534,0.019398,0.33332,0.008825,0.06675,0.06872,0.011155,0.06675500000000001,0.10450000000000001,0.018299,0.09455050000000001,0.0,0.0121225,0.04266400000000001,0.33108
13.002,11.074798000000001,5.27,0.004438,0.018338,0.30476000000000003,0.0086315,0.064705,0.06426950000000001,0.01057,0.06420999999999999,0.09833,0.017543499999999997,0.090655,0.0,0.011536000000000001,0.041105,0.319875
13.01,11.082798,5.16,0.0044925,0.0177035,0.28128,0.008632,0.06392,0.061770000000000005,0.010374999999999999,0.06287,0.0950635,0.017115,0.08911550000000001,0.0,0.011147,0.0401795,0.31482499999999997
13.019,11.091798,5.15,0.0046045,0.017390999999999997,0.267965,0.00875,0.064,0.0610075,0.010325,0.062515,0.0944285,0.016952000000000002,0.089359,0.0,0.01092,0.039787499999999996,0.31522000000000006
13.027,11.099798,5.185,0.004741,0.017226500000000002,0.258565,0.0089445,0.06454,0.061062000000000005,0.010335,0.06262000000000001,0.0950845,0.0168655,0.090167,0.0,0.0107735,0.039619,0.31808000000000003
13.035,11.107798,5.225,0.004949,0.017185000000000002,0.25127,0.009195,0.06521,0.061253999999999996,0.010360000000000001,0.062855,0.0960335,0.016796,0.091078,0.0,0.010740999999999999,0.039492,0.32071999999999995
13.044,11.116798000000001,5.205,0.005170000000000001,0.0168775,0.24274999999999997,0.0089775,0.065475,0.06052249999999999,0.010165,0.06273000000000001,0.09523000000000001,0.0163525,0.09047649999999999,0.0,0.0106655,0.038831000000000004,0.31658000000000003
13.052,11.124798,5.245,0.005387000000000001,0.016828000000000003,0.23960499999999996,0.008250500000000001,0.06679,0.059617,0.010025,0.06353500000000001,0.0937,0.016065,0.0917765,0.0,0.0106935,0.038347,0.311075
13.06,11.132798000000001,5.265,0.0054915,0.0164985,0.23184499999999997,0.008075,0.06963,0.0596305,0.010360000000000001,0.06576499999999999,0.094133,0.0159195,0.0893885,0.0,0.0103335,0.037309999999999996,0.31028
13.068,11.140798,5.495,0.005638,0.016978499999999997,0.23449,0.0082045,0.074605,0.06092500000000001,0.011224999999999999,0.069965,0.096519,0.0164525,0.0928535,0.0,0.010208,0.037969,0.32177
13.077,11.149798,5.825,0.0059775,0.017769,0.24022,0.008567499999999999,0.081025,0.0632815,0.01287,0.075375,0.1003415,0.017343499999999998,0.0985305,0.0,0.010158499999999999,0.039348499999999995,0.339545
13.085,11.157798000000001,6.16,0.0063844999999999996,0.018336500000000002,0.24615499999999998,0.008989,0.08807499999999999,0.066444,0.01463,0.08135,0.105295,0.01836,0.10337299999999999,0.0,0.01016,0.04082,0.35817499999999997
13.093,11.165798,6.385,0.006653,0.018415,0.250845,0.009143499999999999,0.09339499999999999,0.06957450000000001,0.01533,0.085675,0.10988,0.0192105,0.1059085,0.0,0.010156,0.041554499999999994,0.37132
13.102,11.174798000000001,6.585,0.0069795000000000005,0.018703,0.25654999999999994,0.009201,0.09717,0.072795,0.01584,0.088145,0.11386500000000001,0.0196785,0.1106515,0.0,0.009973,0.04181,0.38168
13.11,11.182798,6.395,0.0071565,0.0184005,0.25183,0.009221,0.09201999999999999,0.0721765,0.01583,0.083115,0.112665,0.019148,0.10633949999999999,0.0,0.0098125,0.04104150000000001,0.37629500000000005
13.118,11.190798000000001,6.375,0.0074745,0.018399,0.251455,0.0092835,0.09005,0.0730315,0.01583,0.08080999999999999,0.113495,0.0189035,0.10631600000000001,0.0,0.0098165,0.0405745,0.37692499999999995
13.127,11.199798000000001,6.425,0.007836000000000001,0.018532,0.25304499999999996,0.0094055,0.08875999999999999,0.0747035,0.01602,0.07916000000000001,0.11565,0.0188765,0.1069505,0.0,0.009998,0.040606500000000004,0.38126000000000004
13.135,11.207798,6.48,0.0081915,0.018684999999999997,0.255335,0.0095785,0.087445,0.07663600000000001,0.016315,0.07755,0.11831,0.018896,0.107505,0.0,0.010214,0.040836,0.38716
13.143,11.215798000000001,6.515,0.008545500000000001,0.0188105,0.2575,0.009803,0.08588499999999999,0.07826249999999998,0.016625,0.07577,0.12058000000000002,0.018825,0.1077145,0.0,0.010417500000000001,0.040992,0.39324
13.152,11.224798,6.545,0.008928499999999999,0.0189795,0.260435,0.010073499999999999,0.08429,0.0798015,0.01697,0.07395499999999999,0.122735,0.018709499999999997,0.1080885,0.0,0.010657,0.041165,0.39978
13.16,11.232798,6.565,0.0093235,0.0191615,0.26399999999999996,0.01032,0.082535,0.081054,0.017294999999999998,0.07205500000000001,0.12442500000000001,0.018530500000000002,0.10820199999999999,0.0,0.0108775,0.041354,0.406025
13.168,11.240798,6.5,0.0095895,0.0190945,0.26229,0.01046,0.080035,0.08101549999999999,0.017480000000000002,0.06965,0.12437000000000001,0.018179999999999998,0.1069765,0.0,0.011049,0.041293,0.408315
13.176,11.248798,6.455,0.0099905,0.019050499999999998,0.25701999999999997,0.010794999999999999,0.077975,0.08135700000000001,0.017849999999999998,0.067765,0.125145,0.018011,0.10532150000000001,0.0,0.0113825,0.041469,0.41072499999999995
13.185,11.257798000000001,6.47,0.010578999999999998,0.019167999999999998,0.253725,0.01141,0.07677,0.082506,0.0184,0.066775,0.127435,0.018194000000000002,0.104018,0.0,0.011876999999999999,0.04195199999999999,0.414595
13.193,11.265798,6.785,0.011977999999999999,0.0201725,0.27078,0.012605,0.080505,0.0872435,0.01978,0.06958,0.13391999999999998,0.019739,0.105707,0.0,0.0133735,0.044608,0.430775
13.201,11.273798000000001,7.2,0.0139495,0.0218365,0.28308999999999995,0.013989999999999999,0.085155,0.09428,0.021304999999999998,0.07324,0.14397,0.022062000000000002,0.10979599999999999,0.0,0.015039,0.048155500000000004,0.4521299999999999
13.21,11.282798000000001,7.8,0.016874999999999998,0.024451,0.30244000000000004,0.01568,0.09213500000000001,0.10464000000000001,0.023129999999999998,0.07864499999999999,0.158795,0.0255815,0.11677099999999999,0.0,0.0172145,0.05311250000000001,0.48213500000000004
13.218,11.290798,8.13,0.0186265,0.0261645,0.316905,0.016864999999999998,0.09292500000000001,0.11072000000000001,0.0245,0.079125,0.168255,0.027551500000000003,0.12145750000000001,0.0,0.0181535,0.0568465,0.50347
13.226,11.298798000000001,8.44,0.02033,0.027843,0.332895,0.01829,0.09227,0.11710000000000001,0.026125000000000002,0.07835500000000001,0.17847000000000002,0.0295525,0.126047,0.0,0.0194055,0.0607605,0.526655
13.235,11.307798,8.8,0.02198,0.029459,0.35233500000000006,0.019225,0.09287000000000001,0.12213,0.027625,0.07875,0.18578,0.031716499999999995,0.13286749999999997,0.0,0.020290000000000002,0.0649555,0.542715
13.243,11.315798000000001,9.45,0.024115,0.032472,0.38046,0.021394999999999997,0.096775,0.13282500000000003,0.030905000000000002,0.08196,0.20170500000000002,0.0346855,0.14655200000000002,0.0,0.02212,0.072275,0.58494
13.251,11.323798,9.77,0.025535,0.03445,0.3966,0.02162,0.095865,0.13546,0.030535,0.081655,0.20601,0.037048500000000005,0.15400049999999998,0.0,0.023595,0.074845,0.591245
13.26,11.332798,10.165,0.02704,0.037278000000000006,0.41750499999999996,0.022685,0.09393,0.14056000000000002,0.031880000000000006,0.080425,0.21376,0.0394415,0.16279349999999998,0.0,0.025535000000000002,0.07955000000000001,0.60992
13.268,11.340798000000001,10.285,0.026924999999999998,0.038586499999999996,0.42213,0.023785,0.089225,0.14178000000000002,0.03282,0.077125,0.217385,0.040106,0.16904849999999996,0.0,0.026529999999999998,0.08089,0.615645
13.276,11.348798,10.265,0.025785000000000002,0.039261000000000004,0.41942500000000005,0.024385,0.0851,0.14171499999999998,0.033104999999999996,0.07441500000000001,0.219285,0.039122000000000004,0.17446049999999996,0.0,0.02658,0.08019499999999999,0.6145200000000001
13.284,11.356798000000001,10.17,0.02385,0.03936099999999999,0.412005,0.02471,0.08302499999999999,0.14112,0.032765,0.073795,0.22143500000000002,0.03672,0.18120150000000002,0.0,0.02561,0.077305,0.6094200000000001
13.293,11.365798,10.555,0.02567,0.0410205,0.427815,0.02529,0.08576500000000001,0.14336,0.033159999999999995,0.077815,0.22826999999999997,0.039062,0.190191,0.0,0.026835,0.08044499999999999,0.62391
13.301,11.373798,10.81,0.02777,0.042662000000000005,0.43776499999999996,0.02547,0.0857,0.145445,0.033240000000000006,0.077815,0.23291,0.041545,0.1948615,0.0,0.028765,0.083755,0.6286550000000001
13.309,11.381798,10.985,0.02862,0.043836,0.44324500000000006,0.025820000000000003,0.08484,0.14545999999999998,0.033350000000000005,0.077185,0.23452,0.04291,0.20021799999999998,0.0,0.030295,0.08594500000000001,0.629815
13.318,11.390798,11.105,0.028679999999999997,0.04489099999999999,0.44873999999999997,0.026860000000000002,0.083185,0.14553,0.03415,0.07566500000000001,0.236165,0.043895,0.20516499999999996,0.0,0.031765,0.08790500000000001,0.63212
13.326,11.398798000000001,11.22,0.028464999999999997,0.0460065,0.45736,0.027880000000000002,0.08088999999999999,0.14588,0.03493,0.07352,0.23795,0.044785,0.210405,0.0,0.033135000000000005,0.090215,0.63569
13.334,11.406798,11.47,0.0287,0.0474465,0.47306,0.02889,0.079605,0.14771499999999999,0.035725,0.07238499999999999,0.241965,0.046285,0.217175,0.0,0.03467,0.09357,0.649205
13.343,11.415798,12.31,0.03039,0.0495975,0.5069950000000001,0.029965,0.08163,0.15082,0.036745,0.074385,0.24799000000000002,0.052164999999999996,0.22903500000000002,0.0,0.038239999999999996,0.10182999999999999,0.6978700000000001
13.351,11.423798000000001,12.26,0.029904999999999998,0.049921499999999994,0.5032,0.030254999999999997,0.08054,0.147535,0.036525,0.073655,0.24374999999999997,0.052705,0.229345,0.0,0.038285,0.10381499999999999,0.686445
13.359,11.431798,12.285,0.0296,0.0501675,0.49715,0.030785,0.079235,0.14470499999999997,0.036455,0.07281,0.24015999999999998,0.052805,0.23677499999999999,0.0,0.03851,0.10641,0.6749149999999998
13.368,11.440798000000001,12.185,0.029074999999999997,0.0505485,0.49277499999999996,0.031129999999999998,0.07750499999999999,0.14192499999999997,0.0365,0.07157,0.236155,0.052950000000000004,0.23665000000000003,0.0,0.03862,0.10804,0.658495
13.376,11.448798,12.095,0.028624999999999998,0.050913,0.4886,0.03109,0.075625,0.138905,0.036275,0.0701,0.23139500000000002,0.053015,0.236625,0.0,0.038599999999999995,0.109685,0.64169
13.384,11.456798000000001,12.055,0.028304999999999997,0.0510795,0.48648499999999995,0.030524999999999997,0.074125,0.13563,0.035705,0.06878000000000001,0.225765,0.053215000000000005,0.23600500000000002,0.0,0.038655,0.111675,0.62922
13.392,11.464798,12.005,0.02783,0.050955,0.484235,0.030254999999999997,0.073035,0.133345,0.03519,0.067815,0.22191,0.05376000000000001,0.23336,0.0,0.03854,0.112925,0.6234999999999999
13.401,11.473798,11.98,0.02742,0.050723500000000005,0.484885,0.03018,0.07286999999999999,0.132015,0.034765000000000004,0.06762499999999999,0.219355,0.054825,0.22973,0.0,0.038439999999999995,0.11427000000000001,0.621095
13.409,11.481798000000001,12.115,0.027519999999999996,0.0509745,0.49129999999999996,0.03042,0.07372000000000001,0.1322,0.03455,0.068315,0.21925,0.056865,0.22865500000000002,0.0,0.038974999999999996,0.11757000000000001,0.6259699999999999
13.417,11.489798,12.47,0.02828,0.052013000000000004,0.50604,0.031010000000000003,0.075455,0.134085,0.03469,0.06981499999999999,0.221985,0.06035,0.23142000000000001,0.0,0.040325,0.12343499999999999,0.64002
13.426,11.498798,13.02,0.02954,0.053706500000000004,0.52822,0.031869999999999996,0.07899,0.138575,0.03522,0.072745,0.229045,0.06504499999999999,0.23645499999999997,0.0,0.04209500000000001,0.131065,0.66188
13.434,11.506798,13.015,0.03011,0.0545205,0.529295,0.031985,0.07506499999999999,0.13689,0.035155,0.07011999999999999,0.22706500000000002,0.066675,0.23395000000000002,0.0,0.0429,0.13198000000000001,0.6444449999999999
13.442,11.514798,12.985,0.030045,0.054790500000000006,0.5373950000000001,0.031689999999999996,0.072615,0.13547499999999998,0.03508,0.06851,0.22425,0.06901000000000002,0.23133,0.0,0.042945,0.13233999999999999,0.628595
13.451,11.523798000000001,13.13,0.030225000000000002,0.055829,0.546265,0.03201,0.07168,0.136585,0.035750000000000004,0.068275,0.225925,0.07082999999999999,0.235225,0.0,0.043910000000000005,0.135925,0.6253900000000001
13.459,11.531798,13.375,0.03048,0.057097999999999996,0.561745,0.032355,0.071895,0.13904,0.03684,0.06884,0.22972,0.07273,0.24159999999999998,0.0,0.044775,0.139325,0.6259899999999999
13.467,11.539798000000001,13.72,0.030895,0.0582345,0.58568,0.03277,0.07256499999999999,0.14178000000000002,0.037925,0.069655,0.23373500000000003,0.075655,0.25063,0.0,0.045939999999999995,0.14322000000000001,0.630055
13.476,11.548798000000001,14.245,0.031705,0.059996,0.61426,0.033315,0.07355,0.14709999999999998,0.038889999999999994,0.070735,0.2419,0.079405,0.26466999999999996,0.0,0.047945,0.14758,0.647205
13.484,11.556798,14.775,0.033175,0.06193,0.6403899999999999,0.034085000000000004,0.073605,0.153135,0.039474999999999996,0.071335,0.251715,0.083805,0.27480000000000004,0.0,0.050785,0.15085500000000002,0.671775
13.492,11.564798000000001,14.735,0.03318,0.06266949999999999,0.6479900000000001,0.03387999999999999,0.07319999999999999,0.15564499999999998,0.039665,0.07119500000000001,0.25479999999999997,0.08414999999999999,0.27593,0.0,0.050505,0.15018499999999999,0.6628050000000001
13.5,11.572798,14.545,0.033,0.063081,0.638745,0.03363,0.07153999999999999,0.154455,0.039245,0.07006000000000001,0.25246,0.08447,0.27461,0.0,0.0493,0.14854499999999998,0.6442950000000001
13.509,11.581798000000001,14.55,0.033214999999999995,0.06363250000000001,0.6394150000000001,0.033895,0.07067,0.156005,0.039275000000000004,0.06975,0.25452,0.086245,0.27463000000000004,0.0,0.048725000000000004,0.148985,0.636755
13.517,11.589798,14.495,0.033639999999999996,0.064055,0.634925,0.03436,0.06875999999999999,0.156725,0.03918,0.0679,0.25598,0.08823,0.27181,0.0,0.048895,0.149835,0.6302399999999999
13.525,11.597798000000001,14.67,0.034515000000000004,0.06522,0.641215,0.0349,0.068135,0.159945,0.039135,0.06761,0.261845,0.090515,0.27246,0.0,0.049264999999999996,0.15156,0.63519
13.534,11.606798000000001,15.175,0.036605,0.06786,0.666365,0.035775,0.06861,0.16624,0.039470000000000005,0.068345,0.27251,0.09351999999999999,0.276695,0.0,0.050185,0.15566000000000002,0.654725
13.542,11.614798,15.125,0.036555000000000004,0.06748499999999999,0.66518,0.035555,0.06791,0.16536,0.039099999999999996,0.06788,0.27104,0.09367999999999999,0.272325,0.0,0.049405000000000004,0.156075,0.6415649999999999
13.55,11.622798000000001,14.9,0.03648,0.065835,0.65598,0.035275,0.06688000000000001,0.15984,0.038595000000000004,0.06722500000000001,0.26278999999999997,0.093665,0.2643,0.0,0.04816,0.15513,0.62692
13.559,11.631798,14.49,0.035745,0.063605,0.63959,0.034949999999999995,0.06553,0.15322999999999998,0.037885,0.06649,0.25265000000000004,0.09286,0.25595,0.0,0.047485,0.15414,0.60967
13.567,11.639798,14.03,0.034824999999999995,0.061377499999999995,0.6212949999999999,0.03437,0.06384999999999999,0.147105,0.036985000000000004,0.065365,0.2429,0.09127500000000001,0.24927,0.0,0.04664,0.15187499999999998,0.5892400000000001
13.575,11.647798,13.6,0.034085000000000004,0.059668,0.60471,0.03364,0.062045,0.142875,0.036309999999999995,0.06377,0.23606,0.088985,0.24551,0.0,0.045975,0.14958000000000002,0.56886
13.584,11.656798,13.41,0.034005,0.0588295,0.59926,0.0332,0.060965,0.14265,0.036180000000000004,0.06271499999999999,0.23552500000000004,0.087495,0.24525000000000002,0.0,0.04581,0.14951499999999998,0.55772
13.592,11.664798000000001,13.46,0.034445,0.0586945,0.606575,0.03321,0.06082,0.145595,0.036475,0.06254,0.240045,0.087605,0.24749,0.0,0.04635,0.15148,0.5568599999999999
13.6,11.672798,13.775,0.03703,0.059796999999999996,0.6232,0.03342,0.061560000000000004,0.1529,0.03695,0.062935,0.25118999999999997,0.08854000000000001,0.2529,0.0,0.048095,0.15581499999999998,0.5701
13.608,11.680798000000001,13.435,0.034565,0.058219,0.6143099999999999,0.03274,0.06021,0.147055,0.03665,0.06169,0.24292,0.08699,0.24895499999999998,0.0,0.0466,0.154885,0.5516650000000001
13.617,11.689798000000001,13.17,0.033639999999999996,0.0575335,0.6064,0.031955,0.05885,0.14443499999999998,0.03604,0.06015,0.23854,0.084895,0.24598,0.0,0.04609,0.15435500000000002,0.5401
13.625,11.697798,12.86,0.03269,0.0569215,0.59393,0.03102,0.05721,0.14122,0.035015000000000004,0.058215,0.2332,0.08231000000000001,0.24133,0.0,0.04542499999999999,0.15319,0.529815
13.633,11.705798,12.445,0.031425,0.056079,0.576485,0.030005,0.055355,0.137585,0.0338,0.05595,0.226825,0.079345,0.234575,0.0,0.044125,0.15040499999999998,0.514595
13.642,11.714798,11.88,0.029685,0.0549505,0.55155,0.02895,0.05299,0.13277,0.032445,0.05328,0.218285,0.075915,0.22553,0.0,0.042175,0.14617000000000002,0.49236
13.65,11.722798000000001,11.275,0.027925,0.053924,0.524495,0.027865,0.050245,0.127455,0.031030000000000002,0.050305,0.209185,0.0723,0.21591,0.0,0.03997,0.14148500000000003,0.4684
13.658,11.730798,10.735,0.026529999999999998,0.0529405,0.50148,0.026725,0.047354999999999994,0.12285499999999999,0.029275000000000002,0.047380000000000005,0.20177,0.06928,0.20653,0.0,0.03794,0.13669,0.448095
13.667,11.739798,10.405,0.025615000000000002,0.05218249999999999,0.48955499999999996,0.025665,0.04537,0.120965,0.02786,0.045225,0.19937000000000002,0.06728,0.20011,0.0,0.0365,0.13366,0.43682
13.675,11.747798000000001,10.3,0.025145,0.052250000000000005,0.48846999999999996,0.02515,0.04436,0.12175000000000001,0.02736,0.04397,0.2016,0.066485,0.197875,0.0,0.03584,0.13391499999999998,0.43398500000000007
13.683,11.755798,10.3,0.025025000000000002,0.052688,0.492155,0.025065,0.04388,0.12297,0.02706,0.04347,0.203345,0.066135,0.19819,0.0,0.035615,0.135755,0.43661999999999995
13.692,11.764798,10.18,0.024815000000000004,0.0528205,0.48917,0.02481,0.042855,0.12147000000000001,0.02659,0.04241,0.200925,0.0652,0.19678999999999996,0.0,0.035239999999999994,0.136525,0.433725
13.7,11.772798,10.06,0.024775,0.053173,0.486615,0.024605000000000002,0.04178,0.12023,0.02615,0.041299999999999996,0.19913999999999998,0.06440000000000001,0.19527000000000003,0.0,0.035035,0.13684000000000002,0.43025500000000005
13.708,11.780798,9.78,0.02427,0.05291200000000001,0.475795,0.02398,0.039785,0.11569499999999999,0.025320000000000002,0.03949,0.192275,0.063085,0.190985,0.0,0.034145,0.13516,0.41968999999999995
13.716,11.788798,9.385,0.023285,0.052008,0.45808000000000004,0.023115,0.03720999999999999,0.108295,0.024235,0.037225,0.18109000000000003,0.06141,0.184835,0.0,0.032765,0.132185,0.40285000000000004
13.725,11.797798,8.99,0.022105,0.05093399999999999,0.4397,0.022295000000000002,0.034659999999999996,0.10042499999999999,0.02317,0.03499,0.16932,0.059865,0.178455,0.0,0.03131,0.129305,0.38532500000000003
13.733,11.805798000000001,8.57,0.02065,0.049372,0.41926,0.021385,0.03215,0.09229000000000001,0.02221,0.032744999999999996,0.157015,0.05831,0.171875,0.0,0.02966,0.12611,0.36392
13.741,11.813798,8.285,0.019632,0.048157,0.407315,0.020825,0.0305475,0.087655,0.021405,0.031219999999999998,0.14998,0.057100000000000005,0.16700499999999996,0.0,0.028615,0.12401000000000001,0.348565
13.75,11.822798,8.16,0.019078499999999998,0.04748,0.4064,0.020605,0.029844,0.085915,0.020865,0.030501,0.147445,0.05657,0.164735,0.0,0.02835,0.12379000000000001,0.340255
13.758,11.830798,8.1,0.01873,0.046911499999999995,0.40931000000000006,0.020455,0.0295845,0.08522,0.02047,0.030161,0.14637,0.05642,0.1637,0.0,0.02867,0.12463000000000002,0.33444500000000005
13.766,11.838798,7.83,0.018045,0.045952,0.396045,0.01981,0.0281745,0.0821675,0.01961,0.028698500000000002,0.141515,0.055040000000000006,0.157305,0.0,0.027839999999999997,0.12178,0.3217
13.775,11.847798000000001,7.355,0.01691,0.0444915,0.36496500000000004,0.01855,0.026499,0.076041,0.01809,0.026961000000000002,0.1318,0.05201,0.1465175,0.0,0.025034999999999998,0.11436,0.30325499999999994
13.783,11.855798,7.02,0.016116500000000002,0.043423,0.345835,0.017755,0.025268,0.0718985,0.017079999999999998,0.025629,0.1252,0.049855,0.139763,0.0,0.023780000000000003,0.10997000000000001,0.290195
13.791,11.863798000000001,6.675,0.0152815,0.042332,0.32930499999999996,0.016925,0.023974,0.06776299999999999,0.016115,0.0241555,0.11835999999999999,0.047939999999999997,0.1338785,0.0,0.022619999999999998,0.10597000000000001,0.27687
13.8,11.872798000000001,6.09,0.0137395,0.040332,0.28815,0.015300000000000001,0.021666,0.0604965,0.01443,0.021738,0.106575,0.0437275,0.1226745,0.0,0.020582,0.09927,0.25616500000000003
13.808,11.880798,5.515,0.01223,0.038272,0.25034,0.01372,0.019297,0.0535645,0.01286,0.0191595,0.0952,0.039607,0.11225700000000001,0.0,0.018631500000000002,0.092925,0.23526000000000002
13.816,11.888798000000001,5.05,0.011049,0.036552,0.22092,0.012369999999999999,0.016901,0.0479635,0.01158,0.016711499999999997,0.08594500000000001,0.0364685,0.10377249999999999,0.0,0.01696,0.087885,0.21629500000000002
13.824,11.896798,4.68,0.010158,0.035262,0.198665,0.011265,0.014894000000000001,0.043649,0.010624999999999999,0.014716,0.0787,0.0340285,0.097979,0.0,0.0157855,0.083875,0.200235
13.833,11.905798,4.3325,0.0093405,0.03397650000000001,0.17955499999999996,0.010255,0.013167,0.0398305,0.009819999999999999,0.013006499999999999,0.072115,0.0317195,0.09307149999999999,0.0,0.0148205,0.07956,0.184295
13.841,11.913798,4.009,0.008497000000000001,0.03204,0.164375,0.009325,0.0119595,0.036727,0.009129499999999999,0.0117535,0.0665415,0.029384,0.08745250000000002,0.0,0.013883,0.0743,0.1692155
13.849,11.921798,3.727,0.007789,0.029971499999999998,0.151524,0.008487999999999999,0.011001,0.0340545,0.008552500000000001,0.0107195,0.061836,0.0271805,0.082248,0.0,0.0130435,0.0693255,0.156811
13.858,11.930798000000001,3.4705,0.0071505,0.027854,0.140516,0.0077245000000000005,0.010164,0.0317205,0.007994500000000002,0.0097905,0.0577515,0.025162999999999998,0.07721049999999999,0.0,0.012333,0.0645835,0.145731
13.866,11.938798,3.274,0.0066445,0.0258515,0.13317,0.007098,0.009533,0.029929,0.007545,0.009004499999999999,0.0546015,0.0235505,0.07301649999999998,0.0,0.0118465,0.0605845,0.1376735
13.874,11.946798000000001,2.947,0.0059205,0.023214,0.120643,0.006278499999999999,0.008509,0.026742,0.006899499999999999,0.007905,0.048774,0.021258,0.066061,0.0,0.010688999999999999,0.05448750000000001,0.124175
13.883,11.955798,2.6545,0.0052365,0.020968999999999998,0.1094375,0.0055605,0.0076455,0.0240195,0.006258,0.0070220000000000005,0.043742,0.019461,0.059729500000000005,0.0,0.009614,0.049073,0.11199049999999999
13.891,11.963798,2.519,0.0048205,0.0197635,0.1048435,0.005163,0.007280999999999999,0.0225985,0.0058885,0.006566499999999999,0.04096999999999999,0.018638,0.056780500000000005,0.0,0.008986000000000001,0.046703999999999996,0.10730400000000001
13.899,11.971798,2.4115,0.0044725,0.0188865,0.101041,0.0048305,0.006902999999999999,0.021546000000000003,0.0055705,0.006102000000000001,0.0390275,0.018007000000000002,0.05410450000000001,0.0,0.008508499999999999,0.044943,0.10387600000000001
13.908,11.980798,2.2755,0.0041305000000000005,0.01812,0.094765,0.004475,0.0063955,0.020163,0.0052274999999999995,0.005560000000000001,0.036763500000000005,0.017269,0.0511395,0.0,0.0080625,0.0431305,0.09839400000000001
13.916,11.988798000000001,2.0955,0.003751,0.017283,0.085372,0.0040785000000000005,0.0058055,0.018217499999999998,0.0048275,0.0049825500000000005,0.0336515,0.016245,0.047631,0.0,0.007544500000000001,0.040848499999999996,0.09021900000000002
13.924,11.996798,1.85,0.0032975,0.0160375,0.07260749999999999,0.0036055,0.0050723999999999995,0.0156215,0.0043385,0.00430565,0.029497,0.0147275,0.042851999999999994,0.0,0.0068325,0.037394,0.0784225
13.932,12.004798000000001,1.5765,0.0028125000000000003,0.0143875,0.0597305,0.0030695,0.00424025,0.0129025,0.0037790000000000002,0.00355955,0.024951,0.0128185,0.0371445,0.0,0.0059665000000000004,0.03298,0.0655675
13.941,12.013798000000001,1.258,0.0022605999999999998,0.01217,0.0460695,0.0024145,0.00325225,0.009784850000000001,0.003077,0.00269885,0.0195035,0.010353000000000001,0.030125500000000003,0.0,0.0048775,0.027343500000000003,0.051229000000000004
13.949,12.021798,0.9285,0.0016774000000000001,0.009727999999999999,0.032595,0.0017185,0.0022375,0.006536,0.0022760000000000002,0.0018214999999999998,0.013684,0.0076735,0.022894150000000002,0.0,0.003728,0.0212405,0.03697299999999999
13.957,12.029798000000001,0.6175,0.0011374,0.00718765,0.0203025,0.001067,0.00136715,0.00355255,0.0014935,0.001076,0.008106200000000001,0.0049422500000000005,0.0158214,0.0,0.00256,0.015178500000000001,0.023985450000000002
13.966,12.038798,0.41585,0.0007673,0.005320350000000001,0.01256755,0.00069115,0.0008402500000000001,0.0019555500000000003,0.0010007,0.0006135,0.00493035,0.0032439500000000002,0.010982950000000002,0.0,0.0017774,0.010886999999999999,0.01557445
13.974,12.046798,0.24625,0.0004579,0.0033837999999999997,0.006861849999999999,0.00040325,0.00044205,0.0008672649999999999,0.0005944,0.00028124,0.0025035500000000002,0.0018394499999999999,0.00666485,0.0,0.0010772,0.0067843999999999995,0.0089289
13.982,12.054798,0.1545,0.00029475000000000004,0.00213195,0.0042,0.0002569,0.00027383500000000005,0.00047269,0.0003802,0.000159385,0.0014429500000000001,0.0011075,0.0042138,0.0,0.00068275,0.0042337,0.0055894000000000004
13.991,12.063798,0.0937,0.00018387,0.00123225,0.0026133,0.00016115,0.00017774000000000002,0.000304605,0.00023224999999999998,0.00010093,0.00089065,0.0006519,0.0025432,0.0,0.00042055,0.0024646,0.0034430499999999996
13.999,12.071798000000001,0.0555,0.00011075999999999999,0.000700785,0.00158285,9.758e-05,0.00011177,0.000188555,0.0001384,6.2345e-05,0.000538405,0.00037595,0.0015060100000000001,0.0,0.0002546,0.00140625,0.002065645
14.007,12.079798,0.031505,6.2795e-05,0.00038838,0.0009122150000000001,5.5545e-05,6.6405e-05,0.000109025,7.887000000000001e-05,3.6714499999999996e-05,0.00031236,0.000209355,0.000860065,0.0,0.0001488,0.00077641,0.0011808349999999999
14.016,12.088798,0.015185,3.02125e-05,0.00017999999999999998,0.00045033500000000006,2.69e-05,3.42895e-05,5.40965e-05,3.825e-05,1.87185e-05,0.00015576499999999998,9.7815e-05,0.00041868499999999997,0.0,7.500000000000001e-05,0.00035749999999999996,0.0005755900000000001
14.024,12.096798,0.006465,1.2845e-05,7.44235e-05,0.00019500500000000002,1.149e-05,1.5299e-05,2.3509e-05,1.636e-05,8.284e-06,6.79165e-05,4.06845e-05,0.00017952149999999999,0.0,3.294e-05,0.000147055,0.0002470505
14.032,12.104798,0.002004,3.982e-06,2.307e-05,6.0450000000000006e-05,3.562e-06,4.7426999999999995e-06,7.28765e-06,5.070999999999999e-06,2.5675e-06,2.10535e-05,1.2613e-05,5.5649499999999996e-05,0.0,1.0211499999999999e-05,4.5582000000000005e-05,7.65785e-05
14.04,12.112798,8.33e-05,1.6554500000000002e-07,9.592449999999998e-07,2.5138e-06,1.481e-07,1.97235e-07,3.03015e-07,2.1090000000000002e-07,1.0678e-07,8.75485e-07,5.2443e-07,2.3139299999999995e-06,0.0,4.246e-07,1.89545e-06,3.18435e-06
14.049,12.121798,0.0,0.0,0.0,0.0,0.0,0.0,0.0,0.0,0.0,0.0,0.0,0.0,0.0,0.0,0.0,0.0
14.057,12.129798000000001,0.0,0.0,0.0,0.0,0.0,0.0,0.0,0.0,0.0,0.0,0.0,0.0,0.0,0.0,0.0,0.0
14.065,12.137798,0.0,0.0,0.0,0.0,0.0,0.0,0.0,0.0,0.0,0.0,0.0,0.0,0.0,0.0,0.0,0.0
14.074,12.146798,0.0,0.0,0.0,0.0,0.0,0.0,0.0,0.0,0.0,0.0,0.0,0.0,0.0,0.0,0.0,0.0
14.082,12.154798000000001,0.0,0.0,0.0,0.0,0.0,0.0,0.0,0.0,0.0,0.0,0.0,0.0,0.0,0.0,0.0,0.0
14.09,12.162798,0.0,0.0,0.0,0.0,0.0,0.0,0.0,0.0,0.0,0.0,0.0,0.0,0.0,0.0,0.0,0.0
14.099,12.171798,0.0,0.0,0.0,0.0,0.0,0.0,0.0,0.0,0.0,0.0,0.0,0.0,0.0,0.0,0.0,0.0
14.107,12.179798,0.0,0.0,0.0,0.0,0.0,0.0,0.0,0.0,0.0,0.0,0.0,0.0,0.0,0.0,0.0,0.0
14.115,12.187798,0.0,0.0,0.0,0.0,0.0,0.0,0.0,0.0,0.0,0.0,0.0,0.0,0.0,0.0,0.0,0.0
14.123,12.195798,0.0,0.0,0.0,0.0,0.0,0.0,0.0,0.0,0.0,0.0,0.0,0.0,0.0,0.0,0.0,0.0
14.132,12.204798,0.0,0.0,0.0,0.0,0.0,0.0,0.0,0.0,0.0,0.0,0.0,0.0,0.0,0.0,0.0,0.0
14.14,12.212798000000001,0.0,0.0,0.0,0.0,0.0,0.0,0.0,0.0,0.0,0.0,0.0,0.0,0.0,0.0,0.0,0.0
14.148,12.220798,0.0,0.0,0.0,0.0,0.0,0.0,0.0,0.0,0.0,0.0,0.0,0.0,0.0,0.0,0.0,0.0
14.157,12.229798,0.0,0.0,0.0,0.0,0.0,0.0,0.0,0.0,0.0,0.0,0.0,0.0,0.0,0.0,0.0,0.0
14.165,12.237798,0.0,0.0,0.0,0.0,0.0,0.0,0.0,0.0,0.0,0.0,0.0,0.0,0.0,0.0,0.0,0.0
14.173,12.245798,0.0,0.0,0.0,0.0,0.0,0.0,0.0,0.0,0.0,0.0,0.0,0.0,0.0,0.0,0.0,0.0
14.182,12.254798000000001,0.0,0.0,0.0,0.0,0.0,0.0,0.0,0.0,0.0,0.0,0.0,0.0,0.0,0.0,0.0,0.0
14.19,12.262798,0.0,0.0,0.0,0.0,0.0,0.0,0.0,0.0,0.0,0.0,0.0,0.0,0.0,0.0,0.0,0.0
14.198,12.270798000000001,0.0,0.0,0.0,0.0,0.0,0.0,0.0,0.0,0.0,0.0,0.0,0.0,0.0,0.0,0.0,0.0
14.207,12.279798000000001,0.0,0.0,0.0,0.0,0.0,0.0,0.0,0.0,0.0,0.0,0.0,0.0,0.0,0.0,0.0,0.0
14.215,12.287798,0.0,0.0,0.0,0.0,0.0,0.0,0.0,0.0,0.0,0.0,0.0,0.0,0.0,0.0,0.0,0.0
14.223,12.295798000000001,0.0,0.0,0.0,0.0,0.0,0.0,0.0,0.0,0.0,0.0,0.0,0.0,0.0,0.0,0.0,0.0
14.231,12.303798,0.0,0.0,0.0,0.0,0.0,0.0,0.0,0.0,0.0,0.0,0.0,0.0,0.0,0.0,0.0,0.0
14.24,12.312798,0.0,0.0,0.0,0.0,0.0,0.0,0.0,0.0,0.0,0.0,0.0,0.0,0.0,0.0,0.0,0.0
14.248,12.320798,0.0,0.0,0.0,0.0,0.0,0.0,0.0,0.0,0.0,0.0,0.0,0.0,0.0,0.0,0.0,0.0
14.256,12.328798,0.0,0.0,0.0,0.0,0.0,0.0,0.0,0.0,0.0,0.0,0.0,0.0,0.0,0.0,0.0,0.0
14.265,12.337798000000001,0.0,0.0,0.0,0.0,0.0,0.0,0.0,0.0,0.0,0.0,0.0,0.0,0.0,0.0,0.0,0.0
14.273,12.345798,0.0,0.0,0.0,0.0,0.0,0.0,0.0,0.0,0.0,0.0,0.0,0.0,0.0,0.0,0.0,0.0
14.281,12.353798000000001,0.0,0.0,0.0,0.0,0.0,0.0,0.0,0.0,0.0,0.0,0.0,0.0,0.0,0.0,0.0,0.0
14.29,12.362798,0.0,0.0,0.0,0.0,0.0,0.0,0.0,0.0,0.0,0.0,0.0,0.0,0.0,0.0,0.0,0.0
14.298,12.370798,0.0,0.0,0.0,0.0,0.0,0.0,0.0,0.0,0.0,0.0,0.0,0.0,0.0,0.0,0.0,0.0
14.306,12.378798,0.0,0.0,0.0,0.0,0.0,0.0,0.0,0.0,0.0,0.0,0.0,0.0,0.0,0.0,0.0,0.0
14.315,12.387798,0.0,0.0,0.0,0.0,0.0,0.0,0.0,0.0,0.0,0.0,0.0,0.0,0.0,0.0,0.0,0.0
14.323,12.395798000000001,0.0,0.0,0.0,0.0,0.0,0.0,0.0,0.0,0.0,0.0,0.0,0.0,0.0,0.0,0.0,0.0
14.331,12.403798,0.0,0.0,0.0,0.0,0.0,0.0,0.0,0.0,0.0,0.0,0.0,0.0,0.0,0.0,0.0,0.0
14.339,12.411798000000001,0.0,0.0,0.0,0.0,0.0,0.0,0.0,0.0,0.0,0.0,0.0,0.0,0.0,0.0,0.0,0.0
14.348,12.420798000000001,0.0,0.0,0.0,0.0,0.0,0.0,0.0,0.0,0.0,0.0,0.0,0.0,0.0,0.0,0.0,0.0
14.356,12.428798,0.0,0.0,0.0,0.0,0.0,0.0,0.0,0.0,0.0,0.0,0.0,0.0,0.0,0.0,0.0,0.0
14.364,12.436798000000001,0.0,0.0,0.0,0.0,0.0,0.0,0.0,0.0,0.0,0.0,0.0,0.0,0.0,0.0,0.0,0.0
14.373,12.445798,0.0,0.0,0.0,0.0,0.0,0.0,0.0,0.0,0.0,0.0,0.0,0.0,0.0,0.0,0.0,0.0
14.381,12.453798,0.0,0.0,0.0,0.0,0.0,0.0,0.0,0.0,0.0,0.0,0.0,0.0,0.0,0.0,0.0,0.0
14.389,12.461798,0.0,0.0,0.0,0.0,0.0,0.0,0.0,0.0,0.0,0.0,0.0,0.0,0.0,0.0,0.0,0.0
14.398,12.470798,0.0,0.0,0.0,0.0,0.0,0.0,0.0,0.0,0.0,0.0,0.0,0.0,0.0,0.0,0.0,0.0
14.406,12.478798000000001,0.0,0.0,0.0,0.0,0.0,0.0,0.0,0.0,0.0,0.0,0.0,0.0,0.0,0.0,0.0,0.0
14.414,12.486798,0.0,0.0,0.0,0.0,0.0,0.0,0.0,0.0,0.0,0.0,0.0,0.0,0.0,0.0,0.0,0.0
14.423,12.495798,0.0,0.0,0.0,0.0,0.0,0.0,0.0,0.0,0.0,0.0,0.0,0.0,0.0,0.0,0.0,0.0
14.431,12.503798,0.0,0.0,0.0,0.0,0.0,0.0,0.0,0.0,0.0,0.0,0.0,0.0,0.0,0.0,0.0,0.0
14.439,12.511798,0.0,0.0,0.0,0.0,0.0,0.0,0.0,0.0,0.0,0.0,0.0,0.0,0.0,0.0,0.0,0.0
14.447,12.519798,0.0,0.0,0.0,0.0,0.0,0.0,0.0,0.0,0.0,0.0,0.0,0.0,0.0,0.0,0.0,0.0
14.456,12.528798,0.0,0.0,0.0,0.0,0.0,0.0,0.0,0.0,0.0,0.0,0.0,0.0,0.0,0.0,0.0,0.0
14.464,12.536798000000001,0.0,0.0,0.0,0.0,0.0,0.0,0.0,0.0,0.0,0.0,0.0,0.0,0.0,0.0,0.0,0.0
14.472,12.544798,0.0,0.0,0.0,0.0,0.0,0.0,0.0,0.0,0.0,0.0,0.0,0.0,0.0,0.0,0.0,0.0
14.481,12.553798,0.0,0.0,0.0,0.0,0.0,0.0,0.0,0.0,0.0,0.0,0.0,0.0,0.0,0.0,0.0,0.0
14.489,12.561798000000001,0.0,0.0,0.0,0.0,0.0,0.0,0.0,0.0,0.0,0.0,0.0,0.0,0.0,0.0,0.0,0.0
14.497,12.569798,0.0,0.0,0.0,0.0,0.0,0.0,0.0,0.0,0.0,0.0,0.0,0.0,0.0,0.0,0.0,0.0
14.506,12.578798,0.0,0.0,0.0,0.0,0.0,0.0,0.0,0.0,0.0,0.0,0.0,0.0,0.0,0.0,0.0,0.0
14.514,12.586798,0.0,0.0,0.0,0.0,0.0,0.0,0.0,0.0,0.0,0.0,0.0,0.0,0.0,0.0,0.0,0.0
14.522,12.594798,0.0,0.0,0.0,0.0,0.0,0.0,0.0,0.0,0.0,0.0,0.0,0.0,0.0,0.0,0.0,0.0
14.531,12.603798000000001,0.0,0.0,0.0,0.0,0.0,0.0,0.0,0.0,0.0,0.0,0.0,0.0,0.0,0.0,0.0,0.0
14.539,12.611798,0.0,0.0,0.0,0.0,0.0,0.0,0.0,0.0,0.0,0.0,0.0,0.0,0.0,0.0,0.0,0.0
14.547,12.619798000000001,0.0,0.0,0.0,0.0,0.0,0.0,0.0,0.0,0.0,0.0,0.0,0.0,0.0,0.0,0.0,0.0
14.555,12.627798,0.0,0.0,0.0,0.0,0.0,0.0,0.0,0.0,0.0,0.0,0.0,0.0,0.0,0.0,0.0,0.0
14.564,12.636798,0.0,0.0,0.0,0.0,0.0,0.0,0.0,0.0,0.0,0.0,0.0,0.0,0.0,0.0,0.0,0.0
14.572,12.644798,0.0,0.0,0.0,0.0,0.0,0.0,0.0,0.0,0.0,0.0,0.0,0.0,0.0,0.0,0.0,0.0
14.58,12.652798,0.0,0.0,0.0,0.0,0.0,0.0,0.0,0.0,0.0,0.0,0.0,0.0,0.0,0.0,0.0,0.0
14.589,12.661798000000001,0.0,0.0,0.0,0.0,0.0,0.0,0.0,0.0,0.0,0.0,0.0,0.0,0.0,0.0,0.0,0.0
14.597,12.669798,0.0,0.0,0.0,0.0,0.0,0.0,0.0,0.0,0.0,0.0,0.0,0.0,0.0,0.0,0.0,0.0
14.605,12.677798000000001,0.0,0.0,0.0,0.0,0.0,0.0,0.0,0.0,0.0,0.0,0.0,0.0,0.0,0.0,0.0,0.0
14.614,12.686798000000001,0.0,0.0,0.0,0.0,0.0,0.0,0.0,0.0,0.0,0.0,0.0,0.0,0.0,0.0,0.0,0.0
14.622,12.694798,0.0,0.0,0.0,0.0,0.0,0.0,0.0,0.0,0.0,0.0,0.0,0.0,0.0,0.0,0.0,0.0
14.63,12.702798000000001,0.0,0.0,0.0,0.0,0.0,0.0,0.0,0.0,0.0,0.0,0.0,0.0,0.0,0.0,0.0,0.0
14.639,12.711798,0.0,0.0,0.0,0.0,0.0,0.0,0.0,0.0,0.0,0.0,0.0,0.0,0.0,0.0,0.0,0.0
14.647,12.719798,0.0,0.0,0.0,0.0,0.0,0.0,0.0,0.0,0.0,0.0,0.0,0.0,0.0,0.0,0.0,0.0
14.655,12.727798,0.0,0.0,0.0,0.0,0.0,0.0,0.0,0.0,0.0,0.0,0.0,0.0,0.0,0.0,0.0,0.0
14.663,12.735798,0.0,0.0,0.0,0.0,0.0,0.0,0.0,0.0,0.0,0.0,0.0,0.0,0.0,0.0,0.0,0.0
14.672,12.744798000000001,0.0,0.0,0.0,0.0,0.0,0.0,0.0,0.0,0.0,0.0,0.0,0.0,0.0,0.0,0.0,0.0
14.68,12.752798,0.0,0.0,0.0,0.0,0.0,0.0,0.0,0.0,0.0,0.0,0.0,0.0,0.0,0.0,0.0,0.0
14.688,12.760798000000001,0.0,0.0,0.0,0.0,0.0,0.0,0.0,0.0,0.0,0.0,0.0,0.0,0.0,0.0,0.0,0.0
14.697,12.769798,0.0,0.0,0.0,0.0,0.0,0.0,0.0,0.0,0.0,0.0,0.0,0.0,0.0,0.0,0.0,0.0
14.705,12.777798,0.0,0.0,0.0,0.0,0.0,0.0,0.0,0.0,0.0,0.0,0.0,0.0,0.0,0.0,0.0,0.0
14.713,12.785798,0.0,0.0,0.0,0.0,0.0,0.0,0.0,0.0,0.0,0.0,0.0,0.0,0.0,0.0,0.0,0.0
14.722,12.794798,0.0,0.0,0.0,0.0,0.0,0.0,0.0,0.0,0.0,0.0,0.0,0.0,0.0,0.0,0.0,0.0
14.73,12.802798000000001,0.0,0.0,0.0,0.0,0.0,0.0,0.0,0.0,0.0,0.0,0.0,0.0,0.0,0.0,0.0,0.0
14.738,12.810798,0.0,0.0,0.0,0.0,0.0,0.0,0.0,0.0,0.0,0.0,0.0,0.0,0.0,0.0,0.0,0.0
14.747,12.819798,0.0,0.0,0.0,0.0,0.0,0.0,0.0,0.0,0.0,0.0,0.0,0.0,0.0,0.0,0.0,0.0
14.755,12.827798000000001,0.0,0.0,0.0,0.0,0.0,0.0,0.0,0.0,0.0,0.0,0.0,0.0,0.0,0.0,0.0,0.0
14.763,12.835798,0.0,0.0,0.0,0.0,0.0,0.0,0.0,0.0,0.0,0.0,0.0,0.0,0.0,0.0,0.0,0.0
14.771,12.843798000000001,0.0,0.0,0.0,0.0,0.0,0.0,0.0,0.0,0.0,0.0,0.0,0.0,0.0,0.0,0.0,0.0
14.78,12.852798,0.0,0.0,0.0,0.0,0.0,0.0,0.0,0.0,0.0,0.0,0.0,0.0,0.0,0.0,0.0,0.0
14.788,12.860798,0.0,0.0,0.0,0.0,0.0,0.0,0.0,0.0,0.0,0.0,0.0,0.0,0.0,0.0,0.0,0.0
14.796,12.868798,0.0,0.0,0.0,0.0,0.0,0.0,0.0,0.0,0.0,0.0,0.0,0.0,0.0,0.0,0.0,0.0
14.805,12.877798,0.0,0.0,0.0,0.0,0.0,0.0,0.0,0.0,0.0,0.0,0.0,0.0,0.0,0.0,0.0,0.0
14.813,12.885798000000001,0.0,0.0,0.0,0.0,0.0,0.0,0.0,0.0,0.0,0.0,0.0,0.0,0.0,0.0,0.0,0.0
14.821,12.893798,0.0,0.0,0.0,0.0,0.0,0.0,0.0,0.0,0.0,0.0,0.0,0.0,0.0,0.0,0.0,0.0
14.83,12.902798,0.0,0.0,0.0,0.0,0.0,0.0,0.0,0.0,0.0,0.0,0.0,0.0,0.0,0.0,0.0,0.0
14.838,12.910798,0.0,0.0,0.0,0.0,0.0,0.0,0.0,0.0,0.0,0.0,0.0,0.0,0.0,0.0,0.0,0.0
14.846,12.918798,0.0,0.0,0.0,0.0,0.0,0.0,0.0,0.0,0.0,0.0,0.0,0.0,0.0,0.0,0.0,0.0
14.855,12.927798000000001,0.0,0.0,0.0,0.0,0.0,0.0,0.0,0.0,0.0,0.0,0.0,0.0,0.0,0.0,0.0,0.0
14.863,12.935798,0.0,0.0,0.0,0.0,0.0,0.0,0.0,0.0,0.0,0.0,0.0,0.0,0.0,0.0,0.0,0.0
14.871,12.943798000000001,0.0,0.0,0.0,0.0,0.0,0.0,0.0,0.0,0.0,0.0,0.0,0.0,0.0,0.0,0.0,0.0
14.879,12.951798,0.0,0.0,0.0,0.0,0.0,0.0,0.0,0.0,0.0,0.0,0.0,0.0,0.0,0.0,0.0,0.0
14.888,12.960798,0.0,0.0,0.0,0.0,0.0,0.0,0.0,0.0,0.0,0.0,0.0,0.0,0.0,0.0,0.0,0.0
14.896,12.968798000000001,0.0,0.0,0.0,0.0,0.0,0.0,0.0,0.0,0.0,0.0,0.0,0.0,0.0,0.0,0.0,0.0
14.904,12.976798,0.0,0.0,0.0,0.0,0.0,0.0,0.0,0.0,0.0,0.0,0.0,0.0,0.0,0.0,0.0,0.0
14.913,12.985798,0.0,0.0,0.0,0.0,0.0,0.0,0.0,0.0,0.0,0.0,0.0,0.0,0.0,0.0,0.0,0.0
14.921,12.993798,0.0,0.0,0.0,0.0,0.0,0.0,0.0,0.0,0.0,0.0,0.0,0.0,0.0,0.0,0.0,0.0
14.929,13.001798,0.0,0.0,0.0,0.0,0.0,0.0,0.0,0.0,0.0,0.0,0.0,0.0,0.0,0.0,0.0,0.0
14.938,13.010798000000001,0.0,0.0,0.0,0.0,0.0,0.0,0.0,0.0,0.0,0.0,0.0,0.0,0.0,0.0,0.0,0.0
14.946,13.018798,0.0,0.0,0.0,0.0,0.0,0.0,0.0,0.0,0.0,0.0,0.0,0.0,0.0,0.0,0.0,0.0
14.954,13.026798000000001,0.0,0.0,0.0,0.0,0.0,0.0,0.0,0.0,0.0,0.0,0.0,0.0,0.0,0.0,0.0,0.0
14.963,13.035798,0.0,0.0,0.0,0.0,0.0,0.0,0.0,0.0,0.0,0.0,0.0,0.0,0.0,0.0,0.0,0.0
14.971,13.043798,0.0,0.0,0.0,0.0,0.0,0.0,0.0,0.0,0.0,0.0,0.0,0.0,0.0,0.0,0.0,0.0
14.979,13.051798,0.0,0.0,0.0,0.0,0.0,0.0,0.0,0.0,0.0,0.0,0.0,0.0,0.0,0.0,0.0,0.0
14.987,13.059798,0.0,0.0,0.0,0.0,0.0,0.0,0.0,0.0,0.0,0.0,0.0,0.0,0.0,0.0,0.0,0.0
14.996,13.068798000000001,0.0,0.0,0.0,0.0,0.0,0.0,0.0,0.0,0.0,0.0,0.0,0.0,0.0,0.0,0.0,0.0
15.004,13.076798,0.0,0.0,0.0,0.0,0.0,0.0,0.0,0.0,0.0,0.0,0.0,0.0,0.0,0.0,0.0,0.0
15.012,13.084798000000001,0.0,0.0,0.0,0.0,0.0,0.0,0.0,0.0,0.0,0.0,0.0,0.0,0.0,0.0,0.0,0.0
15.021,13.093798000000001,0.0,0.0,0.0,0.0,0.0,0.0,0.0,0.0,0.0,0.0,0.0,0.0,0.0,0.0,0.0,0.0
15.029,13.101798,0.0,0.0,0.0,0.0,0.0,0.0,0.0,0.0,0.0,0.0,0.0,0.0,0.0,0.0,0.0,0.0
15.037,13.109798000000001,0.0,0.0,0.0,0.0,0.0,0.0,0.0,0.0,0.0,0.0,0.0,0.0,0.0,0.0,0.0,0.0
15.046,13.118798,0.0,0.0,0.0,0.0,0.0,0.0,0.0,0.0,0.0,0.0,0.0,0.0,0.0,0.0,0.0,0.0
15.054,13.126798,0.0,0.0,0.0,0.0,0.0,0.0,0.0,0.0,0.0,0.0,0.0,0.0,0.0,0.0,0.0,0.0
15.062,13.134798,0.0,0.0,0.0,0.0,0.0,0.0,0.0,0.0,0.0,0.0,0.0,0.0,0.0,0.0,0.0,0.0
15.071,13.143798,0.0,0.0,0.0,0.0,0.0,0.0,0.0,0.0,0.0,0.0,0.0,0.0,0.0,0.0,0.0,0.0
15.079,13.151798000000001,0.0,0.0,0.0,0.0,0.0,0.0,0.0,0.0,0.0,0.0,0.0,0.0,0.0,0.0,0.0,0.0
15.087,13.159798,0.0,0.0,0.0,0.0,0.0,0.0,0.0,0.0,0.0,0.0,0.0,0.0,0.0,0.0,0.0,0.0
15.095,13.167798000000001,0.0,0.0,0.0,0.0,0.0,0.0,0.0,0.0,0.0,0.0,0.0,0.0,0.0,0.0,0.0,0.0
15.104,13.176798,0.0,0.0,0.0,0.0,0.0,0.0,0.0,0.0,0.0,0.0,0.0,0.0,0.0,0.0,0.0,0.0
15.112,13.184798,0.0,0.0,0.0,0.0,0.0,0.0,0.0,0.0,0.0,0.0,0.0,0.0,0.0,0.0,0.0,0.0
15.12,13.192798,0.0,0.0,0.0,0.0,0.0,0.0,0.0,0.0,0.0,0.0,0.0,0.0,0.0,0.0,0.0,0.0
15.129,13.201798,0.0,0.0,0.0,0.0,0.0,0.0,0.0,0.0,0.0,0.0,0.0,0.0,0.0,0.0,0.0,0.0
15.137,13.209798000000001,0.0,0.0,0.0,0.0,0.0,0.0,0.0,0.0,0.0,0.0,0.0,0.0,0.0,0.0,0.0,0.0
15.145,13.217798,0.0,0.0,0.0,0.0,0.0,0.0,0.0,0.0,0.0,0.0,0.0,0.0,0.0,0.0,0.0,0.0
15.154,13.226798,0.0,0.0,0.0,0.0,0.0,0.0,0.0,0.0,0.0,0.0,0.0,0.0,0.0,0.0,0.0,0.0
15.162,13.234798000000001,0.0,0.0,0.0,0.0,0.0,0.0,0.0,0.0,0.0,0.0,0.0,0.0,0.0,0.0,0.0,0.0
15.17,13.242798,0.0,0.0,0.0,0.0,0.0,0.0,0.0,0.0,0.0,0.0,0.0,0.0,0.0,0.0,0.0,0.0
15.179,13.251798,0.0,0.0,0.0,0.0,0.0,0.0,0.0,0.0,0.0,0.0,0.0,0.0,0.0,0.0,0.0,0.0
15.187,13.259798,0.0,0.0,0.0,0.0,0.0,0.0,0.0,0.0,0.0,0.0,0.0,0.0,0.0,0.0,0.0,0.0
15.195,13.267798,0.0,0.0,0.0,0.0,0.0,0.0,0.0,0.0,0.0,0.0,0.0,0.0,0.0,0.0,0.0,0.0
15.203,13.275798,0.0,0.0,0.0,0.0,0.0,0.0,0.0,0.0,0.0,0.0,0.0,0.0,0.0,0.0,0.0,0.0
15.212,13.284798,0.0,0.0,0.0,0.0,0.0,0.0,0.0,0.0,0.0,0.0,0.0,0.0,0.0,0.0,0.0,0.0
15.22,13.292798000000001,0.0,0.0,0.0,0.0,0.0,0.0,0.0,0.0,0.0,0.0,0.0,0.0,0.0,0.0,0.0,0.0
15.228,13.300798,0.0,0.0,0.0,0.0,0.0,0.0,0.0,0.0,0.0,0.0,0.0,0.0,0.0,0.0,0.0,0.0
15.237,13.309798,0.0,0.0,0.0,0.0,0.0,0.0,0.0,0.0,0.0,0.0,0.0,0.0,0.0,0.0,0.0,0.0
15.245,13.317798,0.0,0.0,0.0,0.0,0.0,0.0,0.0,0.0,0.0,0.0,0.0,0.0,0.0,0.0,0.0,0.0
15.253,13.325798,0.0,0.0,0.0,0.0,0.0,0.0,0.0,0.0,0.0,0.0,0.0,0.0,0.0,0.0,0.0,0.0
15.262,13.334798000000001,0.0,0.0,0.0,0.0,0.0,0.0,0.0,0.0,0.0,0.0,0.0,0.0,0.0,0.0,0.0,0.0
15.27,13.342798,0.0,0.0,0.0,0.0,0.0,0.0,0.0,0.0,0.0,0.0,0.0,0.0,0.0,0.0,0.0,0.0
15.278,13.350798000000001,0.0,0.0,0.0,0.0,0.0,0.0,0.0,0.0,0.0,0.0,0.0,0.0,0.0,0.0,0.0,0.0
15.287,13.359798000000001,0.0,0.0,0.0,0.0,0.0,0.0,0.0,0.0,0.0,0.0,0.0,0.0,0.0,0.0,0.0,0.0
15.295,13.367798,0.0,0.0,0.0,0.0,0.0,0.0,0.0,0.0,0.0,0.0,0.0,0.0,0.0,0.0,0.0,0.0
15.303,13.375798000000001,0.0,0.0,0.0,0.0,0.0,0.0,0.0,0.0,0.0,0.0,0.0,0.0,0.0,0.0,0.0,0.0
15.311,13.383798,0.0,0.0,0.0,0.0,0.0,0.0,0.0,0.0,0.0,0.0,0.0,0.0,0.0,0.0,0.0,0.0
15.32,13.392798,0.0,0.0,0.0,0.0,0.0,0.0,0.0,0.0,0.0,0.0,0.0,0.0,0.0,0.0,0.0,0.0
15.328,13.400798,0.0,0.0,0.0,0.0,0.0,0.0,0.0,0.0,0.0,0.0,0.0,0.0,0.0,0.0,0.0,0.0
15.336,13.408798,0.0,0.0,0.0,0.0,0.0,0.0,0.0,0.0,0.0,0.0,0.0,0.0,0.0,0.0,0.0,0.0
15.345,13.417798000000001,0.0,0.0,0.0,0.0,0.0,0.0,0.0,0.0,0.0,0.0,0.0,0.0,0.0,0.0,0.0,0.0
15.353,13.425798,0.0,0.0,0.0,0.0,0.0,0.0,0.0,0.0,0.0,0.0,0.0,0.0,0.0,0.0,0.0,0.0
15.361,13.433798000000001,0.0,0.0,0.0,0.0,0.0,0.0,0.0,0.0,0.0,0.0,0.0,0.0,0.0,0.0,0.0,0.0
15.37,13.442798,0.0,0.0,0.0,0.0,0.0,0.0,0.0,0.0,0.0,0.0,0.0,0.0,0.0,0.0,0.0,0.0
15.378,13.450798,0.0,0.0,0.0,0.0,0.0,0.0,0.0,0.0,0.0,0.0,0.0,0.0,0.0,0.0,0.0,0.0
15.386,13.458798,0.0,0.0,0.0,0.0,0.0,0.0,0.0,0.0,0.0,0.0,0.0,0.0,0.0,0.0,0.0,0.0
15.395,13.467798,0.0,0.0,0.0,0.0,0.0,0.0,0.0,0.0,0.0,0.0,0.0,0.0,0.0,0.0,0.0,0.0
15.403,13.475798000000001,0.0,0.0,0.0,0.0,0.0,0.0,0.0,0.0,0.0,0.0,0.0,0.0,0.0,0.0,0.0,0.0
15.411,13.483798,0.0,0.0,0.0,0.0,0.0,0.0,0.0,0.0,0.0,0.0,0.0,0.0,0.0,0.0,0.0,0.0
15.419,13.491798000000001,0.0,0.0,0.0,0.0,0.0,0.0,0.0,0.0,0.0,0.0,0.0,0.0,0.0,0.0,0.0,0.0
15.428,13.500798000000001,0.0,0.0,0.0,0.0,0.0,0.0,0.0,0.0,0.0,0.0,0.0,0.0,0.0,0.0,0.0,0.0
15.436,13.508798,0.0,0.0,0.0,0.0,0.0,0.0,0.0,0.0,0.0,0.0,0.0,0.0,0.0,0.0,0.0,0.0
15.444,13.516798000000001,0.0,0.0,0.0,0.0,0.0,0.0,0.0,0.0,0.0,0.0,0.0,0.0,0.0,0.0,0.0,0.0
15.453,13.525798,0.0,0.0,0.0,0.0,0.0,0.0,0.0,0.0,0.0,0.0,0.0,0.0,0.0,0.0,0.0,0.0
15.461,13.533798,0.0,0.0,0.0,0.0,0.0,0.0,0.0,0.0,0.0,0.0,0.0,0.0,0.0,0.0,0.0,0.0
15.469,13.541798,0.0,0.0,0.0,0.0,0.0,0.0,0.0,0.0,0.0,0.0,0.0,0.0,0.0,0.0,0.0,0.0
15.478,13.550798,0.0,0.0,0.0,0.0,0.0,0.0,0.0,0.0,0.0,0.0,0.0,0.0,0.0,0.0,0.0,0.0
15.486,13.558798000000001,0.0,0.0,0.0,0.0,0.0,0.0,0.0,0.0,0.0,0.0,0.0,0.0,0.0,0.0,0.0,0.0
15.494,13.566798,0.0,0.0,0.0,0.0,0.0,0.0,0.0,0.0,0.0,0.0,0.0,0.0,0.0,0.0,0.0,0.0
15.503,13.575798,0.0,0.0,0.0,0.0,0.0,0.0,0.0,0.0,0.0,0.0,0.0,0.0,0.0,0.0,0.0,0.0
15.511,13.583798,0.0,0.0,0.0,0.0,0.0,0.0,0.0,0.0,0.0,0.0,0.0,0.0,0.0,0.0,0.0,0.0
15.519,13.591798,0.0,0.0,0.0,0.0,0.0,0.0,0.0,0.0,0.0,0.0,0.0,0.0,0.0,0.0,0.0,0.0
15.527,13.599798,0.0,0.0,0.0,0.0,0.0,0.0,0.0,0.0,0.0,0.0,0.0,0.0,0.0,0.0,0.0,0.0
15.536,13.608798,0.0,0.0,0.0,0.0,0.0,0.0,0.0,0.0,0.0,0.0,0.0,0.0,0.0,0.0,0.0,0.0
15.544,13.616798000000001,0.0,0.0,0.0,0.0,0.0,0.0,0.0,0.0,0.0,0.0,0.0,0.0,0.0,0.0,0.0,0.0
15.552,13.624798,0.0,0.0,0.0,0.0,0.0,0.0,0.0,0.0,0.0,0.0,0.0,0.0,0.0,0.0,0.0,0.0
15.561,13.633798,0.0,0.0,0.0,0.0,0.0,0.0,0.0,0.0,0.0,0.0,0.0,0.0,0.0,0.0,0.0,0.0
15.569,13.641798000000001,0.0,0.0,0.0,0.0,0.0,0.0,0.0,0.0,0.0,0.0,0.0,0.0,0.0,0.0,0.0,0.0
15.577,13.649798,0.0,0.0,0.0,0.0,0.0,0.0,0.0,0.0,0.0,0.0,0.0,0.0,0.0,0.0,0.0,0.0
15.586,13.658798,0.0,0.0,0.0,0.0,0.0,0.0,0.0,0.0,0.0,0.0,0.0,0.0,0.0,0.0,0.0,0.0
15.594,13.666798,0.0,0.0,0.0,0.0,0.0,0.0,0.0,0.0,0.0,0.0,0.0,0.0,0.0,0.0,0.0,0.0
15.602,13.674798000000001,0.0,0.0,0.0,0.0,0.0,0.0,0.0,0.0,0.0,0.0,0.0,0.0,0.0,0.0,0.0,0.0
15.611,13.683798000000001,0.0,0.0,0.0,0.0,0.0,0.0,0.0,0.0,0.0,0.0,0.0,0.0,0.0,0.0,0.0,0.0
15.619,13.691798,0.0,0.0,0.0,0.0,0.0,0.0,0.0,0.0,0.0,0.0,0.0,0.0,0.0,0.0,0.0,0.0
15.627,13.699798000000001,0.0,0.0,0.0,0.0,0.0,0.0,0.0,0.0,0.0,0.0,0.0,0.0,0.0,0.0,0.0,0.0
15.635,13.707798,0.0,0.0,0.0,0.0,0.0,0.0,0.0,0.0,0.0,0.0,0.0,0.0,0.0,0.0,0.0,0.0
15.644,13.716798,0.0,0.0,0.0,0.0,0.0,0.0,0.0,0.0,0.0,0.0,0.0,0.0,0.0,0.0,0.0,0.0
15.652,13.724798,0.0,0.0,0.0,0.0,0.0,0.0,0.0,0.0,0.0,0.0,0.0,0.0,0.0,0.0,0.0,0.0
15.66,13.732798,0.0,0.0,0.0,0.0,0.0,0.0,0.0,0.0,0.0,0.0,0.0,0.0,0.0,0.0,0.0,0.0
15.669,13.741798000000001,0.0,0.0,0.0,0.0,0.0,0.0,0.0,0.0,0.0,0.0,0.0,0.0,0.0,0.0,0.0,0.0
15.677,13.749798,0.0,0.0,0.0,0.0,0.0,0.0,0.0,0.0,0.0,0.0,0.0,0.0,0.0,0.0,0.0,0.0
15.685,13.757798000000001,0.0,0.0,0.0,0.0,0.0,0.0,0.0,0.0,0.0,0.0,0.0,0.0,0.0,0.0,0.0,0.0
15.694,13.766798000000001,0.0,0.0,0.0,0.0,0.0,0.0,0.0,0.0,0.0,0.0,0.0,0.0,0.0,0.0,0.0,0.0
15.702,13.774798,0.0,0.0,0.0,0.0,0.0,0.0,0.0,0.0,0.0,0.0,0.0,0.0,0.0,0.0,0.0,0.0
15.71,13.782798000000001,0.0,0.0,0.0,0.0,0.0,0.0,0.0,0.0,0.0,0.0,0.0,0.0,0.0,0.0,0.0,0.0
15.719,13.791798,0.0,0.0,0.0,0.0,0.0,0.0,0.0,0.0,0.0,0.0,0.0,0.0,0.0,0.0,0.0,0.0
15.727,13.799798000000001,0.0,0.0,0.0,0.0,0.0,0.0,0.0,0.0,0.0,0.0,0.0,0.0,0.0,0.0,0.0,0.0
15.735,13.807798,0.0,0.0,0.0,0.0,0.0,0.0,0.0,0.0,0.0,0.0,0.0,0.0,0.0,0.0,0.0,0.0
15.743,13.815798000000001,0.0,0.0,0.0,0.0,0.0,0.0,0.0,0.0,0.0,0.0,0.0,0.0,0.0,0.0,0.0,0.0
15.752,13.824798000000001,0.0,0.0,0.0,0.0,0.0,0.0,0.0,0.0,0.0,0.0,0.0,0.0,0.0,0.0,0.0,0.0
15.76,13.832798,0.0,0.0,0.0,0.0,0.0,0.0,0.0,0.0,0.0,0.0,0.0,0.0,0.0,0.0,0.0,0.0
15.768,13.840798000000001,0.0,0.0,0.0,0.0,0.0,0.0,0.0,0.0,0.0,0.0,0.0,0.0,0.0,0.0,0.0,0.0
15.777,13.849798,0.0,0.0,0.0,0.0,0.0,0.0,0.0,0.0,0.0,0.0,0.0,0.0,0.0,0.0,0.0,0.0
15.785,13.857798,0.0,0.0,0.0,0.0,0.0,0.0,0.0,0.0,0.0,0.0,0.0,0.0,0.0,0.0,0.0,0.0
15.793,13.865798,0.0,0.0,0.0,0.0,0.0,0.0,0.0,0.0,0.0,0.0,0.0,0.0,0.0,0.0,0.0,0.0
15.802,13.874798,0.0,0.0,0.0,0.0,0.0,0.0,0.0,0.0,0.0,0.0,0.0,0.0,0.0,0.0,0.0,0.0
15.81,13.882798000000001,0.0,0.0,0.0,0.0,0.0,0.0,0.0,0.0,0.0,0.0,0.0,0.0,0.0,0.0,0.0,0.0
15.818,13.890798,0.0,0.0,0.0,0.0,0.0,0.0,0.0,0.0,0.0,0.0,0.0,0.0,0.0,0.0,0.0,0.0
15.827,13.899798,0.0,0.0,0.0,0.0,0.0,0.0,0.0,0.0,0.0,0.0,0.0,0.0,0.0,0.0,0.0,0.0
15.835,13.907798000000001,0.0,0.0,0.0,0.0,0.0,0.0,0.0,0.0,0.0,0.0,0.0,0.0,0.0,0.0,0.0,0.0
15.843,13.915798,0.0,0.0,0.0,0.0,0.0,0.0,0.0,0.0,0.0,0.0,0.0,0.0,0.0,0.0,0.0,0.0
15.851,13.923798000000001,0.0,0.0,0.0,0.0,0.0,0.0,0.0,0.0,0.0,0.0,0.0,0.0,0.0,0.0,0.0,0.0
15.86,13.932798,0.0,0.0,0.0,0.0,0.0,0.0,0.0,0.0,0.0,0.0,0.0,0.0,0.0,0.0,0.0,0.0
15.868,13.940798000000001,0.0,0.0,0.0,0.0,0.0,0.0,0.0,0.0,0.0,0.0,0.0,0.0,0.0,0.0,0.0,0.0
15.876,13.948798,0.0,0.0,0.0,0.0,0.0,0.0,0.0,0.0,0.0,0.0,0.0,0.0,0.0,0.0,0.0,0.0
15.885,13.957798,0.0,0.0,0.0,0.0,0.0,0.0,0.0,0.0,0.0,0.0,0.0,0.0,0.0,0.0,0.0,0.0
15.893,13.965798000000001,0.0,0.0,0.0,0.0,0.0,0.0,0.0,0.0,0.0,0.0,0.0,0.0,0.0,0.0,0.0,0.0
15.901,13.973798,0.0,0.0,0.0,0.0,0.0,0.0,0.0,0.0,0.0,0.0,0.0,0.0,0.0,0.0,0.0,0.0
15.91,13.982798,0.0,0.0,0.0,0.0,0.0,0.0,0.0,0.0,0.0,0.0,0.0,0.0,0.0,0.0,0.0,0.0
15.918,13.990798,0.0,0.0,0.0,0.0,0.0,0.0,0.0,0.0,0.0,0.0,0.0,0.0,0.0,0.0,0.0,0.0
15.926,13.998798,0.0,0.0,0.0,0.0,0.0,0.0,0.0,0.0,0.0,0.0,0.0,0.0,0.0,0.0,0.0,0.0
15.935,14.007798000000001,0.0,0.0,0.0,0.0,0.0,0.0,0.0,0.0,0.0,0.0,0.0,0.0,0.0,0.0,0.0,0.0
15.943,14.015798,0.0,0.0,0.0,0.0,0.0,0.0,0.0,0.0,0.0,0.0,0.0,0.0,0.0,0.0,0.0,0.0
15.951,14.023798000000001,0.0,0.0,0.0,0.0,0.0,0.0,0.0,0.0,0.0,0.0,0.0,0.0,0.0,0.0,0.0,0.0
15.959,14.031798,0.0,0.0,0.0,0.0,0.0,0.0,0.0,0.0,0.0,0.0,0.0,0.0,0.0,0.0,0.0,0.0
15.968,14.040798,0.0,0.0,0.0,0.0,0.0,0.0,0.0,0.0,0.0,0.0,0.0,0.0,0.0,0.0,0.0,0.0
15.976,14.048798000000001,0.0,0.0,0.0,0.0,0.0,0.0,0.0,0.0,0.0,0.0,0.0,0.0,0.0,0.0,0.0,0.0
15.984,14.056798,0.0,0.0,0.0,0.0,0.0,0.0,0.0,0.0,0.0,0.0,0.0,0.0,0.0,0.0,0.0,0.0
15.993,14.065798000000001,0.0,0.0,0.0,0.0,0.0,0.0,0.0,0.0,0.0,0.0,0.0,0.0,0.0,0.0,0.0,0.0
16.001,14.073798000000002,0.0,0.0,0.0,0.0,0.0,0.0,0.0,0.0,0.0,0.0,0.0,0.0,0.0,0.0,0.0,0.0
16.009,14.081798000000001,0.0,0.0,0.0,0.0,0.0,0.0,0.0,0.0,0.0,0.0,0.0,0.0,0.0,0.0,0.0,0.0
16.018,14.090798000000001,0.0,0.0,0.0,0.0,0.0,0.0,0.0,0.0,0.0,0.0,0.0,0.0,0.0,0.0,0.0,0.0
16.026,14.098798,0.0,0.0,0.0,0.0,0.0,0.0,0.0,0.0,0.0,0.0,0.0,0.0,0.0,0.0,0.0,0.0
16.034,14.106798,0.0,0.0,0.0,0.0,0.0,0.0,0.0,0.0,0.0,0.0,0.0,0.0,0.0,0.0,0.0,0.0
16.043,14.115798,0.0,0.0,0.0,0.0,0.0,0.0,0.0,0.0,0.0,0.0,0.0,0.0,0.0,0.0,0.0,0.0
