Energy_eV,eps1_xx,eps1_yy,eps1_zz,eps1_avg,eps2_xx,eps2_yy,eps2_zz,eps2_avg,n_from_epsavg,k_from_epsavg,alpha_from_epsavg_cm-1,R_from_epsavg,n_directional_avg,k_directional_avg,alpha_directional_avg_cm-1,R_directional_avg
0.0,3.9714,5.3564,5.0413,4.7897,0.0,0.0,0.0,0.0,2.188538325001415,0.0,0.0,0.138945055903906,2.1841702960905,0.0,0.0,0.13818671361246518
0.0191,3.9714,5.3566,5.0414,4.7898,0.0004,0.0015,0.0011,0.001,2.1885611831050658,0.00022846060013547904,0.4422707380003812,0.1389484125863686,2.1841921343883204,0.00022312277660145987,0.4319373888263595,0.13818988165748852
0.0381,3.9715,5.357,5.0417,4.790066666666667,0.0008,0.003,0.0023,0.002033333333333333,2.1886221424560373,0.000464523613687826,1.7938094066052546,0.13895736641462128,2.1842516104075487,0.00045365444845820975,1.7518369206942692,0.13819854562613804
0.0572,3.9718,5.3577,5.0423,4.7906,0.0013,0.0045,0.0034,0.0030666666666666668,2.1887440441440082,0.0007005539718687022,4.061450401597225,0.13897526699045623,2.1843717053557365,0.000685093201898444,3.9718168359817025,0.138216064672022
0.0763,3.972,5.3587,5.043,4.7912333333333335,0.0017,0.0061,0.0046,0.0041333333333333335,2.1888888105100506,0.0009441624702707466,7.3015455193474,0.13899653110106597,2.1845124843829997,0.0009227502716839175,7.135957341916235,0.13823656019544783
0.0953,3.9724,5.36,5.044,4.792133333333333,0.0021,0.0076,0.0057,0.0051333333333333335,2.189094495000075,0.0011724786995054792,11.325082848043486,0.13902673539263824,2.1847138576502494,0.0011457191616713715,11.066609936702372,0.1382659041936739
0.1144,3.9728,5.3616,5.0452,4.7932,0.0025,0.0091,0.0069,0.0061666666666666675,2.18933825240013,0.001408340319213027,16.32966076773693,0.13906253283134268,2.184951675271099,0.0013760340639712178,15.955070775831095,0.13830054014275708
0.1335,3.9734,5.3634,5.0466,4.794466666666667,0.003,0.0106,0.0081,0.007233333333333334,2.1896276840750795,0.001651726771985599,22.349252353212997,0.13910503855549308,2.1852354479777323,0.0016146211507977338,21.847182092128946,0.13834190355483258
0.1526,3.974,5.3656,5.0483,4.795966666666668,0.0034,0.0122,0.0092,0.008266666666666667,2.1899703716983394,0.0018873923532380854,29.191758016148007,0.13915535974286472,2.185570241431583,0.0018445048532288687,28.52842931290372,0.13839066986569767
0.1716,3.9746,5.368,5.0501,4.797566666666667,0.0038,0.0137,0.0104,0.009300000000000001,2.19033585863783,0.002122962093577248,36.9235159335489,0.13920903156887818,2.185926806990206,0.0020745058239563016,36.08074259866823,0.1384425959292159
0.1907,3.9754,5.3708,5.0522,4.7994666666666665,0.0042,0.0153,0.0116,0.010366666666666666,2.1907697881252193,0.0023659872257545773,45.730569942539994,0.13927274899032518,2.186351074233976,0.002311538478617895,44.67816686440266,0.13850439819889845
0.2098,3.9763,5.3738,5.0545,4.801533333333334,0.0047,0.0169,0.0128,0.011466666666666667,2.1912416980526856,0.0026164769219384626,55.63728356780868,0.1393420453808874,2.1868128479929734,0.002556779573432214,54.367867323683065,0.1385716741132915
0.2288,3.9772,5.3772,5.057,4.8038,0.0051,0.0185,0.014,0.012533333333333334,2.191759150772659,0.0028591949368765085,66.30454692103726,0.139418022184224,2.187318111572424,0.002793479675451144,64.78061422991186,0.13864525020324642
0.2479,3.9782,5.3808,5.0598,4.806266666666667,0.0055,0.0201,0.0152,0.0136,2.1923221221846685,0.0031017339701792717,77.93357498539604,0.13950067781102282,2.18786822695289,0.0030299899992440073,76.1309496821337,0.13872536532189372
0.267,3.9793,5.3848,5.0628,4.808966666666667,0.006,0.0217,0.0164,0.0147,2.192938188901535,0.00335166765629415,90.70176438996778,0.1395911260001931,2.1884701218707665,0.0032746333207932447,88.61708569713271,0.13881300967048707
0.286,3.9805,5.389,5.066,4.811833333333333,0.0064,0.0234,0.0176,0.015799999999999998,2.193592100507017,0.0036013988189344537,104.39525908657956,0.13968712615345036,2.189109392353848,0.0035178900532889293,101.97455544783499,0.13890610392911748
0.3051,3.9817,5.3936,5.0694,4.8149,0.0069,0.025,0.0188,0.0169,2.1942914185317224,0.0038509014475642434,119.08255315433502,0.13978978536920397,2.1897919873058567,0.003762068289358179,116.3355393893808,0.1390054664448028
0.3242,3.9831,5.3985,5.0731,4.818233333333334,0.0073,0.0267,0.0201,0.018033333333333335,2.1950512993404945,0.004107724803248809,134.97641107872025,0.13990132865402707,2.1905348167676064,0.004012187211117402,131.837125482275,0.1391136205554606
0.3432,3.9845,5.4037,5.0771,4.821766666666666,0.0078,0.0284,0.0214,0.0192,2.195856502578726,0.0043718703789355755,152.0750898797567,0.14001952140749843,2.1913211060972713,0.004270361392006851,148.54410955033822,0.13922807460021627
0.3623,3.986,5.4093,5.0812,4.825500000000001,0.0082,0.0301,0.0226,0.0203,2.1967069330037226,0.004620552631537131,169.6702817787685,0.14014433116468555,2.1921514925334207,0.004512483227244838,165.70188930710066,0.13934891769448243
0.3814,3.9876,5.4151,5.0856,4.829433333333333,0.0087,0.0319,0.0239,0.021500000000000002,2.1976026169454728,0.004891694211266135,189.09651060730477,0.14027578912742933,2.1930264450433765,0.004777193103889114,184.67028138475845,0.13947626160931692
0.4004,3.9893,5.4213,5.0903,4.833633333333332,0.0091,0.0337,0.0252,0.02266666666666667,2.1985585974111603,0.005154892549455556,209.19784740540285,0.14041607386110047,2.193960171115706,0.00503316984112413,204.25804927789787,0.13961213173806364
0.4195,3.9911,5.4279,5.0952,4.838066666666667,0.0096,0.0355,0.0266,0.023899999999999994,2.1995672717436188,0.005432886801655888,230.99689749471307,0.14056408859269703,2.1949452402436482,0.005304483927748102,225.53743062471253,0.13975545736067563
0.4386,3.993,5.4348,5.1004,4.8427333333333324,0.01,0.0374,0.0279,0.0251,2.200628513990152,0.005702916198805846,253.5182000600182,0.1407197925500232,2.1959817718908057,0.00556681098461024,247.4677606499356,0.139906249931547
0.4577,3.9949,5.442,5.1058,4.847566666666666,0.0105,0.0393,0.0293,0.026366666666666667,2.201727167361676,0.00598772342401673,277.77053148305316,0.14088098497179707,2.197054009224201,0.00584445144215144,271.1241432431209,0.14006220596955785
0.4767,3.997,5.4496,5.1115,4.8527,0.011,0.0412,0.0307,0.027633333333333333,2.2028934015660093,0.0062720541342922796,303.03896605101124,0.14105206785008365,2.1981930418928113,0.0061215912319208185,295.76923887911295,0.14022786763736778
0.4958,3.9991,5.4576,5.1174,4.858033333333333,0.0114,0.0432,0.0321,0.0289,2.2041044244371104,0.006555950725292993,329.447130129379,0.14122970016315733,2.199374741258776,0.006397052001590913,321.4622121978105,0.14039968106095893
0.5149,4.0013,5.4659,5.1236,4.8636,0.0119,0.0452,0.0335,0.0302,2.205367742681337,0.006846930653678782,357.32413138003324,0.14141498673339353,2.2006075839416614,0.006680333318590488,348.6298344663251,0.14057890821540434
0.5339,4.0036,5.4747,5.1301,4.869466666666667,0.0124,0.0473,0.035,0.031566666666666666,2.2066983990622697,0.0071524651216602715,387.04298019343264,0.14161013613851114,2.2019057655709866,0.006977498241884941,377.5749574304402,0.14076760192593518
0.553,4.006,5.4838,5.1369,4.875566666666667,0.0129,0.0494,0.0365,0.032933333333333335,2.2080811308256947,0.007457455451600966,417.9836792962216,0.14181289353823778,2.20325486714256,0.007274080373575179,407.7056708921626,0.1409636637807407
0.5721,4.0085,5.4933,5.1439,4.8819,0.0134,0.0516,0.038,0.034333333333333334,2.209515866418883,0.007769424482346145,450.50988336156144,0.14202325448297934,2.2046545814226666,0.0075771633390945255,439.3616258016795,0.14116704491051713
0.5911,4.0111,5.5032,5.1513,4.888533333333332,0.0139,0.0538,0.0396,0.03576666666666667,2.211017583294219,0.008088281824840098,484.57472737026694,0.14224340744627048,2.2061194822280243,0.00788688882826978,472.5091294446813,0.14137985666732045
0.6102,4.0138,5.5136,5.1589,4.895433333333333,0.0144,0.0561,0.0412,0.037233333333333334,2.2125786153172053,0.008414013648037543,520.3780159668788,0.14247222695404282,2.20764185562393,0.00820299480516831,507.3272210220037,0.1416009635200479
0.6293,4.0166,5.5244,5.1668,4.9026000000000005,0.0149,0.0584,0.0428,0.038700000000000005,2.2141988101887735,0.008739052659122715,557.3982662743682,0.1427096760746499,2.2092217704786763,0.008518350736557113,543.321354988902,0.14183036826823459
0.6483,4.0195,5.5356,5.1751,4.910066666666666,0.0154,0.0608,0.0445,0.040233333333333336,2.2158856206430695,0.009078386753936832,596.5244205788791,0.1429568620751639,2.2108664833670204,0.008847309266843552,581.3407356540915,0.14206914242421187
0.6674,4.0224,5.5473,5.1837,4.917800000000001,0.0159,0.0633,0.0462,0.0418,2.2176313536368917,0.009424469926302111,637.509499801582,0.1432126449379696,2.2125672523679465,0.009182489876044947,621.1409844359719,0.14231596347612266
0.6865,4.0255,5.5595,5.1926,4.925866666666667,0.0165,0.0659,0.0479,0.04343333333333333,2.2194509246808414,0.009784702344689679,680.8190289835774,0.1434792125160161,2.214340549119561,0.00953211337252007,663.2439027603662,0.14257327157812516
0.7055,4.0287,5.5722,5.2018,4.934233333333333,0.017,0.0686,0.0497,0.0451,2.2213366217688217,0.010151545596018137,725.8931751996989,0.1437554204997335,2.2161778875033495,0.009886831029152847,706.9645799778214,0.14283980175685143
0.7246,4.032,5.5854,5.2113,4.9429,0.0176,0.0713,0.0515,0.0468,2.2232882796865625,0.010524950908895768,772.968745873142,0.14404123913645484,2.2180790441503584,0.010248824457720391,752.6895903203085,0.14311550003261692
0.7437,4.0354,5.5991,5.2213,4.951933333333333,0.0181,0.0742,0.0534,0.04856666666666667,2.2253207434635254,0.010912284624437935,822.5399343240246,0.1443388442873155,2.2200585104489186,0.010622763179770194,800.7165528527345,0.1434024890054767
0.7628,4.0389,5.6133,5.2315,4.961233333333333,0.0187,0.0771,0.0554,0.0504,2.2274113518748795,0.011313581561288068,874.6903233581228,0.14464492032363244,2.2220941410242196,0.011011177323967211,851.3104538893662,0.14369753244537398
0.7818,4.0425,5.6281,5.2422,4.970933333333334,0.0193,0.0802,0.0574,0.05229999999999999,2.229589848768876,0.011728614576548122,929.3641302428824,0.14496380523989788,2.224214662483297,0.011412316235916264,904.3009541686706,0.14400478457073393
0.8009,4.0462,5.6434,5.2532,4.980933333333333,0.0198,0.0834,0.0594,0.0542,2.2318335003362315,0.01214248284915753,985.6649601446761,0.14529214332734153,2.2263981722277646,0.011810909843896012,958.7495510742141,0.14432104844961535
0.82,4.05,5.6594,5.2646,4.9913333333333325,0.0204,0.0867,0.0615,0.0562,2.234164614464769,0.012577408046875746,1045.3182405359844,0.14563322687847285,2.2286658163857846,0.012230583286797535,1016.4933628960065,0.1446493809390976
0.839,4.0539,5.676,5.2764,5.0020999999999995,0.021,0.0902,0.0637,0.0583,2.2365754776856317,0.013033318254097278,1108.3080471472604,0.14598592333676053,2.2310103383645563,0.012669993832024919,1077.4122021400738,0.14498874274058535
0.8581,4.058,5.6933,5.2887,5.013333333333334,0.0216,0.0938,0.066,0.06046666666666667,2.239088129438579,0.013502520484044359,1174.3465392813555,0.14635342334060045,2.2334539156280924,0.013121899561443074,1141.2430262177702,0.14534232732817168
0.8772,4.0621,5.7112,5.3013,5.024866666666667,0.0223,0.0976,0.0683,0.06273333333333334,2.241665108533317,0.013992574781690904,1244.0555846155607,0.14673027101487932,2.2359582404745986,0.013594386534634706,1208.6533573480872,0.14570454687592962
0.8962,4.0664,5.7299,5.3144,5.036899999999999,0.0229,0.1016,0.0707,0.06506666666666666,2.2443507132375595,0.014495654864212188,1316.6983919327733,0.14712289879633578,2.2385679770803444,0.014077767165381347,1278.7399784486404,0.14608187707539286
0.9153,4.0708,5.7493,5.328,5.049366666666667,0.0236,0.1058,0.0733,0.06756666666666668,2.2471298777756177,0.015033992323925731,1394.7016414830366,0.1475291518615683,2.2412676060882877,0.014595719513167687,1354.0431260726727,0.14647207786495436
0.9344,4.0754,5.7695,5.342,5.0623,0.0242,0.1102,0.0759,0.07010000000000001,2.2500094811167775,0.015577712135960107,1475.298936806151,0.14794995010104725,2.244064598069285,0.015117068816764232,1431.6733650196657,0.14687617469198755
0.9534,4.08,5.7905,5.3566,5.0757,0.0249,0.1149,0.0786,0.0728,2.252989353377607,0.016156312476771705,1561.2085365747243,0.14838532945832456,2.2469566168216906,0.015672261115047947,1514.4339325832354,0.14729381030804872
0.9725,4.0848,5.8123,5.3716,5.089566666666666,0.0256,0.1198,0.0814,0.0756,2.256069012732345,0.016754806606834538,1651.4770956899458,0.14883517047864817,2.249945242683317,0.016245962058334614,1601.3216306443794,0.14772522306427438
0.9916,4.0897,5.8351,5.3872,5.104,0.0263,0.125,0.0844,0.07856666666666666,2.2592703090433846,0.017387619877122392,1747.512056855038,0.1493026781848195,2.25305009780031,0.01685183679203354,1693.664123229363,0.14817320600941827
1.0106,4.0948,5.8588,5.4033,5.118966666666666,0.027,0.1305,0.0874,0.08163333333333334,2.262585269628764,0.018039835764225874,1847.801855151642,0.14978663616254986,2.256264694654714,0.01747537113943963,1789.984323191852,0.1486368069990953
1.0297,4.1,5.8836,5.42,5.134533333333333,0.0277,0.1364,0.0906,0.08489999999999999,2.266028302284398,0.01873321703758723,1955.0893186395529,0.1502891853856316,2.259601377710878,0.018137345563557825,1892.901283780435,0.14911778393813804
1.0488,4.1053,5.9094,5.4374,5.1507,0.0285,0.1427,0.094,0.08839999999999999,2.269598922296819,0.019474806568586096,2070.185950959208,0.15081026217318094,2.2630598439993332,0.01884565138739186,2003.30630250188,0.14961609419937846
1.0679,4.1108,5.9364,5.4553,5.1675,0.0293,0.1495,0.0976,0.09213333333333333,2.2733039034575864,0.020264191952779072,2193.327090071261,0.15135083542273703,2.2666471495883487,0.01959845233664138,2121.269702418644,0.15013274630307608
1.0869,4.1164,5.9645,5.4739,5.184933333333333,0.03,0.1568,0.1013,0.09603333333333335,2.277142500653863,0.021086368838529265,2322.923529604353,0.15191073143784142,2.2703617277201826,0.020379962294638593,2245.104138563833,0.1506674345074238
1.106,4.1221,5.994,5.4932,5.2031,0.0309,0.1646,0.1052,0.10023333333333334,2.2811362701251325,0.02197004507052697,2462.8025825916934,0.15249315411082268,2.2742234415320404,0.02122123978086579,2378.862854870796,0.15122298968794146
1.1251,4.1281,6.0249,5.5133,5.2221,0.0317,0.1732,0.1093,0.10473333333333333,2.285306341522096,0.02291450634657396,2613.034572102134,0.15310114663822894,2.2782551148536423,0.022117369707192497,2522.133831501868,0.1518027852134469
1.1441,4.1342,6.0572,5.5341,5.241833333333333,0.0325,0.1825,0.1137,0.10956666666666666,2.2896300620795316,0.02392671822433337,2774.537801579136,0.15373142951305432,2.282432323469392,0.023076321607740303,2675.9259678562444,0.15240321094651096
1.1632,4.1404,6.0911,5.5557,5.2624,0.0334,0.1927,0.1184,0.11483333333333334,2.2941286763469977,0.025027657453854105,2950.652879840008,0.1543871443883657,2.2867749821413286,0.02411880082519254,2843.5026028447896,0.15302713548294122
1.1823,4.1468,6.1268,5.5781,5.2839,0.0343,0.2039,0.1233,0.1205,2.2988229412224603,0.026209065047856042,3140.673165144663,0.15507124855276397,2.2913036822473187,0.025235141903061625,3023.9664348517654,0.15367747093046807
1.2013,4.1534,6.1642,5.6015,5.3063666666666665,0.0353,0.2164,0.1286,0.12676666666666667,2.3037195267788673,0.02751347661750604,3349.9665775585477,0.15578486404116193,2.296025123330895,0.02646671948933037,3222.516257740422,0.15435533931738654
1.2204,4.1602,6.2036,5.6258,5.329866666666667,0.0362,0.2303,0.1342,0.1335666666666667,2.308831594508245,0.02892516435247639,3577.845310666505,0.15652982037224825,2.3009511041098722,0.027795250539111516,3438.0826877357663,0.1550623263343516
1.2395,4.1671,6.2451,5.6512,5.354466666666666,0.0372,0.246,0.1403,0.14116666666666666,2.314173058454634,0.030500455908194668,3831.743132169181,0.15730837431574538,2.306093530236776,0.029276071835202883,3677.9249309939296,0.15580029803893994
1.2585,4.1742,6.2888,5.6776,5.380199999999999,0.0383,0.2638,0.1469,0.14966666666666664,2.3197501282196735,0.032259221552779646,4114.8179778099475,0.158121538433184,2.3114591721219253,0.030927093042280227,3944.8986158443186,0.15657036942137967
1.2776,4.1816,6.3347,5.7051,5.407133333333334,0.0393,0.2842,0.154,0.15916666666666668,2.325576144540435,0.03422091059893549,4431.288138210227,0.15897137334666894,2.317062371264245,0.032762703945046774,4242.464003044247,0.15737485530105835
1.2967,4.1891,6.3829,5.7339,5.435300000000001,0.0404,0.3077,0.1617,0.16993333333333335,2.3316577593350227,0.03644045371860241,4789.242326576867,0.1598591946445071,2.322906918399499,0.03483610252774436,4578.388019183077,0.1582145604276536
1.3157,4.1968,6.4334,5.764,5.464733333333332,0.0416,0.3351,0.1702,0.18230000000000002,2.3380019810440253,0.03898628005409063,5198.908792047488,0.1607865274323141,2.32900116219106,0.037210234001696825,4962.069026261664,0.15909134308878184
1.3348,4.2048,6.4856,5.7955,5.4953,0.0428,0.3672,0.1795,0.1965,2.344580141991473,0.041905157448166794,5669.270775501222,0.16174975597597127,2.3353213521002965,0.039925863075516106,5401.495722827522,0.1600027211718804
1.3539,4.213,6.5391,5.8284,5.526833333333333,0.044,0.4049,0.1899,0.21293333333333334,2.3513577999395974,0.045278803025809895,6213.3390264594855,0.1627448061619155,2.341835345695871,0.043058138433593844,5908.610520990209,0.16094529674384386
1.373,4.2214,6.5926,5.8628,5.558933333333333,0.0453,0.4491,0.2014,0.23193333333333332,2.358251788663472,0.04917484520700417,6843.1658286304455,0.16376075714360502,2.3484687599770737,0.046670321186148535,6494.636552648865,0.16191020140280601
1.392,4.2301,6.6446,5.8988,5.591166666666666,0.0467,0.5001,0.2143,0.2537,2.365172954657251,0.05363244144586445,7566.766423817251,0.1647859002298758,2.355143755005359,0.050799709036709245,7167.108606581946,0.16288828524986973
1.4111,4.239,6.6931,5.9365,5.622866666666667,0.0481,0.5578,0.2288,0.27823333333333333,2.3719836594113817,0.05864992623987696,8388.200209278617,0.16580151740005514,2.3617352523041455,0.05544519934774214,7929.855373901678,0.1638637699191945
1.4302,4.2481,6.7361,5.9759,5.653366666666667,0.0496,0.621,0.2453,0.30529999999999996,2.3785469223052993,0.06417783839725652,9303.05063065265,0.16678875254135056,2.368118943511695,0.06056744404917123,8779.69736329961,0.16482050629607994
1.4492,4.2576,6.7727,6.017,5.682433333333333,0.0512,0.6873,0.264,0.33416666666666667,2.3848148618274565,0.07006134354819346,10290.827829108835,0.16774043638753364,2.3742534743277646,0.06602867892853344,9698.497519814759,0.16575243341974824
1.4683,4.2673,6.8031,6.0597,5.710033333333333,0.0529,0.7542,0.2854,0.3641666666666666,2.3907809961360296,0.07616060761216205,11334.14396010036,0.16865505754331142,2.380126336520281,0.071704838282715,10671.040912260598,0.1666563436234625
1.4874,4.2773,6.8292,6.104,5.736833333333333,0.0546,0.82,0.3101,0.3949,2.3965853051387898,0.08238805419386896,12420.399030638315,0.16955211349307975,2.3858639224086744,0.07751577093387746,11685.878682130106,0.1675482891472795
1.5064,4.2876,6.8536,6.1496,5.7636,0.0565,0.8848,0.3386,0.42663333333333336,2.402391367030033,0.08879347037047504,13557.039538188048,0.17045580435258992,2.391612876358456,0.08350863776642237,12750.148172562689,0.1684484581949536
1.5255,4.2983,6.8778,6.1958,5.790633333333333,0.0585,0.9505,0.3718,0.46026666666666677,2.4082701199826015,0.0955596016509137,14775.087726796692,0.17137905390679273,2.397439235246664,0.08984877543232124,13892.099969266754,0.16936881799735137
1.5446,4.3092,6.901,6.2417,5.8173,0.0606,1.0198,0.4102,0.49686666666666673,2.414102380280893,0.10290919530282219,16110.675056935428,0.17230908192104025,2.4032323159952025,0.09674099567463025,15145.028988052161,0.17029905670064113
1.5636,4.3205,6.9206,6.2856,5.842233333333333,0.0629,1.0942,0.4538,0.5369666666666667,2.419616849374315,0.11096109427521816,17584.900620417025,0.17321104300848514,2.4087457641042715,0.10429941651992108,16529.170753500013,0.17121016257543697
1.5827,4.3321,6.933,6.3262,5.863766666666667,0.0653,1.1726,0.5022,0.5800333333333333,2.4244743171591034,0.11962043260845685,19188.78587200072,0.1740378250994708,2.4136637951117605,0.1124411758558515,18037.132951660755,0.17206035131257494
1.6018,4.3441,6.936,6.3621,5.8807333333333345,0.0678,1.2515,0.5539,0.6244000000000001,2.4284277111166395,0.12856054910378334,20871.782168891466,0.1747511413452333,2.4177526066464887,0.12086895162782714,19623.052693417965,0.1728138773915442
1.6208,4.3565,6.9301,6.3931,5.893233333333334,0.0705,1.3269,0.607,0.6681333333333334,2.431483072922433,0.1373921416056362,22570.170856080465,0.17534582719564484,2.421008962051266,0.12922401470385078,21228.347243805674,0.1734628934418372
1.6399,4.3694,6.918,6.4201,5.9025,0.0734,1.3956,0.6596,0.7095333333333332,2.4338748089025897,0.14576208495564602,24227.324882424975,0.17584769178383142,2.4236437292661943,0.13717407955620894,22799.900206333838,0.17402735481176035
1.659,4.3827,6.9035,6.4448,5.910333333333334,0.0765,1.4566,0.7112,0.7481,2.435962221486746,0.15355328448883135,25819.570992495468,0.1763034024041299,2.4259847423852774,0.14460250789007043,24314.522027903087,0.17454647061915896
1.6781,4.3966,6.8899,6.4688,5.918433333333333,0.0799,1.5109,0.7624,0.7844000000000001,2.4380956339293567,0.16086325513323377,27360.13371136942,0.1767625461181999,2.42836108954419,0.15159446278944833,25783.66805015395,0.1750647599047632
1.6971,4.4111,6.8797,6.4923,5.927700000000001,0.0836,1.5607,0.8147,0.8196666666666665,2.4404715049780457,0.16793202973169657,28885.806398153174,0.17725674554401727,2.4309577958610236,0.15836648972418563,27240.448230374193,0.17561122548812502
1.7162,4.4261,6.8742,6.5143,5.938199999999999,0.0877,1.6092,0.8691,0.8553333333333333,2.4431214160490313,0.17504928893721652,30448.911654679327,0.17779658027699025,2.4338077692000435,0.16518345266479376,28732.80084450474,0.1761971453618825
1.7353,4.4417,6.8724,6.5333,5.949133333333333,0.0924,1.6604,0.9253,0.8927,2.445901785222593,0.182488930134772,32096.273891241133,0.1783688273266967,2.43678833901683,0.1723018534554517,30304.564098164552,0.17681513327636242
1.7543,4.4579,6.8712,6.5482,5.959099999999999,0.0976,1.7177,0.9818,0.9323666666666667,2.4485402279231616,0.1903923521521016,33852.978715068086,0.17894001912306623,2.4396576573903546,0.17985524752899604,31979.414076087913,0.17744049857963629
1.7734,4.4747,6.8642,6.5598,5.966233333333334,0.1036,1.7818,1.0365,0.9739666666666666,2.450657287735507,0.19871539597579604,35717.55697042382,0.1794575945371941,2.442070818969125,0.1878224546559318,33759.634936968876,0.17803003759576472
1.7925,4.4921,6.8452,6.57,5.9691,0.1104,1.8488,1.0887,1.0159666666666667,2.451942463544715,0.20717587826222983,37639.32950477405,0.17987202852559075,2.443736050286868,0.19596302754808467,35602.199573154525,0.17853898410524863
1.8115,4.51,6.8106,6.5808,5.967133333333333,0.1182,1.9101,1.139,1.0557666666666667,2.4522383140813795,0.21526591861080216,39523.65872727831,0.18014740147993574,2.4444829094730913,0.20382895252617014,37423.78733415863,0.17892679953925572
1.8306,4.5282,6.7634,6.5929,5.9615,0.1272,1.9551,1.1893,1.0905333333333334,2.451726382233073,0.22240110911970007,41264.24774918302,0.1802903601671099,2.4444363797287445,0.21088156450005616,39126.91423936264,0.17918278589150596
1.8497,4.5466,6.7129,6.6059,5.955133333333333,0.1376,1.976,1.241,1.1182,2.4509528660625723,0.22811536188298434,42766.07121903103,0.18035955046431515,2.4440638320566057,0.21666147642357556,40618.74682470563,0.1793416811604421
1.8687,4.5648,6.6724,6.619,5.952066666666667,0.1496,1.9707,1.2952,1.1384999999999998,2.450718287763743,0.23227883957214682,43993.92993440394,0.18045840588557757,2.444089254265363,0.22099601506505603,41856.947539703484,0.17948427921664148
1.8878,4.5823,6.6552,6.631,5.956166666666667,0.163,1.945,1.3526,1.1535333333333335,2.4518368351112896,0.23523860087553014,45009.904861269715,0.1807079681126425,2.445290320473411,0.22414966840930903,42888.179117875465,0.179722855144534
1.9069,4.5986,6.6701,6.6402,5.969633333333333,0.1775,1.9106,1.414,1.1673666666666664,2.454825413014842,0.23776979423416295,45954.50857162925,0.18120309146744326,2.448195607849233,0.2268152037308373,43837.28075131163,0.18015999620382747
1.9259,4.6133,6.7201,6.6436,5.992333333333334,0.1924,1.8821,1.4794,1.1846333333333334,2.4597398617282833,0.24080459721886557,47004.78087978935,0.18198088815081268,2.4529045663432147,0.2298639655291174,44869.18213623347,0.1808513496613536
1.945,4.6267,6.8013,6.6372,6.021733333333334,0.207,1.874,1.5465,1.2091666666666667,2.466137423798613,0.24515395107304594,48328.35670569639,0.18300655445161057,2.459033517744975,0.2340818929260651,46145.669568689715,0.18178330001395424
1.9641,4.6392,6.9041,6.6185,6.053933333333333,0.2204,1.8982,1.6093,1.2426333333333333,2.4732653231194806,0.25121310716596024,50009.14348036139,0.18419045707426115,2.4658775492784524,0.23985695338168492,47748.4671550306,0.1828807104664352
1.9832,4.6521,7.0151,6.5889,6.085366666666666,0.2323,1.9617,1.6598,1.2846,2.480407517008707,0.2589493845650789,52050.50200551747,0.18543572977406195,2.4727616910499357,0.24715811394033727,49680.380306516214,0.1840538863685929
2.0022,4.6666,7.1187,6.5557,6.113666666666667,0.243,2.0661,1.6908,1.3333000000000002,2.4870696660956777,0.2680463716348325,54395.24227064947,0.18666756783460203,2.4792365136740377,0.255663787951843,51882.41721256433,0.18523317688575838
2.0213,4.6836,7.1992,6.5305,6.137766666666667,0.2537,2.2061,1.7002,1.3866666666666667,2.493012673651166,0.2781106332355322,56975.99201093036,0.1878434295377925,2.48513145784587,0.2649930470572397,54288.61729029491,0.186388063143386
2.0404,4.7035,7.2444,6.525,6.157633333333334,0.266,2.37,1.6931,1.4430333333333334,2.4982086850672953,0.2888136091189797,59727.79665836981,0.18895103872685715,2.4905001810703866,0.2748786439542939,56845.99074784936,0.18752691837683652
2.0594,4.7255,7.2484,6.5472,6.1737,0.2815,2.5413,1.6805,1.5011,2.5027256806150087,0.29989303494722735,62596.581055278046,0.1899923884469224,2.4954485635622077,0.28518154055267475,59525.85534977799,0.18866709731367912
2.0785,4.7483,7.2141,6.5982,6.186866666666667,0.3015,2.7027,1.6763,1.5601666666666667,2.50673276423775,0.31119525162888334,65558.12379820413,0.1909861892284738,2.5000919059699322,0.2958931479769524,62334.497472496,0.18982005047038367
2.0976,4.77,7.1517,6.6728,6.198166666666666,0.3266,2.8413,1.6932,1.6203666666666667,2.5104418625197926,0.32272539166476905,68611.88268949448,0.19196253255078666,2.504498651636406,0.3071025671925918,65290.447724510275,0.1909804808552803
2.1166,4.7881,7.0754,6.7605,6.208000000000001,0.3563,2.9514,1.74,1.6825666666666665,2.5139584714803496,0.3346448809227707,71790.4215127734,0.19294369308205647,2.5086033915770805,0.3189394252251257,68421.17444264017,0.19212095992219277
2.1357,4.8006,6.9982,6.8486,6.215800000000001,0.3893,3.0352,1.8204,1.7483000000000002,2.517219716944166,0.3472680569422809,75170.70272741468,0.1939370306322911,2.512235717479305,0.3315919832582475,71777.4120078154,0.19321130821414498
2.1548,4.8061,6.9283,6.9237,6.219366666666667,0.4228,3.0987,1.933,1.8181666666666667,2.51982604346864,0.36077225873971197,78792.27275773698,0.19490080024118864,2.514992798230321,0.34508062116641947,75365.23601159285,0.1942011834021997
2.1738,4.8046,6.8697,6.9738,6.216033333333333,0.4536,3.1484,2.0706,1.890866666666667,2.5212395684776197,0.37498750422364974,82618.99462529585,0.19576041635944985,2.516417853505166,0.3591217154730712,79123.37010248953,0.19503414063154936
2.1929,4.7981,6.8244,6.9905,6.2043333333333335,0.4784,3.1896,2.2214,1.9631333333333334,2.5210950122228115,0.38934140201294287,86535.22784522577,0.19644432852675248,2.5162690919104542,0.3731009568229757,82925.61782801268,0.19567353261057874
2.212,4.79,6.7941,6.9716,6.185233333333333,0.4956,3.2275,2.37,2.0310333333333332,2.5194637544394265,0.4030685755559188,90366.52639118701,0.1969253943285339,2.5147253755656993,0.38628976990662284,86604.77845182341,0.19612716978236291
2.231,4.7842,6.7798,6.923,6.162333333333334,0.5054,3.2688,2.5015,2.0919000000000003,2.5169477202021002,0.4155628627502896,93967.96574763092,0.19724916794247413,2.5124447441918547,0.39815951743533495,90032.68398153018,0.19646425317299973
2.2501,4.7838,6.7789,6.8577,6.140133333333334,0.5101,3.3214,2.6061,2.1458666666666666,2.5144023292297777,0.4267150570378283,97315.79005192862,0.19751683812298543,2.5102798184671253,0.408680577772979,93202.88245964194,0.1967921108734625
2.2692,4.7904,6.7844,6.7914,6.122066666666666,0.5131,3.3919,2.6828,2.195933333333333,2.5125735676975864,0.4369888630456284,100504.76888467744,0.19784594797644442,2.5089435748410165,0.41836009863572715,96220.26687568978,0.19722103997135876
2.2883,4.8036,6.7864,6.7367,6.108899999999999,0.5178,3.4822,2.7392,2.2464,2.51174620578895,0.4471789376694602,103714.10548737232,0.19831471964751796,2.508691581711588,0.4280011583746921,99266.20766115283,0.19781823179771085
2.3073,4.8214,6.7755,6.6989,6.0986,0.5268,3.588,2.7874,2.300733333333333,2.5116479907309954,0.45801269561339303,107108.78871323077,0.1989288181381086,2.509238949709948,0.43833604101944307,102507.2947815744,0.19858170901203295
2.3264,4.8415,6.7469,6.6753,6.0879,0.5413,3.7014,2.8385,2.3604,2.5117098522276113,0.4698791140040685,110793.44229232061,0.19963949069792467,2.510011331870269,0.4497682688832206,106051.47847239401,0.19945882552661645
2.3455,4.8611,6.7009,6.6589,6.073633333333333,0.5613,3.8143,2.8984,2.4246666666666665,2.511310456288631,0.4827492874477155,114762.65955889862,0.20036908473048604,2.510362361844195,0.46228213719966055,109897.06025687429,0.20036428931731684
2.3645,4.8782,6.6415,6.6424,6.054033333333334,0.5859,3.9216,2.9677,2.4917333333333334,2.510059005789939,0.49634955345385634,118951.6524019344,0.20105560509614875,2.5098706735215486,0.475602177004873,113979.4816919209,0.2012274497540223
2.3836,4.8914,6.573,6.6207,6.028366666666667,0.6132,4.0221,3.0434,2.5595666666666665,2.507748975024092,0.510331514868245,123290.40826898598,0.201655187414838,2.508313495976584,0.4893544929996941,118222.59349546801,0.2020005772810494
2.4027,4.9005,6.4976,6.5921,5.996733333333334,0.6412,4.1163,3.1215,2.6263333333333336,2.504333136360283,0.5243578210905203,127694.09780041728,0.2021432331117604,2.5056496302994717,0.5031814122441981,122537.11851352481,0.20266263646245508
2.4217,4.9064,6.4155,6.5566,5.959499999999999,0.6682,4.205,3.1985,2.6905666666666668,2.49982145834664,0.5381517663357813,132089.603748143,0.20250433261170908,2.501914232510207,0.5168014278518647,126849.15314174356,0.20320829438596352
2.4408,4.9106,6.3261,6.5162,5.917633333333334,0.6937,4.2867,3.2714,2.7506,2.494322474194574,0.5513721718937283,136401.945074728,0.20272893900967445,2.497228140617742,0.5299032790929875,131090.83420280265,0.20363520054737458
2.4599,4.9141,6.2299,6.4742,5.872733333333334,0.7183,4.3584,3.3388,2.8051666666666666,2.488074798613856,0.5637223342781872,140548.50150086186,0.2028242931013931,2.491809244647524,0.5422290469563769,135189.7474800975,0.20394749571386228
2.4789,4.9167,6.13,6.4345,5.827066666666667,0.743,4.4169,3.4013,2.853733333333333,2.481471573992272,0.5750082659101662,144469.65006291945,0.20282194027022038,2.485991661474935,0.5536014339173444,139091.22733352892,0.20416002231292693
2.498,4.9172,6.0322,6.4005,5.7833000000000006,0.768,4.4607,3.4627,2.897133333333333,2.4750434387775115,0.585269189207504,148180.69294212575,0.20278615591435553,2.4802329806704058,0.564022823237206,142801.45670342373,0.20431237954151996
2.5171,4.9141,5.9431,6.3724,5.743200000000001,0.792,4.4917,3.529,2.9375666666666667,2.4692168627535542,0.5948377218254598,151754.82101056143,0.2027903594796461,2.4749186783389767,0.5737326684076934,146370.50611875762,0.20445880832723287
2.5361,4.9072,5.8681,6.3461,5.707133333333334,0.8123,4.5159,3.6057,2.977966666666667,2.464193318056441,0.6042477765128123,155319.13404417093,0.20289730116793592,2.470282060144287,0.5831469016323679,149895.250429871,0.20466292711871803
2.5552,4.8986,5.8086,6.3138,5.673666666666667,0.826,4.5421,3.6949,3.0209999999999995,2.459826384452671,0.614067728335265,159032.06507394376,0.20313235555400286,2.4662933056060985,0.5927498456562973,153511.1318787876,0.2049792453043162
2.5743,4.892,5.7613,6.2674,5.6402333333333345,0.8318,4.579,3.7934,3.0680666666666667,2.4556998723939008,0.6246827434322845,162990.46213601946,0.20347650887634341,2.462689299005595,0.6029242737772743,157313.30351153587,0.2054351702914385
2.5934,4.8921,5.7183,6.2018,5.604066666666667,0.8305,4.6329,3.8929,3.118766666666667,2.451276304261303,0.636151596057327,167214.39164748293,0.20387239199910623,2.459079048029879,0.6138241245467374,161345.5475090595,0.2060264027082975
2.6124,4.9028,5.6692,6.1178,5.563266666666666,0.8259,4.7053,3.9834,3.171533333333333,2.4461254330700646,0.6482769220368289,171649.9819376495,0.20425608793054675,2.4551009473950383,0.6254239985377926,165599.01240211946,0.20672366358784075
2.6315,4.9254,5.6033,6.0221,5.516933333333334,0.8235,4.7925,4.0574,3.224466666666667,2.4399858150166205,0.6607552074323644,176233.10555674223,0.20457507452618998,2.450461325968726,0.6376026390991817,170057.97598821874,0.20747858665458196
2.6506,4.9587,5.5124,5.9241,5.465066666666666,0.829,4.8851,4.1124,3.2754999999999996,2.4327509368902764,0.6732090717406088,180857.98119244084,0.20478776351642966,2.444938508800791,0.6501358685573565,174659.35267934515,0.2082258631367432
2.6696,4.9985,5.3938,5.8326,5.4083,0.847,4.9699,4.1512,3.3226999999999998,2.424432295318362,0.6852532047226509,185413.26194313733,0.20486357151175325,2.43836287135136,0.6627206460827474,179316.48608195697,0.20888599651204806
2.6887,5.0389,5.2525,5.7532,5.348199999999999,0.8799,5.0329,4.1808,3.3645333333333327,2.4152319704897867,0.6965238483181878,189811.21254838575,0.20479350079281455,2.4307231133610734,0.6749860844660049,183941.9101802979,0.20938479368548482
2.7078,5.0736,5.1007,5.6875,5.287266666666667,0.9272,5.0643,4.2095,3.4003333333333337,2.4055724630352637,0.7067617761642728,193969.3734283627,0.20460088858508818,2.4222425363019897,0.6865603501222345,188425.13195424143,0.20967468467272168
2.7268,5.0966,4.9547,5.6323,5.227866666666666,0.9855,5.0618,4.2455,3.4309333333333334,2.3959358658259067,0.7159902279251227,197880.91314068297,0.20433992266191256,2.4132739492502306,0.6972476603427727,192700.95922071938,0.20974548081417357
2.7459,5.1042,4.8303,5.5805,5.171666666666667,1.049,5.0324,4.2949,3.458766666666667,2.386769648085343,0.7245706910680039,201655.00495729173,0.2040925061445694,2.4042710895307633,0.707136638220551,196802.9400632553,0.20964541999509
2.765,5.0955,4.7372,5.5216,5.118099999999999,1.1108,4.9906,4.3587,3.4867000000000004,2.3781296366675373,0.7330761002764129,205441.28462200874,0.2039174118065616,2.3954516780098962,0.7165684177280175,200815.08072913057,0.20945102384788053
2.784,5.0732,4.676,5.4455,5.064900000000001,1.164,4.9537,4.4315,3.5163999999999995,2.3696831652295653,0.7419557288493769,209358.57274680265,0.2038199651199013,2.3867529897291617,0.7258943677736424,204826.51847396683,0.20924198037523167
2.8031,5.0426,4.6385,5.3463,5.009133333333334,1.2044,4.9364,4.5015,3.5474333333333328,2.3608459046658568,0.7513055651625471,213451.2599715597,0.20374481729023758,2.3778455501850333,0.7352852150480355,208899.7644473808,0.20906195535148056
2.8222,5.0098,4.611,5.2266,4.949133333333333,1.2304,4.9468,4.5547,3.5772999999999997,2.351145331980625,0.7607568854508987,217609.1761701341,0.20360401374867182,2.368406457616615,0.7445490351284113,212973.03415996363,0.20890830145530392
2.8412,4.9804,4.5785,5.0978,4.885566666666667,1.2435,4.9857,4.5804,3.6031999999999997,2.3405272898183163,0.7697410783618122,221661.3609894326,0.20333485503324739,2.3584012053691192,0.7533066588079014,216928.7620574072,0.20876190025855254
2.8603,4.9584,4.5278,4.9759,4.8206999999999995,1.2463,5.0474,4.577,3.6235666666666666,2.3293135717870888,0.777818562205561,225493.18181364133,0.20292661522658972,2.348108450476334,0.7612419959782607,220687.55895534984,0.2086212702052397
2.8794,4.9463,4.4495,4.8753,4.757033333333333,1.242,5.1213,4.5523,3.638533333333333,2.3179783780283976,0.7848505766538165,229051.16631916855,0.20241404850042574,2.337957358163145,0.7682913754485451,224218.5211479665,0.20851727189630098
2.8985,4.9462,4.3396,4.8035,4.696433333333333,1.2337,5.1937,4.5214,3.6495999999999995,2.3069689629484444,0.7909946034418236,232375.50722699225,0.2018593343346046,2.3283737819752983,0.7746916537793368,227586.0861858977,0.20851662324940223
2.9175,4.9598,4.2005,4.7581,4.639466666666666,1.2255,5.2501,4.5005,3.6586999999999996,2.2965188332304,0.7965752222579179,235548.95596642516,0.20131977383096916,2.319536458165928,0.7808904456443914,230910.93478192168,0.20867914399312584
2.9366,4.9877,4.0419,4.7288,4.586133333333334,1.2225,5.2781,4.5021,3.667566666666667,2.2867457921407626,0.8019183153789109,238681.33187777537,0.2008416681487374,2.3114142626587175,0.7873279652846387,234338.68983272067,0.20902166944955924
2.9557,5.0287,3.8784,4.7002,4.5357666666666665,1.231,5.2718,4.531,3.6779333333333333,2.2776434225217486,0.8073988441222332,241875.56700623664,0.2004649252811854,2.303774427422946,0.7944085859333142,237984.0255606726,0.20950718221081233
2.9747,5.0783,3.726,4.657,4.4871,1.2568,5.2338,4.5835,3.6913666666666667,2.269081036454797,0.8134056491067511,245241.45450498234,0.20021954515657495,2.2962637065694422,0.802397667775072,241922.55285251743,0.2100518126812715
2.9938,5.1295,3.5963,4.5883,4.438033333333333,1.3039,5.1745,4.6488,3.7090666666666667,2.260742957966941,0.8203202963865883,248914.25371872116,0.2001171292407893,2.2884528187864084,0.811456659557073,246224.71213798612,0.21056497808473887
3.0129,5.1732,3.4934,4.4901,4.385566666666667,1.3733,5.1087,4.7124,3.731466666666666,2.252085870387947,0.828446800304262,252983.89095047076,0.20013902967031502,2.2798190048454514,0.8216565491591871,250910.3430116278,0.21097235148185997
3.0319,5.2002,3.4126,4.3657,4.3261666666666665,1.4614,5.0498,4.7601,3.7571,2.242325367808016,0.8377686962692553,257443.85334298332,0.20020711274345737,2.2697026870376593,0.8328220978404567,255923.7782123162,0.2112069270265631
3.051,5.2029,3.3431,4.2245,4.256833333333333,1.5608,5.0057,4.7816,3.7826999999999997,2.2306410953990645,0.847895254822083,262197.1326104022,0.2001981198493026,2.257429132752207,0.8444901128606475,261144.1505901087,0.21119755585317115
3.0701,5.178,3.2724,4.0791,4.1765,1.6608,4.9766,4.7716,3.8030000000000004,2.216420109567002,0.8579149736966949,266956.37416848255,0.19994772313565812,2.2425204068629685,0.855749390547401,266282.5122553318,0.21085243747935653
3.0891,5.1276,3.191,3.9428,4.087133333333333,1.7499,4.9556,4.7311,3.8121999999999994,2.1995667313716054,0.8665797553736385,271321.3891795847,0.19929772470860224,2.2249876781715265,0.8653921120722577,270949.5445474175,0.21008255724772584
3.1082,5.0588,3.0957,3.8273,3.993933333333333,1.819,4.9324,4.6664,3.8059333333333334,2.180696424377726,0.8726417145429534,274908.67914315645,0.1981505390451664,2.205518593386549,0.8722350501137172,274780.5674803369,0.20884386025555132
3.1273,4.9819,2.9893,3.7408,3.904,1.8639,4.8971,4.5888,3.7832666666666666,2.1610632513600527,0.8753252974631099,277448.6081039459,0.1965198914377287,2.185398855225248,0.8755882000714976,277531.9393671637,0.2071866261590951
3.1463,4.9071,2.8792,3.6855,3.823933333333333,1.8857,4.8434,4.5124,3.7471666666666668,2.1421700064235916,0.8746193475378404,278909.13320520084,0.19453601257162434,2.1661158132390703,0.8755214099444384,279196.7937110306,0.20525511465446758
3.1654,4.8418,2.7751,3.6561,3.7576666666666667,1.8896,4.7694,4.4513,3.703433333333333,2.1252765049390985,0.8712827071504885,279531.79798659,0.19240804734931657,2.1488670574787325,0.8728370806954241,280030.48438102065,0.20324225819212124
3.1845,4.7893,2.6861,3.6406,3.7053333333333334,1.882,4.678,4.4154,3.658466666666667,2.110975095300872,0.8665347769404249,279686.03092011914,0.19034796606712243,2.1341820232118347,0.8687309385308023,280394.87231323746,0.20131995235003766
3.2036,4.7501,2.6198,3.6235,3.6644666666666663,1.8688,4.5761,4.4064,3.6171,2.09921661224842,0.8615356745214139,279740.3255461166,0.1885037079666661,2.121992949647954,0.8642904006357733,280634.7841307241,0.19958780378967156
3.2226,4.7228,2.5798,3.591,3.6311999999999998,1.8538,4.474,4.4175,3.5817666666666668,2.08945655854803,0.8571048419297236,279952.1948709925,0.18693209823170107,2.111829606292634,0.8602639315495901,280984.03371918364,0.198081229595111
3.2417,4.706,2.5649,3.5356,3.602166666666667,1.8396,4.3832,4.4356,3.5528,2.0810589298405393,0.8536038910421996,280461.1642960987,0.18562013233448088,2.1031775531427974,0.8570271570379209,281585.91686216666,0.19680946234027683
3.2608,4.6987,2.5683,3.4589,3.5753,1.8279,4.3144,4.4462,3.5295,2.073554513622772,0.8510748033900254,281277.7769342793,0.18452811885514014,2.0956610759584784,0.8547341043441022,282487.1653845029,0.19579013881056415
3.2798,4.7004,2.5784,3.3703,3.5497,1.8207,4.2742,4.4395,3.511466666666667,2.0667331739277035,0.8495210487170277,282400.22016683687,0.1836368567625442,2.0890608836888744,0.8535431056113381,283737.2438394017,0.19505874803271864
3.2989,4.7104,2.581,3.282,3.5244666666666666,1.8207,4.2637,4.4139,3.4994333333333336,2.0604787709104952,0.8491796622070962,283930.63957950706,0.18296866064467612,2.0831689513444176,0.8538014903762249,285475.98821006255,0.1946621435675914
3.318,4.7265,2.5623,3.2032,3.4973333333333336,1.8312,4.2768,4.3751,3.4943666666666666,2.0544113829034147,0.8504544649008474,286003.25294883957,0.18254358055465195,2.0774863682380085,0.8559481965256284,287850.76528531534,0.19461158735691783
3.337,4.7445,2.5122,3.1371,3.4646000000000003,1.8553,4.3018,4.3322,3.4964333333333335,2.0477848205771507,0.8537111170566969,288742.471176526,0.18234272688694456,2.071170496821381,0.8603352286617753,290982.8805093617,0.19486475226816904
3.3561,4.7585,2.4268,3.08,3.4217666666666666,1.8937,4.3227,4.293,3.503133333333333,2.039454390018522,0.8588408131307896,292140.0456248854,0.18224668419558576,2.0630081940941456,0.8668368693267325,294859.95388516755,0.19528478855907727
3.3752,4.7621,2.3098,3.0249,3.3656,1.9443,4.3234,4.2602,3.5093,2.0282936472980184,0.8650867700233881,295939.34495612566,0.1820520533136757,2.051793718039479,0.8746760669136845,299219.76761271927,0.19564725564197638
3.3942,4.7506,2.1717,2.9658,3.2960333333333334,2.0016,4.2907,4.2312,3.5078333333333336,2.013631554515465,0.8710216438223762,299646.977556961,0.18150497512396527,2.0367622759921624,0.8823804843719826,303554.6212571847,0.19566695330901931
3.4133,4.7225,2.0277,2.9005,3.2169000000000003,2.0586,4.2175,4.2005,3.4922000000000004,1.9956129861289966,0.874969251120684,302698.85432782094,0.18038484461734322,2.017965527872764,0.888177941027573,307268.4495414421,0.19507029317074623
3.4324,4.6795,1.8944,2.8308,3.1349,2.1089,4.104,4.1635,3.4588,1.9752179525268434,0.8755489477946596,304594.35422566935,0.17857614155561508,1.996325828183159,0.8905314804776717,309806.62120256637,0.19366606602034306
3.4514,4.6259,1.786,2.7602,3.057366666666667,2.1476,3.9574,4.1182,3.4077333333333333,1.953917978066099,0.8720256867450895,305047.9411413961,0.1760887311035416,1.9733433046379218,0.8885224016538295,310818.7446796396,0.19138828074316883
3.4705,4.5669,1.7116,2.6916,2.9900333333333333,2.1725,3.7894,4.0651,3.342333333333334,1.9332119758593913,0.8644508142588788,304071.6018362772,0.17304656921537437,1.9506347265697832,0.8820376617416654,310257.79635091353,0.1883029161087932
3.4896,4.5078,1.6739,2.6262,2.935966666666667,2.1834,3.6132,4.0052,3.2672666666666665,1.9142317418197068,0.8534146089231435,301841.7058999061,0.1696264464051854,1.9295267389244521,0.8715891039321034,308269.7896472606,0.18457872179656845
3.5087,4.4531,1.6707,2.5643,2.8960333333333335,2.1819,3.4398,3.9385,3.186733333333333,1.8976443195344417,0.8396550661599087,298600.5993267391,0.1659955674661277,1.9108798694180307,0.8579437103402942,305104.46065411955,0.18042101407648312
3.5277,4.4064,1.6967,2.5071,2.8700666666666663,2.1713,3.2768,3.8643,3.1041333333333334,1.8838398371978906,0.8238846190742422,294578.85229089693,0.16230206777058095,1.8952090661889163,0.8419296642122323,301030.83423499437,0.17604400359950764
3.5468,4.3694,1.7466,2.4569,2.8576333333333337,2.1561,3.1286,3.7821,3.022266666666667,1.8730963570134513,0.8067568588637651,290016.62328425195,0.1586825715316952,1.8828259131962932,0.8243222085037498,296331.09502803156,0.17163813309311596
3.5659,4.3412,1.8162,2.4165,2.8579666666666665,2.1406,2.998,3.693,2.9438666666666666,1.8656007057891433,0.7889862652633969,285155.7468226077,0.15527937725015628,1.8739069890779705,0.80590677186041,291271.1634118653,0.16737623178409577
3.5849,4.3188,1.9016,2.3879,2.8694333333333333,2.1276,2.8872,3.5992,2.8713333333333337,1.8612856571292427,0.7713306451203036,280260.02566866577,0.15221796494199294,1.8683763357933827,0.7874761970893062,286126.44992899284,0.16340911148515147
3.604,4.2988,1.9988,2.3722,2.8899333333333335,2.1172,2.7989,3.5029,2.8063333333333333,1.8598704101549122,0.7544432445429328,275584.5599757305,0.14958336119679205,1.8659705093977481,0.769719934254709,281164.8602071365,0.15986010692578478
3.6231,4.2793,2.1029,2.3702,2.9174666666666664,2.1072,2.735,3.406,2.7494,1.8609551859872542,0.7387066654540144,271266.31280663784,0.14740211989622173,1.8662991503145225,0.7530793210839658,276544.20927123824,0.1568038451488553
3.6421,4.2608,2.2081,2.3835,2.9507999999999996,2.0949,2.6964,3.3104,2.7005666666666666,1.8642471831794076,0.7243048805526278,267372.54074702587,0.14567640008724528,1.8690468410056862,0.7377989177390631,272353.7787648055,0.15428024774176105
3.6612,4.2462,2.3083,2.4144,2.9896333333333334,2.0793,2.6826,3.2197,2.6605333333333334,1.8697160141975708,0.7114805973556253,264015.8743292768,0.14443908349496867,1.874137541451345,0.7241546969821923,268718.9730598412,0.15233906352356355
3.6803,4.2389,2.3972,2.464,3.033366666666667,2.0619,2.6909,3.1404,2.631066666666667,1.8773405362025302,0.7007430500565359,261387.9401398478,0.14375697136715052,1.8815170721958865,0.7126609937319074,265833.51651446446,0.15105492485891886
3.6993,4.2408,2.4697,2.53,3.0801666666666665,2.0469,2.7168,3.0808,2.6148333333333333,1.8868704537845296,0.6929021884063941,259797.5259431705,0.14370697999848356,1.8909251570396897,0.704129543338157,264007.12303055497,0.1505139161787654
3.7184,4.2506,2.5223,2.6046,3.125833333333333,2.0393,2.7542,3.0486,2.6140333333333334,1.897450192895706,0.6888279184140395,259603.3980304984,0.14430031797721637,1.9015038720467954,0.6994552332972352,263608.58856047835,0.150743197192132
3.7375,4.2638,2.554,2.6759,3.164566666666667,2.0435,2.7965,3.0474,2.6291333333333333,1.9077196940270496,0.6890774733743602,261031.41612279223,0.1454459158518382,1.9118626900913223,0.699223840301462,264874.99051002803,0.15165300661018807
3.7565,4.2738,2.5662,2.7304,3.1901333333333333,2.0601,2.8375,3.0741,2.6572333333333336,1.9159829168431688,0.6934386809960371,264018.87869524205,0.14691777574631548,1.9202649207555982,0.7032338641089652,267748.28308666596,0.15300264614865078
3.7756,4.2743,2.5616,2.7571,3.1976666666666667,2.0862,2.8725,3.1188,2.6925000000000003,1.9206682702305278,0.7009279118451915,268227.22554325697,0.14841375631285036,1.9251027716960791,0.7104918607569446,271887.10473837104,0.15446479690980686
3.7947,4.2612,2.5431,2.7514,3.185233333333333,2.1155,2.8983,3.1671,2.7269666666666663,1.920719900551937,0.709881400688108,273027.7375797658,0.14960997303786697,1.9253055943440043,0.7193207212610336,276658.1980169851,0.15569423548349084
3.8138,4.2348,2.5139,2.7162,3.1549666666666667,2.1405,2.9122,3.2043,2.752333333333333,1.9159527463569193,0.7182675404095291,277643.60859029763,0.15023001030968053,1.9206753573690323,0.7276927743623648,281286.89722475415,0.15640107360128647
3.8328,4.1992,2.4773,2.661,3.1125000000000003,2.155,2.9115,3.2197,2.7620666666666662,1.907069759925243,0.7241650842324033,281317.83389465505,0.15009694978439236,1.9118854877689906,0.7336955142110111,285020.1387641428,0.15639421410637247
3.8519,4.1605,2.4379,2.598,3.065466666666667,2.1562,2.894,3.2088,2.753,1.895477822528159,0.7262021130714396,283514.9976529277,0.14916686955568118,1.9002951667533183,0.7359470807923444,287319.5094421249,0.15560406958256107
3.871,4.1253,2.4019,2.5386,3.0219333333333336,2.1446,2.8588,3.1732,2.7255333333333334,1.883003802904788,0.7237195509453644,283946.81517335516,0.14752628824162964,1.8876843499852007,0.7337527290484802,287883.26951499254,0.15408157059008742
3.89,4.0984,2.3756,2.4911,2.9883666666666664,2.1233,2.8078,3.1181,2.6830666666666665,1.871427525025758,0.7168502735978884,282632.16297657986,0.14536642959152077,1.8758053192542583,0.7271854895905753,286707.02289981366,0.1519776927755205
3.9091,4.0826,2.3648,2.4603,2.9692333333333334,2.0968,2.7455,3.0504,2.6309,1.8623031183727532,0.7063565469134887,279862.22379239195,0.1429528819761658,1.8662146341526071,0.7169344723843949,284053.2541698035,0.14952111255089298
3.9282,4.0782,2.3724,2.4483,2.9663,2.0698,2.6782,2.9773,2.5750999999999995,1.8566654927531914,0.6934744061466518,276100.72952153283,0.14057632609168172,1.8599837015268552,0.7041665358347272,280357.7068243004,0.14698086211794287
3.9472,4.0843,2.3988,2.4544,2.9791666666666665,2.0461,2.6128,2.9056,2.5215,1.8550155035559526,0.6796439154191534,271903.05729267845,0.13850729062063705,1.857682278042482,0.6902841316635445,276159.8559801513,0.14463409418303305
3.9663,4.0991,2.4417,2.4757,3.0055,2.0287,2.5554,2.841,2.4750333333333336,1.8572739384328871,0.6663080986915946,267857.7259325373,0.13695256873678607,1.859305683496845,0.6767336724633938,272048.8358523172,0.14271872562325824
3.9854,4.1202,2.497,2.5075,3.0415666666666663,2.02,2.5104,2.7872,2.4392,1.8628459589816095,0.6546971820830194,264457.5155509967,0.13602289482689672,1.8643121000077487,0.6647832351626102,268531.6625186948,0.14138770671579515
4.0044,4.1446,2.5598,2.5446,3.0829999999999997,2.0221,2.4798,2.7454,2.415766666666667,1.8707933581739238,0.6456529942528473,262047.57655141482,0.13572477688870183,1.8717770320283122,0.6553206352215029,265971.3280237316,0.14068100777145373
4.0235,4.1685,2.6255,2.5827,3.1255666666666664,2.0361,2.4639,2.7145,2.4048333333333334,1.880055660320119,0.6395643980359231,260814.547528875,0.13598032871475263,1.880631147071213,0.6487652427182464,264566.65466628456,0.14053783723507438
4.0426,4.187,2.6904,2.6189,3.165433333333333,2.0619,2.4615,2.6922,2.4052000000000002,1.8895737586502994,0.6364398290855834,260772.4141687738,0.1366578179892341,1.8898025002594523,0.6451286464550858,264332.53686721047,0.1408276056309005
4.0616,4.1953,2.7519,2.6515,3.1995666666666662,2.0971,2.4709,2.6762,2.414733333333333,1.8984306810883453,0.6359814338727919,261809.3264790194,0.13760349514362213,1.89837997948341,0.6441092810945946,265155.25152262714,0.14139774511216266
4.0807,4.1891,2.8085,2.68,3.2258666666666667,2.137,2.49,2.6638,2.430266666666667,1.9058763543141972,0.6375719655594249,263698.34621694096,0.1386468539660867,1.905632446850162,0.6450852720760677,266805.833073458,0.14207975223523142
4.0998,4.1671,2.8593,2.7045,3.2436333333333334,2.1748,2.5172,2.6525,2.448166666666667,1.9114730937227657,0.6403874254642637,266102.5229809276,0.1396321754304322,1.9111463490476346,0.6472540244570784,268955.8259091692,0.14273121128953314
4.1189,4.1312,2.9038,2.7264,3.2538,2.2031,2.5514,2.6399,2.4648,1.9151719066636974,0.6434931484280635,268638.77647149615,0.14043754713170717,1.9148877368707151,0.6497130451957801,271235.39379607857,0.14324549971943634
4.1379,4.0867,2.9412,2.7481,3.2586666666666666,2.2165,2.5914,2.6246,2.4775,1.9173142321768304,0.6460860610175413,270965.43071582186,0.14100263385121226,1.917191889944825,0.6516932328223772,273317.05198559834,0.14357482273487096
4.157,4.0411,2.9708,2.7727,3.261533333333334,2.2127,2.6358,2.6066,2.4850333333333334,1.9185799428505486,0.647623087740918,272863.7685727061,0.14133720904465905,1.9187213393988378,0.6526771229218781,274993.19093593024,0.14373738009309225
4.1761,4.0017,2.9922,2.8028,3.2655666666666665,2.193,2.6831,2.5875,2.4878666666666667,1.9197469486417527,0.6479673449739993,274263.19743727206,0.14151220872491085,1.9202365716934324,0.6525429653280446,276199.9065604916,0.14380922637766305
4.1951,3.974,3.0053,2.8401,3.2731333333333335,2.1617,2.7316,2.5701,2.4878,1.9215104093282331,0.6473553273306867,275250.7871038219,0.14163602834353192,1.9224178169743897,0.6515374165647924,277028.9810953235,0.14390071265439763
4.2142,3.9608,3.0106,2.8847,3.2853666666666665,2.1247,2.7795,2.5577,2.4873,1.9243287230468988,0.6462773148398773,276043.5349072024,0.14182239689073306,1.9257068266157413,0.6501624425154878,277702.98411347246,0.1441240110999599
4.2333,3.9624,3.009,2.9354,3.3022666666666667,2.0874,2.8256,2.5532,2.4887333333333337,1.928384194828715,0.6452898079146491,276870.941643986,0.1421619106515239,1.9302676985020122,0.6489874934837623,278457.4872129176,0.14456533814290193
4.2523,3.9772,3.0018,2.9899,3.3229666666666664,2.0546,2.8687,2.5592,2.4941666666666666,1.933628750608964,0.6449445546052132,277964.7997347989,0.14271751370614053,1.9360238930635203,0.6485724269475087,279528.3772576867,0.14527644180784718
4.2714,4.0026,2.9905,3.0452,3.3461,2.0299,2.9087,2.5768,2.505133333333333,1.939853281864704,0.645701754032977,279541.14196602075,0.1435212566249769,1.9427332019402288,0.6493736180952822,281130.7877532743,0.14627294080882905
4.2905,4.0354,2.9759,3.0981,3.3698,2.0158,2.9456,2.6067,2.5227,1.9466974140484639,0.6479435329278133,281766.0030372344,0.14457734445256804,1.950004938413745,0.6517601145849113,283425.68926625885,0.14754110708938264
4.3095,4.0718,2.9586,3.1451,3.391833333333333,2.0139,2.9799,2.6481,2.5473,1.9536735762333317,0.6519256929581797,284753.13087102433,0.14585987535600903,1.9573269946431189,0.6559612973328562,286515.8332664945,0.14903572603861695
4.3286,4.1076,2.9388,3.183,3.4098,2.0247,3.0114,2.6993,2.578466666666667,1.960198125040312,0.6577056251937902,288550.9688892599,0.14730893151519842,1.96409929366752,0.6620015174685484,290435.6781431304,0.15067856799203597
4.3477,4.1383,2.9168,3.2093,3.421466666666666,2.0471,3.0397,2.7573,2.6147,1.9656596253596084,0.6650948023418991,293080.3143275759,0.1488337080211783,1.9697082854450525,0.6696528569326224,295088.8641876374,0.15236379017971746
4.3667,4.1599,2.8936,3.2226,3.4253666666666667,2.0781,3.0642,2.8181,2.6534666666666666,1.969551552628174,0.673622039272309,298135.1412595837,0.15032316681155275,1.9736613695748961,0.6784041934350938,300251.65188976907,0.15397061119817682
4.3858,4.1702,2.8706,3.2231,3.4213000000000005,2.1133,3.085,2.8773,2.6918666666666664,1.9716268850424221,0.6826511362490242,303452.81189565244,0.15167637364646597,1.9757421558832393,0.6875913368520621,305648.835141959,0.15539817641926523
4.4049,4.169,2.8493,3.2134,3.4105666666666665,2.1473,3.1026,2.931,2.726966666666667,1.9719653299458058,0.691433724836737,308695.3855230223,0.15281380964307872,1.976071107217485,0.6964524093112651,310936.01204011706,0.15657536426345878
4.424,4.1588,2.8311,3.1971,3.395666666666667,2.1757,3.1184,2.9768,2.756966666666667,1.9709914044596042,0.6993857660740427,313599.5516414674,0.15371140612424802,1.975110228653464,0.704410953411438,315852.8095319843,0.15749306337408597
4.443,4.1435,2.8165,3.1785,3.3795,2.1959,3.1345,3.0144,2.7815999999999996,1.9693300488498178,0.7062300201087639,318028.4797223272,0.15440218105634756,1.973513194846765,0.7112099535820892,320271.0361508915,0.15820176135605624
4.4621,4.1273,2.8055,3.1613,3.3647000000000005,2.2074,3.1531,3.0454,2.8019666666666665,1.967652121704715,0.7120076348249827,322008.6032643212,0.15496229647649304,1.9719666331568455,0.716913273913709,324227.20024814137,0.15879236149656742
4.4812,4.1139,2.7972,3.1479,3.353,2.2115,3.1765,3.0725,2.8201666666666667,1.9665093673574596,0.7170488769286484,325676.642968325,0.15549141734544733,1.9710290784857136,0.7218744688934801,327868.3800200207,0.15937727323757608
4.5002,4.1054,2.7897,3.1391,3.3447333333333336,2.2106,3.2067,3.099,2.838766666666667,1.966181720111822,0.7218983468387701,329269.4119934383,0.15608824942411956,1.9709826423361057,0.7266560957368142,331439.49755871424,0.16006486196299255
4.5193,4.1029,2.7802,3.1343,3.3391333333333333,2.2073,3.2454,3.1277,2.8601333333333336,1.9666904586608085,0.7271437456611507,333069.58055076114,0.15683065276452512,1.9718513587965296,0.7318650166783022,335232.1677513418,0.16094345372013252
4.5384,4.1063,2.765,3.1323,3.334533333333333,2.2039,3.2931,3.1612,2.886066666666667,1.967813244599621,0.7333182339805517,337317.4277781974,0.15776481913048518,1.9734153584893956,0.738052923476788,339495.32709692785,0.16206936070763375
4.5574,4.1151,2.7399,3.131,3.328666666666667,2.2022,3.349,3.2012,2.9174666666666664,1.9691254903446365,0.7408026255746788,342186.7479895284,0.15889728090792676,1.9752516669488063,0.7456269316845431,344415.1602035913,0.16346156324395889
4.5765,4.1281,2.7008,3.1282,3.3190333333333335,2.2037,3.4104,3.2489,2.954333333333333,1.9700841425360593,0.7497987698967681,347793.70396935096,0.16020096315758028,1.9768100897788763,0.7548175300783133,350121.6528310354,0.16510277176024235
4.5956,4.144,2.6447,3.121,3.3032333333333335,2.2092,3.4729,3.3051,2.9957333333333334,1.970098924879383,0.7603002304863304,354136.6448750003,0.1616193672989273,1.9774857006523394,0.76565094155201,356628.92725045496,0.16694535543869213
4.6146,4.1616,2.5702,3.1062,3.279333333333333,2.219,3.5307,3.3695,3.039733333333333,1.9686034480875403,0.7720532381182137,361097.7946636259,0.1630685753176596,1.9766824374428296,0.7779080846249921,363836.1707979515,0.1689105083331085
4.6337,4.1801,2.478,3.0804,3.2461666666666673,2.2331,3.5775,3.4409,3.083833333333333,1.9651493849524113,0.7846307657186105,368499.3883371917,0.1644556600121836,1.9739069866244503,0.7911932986555105,371581.4614330327,0.17090541916877247
4.6528,4.1987,2.3717,3.0404,3.2036,2.2515,3.6073,3.5165,3.1251,1.9594656066771774,0.7974368086254605,376057.44288286153,0.16568267269914014,1.9688234318808433,0.8049221690449717,379587.4097316079,0.17281858141299997
4.6718,4.2169,2.2573,2.9842,3.1527999999999996,2.2745,3.6156,3.5926,3.1609000000000003,1.9515716433675308,0.8098344764186355,383463.4979098552,0.16667228504952403,1.9613739215210382,0.818442705487581,387539.56743480935,0.1745444923850806
4.6909,4.2334,2.142,2.9108,3.0953999999999997,2.3024,3.6011,3.6648,3.1894333333333336,1.9416417875981455,0.8213238285520045,390493.78239291365,0.16737678699737452,1.9516685652172576,0.8311999767582793,395189.34136061143,0.17599452657949807
4.71,4.2466,2.0331,2.8208,3.0335,2.335,3.5654,3.7285,3.209633333333333,1.9300023859738837,0.8315101982927716,396946.53269327467,0.16777268489074237,1.9399991810108081,0.8427150994624705,402295.53103101574,0.17709866481953204
4.7291,4.255,1.9357,2.7158,2.968833333333333,2.3712,3.5131,3.7793,3.2211999999999996,1.9169616664629971,0.8401837283328321,402713.59359722567,0.16785663503094794,1.9266924390959146,0.8526983218431958,408712.03983584495,0.17782253324920072
4.7481,4.2573,1.8524,2.5992,2.9029666666666665,2.4091,3.4496,3.8132,3.223966666666667,1.9028011797059519,0.8471633035157361,407690.4306889529,0.16762310053923773,1.9120776212780919,0.860910645055896,414306.2266872882,0.1781451547975125
4.7672,4.2537,1.7832,2.4752,2.8373666666666666,2.4464,3.3801,3.8274,3.217966666666667,1.8878007490054176,0.852305697082185,411815.1213544969,0.1670687789313201,1.8964943108178947,0.867200159277162,419011.7936017117,0.17807264497556288
4.7863,4.2452,1.7263,2.3488,2.773433333333333,2.4809,3.3082,3.8205,3.2032000000000003,1.8722263847098983,0.8554521040190171,414991.4418223291,0.1661838270024698,1.8802476193660544,0.8714310328720168,422743.03737318347,0.1776149259620896
4.8053,4.2337,1.6792,2.2253,2.712733333333333,2.5116,3.2357,3.7928,3.1800333333333337,1.856425296119791,0.8564937517227551,417146.14156418334,0.1649710524128003,1.863682068134051,0.8735293658575235,425443.1556301952,0.17679088450159552
4.8244,4.2213,1.6404,2.1092,2.656966666666667,2.5385,3.1632,3.746,3.149233333333333,1.8408285465383338,0.8553847503221976,418261.9306243898,0.16344891686881005,1.847199622849276,0.8734643456188834,427102.40437710873,0.17561927471544736
4.8435,4.2091,1.6088,2.0043,2.6074,2.5623,3.0904,3.6831,3.111933333333333,1.8258264849963017,0.8521985410184355,418353.70154862094,0.16165133974161916,1.8311510121957604,0.8712888658247094,427725.3534138373,0.17411639238566115
4.8625,4.1981,1.5844,1.9128,2.5651,2.5838,3.0174,3.6076,3.0696,1.8118185287095,0.8471047048476696,417484.38240297436,0.15963011364511503,1.8159160688129958,0.8671332024120969,427355.16329734796,0.17231078519015608
4.8816,4.1885,1.5674,1.8362,2.5307,2.6041,2.9448,3.5228,3.0239,1.7991453094937429,0.84037125407366,415792.7421213022,0.15745089079985106,1.801831339154619,0.861208996014806,426102.687659451,0.17023844149209755
4.9007,4.1804,1.5578,1.7748,2.5043333333333333,2.6236,2.8735,3.4323,2.9764666666666666,1.7880432026837652,0.8323251536090224,413423.0272910156,0.1551836759139939,1.7891635101215269,0.8537944934023883,424087.0321127205,0.1679519820422275
4.9197,4.1738,1.5552,1.7285,2.4858333333333333,2.6433,2.8047,3.339,2.9290000000000003,1.7786934427664958,0.8233571703745565,410554.1231865972,0.15290775189345257,1.7781269477843196,0.845241556840684,421466.4288303197,0.16551749482824027
4.9388,4.1684,1.5585,1.6965,2.474466666666667,2.6635,2.7392,3.2457,2.8827999999999996,1.7711033407733905,0.8138429682881076,407385.51246281236,0.15068785280805888,1.7687797845957294,0.8359050044191876,418429.1096252214,0.16300175032746192
4.9579,4.164,1.5667,1.6774,2.4693666666666663,2.6846,2.6775,3.1546,2.8389,1.7652141758186002,0.8041233859578227,404076.86034906964,0.14857875436238016,1.7611124392058477,0.8261210084840038,415130.798588828,0.16046934970555385
4.9769,4.1601,1.5788,1.6697,2.469533333333333,2.7068,2.6192,3.0675,2.797833333333333,1.7608735647143867,0.7944446976200534,400743.15305903816,0.14661190977581348,1.7550154684247745,0.8161371787064843,411685.5299095504,0.15796444157596531
4.996,4.1566,1.5944,1.6717,2.4742333333333337,2.7301,2.5639,2.9852,2.759733333333333,1.7579403526782413,0.7849337234704378,397465.047545001,0.14479968238629368,1.750383446116002,0.8060953412828916,408180.6062965965,0.15551612461517098
5.0151,4.1536,1.6137,1.6821,2.4831333333333334,2.7545,2.5113,2.9083,2.7247000000000003,1.7563580332618878,0.7756675883845047,394274.57051177043,0.14315323485244105,1.7471923607117887,0.7960874686773399,404654.06767385686,0.15315017049196003
5.0342,4.1514,1.6371,1.7,2.496166666666667,2.7807,2.4618,2.8372,2.693233333333333,1.7561707615647928,0.7667914169501359,391247.19217402564,0.14170332958468804,1.7455113295034863,0.7862737861817397,401187.8645528068,0.15090974444156516
5.0532,4.1498,1.6648,1.7247,2.5131,2.8095,2.4161,2.7726,2.666066666666667,1.7574016090415692,0.7585251580942431,388490.14169136866,0.14049033259820412,1.7453939288890448,0.7768887098662836,397895.31270481367,0.14884917883687854
5.0723,4.1477,1.6964,1.7551,2.5330666666666666,2.8418,2.3756,2.7154,2.6442666666666663,1.7599486494860228,0.7512340395382844,386210.17875011713,0.13956498532006995,1.7467774187515588,0.7683211386843247,394994.67368536955,0.14704071302255442
5.0914,4.1438,1.7307,1.7898,2.554766666666666,2.8783,2.3411,2.6664,2.6286,1.763566301598265,0.7452512552598057,384577.1351909367,0.1389570214102885,1.7494399619522563,0.7609412921265406,392673.7729176932,0.14554103896271062
5.1104,4.1361,1.7661,1.8269,2.5763666666666665,2.9184,2.313,2.6258,2.619066666666667,1.7677976244632456,0.7407710674636446,383691.72379452543,0.13865187014908847,1.7529468043955785,0.7549924367049946,391057.8614834814,0.14436688932653444
5.1295,4.1229,1.8012,1.8645,2.5961999999999996,2.961,2.291,2.5932,2.615066666666667,1.772166209424802,0.7378164228499334,383589.64731665084,0.13860434053688073,1.7568243948194218,0.7505453726120187,390207.4091321028,0.14349796024055503
5.1486,4.1033,1.8348,1.9013,2.6131333333333333,3.0039,2.2741,2.5675,2.6151666666666666,1.776246041092637,0.7361498931358567,384148.313828365,0.13873329350875988,1.7606353768606802,0.7474099724618452,390024.2102008091,0.1428716261659847
5.1676,4.0773,1.8663,1.9364,2.6266666666666665,3.0446,2.2611,2.5475,2.6177333333333332,1.779750382773811,0.7354214834480026,385184.4334756195,0.13895443823720727,1.7640739580819453,0.7452775051876067,390346.6244579845,0.14241514132304284
5.1867,4.0462,1.8958,1.9699,2.6373,3.0809,2.2511,2.5319,2.6213,1.7826537705412726,0.7352240921141089,386504.3483372897,0.13920097265748035,1.7670884970018674,0.7437723212812499,390998.11803161964,0.1420649046017341
5.2058,4.0121,1.9235,2.002,2.6458666666666666,3.1112,2.2431,2.5199,2.6247333333333334,1.7850453252955956,0.7352007526471881,387915.3342586074,0.13942589400983219,1.7697332923871913,0.7425636242397383,391800.21982849203,0.14177459936373196
5.2248,3.9777,1.95,2.0331,2.6536,3.1351,2.2369,2.5113,2.6277666666666666,1.7871954088993536,0.7351648995911924,389312.15178705106,0.13962623887673778,1.7722436008515123,0.7414833998481103,392658.1615495624,0.14153903031521564
5.2439,3.9454,1.9759,2.0635,2.6616,3.1534,2.2322,2.5061,2.6305666666666667,1.7893841505130683,0.7350480515635525,390673.23380253516,0.13981836642624193,1.7748598516097893,0.7404641293791006,393551.8437522188,0.14136667666604422
5.263,3.9174,2.0016,2.0933,2.6707666666666667,3.1678,2.2295,2.5046,2.6339666666666663,1.7919081779285035,0.734961394537416,392049.9681779691,0.14004776052929954,1.7778421250136047,0.7396154646408585,394532.5856998065,0.14129591534204677
5.282,3.8947,2.0273,2.1223,2.681433333333333,3.1807,2.2293,2.5072,2.639066666666667,1.7949532356331093,0.7351352153015354,393558.3668512407,0.14036735277852372,1.7813466320766398,0.7391518985692477,395708.71861523716,0.1413693699120121
5.3011,3.877,2.0529,2.15,2.6933000000000002,3.1948,2.2322,2.5144,2.647133333333333,1.798568559245191,0.7359000355383342,395392.4263531171,0.1408318742582002,1.7854038733435977,0.7393802126661861,397262.29401484836,0.14163072425490061
5.3202,3.8632,2.0776,2.1753,2.7053666666666665,3.2122,2.2387,2.5263,2.659066666666667,1.8026002240248487,0.7375641673697062,397714.3799755623,0.1414726761640376,1.7898445784880865,0.7405907295735616,399346.38348605885,0.14210389817518895
5.3393,3.8514,2.1007,2.1973,2.716466666666667,3.2343,2.2491,2.5426,2.675333333333333,1.8068143171322464,0.7403453990722161,400647.3094681604,0.14229947926592476,1.7944319604219625,0.7429798004764501,402072.9492249391,0.14279055870187482
5.3583,3.8396,2.1215,2.2149,2.7253333333333334,3.2614,2.2632,2.5628,2.6957999999999998,1.8108989975412186,0.7443264377693819,404235.0765500345,0.1432943761969569,1.7988563442991774,0.7466156077000549,405478.29825385404,0.14366789730438043
5.3774,3.8262,2.1392,2.2276,2.7310000000000003,3.2933,2.2808,2.5858,2.7199666666666666,1.8145830636529534,0.7494742790090516,408481.6966885771,0.14442675002331667,1.802847236098205,0.7514539491881402,409560.66504851496,0.14470068018498072
5.3965,3.8097,2.1533,2.2351,2.7327,3.3295,2.3016,2.6105,2.7472,1.8176341786998904,0.7557076204313581,413341.9733335422,0.14566355816373538,1.806177030955536,0.7574031451038673,414269.3578074087,0.14585164433671738
5.4155,3.789,2.163,2.2372,2.7297333333333333,3.369,2.3254,2.6359,2.7767666666666666,1.8198295050466498,0.7629194545330461,418755.7421203409,0.14697003396448402,1.8086262773195363,0.7643555077575398,419543.9715070397,0.14708519972179093
5.4346,3.7634,2.1673,2.2344,2.7217,3.4109,2.352,2.661,2.8079666666666667,1.8210217719856499,0.7709865718971739,424676.2013994874,0.1483174002772729,1.8100477708799663,0.7721862258076778,425336.9969104302,0.1483707658233665
5.4537,3.7324,2.1649,2.2274,2.708233333333333,3.4541,2.3803,2.685,2.8398000000000003,1.8210420440321082,0.7797184060924213,430995.32183050324,0.14966554515005295,1.8102678094237952,0.7807001980368703,431538.0148486006,0.14966573007307857
5.4727,3.6958,2.1546,2.2171,2.689166666666667,3.4979,2.4088,2.7079,2.8715333333333333,1.8197924770764728,0.7889727453831713,437630.083302797,0.15098925200245877,1.809183099528063,0.7897478738983085,438060.0342214249,0.15094198397814398
5.4918,3.6535,2.1358,2.2039,2.6644,3.5415,2.4349,2.73,2.9021333333333335,1.817157322286128,0.7985366202861897,444480.8715214161,0.15225114592282113,1.806671864979533,0.7991040626798981,444796.72089298704,0.1521585929386842
5.5109,3.6048,2.1093,2.1876,2.6339,3.5846,2.4559,2.7521,2.9308666666666667,1.8130614025394116,0.8082645911941078,451460.3453046837,0.15342837965773956,1.8026641246418385,0.8086019382950417,451648.77226329903,0.15328700315461066
5.5299,3.5488,2.0767,2.167,2.5975,3.6258,2.4693,2.7743,2.956466666666667,1.80733805684381,0.8179063832224069,458420.8909764939,0.15447337896324478,1.7970050621747855,0.8179772391355641,458460.6043611877,0.15427676875286814
5.549,3.4848,2.0411,2.141,2.555633333333333,3.6633,2.4735,2.7959,2.9775666666666667,1.7999382596237559,0.8271302225913774,465191.8957767861,0.1553351594410498,1.78967001683721,0.8268828828008817,465052.7877344258,0.15507287360168132
5.5681,3.4131,2.0057,2.1084,2.509066666666667,3.6942,2.4684,2.8153,2.9926333333333335,1.7908593025663972,0.8355299964225916,471533.5493907213,0.1559523827369057,1.7806851212421704,0.8349185784445353,471188.4940478988,0.15561672286020325
5.5871,3.3356,1.973,2.0693,2.4593000000000003,3.7159,2.4555,2.8301,3.0005,1.7802923961545107,0.8426986506489546,477202.01478201663,0.15627620482144558,1.770262301983241,0.8416986806548478,476635.7534078684,0.15586599851400035
5.6062,3.2554,1.9449,2.0247,2.4083333333333337,3.7268,2.4366,2.838,3.0004666666666666,1.768584616886878,0.8482677724372013,481997.8267585844,0.1562719221841493,1.7587556641864752,0.8468810265553343,481209.858002674,0.15579347872505675
5.6253,3.1761,1.9219,1.9766,2.3582,3.7274,2.4141,2.8371,2.9928666666666666,1.7562027687978934,0.8520845997513314,485816.1300707952,0.15594584706712697,1.7466169309833364,0.8503375963926744,484820.07591000973,0.15541111893899703
5.6444,3.1,1.9034,1.9278,2.3104,3.7196,2.3895,2.8267,2.9786,1.743561896915044,0.8541709948095791,488659.25512792036,0.15532672549794446,1.734238573939568,0.8520949591242503,487471.5842074884,0.15474625491498747
5.6634,3.0276,1.8889,1.8809,2.2658,3.7058,2.3641,2.8069,2.958933333333334,1.7309842764585874,0.8546967680685702,490605.9644057686,0.15446065442286927,1.721931414974896,0.8523127940572275,489237.53537614195,0.15383862866865453
5.6825,2.9581,1.8775,1.8384,2.2246666666666663,3.6877,2.3381,2.7788,2.9348666666666667,1.7186343494756566,0.8538368465526346,491765.2791869754,0.15338314552346807,1.7098584832461192,0.8511462595264239,490215.6420572784,0.15271496184856118
5.7016,2.8903,1.8686,1.8022,2.1870333333333334,3.6651,2.3116,2.7443,2.907,1.706583924233995,0.8517014483494607,492184.1876773831,0.15211246203197298,1.6981098172947755,0.8487002115478534,490449.822542641,0.15139059519690934
5.7206,2.8238,1.8621,1.7731,2.153,3.6367,2.2845,2.7058,2.875666666666666,1.6948944784264348,0.8483320652907188,491870.7419234544,0.1506548505158865,1.6867692795172806,0.845028096955808,489955.0706637252,0.14987620325892012
5.7397,2.7598,1.8579,1.7512,2.1229666666666667,3.6011,2.2567,2.6655,2.8411000000000004,1.6836912184851998,0.8437117117460855,490825.1372350505,0.14901136984171529,1.6759681726662226,0.8401387881256207,488746.60649767844,0.14818205789620467
5.7588,2.7007,1.8563,1.7357,2.097566666666667,3.5577,2.228,2.6252,2.8036333333333334,1.67317299839192,0.8378193217401593,489019.18025592127,0.14718823410026718,1.6658937401789278,0.8340382258867286,486812.22662435146,0.14632456834175103
5.7778,2.6495,1.8578,1.7252,2.0775,3.5075,2.1986,2.5862,2.7640999999999996,1.6636228256559613,0.8307471974334458,486491.1171745435,0.14521928998841713,1.6568003595268628,0.8268376686674648,484201.6709713374,0.14434496043098113
5.7969,2.6084,1.8627,1.7185,2.0631999999999997,3.4529,2.1688,2.5489,2.7235333333333336,1.6552924541823142,0.8226743638116539,483356.2049909713,0.143153640653208,1.6489061004927013,0.8187136129392231,481029.09526830685,0.142292049154062
5.816,2.5783,1.8713,1.7145,2.0547,3.3976,2.1393,2.513,2.6833000000000005,1.6483823620165798,0.8139191676127056,479787.79881845904,0.14106417188918227,1.6423827256631396,0.8099632417329371,477455.86581372336,0.1402323077367479
5.835,2.558,1.8838,1.7125,2.051433333333333,3.3452,2.1108,2.4782,2.6447333333333334,1.642942572529367,0.8048769864371081,476007.6099260791,0.1390286848376146,1.637273158208062,0.8009507469688474,473685.61551354494,0.1382344145895394
5.8541,2.5453,1.9001,1.7124,2.0526,3.2983,2.0841,2.4439,2.6087666666666665,1.6389115821482019,0.7958838948612555,472229.7882742733,0.13710675769515707,1.6335209488247884,0.7919841700309557,469915.9253567914,0.13634902910290117
5.8732,2.5368,1.9198,1.7143,2.0569666666666664,3.2582,2.0602,2.4099,2.5761000000000003,1.6360839087024077,0.7872762473543081,468646.5932268315,0.1353470091743565,1.6309416848900844,0.7833815094662965,466328.14954348403,0.13461854553509497
5.8922,2.5291,1.9422,1.7184,2.0632333333333333,3.2245,2.0398,2.376,2.5467666666666666,1.6341477360209309,0.7792339121271611,465359.78481787845,0.1337605215081083,1.6292488492656936,0.7753169709722639,463020.58106324286,0.1330515250366101
5.9113,2.5198,1.9661,1.7249,2.0702666666666665,3.1954,2.0236,2.3422,2.5204,1.63277766231724,0.7718135965992594,462422.4932829083,0.13233365474368364,1.6281351337592769,0.7678585978520521,460052.9050951998,0.13163588729541684
5.9304,2.5074,1.9903,1.7341,2.0772666666666666,3.1684,2.0114,2.3087,2.496166666666667,1.6316723753526605,0.7649105005308311,459767.35903059255,0.13102461693760054,1.6273132932315721,0.7609155098769259,457366.07639553497,0.130332954204895
5.9495,2.492,2.0136,1.746,2.0838666666666668,3.1408,2.0029,2.2755,2.4730666666666665,1.6306189334607566,0.7583214618445323,457274.8772571077,0.1297804884093081,1.626568264443315,0.7543054814151945,454853.2037976416,0.12909438189507444
5.9685,2.4747,2.0351,1.7608,2.0902,3.1104,1.9969,2.243,2.4500999999999995,1.6295317543315742,0.7517803790835049,454778.2754611032,0.12854732284364045,1.6258072944962814,0.7477756325532406,452355.66405574465,0.12786959964783914
5.9876,2.4572,2.0544,1.7787,2.0967666666666664,3.0756,1.9922,2.2111,2.4263,1.6284248285076934,0.7449837283012591,452108.9373980537,0.12727319934862727,1.625031627484134,0.7410301847519988,449709.6469100737,0.12660837844739747
6.0067,2.442,2.0718,1.8,2.1046,3.036,1.9872,2.1802,2.4011333333333336,1.6275022181308634,0.7376743658423279,449101.14209197037,0.1259306049414137,1.6244307626960255,0.7338108353729879,446748.9986169745,0.12528380157203592
6.0257,2.4313,2.0885,1.8251,2.1149666666666667,2.9918,1.9811,2.1504,2.3744333333333336,1.62707549140827,0.7296629277103206,445628.86377194885,0.12451438318040227,1.6243069870761577,0.7259260601750831,443346.6373211414,0.12389094780804168
6.0448,2.4273,2.1059,1.8547,2.1293,2.9446,1.9731,2.1225,2.3467333333333333,1.6275849690755764,0.7209249833101534,441687.9364531635,0.12306083646707883,1.625093769385994,0.7173397332995886,439491.36716302164,0.12246457421358081
6.0639,2.431,2.1256,1.8891,2.1485666666666665,2.8966,1.9638,2.0976,2.3193333333333332,1.6294409773758245,0.7116960250590247,437411.39883312973,0.12165092561817116,1.627201332436672,0.7082801821934012,435312.00730439014,0.12108499243466109
6.0829,2.4428,2.1491,1.9283,2.1734,2.8501,1.9543,2.0771,2.293833333333333,1.632997043747968,0.702338483133028,433012.7335096014,0.12038382536163912,1.6309852622917838,0.6991053943078475,431019.43730913434,0.11985127803443019
6.102,2.4617,2.1771,1.9716,2.203466666666667,2.8076,1.9462,2.0626,2.272133333333333,1.6383781963239783,0.6934092929310546,428849.97244165203,0.1193711856978948,1.636575382165187,0.6903677076316499,426968.8557835308,0.11887478137281911
6.1211,2.4861,2.2096,2.0179,2.2378666666666667,2.7704,1.9417,2.0555,2.2558666666666665,1.6455153403647782,0.6854590204448003,425259.9620591217,0.11870276521607145,1.6439062427854285,0.6826224541508848,423500.1514234021,0.1182456524428392
6.1401,2.5142,2.2456,2.0654,2.275066666666667,2.7391,1.9428,2.0567,2.2462000000000004,1.6541085433879497,0.678975998576045,422545.4137360566,0.11843181832263933,1.652675576560681,0.6763624570299419,420918.93504427583,0.11801661968772559
6.1592,2.5444,2.2835,2.1121,2.313333333333333,2.7137,1.9508,2.0666,2.2437,1.663733553398009,0.6742966731113488,420938.6937835492,0.11856955731361556,1.6624541872884073,0.671925427352669,419458.4119846004,0.11819763569086818
6.1783,2.5758,2.321,2.156,2.3509333333333338,2.6937,1.9666,2.0849,2.2484,1.6739117612222747,0.6716005144614792,420555.7141704948,0.11909248981778964,1.6727534612681916,0.6694893216308215,419233.6868796718,0.11876276603608864
6.1973,2.6075,2.3558,2.1951,2.3861333333333334,2.6785,1.99,2.1108,2.2597666666666663,1.6841163425103562,0.6709057473126356,421412.64000048774,0.11994490687505843,1.6830416088717606,0.6690656539801575,420256.8314652457,0.11965473757534766
6.2164,2.6392,2.3858,2.2279,2.4176333333333333,2.6678,2.0201,2.143,2.2769666666666666,1.6939165673404812,0.6721011856686655,423464.62728863175,0.12105999847896329,1.6928852975292472,0.6705328971713481,422476.5101447277,0.12080571566511748
6.2355,2.6705,2.4095,2.2534,2.4444666666666666,2.6611,2.0554,2.1799,2.2988,1.7029450847256085,0.6749483646357275,426565.1376225329,0.12235921829512061,1.7019212616187192,0.6736448221527173,425741.303077853,0.12213825773239773
6.2546,2.701,2.4258,2.271,2.4659333333333335,2.6582,2.0941,2.2197,2.324,1.710908280941226,0.6791714161093114,430548.8819062854,0.12376793507271522,1.7098617036723442,0.6781192600307725,429881.88589841314,0.12357967002844672
6.2736,2.7306,2.4343,2.2803,2.481733333333333,2.6587,2.1344,2.261,2.351366666666667,1.717628328907645,0.6844806373687543,435232.70033842564,0.12522306759080698,1.7165344019152844,0.6836671033642044,434715.40798231383,0.1250702648721417
6.2927,2.7589,2.4348,2.2813,2.4916666666666667,2.6621,2.1746,2.3018,2.3795,1.7229356769417374,0.6905365162046223,440420.1723018423,0.12665680992432868,1.7217739294771184,0.689950562439502,440046.4543996905,0.12654494546946632
6.3118,2.786,2.4275,2.2744,2.4959666666666664,2.6681,2.2128,2.3406,2.407166666666667,1.7267851704260995,0.6970081478267146,445897.0606442801,0.12801594377087383,1.7255357462601664,0.6966416778732282,445662.6188008332,0.12795275951989635
6.3308,2.8121,2.4129,2.2601,2.495033333333333,2.6764,2.2471,2.3755,2.4330000000000003,1.7291551677319343,0.7035227507058467,451419.44816611666,0.12924354907340604,1.7277939836853726,0.7033704224865888,451321.70588186424,0.1292378095167014
6.3499,2.8373,2.3922,2.2397,2.489733333333333,2.6867,2.2754,2.4049,2.455666666666666,1.7301361473100227,0.7096744006200559,456740.5295732895,0.13028778681534126,1.7286345749856658,0.7097305024591267,456776.6362493437,0.1303473560966021
6.369,2.862,2.3675,2.215,2.4815,2.6993,2.2963,2.4275,2.4743666666666666,1.7300044157125556,0.7151330494285247,461638.0773098886,0.13112471410908214,1.7283260230257682,0.7153871654386359,461802.11619246466,0.13125368638705248
6.388,2.886,2.3414,2.1879,2.471766666666667,2.7145,2.309,2.4427,2.4887333333333337,1.7290735051026416,0.719672508423983,465954.32356414234,0.1317482931267533,1.7271772130865861,0.7201043936014235,466233.9490373347,0.13194451291782042
6.4071,2.9092,2.3164,2.1607,2.4621,2.7327,2.3138,2.4503,2.4989333333333335,1.7277408655022297,0.7231794371567778,469624.8797060536,0.13217649315408328,1.7255826493724689,0.7237542163610371,469998.13508471753,0.13242901202735433
6.4262,2.9311,2.2949,2.1355,2.4538333333333333,2.7539,2.3122,2.451,2.5056999999999996,1.7264044650827166,0.7256990035298434,472665.91997479793,0.13245138696530548,1.7239477347986956,0.7263672587526157,473101.1713229648,0.13274116431616254
6.4452,2.9511,2.2781,2.114,2.4477333333333333,2.7785,2.3058,2.4461,2.5101333333333335,1.7253625898345566,0.7274219773056595,475188.95981412265,0.1326288268877076,1.7225815474466755,0.7281180867651136,475643.6938478398,0.1329293201482126
6.4643,2.9685,2.2666,2.0975,2.4442,2.8063,2.2967,2.4374,2.5134666666666665,1.7248393924972987,0.728608900515531,477374.8126992868,0.13276941196469025,1.7217284087313782,0.7292584604037892,477800.3956557601,0.13305076168806448
6.4834,2.9825,2.2602,2.0862,2.4429666666666665,2.8371,2.2865,2.4271,2.5168999999999997,1.7248929880777875,0.729581492126309,479424.4189323027,0.13292886829100417,1.7214686343538663,0.7301089555587524,479771.0270252112,0.13316259041413805
6.5024,2.9921,2.2586,2.0799,2.4435333333333333,2.8699,2.2764,2.4168,2.5210333333333335,1.7254622279510936,0.7305385456994163,481460.1459740687,0.13313294658253022,1.7217665612982724,0.7308748942690378,481681.81590836775,0.1332953465895055
6.5215,2.9969,2.2611,2.0774,2.445133333333333,2.9037,2.2675,2.4081,2.5264333333333338,1.7264170778965249,0.7316984307209102,483641.04149542196,0.13340444557248451,1.7225099131729076,0.7317937405015601,483704.03974667256,0.13348138609727936
6.5406,2.997,2.2672,2.0775,2.447233333333333,2.937,2.2604,2.4014,2.5329333333333337,1.7276087980609154,0.7330749114545846,485970.01342476567,0.13373199769055946,1.7235592023692317,0.7329020518985367,485855.4213694919,0.13371894797978698
6.5597,2.9931,2.2761,2.0793,2.4495,2.9684,2.2559,2.3971,2.5404666666666667,1.7289484552657401,0.7346854843848413,488459.9523078099,0.13411030599802332,1.7248265341915552,0.734244079850757,488166.4819150365,0.13401207416162486
6.5787,2.9865,2.2871,2.0819,2.4518333333333335,2.9974,2.2541,2.3951,2.5488666666666666,1.7303941505161926,0.7364988681643186,491083.8947631227,0.13453060479457796,1.726257537775868,0.7358069563389713,490622.5406881719,0.1343575393990136
6.5978,2.9786,2.2994,2.0847,2.4542333333333333,3.0239,2.2555,2.3951,2.5581666666666667,1.7319493668054446,0.7385223597457609,493862.8073154256,0.13499440600408993,1.7278384669347149,0.7376121648722607,493254.1440982609,0.13475969703747323
6.6169,2.9702,2.3124,2.0871,2.456566666666667,3.0489,2.2599,2.397,2.5686,1.7336059329511497,0.7408257987521489,496837.3019914261,0.13551216013782572,1.7295442773652188,0.7397294217244385,496102.0130674569,0.13522793935483826
6.6359,2.9613,2.3253,2.0886,2.4583999999999997,3.0733,2.2674,2.4005,2.5804,1.735282952371208,0.7435098686568571,500069.1874225274,0.13609273643087186,1.7312820185677797,0.7422557842287184,499225.7164648769,0.1357688469669288
6.655,2.9513,2.3376,2.0889,2.4592666666666667,3.0975,2.2777,2.405,2.5933999999999995,1.736850634915575,0.7465811820157062,503580.17500497896,0.13672571708306472,1.7329170134235519,0.7451909161311013,502642.4198695193,0.13636926952824177
6.6741,2.9394,2.3489,2.0877,2.4586666666666663,3.1212,2.2905,2.4099,2.6072,1.7381476856913387,0.7499938070460915,507333.9344975234,0.13738963828910575,1.7342876114686974,0.7484857723646288,506313.8231831132,0.13700647047974815
6.6931,2.9252,2.3588,2.085,2.4563333333333333,3.1436,2.3053,2.4146,2.621166666666667,1.7390456295708254,0.7536221655418949,511239.6192146118,0.1380534080045862,1.735265173017087,0.7520140787823736,510148.7308355386,0.13764869110258504
6.7122,2.9089,2.3671,2.0813,2.4524333333333335,3.1634,2.3218,2.4186,2.6346000000000003,1.7395135421483143,0.7572806811110669,515187.4697807143,0.13868502838295488,1.7358192859175736,0.7555938848029641,514039.921264447,0.1382640070209901
6.7313,2.8915,2.3738,2.077,2.447433333333333,3.1797,2.3398,2.4216,2.6470333333333333,1.739616205721135,0.7608095753040081,519061.05122522253,0.1392649232845516,1.7360098188000535,0.7590697446391328,517874.054684724,0.1388330449135076
6.7503,2.8746,2.3788,2.0725,2.4419666666666666,3.192,2.3589,2.4236,2.658166666666667,1.7394746871541729,0.7640716724126349,522758.0130870021,0.1397817330699726,1.735948913098263,0.7623074756453506,521550.9954340011,0.13934430448006438
6.7694,2.8596,2.382,2.0683,2.4366333333333334,3.2006,2.379,2.4245,2.6680333333333337,1.7392361085786652,0.7670129777588675,526255.2177047177,0.1402394620856928,1.735774802063312,0.765249988081338,525045.6129868545,0.13979988548128744
6.7885,2.8481,2.3833,2.0645,2.431966666666667,3.2064,2.3999,2.4246,2.6769666666666665,1.7390629077870359,0.7696578009570444,529559.8170138297,0.14065593501421703,1.7356390094684382,0.7679178241503496,528362.6332807267,0.14021620930244702
6.8075,2.8411,2.3827,2.0615,2.428433333333333,3.2108,2.4215,2.4241,2.6854666666666667,1.7391192244038416,0.7720766434478427,532710.9085077809,0.14105654971205372,1.735699869886843,0.7703723390115654,531534.9869560439,0.14061612194559056
6.8266,2.839,2.3799,2.0595,2.426133333333333,3.2154,2.4434,2.4234,2.6940666666666666,1.7394848541848442,0.7743863535762596,535803.6564928411,0.14146695497645767,1.7360344386630786,0.7727200917035323,534650.7575555613,0.14102305762666112
6.8457,2.8416,2.3748,2.0583,2.4249,3.2221,2.4654,2.4227,2.7034,1.740186633326171,0.776755765222939,538946.7705869302,0.141916876411957,1.736667745306457,0.7751188563819776,537811.0123819966,0.14146472391516118
6.8648,2.8483,2.3674,2.0578,2.4245,3.2325,2.487,2.4223,2.7139333333333333,1.7412180299307183,0.7793203627237075,542234.8646906567,0.14242785207361544,1.7375950711765273,0.7776942788364695,541103.4694150469,0.14196115748539515
6.8838,2.8577,2.3576,2.0576,2.4243,3.2479,2.5076,2.4223,2.7259333333333333,1.742455931895851,0.7822101217697441,545751.8303018856,0.14301061414331115,1.738697061469579,0.7805664755676492,544605.0503022448,0.14252154528164632
6.9029,2.8684,2.3458,2.0575,2.4239,3.269,2.5267,2.4225,2.7394,1.7438053278056806,0.78546611720906,549544.1170096418,0.14366388866344848,1.7398839174324605,0.7837679776929528,548356.0293754429,0.14314302859209307
6.922,2.8787,2.3324,2.0575,2.4228666666666667,3.296,2.544,2.4224,2.7541333333333333,1.745142564181563,0.7890854850087753,553603.9436654609,0.14437685835339775,1.7410398813512342,0.7872864423892357,552341.7773882694,0.14381255170626162
6.941,2.8871,2.318,2.058,2.4210333333333334,3.3289,2.559,2.4216,2.769833333333333,1.7463973578182947,0.7930134917272139,557886.8773789153,0.1451348494153286,1.742105310932428,0.7910561697031421,556509.8966800673,0.14451277574207477
6.9601,2.8919,2.3033,2.0595,2.4182333333333332,3.3673,2.5717,2.4202,2.7864,1.7475212620884466,0.7972435187054603,562406.0737271731,0.14593311718489316,1.743049182998616,0.7950640671398593,560868.605225857,0.1452378618404396
6.9792,2.8918,2.289,2.0629,2.4145666666666665,3.41,2.5822,2.4184,2.8035333333333337,1.7485075619119446,0.801693225240544,567097.0433007809,0.1467579284853261,1.743887052962575,0.7992274922300643,565352.8475713077,0.1459750372578074
6.9982,2.8855,2.2757,2.0684,2.4098666666666664,3.4554,2.5909,2.417,2.8211,1.7493043121975131,0.8063491241429783,571943.3225962016,0.14760319058280735,1.7445904068954554,0.8035439155012779,569953.5884933526,0.146722945914149
7.0173,2.8725,2.2638,2.0762,2.404166666666667,3.5016,2.5982,2.4168,2.8388666666666666,1.749895951230824,0.8111529901734712,576920.993390712,0.14845844462538837,1.7451624672464652,0.8079736924587398,574659.7632429005,0.14747783606552312
7.0364,2.8535,2.2537,2.0858,2.3976666666666664,3.5463,2.605,2.4185,2.8566000000000003,1.75030564278591,0.8160289066580492,581968.6478738256,0.14931338349903361,1.745631919361312,0.8124718985400996,579431.8906732051,0.14823859367262257
7.0554,2.8297,2.2456,2.0969,2.3907333333333334,3.5879,2.612,2.4227,2.8741999999999996,1.750609418207432,0.8209141257057466,587033.5126574141,0.15016404309975595,1.7460719638420674,0.8170029385192171,584236.6330802778,0.1490083950120026
7.0745,2.8034,2.239,2.1089,2.383766666666667,3.6253,2.6201,2.4298,2.8917333333333333,1.750908514766223,0.8257808186281597,592112.2787518806,0.1510141105568324,1.7465631464771045,0.8215657356491421,589089.9242341523,0.14979612443521573
7.0936,2.7769,2.2333,2.1213,2.377166666666666,3.659,2.63,2.4401,2.9096999999999995,1.751351329977039,0.8307013990271579,597248.6308766379,0.15188786853261033,1.7472265601805435,0.826243245071233,594043.3559733676,0.15062612020029828
7.1126,2.7519,2.2276,2.1333,2.3709333333333333,3.6905,2.6421,2.4539,2.9288333333333334,1.752018988553678,0.8358452027255526,602556.4853483218,0.15282062518728134,1.7481145258266526,0.8312028447967412,599209.8335183035,0.15153020415538457
7.1317,2.7293,2.2207,2.144,2.3646666666666665,3.722,2.656,2.4713,2.9497666666666666,1.7528897436981545,0.8414010856277258,608190.538365399,0.15384307495876537,1.7491794965103242,0.8366177512439319,604732.9974093032,0.15253251646176713
7.1508,2.7084,2.2118,2.1523,2.3575,3.7558,2.6712,2.4919,2.9729666666666663,1.7538173402057224,0.8475702111366791,614290.5600959238,0.15497875642360284,1.7502631978995051,0.8426644416956707,610735.022374067,0.15364928057819885
7.1699,2.6876,2.2006,2.1573,2.3485,3.7937,2.6865,2.5148,2.9983333333333335,1.7545801158418983,0.8544304435749991,620916.6962135045,0.15622500118390106,1.751143819509597,0.8493915578321474,617254.9256017763,0.15487088382106007
7.1889,2.6647,2.1875,2.1588,2.3369999999999997,3.8362,2.7009,2.539,3.0253666666666668,1.7549758014442085,0.8619397099883159,628033.5682805661,0.15756090689591848,1.7516346551636275,0.8567361113653941,624242.0796495369,0.15617296288929583
7.208,2.6373,2.1732,2.1569,2.3224666666666667,3.8829,2.7138,2.5634,3.053366666666667,1.7548116411210504,0.8699984075544548,635589.5690224763,0.15895713120278995,1.7515662217327848,0.8645850934270504,631634.7962742228,0.15752533695161883
7.2271,2.6038,2.1587,2.1522,2.3049,3.9325,2.7251,2.5871,3.081566666666667,1.7540092085915169,0.87843514491614,643453.6851216638,0.16038100820554171,1.7508848897114415,0.8727657233790825,639300.8342235179,0.15889756675721076
7.2461,2.5634,2.1449,2.1456,2.2846333333333333,3.9835,2.7352,2.6099,3.1095333333333333,1.7526019586129056,0.8871190968525361,651523.03800141,0.16181524552352228,1.7496462882453343,0.8811566248517643,647144.0455011652,0.16027697909301286
7.2652,2.5156,2.1321,2.1376,2.261766666666667,4.0342,2.7448,2.6321,3.137033333333333,1.7505911456855396,0.8959925740127219,659774.475371644,0.16325277994321322,1.747867424611704,0.8897189414433023,655154.8136052234,0.161662802840938
7.2843,2.4603,2.1205,2.1287,2.2365,4.0834,2.755,2.6541,3.1641666666666666,1.7480382164183432,0.9050622111540304,668205.0930014013,0.16470233110777047,1.745620578994446,0.8984793857082748,663345.0099761866,0.16307011742520716
7.3033,2.3974,2.1096,2.1186,2.208533333333333,4.1298,2.7664,2.6765,3.1909000000000005,1.7448761612264225,0.9143628845720517,676832.5792184836,0.16616878663987797,1.742839501635654,0.9074950144651382,671748.8227399219,0.16450958469239996
7.3224,2.3268,2.0987,2.1067,2.1774,4.1716,2.7797,2.6996,3.2169666666666665,1.7409735607613737,0.9238987711162605,685679.8140514333,0.16764794905973032,1.73938901948876,0.9167961851390617,680408.565745468,0.16598314779246426
7.3415,2.249,2.0867,2.0923,2.1426666666666665,4.207,2.7949,2.7231,3.2416666666666667,1.736154413752357,0.9335767144295768,694669.6731351054,0.1691159127703215,1.7350786018943698,0.9263092211952477,689261.9684745542,0.16747030581849368
7.3605,2.1653,2.073,2.075,2.104433333333333,4.2339,2.8117,2.7467,3.2641000000000004,1.7303346015200065,0.9431990775462339,703645.9784646544,0.17053609545307707,1.7298049575798569,0.9358565217993671,698168.2803350333,0.16893730388070652
7.3796,2.0778,2.0569,2.0542,2.0629666666666666,4.2506,2.8297,2.7694,3.2832333333333334,1.7234448382849346,0.9525205740267858,712443.9662137408,0.1718634088562847,1.7234688814623746,0.9452027030249228,706970.5169434879,0.17033782431826328
7.3987,1.9893,2.0379,2.03,2.019066666666667,4.2564,2.8483,2.7903,3.2983333333333333,1.7155637577544398,0.9612972174379095,720869.4632642263,0.17306076951048618,1.7161171832577544,0.9541019358312811,715473.7763780939,0.17163017256502144
7.4177,1.9026,2.0157,2.0026,1.9736333333333331,4.2518,2.8667,2.8082,3.3089,1.7068143902335582,0.9693203956252134,728752.6402946631,0.17409804207713886,1.7078439133678476,0.96232734301161,723495.1366056008,0.1727756651849024
7.4368,1.8204,1.99,1.9729,1.9277666666666669,4.2381,2.8842,2.8222,3.314833333333333,1.6974096290980893,0.9764388267004985,735994.6674751269,0.17495855888994044,1.6988402600513928,0.9697030610103302,730917.5571700423,0.1737479985208686
7.4559,1.744,1.961,1.9422,1.8823999999999999,4.2176,2.8995,2.8316,3.3162333333333334,1.6875491779480698,0.9825590201067854,742509.8973210915,0.17563335257572513,1.6893052508714643,0.9761009499062344,737629.599096378,0.1745296436416961
7.475,1.6739,1.9293,1.9121,1.8384333333333334,4.1926,2.9118,2.8361,3.3135,1.677464783730699,0.9876511364461379,748269.9253520925,0.17612540738157223,1.6794823033045396,0.9814640382802797,743582.4205116975,0.17511888419038016
7.494,1.6095,1.8958,1.8842,1.7965,4.1652,2.9201,2.8365,3.307266666666667,1.6673629361047042,0.9917656783210944,753297.0887233895,0.17645067917177437,1.669600691677901,0.985826010638962,748785.6053450686,0.17553171293406042
7.5131,1.5499,1.862,1.8598,1.7572333333333334,4.1364,2.9243,2.8341,3.2982666666666667,1.6574682974780648,0.9949712678321427,757658.0371271771,0.1766286311812347,1.6599086989344523,0.9892582090198553,753307.6150942465,0.17579311217280594
7.5322,1.494,1.8289,1.8392,1.7207,4.1067,2.9248,2.8306,3.2873666666666668,1.6479032227899097,0.9974392370873382,761468.2803247512,0.17669432428455636,1.6505430188654178,0.9919430356601678,757272.3524993258,0.17594388389540563
7.5512,1.4413,1.7975,1.822,1.6869333333333334,4.0758,2.9222,2.8276,3.2752,1.6387563952521658,0.9992943458493794,764808.8922087108,0.17667235142387888,1.6415949658259852,0.9940222568207518,760773.9043331584,0.17601371426428405
7.5703,1.3918,1.7682,1.8072,1.6557333333333333,4.0435,2.9175,2.8265,3.2624999999999997,1.6300819057140796,1.0007165862536267,767834.662782659,0.1765978633346472,1.6331091811623824,0.9956894417244156,763977.4110119082,0.1760390380411735
7.5894,1.3459,1.7409,1.7935,1.6267666666666667,4.01,2.9116,2.8275,3.2497000000000003,1.6218660986104707,1.0018397951545357,770635.9186852297,0.17649457721721618,1.6250574517141405,0.9970780282253399,766973.0689463853,0.17603966943816288
7.6084,1.3041,1.7154,1.7797,1.5997333333333332,3.9761,2.905,2.8305,3.2372,1.6140995884413147,1.0027881870430506,773296.5483566959,0.1763853389249303,1.617417941730676,0.9983016611498489,769836.7798510896,0.17603171101205742
7.6275,1.266,1.6914,1.765,1.5741333333333332,3.9427,2.898,2.8349,3.2251999999999996,1.6067013819817209,1.0036712596904618,775920.5069190095,0.17628798112367858,1.6101096942457744,0.9994563048501649,772661.9998483452,0.17602817318768627
7.6466,1.2311,1.6688,1.7491,1.5496666666666667,3.9107,2.891,2.8402,3.2139666666666664,1.599644672261801,1.0045876820013757,778573.7311105316,0.17622102125918954,1.6031112210725158,1.0006301826464117,775506.5971073319,0.1760449352462082
7.6656,1.1983,1.6474,1.7319,1.5258666666666667,3.8805,2.8843,2.8458,3.203533333333333,1.592832660606512,1.0056088792508515,781301.7164613608,0.176195296218714,1.5963367853672583,1.0018899269983932,778412.2990762953,0.17609350312370622
7.6847,1.1667,1.6267,1.7133,1.5022333333333335,3.8519,2.8781,2.8513,3.193766666666667,1.586136769704194,1.006775307044388,784156.9547263616,0.17621471200468775,1.589664426260421,1.0032769489672617,781432.154269788,0.17617918706335187
7.7038,1.1357,1.6065,1.6934,1.4785333333333333,3.8244,2.8728,2.8563,3.1845,1.5794825885069121,1.0080832872650762,787127.2354582028,0.17627622207007113,1.5830248904542596,1.004792701469104,784557.8944787997,0.17630158608268945
7.7228,1.1051,1.5859,1.6722,1.4544,3.7973,2.8684,2.8604,3.1753666666666667,1.5727359696060752,1.009504051548463,790180.6304682234,0.17636983331174044,1.5762821970188572,1.0064116579202604,787760.0859017693,0.1764509751635417
7.7419,1.0752,1.5642,1.6503,1.4299,3.7704,2.8648,2.8631,3.1661,1.565873288337353,1.0109694135474303,793284.7385208876,0.17648083441134113,1.569411558774907,1.0080647419926037,791005.5087202803,0.17661210674402994
7.761,1.0462,1.5409,1.6282,1.4051,3.7435,2.8613,2.8644,3.1564,1.5588650591897009,1.0124032164915862,796369.6953155089,0.17659242810143258,1.5623829764973847,1.0096747655271503,794223.4598750869,0.17676781267196695
7.7801,1.0184,1.5156,1.6063,1.3800999999999999,3.7169,2.857,2.8646,3.1461666666666663,1.5517176564372066,1.0137690492903089,799406.6056387308,0.17669740070695802,1.5552021311718753,1.0112004849836118,797381.1667330757,0.17690908697105615
7.7991,0.9917,1.4884,1.5849,1.3550000000000002,3.6909,2.8512,2.8642,3.1354333333333333,1.5444569024130639,1.0150601575332154,802379.4473832658,0.17679543460035566,1.5478980077277422,1.0126335554937405,800461.2796874862,0.1770360238737924
7.8182,0.9659,1.4596,1.5636,1.3297,3.6659,2.8428,2.8635,3.1240666666666663,1.5370386037804977,1.0162616146994345,805296.5225208404,0.1768825508264755,1.5404292709927123,1.0139529840731112,803467.1390350604,0.17714319090859898
7.8373,0.9405,1.4299,1.5422,1.3042,3.6422,2.8312,2.8629,3.1121,1.5294656196133196,1.017381482817117,808153.4394190173,0.1769612089129044,1.5328046632727232,1.0151655657217078,806393.2333877817,0.17723427288399285
7.8563,0.9148,1.4002,1.5201,1.2783666666666667,3.6197,2.8161,2.8622,3.0993333333333335,1.5216751920231693,1.0183951705266885,810919.8206680499,0.17702518170955286,1.5249681507572426,1.0162463174876237,809208.748609274,0.17730454212638794
7.8754,0.8884,1.3714,1.4971,1.2523,3.5982,2.7972,2.8612,3.0855333333333337,1.5136513249056696,1.0192351707965581,813561.7995630491,0.17705965108463964,1.516909707836308,1.017127638885213,811879.5504574865,0.1773407083852204
7.8945,0.8608,1.3447,1.473,1.2261666666666666,3.5772,2.7747,2.8593,3.0704000000000007,1.5053818259888887,1.0198077148908875,815993.0272710378,0.17704361744944197,1.5086259505865847,1.0177184477902996,814321.3127298619,0.17732475966507544
7.9135,0.8319,1.321,1.4476,1.2001666666666666,3.5563,2.7492,2.856,3.0538333333333334,1.496891849410551,1.0200581072493238,818157.741540462,0.17696526091023476,1.5001475503268562,1.0179667787766127,816480.3502547179,0.17724655190304284
7.9326,0.8014,1.301,1.4213,1.1745666666666665,3.5352,2.7216,2.8509,3.0359000000000003,1.4882476016048922,1.0199579682595001,820051.9323155188,0.1768189606588041,1.491550021892686,1.0178508808446394,818357.8222052142,0.17710497871980632
7.9517,0.7691,1.2851,1.3944,1.1495333333333333,3.5132,2.6928,2.8434,3.016466666666666,1.4794615496389174,1.0194474697239937,821615.0095953924,0.1765905163269586,1.4828532619992663,1.0173208833038172,819901.1053738324,0.176891169818736
7.9707,0.7349,1.2732,1.3675,1.1252000000000002,3.4895,2.6641,2.833,2.995533333333333,1.470559390243216,1.0185013108643988,822813.8272611996,0.1762735667739404,1.4740870398689083,1.0163671873400935,821089.7388126618,0.1766059178014396
7.9898,0.699,1.2648,1.3417,1.1018333333333332,3.4634,2.6364,2.8196,2.973133333333333,1.4616032343461798,1.0170794862339327,823634.1185957491,0.17585827092721182,1.465312550620805,1.0149664598570385,821922.9832901427,0.17624690474242233
8.0089,0.6621,1.2593,1.3177,1.0797,3.4338,2.6103,2.8036,2.9492333333333334,1.4526454264706103,1.0151249849382986,824016.5105781019,0.17533007063255515,1.4565707334566274,1.01308004744502,822356.5551218145,0.17580552675906688
8.0279,0.625,1.2557,1.2964,1.0590333333333335,3.4002,2.5861,2.7854,2.9238999999999997,1.4437477494541533,1.01260763907873,823923.0995189244,0.1746802712777596,1.4479085829352651,1.0106891742168542,822362.1123662371,0.17527623076329868
8.047,0.5892,1.2533,1.2783,1.0402666666666667,3.3624,2.5635,2.766,2.8973,1.435036486233696,1.0094865279711691,823337.7994079873,0.17389735228174613,1.4394299526903982,1.0077556345100749,821926.0816942984,0.17464510090883203
8.0661,0.5557,1.252,1.2636,1.0237666666666667,3.3208,2.542,2.7463,2.8697,1.426641792285874,1.0057535169364233,822240.1646495974,0.17297692434194414,1.4312509145973735,1.0042671073125373,821024.970595289,0.17390453858957544
8.0852,0.5252,1.2517,1.252,1.0096333333333334,3.2761,2.5215,2.7273,2.8416333333333337,1.4186787883886611,1.0015069501958467,820707.2319298779,0.17193989509292135,1.42347314069581,1.0003152389385261,819730.6575316032,0.17307040372211513
8.1042,0.4983,1.2527,1.2434,0.9981333333333332,3.2291,2.5018,2.7097,2.8135333333333334,1.411288565457242,0.9967959077248597,818766.2304205856,0.1707953799869145,1.416229855414828,0.9959404231675736,818063.5370600653,0.17214724707364348
8.1233,0.4753,1.2553,1.2369,0.9891666666666667,3.1805,2.4833,2.6945,2.7861,1.4045731959792218,0.9917959448377567,816579.2617010712,0.16958338263145645,1.4096129054908886,0.9913115099605846,816180.4100255804,0.17116949670164225
8.1424,0.4561,1.2596,1.2318,0.9824999999999999,3.131,2.4666,2.6819,2.7598333333333334,1.398571187959556,0.9866617291608121,814262.1396192898,0.16833954235613485,1.4036560588112001,0.986575858575809,814191.2732177578,0.17016803523262233
8.1614,0.4407,1.265,1.2272,0.9776333333333334,3.0812,2.4523,2.6723,2.7352666666666665,1.393262780680332,0.9816047283381216,811979.0627066597,0.167114170292097,1.3983292281666622,0.9819334744244181,812251.0000061789,0.16918381788469303
8.1805,0.4291,1.2708,1.2221,0.9739999999999999,3.0317,2.441,2.6656,2.7127666666666665,1.3885823355196796,0.9768116003187555,809905.1918747016,0.1659523054766764,1.3935595117012625,0.9775557100457966,810522.1566313222,0.16825026918655886
8.1996,0.4211,1.2759,1.2155,0.9708333333333333,2.9829,2.4326,2.6615,2.6923333333333335,1.3843511870730605,0.9724170277289773,808143.9896503262,0.16488704253604006,1.3891659473369868,0.9735575456142972,809091.8367651207,0.1673874138667045
8.2186,0.4163,1.2791,1.2067,0.9673666666666666,2.9354,2.4266,2.6592,2.6737333333333333,1.380347464649166,0.9685001066064546,806753.8417463283,0.16393837458490532,1.3849345661847074,0.9699960494287412,807999.9516958059,0.16660298577029806
8.2377,0.4146,1.2799,1.1953,0.9632666666666667,2.8897,2.4221,2.6579,2.6565666666666665,1.3764231614313513,0.9650254155502896,805727.6150786591,0.16309830125778801,1.3807315979325265,0.9668171521347387,807223.5877460878,0.16587984740824235
8.2568,0.4154,1.2779,1.1811,0.9581333333333334,2.8462,2.4176,2.6568,2.6402,1.372372387798574,0.9619109301066424,804989.3786794507,0.16234779447879447,1.3763742820176859,0.9639259964232029,806675.7167086756,0.1651959251421859
8.2758,0.4182,1.2738,1.1645,0.9521666666666668,2.8052,2.4121,2.655,2.6241,1.368151235843593,0.9589948578974155,804395.7930780262,0.161647817793378,1.3718441119197218,0.9611622580849056,806213.7878027903,0.16451835942734122
8.2949,0.4224,1.2683,1.1456,0.9454333333333333,2.7671,2.4049,2.6522,2.608066666666667,1.3637400609275359,0.9562183957890089,803918.0404921941,0.16098454543804608,1.36714260985146,0.9584723428454768,805812.9932655231,0.1638406689743154
8.314,0.427,1.2626,1.1248,0.9381333333333334,2.7318,2.3958,2.648,2.5918666666666663,1.3591460905197,0.9534908295529909,803470.740856068,0.16033611830193975,1.3622948734357532,0.9557848175924798,805403.7980103431,0.16315759320771672
8.333,0.4314,1.2575,1.1021,0.9303333333333335,2.6991,2.3853,2.6422,2.5755333333333335,1.3543898686401918,0.9508094356609336,803042.2409588619,0.15970224612079098,1.357327256796453,0.9531140604552615,804988.699407836,0.1624804235196352
8.3521,0.4346,1.2534,1.0775,0.9218333333333334,2.6686,2.3739,2.6344,2.5589666666666666,1.349402796337291,0.9481848835694268,802661.1413956289,0.1590866125178483,1.352174819564487,0.9504899234229716,804612.4126633628,0.16182621973682235
8.3712,0.4361,1.2503,1.0511,0.9125,2.6393,2.3623,2.624,2.541866666666667,1.34409689909639,0.9455667475966629,802275.3240511194,0.15847818098837996,1.3467417285914587,0.9478794946431668,804237.596826572,0.16119342235528714
8.3903,0.4356,1.2477,1.0231,0.9021333333333333,2.6101,2.3508,2.6101,2.5236666666666667,1.3383191681104674,0.9428493317590885,801794.9427861609,0.15785305296881952,1.3408644729523616,0.9451886855550117,803784.3190096762,0.16056333738281753
8.4093,0.4335,1.2452,0.9944,0.8910333333333332,2.5796,2.3393,2.5918,2.503566666666667,1.3319976602637198,0.9397789280541944,800993.6526072043,0.15714988287336146,1.3344553481318666,0.9421709760668793,803032.4462188672,0.1598763002726141
8.4284,0.4308,1.2427,0.966,0.8798333333333334,2.5471,2.3275,2.5686,2.4810666666666665,1.3251951511572666,0.9361136978580099,799681.8959854764,0.15630837825224508,1.3275642234031688,0.9385825682332802,801790.9463574091,0.15906799543135433
8.4475,0.4288,1.2403,0.9395,0.8695333333333334,2.5121,2.3149,2.5402,2.4557333333333333,1.3180792192988071,0.9315575639830421,797593.1629356673,0.15525216204790646,1.3203467823440256,0.93412168062034,799788.5419202294,0.15805597034897254
8.4665,0.4288,1.2385,0.9165,0.8612666666666667,2.475,2.3012,2.5072,2.4278,1.3109746007176857,0.9259523405987096,794577.1506289388,0.15393582963761143,1.3131221463147285,0.9286205387906304,796866.7817726744,0.15678738100655173
8.4856,0.4317,1.2379,0.8982,0.8559333333333333,2.4366,2.2865,2.4703,2.3978,1.3042092726328693,0.91925431382628,790609.007378173,0.15234148323949037,1.3062169234807033,0.9220272293634336,792993.8664616704,0.15523818869567352
8.5047,0.438,1.2391,0.8858,0.8543,2.3981,2.2712,2.4311,2.3668,1.2981835887660118,0.9115813897515688,785774.5787677657,0.15049075730826328,1.3000332206053333,0.9144520912146251,788249.0964117864,0.15342521451852217
8.5237,0.4473,1.2423,0.8795,0.8563666666666666,2.3606,2.2558,2.3912,2.3358666666666665,1.2931095788661395,0.90319749572765,780287.0624661557,0.14844608745018437,1.2947887592251657,0.9061553676157793,782842.416281525,0.1514097644372144
8.5428,0.4592,1.2475,0.8793,0.8620000000000001,2.3248,2.241,2.3525,2.3061000000000003,1.289173864640291,0.8944100028910587,774426.8682325099,0.14628293143165666,1.2906720883873954,0.8974417558498325,777051.9182001185,0.14926603872548108
8.5619,0.473,1.2545,0.8843,0.8706,2.2912,2.2273,2.3162,2.278233333333333,1.2863731857742091,0.8855258172853505,768448.7422245207,0.14408097214344864,1.2876847606489061,0.8886178429050092,771131.9651774513,0.14707438219943136
8.5809,0.488,1.2628,0.8934,0.8813999999999999,2.2599,2.215,2.2836,2.2528333333333332,1.2846237513520926,0.8768455864848289,762604.7160473597,0.14192004379431933,1.2857456663333393,0.8799839376681975,765334.1834130384,0.14491497987010818
8.6,0.5036,1.2722,0.9053,0.8936999999999999,2.2308,2.2043,2.255,2.2300333333333335,1.2837730188320162,0.8685465812960572,757068.3526155513,0.13984947366653874,1.2847044109234345,0.8717207911060164,759835.1515914864,0.1428401496639685
8.6191,0.5193,1.2824,0.9188,0.9068333333333333,2.2037,2.1953,2.2308,2.2099333333333333,1.283664415746855,0.8607909147530437,751974.5103346213,0.13791385031641043,1.2844048686207692,0.8639930477526194,754771.8474731914,0.14089663421404353
8.6381,0.5348,1.293,0.9327,0.9201666666666667,2.1784,2.188,2.2106,2.1923333333333335,1.28409058503027,0.8536521328367396,747382.0836327496,0.13613484233160222,1.2846397358295978,0.8568745768568223,750203.3697673208,0.13910614717152012
8.6572,0.5495,1.3039,0.9462,0.9332000000000001,2.1545,2.1826,2.194,2.177033333333333,1.2848764267628807,0.8471761517246269,743352.3145799112,0.13452552091120348,1.2852308429331927,0.8504171426458602,746196.1128831645,0.1374868309020032
8.6763,0.5634,1.3146,0.9584,0.9454666666666668,2.1315,2.1792,2.1804,2.1637,1.2858299605773418,0.841363191999544,739880.5219346036,0.13308658035163523,1.2859810082126435,0.8446177715594332,742742.5440034866,0.1360364908965053
8.6954,0.5764,1.3247,0.969,0.9567,2.1088,2.1775,2.169,2.151766666666667,1.2867715265915598,0.8361106156764027,736880.0994751838,0.13179242531686416,1.2867080051841404,0.8393719591897271,739754.3831972927,0.13472855425545496
8.7144,0.5888,1.3338,0.9777,0.9667666666666667,2.0858,2.1776,2.1591,2.140833333333333,1.2875883561497075,0.8313345344839462,734271.7810189157,0.13062136614829392,1.2872929006313145,0.8345895917214626,737146.7929136077,0.13353648887063227
8.7335,0.6009,1.3415,0.9847,0.9756999999999999,2.062,2.179,2.1499,2.1303,1.2881791173185513,0.8268648246815208,731924.6391427123,0.1295306432969963,1.2876345126889188,0.8300937137414564,734782.788854106,0.13241295200581352
8.7526,0.6133,1.3475,0.99,0.9836,2.0372,2.1813,2.1409,2.1197999999999997,1.288503541463607,0.8225821395850126,729726.10436763,0.12848999405093686,1.287695442746234,0.825755441197718,732541.1922626714,0.13132074151649265
8.7716,0.6268,1.3516,0.9942,0.9908666666666667,2.0114,2.1841,2.1317,2.1090666666666666,1.2886229453743907,0.8183412666355665,727539.8670404468,0.12746314211753015,1.2875429618886611,0.8214191012771398,730276.1917220909,0.1302156813532817
8.7907,0.642,1.3538,0.9975,0.9977666666666667,1.9849,2.1868,2.1219,2.0978666666666665,1.288569227710664,0.8140294760855963,725282.3613563275,0.12642233478351303,1.2872210435697864,0.8169661021733741,727898.8306193402,0.12906568963329956
8.8098,0.6593,1.3543,1.0003,1.0046333333333335,1.9581,2.1886,2.1116,2.0861,1.2884173539360588,0.8095591050629113,722866.562807815,0.12534630689985482,1.2868197017041265,0.812308550443249,725321.5807543527,0.12784927359000334
8.8288,0.679,1.3533,1.003,1.0117666666666667,1.9316,2.1891,2.1008,2.073833333333333,1.2882633753258754,0.8048949357148115,720251.8777514513,0.12422688536912112,1.2864488903663924,0.8074139869423164,722506.0245925557,0.12655956658999504
8.8479,0.7012,1.3515,1.0057,1.0194666666666665,1.906,2.1877,2.0895,2.0610666666666666,1.2881928027537182,0.7999837688352267,717405.8381370117,0.12305202372200646,1.2862074284605611,0.8022406565205111,719429.7597020706,0.1251919550688663
8.867,0.726,1.3495,1.0084,1.0279666666666667,1.8822,2.1842,2.078,2.048133333333333,1.2883315052284479,0.7948782301066821,714366.0995407515,0.12183551863204305,1.2862324461150316,0.7968538270956521,716141.5910082754,0.12376757296102042
8.886,0.7527,1.3483,1.0111,1.0373666666666665,1.8608,2.1785,2.066,2.0351,1.2887219808399248,0.7895806971002477,711125.6717130623,0.12057931140047806,1.2865675110671237,0.7912790725714655,712655.2916774638,0.12230436348342609
8.9051,0.7808,1.3487,1.0138,1.0477666666666667,1.8423,2.1709,2.0535,2.0222333333333338,1.289441461133451,0.7841508879184558,707753.4007380921,0.11929936830886377,1.2872845675105717,0.7855935636682818,709055.5208833772,0.12082984588995882
8.9242,0.8095,1.3513,1.0166,1.0591333333333333,1.8268,2.162,2.0402,2.0096666666666665,1.2905060836938835,0.7786350998494682,704282.3382553569,0.11800835449547825,1.2883857720349028,0.7798575991062643,705388.0996514951,0.11936684002900394
8.9432,0.8382,1.3567,1.0201,1.0716666666666665,1.8141,2.1524,2.0259,1.9974666666666667,1.2919864371116814,0.7730215307569837,700693.4520181245,0.11670584440928887,1.2899246256950272,0.7740667032645141,701640.8325283915,0.11792063911687366
8.9623,0.8662,1.3654,1.0248,1.0854666666666666,1.8041,2.1433,2.0106,1.986,1.2939756798573363,0.7674023673377541,697085.641570574,0.11541641670037142,1.291974411706252,0.7683150766096273,697914.7197118864,0.11651854177364496
8.9814,0.8933,1.3771,1.0312,1.1005333333333331,1.7962,2.1358,1.9947,1.9755666666666667,1.2965255609036095,0.7618695405009221,693534.6678857788,0.11416439941988402,1.2945716364232567,0.7626834292136074,694275.5559355584,0.11517893219923513
9.0005,0.9192,1.3912,1.0395,1.1166333333333334,1.79,2.1309,1.9788,1.9665666666666668,1.299635540988808,0.7565839055041671,690187.7713289363,0.11298920341469332,1.2977062762976808,0.757320478901489,690859.7046701288,0.11393458924646095
9.0195,0.944,1.4068,1.0499,1.1335666666666666,1.7852,2.1293,1.9636,1.9593666666666667,1.3033058360915142,0.7516910507140113,687171.862453836,0.1119259075698135,1.301377044514961,0.7523569362223425,687780.5936400145,0.11281141455012944
9.0386,0.9676,1.4228,1.0619,1.1507666666666667,1.7815,2.1313,1.9496,1.9541333333333333,1.3073949624190457,0.7473385585476179,684639.7062757943,0.1110067130119759,1.3054450497533405,0.7479291626149389,685180.7609163601,0.11183503218397677
9.0577,0.99,1.438,1.0753,1.1677666666666666,1.7786,2.1366,1.9371,1.9507666666666665,1.3117445348441665,0.7435772038106547,682633.3859751484,0.1102397850631765,1.3097598050033539,0.7440786858479354,683093.7663893946,0.111007543357109
9.0767,1.0113,1.4518,1.0895,1.1842,1.7765,2.1448,1.9264,1.9492333333333332,1.316235980198593,0.7404573961878909,681195.2054538724,0.1096325966523741,1.31421112038158,0.7408538240381195,681559.9053708082,0.11033482622846287
9.0958,1.0313,1.4636,1.104,1.1996333333333336,1.7746,2.1552,1.9174,1.9490666666666667,1.3206621290829954,0.7379126817318542,680282.6614658701,0.10916368532336668,1.3185967799462495,0.7381869205677237,680535.4826054998,0.10979521438259919
9.1149,1.0502,1.473,1.1186,1.2139333333333333,1.7727,2.1671,1.91,1.9499333333333333,1.3249264964392324,0.7358647210142676,679819.184559242,0.10881083623065052,1.3228279597356318,0.7359998574735886,679944.0286439715,0.10936606774871603
9.1339,1.0682,1.4802,1.133,1.2271333333333334,1.7703,2.1798,1.9038,1.9512999999999998,1.3289508512971289,0.7341505512018839,679649.3521372783,0.1085337711658553,1.3268285996392926,0.7341323094446693,679632.4645949993,0.10900902341872694
9.153,1.0858,1.4852,1.1473,1.2394333333333334,1.7673,2.1928,1.8987,1.9529333333333334,1.3327548676584837,0.732667867409271,679695.0905125621,0.10830858305093724,1.3306243160515872,0.7324829925483868,679523.5823287152,0.1087001408577216
9.1721,1.1036,1.4882,1.1613,1.2510333333333332,1.7634,2.2057,1.8947,1.9546000000000001,1.336359075430009,0.7313154211083035,679856.1615984458,0.1081122748325576,1.3342393868168692,0.730952155412237,679518.4572172174,0.10841735471911951
9.1911,1.1219,1.4895,1.175,1.262133333333333,1.7588,2.218,1.8918,1.9562,1.33980558862208,0.7300312883497705,680068.2360344701,0.10793156136157847,1.3377197782682655,0.729483989453611,679558.3940580584,0.10814996791005933
9.2102,1.1413,1.4895,1.1881,1.2729666666666666,1.7539,2.2296,1.8898,1.9577666666666669,1.343167089551813,0.7287874613276643,680320.3761081037,0.10776185459816243,1.3411403118043097,0.7280554365628832,679637.0337213,0.10789559895058598
9.2293,1.1619,1.4884,1.2005,1.2835999999999999,1.7489,2.2401,1.8884,1.9591333333333332,1.346437036220963,0.7275250459657666,680550.3122685945,0.10758987830198885,1.344495299536968,0.7266137453895412,679697.8524183672,0.10764371269239986
9.2483,1.184,1.4868,1.2121,1.2943,1.7442,2.2494,1.8873,1.9603,1.3496925441168897,0.7262024260801683,680711.5664855388,0.10740892668559705,1.3478599095619568,0.7251238264533453,679700.5326260839,0.10739056933084799
9.2674,1.2076,1.4852,1.2234,1.3054,1.7402,2.2577,1.886,1.9612999999999998,1.35303483826261,0.7247780857285404,680779.5282576263,0.10721357610879112,1.3513312230792973,0.723547486190426,679623.6337989942,0.10713231952210038
9.2865,1.233,1.4841,1.2346,1.3172333333333335,1.7372,2.265,1.8844,1.9622000000000002,1.3565699647376412,0.7232210836908389,680717.1102360836,0.10700139999784154,1.3550127403747532,0.7218581607244047,679434.2867618967,0.10686821805418663
9.3056,1.26,1.4839,1.2463,1.3300666666666665,1.7358,2.2721,1.8827,1.9635333333333334,1.360455445129749,0.7216455858082393,680631.2192549234,0.106803135331435,1.3590559502255655,0.7201707975362467,679240.2498380109,0.10662933064634751
9.3246,1.2885,1.4845,1.2587,1.3438999999999999,1.7364,2.2792,1.881,1.9655333333333334,1.3647248390057651,0.7201207441806627,680579.8048858291,0.10663585079204244,1.363492257940462,0.7185562710849576,679101.2350726019,0.10643284396996117
9.3437,1.3183,1.4859,1.2722,1.3587999999999998,1.7394,2.287,1.8798,1.9687333333333334,1.3694747440947372,0.7187913986083487,680714.9409921105,0.10653482781538319,1.3684146037997824,0.7171580517371697,679168.1172248995,0.10631324552302653
9.3628,1.3491,1.4878,1.2867,1.3745333333333332,1.7452,2.2957,1.8796,1.9735000000000003,1.3746885668006812,0.7177989428518111,681164.6261742351,0.10653010149289026,1.373804226667766,0.7161191419706142,679570.5573187675,0.10630040498611719
9.3818,1.3804,1.4899,1.3019,1.3907333333333334,1.754,2.3056,1.8809,1.9801666666666666,1.380305261183018,0.7172930229105718,682065.8450740684,0.10665092561118317,1.3795961618618244,0.7155887778233557,680445.2976429659,0.10642293238199944
9.4009,1.4118,1.4922,1.3174,1.4071333333333333,1.7663,2.3167,1.8839,1.9889666666666665,1.3862767934750673,0.7173771774974314,683534.6179264527,0.10691664485638168,1.3857365849347625,0.7156727572142726,681910.6043620692,0.10669963721241488
9.42,1.4429,1.4943,1.3328,1.4233333333333331,1.7821,2.3294,1.8886,2.0000333333333336,1.392502572743141,0.7181434966376385,685655.0203516922,0.10734134060472685,1.3921215717915365,0.7164582865928684,684046.0484220517,0.1071427537348657
9.439,1.473,1.4958,1.3477,1.4388333333333332,1.8016,2.3439,1.8949,2.0134666666666665,1.3988501521208643,0.7196863308103274,688513.9845069256,0.10793740355588977,1.3986145279155136,0.7180360525429273,686935.1860543364,0.10776255737071212
9.4581,1.5015,1.4961,1.3617,1.4531,1.8248,2.3603,1.9025,2.0292,1.4051560353141181,0.7220550419321861,692177.9047174985,0.1087059597676814,1.4050504623974265,0.7204503936081507,690639.6534066745,0.10855809959095998
9.4772,1.5277,1.4945,1.375,1.4657333333333333,1.8515,2.3785,1.911,2.047,1.4112738287303177,0.7252313329730017,696626.723288837,0.10963478017450064,1.4112847816169498,0.7236768868867781,695133.5877411272,0.10951473768914748
9.4962,1.551,1.4902,1.3875,1.4762333333333333,1.8814,2.3979,1.9204,2.0665666666666667,1.417023464582966,0.7291928180154952,701836.1933249306,0.1107093231642575,1.417141143328134,0.7276921535689502,700391.8282727795,0.11061729506064778
9.5153,1.5709,1.4828,1.3994,1.4843666666666666,1.9142,2.4177,1.9305,2.087466666666667,1.4222841721890154,0.7338430348465032,707732.578189925,0.1119030697700444,1.4225013825695345,0.732399628213488,706340.52859723,0.11183875850222835
9.5344,1.5867,1.4723,1.4107,1.4899000000000002,1.9493,2.4368,1.9413,2.1091333333333333,1.4269188142897715,0.7390516237544756,714186.5534059423,0.11318241299507771,1.4272283215685946,0.7376704217396002,712851.8213319499,0.11314508381215914
9.5534,1.598,1.4591,1.4215,1.4928666666666668,1.9859,2.4543,1.9529,2.1310333333333333,1.430870396664881,0.744663296655104,721043.4501770624,0.11451304301259525,1.4312647795800089,0.7433500960192895,719771.9027253812,0.11450167890533912
9.5725,1.6045,1.4439,1.4317,1.4933666666666667,2.0232,2.4695,1.9652,2.1526333333333336,1.434099964962633,0.7505171835735395,728164.5647198495,0.11586083104088411,1.4345694494066068,0.7492773454942805,726961.6526812362,0.11587370694445831
9.5916,1.6062,1.4279,1.4414,1.4918333333333333,2.0603,2.4821,1.9782,2.1735333333333333,1.436677293651383,0.7564445206094949,735379.7487736153,0.11719534821839245,1.4372094224673269,0.7552811033888508,734248.729326549,0.11722943834277273
9.6107,1.6036,1.4119,1.4507,1.4887333333333332,2.0961,2.4922,1.9919,2.1934,1.4386876991430093,0.7622919141195668,742540.0098798636,0.11848987344434848,1.439271764437401,0.7612055361255946,741481.7812519119,0.11854226391519955
9.6297,1.5971,1.3969,1.4596,1.4845333333333333,2.1299,2.5004,2.0064,2.2122333333333333,1.4402614196511392,0.7679971507773851,749576.3780104723,0.11973815295663966,1.4408863225451027,0.7669847280347178,748588.2387033202,0.11980494310309135
9.6488,1.5874,1.3834,1.4684,1.4797333333333331,2.1614,2.5077,2.0219,2.2303333333333337,1.441578619431859,0.7735732561753487,756516.2775825104,0.12095135915125574,1.4422366838830742,0.7726291927622433,755593.0303872604,0.12102900533811356
9.6679,1.5753,1.3714,1.4768,1.4745,2.1904,2.5153,2.0388,2.2481666666666666,1.442752415325251,0.7791242082792995,763453.1190522129,0.12215625289434849,1.4434387873524284,0.7782420113472203,762588.6663856712,0.12224232806105222
9.6869,1.5614,1.3599,1.4847,1.4686666666666666,2.2168,2.5241,2.0576,2.2661666666666664,1.4438019808107687,0.7847913691717261,770517.5945398103,0.12338336301688746,1.4445178539145795,0.783967287579212,769708.5013319701,0.12347834750330723
9.706,1.5461,1.3481,1.4914,1.4618666666666666,2.2408,2.5342,2.0785,2.2845,1.4446557233082855,0.7906728098402772,777822.7058967747,0.12465069591102107,1.4454014630492453,0.7899067813513566,777069.1269895062,0.12475645741429309
9.7251,1.5297,1.3348,1.4962,1.4535666666666665,2.2625,2.5453,2.1014,2.3030666666666666,1.4451606347551569,0.7968203019371817,785412.8312719564,0.1259637437403466,1.4459367372117875,0.7961157425493693,784718.3585254216,0.12608379426992114
9.7441,1.5125,1.3196,1.4986,1.4435666666666667,2.2821,2.5565,2.1261,2.3215666666666666,1.4452244276000095,0.8031855199548287,793233.6479148319,0.12731016835114398,1.446027646436842,0.8025489411432943,792604.9566345322,0.12744803169726165
9.7632,1.4949,1.3025,1.4979,1.4317666666666664,2.2997,2.5668,2.1521,2.3395333333333332,1.4447565988553812,0.8096634876721951,801198.7561516734,0.1286660498548586,1.4455786798971515,0.8091017050617285,800642.8467700765,0.12882393655488864
9.7823,1.4769,1.2842,1.4938,1.4183000000000001,2.3157,2.5755,2.1786,2.3566,1.4437416105985486,0.8161432706171698,809190.7451999772,0.13000923151732666,1.4445695307885658,0.8156593929629391,808710.9895814367,0.13018636485993143
9.8013,1.4584,1.2655,1.4863,1.4034000000000002,2.3303,2.5825,2.2049,2.3725666666666663,1.4422129826041055,0.8225437904402596,817120.7441208154,0.13132553864974422,1.4430321008506943,0.8221355482564937,816715.193485266,0.13151833007843003
9.8204,1.4392,1.2472,1.4754,1.3872666666666664,2.3436,2.588,2.2305,2.3873666666666664,1.4402136972170279,0.8288237611126229,824963.8084832144,0.13260931475264798,1.4410089311295333,0.8284835369073117,824625.1687514394,0.13281148697063438
9.8395,1.419,1.2297,1.4612,1.3699666666666666,2.3554,2.5927,2.2545,2.400866666666667,1.4377407650622815,0.8349442142174579,832672.103821806,0.13385352173640996,1.4385008591978685,0.8346578227616944,832386.491715121,0.13405714678131825
9.8585,1.3978,1.213,1.4442,1.3516666666666666,2.3652,2.5975,2.2765,2.413066666666667,1.4348363589659756,0.8408856701978404,840216.7166972884,0.13505675529430433,1.435556144254357,0.8406359047286017,839967.1499250792,0.13525439722138602
9.8776,1.3758,1.1967,1.4249,1.3324666666666667,2.3724,2.6029,2.2958,2.4236999999999997,1.4314838244754724,0.846569118895946,847534.4944297065,0.13620241010417122,1.4321644586186817,0.8463379444539237,847303.05637052,0.13638833931855007
9.8967,1.3535,1.18,1.4039,1.3124666666666667,2.3766,2.6094,2.3118,2.4326,1.427680256651006,0.8519414584139076,854562.2108155243,0.13727977652801052,1.4283296146789335,0.851711597508045,854331.6428088215,0.13745098164394567
9.9158,1.3319,1.162,1.3825,1.2921333333333334,2.3776,2.6166,2.3243,2.4395000000000002,1.4235004973336451,0.8568665780480657,861161.266148959,0.13826146578198956,1.4241322782031967,0.8566264450968245,860919.9296309613,0.13841939877027706
9.9348,1.3118,1.1423,1.3616,1.2719000000000003,2.3756,2.6241,2.3338,2.4445,1.419065907357809,0.8613060138099823,867281.602178631,0.13914196887731003,1.4196958689504093,0.8610487625997362,867022.5662051124,0.13929057676262582
9.9539,1.2941,1.1206,1.342,1.2522333333333333,2.3714,2.6312,2.3408,2.4478000000000004,1.4145219640877718,0.8652393042120742,872917.174575535,0.139919398817536,1.4151676271385432,0.8649640548368822,872639.4827211238,0.140065340308887
9.973,1.2791,1.0971,1.3244,1.2335333333333331,2.3657,2.6373,2.3465,2.4498333333333333,1.4100345004534862,0.868713968539576,878104.3920501252,0.1406067435113659,1.4107124751548394,0.8684259865263909,877813.2970755222,0.1407585183997059
9.992,1.2667,1.072,1.3085,1.2157333333333333,2.3596,2.6419,2.3519,2.4511333333333334,1.405667145327718,0.8718754441549796,882979.0452427395,0.14123659053020926,1.406390746848597,0.8715852341705422,882685.1393451755,0.14140340550494282
10.0111,1.2566,1.0456,1.294,1.1987333333333334,2.3536,2.645,2.358,2.4522,1.4014719567084524,0.8748658823539094,887701.1969465457,0.14184095212442024,1.4022513087454953,0.874586852743587,887418.0736426626,0.14203228588887618
10.0302,1.2483,1.018,1.2799,1.1820666666666668,2.3482,2.6465,2.3653,2.453333333333333,1.397376681876995,0.8778353629165859,892413.6211874627,0.14245193991654664,1.39821757980697,0.8775824789096557,892156.5375224628,0.14267672867467296
10.0492,1.2413,0.9892,1.2652,1.1652333333333333,2.3434,2.646,2.3742,2.4545333333333335,1.393253287570124,0.8808640019842027,897188.870017264,0.14308567796454685,1.394156940320516,0.8806537675542333,896974.739356642,0.14335249366080674
10.0683,1.2352,0.9592,1.2488,1.1477333333333333,2.3393,2.6431,2.3842,2.4555333333333333,1.3889306111122832,0.8839654456772659,902059.0370743779,0.14374332278601268,1.3898947505650936,0.8838141470599297,901904.6415765309,0.14406005117237997
10.0874,1.2301,0.9284,1.23,1.1295,2.3356,2.6373,2.3947,2.4558666666666666,1.3843149587868149,0.887033204069014,906906.7721296486,0.1444000051873924,1.3853344622007409,0.8869564832576585,906828.3324240521,0.14477403478631878
10.1064,1.2258,0.8974,1.208,1.1104,2.3323,2.628,2.4046,2.454966666666667,1.3792771273372515,0.8899468489722859,911599.5000710957,0.14502736759445847,1.3803425585038134,0.8899589316779046,911611.8767522583,0.14546451361010238
10.1255,1.2226,0.8671,1.1831,1.0909333333333333,2.3297,2.6151,2.4126,2.4524666666666666,1.3738806036815354,0.8925326771827498,915976.0722227069,0.14558650401803827,1.3749805474512984,0.8926471333227055,916093.5346845287,0.14609234706123084
10.1446,1.2203,0.8386,1.1555,1.0714666666666666,2.3278,2.5988,2.4177,2.4481,1.3681694862760656,0.894662548959241,919893.8407182628,0.14604794606882035,1.3692887167604997,0.8948890059346811,920126.6842380207,0.14662532448539767
10.1636,1.2188,0.8124,1.1263,1.0525,2.3272,2.5797,2.4187,2.4418666666666664,1.3622656429907054,0.8962520192852456,923254.0835970944,0.1463921549476941,1.3633877324325916,0.8965994067162725,923611.9370327181,0.14704391290503468
10.1827,1.2176,0.7892,1.0967,1.0345000000000002,2.328,2.5585,2.4153,2.4339333333333335,1.356311006656055,0.8972622508365999,926031.7370461943,0.14660938608396032,1.35741563269258,0.8977350384477241,926519.6839450803,0.14733534229416748
10.2018,1.2164,0.7689,1.0681,1.0178,2.3302,2.5358,2.4076,2.424533333333333,1.350426157073568,0.8976919325183251,928213.0135778954,0.14669784789119528,1.3514918133980842,0.8982923587247938,928833.85397798,0.1474972481496822
10.2209,1.2146,0.7517,1.0415,1.0026,2.3337,2.5123,2.396,2.414,1.3447164721347673,0.8975869820973197,929842.1094187112,0.14666656675786985,1.3457195775071158,0.8983099980391521,930591.107211578,0.14753407756136183
10.2399,1.2119,0.7374,1.0176,0.9889666666666667,2.338,2.4886,2.3812,2.4026,1.3392436579524958,0.8969988342797971,930960.2107346565,0.1465257039992874,1.3401631460045398,0.8978328415670167,931825.7944680932,0.14745287920202169
10.259,1.2084,0.7259,0.997,0.9771,2.3427,2.4649,2.3641,2.3905666666666665,1.334099692282797,0.895947536940112,931603.5508713006,0.14627773695257396,1.3349173088012403,0.8968769537586976,932569.9556804383,0.14725426170310352
10.2781,1.2041,0.7169,0.9799,0.9669666666666666,2.3475,2.4418,2.3453,2.3782,1.3293294648223908,0.8945111287056843,931841.6379769207,0.14593942622726883,1.3300330467130197,0.8955161432358958,932888.5946395816,0.1469532913056553
10.2971,1.1993,0.7104,0.9665,0.9587333333333333,2.3522,2.4194,2.3256,2.365733333333333,1.3250193098732364,0.8927165497533998,931691.3040001775,0.1455151072184413,1.3256007887831496,0.893775857094527,932796.8592161803,0.14655351644445128
10.3162,1.1943,0.706,0.957,0.9524333333333334,2.3569,2.3983,2.3058,2.353666666666667,1.3212689446379462,0.8906841700239984,931294.4449739972,0.14503217511301209,1.3217268840592613,0.8917770011113393,932437.103118363,0.14608349000205098
10.3353,1.1892,0.7036,0.9512,0.9480000000000001,2.3616,2.3785,2.2866,2.342233333333333,1.3181063042983752,0.8884842313913742,930714.194053367,0.14450637771917976,1.3184425374042041,0.8895905026196802,931873.046735586,0.14555904929863564
10.3543,1.1841,0.7027,0.949,0.9452666666666666,2.3667,2.3604,2.269,2.3320333333333334,1.3155977826098761,0.8863017877344919,930134.8028369965,0.14398200422836385,1.3158183401560066,0.8874046265150702,931292.1837042473,0.14502671184463492
10.3734,1.1789,0.7029,0.9498,0.9438666666666666,2.3724,2.3441,2.2537,2.3234,1.3137101774571855,0.8842894117244214,929734.774706124,0.14349631689853298,1.3138234558769193,0.8853750012194213,930876.1547692288,0.14452543239822688
10.3925,1.1731,0.704,0.9531,0.9434,2.3788,2.3297,2.2415,2.3166666666666664,1.31240032286366,0.8826067116517068,929674.2120055222,0.14308870425498701,1.3124168497873057,0.8836623528743844,930786.1482834785,0.1440942392885239
10.4115,1.1663,0.7055,0.9579,0.9432333333333333,2.386,2.3171,2.2329,2.312,1.311533103537022,0.8814112254448089,930112.3399157918,0.14279877106711059,1.3114636066497256,0.882427827055498,931185.1123920024,0.14377454431511139
10.4306,1.1582,0.7071,0.9631,0.9428,2.3934,2.3063,2.2282,2.3093,1.3109426497250467,0.8807784232530486,931149.6484321983,0.14264611579675224,1.3108001446579822,0.8817501987243345,932176.9991989223,0.14358729728041753
10.4497,1.1485,0.7084,0.9676,0.9415,2.4006,2.2971,2.2273,2.308333333333333,1.3104302879921217,0.8807539609261574,932828.8150492207,0.14264324483281346,1.3102272127039842,0.8816782633745447,933807.7671697078,0.14354652600268938
10.4687,1.1375,0.7092,0.9704,0.9390333333333333,2.4068,2.2892,2.2299,2.3086333333333333,1.3098350614934857,0.8812687189412264,935071.100665144,0.14277425345919514,1.3095830373393758,0.8821472377522284,936003.2539730994,0.14363879460827064
10.4878,1.1256,0.7096,0.9704,0.9352,2.4116,2.2824,2.2351,2.3097,1.3090166804411205,0.8822271077636928,937795.8798888129,0.1430168173983556,1.3087245203108953,0.8830620769759485,938683.4412437029,0.14384202182132266
10.5069,1.1136,0.7094,0.9671,0.9300333333333333,2.4148,2.2765,2.242,2.3111,1.3079080501697777,0.8835101212581418,940870.0699646589,0.14334259769202184,1.3075822189896495,0.8843065581579589,941718.2137760577,0.14413061370259844
10.526,1.1023,0.7087,0.9602,0.9237333333333333,2.4166,2.2715,2.2494,2.3125,1.3065033306814637,0.8849958303565192,944165.4751057683,0.14372222290996098,1.3061482818992853,0.8857586882288953,944979.3366413867,0.14447619388046334
10.545,1.0923,0.7075,0.9499,0.9165666666666666,2.4176,2.2674,2.2561,2.3137000000000003,1.3048373962043442,0.886585564887375,947568.8283963809,0.1441317168808452,1.3044557912411576,0.8873196692799589,948353.4277252561,0.14485609383465986
10.5641,1.0837,0.7055,0.9367,0.9086333333333334,2.4186,2.2644,2.2611,2.3146999999999998,1.3029366519082701,0.8882626782391566,951080.8648525744,0.14456744857669374,1.3025305280063824,0.8889732100658817,951841.6456900701,0.14526832165287373
10.5832,1.0764,0.7024,0.9216,0.9001333333333333,2.4205,2.2622,2.2638,2.3155,1.3008535912185868,0.8899925462906758,954655.9823194862,0.1450209642311707,1.300421458188956,0.8906854269451898,955399.2050179482,0.14570618133620603
10.6022,1.0698,0.698,0.9054,0.8910666666666667,2.424,2.2606,2.2639,2.3161666666666663,1.2986001981735176,0.8917935904847223,958305.2439723507,0.14549735946711914,1.2981375450541253,0.8924732087086632,959035.5494094506,0.14617428695558995
10.6213,1.063,0.692,0.889,0.8813333333333334,2.4295,2.2593,2.2617,2.3168333333333333,1.2961744674159643,0.8937197081007698,962105.1430572461,0.14601087519839528,1.2956743563916413,0.8943882311960974,962824.8200459454,0.14668555850328055
10.6404,1.0552,0.6845,0.8732,0.8709666666666666,2.437,2.2578,2.2575,2.3174333333333332,1.2935734587223202,0.8957486402134026,966023.3802487697,0.14655677755231336,1.2930272895217072,0.8964038394153216,966729.9822120429,0.14723206662156085
10.6594,1.0453,0.6756,0.8583,0.8597333333333332,2.4463,2.2557,2.2519,2.3179666666666665,1.2907365531102764,0.8979240035780667,970098.5748653937,0.14714788592187908,1.2901362751834744,0.8985578125012835,970783.3289544921,0.14782203207559338
10.6785,1.0325,0.6657,0.8441,0.8474333333333334,2.4564,2.2529,2.2456,2.3183000000000002,1.287587740247569,0.9002493296318014,974353.5776680184,0.14778763953892138,1.2869308565546405,0.9008494239402131,975003.068889054,0.1484543541842006
10.6976,1.0163,0.6548,0.8305,0.8338666666666666,2.4663,2.2492,2.2389,2.3181333333333334,1.2840202668882048,0.9026856480043259,978737.9270893474,0.14846978943406855,1.283309947199592,0.903238715400548,979337.5910345046,0.14912110154568417
10.7166,0.9968,0.643,0.817,0.8189333333333334,2.4748,2.2447,2.2319,2.317133333333333,1.2799463629938896,0.9051681384184669,983172.6864916489,0.14918181902213312,1.2791920454857622,0.9056634926338295,983710.7287779517,0.14981021389954796
10.7357,0.9745,0.6303,0.8035,0.8027666666666667,2.4807,2.2391,2.2244,2.3147333333333333,1.2752943394540306,0.9075290549491105,987493.9205118525,0.14988500455530196,1.274509231080427,0.9079610319963566,987963.9602374459,0.15048546709949195
10.7548,0.9503,0.6167,0.7898,0.7856000000000001,2.483,2.2322,2.2162,2.3104666666666667,1.2700341836660427,0.9096080626732985,991517.0011002105,0.15054159619176524,1.2692329273233882,0.9099779148742568,991920.1579764442,0.15111299014100868
10.7738,0.9254,0.6024,0.7761,0.7679666666666667,2.4814,2.2236,2.2072,2.304066666666667,1.264248514904313,0.9112396176479016,995050.2837870852,0.15110926190433271,1.263442729294767,0.9115541521633208,995393.7474082527,0.15165417821221114
10.7929,0.9012,0.5877,0.7625,0.7504666666666667,2.4759,2.2129,2.1974,2.2954000000000003,1.2580605689299265,0.9122772212598667,997949.3732741623,0.15154809667326502,1.2572564100691401,0.9125482915855496,998245.8998730123,0.1520728912328834
10.812,0.8788,0.5731,0.7489,0.7336,2.4669,2.1996,2.1866,2.2843666666666667,1.251573155736603,0.9125981394680129,1000067.1032013625,0.1518232972706047,1.2507693336265135,0.9128385704046852,1000330.5785033152,0.1523359239511505
10.8311,0.859,0.5596,0.7354,0.718,2.4553,2.1838,2.1749,2.271333333333333,1.2450133572001882,0.9121722751799044,1001366.2712873995,0.15191894497851569,1.244203313994773,0.9123915990198644,1001607.041043071,0.15242559060977032
10.8501,0.8423,0.5479,0.7218,0.7040000000000001,2.4422,2.1656,2.1619,2.2565666666666666,1.238513941099595,0.9109976851222239,1001831.1700695256,0.15182789225097537,1.2376851302184912,0.9112002896881447,1002053.9758709593,0.15233282979978044
10.8692,0.829,0.539,0.7087,0.6922333333333333,2.4287,2.1458,2.1472,2.2405666666666666,1.2323346757978735,0.9090739352992785,1001475.4593823713,0.15153790060925423,1.231474340854626,0.9092570780497372,1001677.2174165932,0.15204137514506066
10.8883,0.8185,0.533,0.6963,0.6826,2.4159,2.1253,2.1308,2.2239999999999998,1.22657981566093,0.9065859276355448,1000489.5970678738,0.1510905854019096,1.2256767248421603,0.9067410858713053,1000660.8265079586,0.15158967856883734
10.9073,0.8102,0.53,0.6855,0.6752333333333334,2.4048,2.1052,2.1126,2.2075333333333336,1.2214186629328383,0.903675946801346,999018.4448414644,0.15051410310874028,1.2204658110510322,0.9037886248928401,999143.0110558585,0.15100249234439111
10.9264,0.803,0.5293,0.6765,0.6696,2.3957,2.0862,2.0933,2.191733333333333,1.2168272576554158,0.9005934571010381,997354.1711730876,0.14987317633526748,1.215822729215527,0.9006480084175731,997414.5835407992,0.15034335014634234
10.9455,0.7958,0.5303,0.6697,0.6652666666666666,2.3887,2.0687,2.0732,2.1768666666666667,1.2127488975427763,0.8974927419341909,995657.7439745748,0.14920948483110513,1.2116963914388774,0.8974708090762409,995633.412167926,0.14965196579762607
10.9645,0.7876,0.5323,0.6649,0.6616000000000001,2.3831,2.0525,2.0529,2.162833333333334,1.2089997825507637,0.8944721763184107,994029.3169278144,0.14855580289098713,1.2079087977323393,0.8943566230226262,993900.9022417925,0.14896074915609717
10.9836,0.7778,0.5352,0.6621,0.6583666666666668,2.3781,2.0375,2.0328,2.1494666666666666,1.2054874417933543,0.8915342425587583,992490.2804875306,0.14791609598216257,1.2043749005739117,0.8913090826913702,992239.6238450025,0.1482725168064333
11.0027,0.7665,0.5388,0.661,0.6554333333333333,2.3727,2.0236,2.0131,2.1364666666666667,1.2021184975718218,0.888625651706612,990972.5915728983,0.1472796899223978,1.2010060962662654,0.8882813287869973,990588.6114623385,0.14757908279215826
11.0217,0.7539,0.5433,0.6613,0.6528333333333334,2.366,2.0108,1.9939,2.1235666666666666,1.1988500509147115,0.8856681721981846,989380.050655965,0.14662719072332356,1.1977636855522755,0.8852012743042333,988858.478947204,0.1468628744307253
11.0408,0.7408,0.5486,0.6629,0.6507666666666667,2.3573,1.9995,1.9752,2.1106666666666665,1.1957171895698082,0.8825944316423335,987654.9654593036,0.14593869814168678,1.1946837066829865,0.8820116146636278,987002.7722634985,0.146108923824266
11.0599,0.7281,0.5543,0.6659,0.6494333333333334,2.3462,1.9901,1.957,2.0977666666666663,1.1927755665510325,0.8793635305309191,985741.8069526583,0.14520041526367705,1.1918193796015484,0.8786813844950715,984977.1404152863,0.14530916049342302
11.0789,0.7168,0.5599,0.6702,0.6489666666666666,2.333,1.9826,1.9393,2.084966666666667,1.1900835112105304,0.8759749408450667,983630.1910806078,0.14440924259097304,1.1892198691770002,0.8752155134938063,982777.4319024612,0.14446551712842873
11.098,0.7081,0.5649,0.676,0.6496666666666666,2.3181,1.9771,1.9225,2.0725666666666664,1.1877857979985895,0.872449674915682,981360.6301854838,0.14356397562356638,1.1870209171899966,0.8716403366282514,980450.2593588078,0.14358125431765933
11.1171,0.7024,0.5684,0.6831,0.6513,2.3026,1.9733,1.9067,2.0608666666666666,1.185882296227951,0.8689170389092837,979069.1159780227,0.14269926454255916,1.1852122397299045,0.8680823304208415,978128.5920093543,0.14269273176550262
11.1362,0.6999,0.5701,0.6913,0.6537666666666667,2.2877,1.9706,1.8922,2.0501666666666667,1.1844087594799706,0.8654810470866569,976873.0070985032,0.14184146306789897,1.1838221521973098,0.8646396888240339,975923.3616050262,0.1418256355482205
11.1552,0.7003,0.5697,0.7003,0.6567666666666666,2.2747,1.9683,1.8792,2.0407333333333333,1.1833384672909808,0.8622779490998835,974918.1746951817,0.14102851789383647,1.1828193065092034,0.8614413131754192,973972.2481882883,0.14101646442335988
11.1743,0.7025,0.5671,0.71,0.6598666666666667,2.2642,1.9655,1.8675,2.0324,1.1825193438892156,0.8593516928507875,973273.2545384917,0.14027917755875516,1.1820539350129784,0.8585240385577935,972335.8807088053,0.14028163168390817
11.1934,0.7057,0.5628,0.72,0.6628333333333333,2.2568,1.9614,1.8572,2.0251333333333332,1.1818801329456894,0.8567422688991055,971976.4517697117,0.1396073506951498,1.1814540356866743,0.8559226318634569,971046.5713067427,0.1396327221971742
11.2124,0.7087,0.5576,0.7304,0.6655666666666668,2.2523,1.9553,1.8481,2.0185666666666666,1.1813189784445806,0.8543698626278203,970930.2425847526,0.13899607983739973,1.1809225917166641,0.8535528191850865,970001.731148715,0.13904948701653558
11.2315,0.7108,0.5523,0.7409,0.668,2.2504,1.947,1.8402,2.0125333333333333,1.180783346935369,0.8522026240278142,970117.0870858692,0.13843905295041206,1.1804080243561064,0.8513803467155384,969181.0359068768,0.1385226017590864
11.2506,0.7113,0.5481,0.7517,0.6703666666666667,2.2506,1.9368,1.8334,2.0069333333333335,1.1803177038323631,0.8501665809201366,969445.1428383415,0.13791440551597137,1.1799609903051376,0.8493268841369345,968487.6364081884,0.13802510505404633
11.2696,0.7099,0.5457,0.7628,0.6728,2.2524,1.9254,1.8278,2.001866666666667,1.1799792337701502,0.8482635157359951,968908.610190772,0.13742008286600513,1.179644023297576,0.8473928887658868,967914.1574624,0.137551462456854
11.2887,0.7064,0.5456,0.7743,0.6754333333333333,2.255,1.9137,1.8237,1.9974666666666667,1.1798319978759368,0.8465047016281665,968538.3727644492,0.13695632701727067,1.1795293573049743,0.8455926049539967,967494.7865600191,0.1370999180153961
11.3078,0.7007,0.5476,0.7861,0.6781333333333333,2.2579,1.9028,1.8212,1.9939666666666669,1.1798855046506775,0.8449831186192128,968433.2156748904,0.13654762004051085,1.1796336999764325,0.8440237662088266,967333.7040760386,0.13669561030562985
11.3268,0.693,0.5513,0.7978,0.6807,2.2606,1.8936,1.8209,1.9917,1.1801502251268694,0.8438332500364041,968740.3554064938,0.13622941124612903,1.1799690895446167,0.8428309996203565,967589.7484302856,0.13637693472415455
11.3459,0.6833,0.5558,0.8089,0.6826666666666666,2.2626,1.8868,1.823,1.9908000000000001,1.180521339002395,0.843186791389275,969630.5083793049,0.13604121195658578,1.180430572388596,0.8421562336946088,968445.4089546009,0.13618786172807168
11.365,0.6722,0.5599,0.8187,0.6835999999999999,2.2635,1.8826,1.8276,1.9912333333333336,1.180869886160245,0.8431213957907306,971187.482160228,0.13600899783299794,1.1808794582966595,0.8420874257241252,969996.4570117394,0.13616001926907678
11.384,0.66,0.5627,0.8262,0.6829666666666667,2.2631,1.8806,1.8344,1.9927,1.1809860008865627,0.8436594500290799,973431.9310362791,0.1361474777654761,1.1810936703932022,0.842648207248703,972265.1379512079,0.13630923387920654
11.4031,0.6471,0.5633,0.8306,0.6803333333333333,2.2616,1.8802,1.8429,1.9949000000000001,1.180688856196007,0.8448034338306761,976387.315761011,0.13646518639180963,1.18088001270137,0.843836845511877,975270.1747359576,0.1366435892782124
11.4222,0.6337,0.5614,0.8314,0.6755,2.2589,1.8805,1.8517,1.9970333333333334,1.179763666631365,0.8463700781002848,979836.4406290238,0.13692332214812436,1.1800189295731116,0.845459494087192,978782.2641861547,0.13712066106073806
11.4413,0.6199,0.5567,0.8284,0.6683333333333333,2.2552,1.8805,1.8597,1.9984666666666666,1.1780475057189217,0.8482114078443176,983610.1642643244,0.1374912867389871,1.1783448728615746,0.8473580045431612,982620.5334323511,0.1377070763433679
11.4603,0.6056,0.5495,0.8221,0.6590666666666667,2.2504,1.8794,1.8657,1.9985,1.1754650563112434,0.8500890729459638,987424.60687485,0.13811146356942397,1.1757883380022418,0.8492863552858085,986492.2067355757,0.13834333508615185
11.4794,0.591,0.5402,0.8137,0.6483,2.2442,1.8764,1.8684,1.9963333333333335,1.1720199590693765,0.8516635394667211,990902.1477768568,0.1386958376864212,1.1723609031004687,0.8509016472910219,990015.6937274708,0.13894272357880563
11.4985,0.5764,0.5295,0.8043,0.6367333333333334,2.2367,1.8709,1.8676,1.9917333333333331,1.1678547005421782,0.8527316507818432,993795.6650750934,0.13918590813326653,1.1682086786163293,0.8519994227719683,992942.3074902153,0.13944774119908007
11.5175,0.5622,0.5184,0.7955,0.6253666666666667,2.2277,1.8625,1.8634,1.9845333333333333,1.1632070230423666,0.8530439096485114,995802.3184806161,0.13950429493305472,1.16357490664316,0.8523334108780597,994972.9164827928,0.13978402105198368
11.5366,0.5489,0.5079,0.7882,0.615,2.2177,1.8513,1.8563,1.9751,1.158368164577799,0.8525355152176003,996859.2439412053,0.13961850139095477,1.1587523129895407,0.8518379245552431,996043.5597992017,0.139918896048124
11.5557,0.5366,0.4987,0.7831,0.6061333333333333,2.2072,1.838,1.8474,1.9642,1.1536313080033607,0.8513118473698176,997076.4559805947,0.13954018676611366,1.1540367474554554,0.850621632715252,996268.0603453569,0.1398650371626819
11.5747,0.525,0.4912,0.7804,0.5988666666666667,2.1969,1.8232,1.8377,1.9525999999999997,1.1491822760167087,0.8495606139907126,996661.4011427145,0.13930820631429386,1.149616224297178,0.8488725670278475,995854.2193610169,0.13966112289494395
11.5938,0.5135,0.4852,0.7797,0.5928,2.187,1.8077,1.8281,1.9409333333333334,1.1450418783005598,0.8475381425411331,995929.4665892099,0.13898947205063247,1.1455132905075622,0.8468507776644886,995121.7543452554,0.13937450922882044
11.6129,0.5015,0.4806,0.7805,0.5875333333333334,2.1776,1.7917,1.8191,1.9294666666666667,1.1411553076086507,0.8454005575761474,995054.2105142869,0.1386285190389892,1.1416738476302315,0.8447127386237733,994244.633162465,0.13904914498916052
11.6319,0.4883,0.4771,0.7822,0.5825333333333333,2.1682,1.7754,1.8105,1.9180333333333335,1.1373384301148988,0.8432113443751151,994101.2644529046,0.1382528264112589,1.137917888610879,0.8425238526554376,993290.7483321344,0.13871250318599335
11.651,0.4734,0.4746,0.7846,0.5775333333333333,2.1583,1.7588,1.8024,1.9065,1.133487826736884,0.8409882995781636,993108.459694879,0.13787335223670744,1.134145025676163,0.8403063506479299,992303.1580610339,0.13837755043987995
11.6701,0.4568,0.4729,0.7877,0.5724666666666667,2.1469,1.7418,1.7944,1.8943666666666665,1.129478185931859,0.8386025911176619,991914.6462833834,0.1374624478796884,1.1302318495758221,0.8379394734453679,991130.298442911,0.13802088235177767
11.6891,0.4387,0.4722,0.7917,0.5675333333333333,2.1331,1.7246,1.7867,1.8814666666666666,1.1253295735647717,0.8359625086127593,990401.7523906097,0.1369938877685257,1.1261983143951861,0.8353430628081155,989667.8675523432,0.1376212753580112
11.7082,0.4196,0.4725,0.7968,0.5629666666666666,2.1164,1.707,1.7793,1.8675666666666668,1.121057558930545,0.8329486081197601,988443.5340265693,0.13643381636303328,1.1220545395411576,0.8324056754405288,987799.246622801,0.13715026882696502
11.7273,0.4003,0.4738,0.8029,0.559,2.0959,1.6891,1.7728,1.8526,1.1167136835073763,0.8294874627941115,985942.0442544605,0.13575853122296794,1.1178378325594436,0.8290667705144475,985442.0026928718,0.13658929512350992
11.7464,0.3816,0.4762,0.8099,0.5559,2.0715,1.671,1.7673,1.8366,1.1123817311619801,0.825525963142846,982831.4560418361,0.13494751987788878,1.1136190299563247,0.8252756164594596,982533.4053367907,0.13591907044587193
11.7654,0.3647,0.4799,0.8173,0.5539666666666667,2.0428,1.6528,1.7633,1.8196333333333332,1.108164289477864,0.8210124394960848,979038.9267347121,0.13397907835933626,1.1094778957411673,0.8209801980446315,979000.4795267176,0.13511439593902128
11.7845,0.351,0.4849,0.8247,0.5535333333333333,2.0103,1.6344,1.7607,1.8018,1.1041835113451968,0.8158969869985272,974518.3373787891,0.13283043731773775,1.1055160581636496,0.8161155506822295,974779.392782899,0.13414285579843424
11.8036,0.3413,0.4913,0.8317,0.5547666666666666,1.9748,1.6163,1.7594,1.7835,1.1005808354858608,0.8102539779427737,969346.8003559533,0.13151201629850975,1.10186575466386,0.8107375002574156,969925.2619511547,0.1330019065251225
11.8226,0.3365,0.4991,0.8379,0.5578333333333333,1.9372,1.5987,1.7592,1.7650333333333332,1.0974788583028385,0.8041309041992906,963570.0103861897,0.13002832110209583,1.0986433688969022,0.8048692849037197,964454.7935717633,0.13167935721346583
11.8417,0.3368,0.5082,0.8432,0.5627333333333333,1.8991,1.5818,1.7596,1.7468333333333332,1.0949818517133487,0.7976540116167288,957353.0684861649,0.1284074984564212,1.0959641445136736,0.7986113051575221,958502.0226635067,0.13018819058299044
11.8608,0.3418,0.5183,0.8474,0.5691666666666667,1.8615,1.5658,1.7602,1.7291666666666667,1.0930684791424998,0.790969047073418,950860.9166576131,0.12669233979917544,1.0938232580555833,0.7920938213132732,952213.0604218965,0.1285615966117932
11.8798,0.351,0.5289,0.8508,0.5769000000000001,1.8251,1.5507,1.7608,1.7122,1.091713518384761,0.7841800853273652,944209.7130846207,0.1249146917668063,1.0922109649149838,0.7854165230164646,945698.4737628317,0.12683067668849785
11.8989,0.3636,0.5401,0.8534,0.5857,1.7903,1.5362,1.761,1.6958333333333335,1.0908317865883128,0.7773120265578365,937444.8495342324,0.12308883810145342,1.0910619664947114,0.7786012302779506,938999.6400766779,0.1250092500278197
11.918,0.3792,0.5519,0.8557,0.5956,1.7573,1.5222,1.7606,1.6800333333333333,1.0904321627984774,0.7703520634523965,930542.3792847915,0.12121256964775864,1.0903987695074664,0.7716406515180828,932098.9218858305,0.1231000950713712
11.937,0.3977,0.5645,0.858,0.6067333333333332,1.7259,1.5084,1.7597,1.6646666666666665,1.0905327861401193,0.7632354972832419,923415.7551393487,0.11926949602232842,1.0902453868258544,0.7644740775870189,924914.2763304937,0.12109009705685425
11.9561,0.4191,0.5781,0.8604,0.6192,1.6963,1.4951,1.7585,1.6499666666666666,1.0912212471021354,0.7560183927174917,916147.5523063916,0.11727241360612892,1.090697767990986,0.7571609805440181,917532.1469811386,0.118993192245174
11.9752,0.4432,0.5931,0.8632,0.6331666666666667,1.6689,1.4826,1.7572,1.6362333333333332,1.0926195858158887,0.7487662469968966,908808.8757621886,0.11523541952180201,1.0918883751242998,0.7497732209645003,910031.0821357932,0.11682787347504471
11.9942,0.4701,0.6093,0.8662,0.6485333333333333,1.644,1.4712,1.7561,1.6237666666666666,1.0947653405229327,0.7416048931047852,901544.9778388335,0.1131948284808617,1.0938596872370707,0.7424404219784672,902560.7031487809,0.11463211483096974
12.0133,0.4995,0.6266,0.8692,0.6651,1.6221,1.4615,1.7552,1.6129333333333333,1.097675053171958,0.7347043775261315,894578.5396760278,0.1111998935979936,1.096638539431525,0.7353424406681105,895355.4475198257,0.11246058783239711
12.0324,0.5309,0.6446,0.8721,0.6825333333333333,1.6036,1.4536,1.7544,1.6038666666666668,1.1012692979608443,0.728190039273978,888056.3428794305,0.10929248742138961,1.1001503834776225,0.7286169946715128,888577.0317497225,0.11036456647019215
12.0515,0.5638,0.6629,0.8745,0.7004000000000001,1.5889,1.448,1.7537,1.5968666666666669,1.1054671807887566,0.7222587402039807,882221.0920816585,0.10753151933760147,1.1043172442689626,0.7224739210260455,882483.9301053056,0.10841101457873557
12.0705,0.5976,0.6809,0.8766,0.7183666666666667,1.578,1.4444,1.7526,1.5916666666666668,1.110097991447363,0.7169036782921421,877060.5855317587,0.10592494125603785,1.1089634580693728,0.7169221389321487,877083.17029485,0.10662027663723121
12.0896,0.6318,0.6981,0.8786,0.7361666666666666,1.5711,1.4429,1.751,1.5883333333333336,1.115080206036302,0.7122058685712266,872692.0212271903,0.10449736963656041,1.113998841250231,0.7120554924188386,872507.7598019998,0.10502630740147684
12.1087,0.6658,0.714,0.8807,0.7535,1.5679,1.4432,1.7486,1.5865666666666665,1.1202464666835446,0.708132859085755,869072.0684165353,0.10324634179459019,1.119243422581282,0.7078503145781913,868725.309278815,0.10363386892871461
12.1277,0.6993,0.7283,0.8835,0.7703666666666665,1.5685,1.4447,1.7454,1.5862,1.1255538100110514,0.7046309052005366,866131.1505804276,0.10215776961542417,1.1246394681261715,0.704255294327207,865669.4503122639,0.10243297179501354
12.1468,0.7317,0.7407,0.8873,0.7865666666666667,1.5728,1.4471,1.7418,1.587233333333333,1.1309301147010233,0.701738026382355,863933.7044841362,0.10124153382399373,1.1301004080624573,0.7013065229315744,863402.4658156941,0.10143454969174842
12.1659,0.7624,0.7512,0.8923,0.8019666666666666,1.5806,1.4499,1.7382,1.5895666666666666,1.1363054837109978,0.6994451269721008,862464.8745652413,0.100494794740199,1.135545421071228,0.6989879959288104,861901.199942733,0.10063352007338737
12.1849,0.7908,0.7596,0.8986,0.8163333333333332,1.5916,1.4523,1.735,1.5929666666666666,1.1415536460298232,0.6977187065219405,861679.700321483,0.09990981522341377,1.140838460655352,0.6972560916683342,861108.3729015737,0.10001844037166473
12.204,0.8164,0.7662,0.9058,0.8294666666666667,1.6051,1.4538,1.7328,1.5972333333333333,1.1465678990267645,0.6965280183969501,861557.595317866,0.09947827946840024,1.1458701376542864,0.6960672542776171,860987.6615662059,0.09957434889203272
12.2231,0.8389,0.7714,0.9137,0.8413333333333334,1.6205,1.4538,1.7318,1.6020333333333332,1.1512711574460046,0.6957671626584068,861963.3856832123,0.09917234022619159,1.1505636073930126,0.6953046991187378,861390.4545939025,0.099267352252097
12.2421,0.8583,0.7758,0.9218,0.8519666666666668,1.637,1.4519,1.732,1.6069666666666667,1.1555971290985396,0.6952971006081645,862720.0008657752,0.09895611291527222,1.1548574115300212,0.6948196329186996,862127.5621441002,0.0990550661945462
12.2612,0.8746,0.7802,0.9297,0.8615,1.6539,1.448,1.7334,1.6117666666666668,1.1595386119676927,0.6950034479367446,863701.0770943641,0.09879895943721685,1.1587520523510917,0.6944899165974784,863062.8967052414,0.09890087230242006
12.2803,0.8883,0.7851,0.9373,0.8702333333333333,1.6706,1.4422,1.7359,1.6162333333333334,1.1631546638015378,0.6947628650049851,864747.0704255799,0.09866746232769007,1.1623129428332628,0.6941886371059415,864032.349017073,0.09876785082478134
12.2993,0.8998,0.7913,0.9441,0.8784000000000001,1.6867,1.4348,1.7393,1.6202666666666667,1.1665021862523848,0.694497912546606,865754.7141490356,0.09854028350700986,1.1656084236009088,0.693835346086971,864928.7648905813,0.09863044737031786
12.3184,0.9095,0.799,0.9499,0.8861333333333333,1.702,1.4262,1.7433,1.623833333333333,1.1696188047604583,0.6941720356769997,866692.3080330577,0.09840691632659787,1.1686838545014735,0.6933952343210404,865722.4508139853,0.09847732739346837
12.3375,0.9179,0.8084,0.9547,0.8936666666666667,1.7164,1.4171,1.7476,1.6270333333333333,1.1725984348036091,0.6937726015325248,867536.6595866884,0.09826208051404622,1.1716408216238203,0.6928615431251508,866397.4151632624,0.0983039451682296
12.3566,0.9253,0.8194,0.9583,0.9009999999999999,1.7299,1.4076,1.7517,1.6297333333333335,1.1754172701644272,0.6932573540906681,868234.4202411153,0.09809561855981565,1.174460008196928,0.6921960334857721,866905.2239842784,0.09810171116624805
12.3756,0.932,0.8321,0.9609,0.9083333333333333,1.7426,1.3982,1.7551,1.6319666666666668,1.1781458128806561,0.6925996123843042,868744.43072788,0.0978998547760942,1.1772166991396233,0.6913800662963053,867214.7245989409,0.09786548399091477
12.3947,0.9382,0.8463,0.9629,0.9158,1.7546,1.3889,1.7573,1.6336000000000002,1.1808024791885403,0.6917329649928526,868996.4812248361,0.09765868530487495,1.179928499685183,0.690353086064326,867262.9944689776,0.09758254210171884
12.4138,0.9443,0.8623,0.9649,0.9238333333333334,1.7657,1.3799,1.7582,1.6346,1.1835189576304692,0.6905677300144997,868869.4946018883,0.09734950571136503,1.182728124985333,0.6890318812030166,866937.0959064119,0.09723297637036758
12.4328,0.9506,0.8799,0.9676,0.9327,1.7763,1.3715,1.7578,1.6352,1.1864233124093522,0.6891300865789993,868387.7412780577,0.09697816537066058,1.1857386708742828,0.6874485785358888,866268.8365894723,0.09682590197069559
12.4519,0.9573,0.8992,0.9715,0.9426666666666668,1.7867,1.364,1.7563,1.6356666666666666,1.1896489923610516,0.687457677503858,867611.1332447001,0.09655387808588946,1.1890913023179588,0.6856448140672367,865323.1953073774,0.09637241622631836
12.471,0.9646,0.9201,0.977,0.9539,1.7972,1.3577,1.7543,1.6363999999999999,1.193321090950134,0.6856494921652153,866656.4297674071,0.09610114001770491,1.1929062715867202,0.683721762197849,864219.7918202287,0.09589842311388626
12.49,0.9724,0.9424,0.9843,0.9663666666666666,1.8084,1.3529,1.7524,1.6379,1.1975177880934635,0.6838729312771451,865727.8284051417,0.09566127782569381,1.1972576830782986,0.6818465962403081,863162.6521116657,0.09544577001897576
12.5091,0.9803,0.9658,0.9933,0.9798,1.8208,1.3498,1.7511,1.6405666666666667,1.202223194253119,0.6823053633089605,865064.2707436462,0.09527819668392275,1.2021274076983475,0.6801952590937809,862388.9645504705,0.09505835266758977
12.5282,0.988,0.99,1.0038,0.9939333333333332,1.8344,1.3485,1.7508,1.6445666666666667,1.2073777364543732,0.681048944755333,864789.738545487,0.09497760597150508,1.2074539246911662,0.6788699846181464,862022.9148364868,0.09476189263526595
12.5472,0.9948,1.0148,1.0156,1.0084,1.8494,1.3492,1.752,1.6502,1.2129129960567753,0.6802631373251259,865101.9357884299,0.09479745345472523,1.2131702568583707,0.6780300627585355,862262.0977547044,0.09459447033802305
12.5663,1.0002,1.0397,1.0282,1.0227000000000002,1.8653,1.3518,1.7548,1.6573,1.2186363792492958,0.6799813415306581,866059.9290047068,0.09474518654595718,1.2190824276749648,0.677710774511266,863168.0156660428,0.09456386974473914
12.5854,1.004,1.0646,1.0415,1.0367,1.8817,1.3562,1.7594,1.6657666666666666,1.2244837205634476,0.6801914303524436,867644.2734718177,0.0948169360729775,1.2251258233713405,0.677901775382651,864723.6162360488,0.09466681569000295
12.6044,1.0062,1.0891,1.055,1.0500999999999998,1.8979,1.3621,1.766,1.6753333333333333,1.2303116204950841,0.6808573151000435,869804.8208886418,0.09500252825652478,1.2311532395542886,0.6785679484001585,866880.1226469124,0.09489305963773853
12.6235,1.0073,1.1133,1.0684,1.063,1.9136,1.3694,1.7745,1.6858333333333333,1.2361206386401153,0.6819048564660959,872463.1510469149,0.09528367766282904,1.2371621230215004,0.6796368176819131,869561.3088828927,0.095224172765257
12.6426,1.0076,1.1369,1.0813,1.0752666666666666,1.9286,1.378,1.785,1.6971999999999998,1.2418569350535797,0.6833315304257549,875611.3521592927,0.09565805923766017,1.2430927149075333,0.6811046952165216,872757.917037723,0.09565627049603154
12.6617,1.0077,1.1602,1.0934,1.0871,1.9431,1.3875,1.7975,1.7093666666666667,1.2475704897093096,0.6850781902772315,879175.7218364786,0.09611164324940856,1.2489947500731988,0.6829066987975266,876388.9996546517,0.09617409757990326
12.6807,1.0077,1.1831,1.1041,1.0983,1.9574,1.3979,1.8116,1.7223,1.2531938093851316,0.6871642626630238,883176.1219476528,0.09664703203108978,1.2548000164515667,0.6850598981405852,880471.4927940803,0.09677885659687015
12.6998,1.0075,1.2057,1.1131,1.1087666666666667,1.9721,1.4091,1.827,1.7360666666666666,1.2587080009703298,0.6896224800860662,887670.5612741632,0.09727018572717605,1.260493172045705,0.6875927900568316,885057.9781007747,0.09747613498395225
12.7189,1.0068,1.228,1.1202,1.1183333333333334,1.9872,1.4211,1.8433,1.7505333333333333,1.2640411191057166,0.6924352803379529,892631.6177290423,0.09797505008119378,1.2660044792599396,0.6904891058799868,890122.7668600492,0.09826052979295397
12.7379,1.0052,1.2502,1.1253,1.1269,2.0026,1.4336,1.8599,1.765366666666667,1.2691097123801316,0.6955138115505547,897939.5885854906,0.09873942093988249,1.2712560744694863,0.693661523245464,895548.2011378325,0.09911228164612051
12.757,1.0025,1.2725,1.1288,1.1346,2.0182,1.4467,1.8762,1.7803666666666667,1.2739242868408245,0.6987725585645899,903499.512458614,0.09954340610895511,1.2762592458220527,0.6970297589404574,901246.1059797574,0.10001371491111494
12.7761,0.9987,1.2952,1.1309,1.1416,2.0336,1.4604,1.892,1.795333333333333,1.2785051395732636,0.70212206340155,909189.5771928362,0.10036667710368107,1.2810342228995795,0.7005098062438098,907101.8384932852,0.10094697533627621
12.7951,0.9938,1.3185,1.1321,1.1481333333333332,2.0485,1.4751,1.9072,1.8102666666666665,1.2829249232814808,0.7055232281388472,914952.4548305217,0.10120126166746371,1.2856491143814053,0.7040700437469015,913067.9036581395,0.10190585548641444
12.8142,0.988,1.3425,1.1325,1.1543333333333334,2.063,1.4911,1.9219,1.8253333333333333,1.2872526342469788,0.7090035338716252,920838.403853691,0.1020541667032498,1.2901685712199733,0.707740062781149,919197.4350197046,0.10289763458705303
12.8333,0.9811,1.3668,1.1321,1.1600000000000001,2.0769,1.5089,1.9362,1.8406666666666667,1.2914519269687348,0.7126346045984985,926933.9299021056,0.10294035078630229,1.2945474386500457,0.7115946750152107,925581.2787548861,0.10393609608601806
12.8523,0.9729,1.3912,1.1308,1.1649666666666667,2.0897,1.5284,1.9499,1.8559999999999999,1.2954317166202594,0.7163635011354537,933163.6866563694,0.10384599037118909,1.2986899809644745,0.7155825247369195,932146.3556308597,0.10500782331194009
12.8714,0.9638,1.4154,1.1286,1.1692666666666667,2.1008,1.5497,1.9626,1.8710333333333333,1.2991554673524586,0.7200960086579558,939419.8144367343,0.10474909310105202,1.3025479507726498,0.7196093897459149,938784.983188464,0.10608761365371257
12.8905,0.9543,1.4394,1.1259,1.1731999999999998,2.1097,1.5726,1.9737,1.8853333333333335,1.3026431768354174,0.7236568566357048,945466.1183430385,0.1056108006489714,1.3061325862863908,0.7234977421031966,945258.2333516328,0.10713400636603809
12.9095,0.9454,1.4632,1.1234,1.1773333333333333,2.116,1.5969,1.9831,1.898666666666667,1.3060242886223392,0.7268879618883187,951087.3905502609,0.10639836319563285,1.3095622250426218,0.7270813528582996,951340.430527037,0.10810788285456908
12.9286,0.9382,1.487,1.1219,1.1823666666666668,2.12,1.6229,1.9908,1.9112333333333333,1.3095354148811367,0.7297371692337207,956228.0785649819,0.10710503780855489,1.3130633101991382,0.7302980924611454,956963.0973670887,0.1089947172188153
12.9477,0.9338,1.511,1.1223,1.1890333333333334,2.1225,1.6508,1.9972,1.9235,1.3134633587349893,0.7322244610814813,960904.8529720668,0.1077417368989863,1.3169181358718616,0.7331518128922916,962121.8252295955,0.10979606422698919
12.9668,0.9327,1.5351,1.1249,1.1975666666666667,2.1246,1.681,2.0031,1.9362333333333333,1.3179953155342814,0.7345372591663705,965361.9299843655,0.10835518791709184,1.3213153345456963,0.7358134720859346,967039.1864498844,0.11055021370922423
12.9858,0.9349,1.5589,1.1302,1.208,2.1277,1.7141,2.0092,1.9503333333333333,1.3232794298535755,0.7369317807460904,969928.0553222479,0.10900710380542047,1.3264081642381675,0.7385226912859378,972021.9652422998,0.11131059763516338
13.0049,0.94,1.5821,1.138,1.2200333333333333,2.1326,1.7502,2.0165,1.9664333333333335,1.3293220806903714,0.7396376551242134,974921.2927002105,0.10975025468775766,1.33221574424988,0.7414990121241108,977374.7596917091,0.11212791624400648
13.024,0.9473,1.604,1.1484,1.2332333333333334,2.1403,1.7895,2.0256,1.9851333333333334,1.3360845761371438,0.7428920926071552,980649.1331480092,0.11063764520354187,1.3387127904803588,0.7449700279021226,983392.0960440015,0.11305274549236131
13.043,0.9563,1.624,1.1609,1.2470666666666668,2.1513,1.8319,2.0376,2.006933333333333,1.3434833040040088,0.746914132595482,987396.7575418098,0.11171643553992494,1.3458308196582307,0.7491498180139221,990352.2626483747,0.114132731972078
13.0621,0.9664,1.6419,1.1749,1.2610666666666666,2.166,1.8772,2.0532,2.032133333333333,1.3514230473778035,0.751849443916295,995376.5674769733,0.11301655074704171,1.353489984319948,0.7541873057205816,998471.672323849,0.11540339371487318
13.0812,0.9766,1.6573,1.1895,1.2744666666666669,2.1852,1.9251,2.0732,2.061166666666667,1.359747511268941,0.7579225737075073,1004884.0509047728,0.114582699077034,1.3615519205596283,0.7603127289486289,1008053.014284819,0.11691733152614608
13.1002,0.9861,1.67,1.2035,1.2865333333333333,2.2092,1.9756,2.098,2.0942666666666665,1.3682840549121547,0.7652894364836841,1016125.0788080489,0.11644335608758617,1.3698521781416428,0.7676926620135252,1019315.9992813844,0.11871113217252847
13.1193,0.9933,1.6797,1.2153,1.2961,2.2383,2.0289,2.1276,2.1316,1.3767376590826506,0.7741489404089994,1029387.0785421657,0.11863244008056438,1.3781009480061577,0.7765416186091212,1032568.6265541199,0.12083023730514643
13.1384,0.9965,1.6857,1.2234,1.3018666666666665,2.2723,2.0849,2.1614,2.172866666666667,1.3847183530453788,0.7845879495595377,1044786.7083618969,0.12115689382183457,1.3859091473969691,0.7869588562523696,1047943.8965405166,0.12329011706800691
13.1574,0.9939,1.6871,1.2267,1.3025666666666667,2.31,2.1432,2.1981,2.2171000000000003,1.3917594809529341,0.7965097527059626,1062196.0969215948,0.12398278003935427,1.3928050099506486,0.7988588616827007,1065328.7822124625,0.12606339147356893
13.1765,0.9842,1.6832,1.2246,1.2973333333333332,2.3496,2.203,2.2362,2.2629333333333332,1.397456591022855,0.8096614048229579,1081302.0580028398,0.12704652577035075,1.3983770903580703,0.811996923305697,1084421.1407784868,0.12909071070339306
13.1956,0.9671,1.6735,1.2171,1.2859,2.3886,2.2631,2.2738,2.3085,1.401495984401263,0.823584236306685,1101490.341181197,0.13024488584286684,1.402301424303478,0.8259172324217934,1104610.571721705,0.1322685071294111
13.2146,0.9431,1.6582,1.2052,1.2688333333333335,2.4248,2.3223,2.3095,2.3522,1.403821900531988,0.8377843368552013,1122095.4047948488,0.13347567561654244,1.4045143396763489,0.8401267166960338,1125232.6962671962,0.1354934276600882
13.2337,0.9139,1.6379,1.1901,1.2473,2.4562,2.3795,2.3424,2.3927,1.4045622639887605,0.8517600327681689,1142462.8018353798,0.13663886526907432,1.4051350021874114,0.8541198221371462,1145627.9791981413,0.13866045966292181
13.2528,0.8816,1.6136,1.1735,1.2229,2.4819,2.4342,2.3723,2.429466666666667,1.4040634530993055,0.8651555815742885,1162105.0368145418,0.13966901381017657,1.4045040963709485,0.8675349187741436,1165301.0397105764,0.1416984548137521
13.2719,0.8484,1.5859,1.1566,1.1969666666666667,2.5022,2.4864,2.3999,2.4628333333333337,1.4027232269045669,0.8778757227711075,1180890.5990500099,0.14255626194926163,1.4030181406369566,0.8802661974604039,1184106.1898388134,0.14458893793007208
13.2909,0.8158,1.5553,1.1399,1.1703333333333332,2.518,2.5359,2.4262,2.4933666666666667,1.4008397376598356,0.8899542894292626,1198852.1226049226,0.14531480395520846,1.400980465762241,0.8923404572393903,1202066.5150496154,0.14734095541263545
13.31,0.7845,1.5222,1.1235,1.1434,2.5305,2.5827,2.4523,2.5218333333333334,1.3986307702577054,0.9015364837385464,1216199.6878321522,0.1479813099112715,1.398615851291629,0.9039003418243947,1219388.603109509,0.1499894463563059
13.3291,0.7547,1.4869,1.1068,1.1161333333333332,2.5409,2.6269,2.4789,2.5488999999999997,1.3961902043130126,0.9128054301362798,1233168.9091646394,0.15059912991632554,1.3960242308375694,0.9151291631164614,1236308.1929262758,0.15257796486184186
13.3481,0.7261,1.4498,1.0889,1.0882666666666667,2.5501,2.6683,2.5062,2.574866666666667,1.3934968496792146,0.9238867914410449,1249918.6127950624,0.153197541543405,1.3931903245352624,0.926156870510797,1252989.7835359862,0.15513912663645363
13.3672,0.6981,1.4112,1.0693,1.0595333333333334,2.5585,2.707,2.5339,2.5997999999999997,1.3904939586787144,0.9348476430887916,1266557.2025635913,0.15579282020316235,1.3900586764555325,0.9370557339340596,1269548.7845445315,0.15769324634641083
13.3863,0.6704,1.3716,1.0475,1.0298333333333334,2.566,2.7433,2.5614,2.6235666666666666,1.3871342833299554,0.9456786910235291,1283062.1170579337,0.15838400743034986,1.3865782267877103,0.947820561154192,1285968.12778906,0.1602424413204233
13.4053,0.6427,1.331,1.0236,0.9991,2.5727,2.7772,2.5882,2.6460333333333335,1.383378634196059,0.956366271650226,1299404.3444991463,0.1609696241066899,1.3827105613733501,0.9584386920204966,1302220.1192839593,0.16278608125526006
13.4244,0.6148,1.2894,0.9979,0.9673666666666666,2.5784,2.8091,2.6137,2.6670666666666665,1.3792117643543957,0.9668807704504722,1315562.0369904793,0.16354466446787913,1.3784372346281974,0.9688807850622908,1318283.3066414509,0.16531963902745042
13.4435,0.587,1.2469,0.9708,0.9349,2.5827,2.8387,2.6379,2.6864333333333335,1.3746566203166566,0.9771288675402098,1331397.450436696,0.1660882310204928,1.3737802856280554,0.9790526948129886,1334018.781983789,0.1678210512611392
13.4625,0.5593,1.2037,0.9429,0.9019666666666666,2.5856,2.8659,2.6609,2.704133333333333,1.369773659125525,0.987073052295251,1346847.850116862,0.16859212415719022,1.3688009124290268,0.9889183229972569,1349365.6970706421,0.1702830521672908
13.4816,0.5324,1.1602,0.9142,0.8689333333333332,2.587,2.8908,2.6829,2.7202333333333333,1.3646573584267172,0.9966726506606132,1361875.8042583475,0.17104602390758075,1.3635913915509388,0.9984344266515417,1364283.1343812102,0.1726926662219703
13.5007,0.5066,1.1168,0.8849,0.8361000000000001,2.5874,2.9137,2.7043,2.7351333333333336,1.359443452163904,1.0059753971302245,1376534.7258707883,0.17345995592890315,1.3582886295181968,1.0076484971542883,1378824.1260783372,0.1750592323595416
13.5197,0.4821,1.0736,0.8546,0.8034333333333334,2.5873,2.935,2.7256,2.7493,1.3542014353957603,1.0151000907765717,1390975.3921134395,0.1758619979294849,1.3529628520705328,1.0166778034823394,1393137.3065586137,0.17740906232612583
13.5388,0.4587,1.0306,0.8228,0.7707,2.5877,2.9553,2.7468,2.7632666666666665,1.3489684261184056,1.0242147307397842,1405447.7870159154,0.17829357160006937,1.3476548547665346,1.0256904908571953,1407472.8543469466,0.1797831471888759
13.5579,0.4356,0.9871,0.7887,0.7371333333333333,2.589,2.9749,2.7677,2.7772,1.3435949303065136,1.0334960103512891,1420184.4603185179,0.18080363116517928,1.3422173217440712,1.0348643259024277,1422064.738967952,0.18223118524802984
13.577,0.4118,0.9428,0.752,0.7022,2.5913,2.9935,2.7875,2.7907666666666664,1.3379000693077583,1.042965289668695,1435215.7731967308,0.18340478696911597,1.336472152088599,1.0442262663884048,1436950.9926673006,0.18476999572670674
13.596,0.3862,0.8975,0.7126,0.6654333333333334,2.594,3.0108,2.8052,2.8033333333333332,1.3316647694038195,1.0525672067559366,1450455.8589581524,0.1860934205412929,1.3301978411486615,1.0537273113380674,1452054.5031847209,0.18740168940468946
13.6151,0.3585,0.8512,0.671,0.6269,2.5961,3.0265,2.8199,2.814166666666667,1.324773032613281,1.0621316245830312,1465691.944616289,0.1888349973162814,1.3232734623518445,1.0631993184163742,1467165.3121487375,0.19009424632353578
13.6342,0.3286,0.8043,0.6283,0.5870666666666667,2.5964,3.0403,2.8311,2.8226,1.3172075959280416,1.071433238285925,1480601.895123261,0.19157731120319021,1.3156748691340343,1.0724194313345945,1481964.7045309227,0.19279898048762897
13.6532,0.2973,0.7569,0.5856,0.5466000000000001,2.5937,3.0524,2.8389,2.8283333333333336,1.3090582041808507,1.080293192579308,1494925.730535402,0.19427488532008133,1.3074837715873018,1.081203038246273,1496184.7884538497,0.1954679120725176
13.6723,0.2656,0.7092,0.5436,0.5061333333333334,2.5876,3.0628,2.8439,2.8314333333333335,1.3004706710070129,1.0886186810890657,1508554.0925823208,0.19690024117815347,1.2988437566110775,1.0894515591975404,1509708.253998975,0.19806969410055572
13.6914,0.2346,0.6612,0.5026,0.46613333333333334,2.5781,3.0717,2.8469,2.8322333333333334,1.2916014948786523,1.096403706779321,1521464.6958137674,0.19944601246909113,1.2899112118805691,1.097151373120565,1522502.2223520465,0.2005912512531011
13.7104,0.2054,0.6128,0.4625,0.4269,2.5654,3.0791,2.8485,2.831,1.282557253886604,1.1036544339135992,1533651.7813793535,0.20190842182171564,1.2807955218771863,1.1043006053912128,1534549.7092155188,0.20302209717726816
13.7295,0.1787,0.5638,0.4229,0.3884666666666667,2.5502,3.085,2.8491,2.8280999999999996,1.2734052389955322,1.1104477637577563,1545241.5621125877,0.2043039421046685,1.2715703482393335,1.1109705316961567,1545969.0188846402,0.20537290171107828
13.7486,0.1547,0.5142,0.3836,0.35083333333333333,2.5333,3.0894,2.8487,2.8238,1.264188260217457,1.116843151001208,1556303.1182280553,0.206645338985551,1.2622853322063814,1.1172195845622443,1556827.6723915662,0.20765405044270036
13.7676,0.1337,0.4638,0.3443,0.31393333333333334,2.5152,3.092,2.8475,2.8182333333333336,1.2549099273207787,1.1228827153157663,1566881.5323213688,0.2089430192451395,1.2529516035053814,1.1230879020875466,1567167.8519511875,0.20987251670652998
13.7867,0.1159,0.4124,0.3045,0.2776,2.4967,3.0924,2.8454,2.8115,1.2455463662563755,1.12862117226927,1577073.8987313001,0.21121326137690277,1.2435559671190084,1.128630631842545,1577087.117024977,0.2120415753494139
13.8058,0.1012,0.3603,0.2642,0.2419,2.4783,3.0902,2.842,2.8035,1.236085923033798,1.1340231078431853,1586817.5948380036,0.21344671445607735,1.234094108648768,1.1338180277717258,1586530.6300808557,0.21415366391929744
13.8248,0.0895,0.3077,0.2231,0.20676666666666665,2.4607,3.0848,2.8371,2.7942,1.2265003946706619,1.1390946191869324,1596107.6644357096,0.21564722034697162,1.2245470555542883,1.138663858366358,1595504.0792412255,0.21621454542763371
13.8439,0.0805,0.2552,0.1814,0.17236666666666667,2.4444,3.0759,2.83,2.7834333333333334,1.2167850827695348,1.1437653915833426,1604866.5693788778,0.2177952427186931,1.2149142454549704,1.1431091926806165,1603945.8283863652,0.21821058998814105
13.863,0.0738,0.2038,0.1393,0.13896666666666668,2.4302,3.0632,2.8202,2.7712000000000003,1.2069898181136023,1.147979857995444,1613002.412402965,0.21987023698903257,1.2052476546016473,1.1471143834658752,1611786.3523002155,0.22012981720442285
13.8821,0.069,0.1544,0.0975,0.10696666666666667,2.4183,3.0471,2.8076,2.7576666666666667,1.1972274448856197,1.1516887114670713,1620443.167834885,0.22184631447868042,1.1956532431682307,1.15064152381434,1618969.7592129076,0.22195532414795224
13.9011,0.0653,0.1077,0.0567,0.07656666666666666,2.409,3.0283,2.7922,2.7431666666666668,1.1876029810721478,1.1549173883809984,1627210.032257433,0.22371799281773533,1.186225127097594,1.153726926031988,1625532.7414859694,0.22369119117511618
13.9202,0.0623,0.0642,0.0172,0.0479,2.4025,3.0078,2.7742,2.7281666666666666,1.1782374841826426,1.1577320800310593,1633416.98811305,0.2254886056800476,1.1770728680291362,1.1564412689876888,1631595.8131425604,0.225346653144231
13.9393,0.0594,0.0235,-0.0207,0.020733333333333336,2.3988,2.9864,2.754,2.7130666666666667,1.1691619265969047,1.1602612969803192,1639231.519550286,0.22718812016033993,1.1682170698663263,1.1589128982900905,1637326.4851932013,0.2269545847669131
13.9583,0.0559,-0.0147,-0.0568,-0.005200000000000001,2.3978,2.9649,2.7319,2.6982,1.160388945729675,1.1626274146826345,1644813.3153344623,0.22884715601698147,1.1596588958093326,1.1612623382951053,1642882.0897412065,0.22854773472629544
13.9774,0.0515,-0.0511,-0.0912,-0.030266666666666667,2.3993,2.9435,2.7079,2.683566666666667,1.151839979383183,1.164904289962106,1650289.6044907076,0.230492934529933,1.1513140765676042,1.1635590249082555,1648383.8024838092,0.23015232947866568
13.9965,0.0455,-0.0861,-0.1236,-0.054733333333333335,2.4032,2.922,2.6819,2.6690333333333336,1.1434293034065972,1.1671177769283738,1655684.785844215,0.23214081447728563,1.1430894315812379,1.1658272049139569,1653853.9676598406,0.23178387864193536
14.0155,0.0377,-0.1197,-0.1536,-0.07853333333333333,2.409,2.9003,2.654,2.6544333333333334,1.1351346789419117,1.169215152429137,1660911.745075675,0.2337761066413839,1.1349557958426455,1.168007817060801,1659196.682206922,0.2334255721763788
14.0346,0.0277,-0.152,-0.1806,-0.10163333333333334,2.4165,2.8784,2.6243,2.6397333333333335,1.126955142506804,1.1711794168938698,1665969.3074389515,0.23539232221863424,1.126906124715843,1.1700772257122483,1664401.4719279914,0.23506770926472867
14.0537,0.0152,-0.1827,-0.2039,-0.12380000000000001,2.4253,2.8563,2.5934,2.625,1.118954355723595,1.1729700977402646,1670787.2211551333,0.2369672900879635,1.1189991095054566,1.1719859164884612,1669385.3461525382,0.23668305355596128
14.0727,-0.0002,-0.2116,-0.223,-0.14493333333333333,2.435,2.8344,2.5622,2.610533333333333,1.1112200856115337,1.1746247962646785,1675406.2051063103,0.2384983435107335,1.1113200301778419,1.1737599086696509,1674172.5873178581,0.23826172826252387
14.0918,-0.0187,-0.2391,-0.238,-0.16526666666666667,2.445,2.8133,2.5317,2.5966666666666667,1.1037784970399231,1.1762625715351052,1680019.3132652352,0.24001531793663364,1.1038992078878114,1.1755047771720923,1678936.979102648,0.23982459069911521
14.1109,-0.0406,-0.2654,-0.2489,-0.1849666666666667,2.4547,2.7933,2.5031,2.5837,1.096664428796158,1.1779811272059795,1684754.2949931503,0.24154049055170201,1.0967788285687592,1.177308433383331,1683792.2050404781,0.24138555140074022
14.1299,-0.0658,-0.2911,-0.2566,-0.2045,2.463,2.7744,2.4773,2.571566666666667,1.0897672068442836,1.1798697237886866,1689727.4945191182,0.24311466264854945,1.089861026177523,1.1792540556202973,1688845.7773170806,0.242979475712226
14.149,-0.0936,-0.3166,-0.2616,-0.22393333333333332,2.4692,2.7567,2.455,2.5603,1.0830837984596873,1.1819491731116014,1694993.6411035599,0.24474329628443744,1.0831562400089083,1.181361936185143,1694151.5043359122,0.24460940586849414
14.1681,-0.1231,-0.3421,-0.2649,-0.24336666666666665,2.4726,2.7401,2.4368,2.5498333333333334,1.0765812321368355,1.1842270964878034,1700552.8479874663,0.24643239852757007,1.076642456724733,1.183645261447617,1699717.3315248024,0.2462835254143622
14.1872,-0.1533,-0.3677,-0.2675,-0.2628333333333333,2.4735,2.7247,2.4231,2.540433333333333,1.070317752619925,1.1867659520338039,1706496.0787432755,0.24819141086267793,1.070383720052788,1.1861765024317186,1705648.486652475,0.24801726081871078
14.2062,-0.1832,-0.3939,-0.2707,-0.28259999999999996,2.4725,2.7109,2.4145,2.5326333333333335,1.0643663144169244,1.189737639677533,1713060.3044725277,0.2500612446213749,1.0644555222975658,1.189137053939416,1712195.542735915,0.24985799531013633
14.2253,-0.2129,-0.4218,-0.2762,-0.30363333333333337,2.471,2.6988,2.4108,2.526866666666667,1.0586336823666007,1.193456579341872,1720725.452053379,0.2521543683696271,1.0587616183931539,1.1928501199614923,1719851.059042758,0.25192479709561927
14.2444,-0.2431,-0.4526,-0.286,-0.3272333333333333,2.4696,2.6882,2.4114,2.523066666666667,1.052845043990483,1.1982136787687978,1729903.826704002,0.2546083066327865,1.0530215233641427,1.1976110650435479,1729033.8117744399,0.25435914035005075
14.2634,-0.2752,-0.4876,-0.3018,-0.35486666666666666,2.4686,2.6778,2.4146,2.5203333333333333,1.046500581337381,1.2041719700300881,1740824.9436491802,0.25756336887242093,1.0467295570642505,1.2035854310347638,1739977.0068603356,0.2573033814086179
14.2825,-0.3105,-0.5275,-0.3245,-0.3875,2.4672,2.6654,2.418,2.5168666666666666,1.0389951768642611,1.211202285973403,1753333.1340480568,0.2610949217876639,1.0392761454317414,1.2106444777243024,1752525.6523441996,0.26083308810630795
14.3016,-0.3497,-0.5717,-0.354,-0.4251333333333333,2.4638,2.6487,2.4188,2.5104333333333333,1.0298162434468423,1.2188744105117226,1766798.8668825284,0.26517918950785485,1.0301437314574737,1.2183563530124482,1766047.9253623812,0.26492363340660524
14.3206,-0.3924,-0.6184,-0.3888,-0.4665333333333333,2.4564,2.6257,2.4144,2.4988333333333337,1.018694741522634,1.2264877943702495,1780196.6129395408,0.26967444450457423,1.0190599379083978,1.2260174255071248,1779513.891871455,0.26943162713678265
14.3397,-0.4376,-0.6652,-0.4264,-0.5097333333333333,2.4436,2.5957,2.4034,2.4809,1.0057313422657586,1.2333810709383446,1792589.589776679,0.2743885968353474,1.0061237109035617,1.232962305242493,1791980.9579072373,0.27416278494310303
14.3588,-0.4833,-0.7092,-0.4643,-0.5522666666666667,2.4243,2.5588,2.3853,2.4561333333333333,0.9912593678897047,1.2388953955422402,1803002.4245918386,0.2790809071672592,0.9916669891233956,1.238528546232248,1802468.5375520159,0.27887445730680754
14.3778,-0.5274,-0.7483,-0.5,-0.5919,2.3986,2.5168,2.361,2.425466666666667,0.9758956349052281,1.2426875271873772,1810914.3201392149,0.28354069922079966,0.9763082554442243,1.2423681983823973,1810448.9762026903,0.28335319058689185
14.3969,-0.5682,-0.7813,-0.5318,-0.6271,2.3674,2.4721,2.332,2.3905,0.9602825548515127,1.2446857375065197,1816235.778543412,0.2876176485438894,0.960692388958743,1.2444058638426716,1815827.38906289,0.2874462114168574
14.416,-0.6044,-0.8083,-0.559,-0.6572333333333334,2.332,2.4274,2.3001,2.3531666666666666,0.9449846010678408,1.245082017213597,1819224.3476466197,0.29124307651034737,0.9453877020211343,1.2448304549057072,1818856.782884511,0.29108252425521486
14.435,-0.6353,-0.8308,-0.5813,-0.6824666666666667,2.2944,2.3849,2.2672,2.3154999999999997,0.9304605463420897,1.244276293660651,1820443.2320399766,0.2944243139568579,0.9308594824567568,1.2440415451931726,1820099.7823889384,0.29426878727784445
14.4541,-0.6613,-0.8511,-0.5992,-0.7038666666666668,2.2561,2.3456,2.2348,2.2788333333333335,0.9168405004981707,1.2427643260169656,1820636.9760162323,0.29727069597397376,0.9172436183949565,1.2425366113405751,1820303.376353658,0.2971149704316564
14.4732,-0.6833,-0.8716,-0.6136,-0.7228333333333333,2.2185,2.3094,2.2043,2.244066666666667,0.9040952135697697,1.24105660166372,1820537.7055079164,0.29993789835766155,0.9045159779464687,1.2408307610997649,1820206.4142021353,0.29977933262468176
14.4923,-0.7023,-0.8944,-0.6261,-0.7409333333333333,2.1822,2.2746,2.1765,2.2110999999999996,0.8919100108376681,1.2395308793111137,1820699.1588517844,0.3026178239014315,0.8923653699384224,1.239309653454342,1820374.2087129347,0.3024585570756653
14.5113,-0.7197,-0.9201,-0.6381,-0.7593000000000001,2.1474,2.2389,2.1516,2.1793,0.8799113300591846,1.2383634154667698,1821369.0792659994,0.30546254882934054,0.8804172324437743,1.2381595823046485,1821069.2840571133,0.30531170717227685
14.5304,-0.7363,-0.9481,-0.6512,-0.7785333333333334,2.1133,2.2002,2.1291,2.1475333333333335,0.8676876852940478,1.2375036373862809,1822500.1787022438,0.30857028782280804,0.8682532739003707,1.2373381191174366,1822256.4161261723,0.30844427099163707
14.5495,-0.7524,-0.977,-0.6663,-0.7985666666666668,2.0793,2.1567,2.1078,2.1146,0.8549258892381169,1.2367153847010441,1823733.4248609964,0.31196063776013944,0.8555509409104323,1.236614941219091,1823585.304980211,0.31188302576390387
14.5685,-0.7677,-1.0045,-0.6839,-0.8187000000000001,2.0446,2.1079,2.0864,2.0796333333333332,0.8415111374754097,1.2356540755790668,1824547.9014570748,0.315566972037516,0.8421816748175287,1.2356440561162263,1824533.1068715507,0.31556457312653013
14.5876,-0.7816,-1.0288,-0.7038,-0.8380666666666666,2.0091,2.0543,2.0637,2.0423666666666667,0.8275144761955414,1.2340368207552999,1824548.826457433,0.31929014092470476,0.8282071238411196,1.2341355489166586,1824694.7980750666,0.31938825617998945
14.6067,-0.7937,-1.0486,-0.7255,-0.8559333333333333,1.973,1.9969,2.0387,2.0028666666666664,0.8130686995090655,1.2316712400046923,1823435.6259157888,0.32303962532699465,0.8137548547970391,1.2318870899241492,1823755.1823202942,0.3232583368506232
14.6257,-0.8037,-1.0632,-0.7483,-0.8717333333333332,1.9369,1.9371,2.0107,1.961566666666667,0.7983775359847435,1.2284706033513393,1821062.9348734757,0.3267326667088442,0.7990287407413396,1.228801317451745,1821553.179563618,0.32708399346755607
14.6448,-0.8119,-1.0725,-0.7714,-0.8852666666666665,1.9015,1.8759,1.979,1.9188,0.7835509102435863,1.2244258636643621,1817437.417960365,0.3303373658666012,0.7841425571427614,1.2248620700071695,1818084.8869112392,0.33082639529420593
14.6639,-0.8189,-1.0765,-0.7939,-0.8964333333333334,1.8668,1.8141,1.9435,1.8748000000000002,0.768654344835763,1.2195338597875132,1812536.9911100536,0.333835269877235,0.7691648768510501,1.220061685076462,1813321.473519775,0.3344627292422841
14.6829,-0.8255,-1.0752,-0.8147,-0.9051333333333332,1.8326,1.7525,1.9038,1.829633333333333,0.7537064336314537,1.2137572745119916,1806288.8966549505,0.33721054599455075,0.7541182365689507,1.2143577660605078,1807182.5359676837,0.3379701917321308
14.702,-0.832,-1.0687,-0.8327,-0.9111333333333334,1.7983,1.6916,1.8602,1.7833666666666668,0.7387506619561276,1.2070152749132672,1798592.2183800542,0.3404217679763484,0.7390497229921446,1.2076666956611113,1799562.9105596107,0.341303235181422
14.7211,-0.838,-1.0569,-0.8467,-0.9138666666666667,1.7629,1.6323,1.8131,1.7360999999999998,0.7239026186784163,1.199125376262272,1789156.712390091,0.3433605557899628,0.7240814357557079,1.199800496318355,1790164.0262239252,0.3443432029143259
14.7401,-0.8427,-1.0401,-0.8557,-0.9128333333333334,1.7258,1.5755,1.7634,1.6882333333333335,0.7093603954250168,1.1899686987189495,1777786.0462727407,0.345900914836391,0.7094206141046477,1.1906386027077764,1778786.8675254013,0.3469555580515897
14.7592,-0.845,-1.0189,-0.859,-0.9076333333333334,1.6873,1.5218,1.7123,1.6404666666666667,0.6954067507856123,1.179501539791931,1764431.7153425538,0.3478974146724149,0.695358407758568,1.1801418449308858,1765389.5561393264,0.34899371310223803
14.7783,-0.8438,-0.9939,-0.8563,-0.898,1.648,1.4721,1.6612,1.5937666666666666,0.6824013125735952,1.1677634826462786,1749133.2447335515,0.34918683628392727,0.6822616428886302,1.1683550407765533,1750019.3094266441,0.3502931241303937
14.7974,-0.8388,-0.9661,-0.8477,-0.8842,1.6092,1.4265,1.6117,1.5491333333333335,0.6706380028148365,1.154969839787807,1732206.175969676,0.3496822589645817,0.6704247134850571,1.1555035713375956,1733006.6584195246,0.35077795281838814
14.8164,-0.8304,-0.9362,-0.8338,-0.8668,1.5721,1.3853,1.5648,1.5073999999999999,0.6603216383602141,1.1414134509837868,1714072.5733826014,0.349355496385407,0.660050993287801,1.1418846191479786,1714780.1315658314,0.35042441361027765
14.8355,-0.8192,-0.9048,-0.8155,-0.8465000000000001,1.5378,1.3483,1.5217,1.4692666666666667,0.6516030080302752,1.1274247114881344,1695248.087497155,0.34821432515765227,0.6512860066637511,1.1278321772249356,1695860.7718777563,0.3492493535362236
14.8546,-0.8064,-0.8724,-0.7938,-0.8241999999999999,1.5064,1.3153,1.4829,1.4348666666666665,0.6444125314653545,1.1133137521424885,1676185.4287244931,0.34636468806678317,0.6440579547758896,1.1136550799162686,1676699.3257636053,0.3473585719150878
14.8736,-0.793,-0.8395,-0.7697,-0.8007333333333334,1.478,1.2864,1.4489,1.4044333333333334,0.6387221689484887,1.099408633056697,1657367.3008069342,0.343909422294803,0.6383391933540703,1.0996799008433114,1657776.2391632274,0.3448523617647203
14.8927,-0.7797,-0.8065,-0.7444,-0.7768666666666665,1.452,1.2614,1.4197,1.3777,0.6343388062830922,1.0859338782003833,1639156.2303910048,0.3410007363984568,0.6339389695881955,1.0861302929692775,1639452.7074589338,0.3418790384364329
14.9118,-0.7667,-0.7737,-0.7189,-0.7531,1.4278,1.2404,1.3954,1.3545333333333331,0.631154871608404,1.0730593981485932,1621800.232320196,0.33773918269760866,0.630753527546687,1.0731780752460747,1621979.5984807257,0.3385361967632181
14.9308,-0.7542,-0.7417,-0.6941,-0.73,1.405,1.2232,1.3756,1.3346,0.628968416324819,1.0609435747174074,1605531.7212842596,0.33427338372525794,0.6285828089853324,1.0609866316639636,1605596.8795972604,0.33497567973301806
14.9499,-0.7419,-0.7112,-0.6711,-0.7080666666666667,1.3831,1.2097,1.3596,1.3174666666666666,0.627542589821149,1.0497029907102777,1590553.3757719859,0.33075887818404254,0.6271900516597918,1.0496794313849007,1590517.6777080179,0.3313580248097648
14.969,-0.7298,-0.6827,-0.6504,-0.6876333333333333,1.3622,1.1995,1.3468,1.3028333333333333,0.6267102152461219,1.0394224488759003,1576988.0636873897,0.3273088473775345,0.6264031944287114,1.0393460412858626,1576872.139832181,0.32780602272155474
14.988,-0.7177,-0.6566,-0.6325,-0.6689333333333333,1.3422,1.192,1.3362,1.2901333333333334,0.626222753850972,1.0300913895252344,1564814.878776564,0.3240417079165649,0.6259675714881084,1.029978076435697,1564642.7445268545,0.32444518418139273
15.0071,-0.7058,-0.6334,-0.6175,-0.6522333333333333,1.3233,1.1867,1.3267,1.2789,0.6258525175103544,1.0217263366515428,1554085.4347620872,0.3210761982782401,0.625650739241126,1.0215914749038406,1553880.304806744,0.3213976488589081
15.0262,-0.6943,-0.6131,-0.6052,-0.6375333333333333,1.3052,1.1827,1.3174,1.2684333333333333,0.6253417480406992,1.0141921096005089,1544588.9300984875,0.3184883019768215,0.625190951413373,1.0140483680211436,1544370.0153088921,0.3187409838921287
15.0452,-0.6833,-0.5958,-0.5951,-0.6247333333333334,1.2877,1.1795,1.3076,1.2582666666666666,0.6245355632552702,1.007361902745935,1536126.6125873146,0.3163068249434254,0.6244316423303525,1.0072205559636453,1535911.0728162678,0.3165040031596888
15.0643,-0.6728,-0.5814,-0.5864,-0.6135333333333334,1.2704,1.1762,1.2968,1.2478,0.6232753321188128,1.0010022342438352,1528366.564598334,0.3145224236060789,0.623211801029707,1.000873034265226,1528169.2973788437,0.31467918513690835
15.0834,-0.6624,-0.5694,-0.5785,-0.6034333333333334,1.2531,1.1722,1.2847,1.2366666666666666,0.6215316113348668,0.9948541989768397,1520905.4325908907,0.3130538835502349,0.6215003756663965,0.9947437159332041,1520736.5291863037,0.3131835327011043
15.1025,-0.652,-0.5593,-0.5708,-0.5940333333333333,1.2358,1.1671,1.2715,1.2247999999999999,0.6193625760902537,0.9887584811239237,1513500.579638424,0.3118152473910123,0.6193550924802539,0.9886703733408568,1513365.7123444509,0.3119296610514601
15.1215,-0.6413,-0.5505,-0.5626,-0.5848,1.2184,1.1605,1.2573,1.2120666666666666,0.6168346243889781,0.9824891622023582,1505796.0990068836,0.3106913151191947,0.6168427041029533,0.9824249440719329,1505697.6761295635,0.3108006889314875
15.1406,-0.6301,-0.5423,-0.5537,-0.5753666666666667,1.2012,1.1525,1.2424,1.1986999999999999,0.6141123896594719,0.9759614202415656,1497680.7985275895,0.30957094891920284,0.614129552515917,0.9759196926737465,1497616.764667443,0.30968120223623175
15.1597,-0.6182,-0.5342,-0.5437,-0.5653666666666667,1.1842,1.1432,1.2273,1.1849,0.6113523013502224,0.969081164316426,1488998.5846260465,0.30834177690714815,0.6113730594799877,0.9690603981355856,1488966.6772739918,0.3084584470209779
15.1787,-0.6056,-0.5259,-0.5326,-0.5547,1.1677,1.1328,1.2124,1.1709666666666667,0.6086897323311572,0.9618748308617789,1479778.3318964243,0.3069457916367695,0.6087097942281134,0.961872625240242,1479774.9386992492,0.30707271148678755
15.1978,-0.5924,-0.5171,-0.5203,-0.5432666666666667,1.1518,1.1216,1.198,1.1571333333333331,0.6062388409938956,0.9543543361856163,1470056.0765289792,0.3053287068251161,0.606255601680633,0.9543688062752688,1470078.3657798527,0.3054691680211638
15.2169,-0.5785,-0.5077,-0.507,-0.5310666666666667,1.1367,1.1097,1.1845,1.1436333333333335,0.6040932060462866,0.946570265885184,1459898.1902300997,0.3034603607837443,0.6041036061198576,0.9465992759771478,1459942.9325828683,0.30361777467369516
15.2359,-0.5641,-0.4974,-0.493,-0.5181666666666667,1.1225,1.0972,1.1722,1.1306333333333332,0.6023076071595741,0.9385846367317966,1449389.397975467,0.30133430446018505,0.6023089790932655,0.9386256749589518,1449452.7703864593,0.30151201631156427
15.255,-0.5492,-0.4858,-0.4783,-0.5044333333333334,1.1093,1.0845,1.1613,1.1183666666666667,0.6010122150819895,0.9304026096325682,1438555.6177577816,0.29888404961864257,0.6010024639587065,0.9304535061700077,1438634.3121843666,0.29908536576559935
15.2741,-0.534,-0.4729,-0.4634,-0.4901,1.0973,1.072,1.1518,1.107033333333333,0.6002372745002033,0.9221631014627685,1427601.1723322524,0.29614551210466467,0.6002146349101299,0.9222206225199171,1427690.2207104506,0.2963714863757085
15.2931,-0.5187,-0.4585,-0.4484,-0.47520000000000007,1.0864,1.0603,1.1439,1.0968666666666667,0.6000746781668709,0.9139418030580906,1416633.7881983751,0.29310013288067904,0.6000381061491787,0.9140031464889106,1416728.8721265777,0.2933516160948753
15.3122,-0.5033,-0.4429,-0.4336,-0.4599333333333333,1.0767,1.0498,1.1376,1.0880333333333334,0.6005490024551526,0.905865573737744,1405869.0615561462,0.2897848148215619,0.6004974578109059,0.9059272427589419,1405964.769541384,0.2900606594929536
15.3313,-0.4881,-0.4265,-0.4194,-0.4446666666666667,1.0682,1.041,1.1328,1.0806666666666667,0.6016265097615248,0.8981208849116586,1395588.2459138012,0.2862905194656295,0.6015604881936057,0.8981792370231082,1395678.91914302,0.28658686356747753
15.3503,-0.4732,-0.4098,-0.406,-0.4296666666666667,1.0609,1.034,1.1295,1.0748,0.6032554593767531,0.8908332144315927,1385979.4604186246,0.28269521014015114,0.6031755577477692,0.8908849077626552,1386059.8861301185,0.28300788131401816
15.3694,-0.4587,-0.3932,-0.3937,-0.4152,1.0546,1.0288,1.1274,1.0702666666666667,0.6053022428436479,0.88407624399231,1377178.2648705044,0.2790987331819638,0.6052098978443905,0.8841180558241158,1377243.3976533029,0.27942205451720675
15.3885,-0.4448,-0.3772,-0.3826,-0.4015333333333333,1.0494,1.0253,1.1263,1.067,0.6076670254649391,0.8779479182563965,1369331.4023515137,0.2755920665779309,0.6075644748366967,0.877977308947226,1369377.2428792408,0.2759199846175516
15.4076,-0.4316,-0.3621,-0.373,-0.3889,1.045,1.0233,1.126,1.0647666666666666,0.6101908431361444,0.8724865987779977,1362502.4303966505,0.2722714254152966,0.6100801491388851,0.8725012606135385,1362525.3267787686,0.2725982268187782
15.4266,-0.4193,-0.3482,-0.3649,-0.3774666666666667,1.0412,1.0224,1.126,1.0632,0.6126789934260807,0.8676648060468178,1356643.4624794438,0.26922301587627734,0.6125631099243201,0.8676633961018286,1356641.2579499541,0.2695432157485929
15.4457,-0.4076,-0.3355,-0.3583,-0.36713333333333337,1.0378,1.0222,1.126,1.062,0.6150346171894644,0.8633660369013391,1351593.4586034208,0.26644876016134544,0.6149160092988875,0.8633464471001117,1351562.790907377,0.2667562809001442
15.4648,-0.3965,-0.324,-0.353,-0.3578333333333334,1.0346,1.0225,1.1256,1.0609,0.6171663888652198,0.8594926904158459,1347193.6307304536,0.2639538418814876,0.6170485198409523,0.8594541943669598,1347133.2909132035,0.2642430251442945
15.4838,-0.3858,-0.3135,-0.3485,-0.34926666666666667,1.0316,1.0229,1.1246,1.0597,0.6190747886401202,0.8558739747161822,1343169.7401351815,0.2616709340837068,0.6189610166767427,0.8558165277414195,1343079.5854623637,0.26193729747857014
15.5029,-0.3752,-0.3037,-0.3446,-0.3411666666666667,1.0288,1.0234,1.123,1.0584,0.6208304420122606,0.852406654359177,1339378.436202137,0.2595251995724999,0.6207243157434875,0.8523302431643609,1339258.3720213876,0.2597641681835941
15.522,-0.3647,-0.2943,-0.341,-0.3333333333333333,1.0265,1.0239,1.121,1.0571333333333333,0.6225383171103006,0.8490508168560104,1335749.0954447675,0.25745042743870156,0.6224438450155021,0.8489555755745831,1335599.2593537,0.2576581753757286
15.541,-0.3541,-0.2854,-0.3375,-0.32566666666666666,1.025,1.0247,1.1187,1.0561333333333331,0.6243146505738189,0.8458341738117325,1332317.442666104,0.2554017433379782,0.6242355791339581,0.8457216693382338,1332140.231012731,0.25557468796873706
15.5601,-0.3438,-0.2767,-0.3343,-0.3182666666666667,1.0244,1.0259,1.1163,1.0555333333333332,0.6261809773132961,0.8428340779867063,1329223.455390334,0.2533985233655452,0.6261224290766759,0.8427064426792397,1329022.16328688,0.253534400622728
15.5792,-0.334,-0.2686,-0.3313,-0.31129999999999997,1.025,1.0278,1.114,1.0556,0.6281898151719382,0.8401919089623238,1326683.0274444458,0.2514698358191132,0.6281552391636763,0.8400536182919618,1326464.6631835357,0.25156898027173025
15.5982,-0.3251,-0.2612,-0.3288,-0.3050333333333333,1.0267,1.0305,1.1116,1.0562666666666667,0.6302364178389753,0.8379924079034587,1324823.716456327,0.24969667834794618,0.6302294827198746,0.8378496083871235,1324597.9576258706,0.24976106567300094
15.6173,-0.3174,-0.2548,-0.3267,-0.29963333333333336,1.0293,1.0338,1.1092,1.0574333333333334,0.6322311111198757,0.8362711947694995,1323721.4802731525,0.2481333554638359,0.6322520833390838,0.8361305812008296,1323498.9051056348,0.24816859548773576
15.6364,-0.3112,-0.2499,-0.3251,-0.29539999999999994,1.0326,1.0375,1.1066,1.0589000000000002,0.6340078009784228,0.8350843620266729,1323459.4774112517,0.24687568174891775,0.6340543175951352,0.8349527032000822,1323250.821699614,0.24688860453438055
15.6554,-0.3067,-0.2463,-0.324,-0.29233333333333333,1.0362,1.0414,1.1037,1.0604333333333333,0.6354748222581136,0.8343629803972096,1323922.9806693655,0.2459374289714951,0.6355436406698852,0.8342462255855517,1323737.7203187875,0.24593589891864295
15.6745,-0.3037,-0.2443,-0.3232,-0.2904,1.0398,1.045,1.1006,1.0618,0.6365515701984895,0.834025120438325,1325001.4492070314,0.24532230411238024,0.6366363816001426,0.8339259473644395,1324843.8946401477,0.24531298171131163
15.6936,-0.3022,-0.2436,-0.3226,-0.2894666666666667,1.043,1.048,1.0972,1.0627333333333333,0.6371749293175258,0.8339415790194543,1326483.1334814343,0.24500874283479887,0.6372699206281592,0.8338609996385498,1326354.9624052278,0.24499714542975312
15.7127,-0.302,-0.244,-0.3224,-0.2894666666666667,1.0456,1.0503,1.0935,1.0631333333333333,0.6373263393683919,0.8340572699277798,1328281.7826735482,0.24498338250615306,0.6374271867504014,0.8339945487554404,1328181.8957789547,0.2449729254016694
15.7317,-0.303,-0.2453,-0.3225,-0.2902666666666667,1.0476,1.0516,1.0896,1.0629333333333333,0.6370193206165455,0.8343022722643346,1330278.6095997016,0.24521374596396023,0.6371227424460605,0.8342549423290162,1330203.1429461383,0.24520573474872967
15.7508,-0.3052,-0.2473,-0.3229,-0.2918,1.0488,1.0519,1.0854,1.0620333333333332,0.6362353956795992,0.834622956020008,1332405.6577160696,0.24568883605534558,0.6363393196572334,0.8345887937656026,1332351.1205376685,0.24568417287690147
15.7699,-0.3086,-0.2499,-0.3238,-0.2941,1.0491,1.0511,1.0808,1.0603333333333333,0.6349268846712914,0.8350042807545309,1334630.8730764538,0.24642634745857642,0.6350307504511532,0.834980890739924,1334593.4875967198,0.24642502539641864
15.7889,-0.3129,-0.2528,-0.3251,-0.2969333333333333,1.0479,1.0493,1.0756,1.0575999999999999,0.6330717969595471,0.8352923041899305,1336699.7898065909,0.24738169586969833,0.633175468309549,0.8352785724494028,1336677.8152061012,0.2473849220636185
15.808,-0.3178,-0.2558,-0.3267,-0.30010000000000003,1.0452,1.0462,1.0695,1.0536333333333332,0.6306496110526929,0.8353555721493171,1338418.1785314463,0.2485192520151867,0.6307538935279163,0.8353502966678926,1338409.7260826037,0.24852723378885644
15.8271,-0.323,-0.2588,-0.3282,-0.3033333333333333,1.0407,1.042,1.0626,1.0484333333333333,0.6277334443844133,0.8350943722310985,1339616.3171922686,0.24977301519595135,0.627838099345876,0.8350973417630702,1339621.0807658427,0.2497871717032449
15.8461,-0.3278,-0.2613,-0.3294,-0.30616666666666664,1.0345,1.0366,1.0548,1.0419666666666665,0.6244398156101668,0.8343211312114334,1339982.6065403575,0.2510234458520011,0.6245454081407139,0.8343321101588126,1340000.2395571612,0.2510446603756345
15.8652,-0.3318,-0.2631,-0.3301,-0.30833333333333335,1.0268,1.0302,1.0461,1.0343666666666667,0.6208908279580994,0.8329698395355185,1339424.8542168536,0.25219234706595706,0.620997632326398,0.832989177261452,1339455.9494972709,0.25222185182892093
15.8843,-0.3347,-0.264,-0.3299,-0.3095333333333334,1.018,1.0231,1.037,1.0260333333333334,0.617322194186352,0.8310355135422226,1337923.2156259562,0.2531680094930635,0.6174298311758014,0.8310633175746598,1337967.9786473669,0.25320695251898756
15.9033,-0.3363,-0.2638,-0.3289,-0.3096666666666667,1.0086,1.0156,1.0276,1.0172666666666668,0.6138765476604091,0.8285596432569772,1335532.7839575182,0.25389694054016143,0.6139852140653387,0.8285961897504016,1335591.692257608,0.25394625118292585
15.9224,-0.3368,-0.2624,-0.327,-0.3087333333333333,0.9991,1.0082,1.0181,1.0084666666666666,0.6107098744736252,0.825651187919526,1332443.079750214,0.2543421140919592,0.6108200925100419,0.8256977262408882,1332518.1836986484,0.25440364806718146
15.9415,-0.3363,-0.2601,-0.3243,-0.3069,0.9897,1.0012,1.0089,0.9999333333333333,0.6078941097127805,0.82245683693644,1328880.1804005974,0.25451983115057913,0.6080053649896876,0.8225144564683874,1328973.2788473119,0.25459566975549497
15.9605,-0.3351,-0.2572,-0.3209,-0.3044,0.9805,0.995,1.0001,0.9918666666666667,0.6054441949554906,0.8191231123618122,1325071.149208396,0.25447403674498803,0.605555001079384,0.81919396890714,1325185.771738916,0.254567953308977
15.9796,-0.3333,-0.254,-0.317,-0.3014333333333333,0.9716,0.9896,0.9919,0.9843666666666667,0.6033456192066081,0.8157568691400267,1321204.8792576615,0.254248796857762,0.6034537563495949,0.8158422696153246,1321343.19439655,0.254363988045849
15.9987,-0.3313,-0.251,-0.3127,-0.29833333333333334,0.9631,0.9851,0.9845,0.9775666666666667,0.6015574263468251,0.812529796700619,1317551.2473456417,0.2539264156667117,0.601659640538658,0.8126305638900219,1317714.6455823935,0.2540659907817642
16.0178,-0.3289,-0.2485,-0.3085,-0.2953,0.9547,0.9811,0.9778,0.9712,0.5999173834028513,0.8094447892901181,1314115.7604686704,0.2535872689410881,0.6000096351536693,0.8095598405689449,1314302.5436820148,0.25375244296637084
16.0368,-0.3264,-0.2465,-0.3045,-0.29246666666666665,0.9466,0.9775,0.9718,0.9653,0.5984005716104178,0.8065667429111749,1310996.5516194869,0.2532674003443753,0.5984801166245666,0.8066944500349535,1311204.1272483638,0.2534583013407897
16.0559,-0.3237,-0.2453,-0.3011,-0.2900333333333333,0.9386,0.9738,0.9664,0.9596,0.5968414181299184,0.8038986327446175,1308216.0413033492,0.2530508441118428,0.5969055956585834,0.8040350073043193,1308437.9690183133,0.2532642589809442
16.075,-0.3208,-0.2447,-0.2985,-0.288,0.9307,0.9697,0.9611,0.9538333333333333,0.5951320883273732,0.8013627159762926,1305640.580196808,0.25296334598608183,0.5951801817102694,0.8015034861377601,1305869.933561556,0.2531943914539252
16.094,-0.3177,-0.2443,-0.2965,-0.2861666666666666,0.923,0.9651,0.9555,0.9478666666666667,0.5932772709045492,0.7988395250853682,1303067.9626517866,0.2529586586398653,0.5933105420576896,0.798981260736849,1303299.162011371,0.2532020634363157
16.1131,-0.3144,-0.2439,-0.2949,-0.2844,0.9155,0.9599,0.9495,0.9416333333333333,0.5912886763793389,0.7962551719231911,1300393.811762334,0.25300413471397176,0.5913094039372296,0.7963949583025682,1300622.1020756916,0.2532543435417645
16.1322,-0.311,-0.2432,-0.2935,-0.2825666666666667,0.9081,0.9542,0.9428,0.9350333333333333,0.5891645602718799,0.7935247606389005,1297470.839234473,0.25306989937533453,0.5891755494887504,0.7936618563400867,1297695.0007015078,0.25332392239079976
16.1512,-0.3074,-0.2422,-0.2919,-0.28049999999999997,0.901,0.9484,0.9355,0.9283000000000001,0.5870490326772158,0.7906494588420678,1294292.0946082424,0.25308292849905495,0.5870519860885594,0.7907837932093823,1294511.9997858212,0.25333885760098407
16.1703,-0.3038,-0.2408,-0.2898,-0.27813333333333334,0.8941,0.9426,0.9278,0.9215,0.5849897281656212,0.7876206671949516,1290858.7004684545,0.25301517504403453,0.5849858062129135,0.787753471062102,1291076.3573107738,0.25327364706302663
16.1894,-0.3003,-0.2392,-0.2871,-0.27553333333333335,0.8875,0.937,0.9199,0.9148000000000001,0.5830354393444362,0.7845149181914217,1287287.3025682038,0.2528694498706847,0.5830248519402227,0.7846472655860229,1287504.4674896698,0.2531314460297482
16.2084,-0.2969,-0.2377,-0.284,-0.27286666666666665,0.881,0.9316,0.912,0.9082,0.5811363459964203,0.7814001019354538,1283681.0644061135,0.2526967056457993,0.5811181277222119,0.7815320440573673,1283897.8184135396,0.2529631142635117
16.2275,-0.2937,-0.2365,-0.2804,-0.2702,0.8745,0.9262,0.9043,0.9016666666666667,0.5792587834383198,0.7782934781883003,1280084.192367949,0.25252085653967166,0.5792319866588037,0.7784240504071608,1280298.94867519,0.25279117436861415
16.2466,-0.2907,-0.2355,-0.2765,-0.2675666666666667,0.8679,0.9206,0.897,0.8951666666666668,0.5773788561156092,0.7751986907600116,1276494.7827569481,0.2523558564279763,0.5773435510238878,0.7753267461397667,1276705.6474373324,0.2526289026192479
16.2656,-0.2876,-0.2347,-0.2725,-0.2649333333333333,0.861,0.9146,0.8899,0.8885,0.5754236036746468,0.7720399322569076,1272780.1029794384,0.2522123017656936,0.5753798898756046,0.7721636173625724,1272984.0094549295,0.25248583268038155
16.2847,-0.2844,-0.2339,-0.2686,-0.2623,0.8539,0.908,0.8831,0.8816666666666667,0.5733922183554785,0.7688163864477764,1268954.1169278508,0.25209101969712294,0.5733417519134828,0.7689342275674759,1269148.6171708503,0.25236178832575057
16.3038,-0.2809,-0.2328,-0.2646,-0.25943333333333335,0.8466,0.9008,0.8763,0.8745666666666666,0.5713149589040278,0.7653980112339229,1264793.701282112,0.2519276715980943,0.5712594144020335,0.7655093058399602,1264977.611763504,0.25219324857142494
16.3229,-0.2771,-0.2311,-0.2607,-0.2563,0.8392,0.8931,0.8694,0.8672333333333334,0.5692160144717906,0.7617787547123834,1260287.7122714564,0.25170742839129445,0.5691574522052347,0.7618839766597411,1260461.7915910694,0.25196673547714216
16.3419,-0.2729,-0.2287,-0.2566,-0.2527333333333333,0.8317,0.885,0.8623,0.8596666666666666,0.5671481514235959,0.7578854524243986,1255306.1167269198,0.25137448433753073,0.5670880342060638,0.7579852623425736,1255471.4345864907,0.2516270870618679
16.361,-0.2682,-0.2252,-0.2521,-0.24850000000000003,0.8242,0.8769,0.8551,0.8520666666666666,0.5652716162148479,0.753678976818477,1249797.844605669,0.25082633233940127,0.56521068560899,0.7537752964150948,1249957.5678140225,0.25107466455899424
16.3801,-0.263,-0.2209,-0.2471,-0.24366666666666667,0.817,0.8691,0.848,0.8447,0.5636824606297385,0.7492693661749847,1243936.0415491273,0.2500501322754129,0.5636210397655791,0.7493631298135558,1244091.7078217268,0.25029522534099913
16.3991,-0.2574,-0.2157,-0.2415,-0.2382,0.81,0.8619,0.841,0.8376333333333333,0.5624249960704805,0.744662256465896,1237721.3480747035,0.24902203759172298,0.5623622940870746,0.7447554967882076,1237876.3250947206,0.24926814560758678
16.4182,-0.2513,-0.2099,-0.2354,-0.23220000000000005,0.8036,0.8556,0.8346,0.8312666666666667,0.5616440709049784,0.7400297712813426,1231454.1849091626,0.2477249739879019,0.5615791761073697,0.7401229830337078,1231609.2948885008,0.24797393695564318
16.4373,-0.245,-0.204,-0.229,-0.22599999999999998,0.7976,0.8503,0.8289,0.8256,0.5612369930949397,0.7355181591356187,1225370.4599600662,0.24626918467540165,0.561167695900448,0.7356114385871647,1225525.8631721095,0.2465240135163025
16.4563,-0.2386,-0.1983,-0.2224,-0.21976666666666667,0.7923,0.8459,0.8239,0.8207,0.5611811064289126,0.7312256155793814,1219627.2474116138,0.2447033866984311,0.5611063408515808,0.7313179439492589,1219781.243925429,0.24496366750936968
16.4754,-0.2323,-0.193,-0.2161,-0.2138,0.7875,0.8423,0.8197,0.8165,0.5613500064573702,0.7272646215441045,1214428.5105976637,0.24313915068506162,0.5612684996513201,0.7273548307823744,1214579.1471990172,0.24340502107098547
16.4945,-0.226,-0.1883,-0.2101,-0.20813333333333336,0.7832,0.839,0.8159,0.8127,0.561602624406733,0.723554311074064,1209633.5290214857,0.24162417946783152,0.5615147439401168,0.7236397823397526,1209776.4193438322,0.24189121589108897
16.5135,-0.2199,-0.1842,-0.2045,-0.20286666666666667,0.7793,0.836,0.8124,0.8092333333333332,0.5618752317792672,0.7201183532959509,1205276.07554301,0.24020210497562414,0.5617813864279726,0.720197275403477,1205408.1690073654,0.24046733630667716
16.5326,-0.214,-0.1806,-0.1992,-0.19793333333333332,0.7757,0.8327,0.8091,0.8058333333333333,0.5620732883406653,0.7168400901173302,1201176.8942556253,0.2388813821136399,0.5619758090509047,0.7169108431596426,1201295.4519657698,0.23913943111642452
16.5517,-0.2082,-0.1773,-0.194,-0.19316666666666668,0.7725,0.8292,0.8058,0.8025000000000001,0.5622518129861037,0.7136482101657842,1197209.9361040194,0.23760514693940196,0.5621532341272425,0.7137098832398466,1197313.3983085144,0.23785119751145867
16.5707,-0.2026,-0.174,-0.189,-0.18853333333333333,0.7695,0.8253,0.8026,0.7991333333333334,0.5623781946163988,0.7104945933033787,1193287.6825055506,0.23637339543237992,0.562281026049465,0.7105478627450764,1193377.1494335623,0.23660498051029277
16.5898,-0.1971,-0.1704,-0.1838,-0.18376666666666666,0.7669,0.8211,0.7995,0.7958333333333334,0.5625868892828525,0.707298151177863,1189288.4433989152,0.2350826036566518,0.562493778848992,0.7073446090795666,1189366.5601669413,0.23529787538607716
16.6089,-0.1919,-0.1664,-0.1786,-0.17896666666666664,0.7646,0.8168,0.7967,0.7927,0.5628875421257872,0.7041370972666307,1185336.4005978294,0.23375651820746376,0.5627998167890335,0.7041793255868645,1185407.4872730004,0.2339569570593575
16.628,-0.1869,-0.1618,-0.1733,-0.17400000000000002,0.7628,0.8127,0.7944,0.7899666666666666,0.5634281451132488,0.7010358583594396,1181472.9266914774,0.23232366704518334,0.563346617020488,0.7010765308069334,1181541.4729648288,0.23251154683984784
16.647,-0.1823,-0.1568,-0.168,-0.16903333333333334,0.7613,0.8092,0.7926,0.7877000000000001,0.5641804068064395,0.6980923038951318,1177856.4248035953,0.23083611110892366,0.5641039802931087,0.6981339570965069,1177926.7041786574,0.23101667440177776
16.6661,-0.1783,-0.1516,-0.1631,-0.16433333333333333,0.7601,0.8063,0.7916,0.786,0.5650937807447708,0.6954597863066939,1174761.0307208037,0.2293780397409949,0.5650213805621996,0.6955046726346713,1174836.8520838188,0.22955637967448425
16.6852,-0.1749,-0.1463,-0.1587,-0.15996666666666667,0.7591,0.8043,0.7912,0.7848666666666667,0.5661430216822969,0.6931699558306234,1172234.9699165951,0.22797500260869988,0.5660727042532508,0.693220042709271,1172319.6729395564,0.2281573579626102
16.7042,-0.1722,-0.1414,-0.1552,-0.15626666666666666,0.7582,0.803,0.7913,0.7841666666666667,0.5671501657324816,0.6913219055961181,1170440.996124468,0.22675899559565624,0.5670803744369891,0.6913779776854984,1170535.9288491767,0.22694950432783792
16.7233,-0.1703,-0.1371,-0.1527,-0.15336666666666668,0.7569,0.8024,0.7916,0.7836333333333333,0.5679496069814643,0.689879281278302,1169334.0830368858,0.22580462853046385,0.567877191429312,0.6899422692193588,1169440.8465653711,0.22601005561049203
16.7424,-0.1691,-0.1334,-0.1514,-0.1513,0.7552,0.8022,0.7918,0.7830666666666666,0.5684405996767209,0.6887849558177284,1168812.6195950299,0.22514358478847718,0.5683633997818623,0.6888554507827034,1168932.243875416,0.22536879339604243
16.7614,-0.1683,-0.1305,-0.151,-0.14993333333333334,0.7528,0.8022,0.7915,0.7821666666666668,0.5685393726924233,0.6878737904840011,1168591.1098491554,0.22475941546404404,0.5684543912120221,0.6879512016227426,1168722.6193931855,0.22500843542412427
16.7805,-0.1677,-0.1283,-0.1515,-0.14916666666666667,0.7495,0.8022,0.7902,0.7806333333333333,0.5681507674358818,0.6869948771312986,1168427.9070156186,0.22464773582137668,0.5680548400804848,0.6870783281362862,1168569.838908187,0.22492439103725906
16.7996,-0.1668,-0.1267,-0.1522,-0.14856666666666665,0.7453,0.802,0.7879,0.7784,0.5673994846651248,0.6859364707208064,1167955.6753754348,0.22466548835591268,0.5672890670772542,0.686023474535204,1168103.818247468,0.2249715243095464
16.8186,-0.1654,-0.1255,-0.1529,-0.14793333333333333,0.7404,0.8016,0.7845,0.7755,0.5663701846313496,0.6846229030442105,1167037.44550507,0.22474092313486724,0.5662422848840659,0.6847104272496161,1167186.6430043683,0.2250766743696769
16.8377,-0.1631,-0.1247,-0.1532,-0.147,0.7352,0.801,0.7804,0.7722000000000001,0.5652730868177236,0.6830326951767666,1165648.9738897546,0.22475420618844733,0.5651259294335594,0.6831149358601944,1165789.3240793233,0.22511465160903113
16.8568,-0.1601,-0.1243,-0.1529,-0.14576666666666668,0.73,0.8003,0.7757,0.7686666666666667,0.5641804721774256,0.6812240981153043,1163881.22429648,0.2246878435576585,0.5640134784445051,0.6812955036819343,1164003.2217398186,0.22506685735193446
16.8758,-0.1564,-0.1241,-0.152,-0.14416666666666667,0.7252,0.7993,0.7708,0.7651,0.5632039685891989,0.6792388216977074,1161797.3866112793,0.2244965337011982,0.5630201497412529,0.6792939560726845,1161891.6906626893,0.2248835742515982
16.8949,-0.1523,-0.1244,-0.1507,-0.14246666666666666,0.7209,0.7981,0.7658,0.7616,0.562291665180515,0.6772286049762983,1159670.0597805667,0.2242631418093881,0.5620950115040327,0.6772622039446282,1159727.5938500455,0.22464693993197268
16.914,-0.148,-0.125,-0.1489,-0.14063333333333336,0.7173,0.7965,0.7608,0.7582,0.5614708071075517,0.6751909363782507,1157487.8888206726,0.2239717021787342,0.561267741226511,0.6752003646546241,1157504.0518275003,0.22434038405637655
16.9331,-0.1437,-0.1259,-0.1466,-0.13873333333333335,0.7141,0.7944,0.7559,0.7548,0.5606739075463348,0.6731185363192796,1155238.2207308838,0.22365613957505123,0.5604700649684676,0.6731024128870716,1155210.548925502,0.22400086137020722
16.9521,-0.1397,-0.1269,-0.144,-0.13686666666666666,0.7114,0.7918,0.7512,0.7514666666666666,0.5598938578659257,0.6710795770567424,1153031.1845638542,0.2233449497724406,0.5596950051944952,0.6710398816456112,1152962.9809580776,0.2236599452115231
16.9712,-0.1358,-0.1278,-0.141,-0.13486666666666666,0.7089,0.7887,0.7469,0.7481666666666666,0.5591773194758841,0.6689887452587686,1150733.8499934573,0.22298168170172714,0.5589877848012464,0.6689273431589088,1150628.2316624015,0.22326343864541168
16.9903,-0.1322,-0.1286,-0.138,-0.13293333333333335,0.7067,0.7852,0.743,0.7449666666666667,0.5584804551926383,0.6669585835458675,1148532.896887954,0.22263087853583943,0.5583040346459418,0.6668791342700627,1148396.0816356328,0.22287802043493432
17.0093,-0.1288,-0.1292,-0.135,-0.131,0.7047,0.7814,0.7395,0.7418666666666667,0.5578279211709509,0.6649601413903728,1146372.027753468,0.22226844774578663,0.5576670291224083,0.6648662853528998,1146210.2226627597,0.22248138031817177
17.0284,-0.1257,-0.1296,-0.1322,-0.12916666666666665,0.7028,0.7773,0.7364,0.7388333333333333,0.5571680538490233,0.6630255703188037,1144320.4166364418,0.22193427287772716,0.5570239261608437,0.6629213966723069,1144140.6226195924,0.2221151035605519
17.0475,-0.1229,-0.1298,-0.1297,-0.12746666666666664,0.701,0.773,0.7334,0.7357999999999999,0.556458710271118,0.6611451904863732,1142354.949292815,0.22164807759599098,0.5563314941843797,0.6610346092388096,1142163.8822817092,0.22179994619262433
17.0665,-0.1204,-0.1298,-0.1276,-0.1259333333333333,0.6993,0.7684,0.7305,0.7327333333333333,0.5556722014783352,0.6593215670893171,1140473.6951380733,0.22142619010788717,0.5555619584447168,0.659208579672435,1140278.253060538,0.22155183380372034
17.0856,-0.1181,-0.1293,-0.1256,-0.12433333333333334,0.6975,0.7637,0.7274,0.7295333333333334,0.5548509436239397,0.657413798892075,1138446.3674672,0.22119470865437643,0.5547553126445399,0.6573015971651842,1138252.067243174,0.22129952804064476
17.1047,-0.116,-0.1285,-0.1236,-0.12269999999999999,0.6956,0.7589,0.7243,0.7262666666666666,0.5540120003791794,0.6554611327639038,1136333.816540737,0.22095846108343623,0.5539291481216287,0.6553517947061437,1136144.2636805335,0.2210461772247542
17.1237,-0.114,-0.1273,-0.1217,-0.121,0.6936,0.7542,0.7212,0.723,0.55319763661154,0.6534735076134253,1134146.4080857672,0.22069762156074718,0.5531251083115243,0.6533683204417384,1133963.848805926,0.22077234037134882
17.1428,-0.1122,-0.1257,-0.12,-0.1193,0.6915,0.7498,0.7181,0.7197999999999999,0.5524126364870061,0.6515057336282813,1131992.4388887186,0.22042912519977578,0.5523472137656661,0.6514055026668583,1131818.2874045228,0.2204956175516896
17.1619,-0.1104,-0.124,-0.1183,-0.11756666666666667,0.6894,0.7458,0.715,0.7167333333333333,0.5516996325360578,0.6495684345833684,1129883.8602317362,0.22013286604471397,0.551639666695261,0.6494723505830361,1129716.728093809,0.22019319983962615
17.1809,-0.1087,-0.1223,-0.1169,-0.11596666666666666,0.6873,0.7421,0.7119,0.7137666666666668,0.550980612790915,0.6477239399143118,1127922.8229561793,0.2198745300439097,0.5509248231352112,0.6476315372587426,1127761.9163450508,0.21993039804210648
17.2,-0.1071,-0.1209,-0.1157,-0.11456666666666666,0.6851,0.7386,0.7085,0.7107333333333333,0.5501550866387088,0.6459390729945913,1126065.1769587512,0.21969851792244344,0.5501029690240858,0.6458490427060584,1125908.2272137569,0.2197503851975663
17.2191,-0.1057,-0.1196,-0.1145,-0.11326666666666667,0.683,0.7352,0.705,0.7077333333333334,0.5493054893404633,0.6442074101453913,1124293.4740282695,0.21955656613928928,0.5492565770243163,0.6441200096098724,1124140.9395336907,0.21960509481927537
17.2382,-0.1044,-0.1183,-0.1133,-0.112,0.6809,0.7317,0.7011,0.7045666666666666,0.5483671468614659,0.6424223904542747,1122421.8430057308,0.21944712684140819,0.5483211079065012,0.6423380696220439,1122274.5200834253,0.21949288814942905
17.2572,-0.1033,-0.117,-0.112,-0.11076666666666667,0.6786,0.7281,0.6969,0.7011999999999999,0.5473244836425827,0.6405706495471725,1120420.1058157398,0.21937467225041135,0.5472802622512026,0.6404894133643729,1120278.015864237,0.2194189934416754
17.2763,-0.1024,-0.1155,-0.1105,-0.10946666666666667,0.6763,0.7245,0.6925,0.6977666666666668,0.5462757789846046,0.638657884451373,1118310.8550508071,0.2192861263910251,0.5462320809851978,0.6385803506678008,1118175.0908585645,0.2193307159148046
17.2954,-0.1017,-0.1138,-0.1086,-0.10803333333333333,0.6738,0.7213,0.6881,0.6944,0.5453073551321079,0.6367051475325987,1116124.1291943118,0.21914004447049465,0.5452617042972397,0.6366301589256061,1115992.6765211187,0.21918775753558348
17.3144,-0.1011,-0.1121,-0.1065,-0.10656666666666666,0.6712,0.7185,0.6837,0.6911333333333333,0.5443960994942981,0.634770651346825,1113955.4198863637,0.2189699819318086,0.544347064938845,0.6346966416744145,1113825.540731537,0.21902244288193548
17.3335,-0.1006,-0.1106,-0.1041,-0.10510000000000001,0.6684,0.7161,0.6793,0.6879333333333334,0.5435142255241813,0.6328567873912316,1111821.9213257316,0.21879240200123143,0.5434608356475209,0.6327812354479115,1111689.1893894458,0.2188504973567321
17.3526,-0.1003,-0.1097,-0.1015,-0.10383333333333333,0.6653,0.7141,0.6752,0.6848666666666666,0.5426139296340405,0.631080985267524,1109923.8312364693,0.21867621115524796,0.5425562819231035,0.6310004357138331,1109782.1634136003,0.21873936597909882
17.3716,-0.1001,-0.1094,-0.0988,-0.10276666666666667,0.662,0.7122,0.6713,0.6818333333333334,0.5416492077792024,0.62940490223266,1108188.0619774372,0.21863416262333768,0.541588820978756,0.6293167259873519,1108032.8107837243,0.21870039172477276
17.3907,-0.0999,-0.1098,-0.096,-0.10189999999999999,0.6584,0.7102,0.6676,0.6787333333333333,0.5405737531370807,0.627789759856522,1106559.6153397835,0.21867938523072183,0.5405134226519944,0.6276912642632172,1106386.0042795062,0.21874539899695547
17.4098,-0.0997,-0.1108,-0.0933,-0.10126666666666666,0.6543,0.7077,0.6641,0.6753666666666667,0.5392818955647133,0.6261722043899242,1104920.657229159,0.2188510209603705,0.5392249213149922,0.6260624259678865,1104726.9462254173,0.21891373652925175
17.4288,-0.0994,-0.1121,-0.0906,-0.10070000000000001,0.6498,0.7046,0.6608,0.6717333333333334,0.5378379862786359,0.6244755395403876,1103129.3603259383,0.2190860135485635,0.5377876346614107,0.624355225380233,1102916.8266490756,0.21914324293258902
17.4479,-0.0987,-0.1135,-0.088,-0.10006666666666668,0.6449,0.7009,0.6576,0.6678000000000001,0.5362783662277574,0.6226244074484868,1101064.677150927,0.21933772213713051,0.5362373020083461,0.6224944547853148,1100834.8655897216,0.21938787367216442
17.467,-0.0976,-0.1149,-0.0855,-0.09933333333333334,0.6397,0.6967,0.6545,0.6636333333333333,0.5346461349725011,0.6206285708653504,1098736.6476672683,0.21958543305872547,0.5346163339616162,0.6204901905639768,1098491.6645717872,0.21962785058427356
17.486,-0.096,-0.1161,-0.083,-0.09836666666666667,0.6344,0.6919,0.6515,0.6592666666666666,0.5330094103484362,0.6184381118484326,1096049.6939147937,0.21977220382560245,0.5329930532063255,0.6182938481006268,1095794.0171807823,0.21980608181856168
17.5051,-0.0937,-0.117,-0.0805,-0.09706666666666668,0.6291,0.6867,0.6486,0.6547999999999999,0.5314549619274377,0.6160446763214182,1093000.424094147,0.21984407314858284,0.53145374778611,0.6158961792620283,1092736.9572464845,0.21986858957558927
17.5242,-0.091,-0.1175,-0.0782,-0.09556666666666667,0.6241,0.6812,0.6459,0.6504,0.5300079695050928,0.6135756794443356,1089807.6785617576,0.2198306222108567,0.530022204653538,0.6134262419050943,1089542.2538013144,0.2198462006485722
17.5433,-0.0879,-0.1176,-0.076,-0.09383333333333334,0.6195,0.6757,0.6434,0.6462,0.5287455901973996,0.6110689261339753,1086538.2391971243,0.21969854751703208,0.5287752056704056,0.6109205847571061,1086274.474224745,0.21970574371273136
17.5623,-0.0846,-0.1174,-0.0741,-0.09203333333333334,0.6154,0.6701,0.6411,0.6422,0.5276020157482411,0.6086026785637247,1083325.02729461,0.21951358297742357,0.5276466725930594,0.6084584472102827,1083068.2925801438,0.2195129198953523
17.5814,-0.0813,-0.117,-0.0725,-0.09026666666666666,0.6118,0.6647,0.6387,0.6384,0.5265374566642254,0.6062246777697998,1080265.7120468346,0.21931561432571062,0.5265964854853994,0.6060855518214564,1080017.7957260998,0.21930725112258542
17.6005,-0.0781,-0.1165,-0.0713,-0.08863333333333334,0.6086,0.6595,0.6364,0.6348333333333334,0.5255271090852328,0.6039967514124687,1077464.906353677,0.21914068746303725,0.5255992368123457,0.6038637653982458,1077227.6736814384,0.21912554913685287
17.6195,-0.0752,-0.116,-0.0705,-0.08723333333333333,0.6058,0.6543,0.6338,0.6313,0.5244354775661353,0.6018852909511526,1074857.3623403516,0.2190582292272835,0.52452009299346,0.6017601316609289,1074633.850673619,0.2190364080262237
17.6386,-0.0726,-0.1158,-0.07,-0.08613333333333334,0.6033,0.6492,0.631,0.6278333333333334,0.5232498608431819,0.5999364551398277,1072538.4978609642,0.21909238208689122,0.5233476347512398,0.5998201133709177,1072330.5074563199,0.2190641465573707
17.6577,-0.0704,-0.1156,-0.0697,-0.08523333333333333,0.6009,0.6438,0.6277,0.6241333333333333,0.5218682607041968,0.597979777972263,1070198.0543918577,0.21924596141392416,0.5219779797738485,0.5978748058948038,1070010.186980282,0.21921301936381887
17.6767,-0.0686,-0.1156,-0.0696,-0.0846,0.5985,0.6382,0.6239,0.6202,0.5202612074356546,0.5960467464573607,1067886.3581047084,0.21954941978503892,0.5203822861950538,0.5959545413572318,1067721.1620539615,0.21951324372235892
17.6958,-0.0673,-0.1156,-0.0694,-0.08410000000000001,0.5958,0.6322,0.6195,0.6158333333333333,0.5183865727270093,0.5939904366095928,1065352.1324356904,0.21997938513743603,0.5185168320309136,0.5939126048068771,1065212.5371292948,0.2199431048291859
17.7149,-0.0663,-0.1154,-0.0689,-0.08353333333333333,0.5929,0.6258,0.6145,0.6110666666666668,0.5163411879996381,0.5917276026671486,1062439.1339588922,0.22045003162727148,0.5164784938999251,0.5916658329510801,1062328.2272454838,0.22041642886090837
17.7339,-0.0654,-0.1151,-0.068,-0.08283333333333333,0.5895,0.619,0.6091,0.6058666666666667,0.5141349784329011,0.5892097329317745,1059052.995319294,0.22094057459002936,0.514278142400872,0.5891645072098193,1058971.7060370145,0.22091260463964346
17.753,-0.0645,-0.1144,-0.0666,-0.08183333333333333,0.5856,0.6119,0.6033,0.6002666666666666,0.5118523972575727,0.5863669584071542,1055078.4886242833,0.22137630929304383,0.5119993832845271,0.5863378996964401,1055026.2018776615,0.22135615287800806
17.7721,-0.0634,-0.1133,-0.0645,-0.0804,0.5814,0.6045,0.5975,0.5944666666666668,0.5096464310060707,0.583214784309542,1050535.6588214582,0.22166781893691706,0.509795911644631,0.5832033141199796,1050514.9977486033,0.22165932997672586
17.7911,-0.0619,-0.1118,-0.0617,-0.07846666666666667,0.5769,0.5968,0.5918,0.5884999999999999,0.5075634932965886,0.5797304256239298,1045375.7468008266,0.22177756271953594,0.50771471531869,0.5797383122356251,1045389.9680185275,0.22178513202032768
17.8102,-0.0602,-0.1098,-0.0585,-0.07616666666666666,0.5722,0.5889,0.5863,0.5824666666666667,0.505598103792658,0.5760174556603281,1039795.5786552527,0.22174421580254727,0.5057481184384036,0.5760458473644898,1039846.8298251048,0.22177215730161737
17.8293,-0.058,-0.107,-0.0548,-0.07326666666666666,0.5675,0.5808,0.5812,0.5764999999999999,0.5039198196093043,0.5720156040369359,1033679.0020349114,0.2214378376435177,0.5040643377356339,0.5720663188772802,1033770.6479011877,0.221491860516874
17.8484,-0.0556,-0.1036,-0.0508,-0.07,0.5629,0.5728,0.5765,0.5707333333333333,0.5024987725172642,0.5678952512403649,1027332.5605408764,0.22093442384958073,0.5026334499925494,0.5679682310149552,1027464.5822447623,0.22101856139059325
17.8674,-0.0529,-0.0995,-0.0467,-0.06636666666666667,0.5584,0.565,0.5722,0.5652,0.5013563767939286,0.5636708997443477,1020776.1162053755,0.22022367966846312,0.5014763299605055,0.5637640885316245,1020944.8758280445,0.22033984408290852
17.8865,-0.0501,-0.0946,-0.0426,-0.062433333333333334,0.5541,0.5577,0.5684,0.5600666666666667,0.5005509273017679,0.5594502338510488,1014215.7536860639,0.21930347176598008,0.5006508252549035,0.5595588944653068,1014412.7422654183,0.21945010360919956
17.9056,-0.0472,-0.0892,-0.0385,-0.0583,0.55,0.5508,0.5649,0.5552333333333334,0.4999928596304175,0.555241262588978,1007660.2734136399,0.21823329286838203,0.5000699268487002,0.5553611662276662,1007877.8763575932,0.21840819156441763
17.9246,-0.0442,-0.0835,-0.0345,-0.05406666666666667,0.546,0.5447,0.5617,0.5508000000000001,0.4996901893202059,0.5511414990449639,1001281.314236116,0.2170404516067826,0.4997448171491919,0.5512665610020794,1001508.5194111908,0.21723683240296388
17.9437,-0.0412,-0.0776,-0.0307,-0.049833333333333334,0.5421,0.5393,0.5588,0.5467333333333333,0.49958302234494195,0.5471896650601509,995161.1454971884,0.21577626049663834,0.4996159610024355,0.5473145458865085,995388.2633580401,0.2159874943971848
17.9628,-0.0382,-0.0717,-0.027,-0.04563333333333333,0.5383,0.5346,0.556,0.5429666666666667,0.49962364491906275,0.5433756710559859,989276.6294745165,0.2144678155031818,0.4996379643055904,0.5434965457025861,989496.6953871936,0.21468704703464736
17.9818,-0.0352,-0.066,-0.0234,-0.04153333333333334,0.5345,0.5305,0.5534,0.5394666666666666,0.499764839140748,0.5397205089439451,983661.3551514499,0.2131523964912959,0.49976354595615974,0.5398353934409172,983870.7365592429,0.21337571967965752
18.0009,-0.0322,-0.0606,-0.0201,-0.03763333333333333,0.5308,0.5268,0.551,0.5362,0.4999428451436934,0.5362612998750743,978394.9476181287,0.2118831637442332,0.49992797490635427,0.5363689143251577,978591.2874141884,0.21210821269793959
18.02,-0.0291,-0.0556,-0.017,-0.0339,0.5271,0.5233,0.5486,0.533,0.5000884772259016,0.5329056999640003,973304.3797224984,0.21067344928710166,0.5000624418739479,0.5330059951597294,973487.5598860336,0.21089923734311355
18.039,-0.026,-0.0508,-0.0141,-0.030299999999999997,0.5233,0.5199,0.5462,0.5298,0.5001828376964398,0.5296063359950134,968298.2707519461,0.2095193537157525,0.5001467594131958,0.529698497189156,968466.7723707022,0.20974475163761866
18.0581,-0.0228,-0.0462,-0.0114,-0.0268,0.5195,0.5166,0.5437,0.5265999999999998,0.5002407014305639,0.5263466152334815,963357.3465695662,0.20840566628044935,0.5001963778574118,0.5264299316890891,963509.8383255248,0.20862856625181414
18.0772,-0.0193,-0.0418,-0.0089,-0.023333333333333334,0.5157,0.5132,0.541,0.5233,0.5002432465044171,0.5230455420005148,958328.0352616231,0.2073177185850008,0.5001925015719642,0.5231195864116631,958463.6999970237,0.20753642275167616
18.0962,-0.0158,-0.0373,-0.0064,-0.019833333333333335,0.5121,0.5099,0.538,0.52,0.5002723063728374,0.5197169555218796,953230.2122236313,0.20620762396458128,0.5002174770357398,0.519781333842407,953348.2906497573,0.20641795369191054
18.1153,-0.0121,-0.0327,-0.0039,-0.016233333333333332,0.5086,0.5066,0.5348,0.5166666666666667,0.5003440270738644,0.5163114164550551,947983.512770759,0.20504908861939655,0.5002868952174555,0.5163658192524748,948083.4000739622,0.20524834243698722
18.1344,-0.0083,-0.0281,-0.0011,-0.012499999999999999,0.5053,0.5034,0.5313,0.5133333333333333,0.5004925086041789,0.512828188742491,942580.8358061969,0.20382043899323624,0.5004354718319702,0.5128745504677462,942666.048894517,0.20400738157633921
18.1535,-0.0045,-0.0235,0.0021,-0.008633333333333333,0.5021,0.5004,0.5278,0.5101,0.5007692682738499,0.5093163981071692,937112.1185753153,0.20250514386706725,0.5007131089394106,0.509356684821093,937186.2437516808,0.20268116620157917
18.1725,-0.0006,-0.0188,0.0055,-0.004633333333333334,0.499,0.4977,0.5242,0.5069666666666667,0.5011758701602336,0.5057772100087159,931574.2155432454,0.20110315193460146,0.5011223138577563,0.5058120342359973,931638.357128848,0.20126624484865788
18.1916,0.0032,-0.0141,0.0093,-0.0005333333333333336,0.496,0.4951,0.5208,0.5039666666666667,0.5017138704176254,0.5022451006259465,926040.823583974,0.1996252166009613,0.5016619019027122,0.5022763269290121,926098.3987228302,0.19977918218049848
18.2107,0.0072,-0.0096,0.0134,0.003666666666666667,0.4931,0.4929,0.5177,0.5012333333333333,0.5024506996629943,0.4987885713658301,920633.2573337484,0.1980510794664764,0.5024008086567336,0.498817673595906,920686.9724395238,0.19819814707762007
18.2297,0.0112,-0.0052,0.0177,0.007899999999999999,0.4904,0.4908,0.5148,0.49866666666666665,0.5033037053372854,0.495393399033779,915320.6548606682,0.19642942152366055,0.5032553722808671,0.49542168599394715,915372.9196646718,0.19657209714926327
18.2488,0.0153,-0.001,0.0222,0.012166666666666668,0.4878,0.4888,0.5122,0.49626666666666663,0.504272967893499,0.49206154033967253,910117.0675043206,0.1947613992147866,0.5042254825300331,0.4920902415472414,910170.1532603186,0.1949031358258522
18.2679,0.0195,0.0029,0.0267,0.016366666666666668,0.4854,0.4869,0.51,0.4941,0.5053403104413462,0.4888784743576766,905176.0750934908,0.19308599019196385,0.5052929790985333,0.4889084011314961,905231.4855913691,0.19322988931548615
18.2869,0.0237,0.0067,0.0313,0.020566666666666667,0.4832,0.485,0.5082,0.4921333333333333,0.5065222412154353,0.4857963711054673,900404.9664642435,0.19137811331045015,0.5064734846265703,0.4858282660840225,900464.0825853272,0.19152783633352755
18.306,0.0279,0.0104,0.0359,0.024733333333333333,0.4812,0.4831,0.5067,0.49033333333333334,0.5077844366684741,0.48281642555881027,895816.422880823,0.18966008566225748,0.5077331413453537,0.48285076725255155,895880.1403759507,0.18981809180513945
18.3251,0.0321,0.0139,0.0402,0.028733333333333333,0.4794,0.4811,0.5057,0.4887333333333334,0.5090729687370776,0.4800228683775891,891562.5270489434,0.18799176404791662,0.5090170995512732,0.4800589930208399,891629.6225569849,0.18816104081743493
18.3441,0.0362,0.0175,0.0444,0.0327,0.4779,0.479,0.5049,0.4872666666666667,0.5104227007703059,0.477316806179767,887455.6541843782,0.1863206448514644,0.5103607143321798,0.47735436708745627,887525.4896468502,0.1865022116246691
18.3632,0.0402,0.0212,0.0483,0.036566666666666664,0.4766,0.4769,0.5044,0.48596666666666666,0.5118139920375941,0.4747492978181135,883601.04510149,0.18467475191540592,0.5117444515453019,0.47478627736376966,883669.8712489731,0.18486814917042715
18.3823,0.0441,0.0249,0.052,0.04033333333333333,0.4755,0.4749,0.504,0.48479999999999995,0.5132291021014519,0.4723036924591308,879963.6165320995,0.1830596628965169,0.5131519720778956,0.4723390277365655,880029.4507803153,0.1832635009675804
18.4013,0.0479,0.0288,0.0554,0.044033333333333334,0.4745,0.4729,0.5038,0.48373333333333335,0.5146681784462745,0.4699468061088117,876477.4229491891,0.18146494276108535,0.5145826809906356,0.46997748592216254,876534.6425395614,0.1816769968392844
18.4204,0.0514,0.0327,0.0586,0.04756666666666667,0.4738,0.4712,0.5036,0.4828666666666667,0.5161252498507581,0.4677805114226552,873342.7243310388,0.17992515943049744,0.5160327766201287,0.4678057972364506,873389.9327567165,0.18014172576085308
18.4395,0.0547,0.0365,0.0616,0.05093333333333333,0.4731,0.4696,0.5034,0.4820333333333333,0.5175181614414535,0.46571634509474646,870390.508959851,0.1784621046452893,0.5174193969869939,0.4657353394851853,870426.0081157977,0.17868155569394117
18.4586,0.0578,0.0403,0.0644,0.05416666666666666,0.4726,0.4682,0.5033,0.4813666666666667,0.518927426653386,0.46380923607280466,867724.1345647312,0.1770435683215122,0.5188232936270799,0.46382087907338576,867745.9170386823,0.1772633617080964
18.4776,0.0606,0.0438,0.0672,0.057199999999999994,0.4719,0.467,0.5031,0.48066666666666674,0.5202202137532915,0.46198384257192415,865198.7307486729,0.17572508042510987,0.5201114829793468,0.4619893567528895,865209.0576517651,0.17594568791129891
18.4967,0.0633,0.0472,0.0698,0.060099999999999994,0.4713,0.4658,0.5031,0.48006666666666664,0.5214949802155882,0.4602792786885553,862897.4828056276,0.17445914690301514,0.5213812609260755,0.46027753899355295,862894.221354357,0.1746808370505261
18.5158,0.0659,0.0505,0.0724,0.06293333333333334,0.4706,0.4646,0.5032,0.4794666666666667,0.5227392185014128,0.45860980934355783,860655.4958021687,0.17322689530485208,0.5226198704855656,0.45860047085994254,860637.9706269935,0.17345113167040171
18.5348,0.0685,0.0537,0.0749,0.0657,0.4699,0.4634,0.5035,0.47893333333333327,0.5239841065651143,0.45701131707304693,858535.7503811567,0.1720205135627969,0.5238585739142573,0.4569932746722911,858501.8561525176,0.17224831047341752
18.5539,0.071,0.0569,0.0773,0.0684,0.4693,0.4621,0.5041,0.4785,0.5252447312184344,0.4555019513379996,856582.0687593435,0.17083647096042182,0.5251114912514588,0.45547319389356766,856527.9897127632,0.1710695207571483
18.573,0.0733,0.0601,0.0792,0.07086666666666668,0.4687,0.4609,0.5049,0.47816666666666663,0.5264295797056192,0.4541601432560635,854937.9637107761,0.16975085255665123,0.5262900683608968,0.4541170170152655,854856.7803197677,0.16998531475284975
18.592,0.0755,0.0633,0.0807,0.07316666666666666,0.4682,0.4598,0.5059,0.47796666666666665,0.5275893505100543,0.4529722465062891,853574.1022031177,0.1687294563723992,0.5274453209137148,0.4529117174955554,853460.0422438314,0.16896195870587272
18.6111,0.0773,0.0664,0.0816,0.0751,0.4678,0.4587,0.507,0.47783333333333333,0.5285825296164995,0.4519950117155914,852607.620631744,0.1678696361575378,0.528436207589608,0.45191397169685543,852454.7531536535,0.16809630286579005
18.6302,0.0789,0.0696,0.0819,0.0768,0.4672,0.4578,0.5079,0.47763333333333335,0.5294187262821543,0.4510922164460595,851777.9163825021,0.16712418347580343,0.5292761005022395,0.45098819361421527,851581.4945695464,0.16733630205752578
18.6492,0.0802,0.0727,0.0816,0.07816666666666666,0.4664,0.4569,0.5084,0.47723333333333334,0.5299807270193836,0.45023649823767925,851029.1380974412,0.16655083126904127,0.5298474022810838,0.45010919816436346,850788.5177299284,0.1667420588713596
18.6683,0.0814,0.0757,0.081,0.07936666666666668,0.4653,0.4562,0.5084,0.4766333333333333,0.5303596399802207,0.4493491749778592,850221.8182186743,0.16607343309046474,0.5302410991014739,0.4492013491626521,849942.1142815496,0.16623897017595485
18.6874,0.0826,0.0786,0.0803,0.0805,0.4638,0.4555,0.5079,0.47573333333333334,0.5305638824711763,0.44832804215539335,849157.620282554,0.16565668892182883,0.5304633224145264,0.44816275117087856,848844.5501957712,0.1657953496730268
18.7064,0.084,0.0814,0.0796,0.08166666666666667,0.462,0.4549,0.5069,0.47459999999999997,0.5306796563009603,0.4471624212129622,847810.9885377033,0.16524838751381882,0.5306000475467951,0.4469838839421964,847472.4854505965,0.1653593676005103
18.7255,0.0857,0.0842,0.079,0.08296666666666667,0.4601,0.4545,0.5055,0.4733666666666667,0.5308244028886343,0.4458787728019899,846240.3816148614,0.16478973887273413,0.5307682599116481,0.44569173674488827,845885.4029211175,0.1648726709928762
18.7446,0.0876,0.0869,0.0786,0.08436666666666666,0.4582,0.4542,0.5038,0.47206666666666663,0.5309957560230981,0.4445107718018484,844504.5473207921,0.16429218640340074,0.5309630957563017,0.4443198475263654,844141.8195106521,0.1643494879281982
18.7637,0.0897,0.0894,0.0783,0.08579999999999999,0.4563,0.454,0.502,0.4707666666666667,0.5311880888894354,0.44312615108793874,842731.8093087734,0.1637788824387291,0.5311782949966245,0.44293417104495836,842366.7040479467,0.1638134693355695
18.7827,0.0919,0.0917,0.0781,0.08723333333333333,0.4546,0.4539,0.5001,0.46953333333333336,0.5314138428655949,0.4417774768544067,841017.6649357479,0.1632581594177794,0.5314259529842714,0.4415878541769602,840656.6777198754,0.16327283455931108
18.8018,0.0942,0.0937,0.078,0.08863333333333334,0.453,0.4539,0.4981,0.4683333333333333,0.5316389427106252,0.44046183951976825,839365.7468658608,0.16274842612101945,0.5316713272701167,0.4402774497794442,839014.3647069201,0.1627463062748372
18.8209,0.0965,0.0954,0.0779,0.08993333333333335,0.4515,0.4539,0.4958,0.4670666666666667,0.5317797944991106,0.439154205836837,837724.0026284647,0.16228955706990847,0.5318312390076397,0.43897868488374625,837389.1814804169,0.1622730716480054
18.8399,0.0988,0.0969,0.0779,0.09119999999999999,0.4501,0.4538,0.4934,0.46576666666666666,0.5318888273265321,0.43784212295620156,836064.2619971276,0.1618482343710224,0.5319573249352364,0.43767712783253865,835749.2020267277,0.16182041913216444
18.859,0.1012,0.0982,0.078,0.09246666666666666,0.4487,0.4535,0.4909,0.46436666666666665,0.5319539546113911,0.4364726144445161,834294.1263129513,0.1614159589275549,0.5320379892358694,0.43631888940317815,834000.2890942778,0.16137939704352955
18.8781,0.1037,0.0993,0.0784,0.0938,0.4475,0.4531,0.4882,0.46293333333333336,0.5320435474309658,0.4350521076410576,832421.1089979938,0.16095612226015885,0.5321401564046296,0.43491234895490444,832153.6971673727,0.16091390229897232
18.8971,0.1062,0.1003,0.0789,0.09513333333333333,0.4466,0.4525,0.4855,0.46153333333333335,0.5321509816767397,0.43364886021547944,830571.2538141643,0.16049218887296024,0.532258334769872,0.4335243549121682,830332.7877754751,0.16044680415862325
18.9162,0.1086,0.1012,0.0797,0.09649999999999999,0.4459,0.4518,0.4829,0.46019999999999994,0.5323104229586212,0.43226656867075225,828760.5526063058,0.16000599167365548,0.5324247917675402,0.43215739295179817,828551.2360971671,0.15996037345050998
18.9353,0.1109,0.1021,0.0804,0.0978,0.4455,0.451,0.4805,0.459,0.5324958070877008,0.4309893091086853,827146.0747998566,0.1595362519802912,0.5326164840989219,0.43089551324678355,826966.0636548819,0.15949210070629907
18.9543,0.1128,0.1029,0.0812,0.09896666666666666,0.4453,0.45,0.4781,0.4578,0.5326076294692259,0.42977228889513286,825638.0225983763,0.15912590042553487,0.5327306807159032,0.429693735209312,825487.1126595439,0.15908548152841742
18.9734,0.1144,0.1036,0.0818,0.09993333333333333,0.4452,0.4489,0.4758,0.4566333333333333,0.5326227032714504,0.4286649165803685,824340.4841540455,0.1588018231835169,0.5327470068337259,0.4286008502865746,824217.2820033651,0.15876631186468743
18.9925,0.1155,0.1043,0.0823,0.1007,0.445,0.4477,0.4733,0.45533333333333337,0.5324639169434752,0.4275720089608159,823066.5024581035,0.15858001944275898,0.5325870557697417,0.42752195044211244,822970.1409352628,0.1585502387095478
19.0115,0.1163,0.105,0.0827,0.10133333333333333,0.4447,0.4462,0.4708,0.45389999999999997,0.5321687464788122,0.4264624736075812,821751.9267045954,0.15843066792966537,0.532289716726724,0.4264244755238283,821678.7080734908,0.1584068518123499
19.0306,0.1169,0.1056,0.083,0.10183333333333333,0.444,0.4445,0.4679,0.45213333333333333,0.531644944437261,0.42522113495493724,820183.1613907777,0.1583732425263032,0.5317629772312445,0.4251949748615458,820132.7027791607,0.15835582616086882
19.0497,0.1173,0.1065,0.0835,0.10243333333333333,0.4429,0.4426,0.4648,0.45009999999999994,0.5310565128510157,0.4237778740190994,818219.7234329386,0.1582962477891043,0.531170595761541,0.42376144806984756,818188.0086208215,0.158284300854401
19.0688,0.1177,0.1074,0.0841,0.10306666666666665,0.4414,0.4406,0.4615,0.44783333333333336,0.5303805823756005,0.4221811169325488,815954.0338559527,0.15822681275882,0.5304904824042924,0.42217339789994063,815939.1151977241,0.15821999461445466
19.0878,0.1183,0.1086,0.085,0.10396666666666667,0.4397,0.4385,0.4581,0.44543333333333335,0.529798220853101,0.42038017097913233,813282.8679673736,0.1580488167598334,0.5299036690873108,0.42038037275570955,813283.2583317263,0.15804701202872892
19.1069,0.119,0.11,0.0861,0.10503333333333333,0.4377,0.4364,0.4545,0.4428666666666667,0.529237579306534,0.4184006238247101,810263.1341025204,0.15781036448286326,0.529338289721286,0.4184084072435723,810278.2072572965,0.1578134580303128
19.126,0.1201,0.1116,0.0875,0.10640000000000001,0.4355,0.4344,0.451,0.44029999999999997,0.5288542163725568,0.41627729000635033,806957.0042841141,0.15743337151509626,0.5289507819520768,0.41629187956859753,806985.2862724123,0.15744115009171597
19.145,0.1214,0.1133,0.0891,0.10793333333333333,0.4332,0.4326,0.4475,0.43776666666666664,0.52858747375281,0.41409103356030813,803516.3586025722,0.15697493642982144,0.5286795134812614,0.4141122868652533,803557.5992400501,0.1569876417551577
19.1641,0.1231,0.115,0.091,0.1097,0.431,0.431,0.4441,0.4353666666666667,0.5285237160003372,0.4118705116596782,800004.9112633899,0.15639415535729262,0.5286104704385308,0.411898357491768,800058.9981712879,0.15641253435665234
19.1832,0.1251,0.1168,0.093,0.11163333333333332,0.429,0.4294,0.4407,0.4330333333333334,0.5285945615499836,0.4096081995845373,796403.6137465521,0.15572793735168658,0.5286756354232521,0.40964329892725976,796471.8576035174,0.1557535415673853
19.2022,0.1273,0.1184,0.0953,0.11366666666666665,0.4272,0.4281,0.4374,0.4309,0.5288225446138461,0.4074145518083475,792923.0651195869,0.15499426275788547,0.5288961651353102,0.4074561481871293,793004.0213054059,0.15502738783516437
19.2213,0.1295,0.12,0.0978,0.11576666666666667,0.4258,0.4268,0.4343,0.4289666666666667,0.5291880488279677,0.4053064573328246,789604.8469686384,0.15420899441702407,0.5292529278865282,0.4053532775872462,789696.0606642476,0.15424948788875714
19.2404,0.1317,0.1215,0.1004,0.11786666666666666,0.4247,0.4257,0.4315,0.4273,0.5296814500687428,0.40335563945513325,786585.172426667,0.15339729560703694,0.529737265713405,0.40340636211323994,786684.0868507386,0.15344454467383195
19.2594,0.1337,0.1227,0.1032,0.11986666666666668,0.424,0.4247,0.429,0.4259,0.5302419631592672,0.4016091045137385,783952.6426178034,0.15260611935849858,0.5302875473137187,0.40166136966432076,784054.6657105451,0.15265841528479604
19.2785,0.1353,0.1238,0.106,0.12169999999999999,0.4235,0.4237,0.4267,0.42463333333333336,0.5307677591611896,0.4000180173004592,781621.1782739403,0.15187900970827878,0.5308029870050545,0.4000696621782041,781722.0905540101,0.15193437451692382
19.2976,0.1366,0.1245,0.1086,0.12323333333333335,0.4231,0.4227,0.4248,0.4235333333333333,0.531192412856994,0.3986628226252128,779744.9360493377,0.15127432986772715,0.531218942194274,0.39871231124116946,779841.7308731695,0.15133067782031454
19.3166,0.1374,0.1249,0.1111,0.12446666666666666,0.4226,0.4216,0.4231,0.42243333333333327,0.5314390776342232,0.39744285950315833,778124.1798830335,0.1508070228627869,0.5314581331901916,0.39748817082990273,778212.8916012576,0.1508613967517585
19.3357,0.1378,0.125,0.1133,0.12536666666666668,0.4219,0.4201,0.4215,0.4211666666666667,0.5314113408792844,0.396271808924698,776598.597925369,0.15050709191385436,0.531424540932026,0.39631235500913053,776678.0586177841,0.15055819433893955
19.3548,0.138,0.125,0.1152,0.12606666666666666,0.4208,0.4182,0.4199,0.4196333333333333,0.5311438252821148,0.3950279692232577,774925.69165893,0.15032231518114933,0.5311530044391265,0.3950639641191689,774996.3027846814,0.15036964483437856
19.3739,0.1381,0.1251,0.117,0.12673333333333334,0.4192,0.4158,0.4183,0.4177666666666666,0.5307070059757419,0.39359445227086587,772875.5128308636,0.15018231825378928,0.5307137521258775,0.39362570487693854,772936.8815158294,0.15022490497964985
19.3929,0.1382,0.1253,0.1187,0.12739999999999999,0.4171,0.413,0.4165,0.4155333333333333,0.5301060240575071,0.3919341739910649,770370.0960846804,0.1500750426344966,0.530111175152355,0.39196102285682044,770422.8691385869,0.150113106818209
19.412,0.1386,0.1259,0.1203,0.12826666666666667,0.4147,0.4098,0.4144,0.4129666666666667,0.5294782670382813,0.38997508715198054,767274.3358460995,0.14990512065956696,0.5294820029766608,0.3899985516532733,767320.5021532266,0.1499404756619068
19.4311,0.1394,0.1269,0.122,0.12943333333333332,0.4119,0.4065,0.4122,0.41019999999999995,0.5289467792791652,0.38775167565913704,763650.4211821911,0.14961337130288804,0.5289501202001405,0.3877722665773873,763690.973588232,0.14964619374030694
19.4501,0.1408,0.1284,0.124,0.13106666666666666,0.409,0.4031,0.4099,0.4073333333333333,0.5286621120368694,0.3852492206826858,759463.8960942514,0.1491118085000894,0.5286651334009427,0.38526755186351896,759500.0334029548,0.14914326303925005
19.4692,0.1426,0.1303,0.1262,0.13303333333333334,0.4063,0.3998,0.4076,0.4045666666666667,0.5286356568266309,0.3826517010744761,755084.0217808551,0.14844321644097053,0.5286380239850693,0.3826681746619462,755116.52899994,0.1484743623130108
19.4883,0.1448,0.1326,0.1287,0.13536666666666666,0.4038,0.3967,0.4056,0.4020333333333333,0.5289506702411012,0.38002913688537565,750644.6217448638,0.14757979177807373,0.5289525968471912,0.380043598050551,750673.1858595841,0.14761072417433432
19.5073,0.1472,0.1352,0.1312,0.13786666666666667,0.4018,0.394,0.4038,0.39986666666666665,0.5295436992436315,0.377557760802189,746490.1649156668,0.14660399183766978,0.5295450149680785,0.37757056054773797,746515.4719948947,0.14663533801873377
19.5264,0.1497,0.1378,0.1337,0.1404,0.4002,0.3916,0.4024,0.3980666666666666,0.5303305444007808,0.37530052800979175,742753.8003201906,0.14557975146283003,0.5303311704340902,0.37531160377144107,742775.7202575277,0.14561204598821506
19.5455,0.152,0.1404,0.136,0.1428,0.3989,0.3895,0.4013,0.3965666666666667,0.5311749834394307,0.37329192735964634,739501.2431831659,0.14459193233669962,0.5311753329213685,0.3733008113346002,739518.8425739948,0.14462452430974415
19.5645,0.154,0.143,0.1379,0.14496666666666666,0.398,0.3877,0.4002,0.39530000000000004,0.5319821067853515,0.37153505254970814,736736.306473243,0.1436933481449835,0.5319823640951954,0.3715419458448374,736749.9755490358,0.14372605599728586
19.5836,0.1558,0.1455,0.1396,0.14696666666666666,0.3971,0.386,0.3991,0.3940666666666666,0.5327039080917128,0.3698740150774549,734158.5774789077,0.14286972278695018,0.5327046421176905,0.3698789379636418,734168.3488577362,0.14290200988294996
19.6027,0.1573,0.1479,0.1411,0.14876666666666669,0.3962,0.3844,0.3979,0.3928333333333333,0.533303688951026,0.3683017213944377,731750.735668004,0.14213873253711307,0.5333053384789079,0.36830473008368464,731756.7134043056,0.1421698634347628
19.6217,0.1586,0.1502,0.1425,0.1504333333333333,0.3952,0.3829,0.3964,0.3915,0.5337792516910069,0.3667246326639076,729323.5532129725,0.14147711623319797,0.5337818707929847,0.3667264521090134,729327.1716341288,0.14150680649993566
19.6408,0.1599,0.1525,0.144,0.15213333333333334,0.3941,0.3816,0.3948,0.3901666666666667,0.534280270404477,0.3651329538813879,726864.9533704302,0.14079989829455644,0.5342839667387862,0.3651342977342358,726867.6285590902,0.1408278130508567
19.6599,0.1611,0.1547,0.1456,0.1538,0.3929,0.3804,0.3931,0.38880000000000003,0.5347497888104308,0.3635345054225257,724386.7015483141,0.1401403354722341,0.5347542913603559,0.36353561819081404,724388.918874422,0.1401661918901912
19.679,0.1623,0.1568,0.1473,0.15546666666666667,0.3917,0.3793,0.3914,0.3874666666666667,0.5352380514867857,0.3619573249606981,721944.6811813975,0.13947793428791966,0.5352429374376136,0.3619583784603257,721946.7824469345,0.13950192370534184
19.698,0.1635,0.1586,0.149,0.15703333333333333,0.3904,0.3783,0.3899,0.38620000000000004,0.5356951034629273,0.3604662405008589,719664.7909738523,0.13885608310700787,0.5357002597634485,0.3604673113468042,719666.928899785,0.13887824789347306
19.7171,0.1647,0.1603,0.1508,0.1586,0.3891,0.3772,0.3884,0.3849,0.536141554090076,0.35895371013839916,717339.9383694247,0.1382365091074928,0.5361465620146288,0.3589543601595411,717341.2373840684,0.13825699470278627
19.7362,0.1659,0.1617,0.1525,0.16003333333333333,0.3877,0.376,0.3869,0.38353333333333334,0.5364771373521628,0.3574554315830688,715037.7383040024,0.13768246774804666,0.5364816526057176,0.35745571800480475,715038.3112491368,0.13770183712946402
19.7552,0.1671,0.1632,0.1541,0.16146666666666668,0.3863,0.3747,0.3854,0.38213333333333327,0.5368020425370855,0.3559350589718865,712681.8909930597,0.1371303723351235,0.5368064874727988,0.35593496797484675,712681.7087914455,0.1371487123922485
19.7743,0.1684,0.1646,0.1558,0.16293333333333332,0.3849,0.3733,0.3838,0.38066666666666665,0.5371237461052002,0.35435657930501346,710207.3210381562,0.1365673568426388,0.5371274714494677,0.3543560002865908,710206.1605598504,0.13658522179267354
19.7934,0.1697,0.1661,0.1575,0.16443333333333332,0.3837,0.3718,0.3823,0.37926666666666664,0.5374995443792311,0.3528065006126556,707783.6162943514,0.13598384039639613,0.5375026651014223,0.35280486134884925,707780.3276812931,0.1360013565078302
19.8124,0.171,0.1676,0.1594,0.166,0.3825,0.3703,0.3808,0.37786666666666663,0.5379227265775457,0.35122764664619005,705292.5668937134,0.13536956931634297,0.5379250369770899,0.3512245535349696,705286.3556846209,0.1353863781469258
19.8315,0.1721,0.1693,0.1613,0.16756666666666667,0.3815,0.3688,0.3795,0.3766,0.5384066311715667,0.3497356627838356,702973.5905562444,0.13474573120232067,0.5384089897659922,0.3497303264962203,702962.8645432455,0.1347609312641911
19.8506,0.173,0.1709,0.1631,0.169,0.3805,0.3673,0.3784,0.3754,0.5388353034370804,0.3483439165969897,700850.5108178038,0.134177735209948,0.5388383317630051,0.3483359888256284,700834.5605389457,0.13419076545215727
19.8696,0.1736,0.1724,0.1648,0.17026666666666665,0.3795,0.3659,0.3774,0.3742666666666667,0.5391861287796265,0.34706629741548406,698948.3636674399,0.13368061640197765,0.5391903706385824,0.34705575221411616,698927.1269432303,0.13369083912035382
19.8887,0.174,0.1739,0.1664,0.17143333333333333,0.3783,0.3645,0.3766,0.3731333333333333,0.5394740026916675,0.3458306901459671,697129.4886222089,0.13322857035523614,0.5394805019900005,0.34581768391557804,697103.2705131794,0.13323528284757827
19.9078,0.1742,0.1753,0.1677,0.1724,0.3768,0.3631,0.3758,0.37189999999999995,0.539590722832489,0.3446130412025754,695342.0649848391,0.1328733882516067,0.5396001408237763,0.34459843604138757,695312.5954589491,0.13287660891435368
19.9268,0.1743,0.1767,0.1687,0.17323333333333332,0.375,0.3616,0.375,0.3705333333333333,0.539565729522543,0.3433625534939136,693480.1228771484,0.1325869305461163,0.5395787924131775,0.3433470086238706,693448.7273208249,0.13258692147375287
19.9459,0.1744,0.178,0.1695,0.17396666666666669,0.3728,0.3599,0.374,0.3689,0.539364863487525,0.3419762993224088,691342.3653070241,0.1323628974768464,0.5393815306817425,0.3419603684190706,691310.1592494198,0.13236031525498307
19.965,0.1747,0.1794,0.1702,0.17476666666666665,0.3702,0.3581,0.3728,0.3670333333333333,0.5391125259547822,0.34040512477734386,688825.0458381908,0.13212348742829416,0.5391328155263625,0.34038963777245845,688793.707188818,0.132119003664906
19.9841,0.1753,0.1809,0.1707,0.17563333333333334,0.3672,0.3562,0.3714,0.36493333333333333,0.5388095047781815,0.338647824599503,685924.6492941605,0.13186851478456352,0.5388335978345268,0.3386335728397818,685895.782629211,0.13186285200542117
20.0031,0.1763,0.1826,0.1713,0.17673333333333333,0.364,0.3543,0.3698,0.36269999999999997,0.5386096712591311,0.33670022964134727,682628.2295168851,0.13151522581638608,0.538637333326468,0.33668777670872124,682602.9823605055,0.13150909518650503
20.0222,0.1778,0.1845,0.1719,0.17806666666666668,0.3607,0.3523,0.3679,0.36030000000000006,0.5385011316616962,0.3345396869345412,678895.5576113807,0.1310652609861364,0.538532525564776,0.3345296914937148,678875.2734399103,0.13105933814893864
20.0413,0.1798,0.1865,0.1726,0.1796333333333333,0.3574,0.3505,0.3658,0.35790000000000005,0.5385553640450266,0.33227781570297144,674948.694206022,0.13050725234458535,0.5385899069871919,0.33227133514262275,674935.5303848507,0.13050237162948042
20.0603,0.1823,0.1887,0.1735,0.1815,0.3544,0.3487,0.3635,0.3555333333333333,0.5388329587217479,0.32991052939370213,670775.3981907823,0.12980853857044994,0.5388704694709063,0.3299083728291344,670771.013455141,0.1298054701389353
20.0794,0.1851,0.191,0.1746,0.18356666666666666,0.3517,0.3472,0.3611,0.35333333333333333,0.5393231628237022,0.3275710721225165,666652.9404168029,0.12900660335499975,0.5393624933075398,0.32757450671482996,666659.9302924657,0.1290065952337962
20.0985,0.1882,0.1934,0.1759,0.18583333333333332,0.3495,0.3458,0.3587,0.35133333333333333,0.5400401142272304,0.32528447802074223,662629.1111365703,0.12810042019121368,0.5400804397003975,0.32529422162212107,662648.9595903306,0.12810461487931699
20.1175,0.1913,0.1957,0.1775,0.18816666666666668,0.3478,0.3447,0.3562,0.34956666666666664,0.5409065544195552,0.3231303667985548,658863.2877956942,0.12714992410617712,0.5409450465730042,0.3231466743431337,658896.5389028048,0.12715953688097226
20.1366,0.1944,0.1979,0.1792,0.1905,0.3464,0.3437,0.3537,0.34793333333333337,0.5418352909153787,0.32106927987796197,655282.2779604878,0.12619245262274034,0.5418704373246136,0.321091913122224,655328.4709935406,0.12620842109684904
20.1557,0.1973,0.2,0.1812,0.19283333333333333,0.3455,0.3429,0.3514,0.34659999999999996,0.5428924685399733,0.31921606955805437,652117.9536562306,0.12521921619859983,0.5429224779919989,0.3192433284952447,652173.6402084897,0.1252411926498959
20.1747,0.1999,0.202,0.1835,0.19513333333333335,0.3447,0.3421,0.3492,0.3453333333333333,0.5439597760343576,0.31742543157411823,649071.1854189634,0.12425953149689255,0.5439838664209269,0.3174549094841188,649131.4618180309,0.12428589248039318
20.1938,0.2022,0.2038,0.1858,0.19726666666666667,0.3441,0.3414,0.3472,0.34423333333333334,0.5449848035292619,0.3158192036769796,646398.1582321237,0.12336757719245635,0.5450029434861791,0.31584935294427413,646459.8657870297,0.12339719985996463
20.2129,0.2044,0.2056,0.1883,0.19943333333333335,0.3435,0.3407,0.3455,0.34323333333333333,0.5460770566924459,0.3142718862904403,643839.6003744854,0.12245802703785864,0.5460903459390228,0.31430109025065384,643899.4296716434,0.12248888158815409
20.2319,0.2065,0.2072,0.1908,0.20149999999999998,0.3429,0.3399,0.3441,0.3423,0.5471309978313763,0.3128135687401644,641454.384834529,0.1215920997856287,0.5471408339468234,0.3128407761876072,641510.1763289089,0.12162245071904558
20.251,0.2085,0.2088,0.1933,0.20353333333333334,0.3423,0.3392,0.3429,0.34146666666666664,0.548204933245933,0.31144070944859553,639242.1141855115,0.12073860746541039,0.548212069726188,0.3114656998816237,639293.4078563731,0.12076777818653676
20.2701,0.2104,0.2104,0.1956,0.2054666666666667,0.3417,0.3385,0.3419,0.3407,0.5492391312798502,0.310156342289462,637206.332442892,0.11992855790593296,0.5492445338264472,0.3101795739050133,637254.0610575412,0.11995660104967461
20.2892,0.2122,0.2119,0.1977,0.20726666666666668,0.3413,0.3377,0.3412,0.3400666666666667,0.5502357945641458,0.3090190333182896,635467.9890085727,0.11917307772274616,0.5502403992575274,0.3090406140462763,635512.3677048224,0.11919982434537006
20.3082,0.2139,0.2133,0.1996,0.20893333333333333,0.3409,0.337,0.3405,0.33946666666666664,0.5511553166943042,0.30795916902580683,633881.528367528,0.11847648149559364,0.5511590149695705,0.30797951157305303,633923.4000383087,0.11850250370400144
20.3273,0.2155,0.2147,0.2013,0.21050000000000002,0.3406,0.3363,0.3398,0.33890000000000003,0.5520203595067691,0.3069633159027029,632425.976264993,0.11782380383659295,0.5520231066600544,0.30698282033728647,632466.1605816326,0.11784980293626497
20.3464,0.2169,0.2159,0.2028,0.21186666666666668,0.3402,0.3355,0.339,0.33823333333333333,0.5527102623243524,0.3059770700755005,630986.380652108,0.11726349645917601,0.5527120733654112,0.30599571918593216,631024.8388760877,0.11728950968525485
20.3654,0.2182,0.2172,0.2042,0.21319999999999997,0.3399,0.3347,0.3381,0.3375666666666666,0.553378792719661,0.3050050626331792,629569.2651613002,0.11671866909553379,0.5533793896953764,0.3050230228902073,629606.3374174839,0.1167453123667324
20.3845,0.2194,0.2184,0.2057,0.2145,0.3395,0.3338,0.3371,0.3368,0.5539878196918796,0.3039778024247207,628037.3318198082,0.11619336254554449,0.5539872430070781,0.30399441473700933,628071.6539058354,0.11621985960643795
20.4036,0.2205,0.2196,0.2071,0.21573333333333333,0.339,0.3328,0.3361,0.3359666666666667,0.554527164694506,0.30293075619816906,626460.5037216223,0.11570010513283681,0.5545258613685108,0.30294611865183346,626492.2732605814,0.11572632061266264
20.4226,0.2216,0.2209,0.2087,0.21706666666666666,0.3384,0.3319,0.335,0.33509999999999995,0.5551254003056204,0.30182369588521163,624752.3373527937,0.11516617136738805,0.5551232931882931,0.30183753794606316,624780.9893771001,0.1151915708706961
20.4417,0.2226,0.2223,0.2104,0.21843333333333334,0.3379,0.3309,0.3341,0.33430000000000004,0.5557741433673515,0.3007516668322556,623115.5349583986,0.11461624304824165,0.5557721290991658,0.30076355544994654,623140.1665172204,0.11463988388071965
20.4608,0.2236,0.2237,0.2121,0.2198,0.3374,0.3299,0.3332,0.33349999999999996,0.55642494474875,0.2996810289935776,621477.4670348094,0.11406729913317845,0.5564231418750029,0.29969101061488734,621498.166886079,0.11408921916415725
20.4798,0.2245,0.2251,0.2137,0.2211,0.3368,0.3291,0.3325,0.3328,0.5570686944025537,0.2987064282591953,620031.5736714447,0.11354377342703226,0.5570676318484207,0.29871512386913984,620049.6233423185,0.11356373688428319
20.4989,0.2253,0.2266,0.2153,0.22240000000000001,0.3362,0.3283,0.332,0.33216666666666667,0.5577389564502938,0.29777968960670015,618684.385349148,0.1130188174082749,0.5577393938466056,0.2977873153149297,618700.2289636508,0.11303640990520795
20.518,0.2261,0.228,0.2168,0.22363333333333335,0.3356,0.3276,0.3315,0.3315666666666667,0.5583765444994386,0.2969023949276938,617436.43231941,0.11252179603251286,0.5583781896869794,0.2969092588085404,617450.7064046793,0.11253748979882915
20.537,0.2268,0.2294,0.2182,0.2248,0.3349,0.327,0.3312,0.3310333333333333,0.5589935632398907,0.29609762535966017,616333.0447246011,0.11205138359017254,0.5589968440564222,0.2961042795811346,616346.8956177874,0.11206510310535989
20.5561,0.2274,0.2306,0.2194,0.2258,0.3341,0.3266,0.3309,0.33053333333333335,0.5595075044515058,0.29537882039433994,615408.6539408914,0.11165042370012392,0.5595119071978213,0.2953857345519095,615423.0592811164,0.11166266796536022
20.5752,0.228,0.2318,0.2204,0.22673333333333334,0.3333,0.3262,0.3307,0.3300666666666667,0.5599879921471873,0.29470870027148,614583.0070814952,0.11127679418095757,0.5599935958851274,0.2947163211380956,614598.8995716622,0.11128816381078073
20.5943,0.2285,0.2327,0.2212,0.22746666666666668,0.3323,0.3258,0.3305,0.3295333333333333,0.560304862417221,0.29406610172155906,613812.2122184931,0.11098920483809221,0.5603114187316796,0.2940744494354948,613829.6366299703,0.1109997552725044
20.6133,0.2291,0.2336,0.2218,0.22816666666666666,0.3313,0.3253,0.3302,0.3289333333333333,0.5605747026697704,0.29338938393649294,612964.6716775119,0.1107178912935237,0.560582056534697,0.2933987341783072,612984.2066989461,0.11072841059132128
20.6324,0.2298,0.2343,0.2222,0.22876666666666667,0.3301,0.3248,0.3298,0.3282333333333333,0.5607387060157487,0.2926793975625027,612047.9206472273,0.11049151784338303,0.5607464754252223,0.2926899138807783,612069.9122557485,0.11050241291858022
20.6515,0.2305,0.235,0.2225,0.22933333333333336,0.3289,0.3242,0.3294,0.3275,0.5608679987777506,0.2919581797443351,611104.9119152961,0.1102800499392585,0.5608764840904483,0.2919699203111263,611129.4863870271,0.11029148562006519
20.6705,0.2314,0.2356,0.2227,0.2299,0.3278,0.3235,0.3288,0.3267,0.5609738368520871,0.2911900507101025,610057.8776206768,0.11007067868079086,0.5609826911577237,0.29120304800584834,610085.1076123546,0.11008317986298218
20.6896,0.2323,0.2363,0.2228,0.23046666666666668,0.3267,0.3228,0.3281,0.3258666666666667,0.5610684804480117,0.2903983007622019,608961.2957208033,0.10986228935283003,0.5610776587800159,0.2904131175793567,608992.3663852989,0.10987655422201316
20.7087,0.2332,0.237,0.2228,0.23099999999999998,0.3258,0.3222,0.3273,0.32509999999999994,0.5611648591612787,0.28966532266996986,607985.0059246279,0.10966550518277986,0.5611738432731738,0.2896823799189621,608020.8077649517,0.10968238244231719
20.7277,0.2341,0.2375,0.2228,0.23146666666666668,0.325,0.3216,0.3264,0.32433333333333336,0.5612151353553216,0.28895633145031674,607053.3425348632,0.10949628405550144,0.5612234013679175,0.28897533939723313,607093.2753428845,0.10951583208420872
20.7468,0.2348,0.2379,0.2226,0.23176666666666668,0.3244,0.321,0.3255,0.32363333333333333,0.5611728256601152,0.2883544235705276,606347.0431271133,0.10939398219938119,0.5611801850993064,0.2883756393492617,606391.6553253373,0.10941680091449553
20.7659,0.2353,0.2382,0.2222,0.2319,0.3238,0.3204,0.3243,0.3228333333333333,0.5609772027718558,0.28774193651557944,605616.1470854977,0.1093639318255308,0.5609826058553276,0.2877657208581925,605666.2064619957,0.10939122833026789
20.7849,0.2355,0.2383,0.2217,0.23183333333333334,0.3231,0.3197,0.323,0.32193333333333335,0.5606044071733841,0.28713057658300356,604882.3439072515,0.1094202165453771,0.5606076923177726,0.28715653044465433,604937.0194937236,0.10945177561841159
20.804,0.2355,0.2382,0.2211,0.2316,0.3222,0.3188,0.3213,0.32076666666666664,0.5600171825887249,0.2863900221631564,603876.6730033207,0.10955483495779837,0.5600174757987739,0.2864177603737313,603935.1612781234,0.10959105658218919
20.8231,0.2355,0.2381,0.2206,0.23140000000000002,0.3211,0.3177,0.3193,0.31936666666666663,0.5593687965570994,0.28547057740113524,602490.5837039703,0.10968390489261906,0.5593655510684871,0.2854996019956743,602551.840612002,0.1097249129152108
20.8421,0.2354,0.238,0.2202,0.2312,0.3197,0.3164,0.317,0.31770000000000004,0.5586236515287085,0.2843596034025718,600693.4558942491,0.1098227119551434,0.558616570071643,0.2843892747671448,600756.1349608718,0.10986822614027299
20.8612,0.2355,0.238,0.22,0.23116666666666666,0.3182,0.3149,0.3145,0.3158666666666667,0.557936768025713,0.2830667243748576,598510.3038991602,0.10989804134979957,0.5579255446968409,0.2830964784638492,598573.215316544,0.10994812583054614
20.8803,0.2356,0.238,0.22,0.2312,0.3165,0.3133,0.3118,0.3138666666666667,0.5572377472145537,0.2816272481858792,596011.9004692398,0.1099516654005236,0.5572222552048425,0.28165605880199274,596072.8728011934,0.1100055414812462
20.8994,0.2359,0.2382,0.2203,0.23146666666666663,0.3149,0.3116,0.309,0.31183333333333335,0.5566947604370798,0.28007568554130324,593270.496547892,0.10990823138922735,0.5566748505032727,0.2801025965195039,593327.500744343,0.10996563786428863
20.9184,0.2362,0.2384,0.2208,0.2318,0.3132,0.3099,0.3062,0.3097666666666667,0.5561895186458825,0.2784722259966665,590410.2318182423,0.10983776806325622,0.5561657406549951,0.2784962800088089,590461.2305662656,0.1098973675038905
20.9375,0.2365,0.2387,0.2215,0.23223333333333332,0.3115,0.3081,0.3033,0.3076333333333333,0.5557345988738134,0.2767807996449627,587359.9221585831,0.10972702538576501,0.5557073558508505,0.276801032053427,587402.8576001885,0.10978798142532914
20.9566,0.2368,0.2391,0.2224,0.23276666666666665,0.3098,0.3063,0.3005,0.3055333333333334,0.5553666495886525,0.275073533457253,584269.4191515102,0.10957226363931438,0.5553369700564651,0.2750894094760068,584303.1405791561,0.10963321560118809
20.9756,0.237,0.2394,0.2235,0.23329999999999998,0.308,0.3046,0.2977,0.3034333333333334,0.5550018331397788,0.27336246045957907,581161.4421712557,0.10941713242893492,0.5549707585647577,0.2733729468391008,581183.735939887,0.10947610172407597
20.9947,0.2371,0.2398,0.2248,0.2339,0.3061,0.3028,0.295,0.30129999999999996,0.5546767950490212,0.2715996078160901,577939.4459359717,0.10923422277461668,0.5546460427325531,0.27160475063228,577950.3893845399,0.10928935581427564
21.0138,0.2373,0.2401,0.2261,0.23450000000000001,0.304,0.3009,0.2924,0.2991,0.5543316598718105,0.26978433819670966,574598.9843173362,0.10905313321197428,0.554302160567369,0.2697849452981005,574600.2773495592,0.10910379059542147
21.0328,0.2375,0.2405,0.2275,0.23516666666666666,0.3016,0.2989,0.2899,0.2968,0.5540036742888037,0.26786825952103455,571033.87658888,0.10884634826342726,0.5539764787966224,0.2678654706610424,571027.9313770977,0.10889170456164511
21.0519,0.2378,0.2409,0.229,0.2359,0.2991,0.2968,0.2875,0.29446666666666665,0.5537172037085528,0.26589987153592054,567352.4719282347,0.10861139910444206,0.5536929692861231,0.2658944103453334,567340.8193465265,0.108650944735538
21.071,0.2384,0.2414,0.2305,0.23676666666666668,0.2963,0.2946,0.2851,0.292,0.5534868813834258,0.26378222304940063,563344.6790119621,0.1083228280931307,0.5534652230298865,0.2637752280739105,563329.7402409691,0.10835746625735498
21.09,0.2393,0.242,0.232,0.23776666666666668,0.2935,0.2922,0.2828,0.28950000000000004,0.5533492546897285,0.26158885870581605,559164.1871518728,0.1079769374515599,0.5533299644617148,0.26158124439865615,559147.9110463274,0.10800733788275052
21.1091,0.2406,0.2428,0.2336,0.239,0.2906,0.2899,0.2805,0.287,0.5533911820362374,0.2593102395885362,554795.4737079734,0.1075292893686681,0.5533735615653276,0.2593023005990635,554778.4882027643,0.10755651003704762
21.1282,0.2422,0.2438,0.2353,0.24043333333333336,0.2878,0.2876,0.2782,0.28453333333333336,0.5536010779128129,0.2569840853689096,550316.1444326821,0.10699317862721121,0.5535847410084767,0.25697590692912503,550298.630789986,0.10701800964676933
21.1472,0.2441,0.245,0.237,0.24203333333333332,0.2853,0.2854,0.276,0.28223333333333334,0.5540009347841115,0.2547227952271568,545964.2552814649,0.10637897861738074,0.5539852021964714,0.25471448187073026,545946.4367134557,0.10640265898136043
21.1663,0.2461,0.2463,0.2388,0.24373333333333336,0.2831,0.2833,0.2738,0.2800666666666667,0.5545294590085961,0.2525264096585401,541745.4555627004,0.105717158467066,0.55451417154816,0.25251753493762324,541726.4166046261,0.10574007399800082
21.1854,0.2482,0.2475,0.2406,0.24543333333333336,0.2812,0.2814,0.2718,0.27813333333333334,0.5551451340207342,0.2505050628102464,537894.0017962576,0.10504819182856172,0.5551302498424616,0.25049563265562935,537873.7530094761,0.1050705511034065
21.2045,0.2502,0.2487,0.2425,0.24713333333333334,0.2796,0.2797,0.2698,0.27636666666666665,0.5558239120487023,0.2486099110489969,534305.9370776044,0.10437472358525583,0.5558095793245917,0.24859920970484561,534282.9380278456,0.10439647180464955
21.2235,0.252,0.2497,0.2443,0.24866666666666667,0.2782,0.278,0.2679,0.2747,0.5564172613027978,0.2468471227481479,530992.7612386184,0.10377001234670356,0.5564036973534984,0.24683517142129632,530967.0527435195,0.10379100120569362
21.2426,0.2537,0.2507,0.246,0.2501333333333333,0.2769,0.2763,0.266,0.2730666666666666,0.556977034603951,0.24513278798006086,527779.6022844019,0.10319316433712537,0.5569640057066602,0.24511950476729205,527751.0030553475,0.10321385111056806
21.2617,0.2552,0.2515,0.2478,0.2515,0.2755,0.2745,0.2641,0.2713666666666667,0.5574447722398259,0.24340228860368462,524524.9715923258,0.10266085983803684,0.5574332045138705,0.243387888186912,524493.939105976,0.10268019347164903
21.2807,0.2566,0.2522,0.2495,0.25276666666666664,0.2742,0.2726,0.2622,0.26966666666666667,0.5578422956232688,0.24170510983339136,521333.0605106642,0.10217092943187707,0.5578320184249005,0.24168964463975814,521299.70367872226,0.10218932237640195
21.2998,0.258,0.253,0.2514,0.2541333333333333,0.2727,0.2704,0.2603,0.2678,0.558266259381223,0.2398497092559623,517795.47091704555,0.10164315214776327,0.5582576605769505,0.23983388765760275,517761.3147281609,0.10166008584247095
21.3189,0.2593,0.2539,0.2533,0.2555,0.2712,0.2682,0.2583,0.26589999999999997,0.5586854258275616,0.23796933632744346,514196.7382038732,0.10111618966617703,0.5586785395856322,0.2379528236068824,514161.05803103076,0.10113182943664371
21.3379,0.2608,0.2549,0.2554,0.2570333333333334,0.2696,0.2659,0.2564,0.2639666666666667,0.5592265132309342,0.23601050774720772,510418.6566769368,0.1005200870837126,0.5592212374967424,0.23599408994560434,510383.14998564584,0.10053465826092951
21.357,0.2623,0.256,0.2576,0.2586333333333333,0.2681,0.2635,0.2545,0.26203333333333334,0.5598250234169458,0.23403145837782288,506591.6324548863,0.09989639576080565,0.5598212687717435,0.23401495959724009,506555.91869124566,0.09991017667174713
21.3761,0.264,0.2574,0.2599,0.26043333333333335,0.2666,0.2611,0.2529,0.26020000000000004,0.5606142750668233,0.23206686983575747,502788.27619800426,0.09918760737490959,0.5606113416881142,0.23205092559159388,502753.7319347754,0.09920096581209155
21.3951,0.2656,0.2588,0.2622,0.2622,0.2653,0.2588,0.2514,0.2585,0.561426663201125,0.23021706746709605,499223.89427127235,0.09849106294340323,0.5614245838805315,0.23020128731943326,499189.6751455791,0.09850418190268495
21.4142,0.2672,0.2603,0.2646,0.26403333333333334,0.2641,0.2566,0.2501,0.2569333333333333,0.562337356576051,0.22845124045976958,495836.96495802427,0.09776572675369391,0.5623361224926963,0.22843575522566284,495803.3553726016,0.09777865539520499
21.4333,0.2688,0.2619,0.2668,0.2658333333333333,0.263,0.2545,0.2491,0.25553333333333333,0.5632793154424128,0.22682648406202474,492749.6555040146,0.09705283565495877,0.5632781462946181,0.22681119492676724,492716.4419391954,0.09706591269754017
21.4523,0.2702,0.2635,0.2689,0.26753333333333335,0.262,0.2524,0.2481,0.25416666666666665,0.564159553425342,0.22526133353895406,489783.3733150705,0.0963824619476164,0.5641588038266223,0.22524559948754774,489749.1629308353,0.0963954869961096
21.4714,0.2715,0.265,0.2708,0.26909999999999995,0.261,0.2503,0.2473,0.2528666666666667,0.5649622208909723,0.2237907751317282,487019.1840229485,0.09576713652766447,0.5649614415156959,0.22377454491380425,486983.86340937455,0.09578038629445217
21.4905,0.2726,0.2666,0.2724,0.27053333333333335,0.26,0.2482,0.2464,0.25153333333333333,0.5656565250540854,0.22233751595925008,484286.98162613506,0.09520808626888222,0.5656562960895992,0.22231992424620298,484248.6640368768,0.09522087608810152
21.5096,0.2736,0.2683,0.274,0.2719666666666667,0.2589,0.2462,0.2454,0.25016666666666665,0.5663445716286957,0.22086083207899077,481498.0844383987,0.09465076116180639,0.5663457821707012,0.22084210958284087,481457.26757672516,0.09466240576109358
21.5286,0.2746,0.2699,0.2755,0.2733333333333334,0.2576,0.244,0.2443,0.24863333333333335,0.5669358497265414,0.21927818945764352,478470.04194092617,0.09412408059962707,0.5669382696079398,0.21925831138753513,478426.66753573786,0.09413494655201
21.5477,0.2756,0.2717,0.277,0.27476666666666666,0.2563,0.2419,0.243,0.24706666666666666,0.5675729227295411,0.21765191464603964,475342.819472331,0.09357189912367822,0.5675775376890941,0.21763081443465607,475296.7374794993,0.09358135277339835
21.5668,0.2766,0.2736,0.2786,0.27626666666666666,0.2548,0.2398,0.2417,0.24543333333333336,0.5682464225487932,0.21595677825165624,472058.7763116942,0.09299493371917476,0.5682534988589488,0.2159353398728241,472011.91427309765,0.09300276406391379
21.5858,0.2777,0.2757,0.2803,0.2779,0.2533,0.2377,0.2404,0.24380000000000002,0.5690275907953469,0.21422511310851677,468686.08002946706,0.09236588260792206,0.5690375151659394,0.21420352538017565,468638.84995626914,0.09237201551218172
21.6049,0.279,0.2778,0.2822,0.2796666666666667,0.2518,0.2358,0.2392,0.24226666666666666,0.5699454190774088,0.21253497138272678,465399.7941658351,0.09168416316111326,0.5699575981316949,0.2125138815116404,465353.6124875977,0.0916891711071377
21.624,0.2803,0.28,0.284,0.28143333333333337,0.2503,0.234,0.238,0.24076666666666668,0.5708776075116782,0.2108741554219583,462171.23755217454,0.09100422739581258,0.5708922038251051,0.21085386260970362,462126.76195423125,0.09100794792598481
21.643,0.2816,0.2822,0.2859,0.2832333333333334,0.2489,0.2324,0.2369,0.23939999999999997,0.5718777845227148,0.20931045625404177,459147.1673437578,0.09031199310916983,0.5718947364658973,0.20929149740679498,459105.57887672534,0.09031469434214544
21.6621,0.2829,0.2844,0.2878,0.2850333333333333,0.2476,0.2308,0.236,0.2381333333333333,0.5729099151552105,0.2078279036843158,456297.3419171191,0.08962139243500628,0.5729291508345072,0.2078102008043159,456258.47429181455,0.08962340153103053
21.6812,0.2841,0.2866,0.2895,0.28673333333333334,0.2462,0.2294,0.2352,0.23693333333333333,0.5738868416229475,0.20642861636563037,453624.75095168734,0.08897182209318676,0.573907942106673,0.20641303932089525,453590.52055687614,0.08897311216296538
21.7002,0.2853,0.2886,0.2912,0.2883666666666667,0.2449,0.228,0.2345,0.2358,0.5748337320800023,0.20510278611066501,451106.22683129914,0.08834997100774436,0.5748562814305102,0.20508887977505816,451075.64102257555,0.08835111445987687
21.7193,0.2864,0.2907,0.2927,0.2899333333333333,0.2435,0.2266,0.2337,0.2346,0.5757136629413596,0.20374711866434858,448518.97954261256,0.08775668456474303,0.575737957741933,0.20373540118192887,448493.18524774275,0.08775753352631799
21.7384,0.2875,0.2927,0.294,0.29140000000000005,0.2419,0.2252,0.2329,0.2333333333333333,0.5765012515177522,0.20237018802564413,445879.6345350232,0.08720421984786876,0.576526502383569,0.2023607890375598,445858.92586536723,0.08720495612540274
21.7574,0.2888,0.2948,0.2954,0.293,0.2403,0.2237,0.2319,0.23196666666666665,0.5773680886657474,0.20088282606917496,442989.396676981,0.0866033190973075,0.5773944380232144,0.20087539770954344,442973.01556259784,0.08660404869909949
21.7765,0.2901,0.297,0.2967,0.2946,0.2386,0.2223,0.2308,0.23056666666666667,0.5782296753504531,0.19937291053673867,440045.672148855,0.08600463777792253,0.5782568732996132,0.19936814913972511,440035.1630373435,0.08600546902224293
21.7956,0.2917,0.2993,0.2981,0.29636666666666667,0.2369,0.221,0.2297,0.2292,0.579232665745229,0.19784795778490488,437062.883120614,0.08534494844812211,0.5792600308162433,0.19784558406838548,437057.639379929,0.08534599132532943
21.8147,0.2934,0.3016,0.2997,0.29823333333333335,0.2352,0.2198,0.2286,0.22786666666666666,0.5803253314201958,0.1963266587975938,434082.26841052936,0.08465036607405665,0.5803522670667243,0.19632667816259977,434082.3112269546,0.08465194670219957
21.8337,0.2952,0.3041,0.3013,0.30019999999999997,0.2337,0.2187,0.2275,0.22663333333333335,0.5815246649434561,0.1948613248892631,431217.6368858442,0.08392142420799457,0.5815515735708942,0.19486391616129228,431223.37123154657,0.08392365667804823
21.8528,0.2971,0.3065,0.303,0.30219999999999997,0.2324,0.2179,0.2265,0.22560000000000002,0.5828039702636224,0.19354706857775292,428683.94088874396,0.08318346363080073,0.582830119907079,0.1935518646008555,428694.5635145441,0.08318642543940119
21.8719,0.2991,0.3088,0.3046,0.30416666666666664,0.2312,0.2172,0.2256,0.22466666666666668,0.5840848060089034,0.19232366974398069,426346.5709158143,0.08246191141732541,0.5841099020421496,0.1923300501876456,426360.71519811236,0.0824654383054532
21.8909,0.301,0.3111,0.3063,0.3061333333333333,0.2303,0.2167,0.2248,0.22393333333333332,0.5854174118751472,0.19125954301227024,424355.91134096973,0.08174448009648737,0.5854416900189378,0.1912676780105184,424373.96081730427,0.08174882716310856
21.91,0.3028,0.3132,0.3078,0.30793333333333334,0.2295,0.2163,0.2241,0.22329999999999997,0.5866469281387574,0.1903189033209969,422637.3061781748,0.08109194472203994,0.5866702329071529,0.19032845668108714,422658.5211300426,0.08109704945123918
21.9291,0.3045,0.3151,0.3093,0.3096333333333333,0.2289,0.216,0.2234,0.22276666666666664,0.5878244029636924,0.1894840240925027,421150.1239382279,0.08047932435768913,0.5878468279346807,0.18949456420377433,421173.5505526332,0.08048504063801863
21.9481,0.306,0.3169,0.3107,0.3112,0.2283,0.2158,0.2228,0.22230000000000003,0.5889155741190601,0.18873673050040446,419852.63506928517,0.07991798465840806,0.5889368747767406,0.18874853095118582,419878.88565835933,0.07992459006423679
21.9672,0.3072,0.3185,0.3119,0.31253333333333333,0.2278,0.2157,0.2222,0.2219,0.5898433984141351,0.188100774372151,418802.0636890653,0.07944269042740221,0.5898635743847745,0.1881140263651716,418831.56894784764,0.07945042469731298
21.9863,0.3083,0.3199,0.313,0.31373333333333336,0.2273,0.2155,0.2216,0.22146666666666667,0.5906604311488552,0.18747376240855196,417768.96134048904,0.07901671498328165,0.5906796970557009,0.18748805893253528,417800.8198997805,0.0790253597292127
22.0053,0.3092,0.3211,0.3141,0.31479999999999997,0.2267,0.2152,0.2209,0.22093333333333334,0.591350759986669,0.1868039649922104,416636.1115318074,0.07863922257323104,0.5913691323941204,0.18681922494702305,416670.1463995124,0.0786487434732337
22.0244,0.3099,0.3222,0.315,0.31570000000000004,0.2259,0.2148,0.22,0.2202333333333333,0.5918731029869466,0.18604776279062507,415309.689365889,0.07832109251478825,0.5918902973452956,0.18606427187410865,415346.5421730952,0.07833184039987472
22.0435,0.3106,0.3231,0.3159,0.31653333333333333,0.2248,0.2143,0.2191,0.2194,0.5923129653236959,0.18520614341110953,413789.49942610937,0.07802669740845761,0.5923284003395798,0.18522334526697815,413827.93199210305,0.07803833536015446
22.0625,0.3113,0.324,0.3168,0.31736666666666663,0.2236,0.2136,0.218,0.2184,0.5927141129083691,0.18423721929645,411979.511606088,0.07773235974459919,0.5927280636989419,0.18425503274274177,412019.3448978155,0.07774485692051691
22.0816,0.3121,0.325,0.3178,0.3183,0.2223,0.2127,0.2167,0.2172333333333333,0.5931541699710684,0.18311709192226452,409829.24571811344,0.07740310299222541,0.5931668999159139,0.18313546022212238,409870.3552966724,0.07741642333441462
22.1007,0.3131,0.326,0.3189,0.3193333333333333,0.2208,0.2117,0.2154,0.21596666666666667,0.5936497222821325,0.18189738709591133,407451.58869911404,0.07703931045683653,0.5936609739644496,0.18191574130648627,407492.7022762659,0.0770530148808943
22.1198,0.3141,0.327,0.3201,0.3204,0.2193,0.2107,0.2141,0.2147,0.5941734310869443,0.18067115489095584,405054.57527652703,0.07666468300494017,0.5941832580197453,0.18068945039882012,405095.5927769239,0.07667874426842121
22.1388,0.3153,0.3281,0.3214,0.3216,0.2178,0.2096,0.2128,0.2134,0.5947946256465808,0.1793896504764314,402526.97180963407,0.0762446858237224,0.5948033243711479,0.17940762040985214,402567.293995804,0.07625878266195003
22.1579,0.3166,0.3293,0.3228,0.32289999999999996,0.2164,0.2085,0.2115,0.2121333333333333,0.5955032485790542,0.17811265836039525,400006.37161268265,0.07579156190774919,0.5955111071336892,0.17813030225384954,400045.99636404373,0.07580562199590508
22.177,0.3179,0.3305,0.3243,0.3242333333333334,0.215,0.2075,0.2103,0.21093333333333333,0.5962553736727436,0.17688170425538563,397584.3087642175,0.07532876280693887,0.5962621752214913,0.17689899312282598,397623.16966528987,0.07534284126545467
22.196,0.3193,0.3317,0.3258,0.3256,0.2137,0.2064,0.2092,0.20976666666666666,0.5970430536901704,0.17567130659183836,395201.94482079474,0.0748563532525211,0.5970493311850945,0.1756880753721184,395239.66899275844,0.07487006995451234
22.2151,0.3206,0.3329,0.3274,0.3269666666666667,0.2124,0.2053,0.2082,0.20863333333333334,0.5978403909577441,0.17448915838481688,392880.2938604733,0.07438583848918408,0.5978460924594086,0.17450568643929257,392917.5084757507,0.07439949106699155
22.2342,0.322,0.3341,0.3288,0.3283,0.2112,0.2042,0.2073,0.20756666666666668,0.5986289319627884,0.1733683886494558,390692.3846875514,0.07392871250169707,0.5986343233451503,0.1733844145073609,390728.4995796051,0.07394196922357264
22.2532,0.3233,0.3353,0.3302,0.32959999999999995,0.21,0.203,0.2064,0.2064666666666667,0.5993861680118038,0.17223175782611716,388462.616248561,0.07348426350015452,0.5993914291280923,0.17224755956060508,388498.25649980106,0.07349734857468919
22.2723,0.3246,0.3364,0.3315,0.33083333333333337,0.2088,0.2017,0.2056,0.20536666666666667,0.6000938989607447,0.1711121101400339,386268.54197248555,0.07306368430211035,0.6000992972324437,0.1711274455483893,386303.1601290914,0.07307630943124922
22.2914,0.3259,0.3377,0.3327,0.3321,0.2075,0.2003,0.2047,0.2041666666666667,0.6008073691107907,0.16991025506963928,383884.3985812405,0.07263268848544069,0.6008128753509078,0.16992553512483896,383918.9213638602,0.07264528940048554
22.3104,0.3271,0.3391,0.3338,0.3333333333333333,0.2062,0.1988,0.2037,0.2029,0.6014829260801686,0.1686664668291486,381399.07009105524,0.07221368519885317,0.6014887539590165,0.16868221577118214,381434.682575027,0.0722266648892903
22.3295,0.3284,0.3406,0.3349,0.33463333333333334,0.2048,0.1973,0.2026,0.20156666666666667,0.602197984973677,0.16735913411888734,378766.8343791575,0.0717734552450698,0.6022039588281632,0.1673753521971704,378803.53909923945,0.07178685251932837
22.3486,0.3298,0.3424,0.3361,0.3361,0.2033,0.1959,0.2013,0.2001666666666667,0.603030002797393,0.1659674193142253,375938.40027812205,0.07127936713224595,0.6030355248919403,0.16598459532935247,375977.30624940706,0.07129380768429165
22.3676,0.3313,0.3443,0.3373,0.3376333333333333,0.2019,0.1945,0.2,0.1988,0.603923294665215,0.16459043868328074,373136.3130078667,0.07076570502203397,0.6039285695869437,0.16460871602499125,373177.7488285133,0.07078120651241375
22.3867,0.333,0.3464,0.3388,0.3394,0.2005,0.1933,0.1987,0.1975,0.60501293723455,0.16321965022992033,370344.62659648416,0.07017901789817634,0.6050173474543737,0.16323890172855518,370388.30815727246,0.07019577254802845
22.4058,0.3348,0.3485,0.3404,0.34123333333333333,0.1992,0.1924,0.1974,0.19633333333333333,0.6061836243766803,0.16194212895079174,367759.43617762014,0.06957522500196066,0.606186604859828,0.16196192009282287,367804.38049990265,0.06959312359888943
22.4249,0.3366,0.3506,0.3421,0.3431,0.198,0.1916,0.1962,0.19526666666666667,0.6074019325609182,0.1607392536959724,365338.96001266316,0.06896530576413488,0.6074034417287112,0.1607594620209392,365384.8908494515,0.0689843633574987
22.4439,0.3385,0.3526,0.3438,0.34496666666666664,0.197,0.1911,0.1952,0.19443333333333335,0.6086684019487733,0.1597202456303106,363330.4694085031,0.06836157191162338,0.6086683694278859,0.15974020949202372,363375.8830579676,0.06838127140297091
22.463,0.3404,0.3545,0.3455,0.3468,0.1962,0.1907,0.1943,0.19373333333333334,0.6099360874549469,0.15881445393870353,361577.42559853825,0.06777379016572554,0.6099348632143083,0.1588339448931542,361621.80121396837,0.0677937627516952
22.4821,0.3421,0.3562,0.3472,0.34850000000000003,0.1956,0.1904,0.1936,0.1932,0.6111342680175028,0.15806673763094137,360181.0755703634,0.06723358169998268,0.6111321837131959,0.1580857538220536,360224.40709140763,0.06725366087654584
22.5011,0.3437,0.3577,0.3487,0.35003333333333336,0.195,0.1901,0.193,0.1927,0.612210700394392,0.15738045731303033,358920.3463968122,0.06674911833421751,0.6122079296708282,0.1573988123459409,358962.206707062,0.06676902884075288
22.5202,0.3451,0.359,0.3501,0.3514,0.1945,0.1898,0.1923,0.1922,0.6131590949012453,0.15672930695984819,357738.74726373464,0.06631905292308812,0.6131558630133928,0.1567470435505888,357779.2314965522,0.06633870838745237
22.5393,0.3463,0.3602,0.3514,0.35263333333333335,0.1939,0.1894,0.1917,0.19166666666666665,0.6139987824180501,0.15608065696143963,356560.3390073221,0.06593184542147124,0.6139950735304553,0.15609803656638177,356600.0420554168,0.06595150251468745
22.5583,0.3475,0.3613,0.3525,0.3537666666666666,0.1932,0.1889,0.1909,0.19099999999999998,0.6147362483233471,0.15535117745288318,355193.03636195516,0.06557540508627588,0.6147321177360124,0.15536800519470245,355231.5111055,0.06559487383553919
22.5774,0.3485,0.3623,0.3537,0.35483333333333333,0.1925,0.1883,0.1901,0.1903,0.6154167640746738,0.15461067288777108,353799.2624086229,0.06524029068784015,0.6154124050137487,0.1546272349054911,353837.1616657951,0.0652596768893921
22.5965,0.3496,0.3633,0.3549,0.3559333333333334,0.1916,0.1875,0.1891,0.1894,0.6160851191474642,0.15371252617015885,352041.5799653354,0.06489370099394409,0.6160806345284833,0.15372864116142979,352078.4874778818,0.06491275399797068
22.6155,0.3507,0.3644,0.3561,0.3570666666666667,0.1906,0.1866,0.1882,0.18846666666666667,0.6167736310005462,0.15278430950503766,350209.94539052044,0.06453778254004221,0.6167689153144083,0.15280024861470945,350246.48078309983,0.06455680007839483
22.6346,0.3518,0.3655,0.3573,0.3582,0.1896,0.1856,0.1871,0.18743333333333334,0.6174444390517402,0.1517815381260782,348205.23739753256,0.06418183295249959,0.617439666307977,0.15179738066822313,348241.5821086,0.06420078248024072
22.6537,0.353,0.3666,0.3586,0.3594,0.1885,0.1846,0.1861,0.18639999999999998,0.6181674934755684,0.15076819953115747,346172.3839977356,0.06380709484441738,0.6181626221354036,0.1507836657210805,346207.895251791,0.06382570897709108
22.6727,0.3542,0.3679,0.3599,0.36066666666666664,0.1874,0.1835,0.1851,0.18533333333333335,0.6189365833229993,0.14971916212990682,344052.0541317283,0.06341339300148993,0.6189315314220498,0.14973477660816917,344087.93593365623,0.06343222597068099
22.6918,0.3555,0.3692,0.3613,0.36199999999999993,0.1862,0.1824,0.1841,0.18423333333333336,0.6197518011058377,0.1486347704069608,341847.87870095146,0.06300099468642656,0.6197465162785624,0.1486502124654749,341883.39417913585,0.06301978836807005
22.7109,0.3568,0.3706,0.3626,0.36333333333333334,0.1852,0.1814,0.183,0.18320000000000003,0.6205805298136463,0.1476037284436019,339762.30816533696,0.06259128838654049,0.6205750238814453,0.14761927127337857,339798.0854981728,0.06261033425993011
22.73,0.3582,0.3721,0.3639,0.3647333333333333,0.1841,0.1803,0.182,0.18213333333333334,0.621455268064366,0.14653776602507548,337592.29628802236,0.06216329182066731,0.6214495320130967,0.1465534587507804,337628.44903860305,0.0621826103391655
22.749,0.3595,0.3736,0.3653,0.36613333333333337,0.183,0.1792,0.1809,0.1810333333333333,0.622325300422516,0.14544911898200522,335364.3785463074,0.061736815160604065,0.622319220503574,0.1454651107705611,335401.2510709981,0.06175665168302086
22.7681,0.3609,0.3751,0.3667,0.36756666666666665,0.1819,0.1781,0.1797,0.17989999999999998,0.6232161559523897,0.14433194508980554,333067.9010270384,0.06130213522264454,0.623209837653345,0.14434802352257253,333105.0044544894,0.06132222239581384
22.7872,0.3623,0.3768,0.3682,0.36910000000000004,0.1808,0.177,0.1786,0.1788,0.6241903213128847,0.14322554667615056,330791.9850084412,0.0608410757447004,0.6241834948613941,0.1432421068283606,330830.23213507974,0.06086198632758716
22.8062,0.3637,0.3785,0.3698,0.3706666666666667,0.1797,0.1759,0.1774,0.17766666666666667,0.6251852377857283,0.14209122027250987,328445.78892393404,0.060372358988835154,0.6251779039474544,0.1421082231062375,328485.0912054325,0.060394070721475505
22.8253,0.3652,0.3803,0.3715,0.37233333333333335,0.1786,0.1749,0.1763,0.1766,0.6262687749575018,0.14099377700252097,326181.9799387395,0.05987859899342101,0.6262607376222343,0.1410110786883205,326222.00651473703,0.059901151413360006
22.8444,0.3668,0.3822,0.3732,0.3740666666666666,0.1775,0.174,0.1752,0.17556666666666665,0.6274094208771187,0.1399139547675458,323954.72141801886,0.059369354446364646,0.6274004475744231,0.13993137551075208,323995.05715166073,0.05939282946519864
22.8634,0.3684,0.3842,0.3751,0.37589999999999996,0.1764,0.1731,0.1742,0.17456666666666668,0.6286321141029505,0.13884644353221678,321750.40336759924,0.058835652210784725,0.6286220790626998,0.1388641642215929,321791.46771760826,0.05886030603629117
22.8825,0.3701,0.3863,0.3769,0.37776666666666664,0.1755,0.1725,0.1733,0.17376666666666665,0.6299135421758596,0.13792898154438657,319891.3715385733,0.05829941286244282,0.629902187522414,0.13794676998207467,319932.62731865566,0.05832536880094164
22.9016,0.3717,0.3883,0.3788,0.3796,0.1745,0.1719,0.1725,0.17296666666666663,0.631169314455625,0.13702081415019993,318050.36198075284,0.057776252789152244,0.6311564955930412,0.13703849215428152,318091.39586040186,0.05780350243289884
22.9206,0.3733,0.3903,0.3806,0.3814,0.1736,0.1715,0.1717,0.17226666666666668,0.6324157730027903,0.13619731988081407,316401.16152691585,0.057267581164303666,0.6324012731178682,0.13621460590859422,316441.3188462567,0.05729622809369098
22.9397,0.3749,0.3922,0.3824,0.38316666666666666,0.1727,0.1712,0.171,0.17163333333333333,0.6336471684655351,0.13543288905477732,314887.48661236034,0.05677269248572299,0.6336310273755924,0.13544935655826804,314925.7742899043,0.05680243925809108
22.9588,0.3765,0.3939,0.3841,0.38483333333333336,0.1718,0.1709,0.1703,0.171,0.6348023931439425,0.13468758297609743,313415.35492633027,0.056308370637611224,0.6347850487691744,0.13470282958446234,313450.83348394133,0.056338541976223365
22.9778,0.3782,0.3956,0.3859,0.38656666666666667,0.1709,0.1706,0.1696,0.17036666666666667,0.6360071773256315,0.13393454723502285,311920.9783799151,0.05582912810259346,0.6359889148660153,0.13394837005704188,311953.17043384863,0.055859349675441906
22.9969,0.3799,0.3973,0.3878,0.38833333333333336,0.1699,0.1703,0.1688,0.16966666666666666,0.6372257890917905,0.133129158903381,310303.0257777049,0.055343098743907006,0.6372065588702993,0.1331413123112413,310331.3534503472,0.05537339398512786
23.016,0.3818,0.3989,0.3897,0.3901333333333333,0.169,0.17,0.1681,0.16903333333333334,0.6384791614012517,0.13237184825449966,308794.10946743324,0.05485275656754223,0.6384598337956836,0.13238212402508404,308818.0805569703,0.05488205582561684
23.0351,0.3837,0.4006,0.3918,0.3920333333333333,0.1681,0.1696,0.1674,0.16836666666666666,0.6398014635191626,0.13157727534771732,307195.26433932484,0.05433900953928882,0.6397820524235502,0.1315860981732877,307215.863110854,0.05436759216684687
23.0541,0.3857,0.4023,0.3939,0.39396666666666663,0.1674,0.1692,0.1668,0.16780000000000003,0.6411629673690531,0.13085596684455295,305763.2097766805,0.05382224381280958,0.6411439717667492,0.13086368353831282,305781.2409074709,0.0538497169090906
23.0732,0.3878,0.404,0.3961,0.39596666666666663,0.1667,0.1689,0.1664,0.16733333333333333,0.642588045970401,0.13020265034703207,304488.70051109855,0.05329409401726402,0.6425695579084268,0.13020901608812893,304503.5872759164,0.053320213945852485
23.0923,0.3899,0.4058,0.3983,0.39799999999999996,0.1662,0.1686,0.1662,0.167,0.6440561808290068,0.1296470750308174,303440.426095538,0.052764213542079295,0.6440381790536623,0.1296526696715947,303453.5204147187,0.052789254658047735
23.1113,0.392,0.4077,0.4005,0.40006666666666674,0.1659,0.1684,0.1661,0.16679999999999998,0.6455667399519204,0.12918881168848836,302616.6393897117,0.052232895878287375,0.6455491211581394,0.12919395311407988,302628.68285472895,0.05225715032003276
23.1304,0.3941,0.4095,0.4027,0.40209999999999996,0.1657,0.1683,0.1663,0.16676666666666665,0.6470745104846495,0.12886202745164604,302100.62847238866,0.05171786003084636,0.6470574250302765,0.12886663618927605,302111.43307140056,0.05174107791120699
23.1495,0.3962,0.4113,0.4047,0.40406666666666663,0.1656,0.1683,0.1665,0.16679999999999998,0.64853970709859,0.12859659799877396,301727.30958945135,0.051225362132851296,0.6485231843332974,0.1286006448030574,301736.8046413258,0.051247544766888115
23.1685,0.3982,0.4132,0.4066,0.40599999999999997,0.1657,0.1683,0.1669,0.16696666666666662,0.6499968756328403,0.12843651479409582,301599.040017495,0.05074803021301212,0.6499806911340842,0.12844056188804287,301608.54354265094,0.050769672682367685
23.1876,0.4,0.415,0.4084,0.40779999999999994,0.1659,0.1685,0.1673,0.16723333333333334,0.6513671168671468,0.1283710284130311,301693.7726709888,0.05030959966706699,0.6513510025977215,0.12837499561582955,301703.09627300414,0.05033104874781982
23.2067,0.4018,0.4168,0.41,0.4095333333333333,0.1663,0.1688,0.1678,0.16763333333333333,0.6527048178939165,0.12841435265809442,302044.18591843004,0.04989374392177921,0.6526889043524885,0.12841844077498052,302053.80160321324,0.04991492120702107
23.2257,0.4034,0.4185,0.4116,0.4111666666666667,0.1667,0.1692,0.1684,0.1681,0.6539758846462842,0.12852155862820547,302543.8445449754,0.04950685119591751,0.6539598654425082,0.1285256679827962,302553.5180966328,0.049528117032247056
23.2448,0.4049,0.4202,0.413,0.4127,0.1671,0.1696,0.169,0.16856666666666667,0.6551710360922507,0.12864325296801718,303079.35391616944,0.04914702766566092,0.6551547414394429,0.12864747991815337,303089.3124743274,0.04916864188163028
23.2639,0.4062,0.4218,0.4142,0.41406666666666664,0.1676,0.1702,0.1696,0.16913333333333333,0.6562561651159854,0.12886228147162704,303844.8390334364,0.04883172740341601,0.6562393009436395,0.1288665622738684,303854.93275250687,0.04885401782999572
23.2829,0.4074,0.4233,0.4154,0.41536666666666666,0.1681,0.1709,0.1701,0.1697,0.6572906746572107,0.12909052763338055,304631.6159750854,0.04853442430700581,0.657273111675745,0.12909467122095244,304641.39413465373,0.04855745604449636
23.302,0.4085,0.4246,0.4165,0.41653333333333337,0.1685,0.1716,0.1707,0.17026666666666668,0.6582260484101049,0.12933753311490245,305464.8878156909,0.04827053663161271,0.658207898552635,0.12934122177607568,305473.59956737136,0.04829409445705848
23.3211,0.4095,0.4259,0.4175,0.4176333333333333,0.169,0.1724,0.1712,0.1708666666666667,0.6591161985236283,0.12961801503998494,306378.24430520623,0.048024611667523635,0.6590972304092386,0.12962134146406304,306386.1069774478,0.04804899114532016
23.3402,0.4104,0.427,0.4185,0.41863333333333336,0.1693,0.1733,0.1718,0.17146666666666666,0.6599322289097846,0.12991232974780723,307325.41009181365,0.047803479602107866,0.6599124098789821,0.1299145190226022,307330.5891212058,0.047828534210024226
23.3592,0.4113,0.4279,0.4194,0.4195333333333333,0.1697,0.1742,0.1723,0.17206666666666667,0.6606744308084032,0.13022046763344944,308305.1229261753,0.04760680337211571,0.6606542896934409,0.13022156282712952,308307.71586588974,0.04763192557923293
23.3783,0.4121,0.4288,0.4203,0.42040000000000005,0.1701,0.1751,0.1728,0.17266666666666666,0.6613915836218524,0.1305328574950449,309297.42056464,0.04741884000646079,0.6613709234924205,0.13053291305973255,309297.55222508864,0.04744433057114178
23.3974,0.4128,0.4295,0.421,0.42110000000000003,0.1704,0.1759,0.1734,0.17323333333333335,0.6619820728198514,0.13084442951408765,310288.9882373784,0.04726951492817469,0.6619611447436612,0.13084336066074354,310286.4535217322,0.047295108913774954
23.4164,0.4134,0.43,0.4218,0.4217333333333333,0.1708,0.1768,0.174,0.1738666666666667,0.6625332639062391,0.13121353759776813,311416.98671670834,0.04713763663029982,0.6625123113741024,0.13121127691686668,311411.6213066513,0.04716306244826688
23.4355,0.4139,0.4304,0.4224,0.4222333333333334,0.1712,0.1777,0.1746,0.1745,0.66298735752347,0.13160130281505597,312592.05667358765,0.047036893507687416,0.6629664047988318,0.13159786016507982,312583.8793606475,0.047062176421443745
23.4546,0.4143,0.4307,0.4228,0.42260000000000003,0.1716,0.1785,0.1753,0.17513333333333334,0.6633446022131734,0.13200780766815698,313813.1764197565,0.046967054752712276,0.6633237219410825,0.13200340792166562,313802.7172018793,0.046992169136377916
23.4736,0.4146,0.4309,0.4232,0.4229,0.1719,0.1792,0.1759,0.17566666666666664,0.6636390608978457,0.13235106025028498,314884.04084344266,0.046910431686444286,0.6636182556643315,0.13234569499147564,314871.2760467659,0.04693540793320333
23.4927,0.4148,0.431,0.4234,0.4230666666666667,0.1721,0.1799,0.1766,0.1762,0.6638369453346855,0.13271331253728696,316002.8122887762,0.04688442467811972,0.6638162050065123,0.13270671924002322,315987.11303119786,0.04690932279450687
23.5118,0.4149,0.4309,0.4234,0.4230666666666667,0.1723,0.1806,0.1771,0.17666666666666667,0.663904587299017,0.13305124715691827,317065.0365662391,0.046895038816967716,0.66388417572767,0.13304341747464668,317046.3782030235,0.046919589631416014
23.5308,0.4148,0.4308,0.4233,0.42296666666666666,0.1724,0.1812,0.1776,0.17706666666666668,0.6638902924926654,0.1333553665936627,318046.56958500616,0.046927002138323015,0.6638697574673996,0.13334632812256264,318025.01323672343,0.04695179614451575
23.5499,0.4147,0.4305,0.423,0.42273333333333335,0.1723,0.1817,0.178,0.17733333333333334,0.6637601871386782,0.13358238168650766,318846.5889458325,0.046986424857991975,0.6637400506625634,0.13357182510836105,318821.3915441206,0.04701095600456478
23.569,0.4144,0.4301,0.4227,0.42240000000000005,0.1722,0.1821,0.1782,0.1775,0.6635431467633168,0.13375166397680657,319509.57357943844,0.0470665115076126,0.6635231714582955,0.133739850221036,319481.3525617972,0.04709105360621572
23.588,0.4142,0.4296,0.4223,0.4220333333333333,0.1718,0.1824,0.1783,0.1775,0.6632775952751889,0.133805213129773,319895.16697653953,0.04715055033727792,0.6632583504787883,0.13379160639772944,319862.63664593984,0.04717464571555521
23.6071,0.4139,0.429,0.4218,0.42156666666666665,0.1713,0.1826,0.1783,0.1774,0.6629248603991544,0.13380098605231477,320144.0828141463,0.0472554339119603,0.6629064224086881,0.1337855888184258,320107.2420294354,0.047279112982068855
23.6262,0.4136,0.4282,0.4212,0.42100000000000004,0.1707,0.1827,0.1781,0.17716666666666667,0.6624799116830917,0.13371474632080407,320196.5927839349,0.047380572635307774,0.662462851483546,0.13369762368573793,320155.590504392,0.047403319539436654
23.6453,0.4133,0.4273,0.4206,0.42040000000000005,0.1699,0.1826,0.1778,0.17676666666666666,0.6619860683825624,0.13351237670194663,319970.45658203826,0.04751002455795196,0.6619707400980527,0.13349357344443516,319925.3934422771,0.04753162884541607
23.6643,0.4131,0.4264,0.42,0.41983333333333334,0.169,0.1823,0.1773,0.1762,0.6614916981805083,0.1331838332095881,319439.5594286847,0.04762846216895186,0.6614784065777051,0.13316373998164566,319391.3661027625,0.047648654594659674
23.6834,0.4129,0.4254,0.4193,0.4192,0.168,0.1817,0.1767,0.17546666666666666,0.6609242111000561,0.13274340969792614,318640.1842022918,0.04775913220582773,0.6609131889769818,0.13272266104209637,318590.3786749923,0.04777764110553944
23.7025,0.4127,0.4244,0.4187,0.4186,0.1668,0.1809,0.1759,0.17453333333333335,0.6603515040924098,0.13215184053621018,317475.99784453353,0.04787820441202638,0.6603427577772369,0.1321305119039741,317424.75883965596,0.04789512670248803
23.7215,0.4127,0.4235,0.418,0.41806666666666664,0.1655,0.1799,0.1749,0.17343333333333333,0.6598030131992061,0.1314281155616447,315990.4476188344,0.047978648357834074,0.65979676702913,0.13140673176405224,315939.0349074511,0.047993778007134974
23.7406,0.4127,0.4227,0.4174,0.4176,0.164,0.1786,0.1737,0.1721,0.6592695336040164,0.13052324673581087,314067.56289214536,0.04805898715994248,0.6592654715765632,0.13050205065965725,314016.56048340263,0.04807260533710559
23.7597,0.4128,0.4221,0.417,0.4173,0.1625,0.1772,0.1723,0.17066666666666666,0.6588439696127442,0.12951979113277856,311903.76247978024,0.04809859214116268,0.6588416818429933,0.12949902600402144,311853.75682635023,0.04811092308392123
23.7787,0.4131,0.4215,0.4166,0.4170666666666667,0.1608,0.1756,0.1707,0.16903333333333334,0.6584395998076691,0.12835902745119526,309355.64916329854,0.04811870531530637,0.658439494465472,0.12833902820786516,309307.44936756924,0.04812948271102226
23.7978,0.4135,0.4212,0.4164,0.41703333333333337,0.1591,0.1739,0.169,0.16733333333333333,0.6581737467706238,0.1271194226101893,306614.1882028906,0.0480907394095208,0.65817520781009,0.12710028844121504,306568.03626507893,0.04810037432567351
23.8169,0.4141,0.4209,0.4164,0.4171333333333333,0.1572,0.1721,0.1672,0.1655,0.6579889157165179,0.12576199693256118,303583.51387867477,0.048028929292631674,0.6579924055591501,0.12574379515561718,303539.5756498117,0.048037245945139105
23.8359,0.4149,0.4208,0.4165,0.4174,0.1553,0.1702,0.1653,0.1636,0.6579196531333051,0.1243312912305205,300369.28741696844,0.047926832299425015,0.6579249345637156,0.12431438003288424,300328.4320189982,0.04793394987915061
23.855,0.416,0.4209,0.4169,0.4179333333333333,0.1534,0.1682,0.1634,0.16166666666666665,0.6580445855177901,0.122838687700361,297001.13882613706,0.04776166406805915,0.6580515969449271,0.1228234500290536,296964.29696616536,0.04776757238664026
23.8741,0.4173,0.4212,0.4175,0.4186666666666667,0.1516,0.166,0.1613,0.15963333333333332,0.6583062630465993,0.12124549187376732,293383.80302389775,0.04754802469979051,0.6583143263125545,0.12123246556535355,293352.28261152835,0.047552803696041125
23.8931,0.4189,0.4219,0.4183,0.4197,0.1499,0.1638,0.1593,0.15766666666666665,0.658801143991273,0.11966180394850309,289782.11109628284,0.047266245122307066,0.6588097901408729,0.11965105809400411,289756.08811902953,0.047270210729423064
23.9122,0.4207,0.4228,0.4195,0.421,0.1483,0.1616,0.1573,0.1557333333333333,0.6595000708657166,0.11806923169007723,286153.9842350924,0.04692418252504829,0.6595089620719805,0.11806070306363138,286133.3141553214,0.04692740789249423
23.9313,0.4227,0.424,0.4209,0.42253333333333337,0.147,0.1596,0.1555,0.15403333333333333,0.6604041754058683,0.1166205023148652,282868.5891102127,0.04653445013699331,0.660412849629982,0.11661406459716724,282852.9741189705,0.04653715767069721
23.9504,0.4248,0.4255,0.4226,0.42429999999999995,0.146,0.1578,0.1539,0.15256666666666666,0.6615118522538725,0.11531665392452799,279929.2810810742,0.04609800457485782,0.6615198527256183,0.11531190289964399,279917.74804629636,0.04610032981232986
23.9694,0.427,0.4272,0.4244,0.42619999999999997,0.1453,0.1562,0.1526,0.15136666666666668,0.6627523015525522,0.11419550434761049,277427.61950458237,0.04563945210372365,0.6627593849252129,0.11419225790811009,277419.7325742903,0.0456415174437817
23.9885,0.4292,0.4291,0.4262,0.42816666666666664,0.145,0.155,0.1517,0.15056666666666665,0.6640917133998849,0.11336285608491124,275624.23218470643,0.04517726395214758,0.6640977107994928,0.11336074484338236,275619.09902782016,0.04517923449108233
24.0076,0.4313,0.4309,0.428,0.43006666666666665,0.145,0.1541,0.1511,0.15006666666666665,0.6654184678842399,0.1127611224436087,274379.50123200886,0.044739749012614585,0.6654234536282392,0.11275994765185154,274376.64263350086,0.04474160995383112
24.0266,0.4331,0.4326,0.4296,0.43176666666666663,0.1453,0.1535,0.1508,0.14986666666666668,0.6666345651429941,0.11240541257751922,273730.42249690986,0.04435624659113944,0.6666384999518052,0.11240483371591914,273729.01284921827,0.044358044695468536
24.0457,0.4347,0.4341,0.4309,0.43323333333333336,0.1458,0.1531,0.1506,0.14983333333333335,0.667699364618167,0.11220119508352207,273450.31795069075,0.04403048459705318,0.6677022439404673,0.11220112414234669,273450.1450569266,0.04403232124604083
24.0648,0.4359,0.4354,0.432,0.4344333333333333,0.1465,0.1529,0.1506,0.15,0.6685931156564822,0.11217584842517944,273605.70273986185,0.043769500478090015,0.6685950044099161,0.1121759809290261,273606.0259271486,0.04377133014387254
24.0838,0.4367,0.4365,0.4329,0.4353666666666667,0.1473,0.1527,0.1505,0.15016666666666667,0.669291971520235,0.1121832272435429,273839.7357242033,0.043568279797975576,0.6692928477783516,0.11218329355521482,273839.897591277,0.0435700466415227
24.1029,0.4371,0.4373,0.4336,0.436,0.1479,0.1525,0.1503,0.15023333333333333,0.6697601432697551,0.11215457865251373,273986.9214271055,0.04343128002768617,0.669760336413138,0.11215441046992236,273986.5105671032,0.043432927437597045
24.122,0.4373,0.438,0.4341,0.4364666666666666,0.1483,0.1522,0.15,0.15016666666666667,0.6700908544008201,0.11204948230560641,273947.0909257695,0.043328191468392105,0.6700904867248219,0.11204909306070532,273946.1392702498,0.043329816459497884
24.141,0.4373,0.4387,0.4346,0.4368666666666667,0.1485,0.1517,0.1496,0.14993333333333334,0.6703528801607167,0.11183164701059159,273629.8690550756,0.04323634724046474,0.6703520556919429,0.11183107758871173,273628.4757926262,0.04323796176309281
24.1601,0.4372,0.4393,0.4352,0.43723333333333336,0.1485,0.1512,0.1491,0.14959999999999998,0.6705786469671303,0.11154545456868159,273145.5507375252,0.04314981542320446,0.6705775858147683,0.11154471525067448,273143.7403417094,0.04315137948066602
24.1792,0.4371,0.4401,0.4358,0.43766666666666665,0.1483,0.1506,0.1485,0.14913333333333334,0.6708368166090928,0.11115470233667554,272403.88244961185,0.0430462097942099,0.670835406479326,0.11115389070037247,272401.89339403936,0.04304798804942692
24.1982,0.4371,0.4409,0.4364,0.4381333333333333,0.1479,0.1501,0.1481,0.14870000000000003,0.6711233256860658,0.11078440750661529,271709.75243269675,0.04293626164442305,0.6711215882159092,0.11078361597699836,271707.8111277685,0.04293836374812943
24.2173,0.437,0.4417,0.4371,0.43860000000000005,0.1475,0.1497,0.1477,0.14830000000000002,0.6714139403094349,0.11043857678294028,271075.3633402183,0.04282720373991045,0.6714117957995457,0.11043776823342072,271073.3787270407,0.04282975299654037
24.2364,0.437,0.4425,0.4376,0.43903333333333333,0.147,0.1494,0.1473,0.1479,0.6716804898776536,0.11009698973610203,270450.05974790384,0.0427255279397852,0.6716777920584217,0.11009606467486206,270447.7873618175,0.04272872391669987
24.2555,0.4369,0.4431,0.438,0.43933333333333335,0.1465,0.1492,0.1471,0.14759999999999998,0.6718623533597842,0.10984392804708888,270041.0649631474,0.04265476456328439,0.6718591171322482,0.10984284488410835,270038.40210785816,0.042658596508344714
24.2745,0.4367,0.4436,0.4382,0.4395,0.146,0.1491,0.1468,0.14730000000000001,0.6719476470494374,0.10960675332877734,269669.066865452,0.0426127465538715,0.6719437461533815,0.10960533312152758,269665.57268327643,0.04261737277777133
24.2936,0.4364,0.4439,0.4382,0.4395,0.1453,0.149,0.1464,0.1469,0.6719004106615502,0.1093167958145485,269167.2983927482,0.0426045360459829,0.6718958539268041,0.1093147680941635,269162.30560080026,0.042609981013325894
24.3127,0.4361,0.4439,0.4381,0.4393666666666667,0.1446,0.1489,0.146,0.1465,0.6717565982906918,0.10904247191078914,268702.9316887694,0.042625032975902775,0.6717517155478264,0.10903975264154438,268696.23085371574,0.042630956948360894
24.3317,0.4356,0.4437,0.4378,0.43903333333333333,0.1436,0.1486,0.1453,0.14583333333333334,0.6714364181636994,0.10859802163559332,267816.84669657325,0.04268324596914645,0.6714312238903833,0.10859440169227251,267807.9194454982,0.042689708848205755
24.3508,0.4351,0.4433,0.4374,0.43860000000000005,0.1423,0.1481,0.1444,0.14493333333333333,0.6710163939017751,0.10799537436826694,266539.70549287,0.042758550664923796,0.6710111948013396,0.10799068912979047,266528.14201535087,0.0427653287311136
24.3699,0.4346,0.4428,0.437,0.4381333333333333,0.1408,0.1473,0.1432,0.14376666666666668,0.6705412679396993,0.10720195276601178,264789.01803808974,0.04283609244473348,0.6705362618084009,0.10719628110136942,264775.0090161219,0.042843024007983614
24.3889,0.4342,0.4423,0.4367,0.43773333333333336,0.1389,0.1461,0.1418,0.14226666666666668,0.6700765969603651,0.10615701795289055,262412.45772050123,0.04289304580791802,0.6700720120902067,0.10615041953972716,262396.14692119043,0.04289997339556062
24.408,0.4341,0.4419,0.4365,0.4375,0.1369,0.1446,0.1401,0.14053333333333332,0.6697077698531071,0.10492138486324991,259561.1767298226,0.04290973535466337,0.6697038475977015,0.10491418582726934,259543.3672980001,0.04291637309988581
24.4271,0.4343,0.4418,0.4366,0.43756666666666666,0.1346,0.1428,0.1382,0.13853333333333331,0.6695295032414057,0.10345573470821623,256135.6355918071,0.042856495082017554,0.6695263040311495,0.1034479932069939,256116.46918849836,0.042862844361272696
24.4461,0.4348,0.442,0.437,0.43793333333333334,0.1323,0.141,0.1362,0.13649999999999998,0.6695694858776657,0.10193116836938666,252557.40800797805,0.042737885300859174,0.6695670583326075,0.10192289577515656,252536.910794126,0.042743957212746986
24.4652,0.4356,0.4425,0.4376,0.4385666666666667,0.13,0.1392,0.1343,0.13449999999999998,0.6698112507217967,0.10040141894829417,248961.4739752394,0.04256260032148938,0.6698096234450391,0.10039268909820831,248939.82690722262,0.042568431500627564
24.4843,0.4366,0.4431,0.4384,0.4393666666666666,0.1279,0.1375,0.1325,0.13263333333333335,0.6701925821253567,0.09895165723314796,245558.11437473528,0.0423544793337043,0.6701918627462718,0.09894271233517626,245535.91674469426,0.04235992261532146
24.5033,0.4378,0.4439,0.4393,0.4403333333333334,0.1259,0.136,0.1309,0.13093333333333335,0.6707163893422239,0.09760707760678142,242409.375524394,0.042114388358585206,0.6707166640309623,0.09759786716491081,242386.50118457255,0.042119529836055186
24.5224,0.4391,0.4446,0.4402,0.44129999999999997,0.124,0.1346,0.1294,0.12933333333333333,0.6712532009435578,0.09633721906393428,239442.1498679205,0.041877195493674704,0.6712547573673125,0.09632800003149035,239419.2363463395,0.041881863803774594
24.5415,0.4405,0.4452,0.4409,0.4422,0.1223,0.1332,0.1279,0.1278,0.6717504678579082,0.09512460810599159,236612.4049559252,0.04165650777205804,0.6717532697006666,0.09511593521238054,236590.83205006944,0.041660610881224615
24.5606,0.4418,0.4457,0.4416,0.44303333333333333,0.1206,0.1318,0.1264,0.12626666666666667,0.6722011280618169,0.09392030256683453,233798.64005129717,0.04145094673639219,0.6722051464118376,0.09391226521072782,233778.63241848504,0.04145456547836994
24.5796,0.4432,0.4461,0.4422,0.4438333333333333,0.1189,0.1302,0.1247,0.1246,0.672616108983947,0.09262341351608464,230748.6234442365,0.041250919155742145,0.672621179248439,0.092616540193438,230731.50023878555,0.04125404398289042
24.5987,0.4446,0.4466,0.4429,0.44470000000000004,0.1173,0.1284,0.1229,0.12286666666666667,0.6730755394274671,0.09127256858210878,227560.01517440614,0.041036428888443395,0.673081067011201,0.0912670352841023,227546.219601455,0.041039176705228934
24.6178,0.4461,0.4472,0.4438,0.4457,0.1156,0.1264,0.1208,0.12093333333333334,0.6736153535042824,0.08976438311880343,223973.59207445776,0.04079128006787734,0.6736210920285336,0.08976016471920621,223963.0666290888,0.040793722879028056
24.6368,0.4477,0.4481,0.4448,0.4468666666666666,0.1139,0.1242,0.1187,0.11893333333333334,0.6742735294998188,0.08819368411329964,220224.33549501369,0.04051123292437619,0.6742789440680252,0.08819066555677639,220216.79799829636,0.0405135604408512
24.6559,0.4494,0.4492,0.4461,0.4482333333333333,0.1122,0.122,0.1164,0.11686666666666667,0.6750745731226734,0.08655833838184712,216308.35589871404,0.040189876430505055,0.67507958868498,0.08655617346661937,216302.9457988631,0.04019210731584303
24.675,0.4514,0.4506,0.4477,0.44989999999999997,0.1106,0.1197,0.1142,0.11483333333333334,0.6761005553523559,0.08492326505595538,212386.72592458827,0.03980891697855906,0.6761049023348423,0.08492198819533268,212383.53259179616,0.03981107684423372
24.694,0.4535,0.4524,0.4496,0.45183333333333336,0.109,0.1176,0.1121,0.1129,0.6773323883025398,0.08334165171322915,208591.7235612934,0.039377613569902874,0.6773362138054736,0.08334074775166943,208589.4610803382,0.03937974627370991
24.7131,0.4558,0.4543,0.4517,0.4539333333333333,0.1077,0.1156,0.1102,0.11116666666666668,0.6787048818926879,0.08189617434064933,205132.44989904243,0.03891928891786548,0.6787080405064511,0.08189572290621133,205131.31915205726,0.03892136053279623
24.7322,0.4582,0.4565,0.454,0.4562333333333333,0.1065,0.1138,0.1085,0.10959999999999999,0.680237649610841,0.08056008077669723,201941.77457956757,0.038427511681025366,0.6802402365569095,0.08055981100228231,201941.09832994663,0.03842952946133864
24.7512,0.4607,0.4588,0.4565,0.4586666666666666,0.1056,0.1122,0.1069,0.10823333333333333,0.6818835908020291,0.07936349751871107,199095.10556933325,0.037917262768261115,0.6818856383271301,0.07936327440343403,199094.5458515659,0.037919171488346774
24.7703,0.4632,0.4612,0.459,0.46113333333333334,0.1049,0.1109,0.1056,0.10713333333333334,0.6835744504916091,0.07836259331831806,196735.88895694286,0.03741011939545788,0.6835760659579861,0.078362302741099,196735.15943836665,0.037411956324731564
24.7894,0.4658,0.4636,0.4616,0.46366666666666667,0.1044,0.1097,0.1045,0.1062,0.6853247780182602,0.07748151198260796,194673.85445064626,0.036898089331327176,0.6853259644032391,0.07748123525979506,194673.15917902312,0.03689984474162902
24.8084,0.4684,0.4661,0.4643,0.46626666666666666,0.1042,0.1087,0.1037,0.10553333333333333,0.6871416215245421,0.07679154487774247,193088.17861813217,0.03638316903518847,0.6871423999584216,0.07679120362628028,193087.32055982132,0.03638478682718448
24.8275,0.4709,0.4687,0.467,0.4688666666666667,0.1043,0.108,0.1031,0.10513333333333334,0.6889759572387791,0.07629680849436167,191991.8917313677,0.035878452994173596,0.6889764637984325,0.07629619814714379,191990.3558648055,0.03587990681806213
24.8466,0.4732,0.4714,0.4698,0.4714666666666667,0.1046,0.1075,0.1028,0.10496666666666667,0.6908244462383216,0.07597202678497515,191321.68919093654,0.03538336321568462,0.6908248637156085,0.07597114396058575,191319.46595877354,0.03538450783217952
24.8657,0.4755,0.474,0.4725,0.474,0.1052,0.1073,0.1027,0.10506666666666668,0.6926416448700401,0.07584489572986934,191148.35891832723,0.03491083290636101,0.6926420621014039,0.07584377618967386,191145.53739330499,0.03491178078440376
24.8847,0.4775,0.4766,0.475,0.47636666666666666,0.1059,0.1074,0.103,0.10543333333333332,0.6943563641978239,0.07592162956203226,191487.95276456056,0.03447885159486934,0.6943568149148982,0.07592036200283626,191484.75575315746,0.03447960257667731
24.9038,0.4792,0.479,0.4774,0.4785333333333333,0.1069,0.1079,0.1036,0.10613333333333334,0.6959507797273168,0.0762506030777908,192465.2944080114,0.03409365997222384,0.6959513934726083,0.07624931575041748,192462.04504562076,0.034094233224889185
24.9229,0.4806,0.4811,0.4795,0.4804,0.108,0.1086,0.1045,0.10703333333333333,0.6973446523821808,0.07674349618061846,193857.97897683675,0.03377009583371275,0.6973453427630619,0.07674235091640196,193855.08598111128,0.03377056784174906
24.9419,0.4816,0.4829,0.4812,0.4819,0.1092,0.1096,0.1055,0.10809999999999999,0.6984896968138077,0.07738124162253422,195617.97240798158,0.033518220701078634,0.6984904462662355,0.07738022645968691,195615.40610000186,0.03351872782988342
24.961,0.4824,0.4843,0.4825,0.4830666666666667,0.1102,0.1106,0.1066,0.10913333333333335,0.6993952766300251,0.07801978150265941,197383.22271758644,0.03332731160648252,0.6993959185418009,0.07801892027126918,197381.0438775021,0.03332789473320385
24.9801,0.4828,0.4853,0.4835,0.48386666666666667,0.1112,0.1116,0.1076,0.11013333333333335,0.700038873093985,0.0786622983139303,199161.0142783551,0.03320228332769171,0.7000394442300625,0.07866162385486386,199159.3066502456,0.03320299818737949
24.9991,0.483,0.4861,0.4842,0.4844333333333333,0.1119,0.1124,0.1084,0.1109,0.7004993176653141,0.0791578215733438,200568.04124991,0.03311518813713936,0.7004997071779405,0.07915727257363314,200566.65020864047,0.03311610298285484
25.0182,0.4831,0.4866,0.4847,0.48480000000000006,0.1125,0.113,0.109,0.1115,0.7008055444440049,0.07955131126171404,201719.05649275647,0.03306087897795564,0.7008058237606257,0.07955090229469346,201718.01947098746,0.033061956164145805
25.0373,0.4831,0.4871,0.4852,0.48513333333333336,0.1128,0.1134,0.1094,0.11186666666666667,0.7010696373403136,0.07978284945491401,202460.6196824058,0.03300846851478819,0.7010697087941993,0.07978258952200297,202459.96006472348,0.033009786009251495
25.0563,0.483,0.4876,0.4856,0.4854,0.1131,0.1136,0.1096,0.11210000000000002,0.7012760668644474,0.07992572775313912,202977.11019302573,0.03296555131527169,0.7012759096103016,0.07992568944909283,202977.01291715668,0.03296721835106219
25.0754,0.4828,0.488,0.4861,0.48563333333333336,0.1133,0.1139,0.1099,0.11236666666666667,0.701461679337908,0.08009465803800347,203561.17384750445,0.03292917598839779,0.7014611869176139,0.08009488249523873,203561.74430725057,0.03293125915889005
25.0945,0.4825,0.4885,0.4865,0.48583333333333334,0.1133,0.1141,0.1102,0.11253333333333333,0.7016157823237048,0.0801958394953934,203973.57625113075,0.032896931200278784,0.7016146419930592,0.08019623704932409,203974.58740703994,0.03289963753053494
25.1136,0.482,0.4888,0.4868,0.48586666666666667,0.1133,0.1144,0.1106,0.11276666666666668,0.7016580079399922,0.08035728616405305,204539.76822152492,0.03289525774057485,0.7016560797870085,0.08035780525250726,204541.0894985015,0.0328987182728644
25.1326,0.4813,0.4889,0.4868,0.48566666666666664,0.1129,0.1147,0.1109,0.11283333333333334,0.7015226949759694,0.08042030153935252,204855.0346541193,0.0329316865889968,0.7015197780464596,0.08042045792367963,204855.43301269462,0.03293602274268619
25.1517,0.4805,0.4887,0.4865,0.48523333333333335,0.1122,0.1148,0.1111,0.11269999999999998,0.7012070257223771,0.08036143097960086,204860.6429193025,0.03300572717588266,0.7012031940697391,0.08036088590907174,204859.25340324148,0.0330108151412345
25.1708,0.4797,0.4884,0.4859,0.48466666666666663,0.1111,0.1148,0.111,0.1123,0.7007758267297212,0.08012548072902664,204414.26166658464,0.03309874511016038,0.7007712852845454,0.08012364788428812,204409.58575574378,0.033104517496659665
25.1898,0.4791,0.4879,0.4852,0.4840666666666667,0.1096,0.1144,0.1105,0.1115,0.7002888122112467,0.07961001093814794,203252.51512986532,0.033190864870376285,0.700284158899966,0.07960675130023816,203244.1929402843,0.0331968785249192
25.2089,0.4787,0.4873,0.4844,0.48346666666666666,0.1077,0.1137,0.1096,0.11033333333333332,0.6997725670525594,0.0788351376777008,201426.79912394832,0.03327695683722709,0.699768408976321,0.07883032495741496,201414.50243910938,0.03328287333514709
25.228,0.4786,0.4868,0.4838,0.4830666666666667,0.1055,0.1126,0.1082,0.10876666666666668,0.6993664400432469,0.07776085642595376,198832.5044931071,0.033320957807949865,0.6993632205556476,0.07775475432660951,198816.90158245192,0.03332657739435911
25.247,0.479,0.4865,0.4834,0.4829666666666667,0.1032,0.1111,0.1065,0.10693333333333332,0.6991529598676558,0.07647348968784666,195688.00882393998,0.033307352063708655,0.699151046549847,0.07646671274906225,195670.66731563353,0.033312313577380404
25.2661,0.4798,0.4865,0.4833,0.4832,0.1008,0.1094,0.1044,0.10486666666666666,0.699159651988168,0.07499479294068406,192049.3521986272,0.03323085105219452,0.6991591651202785,0.07498769505942592,192031.1756900436,0.033235142497501376
25.2852,0.4811,0.4868,0.4837,0.48386666666666667,0.0985,0.1075,0.1022,0.10273333333333334,0.6994709285327966,0.07343645685806116,188200.8729999939,0.033076728943953075,0.6994718239278347,0.07342967370834329,188183.48933589555,0.033080236666776335
25.3042,0.4827,0.4874,0.4844,0.4848333333333333,0.0964,0.1055,0.0999,0.10060000000000001,0.6999977256151847,0.07185737633046513,184292.428576767,0.03287037223518129,0.6999996534542698,0.07185128731514784,184276.81209481662,0.032873192392425005
25.3233,0.4846,0.4884,0.4855,0.48616666666666664,0.0945,0.1035,0.0976,0.09853333333333335,0.7007916664811931,0.07030144481318382,180438.02968764148,0.032601736757674055,0.7007942512265325,0.07029614363721713,180424.4235128467,0.03260404073188732
25.3424,0.4866,0.4897,0.4871,0.4878,0.0929,0.1016,0.0954,0.09663333333333333,0.7018117410184022,0.06884562318172988,176834.74579369082,0.03228510575972429,0.7018146489451397,0.06884107388937415,176823.0606215609,0.03228701611813381
25.3614,0.4888,0.4913,0.4889,0.48966666666666664,0.0916,0.0999,0.0934,0.09496666666666666,0.7030139814970704,0.06754251634116502,173617.69489467354,0.03193407199152921,0.7030170242470012,0.06753860957445268,173607.65257069995,0.03193569900342613
25.3805,0.491,0.4932,0.491,0.49173333333333336,0.0905,0.0983,0.0916,0.09346666666666666,0.7043687718174925,0.06634782120273004,170675.17807927085,0.03155420447732153,0.704371729567847,0.06634435504292019,170666.2616230546,0.031555646998044244
25.3996,0.4933,0.4952,0.4934,0.49396666666666667,0.0897,0.097,0.09,0.09223333333333333,0.7058577949115682,0.06533421745727742,168194.23135241112,0.031153521769598926,0.7058608027720591,0.06533120809126731,168186.484140879,0.03115478467364574
25.4187,0.4955,0.4974,0.4959,0.49626666666666663,0.0891,0.096,0.0888,0.09129999999999999,0.7074114239405254,0.06453104721678601,166251.5005814783,0.030750077609881705,0.7074144075838419,0.06452829135430611,166244.40064598306,0.030751270533780153
25.4377,0.4977,0.4997,0.4985,0.4986333333333333,0.0886,0.0952,0.0879,0.09056666666666668,0.7090221197020391,0.06386730692176901,164664.49645531343,0.03034261431555546,0.7090250586973892,0.063864779706452,164657.98071732998,0.03034378295741928
25.4568,0.4999,0.5019,0.5011,0.5009666666666667,0.0884,0.0948,0.0873,0.09016666666666667,0.7106275400186617,0.06344157915994827,163689.68795167128,0.02994987226220573,0.7106305847493001,0.06343935352225287,163683.9454410863,0.0299510403166201
25.4759,0.5021,0.5041,0.5037,0.5033,0.0883,0.0946,0.087,0.08996666666666668,0.7122421303505189,0.06315736098227638,163078.62303817822,0.029564196559693428,0.7122452397937319,0.06315544171384557,163073.66729512517,0.029565388115709607
25.4949,0.5042,0.5062,0.5062,0.5055333333333333,0.0884,0.0947,0.087,0.09003333333333334,0.7138001676682864,0.06306620354786256,162964.69438902356,0.029202689454501694,0.7138033516936639,0.06306456772976245,162960.46739291845,0.029203940837677633
25.514,0.5062,0.5081,0.5085,0.5075999999999999,0.0888,0.095,0.0872,0.09033333333333333,0.7152535500473738,0.06314776999523472,163297.7102613842,0.02887501793614508,0.7152568037187746,0.06314649488112968,163294.41286523404,0.02887630958970071
25.5331,0.508,0.5098,0.5108,0.5095333333333333,0.0893,0.0954,0.0876,0.09076666666666666,0.7166198341860182,0.06332971984355218,163890.823891049,0.028573652710495445,0.7166230556940659,0.0633289607753919,163888.85950045186,0.02857504419271926
25.5521,0.5096,0.5114,0.5129,0.5113,0.09,0.0959,0.0882,0.09136666666666667,0.7178785509195956,0.06363657651397085,164807.48485516076,0.028303790586108338,0.7178815746039785,0.0636362739478621,164806.70126242025,0.028305309690978015
25.5712,0.5111,0.5128,0.5148,0.5129,0.0908,0.0964,0.0889,0.09203333333333334,0.7190242295143625,0.06399877052508622,165869.39682349563,0.02806329615346849,0.7190269805562952,0.06399896793588364,165869.90846472912,0.02806491335425598
25.5903,0.5123,0.514,0.5166,0.5143,0.0916,0.097,0.0898,0.0928,0.7200365716741205,0.06444117122011964,167140.74278919224,0.02785728742278889,0.720038888674126,0.06444184217069834,167142.48303034517,0.027859127158799152
25.6093,0.5132,0.5152,0.5182,0.5155333333333333,0.0925,0.0976,0.0907,0.0936,0.7209350737378951,0.06491569311138085,168496.51843583767,0.027679009478259107,0.7209368168007022,0.06491668163912814,168499.08427894607,0.027681159968106977
25.6284,0.5141,0.5162,0.5196,0.5166333333333334,0.0933,0.0982,0.0918,0.09443333333333333,0.721743134072016,0.06542031983078805,169932.98344684523,0.027522913434956917,0.7217442500882326,0.06542149071303884,169936.02487976177,0.027525289540039893
25.6475,0.5147,0.5171,0.5208,0.5175333333333333,0.094,0.0989,0.0929,0.09526666666666667,0.7224132769006789,0.06593640351917594,171401.18454908254,0.027398346800248215,0.7224137658531827,0.06593754828875208,171404.16036897738,0.027401070584272366
25.6665,0.5152,0.5178,0.5219,0.5183,0.0947,0.0995,0.0941,0.0961,0.7229916507017213,0.06645996527534365,172890.1638514853,0.027294771219735794,0.7229913592514935,0.0664610637836122,172893.02153089808,0.027297870042360534
25.6856,0.5156,0.5185,0.5227,0.5189333333333334,0.0953,0.1002,0.0954,0.09696666666666666,0.7234806217688997,0.06701400407213698,174461.1810761695,0.02721250710594836,0.7234796977042274,0.06701464549959733,174462.85093896696,0.027215869737076962
25.7047,0.5159,0.519,0.5232,0.5193666666666666,0.0959,0.1009,0.0966,0.0978,0.7238305385741243,0.06755724909911681,176006.22249842066,0.027160391213052817,0.7238292150212216,0.0675574210032034,176006.6703584108,0.02716388862626365
25.7238,0.5161,0.5194,0.5235,0.5196666666666666,0.0964,0.1015,0.0978,0.09856666666666668,0.7240850953990737,0.0680629026152946,177455.35766967767,0.027127587155072443,0.72408343886769,0.06806246272410228,177454.21077399925,0.02713114751024869
25.7428,0.5162,0.5197,0.5236,0.5198333333333333,0.0969,0.1022,0.0989,0.09933333333333333,0.7242486541382236,0.06857681596352372,178927.30678282666,0.02711508978047251,0.7242468828173118,0.06857577822063014,178924.59915433047,0.027118663507446586
25.7619,0.5161,0.5197,0.5234,0.5197333333333334,0.0972,0.1028,0.0998,0.09993333333333333,0.7242192234164346,0.06899384199021101,180148.95421867058,0.027140209523769766,0.7242175207425738,0.06899221888073587,180144.7161379072,0.027143746280124854
25.781,0.516,0.5197,0.5231,0.5196000000000001,0.0975,0.1033,0.1006,0.10046666666666666,0.7241628571034898,0.0693674535231714,181258.77318926546,0.027169313453177985,0.7241612917211024,0.06936532249697257,181253.2047681282,0.02717272873353377
25.8,0.5158,0.5195,0.5227,0.5193333333333333,0.0977,0.1037,0.1012,0.10086666666666666,0.7240066726169202,0.06965865818755819,182153.84206833396,0.0272164085461773,0.7240053012205268,0.06965616470191527,182147.32173042023,0.0272197111944045
25.8191,0.5154,0.5193,0.5222,0.5189666666666667,0.0978,0.104,0.1017,0.10116666666666667,0.7237755316782203,0.06988815056519768,182889.24753634937,0.02727704883317482,0.7237742520501064,0.06988520004257838,182881.5263581909,0.027280341574249606
25.8382,0.515,0.5189,0.5216,0.5185,0.0978,0.1043,0.102,0.10136666666666666,0.7234693060981241,0.07005595525079435,183463.99252981134,0.02735129629787592,0.7234683129859828,0.07005270236404222,183455.47380233617,0.02735450938913711
25.8572,0.5145,0.5185,0.521,0.5179999999999999,0.0976,0.1044,0.1021,0.10136666666666667,0.7231268809973719,0.07008912912133565,183685.842228278,0.027427387551544107,0.7231260900902129,0.070085520570328,183676.3851307313,0.027430612843605304
25.8763,0.5139,0.5179,0.5204,0.5174,0.0972,0.1044,0.1021,0.10123333333333333,0.7227069027570433,0.0700376134136396,183686.41655006114,0.027516672042231176,0.7227063507928962,0.07003360868028273,183675.91340634009,0.027519996034367528
25.8954,0.5134,0.5172,0.5196,0.5167333333333333,0.0966,0.1043,0.102,0.10096666666666666,0.7222321023419156,0.0698990437694967,183458.30806311205,0.02761418017590518,0.7222321484415853,0.06989467814418591,183446.84996311576,0.027617401445034755
25.9144,0.5129,0.5164,0.5189,0.5160666666666667,0.0959,0.1039,0.1017,0.10049999999999999,0.721743746474519,0.06962304868653835,182868.00205080715,0.02770866113837282,0.721744247460145,0.06961853590828672,182856.14904008523,0.027711806651688237
25.9335,0.5125,0.5156,0.5181,0.5154,0.095,0.1034,0.1012,0.09986666666666667,0.721244133728952,0.06923222109990655,181975.50098786433,0.027800722230052987,0.7212453395347862,0.06922765123731787,181963.4891959442,0.027803687966435443
25.9526,0.5122,0.5149,0.5174,0.5148333333333333,0.094,0.1026,0.1006,0.09906666666666668,0.7208021472373735,0.06871973609287968,180761.47714320972,0.02787495627679434,0.7208039247918848,0.06871520585271619,180749.56072806718,0.02787773078916729
25.9716,0.512,0.5142,0.5167,0.5143,0.093,0.1017,0.0998,0.09816666666666667,0.7203766151370512,0.06813565613036357,179356.31540200618,0.02794273135273375,0.7203789354913894,0.06813144303427605,179345.22509432284,0.027945244138194755
25.9907,0.5118,0.5136,0.5161,0.5138333333333333,0.0919,0.1006,0.0989,0.09713333333333334,0.7199885280151042,0.06745477848175932,177694.59680318946,0.027998336919544575,0.7199912177006419,0.06745083465496249,177684.20766948687,0.028000657847234395
26.0098,0.5116,0.5131,0.5155,0.5134,0.0909,0.0994,0.0979,0.09606666666666668,0.7196216372181052,0.06674803931552077,175962.0655434682,0.028048561852458073,0.7196244672559433,0.06674444921685535,175952.60127780362,0.02805065217526756
26.0289,0.5114,0.5127,0.5149,0.513,0.0897,0.0982,0.0968,0.0949,0.7192718361699343,0.06596949527826286,174037.3660116211,0.028092337845662202,0.7192749510628668,0.06596611137716481,174028.43877591216,0.028094258698443828
26.0479,0.5112,0.5123,0.5143,0.5126,0.0885,0.0969,0.0956,0.09366666666666668,0.7189184657895719,0.06514415133557223,171985.43616068814,0.0281354224023484,0.7189217495149635,0.06514104989285432,171977.24811974156,0.028137163482307794
26.067,0.5109,0.5119,0.5137,0.5121666666666668,0.0871,0.0954,0.0942,0.09223333333333333,0.718530435119952,0.06418192523601007,169569.33529118975,0.028181027447826835,0.7185338167169881,0.0641790108010258,169561.6353226828,0.028182639890913186
26.0861,0.5106,0.5115,0.5131,0.5117333333333334,0.0855,0.0938,0.0927,0.09066666666666667,0.7181352814367588,0.06312645333708683,166902.97201169244,0.028225104308740968,0.7181388569904819,0.06312367843666557,166895.6353231433,0.02822662744910866
26.1051,0.5104,0.5111,0.5125,0.5113333333333333,0.0836,0.0921,0.0908,0.08883333333333333,0.7177484796059506,0.06188333090033412,163735.39372656454,0.028260540656694057,0.7177523972038943,0.06188082712947998,163728.76906850815,0.028261982212937808
26.1242,0.5104,0.5109,0.5121,0.5111333333333333,0.0816,0.0901,0.0888,0.08683333333333333,0.7174921592315533,0.0605116949475333,160223.36305882846,0.028262743634565157,0.7174962579883979,0.060509500332568945,160217.55213929442,0.028264088204386698
26.1433,0.5106,0.5108,0.5119,0.5111,0.0793,0.0879,0.0864,0.08453333333333335,0.7173365756837505,0.05892166675925989,156127.3382296088,0.028235141864246648,0.7173408839680474,0.05891988147364582,156122.6076796051,0.02823642073224392
26.1623,0.5111,0.511,0.512,0.5113666666666666,0.0769,0.0855,0.0839,0.08209999999999999,0.7173848290092707,0.057221728617667084,151733.1312251674,0.028159340310231058,0.7173892468102417,0.057220368931123616,151729.5257853859,0.0281605577384012
26.1814,0.5119,0.5114,0.5125,0.5119333333333332,0.0744,0.083,0.0813,0.07956666666666666,0.7176395506874321,0.05543637233374991,147106.2736204831,0.02803608360214147,0.7176440369706768,0.0554354815150134,147103.9097388061,0.028037285117801135
26.2005,0.513,0.5122,0.5133,0.5128333333333334,0.072,0.0805,0.0786,0.07703333333333333,0.7181295253132146,0.053634706983907585,142429.19416668348,0.027861910003853563,0.7181339036305984,0.05363424760754576,142427.97427365687,0.027863066521946606
26.2195,0.5144,0.5133,0.5144,0.5140333333333332,0.0696,0.078,0.076,0.07453333333333334,0.7188331231822507,0.05184327970543189,137771.82110997866,0.027643038277065924,0.7188374065127086,0.05184321764732535,137771.65619258911,0.027644175658933966
26.2386,0.516,0.5146,0.5159,0.5155,0.0674,0.0756,0.0735,0.07216666666666667,0.7197315204997108,0.05013443527981203,133327.67681573398,0.027386539543254686,0.719735555787031,0.0501347091200836,133328.40506742414,0.027387664237207704
26.2577,0.5179,0.5163,0.5176,0.5172666666666667,0.0654,0.0733,0.0712,0.06996666666666666,0.7208480459486156,0.048530801366460034,129156.91715499062,0.027088361550385725,0.7208517677445526,0.04853133340246468,129158.33308318966,0.027089436343271114
26.2767,0.5199,0.5181,0.5196,0.5192,0.0635,0.0712,0.0691,0.06793333333333333,0.722089127957581,0.04703943786377308,125278.4788343647,0.02676968231675288,0.7220926122923143,0.04704015189068025,125280.38047708914,0.026770756748202073
26.2958,0.522,0.5201,0.5217,0.5212666666666667,0.0619,0.0693,0.0672,0.06613333333333332,0.7234334001793041,0.045707962417094836,121820.89196841305,0.026436761866681018,0.7234365628260081,0.045708773381367064,121823.05335093319,0.026437792173735708
26.3149,0.5242,0.5222,0.5239,0.5234333333333333,0.0604,0.0677,0.0655,0.06453333333333333,0.7248550799751089,0.04451464514503314,118726.6366833502,0.026094557928689407,0.7248580953591793,0.044515554574946416,118729.06225710355,0.026095587435217657
26.334,0.5265,0.5244,0.5262,0.5257,0.0591,0.0662,0.0641,0.06313333333333333,0.7263530103147537,0.04345912554693984,115995.55314693619,0.025743343032797912,0.7263558274546981,0.043460098991349554,115998.15134055701,0.025744361736531118
26.353,0.5288,0.5266,0.5285,0.5279666666666667,0.058,0.0649,0.0628,0.061900000000000004,0.7278563032397124,0.042522129522325286,113576.52937207144,0.025397662289347533,0.727858908594281,0.042523172964432886,113579.3164040125,0.025398666503930703
26.3721,0.5311,0.5288,0.5309,0.5302666666666668,0.057,0.0638,0.0618,0.06086666666666666,0.7293885084630352,0.041724448603477834,111526.69835105224,0.025052921985285522,0.7293909920520475,0.041725526779988,111529.5802457313,0.025053953642548366
26.3912,0.5335,0.531,0.5332,0.5325666666666667,0.0562,0.0629,0.0609,0.06,0.7309249395503021,0.0410438861457609,109787.05555811865,0.02471357028146566,0.7309272947018947,0.041045110391589715,109790.3302564342,0.024714631089864686
26.4102,0.5358,0.5332,0.5356,0.5348666666666667,0.0556,0.0621,0.0603,0.05933333333333333,0.7324664585984285,0.04050242344671143,108416.71032607614,0.024379846845095296,0.7324686255790692,0.04050364638670547,108419.98388651518,0.02438092455392892
26.4293,0.5382,0.5354,0.5379,0.5371666666666667,0.0551,0.0615,0.0598,0.0588,0.7340102074820234,0.04005393889664671,107293.74818391282,0.024050987481414026,0.7340122617782204,0.04005527559481087,107297.32883940324,0.024052104906221467
26.4484,0.5404,0.5376,0.5401,0.5393666666666667,0.0549,0.061,0.0594,0.05843333333333334,0.7354894098911539,0.03972411604266434,106487.14216156871,0.02374110573385587,0.7354912337258663,0.03972540205775217,106490.58954026765,0.023742165011403523
26.4674,0.5426,0.5397,0.5423,0.5415333333333333,0.0547,0.0606,0.0592,0.058166666666666665,0.7369469382716359,0.039464623330334056,105867.52702359545,0.02343991466718284,0.7369486065990455,0.03946590440135971,105870.96361591492,0.023440980903861045
26.4865,0.5448,0.5418,0.5444,0.5436666666666666,0.0547,0.0604,0.0591,0.058066666666666676,0.7383852191712951,0.03932003591014159,105555.77640611955,0.02314790211097224,0.738386737535952,0.0393213429053414,105559.28507262714,0.02314895492881826
26.5056,0.5468,0.5438,0.5464,0.5456666666666666,0.0548,0.0603,0.0592,0.058100000000000006,0.7397356697996106,0.039270784397715114,105499.58254953234,0.022878014570477473,0.7397370751492911,0.03927202409310749,105502.91294764866,0.02287903848854042
26.5246,0.5487,0.5456,0.5482,0.5475,0.055,0.0603,0.0593,0.0582,0.7409739132167815,0.03927263764748264,105580.19003774325,0.02263350963372531,0.7409751793815159,0.03927389647047124,105583.57424563763,0.0226345235349761
26.5437,0.5505,0.5474,0.55,0.5493,0.0552,0.0603,0.0595,0.05833333333333333,0.7421888885786536,0.039298172090022586,105724.9128687087,0.022395833258141717,0.7421900544481915,0.03929936171925724,105728.11335973644,0.022396820894084086
26.5628,0.5522,0.5492,0.5517,0.5510333333333333,0.0555,0.0604,0.0597,0.05853333333333333,0.7433595321165958,0.039370809685233266,105996.54860706147,0.02216956922185047,0.7433606141758314,0.039371904266648584,105999.49550739501,0.022170487391831528
26.5818,0.5538,0.5508,0.5533,0.5526333333333334,0.0558,0.0606,0.06,0.0588,0.744441405732828,0.03949269851676011,106400.75789640294,0.021963177047518365,0.7444424410139683,0.03949375740206717,106403.6107325835,0.02196408189201472
26.6009,0.5554,0.5523,0.5548,0.5541666666666666,0.0561,0.0607,0.0603,0.05903333333333333,0.7454759436338994,0.039594391903224314,106751.38872636242,0.021766628191433712,0.7454768798685004,0.039595446314133954,106754.23154888052,0.021767534554125407
26.62,0.5568,0.5538,0.5562,0.5556,0.0564,0.0609,0.0605,0.05926666666666667,0.7464422582256853,0.03969943154581365,107111.44168655695,0.021584343674907865,0.7464431610740769,0.03970042833955179,107114.13109570462,0.02158519425416308
26.6391,0.5583,0.5552,0.5576,0.5570333333333334,0.0568,0.0611,0.0608,0.059566666666666664,0.7474096970658459,0.03984873818235877,107591.4220272442,0.021403984134436674,0.7474104853691368,0.0398497437224758,107594.13698124354,0.021404831440891642
26.6581,0.5596,0.5566,0.559,0.5584000000000001,0.0572,0.0613,0.0612,0.0599,0.748332670055687,0.04002230718828703,108137.13006284182,0.021233656012453847,0.7483334025634938,0.04002318943576699,108139.51382622756,0.021234460076962544
26.6772,0.5609,0.5579,0.5603,0.5597,0.0576,0.0615,0.0615,0.0602,0.7492089744572318,0.040175706680243874,108629.37851098846,0.021072503171079372,0.749209617371258,0.04017653951469513,108631.63037651415,0.021073282202110025
26.6963,0.5622,0.5592,0.5615,0.5609666666666667,0.058,0.0618,0.0619,0.060566666666666664,0.7500644980445605,0.04037430569275391,109244.52143799853,0.02091723129250494,0.7500651240941331,0.04037512822771331,109246.7470474911,0.02091798959720809
26.7153,0.5634,0.5605,0.5627,0.5621999999999999,0.0585,0.0621,0.0623,0.06096666666666667,0.7508981431657155,0.04059582995480341,109922.09719700756,0.020767422746967832,0.7508987166658924,0.04059657533412393,109924.11547470283,0.02076812427919481
26.7344,0.5645,0.5617,0.5638,0.5633333333333334,0.059,0.0624,0.0627,0.06136666666666666,0.7516645844715583,0.04082051219016042,110609.49687150672,0.020630909862895088,0.75166510902895,0.04082118461306747,110611.3189054657,0.02063155752557672
26.7535,0.5656,0.5629,0.5649,0.5644666666666666,0.0595,0.0628,0.0632,0.06183333333333333,0.752432700086361,0.04108894611188267,111416.4031233765,0.020495880425497902,0.7524332269290661,0.04108956400201318,111418.07858849259,0.020496489925060448
26.7725,0.5666,0.564,0.5659,0.5655,0.06,0.0632,0.0637,0.0623,0.753133913381134,0.04136050634097005,112232.41279349703,0.020373886591764714,0.753134442980436,0.041361072721287785,112233.94967578503,0.020374459998131002
26.7916,0.5675,0.565,0.5669,0.5664666666666666,0.0605,0.0636,0.0642,0.06276666666666667,0.7537904609198454,0.04163402823516308,113055.21713934498,0.020260678548163692,0.7537909814941867,0.041634519997247016,113056.55249581987,0.02026122554491337
26.8107,0.5684,0.566,0.5677,0.5673666666666666,0.061,0.064,0.0647,0.06323333333333332,0.7544024634940928,0.041909548545521334,113884.51096499008,0.02015614324356682,0.7544029998747256,0.041910020604449594,113885.79373233207,0.020156650351494804
26.8297,0.5692,0.5669,0.5685,0.5681999999999999,0.0616,0.0645,0.0652,0.06376666666666665,0.7549724944795231,0.04223111910231087,114839.66904529408,0.020060910108036047,0.7549730081160559,0.04223155856382058,114840.86407908447,0.020061378570269503
26.8488,0.5699,0.5678,0.5692,0.5689666666666667,0.0621,0.065,0.0658,0.0643,0.7554982257554306,0.04255469953996623,115801.96632565773,0.01997416046518052,0.7554988079450776,0.042555092485568526,115803.03562878749,0.019974590018393457
26.8679,0.5706,0.5685,0.5699,0.5696666666666667,0.0627,0.0656,0.0663,0.06486666666666667,0.7559810018125348,0.04290231269776832,116830.96198583674,0.019896179689006577,0.7559815564158147,0.042902713297883956,116832.05289432021,0.019896600240514442
26.8869,0.5711,0.5692,0.5704,0.5702333333333334,0.0632,0.0661,0.0669,0.06540000000000001,0.7563745017438569,0.04323255202893349,117813.5195453143,0.019834137255890304,0.7563751198998196,0.043232908458074676,117814.49085442332,0.0198345244564509
26.906,0.5716,0.5698,0.5709,0.5707666666666666,0.0638,0.0667,0.0674,0.06596666666666667,0.7567472346010246,0.04358566747947585,118860.17480094876,0.019776690632447066,0.7567478417142289,0.043586013375811285,118861.11807660041,0.019777050415261652
26.9251,0.572,0.5703,0.5712,0.5711666666666667,0.0643,0.0673,0.068,0.06653333333333333,0.7570321661641564,0.0439435312705764,119921.15537127494,0.019735372453851915,0.7570328383262689,0.04394389421936765,119922.1458524022,0.019735725707948366
26.9442,0.5722,0.5706,0.5715,0.5714333333333333,0.0648,0.0679,0.0685,0.06706666666666666,0.7572281257408982,0.044284320924455015,120936.89341365121,0.019709706677844878,0.7572288233037135,0.04428465112689941,120937.79516978045,0.019710049418460367
26.9632,0.5724,0.5708,0.5716,0.5716,0.0653,0.0684,0.0689,0.06753333333333333,0.7573558062662468,0.044584944602373375,121843.73123497533,0.01969526363445964,0.7573564829574534,0.044585305258541895,121844.71685228757,0.0196955976081309
26.9823,0.5724,0.5708,0.5717,0.5716333333333333,0.0657,0.0689,0.0693,0.06796666666666666,0.7573945711200324,0.044868731080391716,122706.13578910296,0.019696361105534355,0.7573952625731412,0.04486907805751142,122707.08469540234,0.019696700740933947
27.0014,0.5724,0.5707,0.5716,0.5715666666666667,0.0659,0.0693,0.0696,0.06826666666666666,0.7573624321049385,0.04506869087560454,123340.22922784189,0.019707832219221105,0.7573631841721672,0.045069103449436605,123341.35832544893,0.019708205284281802
27.0204,0.5722,0.5705,0.5714,0.5713666666666667,0.0661,0.0695,0.0699,0.0685,0.7572400040291792,0.04523004571570473,123868.91288147456,0.019734431225939698,0.7572407822219507,0.04523045272875509,123870.02754459903,0.019734812077465174
27.0395,0.572,0.5701,0.5711,0.5710666666666667,0.0661,0.0696,0.0699,0.06853333333333333,0.7570439063806089,0.04526377714404148,124048.91612543272,0.019770634121565368,0.75704468557708,0.04526426905761296,124050.26425299123,0.019771054342427676
27.0586,0.5718,0.5698,0.5708,0.5708,0.066,0.0695,0.0699,0.06846666666666668,0.7568657662528654,0.045230389402889495,124044.97470908877,0.019801717979750756,0.7568665622632135,0.04523092602473161,124046.44640198622,0.019802164235418574
27.0776,0.5715,0.5694,0.5704,0.5704333333333333,0.0658,0.0692,0.0696,0.0682,0.756613883176823,0.0450692232302464,123689.76573052062,0.019842461725197096,0.7566146191300543,0.045069798887684344,123691.34558765012,0.01984291371125395
27.0967,0.5712,0.569,0.5701,0.5701,0.0653,0.0687,0.0692,0.06773333333333333,0.7563760916380495,0.044774903703425094,122968.70206816013,0.01987695120578083,0.7563768378727591,0.04477549840281627,122970.33533604468,0.01987743159057444
27.1158,0.571,0.5687,0.5698,0.5698333333333333,0.0648,0.068,0.0686,0.06713333333333334,0.7561770965621988,0.04438995417775894,121997.41941156817,0.019901983024569,0.7561777592952343,0.044390567700139986,121999.10556215393,0.019902466245127162
27.1348,0.5709,0.5684,0.5695,0.5696,0.064,0.0672,0.0679,0.06636666666666667,0.7559938181777609,0.043893656978992446,120717.96780553747,0.019921194744577434,0.7559944776413238,0.04389436547733946,120719.91634404009,0.01992173290214726
27.1539,0.5709,0.5683,0.5694,0.5695333333333333,0.0632,0.0662,0.067,0.06546666666666667,0.755915652522353,0.04330289130025083,119177.05096949541,0.019918969208162714,0.7559162260074649,0.043303611560135104,119179.033249347,0.019919515052454196
27.173,0.5709,0.5683,0.5693,0.5695,0.0622,0.0651,0.066,0.06443333333333333,0.7558549493590349,0.04262281631414345,117387.87927718049,0.019911387418130443,0.7558555058209859,0.04262354736849089,117389.8926804913,0.019911932646790198
27.192,0.5711,0.5685,0.5694,0.5696666666666667,0.0612,0.064,0.0649,0.06336666666666667,0.755925519751037,0.041913300325895145,115514.50897531846,0.01987956476243305,0.7559260284988402,0.04191404299503987,115516.5557972322,0.019880101867857432
27.2111,0.5715,0.5687,0.5697,0.5699666666666667,0.0602,0.0628,0.0637,0.062233333333333335,0.7560822783484824,0.04115513292367503,113504.64444270557,0.019831219832816233,0.7560826531308944,0.041155893059097996,113506.74087381351,0.019831783513229912
27.2302,0.5719,0.5692,0.5701,0.5704,0.0591,0.0616,0.0626,0.06110000000000001,0.7563276787959601,0.0403925452637596,111479.64498069258,0.019767162192500017,0.7563280588788933,0.04039327029827029,111481.64600809313,0.01976769943575279
27.2493,0.5725,0.5697,0.5706,0.5709333333333333,0.058,0.0603,0.0614,0.0599,0.7566373963253596,0.03958302899837271,109322.08356541923,0.019690781847361283,0.7566376968759901,0.03958375095783667,109324.07750360049,0.01969133356198644
27.2683,0.5731,0.5704,0.5712,0.5715666666666667,0.0569,0.0591,0.0602,0.05873333333333333,0.7570148887551212,0.03879272006784243,107214.07953915089,0.01960322410995365,0.7570151684641339,0.03879340741480055,107215.97920669959,0.019603742176420125
27.2874,0.574,0.5712,0.572,0.5724,0.0558,0.0579,0.0591,0.057600000000000005,0.7575258455707196,0.03801850480534067,105147.92714998404,0.019492700949815676,0.7575260885311538,0.03801920901821795,105149.87479428772,0.019493245206463887
27.3065,0.5749,0.5722,0.5729,0.5733333333333334,0.0548,0.0567,0.058,0.0565,0.7581041746506247,0.037264007961727734,103133.35067621525,0.019371286934071127,0.7581043909793109,0.037264657156983065,103135.1474148268,0.019371797046635202
27.3255,0.576,0.5733,0.5739,0.5743999999999999,0.0538,0.0555,0.0569,0.055400000000000005,0.7587705312643481,0.03650642566975196,101106.93758998366,0.019234877095703626,0.7587706992625188,0.036507057446086094,101108.6873359315,0.01923538416539699
27.3446,0.5771,0.5745,0.5751,0.5755666666666667,0.0529,0.0545,0.056,0.05446666666666666,0.7595079714098184,0.03585654707847509,99376.46998118846,0.01908917280489103,0.7595081583112838,0.0358571235104114,99378.06756309979,0.019089649304332865
27.3637,0.5784,0.5758,0.5763,0.5768333333333333,0.0521,0.0535,0.0551,0.05356666666666667,0.7603119482057069,0.03522676895521729,97699.23359434427,0.018933045425942815,0.760312092950184,0.035227329314391535,97700.7877153575,0.01893352087227297
27.3827,0.5798,0.5773,0.5776,0.5782333333333334,0.0515,0.0527,0.0544,0.052866666666666666,0.7612090323049896,0.034725459383070895,96375.7550731439,0.018764356914981788,0.7612091564473724,0.03472600363821519,96377.26557873304,0.018764815827699514
27.4018,0.5811,0.5788,0.5789,0.5796,0.051,0.052,0.0539,0.05229999999999999,0.7620875449056863,0.03431364306476879,95299.2421609455,0.018601849719123768,0.7620877055571057,0.034314156615811185,95300.66844567598,0.018602278332227256
27.4209,0.5825,0.5803,0.5802,0.5810000000000001,0.0507,0.0515,0.0534,0.05186666666666667,0.7629909927481786,0.03398904257037893,94463.52804855259,0.018437803653350272,0.7629911038050857,0.03398954039392891,94464.91161705939,0.018438216509568724
27.4399,0.5839,0.5818,0.5815,0.5823999999999999,0.0505,0.0512,0.0531,0.05160000000000001,0.7638983516539207,0.03377412707350402,93931.26754134336,0.018276331086706222,0.7638984382764531,0.03377463401344276,93932.6774226679,0.018276739390526514
27.459,0.5851,0.5833,0.5827,0.5837,0.0505,0.051,0.053,0.0515,0.7647442463652151,0.033671387685998755,93710.71635164585,0.018128656495559,0.7647443476647607,0.033671879914635904,93712.08627137193,0.018129033311342423
27.4781,0.5863,0.5846,0.5838,0.5849000000000001,0.0505,0.051,0.0529,0.05146666666666667,0.7655259524641326,0.03361523309627998,93619.50754430532,0.017993665970817335,0.76552601570143,0.03361574575972286,93620.93532851618,0.01799404548780882
27.4971,0.5873,0.5858,0.5848,0.5859666666666666,0.0507,0.0511,0.0529,0.05156666666666667,0.7662238448828493,0.03364987073363111,93780.77530440176,0.017875470302188466,0.7662238705885462,0.033650357891740805,93782.1329935764,0.017875827290518603
27.5162,0.5881,0.5869,0.5857,0.5869,0.0508,0.0513,0.0529,0.051666666666666666,0.7668343370731742,0.033688284528224116,93953.04918020844,0.017772653732737797,0.7668343550443452,0.03368875058151943,93954.34895337257,0.01777297497338416
27.5353,0.5889,0.5878,0.5865,0.5877333333333333,0.0509,0.0514,0.0528,0.0517,0.7673774109672842,0.0336861622854074,94012.34260685013,0.017680739528202222,0.7673773805885231,0.03368659483982688,94013.5497925763,0.017681047152653197
27.5544,0.5895,0.5887,0.5872,0.5884666666666667,0.0509,0.0515,0.0527,0.051699999999999996,0.7678541629225146,0.03366524692867822,94019.14305492415,0.017599892777601225,0.7678541192747673,0.033665649023262446,94020.26601084117,0.01760017836853385
27.5734,0.5902,0.5895,0.5879,0.5892,0.0508,0.0515,0.0525,0.0516,0.7683277798837151,0.033579418414240475,93844.10928460084,0.0175184320240055,0.7683277079161077,0.033579797624815604,93845.16906110484,0.01751871524799951
27.5925,0.5909,0.5903,0.5886,0.5899333333333333,0.0508,0.0515,0.0524,0.05156666666666667,0.7688030063418518,0.033536982973072095,93790.43866970207,0.01743784725203787,0.768802909688464,0.03353734199138767,93791.44271008745,0.017438130564131637
27.6116,0.5915,0.591,0.5894,0.5906333333333333,0.0507,0.0516,0.0522,0.0515,0.7692553784426328,0.03347392910288317,93678.90178153238,0.017360874694271576,0.7692552998578016,0.03347421939444268,93679.71418077026,0.01736111511191642
27.6306,0.5922,0.5918,0.5901,0.5913666666666666,0.0507,0.0516,0.0521,0.05146666666666667,0.7697300441308063,0.0334316342847076,93624.91762295154,0.017280834200648493,0.7697299430938641,0.03343190186966492,93625.66699162952,0.01728107703841615
27.6497,0.5927,0.5924,0.5908,0.5919666666666666,0.0507,0.0518,0.0521,0.05153333333333334,0.7701208355064133,0.0334579529324425,93763.39305355908,0.01721638978757152,0.7701207725473611,0.033458173540604215,93764.01129131617,0.017216600047000687
27.6688,0.5932,0.593,0.5914,0.5925333333333334,0.0507,0.0519,0.052,0.05153333333333333,0.7704879631826312,0.033442010645089115,93783.4554839757,0.0171551341183972,0.7704879035326798,0.033442185912772066,93783.94699775206,0.01715533077096359
27.6878,0.5936,0.5934,0.5919,0.5929666666666668,0.0508,0.052,0.052,0.0516,0.7707704641575619,0.033473000328572665,93934.82194765302,0.017108997492676616,0.7707704129714079,0.033473146218700844,93935.23135711974,0.017109172538905457
27.7069,0.594,0.5938,0.5923,0.5933666666666667,0.0507,0.0521,0.052,0.0516,0.771029413152898,0.03346175847494391,93968.05180717795,0.017065945890894586,0.7710293858135319,0.03346190476544559,93968.46262340719,0.017066128144332313
27.726,0.5942,0.594,0.5926,0.5936,0.0506,0.0521,0.0519,0.05153333333333334,0.7711785564752266,0.03341206319900353,93893.17794732057,0.01704027532659896,0.771178555383631,0.033412191338922544,93893.53804074391,0.017040442872809026
27.745,0.5943,0.5941,0.5929,0.5937666666666667,0.0505,0.052,0.0517,0.0514,0.7712826741767506,0.03332111670657126,93701.7716603686,0.017021193719344886,0.771282696856837,0.033321212440444,93702.04087203888,0.01702132746037179
27.7641,0.5943,0.5941,0.593,0.5938,0.0501,0.0518,0.0514,0.0511,0.7712958812268428,0.033126068246805085,93217.40691684953,0.017014956077533446,0.7712959472936097,0.03312615654760744,93217.65539704233,0.017015084793414154
27.7832,0.5943,0.5941,0.5931,0.5938333333333333,0.0496,0.0513,0.0509,0.0506,0.7713036230292091,0.032801609177766866,92367.87247547475,0.01700697969091716,0.7713037020838094,0.03280169040249578,92368.10120069864,0.0170070953632727
27.8022,0.5944,0.5942,0.5933,0.5939666666666668,0.0489,0.0507,0.0503,0.04996666666666666,0.7713725812693327,0.032388153195985224,91265.96990747134,0.016987167818417068,0.7713726916237515,0.03238823299591447,91266.19477419644,0.016987277496514103
27.8213,0.5945,0.5943,0.5935,0.5941000000000001,0.048,0.0499,0.0496,0.049166666666666664,0.7714372954542837,0.03186692357005724,89858.89703409228,0.016966013330325797,0.7714374454586735,0.0318670108126238,89859.14304217613,0.01696612086131003
27.8404,0.5949,0.5946,0.5938,0.5944333333333334,0.047,0.049,0.0487,0.04823333333333333,0.7716282536470283,0.031254255598705497,88191.78966584976,0.01692245729992007,0.7716284206653677,0.031254370809046535,88192.11476097583,0.016922579085223075
27.8595,0.5954,0.5951,0.5943,0.5949333333333334,0.046,0.048,0.0478,0.04726666666666667,0.7719265995254965,0.030616037001264893,86450.16318394993,0.01686104106319886,0.7719267764135077,0.030616162819784565,86450.51845630464,0.016861165662087486
27.8785,0.596,0.5957,0.595,0.5955666666666667,0.045,0.047,0.0469,0.0463,0.7723115719938217,0.02997494902249732,84697.654076738,0.01678572224415492,0.7723117693198328,0.029975073275151046,84698.00516685247,0.016785839853130414
27.8976,0.5968,0.5964,0.5957,0.5962999999999999,0.0441,0.0462,0.046,0.045433333333333326,0.7727639760076542,0.029396642923274104,83120.49208142373,0.016700949047748274,0.772764179915411,0.029396788354588362,83120.90329580753,0.0167010786635665
27.9167,0.5976,0.5972,0.5965,0.5971,0.0432,0.0453,0.0452,0.044566666666666664,0.7732596217669943,0.028817401951511248,81538.4458225264,0.016609535442451823,0.7732598368962971,0.028817557123059005,81538.88487830461,0.016609668387124733
27.9357,0.5985,0.598,0.5973,0.5979333333333333,0.0423,0.0446,0.0445,0.043800000000000006,0.7737792792709512,0.02830264467747714,80136.45060477532,0.016515825284361924,0.7737795401584636,0.028302840050795208,80137.00378715213,0.01651598355456233
27.9548,0.5994,0.5988,0.598,0.5987333333333332,0.0415,0.0439,0.0438,0.04306666666666667,0.7742782294119457,0.02781084694798591,78797.8068341327,0.016426307936938903,0.7742784990440129,0.027811093103536886,78798.50427846414,0.016426496638698614
27.9739,0.6003,0.5996,0.5988,0.5995666666666667,0.0407,0.0432,0.043,0.042300000000000004,0.7747979200513592,0.027297440342377376,77395.99165007254,0.01633348077697738,0.7747981944569052,0.0272977135141788,77396.76616966841,0.016333685902166578
27.9929,0.6012,0.6004,0.5995,0.6003666666666666,0.0398,0.0424,0.0422,0.041466666666666666,0.7752946723963264,0.026742520065627884,75874.134231732,0.016244089769265405,0.7752949519805573,0.026742848916533838,75875.0672506741,0.016244330644181112
28.012,0.6022,0.6012,0.6003,0.6012333333333332,0.039,0.0416,0.0414,0.04066666666666666,0.7758351688118386,0.02620831608403732,74409.22155032476,0.01614846779433043,0.7758354211753948,0.026208707125475666,74410.33177384798,0.0161487381298121
28.0311,0.6033,0.6021,0.6012,0.6022,0.0381,0.0407,0.0405,0.03976666666666667,0.7764378856301292,0.02560840178116404,72755.55219964008,0.016042330544550447,0.7764381057336477,0.025608855059191665,72756.83999938182,0.016042634443838712
28.0501,0.6045,0.6031,0.6021,0.6032333333333333,0.0373,0.0398,0.0395,0.03886666666666667,0.7770834802685518,0.025008038166784614,71098.02926464393,0.015929957182329545,0.7770836003909875,0.025008529952175233,71099.42741398541,0.015930303406323055
28.0692,0.6058,0.6042,0.6032,0.6043999999999999,0.0365,0.0389,0.0385,0.03796666666666667,0.7778146643788318,0.024405985387912017,69433.6358504317,0.015804646776704737,0.7778146999826537,0.024406493289047426,69435.08080018166,0.01580502328252185
28.0883,0.6071,0.6055,0.6045,0.6057,0.0358,0.038,0.0376,0.03713333333333333,0.7786325158264891,0.0238452238883943,67884.4627090285,0.015667053175996478,0.7786324965898549,0.023845685660803136,67885.77731911624,0.01566741202123709
28.1073,0.6086,0.6068,0.6058,0.6070666666666668,0.0351,0.0372,0.0367,0.036333333333333336,0.779493312399631,0.02330573768585887,66393.49160549838,0.01552389941637405,0.779493210977562,0.023306202760254916,66394.81651155482,0.015524294201424692
28.1264,0.6101,0.6082,0.6073,0.6085333333333333,0.0345,0.0364,0.0359,0.0356,0.7804188300621828,0.02280826565727722,65020.444934739586,0.01537217118005992,0.780418678763868,0.022808693379178013,65021.664258852856,0.015372555318479779
28.1455,0.6116,0.6097,0.6088,0.6100333333333333,0.034,0.0357,0.0352,0.034966666666666674,0.7813667438636004,0.02237532307413552,63829.55379805283,0.01521886721851353,0.7813665518205978,0.02237569763851155,63830.62230897049,0.015219237361836812
28.1646,0.6132,0.6113,0.6104,0.6116333333333334,0.0336,0.0352,0.0346,0.034466666666666666,0.782380031394656,0.022026806209015384,62877.98909977307,0.01505764986133319,0.78237981644733,0.022027132176144323,62878.91960950679,0.015058011452629597
28.1836,0.6148,0.6129,0.6121,0.6132666666666666,0.0333,0.0347,0.0341,0.03403333333333333,0.7834146252326503,0.02172115010185503,62047.28869307645,0.014894826807585828,0.7834143992870727,0.021721419927866362,62048.059461306664,0.014895158056257579
28.2027,0.6165,0.6146,0.6138,0.6149666666666667,0.0331,0.0344,0.0337,0.03373333333333334,0.7844927791945948,0.0215000916694002,61457.44835050789,0.01472760803454121,0.7844925381101745,0.02150031477875435,61458.08610274727,0.014727933050562988
28.2218,0.6182,0.6164,0.6156,0.6167333333333334,0.0331,0.0342,0.0335,0.0336,0.7856148110024546,0.02138452555211274,61168.50336263999,0.014556315333296608,0.7856145721340155,0.021384686093765287,61168.96257753303,0.014556608290005347
28.2408,0.6199,0.6181,0.6174,0.6184666666666666,0.0332,0.0341,0.0334,0.03356666666666667,0.7867158198282039,0.021333412790655017,61063.38248295606,0.014390232143427046,0.7867155820879281,0.021333525170820284,61063.70415268058,0.014390501115490706
28.2599,0.6216,0.6199,0.6192,0.6202333333333333,0.0334,0.0342,0.0335,0.0337,0.787839300372345,0.021387610382010622,61259.91786724638,0.014223351866311244,0.7878390793540152,0.02138769145128803,61260.15007164824,0.014223595632902097
28.279,0.6232,0.6216,0.621,0.6219333333333333,0.0339,0.0345,0.0338,0.03406666666666667,0.7889229924586009,0.02159061593610156,61883.177536022304,0.01406551512492145,0.7889227997320837,0.021590649832714113,61883.27469073519,0.014065719562772618
28.298,0.6247,0.6232,0.6226,0.6235,0.0344,0.035,0.0343,0.03456666666666667,0.7899232393294536,0.021879763086860248,62754.067847854574,0.013922202895457229,0.7899230678807944,0.021879792520806515,62754.15226832356,0.0139223875010591
28.3171,0.626,0.6247,0.6242,0.6249666666666668,0.0351,0.0356,0.0349,0.0352,0.7908615028207752,0.022254212573537314,63871.12006356681,0.013790078375690825,0.790861379634455,0.02225421955983575,63871.14011472362,0.013790215148401256
28.3362,0.6272,0.6261,0.6256,0.6263,0.036,0.0364,0.0357,0.036033333333333334,0.7917182922168953,0.02275641076350306,65356.51691912847,0.013672450122053287,0.7917181990370024,0.02275639689323732,65356.47708366115,0.01367255692010833
28.3552,0.6282,0.6272,0.6267,0.6273666666666666,0.0368,0.0373,0.0365,0.036866666666666666,0.7924063411198633,0.023262475799073576,66854.73546690813,0.013580055081566131,0.7924062694586786,0.023262462490261163,66854.69721830807,0.013580150874484843
28.3743,0.629,0.6281,0.6277,0.6282666666666666,0.0377,0.0382,0.0374,0.037766666666666664,0.7929903636585537,0.02381281563903591,68482.47243178994,0.013503853214003865,0.7929903158477263,0.023812805401592304,68482.44299027156,0.013503928004168692
28.3934,0.6296,0.6288,0.6284,0.6289333333333333,0.0385,0.039,0.0383,0.0386,0.7934261360664174,0.0243248856102521,70002.20706397755,0.013448827528420701,0.7934260951027946,0.02432488266674616,70002.19859314997,0.013448889955447935
28.4124,0.6301,0.6293,0.6289,0.6294333333333333,0.0393,0.0398,0.0391,0.0394,0.7937564494247927,0.02481869597944839,71471.08988278876,0.013408943687291307,0.79375640850925,0.024818693114506022,71471.08163253446,0.013409005996298622
28.4315,0.6304,0.6297,0.6293,0.6298,0.0399,0.0404,0.0397,0.04,0.7939990447475946,0.02518894718111177,72586.07518390064,0.013379925264328699,0.7939990141852239,0.025188941723851638,72586.05945791211,0.013379978173285012
28.4506,0.6307,0.63,0.6297,0.6301333333333333,0.0404,0.0409,0.0402,0.0405,0.7942187468180539,0.025496753987651,73522.4293714785,0.013353332689360634,0.7942187244708686,0.025496752789113387,73522.42591537592,0.01335337871043024
28.4697,0.6309,0.6303,0.63,0.6304,0.0408,0.0412,0.0406,0.04086666666666667,0.7943938676924165,0.025721917255842927,74221.50444812544,0.013331890211593643,0.7943938477860589,0.025721912511752404,74221.49075888399,0.013331926267136909
28.4887,0.6311,0.6306,0.6303,0.6306666666666666,0.0412,0.0415,0.0409,0.041199999999999994,0.7945683265459434,0.025926027141743555,74860.3974896481,0.013310265832592498,0.7945683129914007,0.025926013465189485,74860.35799912883,0.01331029478233107
28.5078,0.6312,0.6309,0.6307,0.6309333333333333,0.0415,0.0418,0.0412,0.0415,0.7947421080822368,0.02610909852262792,75439.55290150431,0.013288453898404658,0.7947421115070075,0.026109088187536645,75439.52303932184,0.013288468221471174
28.5269,0.6313,0.6312,0.631,0.6311666666666667,0.0417,0.0421,0.0415,0.04176666666666667,0.7948942546998776,0.02627183831039056,75960.63171421592,0.01326943609135707,0.7948942654740865,0.02627182946786082,75960.60614751834,0.013269444760748867
28.5459,0.6314,0.6315,0.6312,0.6313666666666666,0.0419,0.0423,0.0418,0.042,0.7950247671628112,0.026414271438288,76423.3202674124,0.013253197746664013,0.7950247736964203,0.02641425913694007,76423.28467643067,0.013253205062322365
28.565,0.6313,0.6316,0.6313,0.6314000000000001,0.0419,0.0425,0.0421,0.042166666666666665,0.7950491927688383,0.026518275252765865,76775.56622362914,0.013251415926786237,0.7950492015454431,0.026518257735387976,76775.51550741197,0.013251425509549055
28.5841,0.6312,0.6317,0.6314,0.6314333333333334,0.0418,0.0426,0.0422,0.042199999999999994,0.7950708309119379,0.02653851604114121,76885.54244422425,0.013248673505766168,0.7950708435242863,0.02653848150328869,76885.44238356066,0.013248691641987905
28.6031,0.6312,0.6317,0.6313,0.6314000000000001,0.0415,0.0426,0.0422,0.042100000000000005,0.7950477970061535,0.026476395606988792,76756.55803644565,0.013250934540494592,0.7950478322501849,0.026476348828355253,76756.42242255948,0.01325096211538894
28.6222,0.6312,0.6317,0.6313,0.6314000000000001,0.041,0.0425,0.042,0.041833333333333333,0.7950422359187235,0.026308874826626114,76321.83652854356,0.013249016572524126,0.7950423147500868,0.026308808771696387,76321.64490371803,0.013249059596134663
28.6413,0.6313,0.6317,0.6313,0.6314333333333333,0.0404,0.0422,0.0417,0.041433333333333336,0.795054900878914,0.02605690077976408,75641.3046777677,0.013243179032607875,0.7950550293530753,0.026056837146683262,75641.11995552102,0.013243235588973138
28.6603,0.6316,0.6318,0.6313,0.6315666666666667,0.0397,0.0418,0.0413,0.04093333333333333,0.7951284287524141,0.025740076604706584,74771.15557074739,0.013227721454884205,0.7951286155067341,0.025740047978700404,74771.07241638876,0.013227799044862447
28.6794,0.632,0.632,0.6315,0.6318333333333334,0.039,0.0412,0.0407,0.040299999999999996,0.7952831515994252,0.025336887823507258,73649.0001670036,0.01319947979176441,0.795283359984099,0.02533690119173443,73649.03902562633,0.013199567755353385
28.6985,0.6326,0.6323,0.6318,0.6322333333333333,0.0383,0.0406,0.04,0.03963333333333333,0.7955211223985424,0.024910296042068937,72457.21081737104,0.013159223283420047,0.7955213386590838,0.024910372594411295,72457.43348711367,0.013159328550054467
28.7175,0.6333,0.6327,0.6322,0.6327333333333334,0.0377,0.04,0.0393,0.039,0.7958226735249021,0.024502946006337196,71319.52766799068,0.013110442763696056,0.7958228661640439,0.02450308239109394,71319.92463643804,0.013110566747635622
28.7366,0.6341,0.6332,0.6328,0.6333666666666667,0.037,0.0393,0.0386,0.0383,0.7962067215084974,0.02405154274975065,70052.21100113164,0.013049581148785147,0.796206896000364,0.024051740433745684,70052.7867729678,0.01304972562709468
28.7557,0.635,0.6338,0.6334,0.6340666666666667,0.0365,0.0386,0.0379,0.03766666666666667,0.7966338997018716,0.02364113972601583,68902.6427322889,0.012983519870489558,0.7966339951580736,0.02364137790344632,68903.33690586049,0.012983686433186781
28.7748,0.636,0.6346,0.6342,0.6349333333333332,0.036,0.0379,0.0372,0.03703333333333333,0.7971655282822931,0.023228132689788274,67743.89099203277,0.012903076497902555,0.7971655547528133,0.023228379797510402,67744.6116715129,0.012903259001698945
28.7938,0.637,0.6355,0.6352,0.6359,0.0356,0.0373,0.0365,0.03646666666666667,0.7977608540100725,0.02285563805453872,66701.53971435562,0.012814688958581646,0.7977608386159544,0.02285585476133738,66702.17214811672,0.012814864655947578
28.8129,0.6381,0.6365,0.6362,0.6369333333333334,0.0352,0.0367,0.036,0.03596666666666667,0.7983988195753168,0.022524248398687174,65778.02136836211,0.012721364240190578,0.798398758407911,0.02252445639865516,65778.62879490513,0.012721546409005172
28.832,0.6393,0.6377,0.6374,0.6381333333333333,0.035,0.0363,0.0355,0.0356,0.7991429523375172,0.02227386220191822,65089.93282954767,0.012614917407296549,0.7991428653318732,0.02227402155013584,65090.39848587109,0.012615091011093656
28.851,0.6404,0.6388,0.6386,0.6392666666666665,0.0348,0.036,0.0351,0.0353,0.7998459902001311,0.02206674811932726,64527.187177274616,0.012515251054897755,0.7998459058970188,0.02206687903646244,64527.570002802,0.012515411656651732
28.8701,0.6416,0.6401,0.6399,0.6405333333333333,0.0348,0.0358,0.0349,0.035166666666666666,0.8006345306585361,0.021961747414105767,64262.661164120225,0.012405735079427917,0.8006344468158467,0.021961835063060042,64262.91763529003,0.012405874341971513
28.8892,0.6428,0.6413,0.6412,0.6417666666666667,0.0349,0.0357,0.0349,0.035166666666666666,0.8014038055168937,0.02194066613146753,64243.44919276255,0.012300534707843307,0.8014037154351362,0.021940734067320417,64243.64811258966,0.012300659747533955
28.9082,0.644,0.6425,0.6424,0.6429666666666667,0.0351,0.0358,0.0349,0.03526666666666666,0.8021532876582717,0.02198249836363559,64408.26874122056,0.01219939273226267,0.8021531973401079,0.021982540280428498,64408.391556562914,0.012199517651649719
28.9273,0.6451,0.6437,0.6436,0.6441333333333333,0.0354,0.036,0.0351,0.0355,0.8028836084338421,0.0221078121580089,64818.233504720054,0.012102461687341332,0.8028835307601573,0.022107834696205777,64818.29958480512,0.0121025713410333
28.9464,0.6461,0.6447,0.6448,0.6452,0.0359,0.0364,0.0354,0.0359,0.8035539795102039,0.022338262839468496,65537.13943470588,0.012015481326912986,0.8035539227018876,0.022338275640331102,65537.17699053213,0.0120155798766766
28.9654,0.647,0.6457,0.6459,0.6462,0.0364,0.0368,0.0358,0.036333333333333336,0.8041830126198531,0.022590214393467065,66319.83063286169,0.011934749211462765,0.8041829752067712,0.02259022078582466,66319.84939939775,0.011934831057118766
28.9845,0.6478,0.6466,0.6468,0.6470666666666667,0.0369,0.0372,0.0363,0.0368,0.8047294371505539,0.02286482779249681,67170.29772477267,0.011865709568427458,0.8047294045657988,0.02286482739091038,67170.29654502706,0.011865778161542157
29.0036,0.6484,0.6473,0.6477,0.6478,0.0375,0.0377,0.0368,0.03733333333333333,0.8051940406120063,0.023182817712459714,68149.33978314456,0.011808438053732724,0.8051940272831003,0.02318282369904114,68149.3573815908,0.011808493147670594
29.0226,0.649,0.6479,0.6485,0.6484666666666666,0.038,0.0382,0.0374,0.037866666666666667,0.8056171511819052,0.023501651256501097,69131.85640929111,0.011756916524329983,0.8056171324336342,0.02350167423606186,69131.92400537948,0.011756967890212265
29.0417,0.6494,0.6485,0.6491,0.6489999999999999,0.0386,0.0387,0.038,0.03843333333333334,0.8059581260218313,0.02384325692144762,70182.87241909541,0.01171677676093478,0.8059581170154017,0.023843275298308233,70182.92651157397,0.011716813599990798
29.0608,0.6498,0.649,0.6497,0.6495000000000001,0.0391,0.0391,0.0385,0.0389,0.8062765843651974,0.024123235595776525,71053.69205546133,0.011678871467545336,0.8062765749950646,0.024123255581934618,71053.75092361428,0.01167890422549972
29.0799,0.6501,0.6495,0.6502,0.6499333333333333,0.0396,0.0396,0.0391,0.03943333333333334,0.8065549686482573,0.024445533699595127,72050.32722505236,0.011646993620278406,0.8065549610839176,0.024445555628561978,72050.39185809561,0.011647017941558958
29.0989,0.6504,0.6499,0.6507,0.6503333333333333,0.04,0.04,0.0397,0.0399,0.8068114749967151,0.024726966110739615,72927.43371207395,0.011617503220174753,0.8068114555550049,0.024726985405307007,72927.49061769183,0.011617527186108012
29.118,0.6506,0.6502,0.651,0.6506,0.0404,0.0404,0.0403,0.04036666666666667,0.8069854639069104,0.025010776818232158,73812.89653276757,0.011598963456625632,0.8069854397945472,0.025010785426119685,73812.92193674106,0.011598985359551965
29.1371,0.6507,0.6505,0.6513,0.6508333333333333,0.0407,0.0408,0.0408,0.040766666666666666,0.8071375907357774,0.02525385209075955,74579.15914366987,0.011582736634128381,0.8071375637583286,0.025253852511870886,74579.16038728725,0.011582760251260633
29.1561,0.6508,0.6507,0.6514,0.6509666666666666,0.0411,0.0412,0.0414,0.04123333333333334,0.8072291870153241,0.02554004116587417,75473.51028252557,0.011575148342927766,0.8072291665719158,0.025540026695783022,75473.46752188292,0.011575168907100244
29.1752,0.6509,0.6509,0.6515,0.6511,0.0414,0.0416,0.0418,0.0416,0.8073188953305928,0.025764292301721222,76186.07239748334,0.011566896393071685,0.8073188809266773,0.025764274625686024,76186.02012871999,0.011566914710757374
29.1943,0.6509,0.651,0.6515,0.6511333333333333,0.0416,0.0419,0.0422,0.04189999999999999,0.8073454628064941,0.025949238541792954,76783.20047265617,0.01156631650339094,0.807345457969621,0.02594921042076327,76783.11726317562,0.011566335307446602
29.2133,0.6509,0.651,0.6514,0.6511,0.0418,0.0422,0.0426,0.042199999999999994,0.8073308272911127,0.026135506395560257,77384.69290035465,0.0115711650436049,0.8073308383881953,0.026135473545322058,77384.59563399384,0.011571183260569948
29.2324,0.6509,0.651,0.6514,0.6511,0.0419,0.0424,0.0429,0.0424,0.8073348423828166,0.026259240759917018,77801.8928794248,0.011572601441933512,0.8073348668556765,0.0262591986527853,77801.76812278842,0.011572624661377151
29.2515,0.6508,0.651,0.6512,0.651,0.042,0.0426,0.0431,0.04256666666666667,0.8072763344074804,0.02636437168563156,78164.41692602864,0.011581926392429203,0.8072763724524307,0.02636433298943847,78164.30220054205,0.01158194860178306
29.2705,0.6507,0.6509,0.6511,0.6509,0.0421,0.0428,0.0433,0.04273333333333334,0.8072178363725783,0.02646951752538405,78527.12397775882,0.011591260216617513,0.8072178835460831,0.02646947472808425,78526.99701099926,0.011591285780244641
29.2896,0.6506,0.6507,0.6509,0.6507333333333333,0.0421,0.0428,0.0434,0.04276666666666667,0.8071153822823501,0.02649352719912955,78649.64159013814,0.011605056061762578,0.8071154422637504,0.02649349053769025,78649.5327556655,0.011605082811941525
29.3087,0.6504,0.6506,0.6507,0.6505666666666666,0.042,0.0429,0.0435,0.042800000000000005,0.8070129161127709,0.026517543366071563,78772.27145038986,0.011618863413771054,0.8070129986556424,0.02651749862784294,78772.13855226123,0.011618898382329093
29.3277,0.6502,0.6504,0.6504,0.6503333333333333,0.0419,0.0428,0.0434,0.042699999999999995,0.8068664607552136,0.026460388476200213,78653.44450261923,0.011637147541115722,0.8068665460190418,0.026460354606710243,78653.3438256374,0.011637181251587358
29.3468,0.6501,0.6502,0.6501,0.6501333333333333,0.0416,0.0427,0.0434,0.04256666666666667,0.8067399444881435,0.026381900981532768,78471.21261675064,0.011652493964286215,0.8067400736074458,0.026381886174056558,78471.16857289593,0.011652540779446774
29.3659,0.65,0.65,0.6498,0.6499333333333334,0.0414,0.0425,0.0432,0.042366666666666664,0.8066120701131032,0.026262108042052475,78165.7365823504,0.011667379251394808,0.8066122005019721,0.026262121840976135,78165.77765304549,0.01166742765614833
29.385,0.6499,0.6498,0.6496,0.6497666666666667,0.0411,0.0422,0.043,0.0421,0.8065034986965597,0.0261003207475478,77734.72472815214,0.011679084874823545,0.8065036429711111,0.026100351338403206,77734.81583706022,0.011679139668942698
29.404,0.6498,0.6496,0.6493,0.6495666666666666,0.0408,0.0419,0.0427,0.041800000000000004,0.8063736327722233,0.02591850619935045,77243.13773168557,0.011693304030405536,0.8063737736795588,0.025918567523072696,77243.32049054858,0.0116933645052497
29.4231,0.6496,0.6494,0.649,0.6493333333333333,0.0404,0.0415,0.0423,0.0414,0.8062211584095902,0.025675337076038463,76568.14174786265,0.011709580311731797,0.8062212959710832,0.02567541324353927,76568.3688920665,0.011709644993889259
29.4422,0.6495,0.6492,0.6487,0.6491333333333333,0.04,0.0411,0.0419,0.041,0.8060893812767779,0.02543142296147076,75889.981144382,0.01172317156727178,0.8060895106185545,0.025431530392247142,75890.30172886547,0.01172324602592527
29.4612,0.6493,0.649,0.6484,0.6488999999999999,0.0396,0.0406,0.0414,0.04053333333333333,0.8059357041493267,0.025146753720333974,75088.9249082372,0.01173908217408717,0.8059358115216995,0.025146871391273178,75089.27627702284,0.011739157626984506
29.4803,0.6491,0.6488,0.6481,0.6486666666666667,0.039,0.0401,0.0409,0.04,0.8057808207592015,0.024820645372467854,74163.20568700088,0.011754597292080471,0.8057809368264682,0.024820783210533246,74163.6175422384,0.011754685658001007
29.4994,0.6489,0.6486,0.6478,0.6484333333333333,0.0384,0.0395,0.0402,0.03936666666666667,0.8056241528226263,0.02443240221183781,73050.44696100599,0.011769511582633528,0.8056242458988346,0.024432546657440064,73050.87883895704,0.011769603318943752
29.5184,0.6488,0.6484,0.6475,0.6482333333333333,0.0376,0.0387,0.0394,0.038566666666666666,0.8054852313590793,0.02394002097443416,71624.37834665139,0.011780673636417528,0.8054853077361627,0.02394019592711827,71624.90177464891,0.011780782012680012
29.5375,0.6486,0.6483,0.6473,0.6480666666666667,0.0368,0.0379,0.0385,0.037733333333333334,0.8053666573150944,0.023426182963129212,70132.41451808756,0.011788997507887422,0.805366716273621,0.023426345263477335,70132.9004066896,0.011789104041153844
29.5566,0.6486,0.6482,0.6471,0.6479666666666667,0.0358,0.0369,0.0374,0.0367,0.8052862291090719,0.022786928841812316,68262.75247496282,0.011790698446851981,0.8052862549299612,0.02278710745840773,68263.28755630377,0.011790820106475983
29.5756,0.6487,0.6482,0.6471,0.648,0.0347,0.0359,0.0363,0.03563333333333333,0.8052884557222729,0.022124577274221874,66321.15347669365,0.011781384799178108,0.805288475115073,0.022124767648352393,66321.72414666723,0.011781516945030504
29.5947,0.6489,0.6483,0.6472,0.6481333333333333,0.0335,0.0347,0.0351,0.03443333333333334,0.8053510696555167,0.02137784044172273,64124.1023622263,0.011763240759518137,0.8053510780402017,0.02137804658680156,64124.720706636355,0.011763382959373373
29.6138,0.6493,0.6486,0.6474,0.6484333333333333,0.0323,0.0335,0.0338,0.0332,0.8055172362658143,0.02060787684314892,61854.44504350773,0.011731444495791844,0.8055172060775472,0.020608094859731217,61855.09941925012,0.011731607626329065
29.6328,0.6498,0.6491,0.6478,0.6489000000000001,0.0312,0.0323,0.0325,0.032,0.8057879834236649,0.01985633979302914,59636.948237576464,0.011686442922288341,0.8057879118530265,0.019856538192157172,59637.54411368718,0.011686612308842893
29.6519,0.6505,0.6496,0.6484,0.6495000000000001,0.03,0.0311,0.0312,0.030766666666666664,0.8061415187981319,0.01908267093880577,57350.236571282694,0.011630690341402374,0.8061414266572108,0.019082870270267602,57350.83563346475,0.01163086759751091
29.671,0.6512,0.6504,0.6491,0.6502333333333333,0.0289,0.03,0.03,0.02963333333333333,0.8065796805209539,0.01836974947980024,55243.214657462224,0.011564977331250635,0.8065795779451882,0.018369925614379036,55243.74434570625,0.01156515356816541
29.6901,0.6521,0.6512,0.65,0.6511,0.0279,0.0289,0.0288,0.028533333333333338,0.8071012675450149,0.017676427036301644,53192.410411334844,0.011489041830145456,0.8071011492223402,0.01767657604951037,53192.858826149626,0.011489209906720962
29.7091,0.6531,0.6521,0.6509,0.6520333333333334,0.027,0.0279,0.0277,0.027533333333333337,0.8076656892360261,0.01704500618280325,51325.14490845928,0.011408701944651019,0.8076655403263796,0.017045131706001995,51325.52287818811,0.01140887872762271
29.7282,0.6541,0.6532,0.6519,0.6530666666666667,0.0262,0.0269,0.0268,0.026633333333333332,0.8082933215643806,0.01647504230381775,49640.7892734687,0.011321301757119411,0.8082931573449083,0.016475148173321564,49641.10826783802,0.01132147461327943
29.7473,0.6551,0.6542,0.653,0.6541,0.0254,0.0261,0.0259,0.0258,0.8089216969305871,0.015947155390872474,48081.09003459561,0.011234765085495495,0.8089215474150936,0.015947239853781964,48081.34469247385,0.01123492125515619
29.7663,0.6562,0.6553,0.6541,0.6552000000000001,0.0247,0.0254,0.0251,0.025066666666666668,0.8095922817739326,0.01548104350238004,46705.56294488384,0.011143901885805815,0.809592130442338,0.015481110306547316,46705.76448984037,0.011144056955502121
29.7854,0.6573,0.6564,0.6553,0.6563333333333333,0.0241,0.0248,0.0245,0.024466666666666664,0.810284684593591,0.015097574427768132,45577.88219680448,0.011051533365401545,0.810284550201836,0.015097639389322052,45578.07830844255,0.01105167362865092
29.8045,0.6585,0.6576,0.6564,0.6575000000000001,0.0236,0.0242,0.0239,0.0239,0.810997606912395,0.014734938670775018,44511.650531366555,0.01095725488950401,0.8109974501294827,0.01473498939602883,44511.803763410564,0.010957406683686959
29.8235,0.6596,0.6587,0.6576,0.6586333333333333,0.0232,0.0237,0.0234,0.023433333333333334,0.8116906426939381,0.014434891879226175,43633.059916423124,0.01086657307928136,0.8116904979065335,0.014434926601939521,43633.16487448202,0.010866708628553129
29.8426,0.6607,0.6599,0.6587,0.6597666666666666,0.0228,0.0233,0.0229,0.023000000000000003,0.8123835642460691,0.01415587476917109,42817.065108510586,0.010776566464751256,0.8123834181805171,0.014155888583943186,42817.106893847485,0.010776703039163735
29.8617,0.6618,0.661,0.6598,0.6608666666666667,0.0225,0.023,0.0226,0.022699999999999998,0.8130569099650059,0.013959662430626758,42250.60868473053,0.010690183526084012,0.8130567642496738,0.013959676099583228,42250.65005548242,0.010690319537393281
29.8807,0.6629,0.6621,0.6609,0.6619666666666667,0.0223,0.0228,0.0223,0.022466666666666666,0.8137304451604808,0.01380473521685306,41808.28701118782,0.01060454299099914,0.8137303010207394,0.013804732180432142,41808.27781524489,0.010604679114831372
29.8998,0.6639,0.6631,0.662,0.6629999999999999,0.0221,0.0225,0.0221,0.022233333333333338,0.8143625379514192,0.013650758904788613,41368.388677581075,0.010524478018503812,0.8143624056603228,0.013650759343250543,41368.39000633236,0.010524598588431721
29.9189,0.6649,0.6641,0.663,0.664,0.0219,0.0224,0.0219,0.022066666666666665,0.8149744072144597,0.013538257441781335,41053.66328928488,0.010447619731587986,0.8149742797528113,0.013538256041679858,41053.65904359117,0.010447741528005967
29.9379,0.6659,0.6651,0.664,0.665,0.0218,0.0222,0.0217,0.0219,0.8155858358572554,0.013425932033862706,40738.900459393466,0.010371152984212883,0.8155857059604945,0.013425916882233874,40738.85448413475,0.01037127351487238
29.957,0.6669,0.6661,0.6649,0.6659666666666667,0.0218,0.0221,0.0216,0.021833333333333333,0.816177411425144,0.013375359957101695,40611.3403660813,0.010297953010183726,0.8161772641243528,0.013375328293761741,40611.244227309704,0.010298085859669265
29.9761,0.6678,0.667,0.6658,0.6668666666666666,0.0217,0.0221,0.0215,0.021766666666666667,0.8167277615679546,0.013325533727959008,40485.8505167284,0.010230107295624043,0.8167276190535425,0.013325499824042152,40485.747509303874,0.01023024137078333
29.9952,0.6688,0.6679,0.6667,0.6678000000000001,0.0217,0.022,0.0214,0.0217,0.8172981326031763,0.01327544939499779,40359.38307803714,0.010160085596968004,0.8172979744695869,0.0132754020494471,40359.239140369915,0.010160231209313312
30.0142,0.6696,0.6688,0.6675,0.6686333333333333,0.0217,0.022,0.0214,0.0217,0.8178076493630074,0.013267178423252096,40359.787172634555,0.010098064488098411,0.817807489263933,0.013267126689988655,40359.62979602925,0.010098211328884507
30.0333,0.6705,0.6696,0.6683,0.6694666666666667,0.0218,0.022,0.0213,0.021699999999999997,0.8183168492110885,0.013258922885995254,40360.34077972639,0.010036306798468649,0.8183166786950454,0.013258838270394197,40360.083208691154,0.010036467861249877
30.0524,0.6713,0.6704,0.6691,0.6702666666666666,0.0219,0.022,0.0213,0.02173333333333333,0.8188057130384305,0.013271361561879807,40423.89594982871,0.009977388260477945,0.8188055440883043,0.013271261346134156,40423.59069773714,0.009977549515348684
30.0714,0.672,0.6711,0.6698,0.6709666666666667,0.022,0.0221,0.0212,0.021766666666666667,0.8192332708283399,0.013284779464985436,40490.349204196245,0.009926047775763435,0.81923311557345,0.013284643348381073,40489.934337780294,0.00992621403927531
30.0905,0.6727,0.6718,0.6705,0.6716666666666667,0.0221,0.0221,0.0211,0.021766666666666667,0.8196602760891243,0.013277858706611332,40494.959846677215,0.009874769522518175,0.8196601330794464,0.013277688892762566,40494.44194652937,0.009874940240490307
30.1096,0.6733,0.6725,0.6712,0.6723333333333334,0.0222,0.0222,0.0211,0.021833333333333333,0.8200673999047507,0.013311913957235525,40624.59210201868,0.009826348126395,0.8200672821572965,0.013311731088184139,40624.03403195869,0.009826509836583118
30.1286,0.6739,0.6731,0.6718,0.6729333333333333,0.0223,0.0222,0.021,0.021833333333333333,0.8204330456950979,0.013305981181458766,40632.11060118863,0.00978269111210377,0.8204329446682314,0.013305766032533452,40631.45360680318,0.009782859042880543
30.1477,0.6745,0.6737,0.6725,0.6735666666666665,0.0224,0.0222,0.0209,0.021833333333333333,0.8208188286190937,0.013299727401517122,40638.760189489636,0.009736754433460558,0.8208187645225707,0.013299493186609402,40638.04452042513,0.009736916088753234
30.1668,0.675,0.6742,0.6731,0.6741000000000001,0.0225,0.0222,0.0208,0.021833333333333333,0.8211435580192582,0.0132944678918264,40648.42559015957,0.009698186737052118,0.8211435328893327,0.013294217523190275,40647.66007694322,0.009698344182911146
30.1858,0.6755,0.6748,0.6737,0.6746666666666666,0.0225,0.0222,0.0206,0.021766666666666667,0.8214877872845064,0.01324832030590496,40532.84008767901,0.009657080470753684,0.8214878073678614,0.013248049010845343,40532.01006855099,0.009657239149610785
30.2049,0.676,0.6753,0.6743,0.6752000000000001,0.0225,0.0221,0.0205,0.0217,0.8218116007001848,0.013202539354221964,40418.33307527555,0.009618487521925968,0.8218116465551675,0.01320227267255307,40417.51665441671,0.00961863876649068
30.224,0.6765,0.6758,0.675,0.6757666666666667,0.0225,0.0221,0.0203,0.021633333333333334,0.8221555567078047,0.013156472127951964,40302.771853716265,0.009577613912631195,0.8221556660813737,0.013156215791482446,40301.98660747789,0.009577758630992203
30.243,0.6769,0.6763,0.6756,0.6762666666666667,0.0225,0.022,0.0202,0.021566666666666665,0.8224588545259616,0.013111091544572023,40189.0041357472,0.009541619810916986,0.8224589993282104,0.013110857313405791,40188.286154542024,0.009541752320406249
30.2621,0.6773,0.6768,0.6763,0.6768,0.0225,0.0219,0.02,0.021466666666666665,0.8227819738807647,0.01304517317353044,40012.200488906514,0.009503224622386253,0.8227821821969012,0.013044976191488838,40011.59630490402,0.009503349345424747
30.2812,0.6777,0.6773,0.6769,0.6772999999999999,0.0224,0.0218,0.0199,0.02136666666666667,0.8230847287702905,0.012979627685831878,39836.28605379905,0.009467303492319595,0.8230849520865516,0.012979467651455877,39835.79488599862,0.009467417309526978
30.3003,0.6781,0.6778,0.6776,0.6778333333333334,0.0224,0.0216,0.0198,0.021266666666666666,0.8234076146979946,0.012913814669098023,39659.296241402946,0.009429114579043024,0.8234078651638922,0.012913708360135912,39658.96975858362,0.009429220701865512
30.3193,0.6785,0.6783,0.6782,0.6783333333333333,0.0223,0.0215,0.0197,0.021166666666666667,0.8237101516684038,0.012848370645787971,39483.055314424804,0.009393386682712137,0.8237104096402595,0.012848302951361685,39482.84728938792,0.009393488084119174
30.3384,0.6788,0.6788,0.6789,0.6788333333333333,0.0221,0.0213,0.0196,0.021,0.8240119571306702,0.012742533538668091,39182.485711099136,0.009357517403496803,0.8240122000206419,0.012742543205866546,39182.51543712372,0.009357608737943248
30.3575,0.6791,0.6793,0.6795,0.6793,0.0219,0.0212,0.0195,0.02086666666666667,0.8242937627083748,0.012657299867287343,38944.90048240673,0.009324203782794697,0.824293986367731,0.012657361103101011,38945.08889721038,0.009324293855486596
30.3765,0.6795,0.6797,0.6801,0.6797666666666666,0.0217,0.021,0.0194,0.0207,0.8245751738399318,0.012551918040172323,38644.825716372965,0.009290857232354852,0.824575371145988,0.012552016170981443,38645.12784135527,0.009290946485525616
30.3956,0.6798,0.6802,0.6806,0.6802,0.0215,0.0208,0.0193,0.020533333333333334,0.8248363023488767,0.012446914178523512,38345.635637399995,0.009259927062382108,0.8248364718423581,0.012447037312856651,38346.01498156558,0.009260017409739469
30.4147,0.6802,0.6807,0.6812,0.6807,0.0212,0.0206,0.0192,0.02033333333333333,0.825137450044077,0.012321179539388537,37982.13286036453,0.009224303110652149,0.8251375756450733,0.012321322375558675,37982.573177168124,0.009224392665101876
30.4337,0.6806,0.6811,0.6817,0.6811333333333334,0.0209,0.0204,0.019,0.020100000000000003,0.8253978355979766,0.012175946636349841,37557.87539883158,0.009193306209656308,0.8253979411592155,0.01217609917370528,37558.34591493684,0.009193397527491627
30.4528,0.681,0.6816,0.6822,0.6816,0.0206,0.0201,0.0189,0.019866666666666668,0.8256783473126562,0.01203051208217316,37132.55811053845,0.009160071096228403,0.8256784135053605,0.012030660300926017,37133.015592432486,0.009160157626413463
30.4719,0.6814,0.6821,0.6827,0.6820666666666667,0.0202,0.0199,0.0187,0.0196,0.8259585007494578,0.011865002891923555,36644.67787199407,0.009126814966334208,0.8259585373441074,0.011865143390429248,36645.111797087004,0.009126901554648363
30.4909,0.6819,0.6826,0.6833,0.6826,0.0198,0.0196,0.0185,0.0193,0.8262786430619372,0.011678868963913434,36092.2996904204,0.00908893459822986,0.8262786487137633,0.011679003226771165,36092.71461547122,0.009089021236689527
30.51,0.6824,0.6831,0.6838,0.6830999999999999,0.0195,0.0192,0.0183,0.019,0.8265785460203956,0.01149316062670524,35540.63716968454,0.009053469445882019,0.8265785364212501,0.011493285045241707,35541.0219127683,0.009053550352251643
30.5291,0.6829,0.6836,0.6844,0.6836333333333333,0.0191,0.0189,0.0181,0.018699999999999998,0.8268985358828348,0.011307312317365733,34987.82252249824,0.009015818488621739,0.8268984987387924,0.011307425905841642,34988.17399536148,0.009015901850880756
30.5481,0.6835,0.6842,0.6849,0.6842,0.0187,0.0185,0.0179,0.018366666666666667,0.8272383190565172,0.011101194325483722,34371.41679011907,0.008975898491894896,0.8272382757957804,0.011101278541277473,34371.67753829287,0.00897596690211835
30.5672,0.6841,0.6848,0.6855,0.6848000000000001,0.0183,0.0182,0.0176,0.018033333333333335,0.8275981516562924,0.010894981638880285,33754.034249750715,0.008933835347053264,0.827598103573846,0.010895055603631654,33754.263401926815,0.008933901903851814
30.5863,0.6847,0.6855,0.6861,0.6854333333333334,0.018,0.0179,0.0174,0.017766666666666667,0.8279785284188459,0.010728941667481132,33260.39123977094,0.008889847273644827,0.8279784735258092,0.010729003532267445,33260.583024483785,0.008889911812888526
30.6054,0.6853,0.6861,0.6867,0.6860333333333334,0.0176,0.0176,0.0172,0.01746666666666667,0.8283383923841842,0.010543195164714823,32704.975734133823,0.008848179572738396,0.8283383294145777,0.01054323668173725,32705.104519875695,0.008848241109205424
30.6244,0.686,0.6868,0.6873,0.6867000000000001,0.0173,0.0173,0.0169,0.017166666666666667,0.8287383602210894,0.010357108763548423,32147.681068759146,0.008802145644602697,0.8287383064301954,0.010357145932036934,32147.79643693204,0.008802199538317401
30.6435,0.6866,0.6875,0.6879,0.6873333333333332,0.0169,0.017,0.0167,0.016866666666666665,0.8291180806942486,0.01017145027915925,31591.101833858334,0.008758531695504435,0.8291180198482416,0.01017146665455137,31591.152693535754,0.008758585288316705
30.6626,0.6873,0.6883,0.6886,0.6880666666666667,0.0166,0.0167,0.0164,0.016566666666666664,0.8295579374835744,0.009985237870738746,31032.08229352568,0.008708358374337918,0.8295578737312034,0.009985252340922082,31032.12726390354,0.008708414169125541
30.6816,0.688,0.689,0.6892,0.6887333333333333,0.0163,0.0165,0.0162,0.01633333333333333,0.8299579242975558,0.009839856247626169,30599.214848906642,0.008663031314038644,0.8299578674457804,0.009839857293002472,30599.218099736052,0.008663081056522774
30.7007,0.6887,0.6897,0.6899,0.6894333333333332,0.016,0.0163,0.016,0.0161,0.8303778142399214,0.009694382318448727,30165.59850365514,0.008615647614022346,0.8303777580701253,0.00969437262858226,30165.568352108425,0.008615697553682689
30.7198,0.6895,0.6905,0.6906,0.6901999999999999,0.0158,0.0161,0.0158,0.0159,0.8308378657342366,0.009568653918986135,29792.898472878398,0.008564105850755253,0.8308378159043194,0.00956864255151148,29792.8630791834,0.008564150593829017
30.7388,0.6902,0.6912,0.6913,0.6909000000000001,0.0156,0.016,0.0157,0.01576666666666667,0.8312580459763768,0.00948361747774087,29546.392523141618,0.008517360559855754,0.8312579978123683,0.00948359589337018,29546.3252766199,0.008517405885297707
30.7579,0.6909,0.6919,0.692,0.6915999999999999,0.0154,0.0158,0.0155,0.015566666666666668,0.8316775717158522,0.00935859472232146,29174.998777842124,0.008470616796538639,0.8316775236345509,0.009358573147979178,29174.931520798902,0.008470662009330464
30.777,0.6916,0.6927,0.6926,0.6923,0.0152,0.0157,0.0154,0.015433333333333332,0.8320973515911054,0.009273754629686276,28928.46641142914,0.00842422090888669,0.8320973059978508,0.009273718521723033,28928.353776574804,0.00842426705530094
30.796,0.6923,0.6934,0.6933,0.693,0.015,0.0156,0.0152,0.015266666666666666,0.8325167087143349,0.009168985142797601,28619.306480640505,0.008377913791790178,0.8325166673418208,0.009168943153505605,28619.175418762035,0.008377961459669682
30.8151,0.693,0.694,0.694,0.6936666666666667,0.0148,0.0155,0.0151,0.015133333333333334,0.8329160796210364,0.009084548673989787,28373.340053876826,0.008334037701660841,0.8329160477768373,0.00908450160913326,28373.1930584424,0.008334082679566883
30.8342,0.6937,0.6947,0.6946,0.6943333333333332,0.0146,0.0155,0.015,0.015033333333333334,0.833315484806707,0.009020193196591258,28189.803592942946,0.00829040117670881,0.8333154683700533,0.00902013080573374,28189.608609755658,0.008290446967291273
30.8532,0.6944,0.6954,0.6953,0.6950333333333334,0.0145,0.0154,0.0149,0.014933333333333335,0.833734692607265,0.00895568666252277,28005.454820926057,0.008244761879886564,0.8337346762108316,0.008955624361508279,28005.259998539743,0.008244807575292012
30.8723,0.6951,0.696,0.696,0.6957,0.0143,0.0153,0.0148,0.0148,0.8341335044134158,0.008871481556426964,27759.309901800963,0.008201360632961603,0.8341334994849653,0.008871417057129988,27759.108080271853,0.008201404997699377
30.8914,0.6958,0.6966,0.6966,0.6963333333333334,0.0141,0.0152,0.0147,0.014666666666666666,0.8345121657017844,0.008787569114904985,27513.755290534544,0.008160257278716646,0.8345121765535453,0.008787503729320072,27513.550569187908,0.00816029804691938
30.9105,0.6965,0.6973,0.6973,0.6970333333333333,0.014,0.0152,0.0146,0.0146,0.8349310016608563,0.008743237447739844,27391.879262701295,0.00811518475156136,0.83493102049575,0.00874316808938448,27391.661968397286,0.008115228555362267
30.9295,0.6972,0.6979,0.6979,0.6976666666666667,0.0139,0.0151,0.0145,0.014499999999999999,0.8353095228434342,0.008679417391676962,27208.650298393823,0.008074454289422179,0.8353095490816621,0.008679356487091476,27208.45937180356,0.008074492393107304
30.9486,0.6979,0.6985,0.6985,0.6983,0.0138,0.0151,0.0145,0.014466666666666668,0.8356882901960679,0.008655539892315165,27150.55400528816,0.008034021043892886,0.8356883317178724,0.008655481458620067,27150.370711442345,0.008034057691085455
30.9677,0.6986,0.6991,0.6991,0.6989333333333333,0.0137,0.015,0.0144,0.014366666666666666,0.8360664762552303,0.008591820790981837,26967.313659878437,0.007993565580379594,0.8360665232517475,0.008591771789288861,26967.15985731941,0.007993598086266863
30.9867,0.6993,0.6997,0.6997,0.6995666666666667,0.0137,0.015,0.0144,0.014366666666666666,0.8364451083214772,0.008587931547292184,26971.64451899385,0.00795348403510584,0.8364451598155057,0.008587891972269715,26971.52022789628,0.007953513168253929
31.0058,0.6999,0.7003,0.7002,0.7001333333333334,0.0136,0.0149,0.0143,0.014266666666666665,0.8367831284212577,0.00852470979761589,26789.59020185384,0.007917500177748399,0.83678318129452,0.008524670715865318,26789.467384290892,0.007917528167717338
31.0249,0.7005,0.7008,0.7008,0.7007,0.0135,0.0148,0.0143,0.014199999999999999,0.8371212187959493,0.008481447896173704,26670.055183734177,0.007881704318420231,0.8371212746852853,0.008481416359431978,26669.9560159208,0.007881731191780024
31.0439,0.7011,0.7013,0.7013,0.7012333333333333,0.0134,0.0147,0.0142,0.014100000000000001,0.8374390753126403,0.008418522860742619,26488.398220890078,0.007848026786133252,0.8374391338060496,0.008418501230105783,26488.33016133476,0.007848051818989373
31.063,0.7017,0.7019,0.7018,0.7018,0.0133,0.0146,0.014,0.013966666666666667,0.8377765104728667,0.008335556375758548,26243.485525074975,0.0078122885797723505,0.8377765684670959,0.008335536217115682,26243.422058039494,0.007812312867336561
31.0821,0.7023,0.7024,0.7023,0.7023333333333334,0.0132,0.0145,0.0139,0.013866666666666666,0.8380941304714868,0.00827273820595044,26061.7251286688,0.007778811919982941,0.8380941896248274,0.008272727488207817,26061.691364411396,0.00777883549084112
31.1011,0.7029,0.7029,0.7028,0.7028666666666666,0.0131,0.0144,0.0137,0.013733333333333334,0.8384114409228599,0.008190091799212129,25817.134943411318,0.0077453566585426225,0.8384115002583842,0.008190089586373036,25817.127968011428,0.007745380252738601
31.1202,0.7036,0.7035,0.7034,0.7035,0.013,0.0142,0.0135,0.013566666666666666,0.8387880546459465,0.008087064778476205,25508.024579379085,0.007705737220772846,0.8387881047110968,0.008087070387974897,25508.042272724502,0.007705758281582365
31.1393,0.7042,0.704,0.704,0.7040666666666665,0.0128,0.014,0.0133,0.013366666666666666,0.8391246047564972,0.007964649463795203,25137.323698674027,0.0076702934455588154,0.8391246545459939,0.0079646640297635,25137.369670497614,0.00767031489886016
31.1583,0.7049,0.7046,0.7046,0.7047,0.0127,0.0139,0.0131,0.013233333333333333,0.8395011141418369,0.007881665140411458,24890.593920671923,0.007631009816630654,0.8395011631073501,0.007881686293316557,24890.660722339046,0.007631033669811698
31.1774,0.7055,0.7052,0.7052,0.7052999999999999,0.0126,0.0137,0.0129,0.013066666666666666,0.8398574369297235,0.007779098030277396,24581.74248950574,0.007593832452398927,0.8398574787185749,0.007779116558238081,24581.8010373678,0.007593853539867335
31.1965,0.7062,0.7058,0.7059,0.7059666666666665,0.0125,0.0135,0.0127,0.0129,0.8402532901360988,0.007676256761763247,24271.627080602124,0.007552708756180918,0.8402533240609458,0.007676281114831589,24271.70408279361,0.007552728940607046
31.2156,0.7069,0.7065,0.7065,0.7066333333333333,0.0124,0.0133,0.0125,0.012733333333333333,0.8406489704069136,0.007573513905080162,23961.42485619038,0.007511736504629329,0.8406489975545318,0.007573531869559151,23961.4816930192,0.0075117557345807445
31.2346,0.7076,0.7071,0.7072,0.7073,0.0123,0.0131,0.0123,0.012566666666666665,0.8410444779483676,0.007470869256119024,23651.06002093699,0.007470915331933258,0.8410444986203639,0.007470891115938773,23651.12922411686,0.007470934736111905
31.2537,0.7083,0.7078,0.7079,0.7080000000000001,0.0123,0.013,0.0121,0.012466666666666668,0.8414599663119063,0.00740775982564492,23465.61050960836,0.007428368238100358,0.841459988201391,0.007407776030865462,23465.661842994217,0.007428388143049994
31.2728,0.709,0.7085,0.7086,0.7087,0.0122,0.0129,0.012,0.012366666666666666,0.8418752549101702,0.007344714430398298,23280.11962336169,0.007385983346263101,0.8418752767634676,0.007344730616881268,23280.170928727388,0.007386003224993265
31.2918,0.7097,0.7092,0.7094,0.7094333333333335,0.0122,0.0128,0.0119,0.0123,0.8423103009016413,0.007301347251028526,23156.72164436078,0.007341830321055318,0.8423103218249065,0.00730136483851726,23156.7774242829,0.007341848726786652
31.3109,0.7103,0.7099,0.7101,0.7101000000000001,0.0122,0.0128,0.0118,0.012266666666666667,0.8427057442386284,0.007278143498210338,23097.21891945098,0.007301898629780393,0.8427057743727867,0.007278159431012389,23097.26948226512,0.007301916847880757
31.33,0.711,0.7106,0.7108,0.7108,0.0122,0.0127,0.0117,0.0122,0.8431205996833971,0.007235026640663551,22974.39348487241,0.0072600626080032,0.8431206292348746,0.007235039789940077,22974.43523961195,0.007260080615756944
31.349,0.7116,0.7113,0.7115,0.7114666666666668,0.0122,0.0127,0.0116,0.012166666666666666,0.843515665457702,0.007211879497263616,22914.779306308443,0.007220427110519227,0.8435157046913669,0.007211892845052556,22914.8217171166,0.007220446215573933
31.3681,0.7122,0.7119,0.7123,0.7121333333333334,0.0122,0.0127,0.0116,0.012166666666666666,0.8439107155711506,0.007208503483943238,22918.00722525771,0.007181001701894419,0.8439107523764163,0.007208532592071906,22918.099768780045,0.007181022997718684
31.3872,0.7129,0.7125,0.713,0.7128,0.0122,0.0127,0.0115,0.012133333333333335,0.8443054126798378,0.007185393550199526,22858.443784450294,0.0071416533324175375,0.8443054543033495,0.007185432656304817,22858.56819026094,0.0071416807721037265
31.4062,0.7135,0.7131,0.7137,0.7134333333333333,0.0122,0.0127,0.0115,0.012133333333333335,0.8446803640355599,0.007182203973207428,22862.12802311342,0.007104467675476627,0.844680402598779,0.007182251862977766,22862.280464072293,0.007104497614727516
31.4253,0.7141,0.7137,0.7144,0.7140666666666666,0.0123,0.0127,0.0115,0.012166666666666668,0.8450553168409851,0.007198739789099166,22928.700072174117,0.007067476829665149,0.8450553528001178,0.007198795966380199,22928.879002384874,0.007067510510397325
31.4444,0.7147,0.7142,0.7151,0.7146666666666667,0.0123,0.0127,0.0116,0.0122,0.8454103909376417,0.00721543059487852,22995.83010192026,0.007032554888746082,0.8454104073656777,0.007215497771905616,22996.044197459192,0.007032593641693423
31.4634,0.7153,0.7148,0.7157,0.7152666666666666,0.0123,0.0126,0.0116,0.012166666666666666,0.8457649801171051,0.0071926994807622,22937.236497194346,0.006997615312178414,0.8457649899273657,0.0071927603129058925,22937.430488514325,0.006997651448726311
31.4825,0.7159,0.7154,0.7164,0.7159,0.0123,0.0126,0.0116,0.012166666666666666,0.8461392847304948,0.007189517663479351,22941.00780078381,0.0069609290636488165,0.846139288307081,0.007189586367428007,22941.22702798317,0.006960970115538569
31.5016,0.7165,0.716,0.7171,0.7165333333333334,0.0123,0.0125,0.0116,0.012133333333333335,0.8465132569822876,0.007166652874750355,22881.922353872083,0.006924304301957026,0.8465132477410998,0.007166722266629843,22882.143910521496,0.006924348750247996
31.5207,0.717,0.7166,0.7177,0.7171,0.0123,0.0124,0.0116,0.0121,0.8468477069463831,0.007144141680228449,22823.878031896522,0.006891635907295198,0.8468476921087529,0.007144206550523686,22824.085277465358,0.006891679156359547
31.5397,0.7176,0.7172,0.7184,0.7177333333333333,0.0123,0.0123,0.0117,0.0121,0.8472215336398699,0.0071409894104176,22827.558932267697,0.006855318017099451,0.8472215003198587,0.007141045063914809,22827.73683947555,0.006855364015123014
31.5588,0.7182,0.7178,0.719,0.7183333333333333,0.0124,0.0123,0.0117,0.012133333333333335,0.8475756990174613,0.007157669425516213,22894.736178569023,0.006821094182112728,0.8475756689771177,0.007157726751330685,22894.919542639163,0.006821141363999302
31.5779,0.7188,0.7185,0.7197,0.719,0.0124,0.0122,0.0117,0.0121,0.8479686927631975,0.007134697367525723,22835.068933595438,0.006783061913853331,0.8479686585851222,0.007134751522874666,22835.242261357296,0.006783110003726573
31.5969,0.7193,0.7191,0.7203,0.7195666666666667,0.0124,0.0122,0.0118,0.012133333333333335,0.8483029005602883,0.007151533565028479,22902.72627041606,0.006750965906898061,0.8483028580957005,0.007151581952972229,22902.881232400145,0.006751014337203206
31.616,0.7199,0.7198,0.721,0.7202333333333333,0.0125,0.0122,0.0119,0.0122,0.8486960548044082,0.007187496590175632,23031.811638420073,0.00671338936732733,0.848696007810419,0.0071875427594610035,23031.95958454718,0.0067134406280095265
31.6351,0.7205,0.7205,0.7216,0.7208666666666668,0.0125,0.0122,0.0119,0.0122,0.849069067504684,0.007184338981901076,23035.60128049223,0.006677695148161701,0.8490690260141327,0.0071843849542928785,23035.748684684888,0.006677742140275299
31.6541,0.721,0.7211,0.7222,0.7214333333333333,0.0125,0.0122,0.012,0.012233333333333332,0.8494028430106932,0.007201137501479778,23103.330939951444,0.006645930497294159,0.8494027923535216,0.007201177312980686,23103.458666755785,0.006645980086374278
31.6732,0.7216,0.7218,0.7229,0.7221000000000001,0.0126,0.0123,0.0121,0.012333333333333333,0.849795657154223,0.007256646482893028,23295.4677468363,0.0066088099203414135,0.849795600334936,0.007256690030976049,23295.607545979863,0.006608864243929026
31.6923,0.7221,0.7224,0.7235,0.7226666666666667,0.0126,0.0124,0.0122,0.012400000000000001,0.8501293164183747,0.007293008110955811,23426.315091707045,0.006577330243854388,0.8501292491730394,0.007293047816652887,23426.442632792492,0.006577388697770804
31.7113,0.7227,0.723,0.7241,0.7232666666666666,0.0126,0.0125,0.0123,0.012466666666666668,0.8504824415884047,0.007329173453236667,23556.59805353329,0.006544100092145039,0.850482371976088,0.007329205503503831,23556.701065866928,0.006544157493244391
31.7304,0.7232,0.7236,0.7247,0.7238333333333333,0.0127,0.0126,0.0124,0.012566666666666665,0.8508160039340771,0.007385067164087967,23750.541832717594,0.006512894237921472,0.8508159263423916,0.007385101204297933,23750.651306797226,0.006512957707415085
31.7495,0.7238,0.7241,0.7253,0.7244,0.0127,0.0127,0.0126,0.012666666666666666,0.8511494388551044,0.007440918179837058,23944.564627108582,0.006481788990316869,0.8511493545436757,0.007440932551538041,23944.61087464345,0.006481853907761598
31.7685,0.7243,0.7247,0.7258,0.7249333333333334,0.0128,0.0128,0.0127,0.012766666666666667,0.8514631740870844,0.007496898900154219,24139.14531291831,0.006452617341794709,0.851463093453284,0.007496912727689484,24139.189835978785,0.006452679404789621
31.7876,0.7248,0.7252,0.7264,0.7254666666666667,0.0129,0.0129,0.0129,0.0129,0.8517769707973603,0.007572404773939211,24396.92468776932,0.006423604154256953,0.8517768773708773,0.0075724072657752306,24396.932716016294,0.006423675073862854
31.8067,0.7254,0.7258,0.727,0.7260666666666666,0.0129,0.013,0.013,0.012966666666666666,0.8521294234277434,0.007608390410051773,24527.5928063072,0.006390896440192607,0.8521293303261052,0.007608383923449678,24527.571895085992,0.006390967348721588
31.8258,0.7259,0.7263,0.7275,0.7265666666666667,0.013,0.0131,0.0132,0.0131,0.8524234335892587,0.007683974585753464,24786.132932003595,0.006363889024598217,0.8524233411390499,0.007683955560199313,24786.071561431763,0.006363960111649924
31.8448,0.7264,0.7267,0.728,0.7270333333333333,0.0131,0.0132,0.0134,0.013233333333333333,0.8526978046471895,0.007759685354654003,25045.29564815586,0.006338772480597898,0.8526977096917142,0.007759653453336475,25045.192682907593,0.0063388471561936595
31.8639,0.7268,0.7272,0.7284,0.7274666666666666,0.0132,0.0132,0.0135,0.0133,0.8529521975554162,0.007796450984073797,25179.05397424233,0.006315388783854626,0.8529521075098239,0.007796415859437448,25178.940537357234,0.006315460647521007
31.883,0.7273,0.7277,0.7289,0.7279666666666667,0.0132,0.0132,0.0136,0.013333333333333334,0.8532454010445506,0.007813305127113538,25248.610894934904,0.0062883854188504045,0.8532453138720427,0.007813257448038433,25248.456820520103,0.006288458356563703
31.902,0.7278,0.7282,0.7293,0.7284333333333333,0.0133,0.0133,0.0138,0.013466666666666667,0.8535195183098017,0.007888903755436188,25508.099002733517,0.006263472497961777,0.8535194470525408,0.007888847662955438,25507.917632470082,0.00626353778850029
31.9211,0.7283,0.7287,0.7298,0.7289333333333333,0.0133,0.0133,0.0139,0.013499999999999998,0.8538125284220942,0.007905716741444786,25577.766826970426,0.006236616751004942,0.8538124618155961,0.007905648980594275,25577.547596849865,0.0062366838502060365
31.9402,0.7287,0.7293,0.7302,0.7294,0.0134,0.0133,0.0139,0.013533333333333333,0.8540859261088097,0.007922700116948516,25648.05134646162,0.00621162473323877,0.8540858621921221,0.00792264706330874,25647.87959662167,0.006211687544358704
31.9592,0.7292,0.7298,0.7307,0.7299000000000001,0.0134,0.0134,0.014,0.013600000000000001,0.8543789239245253,0.007958997828227841,25780.884384684843,0.006184988678911591,0.8543788620309383,0.00795893542396537,25780.6822440246,0.006185052237505197
31.9783,0.7297,0.7304,0.7311,0.7304,0.0135,0.0135,0.0141,0.013699999999999999,0.8546720052433215,0.008014770529483916,25977.059588613814,0.006158502301396497,0.8546719542936151,0.008014715897683032,25976.882518847222,0.006158557755411252
31.9974,0.7301,0.7309,0.7316,0.7308666666666666,0.0136,0.0136,0.0142,0.0138,0.8549454969191739,0.008070689915164412,26173.926440220752,0.00613386582571106,0.8549454361555969,0.008070632956671877,26173.741719037134,0.00613392854284547
32.0164,0.7306,0.7314,0.7321,0.7313666666666667,0.0136,0.0137,0.0143,0.013866666666666666,0.8552382057332946,0.008106903184226568,26306.980887543228,0.0061074533889927535,0.8552381478422223,0.008106835991894152,26306.762847761023,0.006107517207152976
32.0355,0.731,0.7319,0.7325,0.7317999999999999,0.0137,0.0139,0.0144,0.013999999999999999,0.8554922279365733,0.008182423839062163,26567.88629272421,0.0060847937871696955,0.8554921674453224,0.008182357675735054,26567.671463990584,0.006084857474057325
32.0546,0.7315,0.7323,0.733,0.7322666666666667,0.0138,0.014,0.0145,0.0141,0.8557654674265903,0.00823823847578232,26765.0615746374,0.006060357999826168,0.8557654078328993,0.008238171037304056,26764.842475004803,0.006060420907054837
32.0736,0.7319,0.7328,0.7334,0.7327,0.0138,0.0141,0.0146,0.014166666666666668,0.8560189666717378,0.008274738772290015,26899.581693313026,0.006037667552237658,0.8560189103920001,0.008274661995643607,26899.3321072259,0.006037732784132214
32.0927,0.7323,0.7332,0.7339,0.7331333333333333,0.0139,0.0143,0.0147,0.0143,0.8562727709204653,0.008350142901677758,27160.87080932165,0.006015186905037127,0.8562727043132342,0.008350059870986741,27160.600731803395,0.006015259129422469
32.1118,0.7327,0.7336,0.7343,0.7335333333333333,0.014,0.0144,0.0149,0.014433333333333334,0.8565070493929344,0.00842569441989256,27422.93157432258,0.005994511457817616,0.8565069882602038,0.008425601144406535,27422.627992547204,0.005994585857063158
32.1309,0.7331,0.734,0.7348,0.7339666666666665,0.0141,0.0145,0.015,0.014533333333333334,0.8567605287028978,0.008481560976750738,27621.17851563242,0.005972065874747458,0.8567604568307191,0.008481461933639684,27620.85597035347,0.005972148072978384
32.1499,0.7335,0.7344,0.7352,0.7343666666666667,0.0141,0.0146,0.0151,0.0146,0.8569942971965204,0.008518143030683217,27756.715889338495,0.005951337550223124,0.8569942312078166,0.008518032422463797,27756.355467952002,0.005951422084088907
32.169,0.7338,0.7348,0.7356,0.7347333333333333,0.0142,0.0147,0.0153,0.014733333333333334,0.8572089514340008,0.00859378177787681,28019.82429803248,0.005932549476779284,0.8572088800679065,0.008593653343297114,28019.40554009216,0.005932645586303122
32.1881,0.7341,0.7351,0.7359,0.7350333333333333,0.0142,0.0148,0.0154,0.0148,0.8573842929553326,0.008630902222960715,28157.56297193946,0.005917108079491183,0.857384228737336,0.008630761313746538,28157.1032679631,0.00591720706896412
32.2071,0.7345,0.7354,0.7363,0.7353999999999999,0.0141,0.0149,0.0155,0.014833333333333332,0.8575982690439001,0.008648182878139081,28230.59372831623,0.005898157481686272,0.8575982222083719,0.008648017770813261,28230.054762165484,0.005898263038751651
32.2262,0.7348,0.7357,0.7366,0.7357,0.0141,0.0149,0.0157,0.014899999999999998,0.8577735330619752,0.008685276139735923,28368.49227184455,0.005882776285602577,0.8577735048557683,0.008685086802676094,28367.873845114973,0.005882889473317496
32.2453,0.7352,0.7361,0.7369,0.7360666666666665,0.014,0.015,0.0158,0.014933333333333333,0.8579874129647501,0.008702536370397026,28441.715922104366,0.005863898468350165,0.8579874186920567,0.008702333819488981,28441.0539432121,0.005864012218323372
32.2643,0.7356,0.7364,0.7372,0.7364,0.0139,0.015,0.0158,0.014900000000000002,0.8581814273980533,0.008681148020865179,28388.531919219207,0.0058466189208774,0.8581814569166392,0.008680946653811127,28387.87342163021,0.005846729551015312
32.2834,0.7361,0.7367,0.7376,0.7368,0.0139,0.015,0.0159,0.014933333333333333,0.8584146193867828,0.008698205387043976,28461.150443155395,0.005826102281883623,0.8584146704840471,0.008698007499849197,28460.50294209388,0.005826210920969483
32.3025,0.7365,0.737,0.7379,0.7371333333333334,0.0138,0.0149,0.016,0.014900000000000002,0.8586085375220671,0.008676829631232804,28408.004681930273,0.005808894868503017,0.8586086243444027,0.00867662421737019,28407.332155417836,0.0058090078917627805
32.3215,0.737,0.7374,0.7382,0.7375333333333334,0.0138,0.0149,0.016,0.014900000000000002,0.8588414171907008,0.008674476860196893,28417.00645895775,0.005788384855465896,0.8588415219104578,0.008674300015527587,28416.42712764003,0.005788485195293258
32.3406,0.7374,0.7377,0.7385,0.7378666666666667,0.0137,0.0148,0.0161,0.014866666666666667,0.8590352397419724,0.008653118043873007,28363.78774288629,0.005771249586328934,0.8590353815406452,0.008652938009185677,28363.197612758406,0.005771357418547999
32.3597,0.7379,0.7381,0.7388,0.7382666666666666,0.0137,0.0148,0.0161,0.014866666666666667,0.8592680039184453,0.008650774030263283,28372.851174277894,0.005750825762402776,0.8592681596833329,0.008650625246340068,28372.36319203542,0.005750923910583627
32.3787,0.7383,0.7385,0.7391,0.7386333333333334,0.0137,0.0147,0.0161,0.014833333333333332,0.859481120835196,0.008629237439745011,28318.833006489476,0.005732065838381424,0.8594812847983836,0.008629102952683978,28318.391656179036,0.005732159663352992
32.3978,0.7388,0.7389,0.7394,0.7390333333333333,0.0137,0.0146,0.0161,0.014799999999999999,0.8597135701492996,0.008607517965215139,28264.21860396683,0.005711652792021003,0.8597137462387624,0.008607412951022962,28263.87377237935,0.005711740783777545
32.4169,0.7392,0.7393,0.7397,0.7394,0.0137,0.0145,0.0161,0.01476666666666667,0.8599265779533652,0.00858600434342221,28210.196459395862,0.005692975558763186,0.8599267618162263,0.008585914898381434,28209.9025785554,0.005693061594026849
32.436,0.7397,0.7397,0.7401,0.7398333333333333,0.0137,0.0145,0.0161,0.01476666666666667,0.8601784754536322,0.008583489989609472,28218.5518401471,0.005671046321590978,0.8601786617534385,0.008583414518626745,28218.30372640303,0.005671130766942321
32.455,0.7402,0.7402,0.7404,0.7402666666666665,0.0136,0.0144,0.0161,0.0147,0.8604299137955272,0.008542241363478973,28099.395519116784,0.0056490146971340405,0.8604301240451657,0.008542198401340682,28099.25419670914,0.005649102677089523
32.4741,0.7406,0.7406,0.7407,0.7406333333333334,0.0137,0.0144,0.0161,0.014733333333333334,0.8606431305775284,0.008559490461189407,28172.705892843776,0.005630626693028088,0.8606433286100689,0.008559466618939098,28172.62741846393,0.005630708086621417
32.4932,0.7411,0.7411,0.7411,0.7411,0.0137,0.0144,0.0161,0.014733333333333334,0.8609141761822574,0.008556795637091897,28180.401019915316,0.005607180415349076,0.8609143750066058,0.008556789644863906,28180.381285496613,0.005607261544739564
32.5122,0.7416,0.7415,0.7414,0.7414999999999999,0.0137,0.0143,0.0161,0.0147,0.8611462410885373,0.008535135670697575,28125.503910438947,0.005587055514050869,0.8611464441736345,0.008535160884492403,28125.58699648613,0.0055871396912603845
32.5313,0.742,0.7419,0.7417,0.7418666666666667,0.0138,0.0143,0.0161,0.014733333333333334,0.8613592803045497,0.008552373945586344,28198.864844834072,0.00556879867393262,0.8613594694092229,0.008552416066790294,28199.003726756782,0.005568879049911213
32.5504,0.7424,0.7424,0.742,0.7422666666666666,0.0138,0.0143,0.0161,0.014733333333333334,0.8615914172961912,0.008550069695198573,28207.819126742874,0.005548840971240021,0.8615916030608535,0.00855013534603453,28208.03571759794,0.005548924328738759
32.5694,0.7428,0.7428,0.7423,0.7426333333333334,0.0139,0.0143,0.016,0.014733333333333334,0.8618041546303441,0.008547959100785481,28217.317121425403,0.0055305870292359305,0.8618043080670644,0.008548036967496023,28217.57416402922,0.005530661598194941
32.5885,0.7432,0.7432,0.7426,0.743,0.0139,0.0143,0.016,0.014733333333333334,0.8620168394836563,0.008545850068405542,28226.898762711015,0.005512371887601524,0.8620169885377881,0.008545944496615955,28227.21065860368,0.005512450033665167
32.6076,0.7436,0.7436,0.7429,0.7433666666666667,0.014,0.0143,0.0159,0.014733333333333334,0.8622294718949334,0.00854374259612931,28236.477394393045,0.00549419549556945,0.8622295894408468,0.008543845275695,28236.8167432443,0.005494267171154421
32.6266,0.744,0.7441,0.7432,0.7437666666666667,0.014,0.0143,0.0158,0.0147,0.8624611836142962,0.008522122664347868,28181.436390287545,0.005474332590175409,0.8624612763613616,0.008522239448594012,28181.8225790264,0.005474405937662241
32.6457,0.7443,0.7445,0.7435,0.7441,0.014,0.0143,0.0158,0.0147,0.8626543885280127,0.008520214001975036,28191.618771172034,0.00545788053088797,0.8626544766138174,0.008520336043450873,28192.022581071677,0.005457957373762341
32.6648,0.7447,0.7449,0.7439,0.7445,0.014,0.0143,0.0157,0.014666666666666666,0.862885986911651,0.008498612151043158,28136.594967355282,0.005438102139216836,0.8628860608510158,0.00849872673796161,28136.974333498332,0.005438173221725996
32.6838,0.7451,0.7452,0.7442,0.7448333333333332,0.014,0.0143,0.0156,0.014633333333333332,0.8630789069803284,0.008477401785041071,28082.6984623387,0.005421642403840118,0.8630789648881999,0.008477517212126738,28083.080832329342,0.005421710362650211
32.7029,0.7454,0.7456,0.7445,0.7451666666666666,0.014,0.0143,0.0155,0.0146,0.8632717845541759,0.008456201315290977,28028.8387755385,0.005405214704053968,0.8632718250223231,0.008456312869298746,28029.208531316774,0.005405281455162951
32.722,0.7458,0.746,0.7448,0.7455333333333334,0.014,0.0142,0.0154,0.014533333333333334,0.8634837313755666,0.008415522380590956,27910.296176475476,0.005387111673441795,0.8634837556491152,0.008415642537766558,27910.694680835284,0.005387182071971172
32.7411,0.7462,0.7464,0.7452,0.7459333333333333,0.0139,0.0142,0.0153,0.014466666666666668,0.8637149231922072,0.008374676804934499,27791.04308728993,0.005367421578733914,0.8637149433709076,0.008374790953275233,27791.42188417124,0.005367490287207156
32.7601,0.7466,0.7468,0.7455,0.7463000000000001,0.0139,0.0141,0.0151,0.014366666666666666,0.8639265796720281,0.008314749774294028,27608.189566349716,0.005349324073941666,0.8639265730063034,0.008314861176337984,27608.559464281832,0.00534939309107926
32.7792,0.747,0.7472,0.7459,0.7467,0.0138,0.014,0.0149,0.014233333333333334,0.864157289815358,0.00823538347768833,27360.605380550413,0.005329572036996819,0.8641572737862094,0.008235484721591841,27360.94174551734,0.005329637213798355
32.7983,0.7474,0.7477,0.7464,0.7471666666666666,0.0138,0.0139,0.0148,0.014166666666666666,0.8644268693564018,0.008194254001624693,27239.823005236143,0.005306789012351208,0.8644268513616127,0.008194346595123702,27240.130810012997,0.005306849412650715
32.8173,0.7479,0.7482,0.7468,0.7476333333333334,0.0137,0.0138,0.0146,0.014033333333333333,0.8646960044723038,0.008114605168030843,26990.676250382337,0.005283919544914342,0.8646959683521226,0.008114695606659407,26990.977065972693,0.005283984236233039
32.8364,0.7483,0.7487,0.7473,0.7481,0.0137,0.0137,0.0145,0.013966666666666667,0.8649654224623854,0.008073540458361346,26869.71678792831,0.005261262513869381,0.8649653853107626,0.00807362395998981,26869.994691423028,0.0052613232846829144
32.8555,0.7488,0.7493,0.7478,0.7486333333333333,0.0136,0.0137,0.0144,0.013900000000000001,0.8652732797667579,0.008032144482579018,26747.495198455075,0.005235466263562953,0.8652732313561199,0.008032223060156657,26747.756866230746,0.005235531638497624
32.8745,0.7493,0.7498,0.7483,0.7491333333333333,0.0136,0.0137,0.0143,0.013866666666666666,0.8655619543414178,0.008010210359360769,26689.878892018078,0.005211420180649717,0.8655618996760156,0.008010278315052593,26690.105319178343,0.005211482932190117
32.8936,0.7497,0.7504,0.7489,0.7496666666666667,0.0137,0.0138,0.0143,0.013933333333333334,0.8658703150259212,0.008045854610986457,26824.22066022517,0.005186074245205133,0.8658702573997444,0.00804590588348904,26824.39159855175,0.00518613280613226
32.9127,0.7502,0.7509,0.7494,0.7501666666666668,0.0137,0.0139,0.0142,0.013933333333333334,0.8661589688405559,0.008043173271059944,26830.85185544599,0.0051622471832003455,0.8661589056036668,0.00804320540871442,26830.95906196973,0.005162303440365903
32.9317,0.7506,0.7514,0.7499,0.7506333333333334,0.0138,0.014,0.0142,0.013999999999999999,0.8664286501882119,0.008079141887194477,26966.396215913377,0.0051402196465181816,0.866428583681751,0.008079161703325453,26966.46235779414,0.005140274516174148
32.9508,0.7511,0.7518,0.7503,0.7510666666666665,0.0138,0.0141,0.0142,0.014033333333333333,0.8666788404780327,0.008096040123464649,27038.471713371637,0.005119757097413118,0.8666787742589253,0.008096053094170455,27038.515031840507,0.005119812034441121
32.9699,0.7515,0.7523,0.7508,0.7515333333333333,0.0139,0.0142,0.0142,0.014100000000000001,0.8669483619602738,0.008131972225033028,27174.217181031327,0.0050978481376860755,0.8669482937550866,0.008131972880079351,27174.219369967857,0.005097902216085411
32.9889,0.7519,0.7527,0.7513,0.7519666666666667,0.014,0.0143,0.0143,0.014199999999999999,0.8671987651267445,0.008187281031198862,27374.806491618565,0.0050776447409536345,0.8671987058863012,0.008187280165767105,27374.80359798064,0.005077692215447473
33.008,0.7523,0.7531,0.7517,0.7523666666666666,0.014,0.0143,0.0143,0.014199999999999999,0.8674293415639014,0.008185104722419357,27383.375159453837,0.00505883497770945,0.8674292823706886,0.00818510385678062,27383.372263448095,0.0050588823866790445
33.0271,0.7526,0.7535,0.7522,0.7527666666666667,0.014,0.0144,0.0143,0.014233333333333334,0.8676600381031431,0.00820213718984318,27456.235799551883,0.005040144845372831,0.8676599866622045,0.008202122923868661,27456.18804492999,0.005040188180779035
33.0462,0.753,0.7539,0.7527,0.7532,0.0141,0.0145,0.0143,0.0143,0.8679100573351216,0.008238180834029829,27592.83813260038,0.005020016683141551,0.867910012099829,0.008238159183653664,27592.765617158308,0.005020054800561805
33.0652,0.7534,0.7543,0.7531,0.7535999999999999,0.0141,0.0146,0.0144,0.014366666666666666,0.8681408097111937,0.008274387349356838,27730.04198618885,0.00500149534954599,0.8681407674065967,0.008274363093786118,27729.960698237726,0.005001534631588552
33.0843,0.7538,0.7546,0.7536,0.754,0.0141,0.0146,0.0144,0.014366666666666666,0.8683711356162109,0.00827219265900298,27738.700812683095,0.0049828671989769905,0.8683711074073631,0.008272170561897503,27738.62671564221,0.004982896282314106
33.1034,0.7541,0.755,0.754,0.7543666666666667,0.0141,0.0147,0.0145,0.014433333333333333,0.868582580278309,0.008308555606025307,27876.719045916165,0.004965982135136681,0.8685825527426277,0.008308526727494103,27876.62215317825,0.004966014880130542
33.1224,0.7545,0.7554,0.7545,0.7548,0.0141,0.0147,0.0145,0.014433333333333333,0.8688319702174496,0.008306170714299824,27884.71280517442,0.00494589560391935,0.8688319469142973,0.008306140889587615,27884.612680392125,0.004945925230343685
33.1415,0.7549,0.7558,0.7549,0.7552,0.0141,0.0147,0.0146,0.014466666666666668,0.8690622962582696,0.008323147102890817,27957.816933322105,0.004927476357642098,0.8690622743530488,0.008323121072744053,27957.729496915064,0.004927506493055723
33.1606,0.7553,0.7562,0.7553,0.7555999999999999,0.0141,0.0148,0.0147,0.014533333333333334,0.8692927456629314,0.008359285986132973,28095.391547650983,0.00490917782051845,0.8692927287351179,0.00835925603133724,28095.290870186873,0.00490921000388203
33.1796,0.7557,0.7566,0.7557,0.7560000000000001,0.0141,0.0148,0.0147,0.014533333333333334,0.8695227660600507,0.008357074650953677,28104.05282821642,0.004890770654227481,0.8695227491461165,0.00835704471965639,28103.95217209029,0.004890802799966899
33.1987,0.7561,0.7571,0.7561,0.7564333333333333,0.0141,0.0149,0.0148,0.0146,0.8697722551395628,0.008393001681605224,28241.11982590109,0.004871032516576794,0.8697722359117749,0.00839296424907021,28240.99387135624,0.00487107283405111
33.2178,0.7565,0.7575,0.7565,0.7568333333333332,0.0141,0.015,0.0149,0.014666666666666666,0.8700025189418781,0.008429094368893074,28378.883652936714,0.004852870885779632,0.8700025063498514,0.008429052559392624,28378.74288965932,0.004852913937719441
33.2368,0.7569,0.7579,0.7569,0.7572333333333333,0.0141,0.0151,0.015,0.014733333333333334,0.8702327231331125,0.008465168535774061,28516.639033371706,0.004834753757076265,0.8702327180080923,0.0084651223305927,28516.483381836504,0.004834799891764365
33.2559,0.7573,0.7583,0.7573,0.7576333333333333,0.0142,0.0152,0.0151,0.014833333333333336,0.8704630549459764,0.008520369273025725,28719.088279074094,0.004816758937046143,0.8704630498165994,0.008520323105519916,28718.932665082193,0.004816805021484673
33.275,0.7577,0.7587,0.7576,0.758,0.0142,0.0153,0.0152,0.014899999999999998,0.8706740005442081,0.008556589487387186,28857.73801497687,0.004800244631771937,0.8706739991883462,0.008556542831836326,28857.580665642105,0.004800297507891064
33.294,0.7581,0.759,0.7579,0.7583333333333334,0.0142,0.0155,0.0153,0.015,0.8708659494454206,0.008612117633920007,29061.59552161697,0.004785357022032928,0.8708659664937878,0.008612067950361504,29061.427864422454,0.004785413712489178
33.3131,0.7585,0.7594,0.7582,0.7587,0.0143,0.0156,0.0153,0.015066666666666666,0.8710768009134633,0.0086482998117187,29200.434311042714,0.004768914352759687,0.8710768086191004,0.00864824792154638,29200.259107175913,0.004768973818905624
33.3322,0.759,0.7597,0.7585,0.7590666666666666,0.0143,0.0157,0.0154,0.015133333333333332,0.8712876026884165,0.00868446497266483,29339.35569941739,0.004752508935485295,0.8712876243524188,0.008684431191985026,29339.241575705262,0.004752570229171961
33.3513,0.7594,0.76,0.7588,0.7594,0.0143,0.0157,0.0154,0.015133333333333332,0.8714788504796781,0.008682559149313008,29349.725451634094,0.004737482529339922,0.8714788728556523,0.008682535863751596,29349.646739261083,0.004737543533629413
33.3703,0.7598,0.7603,0.7591,0.7597333333333333,0.0144,0.0158,0.0154,0.0152,0.8716704379539761,0.00871889153180026,29489.330398135993,0.004722645469112696,0.8716704570224456,0.008718870867632364,29489.26050708709,0.004722705520390547
33.3894,0.7602,0.7606,0.7594,0.7600666666666666,0.0144,0.0158,0.0154,0.0152,0.8718616016341718,0.008716979834591103,29499.739558125206,0.004707679413582694,0.8718616197286618,0.00871696927252257,29499.70381429227,0.004707740380468054
33.4085,0.7606,0.7609,0.7598,0.7604333333333333,0.0145,0.0159,0.0154,0.01526666666666667,0.8720722160768407,0.008753097728159898,29638.913528081604,0.004691411302141187,0.8720722383264078,0.008753086613947794,29638.875894185378,0.004691466824673436
33.4275,0.761,0.7613,0.7601,0.7608,0.0146,0.0159,0.0154,0.0153,0.8722825886963399,0.00877009365901897,29713.352445062323,0.004675099938870607,0.8722825933341006,0.008770082242587022,29713.313765832736,0.004675157585908273
33.4466,0.7614,0.7616,0.7604,0.7611333333333334,0.0147,0.016,0.0154,0.015366666666666667,0.8724740028079504,0.008806375099550014,29853.323128737535,0.004660390839534122,0.8724740036593093,0.008806363375209233,29853.283383606322,0.004660450191831683
33.4657,0.7618,0.762,0.7608,0.7615333333333334,0.0148,0.016,0.0154,0.015400000000000002,0.8727033754117773,0.008823158265390926,29927.298026238142,0.004642667258854254,0.87270336822967,0.00882314344515131,29927.24775742119,0.0046427232178668605
33.4847,0.7622,0.7623,0.7611,0.7618666666666667,0.0149,0.0161,0.0153,0.015433333333333334,0.8728945056091046,0.00884031989785672,30002.53275796523,0.0046279441574900515,0.8728944959842937,0.008840293446131721,30002.442985337653,0.004628003399046304
33.5038,0.7626,0.7626,0.7615,0.7622333333333332,0.0151,0.0162,0.0153,0.015533333333333335,0.8731050695358065,0.00889545478277456,30206.871593253396,0.004611937670785239,0.8731050610096047,0.008895422878500514,30206.763253844907,0.004611991663787148
33.5229,0.7629,0.763,0.7619,0.7626,0.0152,0.0163,0.0153,0.015600000000000001,0.8733153905414605,0.008931481208828564,30346.499074652962,0.004595887074994825,0.8733153890881352,0.00893143492836778,30346.341827503526,0.004595939340083596
33.5419,0.7632,0.7633,0.7623,0.7629333333333334,0.0153,0.0164,0.0153,0.015666666666666666,0.873506584255188,0.008967686648878054,30486.783732099466,0.004581342412063713,0.8735065951710016,0.00896763584643459,30486.611022774585,0.0045813903795369326
33.561,0.7635,0.7636,0.7626,0.7632333333333333,0.0154,0.0164,0.0153,0.015700000000000002,0.8736784669071612,0.008984998826616684,30563.03248536475,0.004568212500177713,0.8736784735540302,0.0089849448518585,30562.848886866897,0.004568258672658602
33.5801,0.7638,0.7639,0.763,0.7635666666666667,0.0155,0.0165,0.0153,0.01576666666666667,0.873869583132892,0.009021178314813565,30703.563122009822,0.004553725394081532,0.8738696026060638,0.009021121894736061,30703.371096384057,0.004553768418498923
33.5991,0.7641,0.7641,0.7634,0.7638666666666666,0.0156,0.0166,0.0154,0.015866666666666668,0.8740417904487813,0.009076606427777462,30909.691761294474,0.004540812376530107,0.8740418203503783,0.00907656469371032,30909.549639107998,0.0045408483148709445
33.6182,0.7644,0.7644,0.7638,0.7642000000000001,0.0157,0.0166,0.0154,0.015899999999999997,0.8742326321903556,0.009093689376568875,30985.47067102998,0.004526300170697773,0.874232664672335,0.009093650918520347,30985.339630625433,0.004526331022626776
33.6373,0.7647,0.7647,0.7642,0.7645333333333334,0.0157,0.0166,0.0154,0.015899999999999997,0.8744232341794516,0.009091707183948422,30996.31701946546,0.004511734647539442,0.8744232714032297,0.009091674839077975,30996.20674624195,0.004511762251528286
33.6564,0.765,0.765,0.7645,0.7648333333333334,0.0158,0.0167,0.0154,0.015966666666666667,0.8745951373755674,0.00912803306600732,31137.833402198772,0.004498817489246069,0.8745951810848508,0.009127996377745065,31137.708250045,0.0044988478395798235
33.6754,0.7653,0.7653,0.7649,0.7651666666666667,0.0159,0.0167,0.0155,0.016033333333333333,0.874786058547034,0.009164145436864753,31278.668797233386,0.004484475359054361,0.8747860975220233,0.009164117637034883,31278.57391204446,0.004484499425244538
33.6945,0.7656,0.7656,0.7653,0.7655,0.016,0.0168,0.0155,0.0161,0.8749769393884322,0.009200242472247981,31419.684154960785,0.0044701634380551235,0.8749769884123543,0.009200218518133128,31419.60234942955,0.004470188402185205
33.7136,0.7658,0.7659,0.7657,0.7658,0.016,0.0168,0.0155,0.0161,0.8751483367462028,0.00919844060942998,31431.337639819485,0.004457156992653927,0.8751483884186223,0.0091984228064778,31431.276806616923,0.004457180210708422
33.7326,0.7661,0.7662,0.766,0.7661000000000001,0.0161,0.0168,0.0156,0.016166666666666666,0.875320101446445,0.009234716899537553,31573.0784146878,0.004444342820548571,0.8753201448481063,0.009234700606928442,31573.022710995894,0.004444362562675635
33.7517,0.7663,0.7665,0.7664,0.7664,0.0161,0.0168,0.0156,0.016166666666666666,0.8754914314952467,0.009232909703671249,31584.773435796706,0.004431384167940237,0.875491475064202,0.009232899626987897,31584.738964565982,0.00443140393998271
33.7708,0.7666,0.7668,0.7668,0.7667333333333333,0.0161,0.0169,0.0157,0.016233333333333332,0.8756821609648524,0.009268964275491431,31726.055718279706,0.004417182617107887,0.8756822055005496,0.00926895954450449,31726.03952493265,0.004417203229540861
33.7898,0.7668,0.7671,0.7672,0.7670333333333333,0.0161,0.0169,0.0157,0.016233333333333332,0.8758534200636913,0.009267151878079999,31737.69830004373,0.004404274305795504,0.8758534610087931,0.009267152224415398,31737.699486156635,0.004404297588513313
33.8089,0.7671,0.7673,0.7675,0.7673,0.0161,0.0169,0.0158,0.01626666666666667,0.8760058236987254,0.009284565368519378,31815.308929488314,0.004392904947086056,0.8760058590296976,0.009284571676232874,31815.330544054596,0.004392925358178052
33.828,0.7674,0.7676,0.7679,0.7676333333333334,0.0161,0.017,0.0159,0.016333333333333335,0.8761964429892835,0.009320588701324026,31956.793129751142,0.0043787836631054,0.8761964779793282,0.009320597898227014,31956.824662472474,0.004378807178792999
33.847,0.7676,0.7679,0.7682,0.7679,0.0161,0.017,0.016,0.016366666666666668,0.8763487878668932,0.009337986708755366,32034.42686653422,0.0043674570183039035,0.8763488143792887,0.00933798956249122,32034.436656416696,0.004367480749578187
33.8661,0.7679,0.7682,0.7686,0.7682333333333333,0.0161,0.017,0.016,0.016366666666666668,0.8765389286864753,0.009335961091419553,32045.55112198624,0.004353218620750018,0.8765389512058653,0.009335968606785032,32045.576918369305,0.004353245294309179
33.8852,0.7682,0.7685,0.7689,0.7685333333333334,0.0161,0.017,0.0161,0.0164,0.8767102227651317,0.009353147467744587,32122.649616508195,0.004340514404716971,0.8767102410098896,0.009353150579524997,32122.66030367337,0.004340539301833884
33.9042,0.7685,0.7688,0.7692,0.7688333333333334,0.016,0.0171,0.0162,0.016433333333333335,0.8768814836512943,0.009370327484224046,32199.697825024254,0.004327834020711731,0.8768815106845027,0.009370322066234994,32199.6792069332,0.004327862668819605
33.9233,0.7688,0.769,0.7696,0.7691333333333333,0.016,0.0171,0.0163,0.016466666666666668,0.8770527113640924,0.009387501146341815,32276.885500576744,0.004315177443759247,0.877052729921258,0.009387501358503116,32276.886230047337,0.004315209447053831
33.9424,0.7691,0.7693,0.7699,0.7694333333333333,0.016,0.0171,0.0163,0.016466666666666668,0.8772237024608956,0.009385671306229557,32288.76346137333,0.004302458901168937,0.8772237210072057,0.00938567151850646,32288.764191652343,0.004302490884194212
33.9615,0.7695,0.7696,0.7702,0.7697666666666666,0.016,0.0171,0.0164,0.0165,0.8774138568335961,0.009402632447328597,32365.315802449884,0.00428844062168818,0.8774138774370943,0.009402633010363405,32365.317740502815,0.0042884692697820375
33.9805,0.7698,0.7699,0.7705,0.7700666666666667,0.016,0.0171,0.0165,0.016533333333333334,0.8775849811384058,0.009419790498173677,32442.516513844897,0.004275857784256453,0.8775850007374483,0.009419785750550642,32442.50016264911,0.004275886036341641
33.9996,0.7702,0.7702,0.7708,0.7704,0.016,0.0171,0.0166,0.01656666666666667,0.877775057760257,0.009436738102890816,32519.153756080952,0.004261895085979821,0.8777750802712996,0.009436734912786564,32519.14276292955,0.004261921294089618
34.0187,0.7706,0.7705,0.7711,0.7707333333333333,0.016,0.0171,0.0167,0.0166,0.8779650934840018,0.009453678809783478,32595.832831773118,0.004247961583847363,0.8779651189285526,0.009453677994486506,32595.830020668112,0.0042479866847556684
34.0377,0.7709,0.7708,0.7714,0.7710333333333333,0.016,0.0171,0.0168,0.016633333333333333,0.8781361111544843,0.009470817292473208,32673.163810847793,0.004235455006407611,0.878136138077028,0.009470811917167891,32673.14526670046,0.004235480758048813
34.0568,0.7713,0.7711,0.7717,0.7713666666666666,0.0161,0.0171,0.0169,0.0167,0.8783262744273362,0.009506717768911101,32815.419872674225,0.004221663539588372,0.8783262973760418,0.009506717034836415,32815.417338785075,0.00422168618508352
34.0759,0.7716,0.7714,0.772,0.7716666666666666,0.0162,0.0172,0.017,0.0168,0.8784976347601529,0.009561778731814583,33023.990456478845,0.004209381043774875,0.8784976576952511,0.00956177799399939,33023.987908249845,0.004209403676822263
34.0949,0.7719,0.7717,0.7723,0.7719666666666667,0.0163,0.0172,0.017,0.016833333333333336,0.8786685505586689,0.009578886898040203,33101.52420386348,0.004196948318911998,0.8786685665500112,0.009578887202907782,33101.525257386886,0.0041969680050935486
34.114,0.7722,0.772,0.7726,0.7722666666666665,0.0164,0.0173,0.0171,0.01693333333333333,0.8788398482925978,0.009633913031044734,33310.326693703,0.004184714535618474,0.878839864274613,0.009633913332827449,33310.32773715033,0.004184734210206334
34.1331,0.7725,0.7723,0.7728,0.7725333333333334,0.0165,0.0174,0.0172,0.017033333333333334,0.8789921572550365,0.009689127026185896,33519.99214869397,0.004173890339988694,0.8789921769728776,0.009689129245604828,33519.99982687849,0.004173907420277563
34.1521,0.7728,0.7726,0.773,0.7728,0.0166,0.0174,0.0173,0.0171,0.8791442331929065,0.00972536664313701,33664.09331850309,0.0041629972659415525,0.8791442516585507,0.009725368489777444,33664.09971059896,0.0041630105896995374
34.1712,0.773,0.7728,0.7733,0.7730333333333334,0.0167,0.0175,0.0174,0.0172,0.8792775423842715,0.009780757025457533,33874.759931953886,0.004153592817769283,0.8792775579031623,0.009780756514484632,33874.75816224584,0.0041536081374637735
34.1903,0.7732,0.773,0.7735,0.7732333333333333,0.0167,0.0175,0.0175,0.017233333333333333,0.8793914616418803,0.009798442494060521,33954.98048108839,0.00414540362794378,0.8793914799013179,0.009798438622986488,33954.96706648261,0.004145420129904606
34.2093,0.7734,0.7733,0.7737,0.7734666666666667,0.0168,0.0175,0.0175,0.017266666666666666,0.8795243139314171,0.009815912074949633,34034.421471801616,0.004135847929850546,0.8795243284289582,0.00981590587640254,34034.399979762704,0.0041358600933964415
34.2284,0.7736,0.7735,0.7739,0.7736666666666666,0.0168,0.0175,0.0176,0.0173,0.8796382018347602,0.009833588379811615,34114.74658014078,0.00412768146514879,0.8796382194920712,0.009833579219632741,34114.714801590686,0.004127694987101796
34.2475,0.7738,0.7738,0.7741,0.7738999999999999,0.0168,0.0175,0.0176,0.0173,0.8797708055581913,0.009832106209196915,34128.63833479543,0.004118062478826221,0.8797708247569812,0.009832094551573653,34128.597869527905,0.004118074831459991
34.2666,0.7741,0.774,0.7744,0.7741666666666666,0.0167,0.0175,0.0177,0.0173,0.8799223282135644,0.009830413120167187,34141.79181474857,0.004107086583362631,0.8799223567303907,0.009830399936461178,34141.7460267089,0.0041071047300015985
34.2856,0.7743,0.7743,0.7746,0.7744,0.0167,0.0176,0.0177,0.017333333333333333,0.88005510083667,0.00984786822828157,34221.37917806121,0.004097587429471869,0.8800551337815007,0.009847853676725783,34221.32861135006,0.004097605623634818
34.3047,0.7746,0.7746,0.7748,0.7746666666666666,0.0167,0.0176,0.0177,0.017333333333333333,0.8802065745037736,0.009846173520745224,34234.55100578293,0.004086645931967992,0.880206609616171,0.009846163385330816,34234.51576555882,0.004086662716804128
34.3238,0.7748,0.7748,0.775,0.7748666666666667,0.0167,0.0176,0.0177,0.017333333333333333,0.8803201626584537,0.009844903064010861,34249.192187753055,0.00407845184036288,0.8803201977573516,0.009844892932818162,34249.15694259486,0.004078468621639999
34.3428,0.7751,0.7751,0.7752,0.7751333333333333,0.0167,0.0177,0.0178,0.0174,0.8804720147464912,0.009881063627563408,34394.018623270924,0.004067722194336115,0.8804720593154233,0.009881057251243051,34393.99642856705,0.0040677415873487536
34.3619,0.7753,0.7753,0.7754,0.7753333333333333,0.0167,0.0177,0.0178,0.0174,0.8805855685693932,0.009879789438445113,34408.70944313995,0.004059552104460195,0.8805856131211446,0.00987978306497604,34408.6872460226,0.004059571493908981
34.381,0.7756,0.7755,0.7756,0.7755666666666666,0.0167,0.0177,0.0178,0.0174,0.880718029534338,0.00987830350719715,34422.65747759065,0.004050033335424685,0.8807180743503792,0.009878305669707167,34422.6650132309,0.004050052775624999
34.4,0.7758,0.7757,0.7758,0.7757666666666667,0.0167,0.0178,0.0178,0.017433333333333332,0.8808317640068644,0.009895949513691504,34503.20504269355,0.004041975626297843,0.8808318128949161,0.009895952349957117,34503.21493161365,0.004041996791500868
34.4191,0.776,0.7759,0.776,0.7759666666666667,0.0166,0.0177,0.0177,0.017333333333333333,0.8809446358437042,0.009837924330358714,34319.939485372044,0.004033568342612712,0.8809446847125028,0.009837927175407235,34319.949410422276,0.004033589504033676
34.4382,0.7763,0.7761,0.7762,0.7761999999999999,0.0166,0.0177,0.0177,0.017333333333333333,0.8810770429808824,0.009836445899606076,34333.82403987971,0.004024087562078101,0.8810770913119311,0.009836457698640695,34333.865224061745,0.004024109346106931
34.4572,0.7765,0.7763,0.7764,0.7764000000000001,0.0165,0.0177,0.0176,0.017266666666666666,0.8811900976463561,0.009797356275782893,34216.24999992651,0.004015793399290786,0.8811901508659515,0.00979736913295761,34216.29490227486,0.004015817253541763
34.4763,0.7768,0.7765,0.7766,0.7766333333333334,0.0165,0.0176,0.0176,0.017233333333333337,0.8813222580845677,0.009776976114722759,34164.00138791936,0.00400624940515462,0.8813223050448219,0.009776996887798711,34164.073975945284,0.004006272374555771
34.4954,0.7771,0.7767,0.7769,0.7768999999999999,0.0164,0.0176,0.0175,0.017166666666666667,0.881473095825735,0.00973748759205488,34044.86591656869,0.00399528320079554,0.8814731458228905,0.00973751515825696,34044.962295397905,0.0039953096942806346
34.5144,0.7774,0.7769,0.7771,0.7771333333333333,0.0163,0.0175,0.0175,0.0171,0.8816050072564279,0.009698220778722101,33926.254844181814,0.0039856812337805015,0.8816050591633505,0.009698258008184987,33926.38508005438,0.0039857116616150365
34.5335,0.7777,0.7772,0.7774,0.7774333333333333,0.0163,0.0174,0.0174,0.01703333333333333,0.8817746996582468,0.00965855186133985,33806.18301831125,0.0039734076632750035,0.8817747421138611,0.00965858614062446,33806.303000249114,0.003973434100157949
34.5526,0.778,0.7774,0.7776,0.7776666666666667,0.0162,0.0174,0.0174,0.016999999999999998,0.8819067760820719,0.009638206929038258,33753.63146492262,0.003963926731903034,0.8819068246007705,0.009638253960830248,33753.7961733363,0.003963959749061341
34.5717,0.7783,0.7777,0.7779,0.7779666666666666,0.0162,0.0174,0.0174,0.016999999999999998,0.8820768253875527,0.009636348847806125,33765.77909168555,0.0039518703883857625,0.8820768738776154,0.009636395853019777,33765.943798016284,0.003951903390812628
34.5907,0.7786,0.7779,0.7781,0.7782,0.0162,0.0173,0.0173,0.01693333333333333,0.8822086515147303,0.009597124956924327,33646.82007130231,0.003942333922905043,0.882208686389952,0.009597177241815922,33647.00337831851,0.003942366100123588
34.6098,0.7789,0.7781,0.7784,0.7784666666666666,0.0162,0.0173,0.0173,0.01693333333333333,0.8823597565226569,0.009595481439492057,33659.6336537926,0.003931652315959553,0.8823597874820153,0.009595538273893317,33659.83302108203,0.003931687333308104
34.6289,0.7792,0.7783,0.7786,0.7787000000000001,0.0162,0.0172,0.0173,0.0169,0.8824917470979725,0.009575160365846925,33606.88640852654,0.003922233463897681,0.8824917684761707,0.009575221525700063,33607.10106730599,0.003922270724700011
34.6479,0.7795,0.7785,0.7789,0.7789666666666667,0.0162,0.0171,0.0172,0.016833333333333332,0.882642394970292,0.0095357607051615,33486.96490016774,0.003911411767813259,0.8826424029179045,0.009535819440520621,33487.17116256989,0.003911449221071701
34.667,0.7798,0.7787,0.7791,0.7792,0.0162,0.017,0.0172,0.0168,0.8827743448319535,0.009515455505901157,33434.079348256404,0.0039020231687097824,0.8827743431400985,0.009515516136336014,33434.292383015345,0.0039020641997545395
34.6861,0.7801,0.779,0.7793,0.7794666666666666,0.0161,0.0169,0.0171,0.016700000000000003,0.882924745030043,0.009457204645132092,33247.71355298891,0.0038911502943974555,0.8829247418708768,0.009457270132927855,33247.943781640664,0.003891192450310551
34.7051,0.7804,0.7792,0.7796,0.7797333333333333,0.0161,0.0167,0.017,0.0166,0.8830751236689175,0.009398973855719675,33061.09756387412,0.0038802971178128398,0.8830751056048859,0.009399027676582836,33061.28687994577,0.0038803397836762207
34.7242,0.7807,0.7795,0.7799,0.7800333333333334,0.0161,0.0166,0.0169,0.016533333333333334,0.8832445484051865,0.009359431294077649,32940.124403907124,0.00386822781923834,0.8832445244517473,0.009359477204497464,32940.28598369681,0.0038682679951140466
34.7433,0.7811,0.7798,0.7801,0.7803333333333334,0.0161,0.0164,0.0169,0.016466666666666668,0.8834139425818694,0.00931990422210115,32819.05269038638,0.0038561820722988944,0.8834139076732676,0.009319947217784681,32819.20409511861,0.0038562297698279753
34.7623,0.7814,0.7802,0.7804,0.7806666666666665,0.0161,0.0163,0.0168,0.016399999999999998,0.8836021665191526,0.009280194538570081,32697.09047831447,0.0038428442702375665,0.8836021333892754,0.009280229396984299,32697.213295645386,0.003842885946699177
34.7814,0.7817,0.7805,0.7807,0.7809666666666666,0.0161,0.0162,0.0168,0.016366666666666665,0.8837716933918968,0.009259555827053704,32642.299028717916,0.0038309322794256363,0.8837716617134058,0.009259584981859179,32642.401806852868,0.003830974569659352
34.8005,0.782,0.7809,0.781,0.7813,0.0162,0.0162,0.0167,0.016366666666666665,0.8839602382473702,0.009257580804267525,32653.258070973934,0.003817817124757539,0.8839602042647776,0.009257599965035002,32653.325654665445,0.0038178525857025906
34.8195,0.7823,0.7812,0.7813,0.7816,0.0162,0.0161,0.0167,0.01633333333333333,0.8841296971298205,0.00923695549779406,32598.29662349677,0.003805953271789966,0.8841296654270479,0.00923696975003911,32598.346921336994,0.0038059896986465057
34.8386,0.7825,0.7816,0.7815,0.7818666666666666,0.0162,0.0161,0.0166,0.0163,0.8842802786340989,0.009216534844120754,32544.071789776324,0.00379541750268741,0.8842802509951162,0.009216550172811339,32544.125916193163,0.003795446608039502
34.8577,0.7828,0.7819,0.7818,0.7821666666666668,0.0162,0.016,0.0166,0.016266666666666665,0.8844496773204827,0.009195925491175483,32489.101220063003,0.003783596845645914,0.8844496524070019,0.00919593751288609,32489.143692631227,0.003783627103771348
34.8768,0.783,0.7822,0.7821,0.7824333333333332,0.0162,0.016,0.0165,0.016233333333333332,0.8846002054579438,0.009175519762020594,32434.770650912895,0.003773099478298069,0.8846001840113092,0.009175526852550062,32434.79571540003,0.0037731231230778493
34.8958,0.7833,0.7825,0.7823,0.7826999999999998,0.0162,0.0159,0.0164,0.016166666666666666,0.8847505138250107,0.009136285548323107,32313.674752480216,0.0037625369573316783,0.8847504878556012,0.009136288764837507,32313.6861288103,0.0037625636216935196
34.9149,0.7835,0.7828,0.7826,0.7829666666666667,0.0162,0.0159,0.0163,0.016133333333333333,0.8849009923445147,0.009115897412765644,32259.21218896301,0.0037520758780421426,0.8849009706671934,0.009115896483062288,32259.20889894158,0.003752096738183868
34.934,0.7838,0.7832,0.7829,0.7833000000000001,0.0161,0.0158,0.0162,0.016033333333333333,0.8850887174780984,0.009057472441304011,32069.992822345084,0.003738880418391216,0.88508869750056,0.009057474261976084,32069.99926883893,0.0037389001633767894
34.953,0.7841,0.7835,0.7833,0.7836333333333334,0.016,0.0157,0.0161,0.01593333333333333,0.8852764069154854,0.008999072611030895,31880.54510594044,0.0037257144472539064,0.8852763912905689,0.008999072290208106,31880.543969378294,0.003725731104595885
34.9721,0.7844,0.7839,0.7836,0.7839666666666667,0.016,0.0157,0.0161,0.01593333333333333,0.88546463257913,0.00899715965330003,31891.185530031948,0.003712822661337182,0.8854646182476947,0.008997162095612238,31891.194187012006,0.0037128384877423474
34.9912,0.7848,0.7842,0.784,0.7843333333333332,0.016,0.0156,0.016,0.015866666666666668,0.8856712532232321,0.008957424444410576,31767.68119328037,0.0036985104608737145,0.8856712386474417,0.008957418492430884,31767.660084467847,0.0036985275611207216
35.0102,0.7851,0.7846,0.7843,0.7846666666666667,0.016,0.0156,0.016,0.015866666666666668,0.8858593951872851,0.008955522034798812,31778.180246500622,0.0036856769345013267,0.8858593819142194,0.008955519245138962,31778.170347545183,0.003685693208039619
35.0293,0.7855,0.7849,0.7847,0.7850333333333334,0.016,0.0156,0.0159,0.015833333333333335,0.8860661153779298,0.008934622969178973,31721.317351492882,0.00367151068524223,0.8860660995029171,0.008934613069356124,31721.282203348037,0.003671527211872415
35.0484,0.7858,0.7853,0.785,0.7853666666666667,0.016,0.0155,0.0159,0.015799999999999998,0.8862539843038519,0.008913923254410953,31665.081698038783,0.00365865412080448,0.886253972885228,0.008913915222895918,31665.053167550857,0.0036586711828917244
35.0674,0.7861,0.7857,0.7854,0.7857333333333334,0.016,0.0155,0.0159,0.015799999999999998,0.8864608024549653,0.008911843567274558,31674.855862823377,0.003644633053650199,0.8864607958979903,0.008911837786766645,31674.83531749473,0.0036446468046431074
35.0865,0.7864,0.786,0.7857,0.7860333333333333,0.0161,0.0155,0.0159,0.015833333333333335,0.8866301705244205,0.008928938953186052,31752.902308203775,0.0036332671697951314,0.8866301666251739,0.008928928711482364,31752.865886875505,0.0036332820778149726
35.1056,0.7867,0.7864,0.786,0.7863666666666665,0.0161,0.0155,0.0158,0.0158,0.8868179202465146,0.008908254805908802,31696.59103586728,0.0036204933934946776,0.886817915938085,0.008908244182667165,31696.553237156648,0.003620508116253691
35.1246,0.7871,0.7868,0.7864,0.7867666666666667,0.0161,0.0155,0.0158,0.0158,0.8870433942782049,0.008905990452057463,31705.684806809368,0.00360529847213495,0.8870433899732237,0.008905979836845225,31705.64701622614,0.003605313179227065
35.1437,0.7874,0.7871,0.7868,0.7871,0.0162,0.0155,0.0158,0.015833333333333335,0.8872314342544618,0.008922887942221814,31783.11413159299,0.0035927472651064805,0.8872314377930929,0.008922873515893243,31783.062745354535,0.003592760898800272
35.1628,0.7877,0.7875,0.7871,0.7874333333333333,0.0162,0.0155,0.0158,0.015833333333333335,0.8874192456589003,0.008920999522372438,31793.657548413386,0.003580142465955014,0.8874192489170157,0.008920989088597607,31793.62036335772,0.0035801563883347876
35.1819,0.788,0.7879,0.7875,0.7878,0.0162,0.0155,0.0158,0.015833333333333335,0.8876257923240949,0.008918923644545721,31803.5252071152,0.0035663088417680748,0.8876257984909648,0.008918917499397739,31803.50329445214,0.0035663208630416355
35.2009,0.7883,0.7883,0.7879,0.7881666666666667,0.0163,0.0156,0.0158,0.0159,0.8878326687881688,0.008954390032582573,31947.23675887281,0.003552670710311035,0.8878326777636111,0.008954384994553151,31947.218784324214,0.003552681703311984
35.22,0.7886,0.7887,0.7883,0.7885333333333332,0.0163,0.0156,0.0159,0.01593333333333333,0.8880393085378643,0.008971074354560854,32024.129504926557,0.00353898464883357,0.8880393181321645,0.00897107683961119,32024.138375834398,0.0035389945202456987
35.2391,0.7889,0.7891,0.7886,0.7888666666666667,0.0164,0.0157,0.016,0.016033333333333333,0.8882275191024217,0.00902546531632705,32235.761594633324,0.0035267426002466183,0.8882275264346342,0.009025471830844562,32235.784862179775,0.003526754126552845
35.2581,0.7892,0.7894,0.789,0.7892,0.0165,0.0158,0.016,0.0161,0.8884155013790428,0.00906107557500409,32380.39806548305,0.0035144468232276966,0.8884155122115938,0.009061079995506293,32380.413862462097,0.003514456763204146
35.2772,0.7895,0.7898,0.7893,0.7895333333333333,0.0165,0.0159,0.0161,0.016166666666666666,0.8886034451652477,0.0090966711611508,32525.211425739635,0.003502178870725439,0.8886034489675584,0.009096678961468055,32525.239315828596,0.0035021888566423797
35.2963,0.7897,0.7901,0.7897,0.7898333333333333,0.0166,0.016,0.0162,0.01626666666666667,0.8887727930732581,0.009151195217405685,32737.87812358757,0.003491261082380432,0.8887727982091675,0.00915120772168095,32737.922856918023,0.003491270276241385
35.3153,0.79,0.7905,0.79,0.7901666666666666,0.0167,0.0161,0.0163,0.016366666666666665,0.8889608585212683,0.00920550466861517,32949.89446997063,0.0034791297943009116,0.8889608601982988,0.009205520434880406,32949.950903245546,0.0034791414452708543
35.3344,0.7903,0.7908,0.7903,0.7904666666666667,0.0168,0.0162,0.0164,0.016466666666666668,0.8891301445911978,0.009259986722323605,33162.831982458614,0.0034682612475380485,0.8891301462700699,0.009260002479261226,33162.88841285,0.0034682728908143143
35.3535,0.7905,0.7911,0.7905,0.7906999999999998,0.0169,0.0164,0.0165,0.0166,0.8892621186882799,0.009333580983120468,33444.4640674127,0.0034599650891246904,0.8892621132167138,0.009333595377103559,33444.51564451383,0.003459978506587714
35.3725,0.7908,0.7914,0.7908,0.7909999999999999,0.017,0.0165,0.0166,0.016700000000000003,0.8894313548179485,0.009388020733437991,33657.613643051474,0.0034491388753413186,0.8894313493520691,0.00938803512014916,33657.665221800584,0.0034491522823310535
35.3916,0.791,0.7917,0.7911,0.7912666666666667,0.0171,0.0167,0.0167,0.016833333333333332,0.8895820278257379,0.009461372198851481,33938.90684620291,0.0034396495213037444,0.8895820175855927,0.009461385154952205,33938.95332105732,0.003439663952274147
35.4107,0.7912,0.7919,0.7913,0.7914666666666667,0.0172,0.0168,0.0168,0.01693333333333333,0.8896950196318072,0.009516369632113438,34154.61073166484,0.0034325455438004265,0.8896950093979309,0.009516382585110684,34154.657220462126,0.0034325599667736316
35.4297,0.7914,0.7921,0.7916,0.7917,0.0172,0.0169,0.0169,0.016999999999999998,0.8898265273626955,0.009552423690034208,34302.40557207866,0.0034241414350098267,0.8898265158881439,0.009552434708200977,34302.44513791425,0.0034241535666123014
35.4488,0.7916,0.7924,0.7918,0.7919333333333333,0.0173,0.0171,0.017,0.017133333333333334,0.8899584212917354,0.009625917865053277,34584.95503370355,0.0034159255597963367,0.8899584037785445,0.009625924741892777,34584.979741496434,0.0034159408217830597
35.4679,0.7918,0.7926,0.7921,0.7921666666666667,0.0174,0.0172,0.0171,0.017233333333333333,0.8900900976857944,0.00968066793358395,34800.407069961635,0.0034076375370921032,0.8900900814128038,0.009680676347286123,34800.437315835436,0.0034076519908378274
35.487,0.7919,0.7928,0.7923,0.7923333333333332,0.0174,0.0173,0.0172,0.0173,0.8901841130856593,0.009717090962245656,34950.1529154214,0.0034017138797776936,0.8901840904185843,0.009717096433929399,34950.1725958159,0.0034017308600362566
35.506,0.7921,0.7929,0.7925,0.7925,0.0174,0.0174,0.0172,0.017333333333333333,0.8902779150890276,0.009734787890138423,35032.55136376016,0.003395709161274494,0.890277897780566,0.009734788460550729,35032.55341650117,0.003395722769257418
35.5251,0.7923,0.7931,0.7927,0.7927,0.0175,0.0175,0.0173,0.017433333333333332,0.8903908346289826,0.009789708437754027,35249.14540380465,0.00338867220140434,0.8903908173272432,0.009789709011076944,35249.147468129944,0.003388685800398238
35.5442,0.7925,0.7933,0.7929,0.7928999999999999,0.0175,0.0175,0.0174,0.01746666666666667,0.8905033301067373,0.009807187730883609,35331.067391396275,0.0033814680495011865,0.8905033116323038,0.009807188342660004,35331.06959536276,0.003381481130393688
35.5632,0.7926,0.7935,0.7931,0.7930666666666667,0.0175,0.0176,0.0174,0.0175,0.8905971001081557,0.009824869179269264,35413.68614433482,0.0033754869468385863,0.8905970771598302,0.009824865220548708,35413.67187514866,0.003375503823094824
35.5823,0.7928,0.7936,0.7933,0.7932333333333332,0.0176,0.0177,0.0175,0.0176,0.8906912748378772,0.009879966548007876,35631.4106643743,0.003369691646146019,0.8906912566488182,0.009879963615665009,35631.40008908415,0.0033697052972989825
35.6014,0.793,0.7938,0.7935,0.7934333333333333,0.0176,0.0177,0.0175,0.0176,0.8908035263025013,0.009878721558868021,35646.04464948936,0.0033624243190915172,0.8908035081203406,0.009878718627481355,35646.034071972885,0.003362437961139985
35.6204,0.7931,0.7939,0.7937,0.7935666666666666,0.0175,0.0178,0.0176,0.017633333333333334,0.8908785603614598,0.009896597649727609,35729.60638187639,0.0033576745012930402,0.890878542248203,0.009896584889993525,35729.56031551172,0.003357689554583956
35.6395,0.7933,0.7941,0.7938,0.7937333333333334,0.0175,0.0178,0.0176,0.017633333333333334,0.8909720845333096,0.009895558816842885,35745.012438382364,0.0033516311328001466,0.8909720675911311,0.009895545630182181,35744.96480516027,0.003351645369158742
35.6586,0.7934,0.7942,0.794,0.7938666666666667,0.0174,0.0178,0.0176,0.0176,0.8910466893211675,0.009876025695921192,35693.57308921165,0.0033467115937661457,0.8910466729988252,0.0098760073827546,35693.506902430614,0.003346727442715433
35.6776,0.7936,0.7943,0.7942,0.7940333333333333,0.0173,0.0178,0.0175,0.017533333333333335,0.8911397822368221,0.009837588716621772,35573.60017096273,0.003340501496781254,0.8911397721717456,0.009837569413905971,35573.53037061694,0.003340516107634425
35.6967,0.7938,0.7945,0.7945,0.7942666666666666,0.0172,0.0177,0.0175,0.01746666666666667,0.8912702632438451,0.009798748700027282,35452.120333445106,0.003331890890785973,0.8912702507567939,0.009798727128067524,35452.042285549745,0.0033319070837932643
35.7158,0.7941,0.7947,0.7947,0.7944999999999999,0.0171,0.0176,0.0175,0.017400000000000002,0.891400726970286,0.009759920243243179,35330.53196330251,0.003323294156531863,0.8914007203975035,0.009759899270849528,35330.45604405258,0.0033233072044143515
35.7348,0.7943,0.7949,0.795,0.7947333333333333,0.0171,0.0176,0.0175,0.017400000000000002,0.8915315818388376,0.009758487727440462,35344.13859921596,0.0033148879457432817,0.8915315724885114,0.009758465678273468,35344.05873962747,0.003314902848803319
35.7539,0.7946,0.7951,0.7953,0.795,0.017,0.0175,0.0175,0.017333333333333336,0.891680698546063,0.009719473215915925,35221.64811914946,0.003305120265218953,0.891680692298479,0.009719449900536312,35221.56362834649,0.003305134757984858
35.773,0.795,0.7954,0.7955,0.7953,0.017,0.0175,0.0175,0.017333333333333336,0.8918488843594199,0.009717640307294393,35233.81810199303,0.0032943507991855005,0.8918488853508854,0.009717622645946859,35233.75406620998,0.0032943605169076773
35.7921,0.7953,0.7957,0.7958,0.7956,0.017,0.0174,0.0176,0.017333333333333336,0.892017038477151,0.009715808435074745,35245.98474802888,0.0032836029426492335,0.8920170406024709,0.009715789572127057,35245.91631901744,0.003283613153218956
35.8111,0.7956,0.7959,0.7961,0.7958666666666666,0.017,0.0174,0.0177,0.017366666666666666,0.8921666857868619,0.009732859869873454,35326.58507904782,0.0032741555717942447,0.892166692145406,0.009732838922141766,35326.50904673712,0.003274166752540697
35.8302,0.7959,0.7962,0.7963,0.7961333333333332,0.017,0.0174,0.0178,0.0174,0.8923163082660475,0.009749905856707715,35407.33011850898,0.003264725368655518,0.8923163213260379,0.009749886654096611,35407.26038314943,0.0032647368216361713
35.8493,0.7961,0.7964,0.7965,0.7963333333333334,0.0171,0.0175,0.0179,0.0175,0.892428969449339,0.00980470188613337,35625.30563256411,0.0032578635249761513,0.8924289825009014,0.009804682688481328,35625.23587804945,0.0032578749732832778
35.8683,0.7964,0.7967,0.7967,0.7966000000000001,0.0171,0.0175,0.018,0.017533333333333335,0.8925785491515971,0.00982173129188453,35706.09591968034,0.0032484636599818674,0.8925785689479401,0.009821715396115793,35706.038131921094,0.0032484762635869575
35.8874,0.7966,0.7969,0.7969,0.7968000000000001,0.0172,0.0175,0.0181,0.0176,0.8926909750319119,0.00985783462153214,35856.43012101615,0.0032415365550738785,0.8926909956369219,0.009857819872891698,35856.37647499593,0.003241549500762201
35.9065,0.7968,0.7971,0.797,0.7969666666666667,0.0172,0.0175,0.0182,0.017633333333333334,0.8927845157559634,0.009875469960633227,35939.69374193735,0.003235712026398407,0.8927845435575286,0.009875460441669964,35939.659099674675,0.0032357271816947143
35.9255,0.7971,0.7973,0.7971,0.7971666666666667,0.0172,0.0175,0.0182,0.017633333333333334,0.8928965041435154,0.009874231364723296,35954.20131222449,0.003228624024442884,0.8928965334943523,0.009874233509578138,35954.20912210253,0.0032286384622039594
35.9446,0.7973,0.7975,0.7972,0.7973333333333333,0.0173,0.0175,0.0182,0.017666666666666667,0.8929900236008238,0.00989186116292058,36037.544589626756,0.0032228142063124056,0.8929900473295751,0.00989187051683015,36037.578667332426,0.0032228274569339904
35.9637,0.7975,0.7978,0.7974,0.7975666666666666,0.0173,0.0175,0.0182,0.017666666666666667,0.8931206452459909,0.009890414447760515,36051.4205753564,0.0032145661845317235,0.8931206666927624,0.009890425823494399,36051.46204089546,0.0032145810332529726
35.9827,0.7978,0.798,0.7975,0.7977666666666666,0.0173,0.0175,0.0182,0.017666666666666667,0.8932325914604162,0.009889174911196428,36065.946313487875,0.0032075067763121714,0.8932326109128258,0.009889196879023208,36066.026430430735,0.0032075232822149657
36.0018,0.798,0.7982,0.7976,0.7979333333333334,0.0173,0.0175,0.0182,0.017666666666666667,0.8933258692615325,0.009888142319928702,36081.32262910259,0.003201631211426128,0.8933258854115872,0.009888170628974282,36081.42592735356,0.0032016501366190758
36.0209,0.7983,0.7985,0.7978,0.7982,0.0174,0.0175,0.0182,0.0177,0.8934753000750676,0.009905142312558133,36162.529826533544,0.0031923337129418443,0.893475308213886,0.009905175939305856,36162.65259390317,0.003192353882017365
36.0399,0.7985,0.7987,0.798,0.7984,0.0175,0.0175,0.0181,0.017700000000000004,0.8935872018293205,0.00990390191565206,36177.07359780982,0.003185304424408102,0.8935872015979954,0.009903929966409849,36177.17606190302,0.0031853209971252645
36.059,0.7987,0.799,0.7981,0.7986000000000001,0.0175,0.0176,0.0181,0.017733333333333337,0.8936992963898439,0.009921308769611075,36259.86392600664,0.003178374433504575,0.8936992849607166,0.009921339521857286,36259.97631765666,0.003178396503001542
36.0781,0.7989,0.7992,0.7983,0.7988,0.0176,0.0176,0.0181,0.017766666666666667,0.8938113771845281,0.00993871141058349,36342.70624357345,0.0031714540753485223,0.8938113633886463,0.009938741062422457,36342.814670916654,0.0031714751116743677
36.0972,0.7991,0.7994,0.7984,0.7989666666666667,0.0177,0.0176,0.0181,0.0178,0.8939048019360443,0.009956317474437659,36426.360186323574,0.003165709492564415,0.8939047804497388,0.009956349709805029,36426.478123211935,0.0031657340774972897
36.1162,0.7992,0.7996,0.7986,0.7991333333333334,0.0178,0.0177,0.018,0.017833333333333336,0.8939982172313223,0.009973919964048157,36509.968121293816,0.003159971637829144,0.8939981910238325,0.009973938733321308,36510.03682703508,0.0031599929596591927
36.1353,0.7993,0.7998,0.7987,0.7992666666666667,0.0179,0.0177,0.018,0.017866666666666666,0.8940729843131353,0.009991727174483192,36594.49490631111,0.0031554042921533815,0.8940729523260864,0.009991747298742233,36594.568610995215,0.003155429560056218
36.1544,0.7994,0.8,0.7989,0.7994333333333334,0.0179,0.0177,0.0179,0.017833333333333333,0.8941659661891476,0.009972048818485766,36541.727954324284,0.0031494975981713144,0.8941659328527466,0.009972063147171355,36541.780460578535,0.0031495223020448966
36.1734,0.7995,0.8001,0.7991,0.7995666666666668,0.0179,0.0177,0.0178,0.0178,0.8942403035852643,0.009952582056879017,36489.55971806038,0.0031447590884246613,0.8942402754839957,0.009952589987066456,36489.588792831775,0.0031447796239596256
36.1925,0.7996,0.8003,0.7993,0.7997333333333333,0.0179,0.0177,0.0178,0.0178,0.8943334761625197,0.009951545186688811,36505.023127332955,0.003138954657523713,0.894333446946512,0.009951554316844231,36505.05661927099,0.003138975976039387
36.2116,0.7997,0.8005,0.7995,0.7999,0.0178,0.0177,0.0177,0.017733333333333334,0.8944262252608861,0.009913245403868997,36383.7197049599,0.0031329769137269686,0.8944261931460308,0.009913248800417421,36383.73217101524,0.0031329991532164253
36.2306,0.7998,0.8007,0.7997,0.8000666666666666,0.0177,0.0176,0.0176,0.017633333333333334,0.8945187610039311,0.009856323926366083,36193.78646660765,0.0031269171273728613,0.8945187262108779,0.009856328181087693,36193.80209053465,0.0031269411951764838
36.2497,0.8,0.801,0.8,0.8003333333333332,0.0177,0.0176,0.0175,0.0176,0.894667581463336,0.009836055516402865,36138.399413856474,0.003117575663663058,0.8946675438737363,0.009836056756400908,36138.4039697015,0.0031176023838863282
36.2688,0.8001,0.8012,0.8002,0.8005000000000001,0.0176,0.0176,0.0175,0.017566666666666668,0.8947605053014991,0.009816407051149955,36085.212810066114,0.0031117125381881355,0.8947604625718263,0.009816404968261824,36085.20515334802,0.0031117417636359456
36.2878,0.8003,0.8014,0.8004,0.8007,0.0175,0.0176,0.0175,0.017533333333333335,0.8948720425659432,0.00979655889296615,36031.11637992046,0.003104703430378053,0.8948719996993401,0.009796552160593263,36031.091618684026,0.003104732603599595
36.3069,0.8005,0.8016,0.8006,0.8009000000000001,0.0174,0.0176,0.0175,0.0175,0.8949835664258806,0.00977671582836127,35977.061340275235,0.003097703952428017,0.8949835241978096,0.009776704424576071,35977.01937580711,0.0030977334105850595
36.326,0.8007,0.8019,0.8008,0.8011333333333331,0.0173,0.0176,0.0174,0.017433333333333332,0.8951134917414295,0.009738057516828203,35853.655351908055,0.00308947653574614,0.8951134422399756,0.009738036280502635,35853.57716384062,0.003089512324971058
36.345,0.8009,0.8021,0.8011,0.8013666666666667,0.0173,0.0175,0.0174,0.0174,0.8952436018665494,0.009718025330603286,35798.615061481854,0.0030813505671356033,0.8952435546111929,0.009718012931091495,35798.5693849854,0.0030813833677224324
36.3641,0.8011,0.8023,0.8013,0.8015666666666666,0.0172,0.0175,0.0174,0.017366666666666666,0.8953550813865432,0.009698200762859427,35744.36112428814,0.0030743832647600836,0.8953550355209466,0.009698182900851398,35744.295290832946,0.003074416679583268
36.3832,0.8014,0.8026,0.8015,0.8018333333333333,0.0171,0.0175,0.0173,0.0173,0.8955035660208611,0.00965936968675119,35619.94193222814,0.0030650501417724568,0.8955035183598907,0.009659343378054889,35619.84491614273,0.003065086655869346
36.4023,0.8016,0.8028,0.8017,0.8020333333333333,0.017,0.0175,0.0172,0.017233333333333333,0.8956148145494931,0.009620951470081242,35496.89565795111,0.0030580181987020748,0.8956147693262785,0.009620916193555781,35496.76550376133,0.0030580558063600543
36.4213,0.8019,0.803,0.8019,0.8022666666666667,0.017,0.0176,0.0172,0.01726666666666667,0.8957452543752185,0.009638156932638009,35578.9364807198,0.003050116867603883,0.8957452170899094,0.009638115621153904,35578.783980747125,0.003050152795960303
36.4404,0.8022,0.8033,0.8021,0.8025333333333334,0.0169,0.0176,0.0171,0.017200000000000003,0.8958936772400365,0.009599353381413891,35454.27758936287,0.0030408287304330966,0.8958936392802551,0.009599302451561703,35454.08948490986,0.003040869535662767
36.4595,0.8025,0.8035,0.8024,0.8028,0.0169,0.0176,0.0171,0.017200000000000003,0.8960424749885654,0.009597759302771012,35466.97005939885,0.0030317313610578774,0.8960424456833772,0.009597712752033057,35466.7980386618,0.003031766447665719
36.4785,0.8027,0.8037,0.8026,0.8029999999999999,0.017,0.0177,0.0171,0.017266666666666666,0.8961544561368349,0.009633755960494712,35618.54198356717,0.0030250932496284073,0.8961544282287965,0.00963370475277739,35618.35265510206,0.0030251289544115244
36.4976,0.803,0.8039,0.8028,0.8032333333333334,0.017,0.0177,0.017,0.017233333333333333,0.8962844179094073,0.00961376377240396,35563.236607273306,0.00301707051993628,0.8962843953495927,0.009613710481850052,35563.03947484709,0.003017105121120347
36.5167,0.8032,0.8041,0.8031,0.8034666666666667,0.0171,0.0178,0.017,0.0173,0.8964149599715721,0.00964954891010962,35714.29329734573,0.003009321848872132,0.8964149450716808,0.009649493854120209,35714.08952763878,0.0030093546466732194
36.5357,0.8034,0.8043,0.8033,0.8036666666666666,0.0171,0.0178,0.0169,0.017266666666666666,0.896526295738257,0.009629760303042119,35659.59736262535,0.003002453662159706,0.8965262845624551,0.009629700905394677,35659.37740946707,0.0030024880940841183
36.5548,0.8035,0.8044,0.8036,0.8038333333333333,0.0171,0.0179,0.0169,0.0173,0.8966194313440353,0.00964734835941749,35743.40306453954,0.002996897161950307,0.896619433703781,0.009647290469398924,35743.18858215641,0.002996929784959383
36.5739,0.8037,0.8046,0.8038,0.8040333333333333,0.0171,0.0179,0.0169,0.0173,0.8967309415415232,0.00964614869330577,35757.63202450966,0.002990133278698975,0.8967309439008561,0.00964609082489404,35757.4175101539,0.0029901658862667995
36.5929,0.8038,0.8047,0.804,0.8041666666666666,0.0171,0.0179,0.0169,0.0173,0.8968052739737712,0.009645349164452682,35773.24263644801,0.0029856292028997374,0.8968052787899987,0.009645295852542769,35773.04491007686,0.0029856602806507533
36.612,0.8039,0.8049,0.8043,0.8043666666666667,0.0171,0.0179,0.0169,0.0173,0.8969167610768524,0.009644150243789174,35787.4658597923,0.002978880854066657,0.8969167625007044,0.00964409937118048,35787.27708196317,0.0029789142633295114
36.6311,0.8041,0.805,0.8045,0.8045333333333334,0.0171,0.0179,0.0169,0.0173,0.8970096564161888,0.00964315148463124,35802.42758704948,0.0029732643438081154,0.8970096638328302,0.009643107360898896,35802.26376749996,0.002973293911572228
36.6501,0.8042,0.8051,0.8047,0.8046666666666668,0.017,0.0179,0.0169,0.017266666666666666,0.8970837662858453,0.009623776126366548,35749.024961757845,0.0029686886738552196,0.8970837763686991,0.009623731153503087,35748.85790300695,0.0029687194051674273
36.6692,0.8043,0.8053,0.805,0.8048666666666667,0.0169,0.0178,0.0168,0.017166666666666663,0.897194622940814,0.009566857751776353,35556.11296020705,0.0029617033187181925,0.8971946261433953,0.009566814168485328,35555.95097886907,0.0029617386979117403
36.6883,0.8045,0.8054,0.8052,0.8050333333333334,0.0169,0.0178,0.0168,0.017166666666666663,0.8972874896912587,0.009565867608703392,35570.951307872805,0.0029561062401072175,0.8972874977396125,0.009565831188994067,35570.8158801458,0.0029561385590680584
36.7074,0.8046,0.8056,0.8054,0.8052,0.0168,0.0177,0.0168,0.0171,0.8973799517310096,0.009527736811491529,35447.60534152378,0.002950342978586941,0.8973799492396725,0.00952769535503277,35447.45110424602,0.002950377958939569
36.7264,0.8048,0.8058,0.8056,0.8054,0.0167,0.0177,0.0168,0.017066666666666664,0.8974911708727299,0.009507985827911099,35392.43239732439,0.002943556720364947,0.8974911720066986,0.009507937350067521,35392.25194387898,0.0029435933150598263
36.7455,0.805,0.8059,0.8059,0.8056,0.0166,0.0176,0.0168,0.017,0.8976021806596616,0.009469673963753053,35268.15278056031,0.0029366942424677678,0.8976021804895247,0.009469632455782933,35267.99819134875,0.002936728923520125
36.7646,0.8052,0.8061,0.8061,0.8058,0.0165,0.0175,0.0168,0.01693333333333333,0.897713178455211,0.009431371700743861,35143.7606063739,0.0029298417718927423,0.8977131762669979,0.00943132681570662,35143.59335297178,0.0029298755760701137
36.7836,0.8054,0.8063,0.8063,0.806,0.0163,0.0174,0.0168,0.01683333333333333,0.8978239702644368,0.009374517662063037,34949.96043257433,0.002922914473334326,0.8978239723707416,0.00937446229182011,34949.754001921654,0.002922950206854512
36.8027,0.8056,0.8065,0.8065,0.8061999999999999,0.0162,0.0173,0.0167,0.016733333333333333,0.8979347521500486,0.009317677756245514,34756.08844299185,0.0029159980383893524,0.8979347542663039,0.009317622406796235,34755.881982712286,0.002916033757349463
36.8218,0.8058,0.8067,0.8067,0.8064,0.0161,0.0172,0.0167,0.016666666666666666,0.8980457156670922,0.00927940881845146,34631.30433835652,0.0029091762515600548,0.8980457176864781,0.009279350041152207,34631.08497798793,0.0029092119328652205
36.8408,0.8061,0.8069,0.807,0.8066666666666666,0.0159,0.0172,0.0167,0.0166,0.8981937755594526,0.009240767667118953,34504.8885630894,0.0029001517024258468,0.8981937950053833,0.009240701479141645,34504.6414181699,0.00290019163344235
36.8599,0.8064,0.8072,0.8072,0.8069333333333333,0.0158,0.0171,0.0167,0.016533333333333334,0.8983418128443248,0.009202139484629425,34378.46568075122,0.002891144332147019,0.8983418372098498,0.00920207126978649,34378.21083549043,0.0028911825918223107
36.879,0.8067,0.8074,0.8074,0.8071666666666667,0.0157,0.017,0.0167,0.016466666666666668,0.8984712796247468,0.009163713431966319,34252.64877224238,0.002883256255140313,0.8984713122040561,0.00916365075102471,34252.414479857136,0.0028832916973453534
36.898,0.807,0.8077,0.8076,0.8074333333333333,0.0156,0.0169,0.0167,0.0164,0.8986192747606311,0.009125110300115308,34125.9283611505,0.0028742811427933408,0.8986193127123895,0.009125048260931893,34125.696348094316,0.0028743163780658824
36.9171,0.8073,0.808,0.8078,0.8077,0.0155,0.0169,0.0167,0.016366666666666665,0.8987674349665443,0.009105062127266354,34068.57879912057,0.0028654053496440816,0.8987674839599272,0.00910499864278979,34068.34125808438,0.0028654437249412807
36.9362,0.8076,0.8083,0.808,0.8079666666666666,0.0154,0.0168,0.0166,0.016266666666666665,0.8989151972997825,0.009047942851299767,33872.37022081682,0.0028563823073694335,0.898915247159444,0.00904788320971161,33872.14694332847,0.0028564201817299385
36.9552,0.808,0.8086,0.8082,0.8082666666666668,0.0154,0.0168,0.0166,0.016266666666666665,0.8990820327184651,0.0090462638973445,33883.505528795555,0.002846527739679512,0.8990820863985686,0.009046217943062138,33883.33340335259,0.0028465633865303384
36.9743,0.8083,0.8089,0.8084,0.8085333333333334,0.0154,0.0168,0.0166,0.016266666666666665,0.8992303048935218,0.009044772278105222,33895.42808119647,0.002837785483495075,0.8992303575152794,0.009044730202952676,33895.27040389257,0.002837821905718629
36.9934,0.8086,0.8092,0.8087,0.8088333333333333,0.0154,0.0168,0.0166,0.016266666666666665,0.8993970818843607,0.009043095087980565,33906.64906933769,0.0028279699556931852,0.8993971344773226,0.009043053036808647,33906.491400495855,0.0028280063619340635
37.0125,0.8089,0.8094,0.8089,0.8090666666666667,0.0154,0.0168,0.0166,0.016266666666666665,0.8995267759526134,0.009041791251540043,33919.26415822917,0.0028203499255428743,0.8995268311067086,0.00904175906831751,33919.14342648518,0.002820384856511182
37.0315,0.8092,0.8097,0.8091,0.8093333333333333,0.0155,0.0169,0.0165,0.0163,0.8996751611814655,0.009058825175632307,34000.60993184296,0.002811738320705316,0.8996752078646234,0.00905879173179199,34000.484406628915,0.002811772076713595
37.0506,0.8095,0.8099,0.8093,0.8095666666666667,0.0155,0.0169,0.0165,0.0163,0.8998048151310482,0.009057519878702465,34013.244952778165,0.0028041449926560266,0.8998048632100536,0.009057495560704629,34013.153632634436,0.0028041780347513243
37.0697,0.8097,0.8102,0.8095,0.8098,0.0156,0.017,0.0165,0.016366666666666668,0.899934823870981,0.009093251106934546,34165.028002191204,0.0027967280020866694,0.8999348655177597,0.00909321669458909,34164.898708637964,0.0027967629202840343
37.0887,0.81,0.8104,0.8097,0.8100333333333333,0.0156,0.017,0.0164,0.016333333333333335,0.900064253483107,0.009073426297136696,34108.015560105574,0.0027890775286379134,0.9000642948773251,0.009073396859385496,34107.9049003346,0.002789111457929871
37.1078,0.8102,0.8106,0.8099,0.8102333333333332,0.0156,0.0171,0.0164,0.016366666666666668,0.9001755252920561,0.009090819627292326,34190.99769030773,0.0027826821770323075,0.9001755745310959,0.009090785768873505,34190.870347211385,0.0027827195747552273
37.1269,0.8104,0.8108,0.8102,0.8104666666666667,0.0156,0.0171,0.0163,0.016333333333333335,0.9003049204144389,0.009071000814819197,34134.018516677315,0.0027750548205146244,0.9003049729566613,0.009070963440768008,34133.877878771826,0.002775089902199436
37.1459,0.8106,0.811,0.8104,0.8106666666666666,0.0156,0.0171,0.0163,0.016333333333333335,0.9004159757725718,0.009069882017206786,34147.27471418069,0.002768597248193044,0.9004160282956417,0.009069844657367312,34147.134057808384,0.0027686323198699574
37.165,0.8109,0.8112,0.8107,0.8109333333333334,0.0156,0.0172,0.0163,0.016366666666666665,0.9005642148185116,0.009086895968858278,34228.92176092483,0.0027600832703905645,0.9005642800281707,0.009086863941277175,34228.80111801536,0.0027601200964988658
37.1841,0.8111,0.8114,0.8109,0.8111333333333333,0.0156,0.0172,0.0162,0.01633333333333333,0.9006750517110884,0.00906727309827271,34172.558554232055,0.0027535650189279243,0.9006751179567775,0.00906723838840053,34172.427740355975,0.002753602319066165
37.2031,0.8113,0.8116,0.8112,0.8113666666666667,0.0156,0.0172,0.0162,0.01633333333333333,0.9008045617498432,0.009065969482661982,34185.10419261203,0.0027460674911884055,0.9008046302962649,0.009065936237035816,34184.97883313486,0.002746103275768422
37.2222,0.8116,0.8118,0.8114,0.8116,0.0156,0.0172,0.0162,0.01633333333333333,0.9009340531789607,0.009064666429079249,34197.73880505022,0.0027385823417032606,0.9009341223265052,0.0090646415375845,34197.64489835851,0.002738617919790456
37.2413,0.8118,0.812,0.8117,0.8118333333333334,0.0156,0.0173,0.0162,0.016366666666666665,0.9010637122263704,0.009081858721304905,34280.18049037711,0.0027311914322240846,0.9010637934764235,0.009081833085671107,34280.083726688026,0.0027312302413644934
37.2603,0.812,0.8121,0.8119,0.8119999999999999,0.0157,0.0173,0.0162,0.0164,0.9011563679177633,0.009099419692221125,34363.98883312185,0.00272594331174103,0.901156442639497,0.009099404885963917,34363.93291724209,0.0027259775079416294
37.2794,0.8123,0.8123,0.8122,0.8122666666666666,0.0157,0.0173,0.0162,0.0164,0.9013042987404059,0.009097926207009072,34375.96111215474,0.002717428164249514,0.9013043744976774,0.009097921622019446,34375.94378805016,0.0027174619170176532
37.2985,0.8125,0.8125,0.8124,0.8124666666666668,0.0157,0.0173,0.0162,0.0164,0.901415230932193,0.00909680657549983,34389.34091601476,0.0027110523821844068,0.9014153066615401,0.009096801992769852,34389.32359157654,0.0027110861285862234
37.3176,0.8127,0.8127,0.8127,0.8127,0.0157,0.0173,0.0163,0.01643333333333333,0.9015448212576614,0.009113985764130007,34471.9282128496,0.002703707560095158,0.9015448955121178,0.009113983502642932,34471.919659202256,0.0027037402302726395
37.3366,0.813,0.8128,0.8129,0.8129,0.0157,0.0173,0.0163,0.01643333333333333,0.9016557238237002,0.009112864754875829,34485.237194229485,0.0026973513862662887,0.9016557974682096,0.009112880707429423,34485.29756246816,0.0026973849266362423
37.3557,0.8132,0.813,0.8131,0.8130999999999999,0.0157,0.0173,0.0164,0.016466666666666668,0.901766799676909,0.009130224506250818,34568.605558713905,0.0026910865351865306,0.901766872158419,0.009130240487829719,34568.666067729515,0.0026911195691359732
37.3748,0.8134,0.8132,0.8133,0.8133,0.0157,0.0173,0.0164,0.016466666666666668,0.9018776749117859,0.00912910205271448,34582.028539328785,0.0026847484346356055,0.9018777473664529,0.009129118028942512,34582.08905901304,0.002684781462131368
37.3938,0.8136,0.8134,0.8135,0.8135,0.0157,0.0173,0.0164,0.016466666666666668,0.9019885365231188,0.009127980012995742,34595.35622618602,0.002678419369202101,0.9019886089509593,0.009127995983876364,34595.41675636943,0.0026784523902443225
37.4129,0.8139,0.8135,0.8137,0.8137,0.0158,0.0173,0.0165,0.016533333333333334,0.9020997590787163,0.009163805425587543,34748.87572908258,0.0026722642918221204,0.9020998194867706,0.00916383764747736,34748.99791352376,0.002672295672986802
37.432,0.8141,0.8137,0.8139,0.8139,0.0158,0.0173,0.0165,0.016533333333333334,0.9022105933200079,0.009162679675757426,34762.344704862175,0.002665953247787521,0.9022106537055651,0.009162711886229196,34762.46690836186,0.002665984621723208
37.451,0.8143,0.8139,0.8141,0.8141000000000002,0.0158,0.0173,0.0165,0.016533333333333334,0.9023214139528868,0.009161554340655076,34775.71803968436,0.0026596512206213656,0.902321474315961,0.009161586539715875,34775.840261898826,0.0026596825873294303
37.4701,0.8145,0.814,0.8143,0.8142666666666667,0.0158,0.0173,0.0165,0.016533333333333334,0.9024137540885848,0.009160616878026814,34789.8933814639,0.002654406414820621,0.9024138120553763,0.00916065783780286,34790.04893717161,0.002654439586104991
37.4892,0.8147,0.8142,0.8145,0.8144666666666667,0.0158,0.0173,0.0165,0.016533333333333334,0.9025245497857153,0.009159492302596587,34803.35412047463,0.0026481209028116543,0.9025246077308585,0.009159533247727399,34803.50969982773,0.0026481540656935905
37.5082,0.8149,0.8144,0.8147,0.8146666666666667,0.0158,0.0173,0.0165,0.016533333333333334,0.9026353318886182,0.00915836814117534,34816.719255040356,0.002641844390478433,0.902635389812127,0.00915840907166726,34816.8748575914,0.002641877544960241
37.5273,0.8152,0.8146,0.8149,0.8149000000000001,0.0159,0.0173,0.0165,0.016566666666666667,0.9027647479344019,0.009175517046148034,34899.675668947086,0.0026346157965526163,0.9027647950423506,0.009175563192481055,34899.85118952512,0.0026346474783990603
37.5464,0.8154,0.8147,0.8151,0.8150666666666667,0.0159,0.0173,0.0165,0.016566666666666667,0.9028570427082586,0.009174579076755247,34913.868862526964,0.0026294009651171802,0.9028570862843779,0.009174633624480129,34914.07644394267,0.002629435191545935
37.5654,0.8156,0.8149,0.8153,0.8152666666666667,0.0159,0.0172,0.0165,0.016533333333333334,0.9029675966819524,0.009154998138409599,34856.98370898991,0.0026230687909739245,0.9029676321918728,0.0091550487638533,34857.176461652416,0.002623099485410262
37.5845,0.8158,0.815,0.8155,0.8154333333333333,0.0159,0.0172,0.0165,0.016533333333333334,0.9030598707710364,0.009154062686461255,34871.14314835328,0.002617867689463101,0.9030599019768428,0.009154120975238983,34871.36519143751,0.0026179014178913927
37.6036,0.816,0.8152,0.8157,0.8156333333333333,0.016,0.0172,0.0165,0.016566666666666667,0.9031707744202926,0.009171392130850818,34954.91193563785,0.0026117171712921354,0.9031707987099239,0.009171446457439697,34955.11899047784,0.0026117478682365033
37.6227,0.8161,0.8153,0.8159,0.8157666666666668,0.016,0.0171,0.0165,0.016533333333333334,0.903244390681077,0.009152192642386477,34899.4544402846,0.0026074841713647308,0.9032444069117345,0.009152242680977722,34899.64524915451,0.0026075125854530764
37.6417,0.8163,0.8155,0.8161,0.8159666666666667,0.016,0.0171,0.0165,0.016533333333333334,0.9033550845432535,0.009151071165828294,34912.80054995231,0.00260126600947275,0.903355100767573,0.009151121186149908,34912.991385481866,0.0026012944120575236
37.6608,0.8165,0.8157,0.8163,0.8161666666666667,0.016,0.017,0.0165,0.0165,0.9034655782271055,0.009131504507552362,34855.828052468896,0.002594974427949763,0.903465588256919,0.009131549423284336,34855.999500123464,0.002595000123841736
37.6799,0.8167,0.8159,0.8165,0.8163666666666667,0.016,0.0169,0.0165,0.016466666666666668,0.9035760588725449,0.009111942766175241,34798.79857564191,0.0025886919915040743,0.9035760634659997,0.009111982557063773,34798.9505383079,0.0025887153141234487
37.6989,0.8169,0.8161,0.8167,0.8165666666666667,0.016,0.0168,0.0165,0.01643333333333333,0.9036865264840073,0.009092385938998679,34741.61998218984,0.002582418694028788,0.9036865263984261,0.009092420585015271,34741.75236314578,0.00258243997661554
37.718,0.8171,0.8163,0.817,0.8168000000000001,0.016,0.0168,0.0165,0.01643333333333333,0.9038156050159099,0.009091087408831243,34754.25754551978,0.0025752068385723565,0.9038156030275798,0.009091121347058818,34754.38728774408,0.002575229345781488
37.7371,0.8173,0.8166,0.8172,0.8170333333333334,0.0159,0.0168,0.0165,0.0164,0.9039444799262979,0.00907135358652621,34696.37823727492,0.0025679253272996466,0.90394448842634,0.009071386065290492,34696.50246300148,0.0025679466665699518
37.7561,0.8176,0.8168,0.8174,0.8172666666666667,0.0159,0.0167,0.0166,0.0164,0.9040735216968119,0.009070058798546807,34708.89244830278,0.002560737787624262,0.9040735245185534,0.009070090304371638,34709.01301337407,0.0025607603407207407
37.7752,0.8178,0.817,0.8176,0.8174666666666667,0.016,0.0167,0.0166,0.01643333333333333,0.9041842993267132,0.009087380385595097,34792.76993291377,0.002554668474564112,0.9041842967795438,0.009087408281553277,34792.87673791299,0.0025546886692381266
37.7943,0.818,0.8173,0.8178,0.8177,0.016,0.0167,0.0167,0.016466666666666668,0.9043134921832349,0.009104512322882827,34875.988004878105,0.002547585370266707,0.9043134966453926,0.009104535861395,34876.07817213133,0.002547603304988501
37.8133,0.8182,0.8175,0.818,0.8179,0.016,0.0167,0.0167,0.016466666666666668,0.9044240553408776,0.00910339932326256,34889.255277840384,0.0025414535460878867,0.9044240598012272,0.009103422853177492,34889.345457473246,0.0025414714728237997
37.8324,0.8185,0.8177,0.8182,0.8181333333333334,0.0161,0.0167,0.0168,0.01653333333333333,0.9045534001414777,0.009138948198496687,35043.190050607234,0.002534475275811293,0.9045533986113027,0.009138972271824817,35043.282359502584,0.0025344946701030898
37.8515,0.8187,0.8179,0.8183,0.8183000000000001,0.0161,0.0167,0.0168,0.01653333333333333,0.9046455125443855,0.009138017656678675,35057.3119417627,0.002529380836353018,0.9046455114811808,0.00913804470925861,35057.41572693464,0.0025293999950488006
37.8705,0.8188,0.8181,0.8185,0.8184666666666667,0.0162,0.0167,0.0168,0.016566666666666664,0.9047378017836029,0.00915550706182866,35142.03982352398,0.0025243749303283415,0.9047378000876458,0.009155525497068584,35142.11058442572,0.002524389321101153
37.8896,0.819,0.8183,0.8187,0.8186666666666667,0.0162,0.0167,0.0169,0.0166,0.9048484994968742,0.009172806281508948,35226.197671292066,0.002518359644625402,0.9048485007875269,0.009172824243449512,35226.266650277284,0.002518375351801098
37.9087,0.8192,0.8185,0.8188,0.8188333333333334,0.0163,0.0168,0.0169,0.016666666666666666,0.9049409558426117,0.009208703926518461,35381.88177005899,0.002513450410391783,0.9049409542316259,0.00920872497055935,35381.9626259289,0.002513464805877188
37.9278,0.8193,0.8187,0.8189,0.8189666666666667,0.0163,0.0168,0.017,0.0167,0.9050148023878083,0.009226368428415805,35467.6137807872,0.002509478025217796,0.9050148071219617,0.00922638852348637,35467.69102940427,0.002509491520376336
37.9468,0.8195,0.8189,0.819,0.8191333333333333,0.0163,0.0168,0.017,0.0167,0.9051068676631484,0.009225429944598474,35481.77185913337,0.002504414335754049,0.9051068713761792,0.009225453436703468,35481.86221172561,0.0025044285869140702
37.9659,0.8196,0.819,0.8191,0.8192333333333334,0.0164,0.0168,0.017,0.016733333333333333,0.905162290156403,0.009243277981917765,35568.31071056094,0.002501462208743882,0.9051622896278172,0.009243297478087317,35568.38573219478,0.002501474606507964
37.985,0.8198,0.8192,0.8192,0.8194,0.0164,0.0168,0.017,0.016733333333333333,0.9052543404001292,0.009242338084751103,35582.58596225625,0.0024964083487154947,0.9052543380928025,0.009242360625571258,35582.6727434001,0.0024964219910400057
38.004,0.8199,0.8194,0.8193,0.8195333333333333,0.0163,0.0168,0.017,0.0167,0.9053277861413564,0.00922317875118791,35526.58481249081,0.0024922865767015292,0.9053277899208055,0.009223204471586378,35526.6838843989,0.0024923008309021347
38.0231,0.82,0.8195,0.8195,0.8196666666666667,0.0163,0.0167,0.0169,0.016633333333333333,0.9054010394382855,0.009185616433382001,35399.68143116514,0.002488086154834686,0.9054010411280616,0.009185635098553946,35399.753363315314,0.002488097060198892
38.0422,0.8202,0.8197,0.8196,0.8198333333333333,0.0163,0.0167,0.0168,0.0166,0.9054928790425211,0.009166278600417927,35342.90172124871,0.002482965718536147,0.9054928758814055,0.00916629778161446,35342.97567919538,0.002482976935917342
38.0612,0.8204,0.8199,0.8198,0.8200333333333333,0.0162,0.0166,0.0168,0.01653333333333333,0.9056029263600696,0.009128356839454765,35214.26361688519,0.002476763767814169,0.9056029258931129,0.009128378550457075,35214.34737094654,0.0024767761556771725
38.0803,0.8205,0.8201,0.8199,0.8201666666666667,0.0162,0.0166,0.0167,0.016499999999999997,0.9056763464137286,0.009109214381792135,35158.052457746766,0.002472661762642185,0.9056763443378899,0.009109232396767336,35158.12198859944,0.0024726722270596215
38.0994,0.8207,0.8203,0.8201,0.8203666666666667,0.0162,0.0166,0.0167,0.016499999999999997,0.9057867432392529,0.009108104155396566,35171.39954641002,0.0024666392286954233,0.9057867411640409,0.009108122163774102,35171.46908666019,0.0024666496878644833
38.1184,0.8209,0.8206,0.8203,0.8206000000000001,0.0161,0.0165,0.0166,0.0164,0.9059149694444163,0.009051622146201326,34970.72249390793,0.002459378979199245,0.9059149677062703,0.009051639016175785,34970.787670644844,0.002459389179862106
38.1375,0.8212,0.8208,0.8205,0.8208333333333333,0.0161,0.0165,0.0166,0.0164,0.9060437306836701,0.009050335786564242,34983.272976571585,0.002452375893645859,0.9060437253143236,0.009050356119466746,34983.351571608895,0.0024523885576111597
38.1566,0.8214,0.821,0.8207,0.8210333333333333,0.0161,0.0165,0.0166,0.0164,0.9061540829034563,0.00904923362892613,34996.53085191327,0.0024463827925886973,0.906154077535923,0.009049253954362875,34996.60945743981,0.0024463954498424455
38.1756,0.8216,0.8213,0.8209,0.8212666666666667,0.0161,0.0165,0.0165,0.016366666666666668,0.906282626789247,0.009029559975482637,34937.83456169944,0.0024393206453653497,0.9062826194010946,0.009029575126962135,34937.89318691325,0.0024393324333173753
38.1947,0.8218,0.8215,0.8211,0.8214666666666667,0.0161,0.0165,0.0165,0.016366666666666668,0.9063929499799608,0.009028460926924812,34951.059997502634,0.0024333466259571085,0.9063929425943958,0.00902847607281706,34951.11863041836,0.0024333584073611652
38.2138,0.822,0.8217,0.8213,0.8216666666666667,0.0161,0.0166,0.0165,0.0164,0.9065034430102771,0.009045746117377209,35035.48600076872,0.0024274626887529293,0.9065034374793978,0.009045760829002259,35035.54298102515,0.00242747528756644
38.2329,0.8222,0.8219,0.8215,0.8218666666666666,0.0161,0.0166,0.0165,0.0164,0.9066137392965838,0.009044645635262551,35048.73296050338,0.002421506229405692,0.9066137337676162,0.009044660341480977,35048.789948288555,0.0024215188215267087
38.2519,0.8225,0.8221,0.8216,0.8220666666666667,0.0162,0.0166,0.0165,0.01643333333333333,0.9067242056710282,0.009061924910879636,35133.14244047736,0.002415639975345761,0.9067241882170443,0.009061939595677098,35133.19937353363,0.002415657085557488
38.271,0.8227,0.8223,0.8218,0.8222666666666667,0.0162,0.0167,0.0165,0.016466666666666668,0.9068346588773932,0.009079200108568638,35217.69467503091,0.0024097826289695428,0.9068346436519312,0.00907921434818558,35217.74990968547,0.0024098007175055954
38.2901,0.8228,0.8225,0.822,0.8224333333333332,0.0162,0.0167,0.0165,0.016466666666666668,0.9069265397519347,0.009078280293336537,35231.70116360842,0.0024048402111881673,0.9069265289073783,0.009078291418605338,35231.74433942291,0.00240485535040205
38.3091,0.823,0.8227,0.8221,0.8226,0.0163,0.0167,0.0165,0.0165,0.907018595387918,0.009095734135937053,35316.95340082487,0.0023999855944407578,0.9070185766112986,0.00909574140074394,35316.98160864652,0.0024000029494595696
38.3282,0.8232,0.8228,0.8223,0.8227666666666668,0.0163,0.0168,0.0165,0.016533333333333334,0.9071106419830424,0.009113184526856747,35402.351818568764,0.002395137198787105,0.9071106266165988,0.009113193546818181,35402.38685877311,0.002395155225740684
38.3473,0.8234,0.823,0.8224,0.8229333333333333,0.0163,0.0168,0.0164,0.0165,0.9072023105175433,0.009093892182982087,35345.01070154195,0.002390131144004221,0.9072022901309572,0.009093895021385376,35345.02173349531,0.0023901530950771422
38.3663,0.8235,0.8231,0.8226,0.8230666666666666,0.0164,0.0168,0.0164,0.016533333333333334,0.9072759704378859,0.009111523875891387,35431.08578051933,0.002386278014580742,0.9072759536644922,0.009111522887213279,35431.081935944116,0.002386295462054951
38.3854,0.8237,0.8233,0.8227,0.8232333333333334,0.0164,0.0168,0.0163,0.0165,0.9073676223436496,0.009092235381608355,35373.68192613957,0.0023812829147304686,0.9073676016359608,0.009092227069144865,35373.64958618937,0.0023813047704777874
38.4045,0.8238,0.8234,0.8229,0.8233666666666667,0.0164,0.0168,0.0163,0.0165,0.907441084603557,0.009091499316018579,35388.418224698114,0.0023773566808709084,0.9074410695418788,0.00909149306854328,35388.3939065674,0.002377374902559078
38.4235,0.824,0.8236,0.8231,0.8235666666666667,0.0164,0.0168,0.0162,0.016466666666666668,0.9075510831069423,0.009072032953942934,35330.11628595417,0.002371392966271264,0.9075510704964872,0.009072021429438625,35330.07140493584,0.002371412297318068
38.4426,0.8241,0.8237,0.8232,0.8236666666666667,0.0164,0.0168,0.0161,0.01643333333333333,0.9076059859121866,0.00905312084120737,35273.99066598197,0.002368373741841996,0.9076059764929433,0.009053104018751191,35273.92512005889,0.0023683945175237593
38.4617,0.8243,0.8239,0.8234,0.8238666666666666,0.0165,0.0168,0.0161,0.016466666666666668,0.907716331507525,0.009070381403911823,35358.8027064757,0.0023625862458140656,0.9077163219473808,0.009070359764032363,35358.718348366114,0.002362606977407258
38.4807,0.8244,0.8241,0.8236,0.8240333333333334,0.0165,0.0168,0.016,0.01643333333333333,0.9078079399678095,0.00905110685301712,35301.09534554951,0.0023576206609244436,0.9078079391853594,0.009051080500609791,35300.99256598246,0.0023576404280568407
38.4998,0.8246,0.8242,0.8238,0.8241999999999999,0.0165,0.0168,0.016,0.01643333333333333,0.9078997224211965,0.009050191848011141,35315.04666947693,0.0023527425827974974,0.9078997221335506,0.009050169574190265,35314.959754079224,0.0023527621268195817
38.5189,0.8247,0.8244,0.824,0.8243666666666667,0.0165,0.0167,0.0159,0.016366666666666668,0.9079911305067466,0.009012569680901798,35185.68718444938,0.0023477082157877588,0.9079911353249068,0.009012544294507282,35185.588074232444,0.0023477255675476336
38.538,0.8248,0.8246,0.8242,0.8245333333333335,0.0164,0.0167,0.0159,0.016333333333333335,0.9080827125901797,0.008993307056106474,35127.89448400036,0.002342761348647683,0.9080827197632028,0.008993286060091239,35127.812473478174,0.0023427760547573675
38.557,0.825,0.8248,0.8244,0.8247333333333332,0.0164,0.0167,0.0158,0.016300000000000002,0.9081926357462812,0.008973867084161197,35069.24318725056,0.0023368494605065194,0.9081926479984812,0.008973842236735394,35069.14608525319,0.00233686644376917
38.5761,0.8251,0.8249,0.8246,0.8248666666666665,0.0164,0.0166,0.0157,0.016233333333333332,0.9082656696831816,0.008936445511034213,34940.30212879257,0.0023328059187540796,0.9082656868398128,0.008936423496147138,34940.216053539865,0.002332821404439453
38.5952,0.8253,0.8251,0.8249,0.8251,0.0164,0.0166,0.0157,0.016233333333333332,0.9083940981087428,0.008935182079636202,34952.65966059255,0.0023260207003741626,0.9083941180246066,0.008935165924887434,34952.59646642028,0.002326034531031818
38.6142,0.8255,0.8254,0.8251,0.8253333333333334,0.0163,0.0166,0.0156,0.016166666666666666,0.908522148376264,0.008897233102991231,34821.344529556496,0.0023190870884537244,0.908522172217142,0.008897212024235714,34821.26203305454,0.0023191031008959915
38.6333,0.8256,0.8256,0.8253,0.8255,0.0163,0.0166,0.0156,0.016166666666666666,0.9086138590058858,0.008896335063804973,34835.052025074256,0.00231425620396901,0.9086138843620423,0.00889631542934951,34834.97514315909,0.002314271258552517
38.6524,0.8258,0.8258,0.8256,0.8257333333333333,0.0162,0.0166,0.0155,0.0161,0.9087418800748734,0.00885840102288912,34703.663836727465,0.00230734358806962,0.9087419126128737,0.008858386744132439,34703.60789828321,0.002307359777500538
38.6714,0.826,0.826,0.8259,0.8259666666666666,0.0162,0.0166,0.0155,0.0161,0.9088702414380394,0.008857149935134598,34715.81912377414,0.0023006022976364464,0.9088702752648987,0.008857142286980169,34715.78914664293,0.002300617805747698
38.6905,0.8262,0.8263,0.8261,0.8262,0.0162,0.0166,0.0154,0.016066666666666663,0.9089984062534598,0.008837565916580007,34656.16748314061,0.00229379332771983,0.9089984461562498,0.00883755143921887,34656.11071073778,0.0022938123960420703
38.7096,0.8264,0.8265,0.8264,0.8264333333333335,0.0162,0.0167,0.0154,0.0161,0.9091269098142593,0.008854649348840166,34740.30096926751,0.002287155066322319,0.9091269569112637,0.008854641320697307,34740.26947167928,0.002287176491455455
38.7286,0.8266,0.8267,0.8267,0.8266666666666667,0.0162,0.0167,0.0154,0.0161,0.9092552168426435,0.008853399849551543,34752.448013653615,0.0022804491070964046,0.9092552641443216,0.008853399580668837,34752.44695820232,0.0022804705792153416
38.7477,0.8268,0.8269,0.8269,0.8268666666666666,0.0162,0.0168,0.0155,0.016166666666666666,0.9093655374252478,0.00888898138390118,34909.32494477146,0.002274869826894956,0.9093655839494391,0.008888980390215162,34909.32104230991,0.0022748909606765924
38.7668,0.827,0.827,0.8272,0.8270666666666666,0.0162,0.0168,0.0155,0.016166666666666666,0.9094754870546633,0.008887906764273501,34922.310495960286,0.0022691398245658356,0.9094755328765237,0.00888792019548592,34922.363269800386,0.0022691617705273303
38.7858,0.8272,0.8272,0.8275,0.8273,0.0162,0.0169,0.0155,0.0162,0.9096039240107596,0.00890497477658741,35006.522674022766,0.002262545602695674,0.9096039755947619,0.008904996518960075,35006.608145894475,0.002262572086573499
38.8049,0.8274,0.8274,0.8277,0.8275,0.0163,0.0169,0.0156,0.016266666666666665,0.9097142041314643,0.008940536815183862,35163.62905314754,0.002256994488274594,0.9097142482916291,0.008940557656525544,35163.711023304706,0.0022570176710614686
38.824,0.8276,0.8275,0.8279,0.8276666666666667,0.0163,0.017,0.0156,0.0163,0.9098059747029298,0.008957953922713953,35249.472969085815,0.0022523219440099334,0.9098060250120273,0.00895798342698721,35249.58906815169,0.0022523494275952325
38.8431,0.8277,0.8277,0.8282,0.8278666666666666,0.0163,0.0171,0.0157,0.016366666666666665,0.9099162322667351,0.008993501866591144,35406.76410641972,0.0022467875051911017,0.909916278680016,0.008993537363771446,35406.903856242214,0.002246818054431546
38.8621,0.8279,0.8278,0.8284,0.8280333333333333,0.0163,0.0171,0.0158,0.0164,0.9100079833889463,0.009010909958682067,35492.65115028634,0.0022421285386099873,0.910008020705158,0.009010949768484773,35492.80795525347,0.0022421574209342157
38.8812,0.8281,0.8279,0.8286,0.8281999999999999,0.0164,0.0172,0.0158,0.016466666666666668,0.9100999073942223,0.00904662583353884,35650.84385667419,0.0022375568068696205,0.9100999491173477,0.009046677660439454,35651.04809555566,0.002237590798316853
38.9003,0.8282,0.828,0.8287,0.8283,0.0164,0.0172,0.0159,0.0165,0.9101550215015963,0.009064389917212822,35738.39587168849,0.0022348006482631553,0.910155056094052,0.009064437522586512,35738.583566580935,0.0022348314835341065
38.9193,0.8283,0.8281,0.8289,0.8284333333333334,0.0164,0.0172,0.0159,0.0165,0.9102282588871126,0.009063660592219058,35752.97457652661,0.002231020727262187,0.9102282888834802,0.009063714953336023,35753.18901214157,0.0022310547017891235
38.9384,0.8285,0.8282,0.8291,0.8286000000000001,0.0164,0.0172,0.0159,0.0165,0.9103197973364978,0.009062749183460249,35766.923720046056,0.0022263011935183437,0.9103198235083189,0.009062811378935288,35767.16917986917,0.0022263378347230673
38.9575,0.8286,0.8283,0.8293,0.8287333333333334,0.0164,0.0171,0.016,0.0165,0.9103930214717288,0.009062020254354475,35781.5898598175,0.0022225298584629127,0.9103930283744047,0.009062078591470185,35781.82020522496,0.002222564359843572
38.9765,0.8288,0.8284,0.8295,0.8289,0.0164,0.0171,0.016,0.0165,0.9104845433627501,0.00906110934023165,35795.442414622004,0.00221782105178838,0.9104845453127433,0.009061174435933558,35795.69957181563,0.0022178589216426507
38.9956,0.829,0.8286,0.8297,0.8291,0.0163,0.0171,0.016,0.016466666666666668,0.9105941755889044,0.00904171534812106,35736.33106865726,0.0022120971246019994,0.9105941789757971,0.009041779273476366,35736.58372620872,0.002212135625874051
39.0147,0.8291,0.8287,0.8299,0.8292333333333333,0.0163,0.0171,0.0161,0.0165,0.9106675595619302,0.009059288335655308,35823.32389631149,0.0022084212996900912,0.9106675511264638,0.009059350390975364,35823.56928289678,0.002208462159955776
39.0337,0.8293,0.8289,0.8302,0.8294666666666667,0.0163,0.017,0.0161,0.016466666666666668,0.9107954672435455,0.009039717070891776,35763.34097884083,0.0022017744403550307,0.9107954447900095,0.009039777677783656,35763.58075459078,0.0022018174632312602
39.0528,0.8295,0.8291,0.8304,0.8296666666666667,0.0163,0.017,0.0162,0.016499999999999997,0.9109054256699306,0.009056922670026666,35848.94360816291,0.0021962371885185803,0.9109053993152944,0.009056975287732971,35849.15187859371,0.0021962784926538147
39.0719,0.8297,0.8292,0.8306,0.8298333333333333,0.0163,0.017,0.0162,0.016499999999999997,0.9109968961034262,0.009056013291909451,35862.87541737181,0.0021915616864808347,0.9109968633122231,0.009056071601253358,35863.10632921666,0.0021916072849015524
39.0909,0.8298,0.8294,0.8308,0.8300000000000001,0.0163,0.017,0.0163,0.01653333333333333,0.9110885393342262,0.009073395515113401,35949.184040737506,0.0021869734353196085,0.9110885014583926,0.00907344293806295,35949.37193250727,0.002187018807367304
39.11,0.83,0.8296,0.831,0.8301999999999999,0.0163,0.017,0.0164,0.016566666666666664,0.9111984629379216,0.009090591863626261,36034.91494716848,0.002181459235745662,0.9111984226138468,0.00909063053415743,36035.06823634068,0.00218150353707775
39.1291,0.8302,0.8297,0.8312,0.8303666666666666,0.0164,0.017,0.0165,0.016633333333333333,0.9112902694436855,0.009126254219465174,36193.94704599446,0.0021769660855792353,0.9112902176850918,0.009126290660206779,36194.09156687238,0.0021770128844098295
39.1482,0.8303,0.8299,0.8314,0.8305333333333333,0.0164,0.017,0.0166,0.016666666666666666,0.9113818843900904,0.009143624068093758,36280.535282627236,0.0021723973723496532,0.9113818289877811,0.009143648499133393,36280.63222134529,0.0021724449882664612
39.1672,0.8305,0.8301,0.8315,0.8307000000000001,0.0164,0.017,0.0167,0.0167,0.9114734904248214,0.009160990514501267,36367.08441394897,0.0021678347198456093,0.9114734435475574,0.009161005147442145,36367.14250345308,0.0021678761648247073
39.1863,0.8307,0.8302,0.8317,0.8308666666666666,0.0164,0.017,0.0168,0.016733333333333333,0.9115650875503858,0.00917835356019436,36453.779951934535,0.0021632781247065036,0.9115650339129623,0.009178362533181446,36453.81559005792,0.002163324167540817
39.2054,0.8308,0.8304,0.8318,0.831,0.0164,0.017,0.0169,0.016766666666666666,0.9116383957099615,0.009195897597978288,36541.26191412295,0.002159653697733201,0.9116383497907427,0.00919589460322677,36541.25001403398,0.0021596956354072426
39.2244,0.831,0.8305,0.8319,0.8311333333333333,0.0164,0.0171,0.0169,0.0168,0.9117116982846938,0.009213438870866147,36628.707427843074,0.002156033198440479,0.9117116574713133,0.00921344672632409,36628.73865779692,0.002156075329761947
39.2435,0.8312,0.8306,0.8321,0.8313,0.0164,0.0171,0.017,0.016833333333333336,0.9118032723824326,0.009230792344794951,36715.56708938487,0.0021514923970707475,0.911803225552664,0.009230794891897199,36715.57722050904,0.002151539850362603
39.2626,0.8313,0.8308,0.8322,0.8314333333333334,0.0164,0.0171,0.0171,0.01686666666666667,0.91187656231524,0.009248327769189055,36803.21800116797,0.0021478806903545253,0.9118765246689943,0.009248318678526308,36803.18182536936,0.0021479243012785163
39.2816,0.8315,0.8309,0.8323,0.8315666666666667,0.0165,0.0171,0.0172,0.016933333333333335,0.9119500325227233,0.009284134398508986,36963.587344949454,0.0021443560654197755,0.9119499937119055,0.00928412315085649,36963.54256386727,0.0021443979553951373
39.3007,0.8317,0.8311,0.8324,0.8317333333333332,0.0165,0.0171,0.0173,0.016966666666666668,0.9120415839192161,0.00930147647092915,37050.639054837826,0.0021398311857104197,0.9120415559573267,0.009301460500783247,37050.5754408392,0.002139869543465412
39.3198,0.8318,0.8312,0.8325,0.8318333333333333,0.0165,0.0171,0.0173,0.016966666666666668,0.9120963986329615,0.009300917475441742,37066.417800299634,0.00213706909549507,0.9120963706761711,0.009300901508069415,37066.354166438214,0.002137107442489431
39.3388,0.832,0.8314,0.8326,0.832,0.0166,0.0171,0.0174,0.017033333333333334,0.9121881224221018,0.009336524404696452,37226.29976852814,0.002132637399056575,0.9121881002300287,0.00933650533441597,37226.22373209883,0.0021326707372966327
39.3579,0.8321,0.8315,0.8327,0.8321,0.0166,0.0171,0.0174,0.017033333333333334,0.9122429282894807,0.009335963483581672,37242.13652219096,0.0021298809526377246,0.9122429061014774,0.009335944416656401,37242.06046222829,0.0021299142816621577
39.377,0.8323,0.8316,0.8328,0.8322333333333333,0.0166,0.0171,0.0174,0.017033333333333334,0.9123159976599978,0.009335215745981909,37257.22551192403,0.002126208990024685,0.912315975254557,0.009335201446192737,37257.168440884176,0.0021262425791870715
39.396,0.8324,0.8318,0.8329,0.8323666666666667,0.0166,0.0171,0.0175,0.017066666666666667,0.9123892482309505,0.00935273333161039,37345.14981916336,0.0021226245480395266,0.9123892365918937,0.0093527121190359,37345.065118066435,0.0021226558003374953
39.4151,0.8326,0.8319,0.833,0.8324999999999999,0.0167,0.0171,0.0175,0.0171,0.9124624932295112,0.009370248161915708,37433.22555952191,0.0021190440159954958,0.9124624762337202,0.009370231139177405,37433.157555346195,0.0021190736325155447
39.4342,0.8327,0.8321,0.8331,0.8326333333333333,0.0167,0.0171,0.0175,0.0171,0.9125355449662522,0.00936949804000883,37448.36705535635,0.0021153833344910284,0.9125355341873879,0.009369480828748665,37448.2982647354,0.0021154089396800374
39.4533,0.8328,0.8322,0.8332,0.8327333333333334,0.0167,0.0171,0.0175,0.0171,0.9125903299328718,0.009368935566770969,37464.25601152909,0.0021126402936231226,0.9125903191560129,0.009368918358569157,37464.187199818996,0.00211266589213324
39.4723,0.833,0.8324,0.8333,0.8329,0.0168,0.0171,0.0176,0.017166666666666667,0.9126820064719653,0.00940451687714768,37624.64826301864,0.002108241498587737,0.9126820007738603,0.009404498417274679,37624.57441060944,0.0021082641857709315
39.4914,0.8331,0.8325,0.8335,0.8330333333333333,0.0168,0.0171,0.0176,0.017166666666666667,0.9127550405874211,0.009403764374512043,37639.8422207288,0.002104592083101309,0.9127550299980264,0.009403741322513292,37639.74995197755,0.0021046177818936592
39.5105,0.8332,0.8327,0.8336,0.8331666666666667,0.0169,0.0171,0.0177,0.017233333333333333,0.9128284457078252,0.009439524707169114,37801.25152418239,0.0021011152749480133,0.9128284415530925,0.009439497075934096,37801.1408729264,0.0021011378990512318
39.5295,0.8333,0.8328,0.8337,0.8332666666666667,0.0169,0.0171,0.0177,0.017233333333333333,0.9128832130137128,0.009438958394491258,37817.160642348965,0.0020983834825741444,0.9128832088598315,0.009438930768211338,37817.04995773505,0.0020984061011202295
39.5486,0.8334,0.8329,0.8337,0.8333333333333334,0.017,0.0172,0.0177,0.0173,0.9129201009186789,0.00947508986963238,37980.26386926565,0.002096732937136137,0.9129200966837345,0.009475071378238619,37980.18974775081,0.0020967506772990503
39.5677,0.8335,0.833,0.8338,0.8334333333333334,0.017,0.0172,0.0178,0.017333333333333336,0.9129750522926455,0.00949277490650298,38069.52996436127,0.002094089624779999,0.9129750526725329,0.00949275225756317,38069.43913375577,0.0020941094554367185
39.5867,0.8336,0.8331,0.8339,0.8335333333333333,0.017,0.0172,0.0178,0.017333333333333336,0.9130298107401298,0.00949220558268537,38085.526263674,0.0020913634410449585,0.9130298111200347,0.009492182937822625,38085.43540581095,0.002091383267083942
39.6058,0.8337,0.8332,0.834,0.8336333333333333,0.017,0.0172,0.0178,0.017333333333333336,0.9130845659051237,0.009491636361279586,38101.61698346803,0.0020886393682794696,0.9130845662850459,0.009491613720486985,38101.52609810591,0.00208865918970226
39.6249,0.8337,0.8333,0.834,0.8336666666666667,0.017,0.0172,0.0178,0.017333333333333336,0.9131028168974479,0.009491446643560336,38119.2296493578,0.0020877318130075265,0.9131028217000655,0.009491425325828431,38119.14403379797,0.002087748829691116
39.6439,0.8338,0.8334,0.8341,0.8337666666666667,0.017,0.0172,0.0178,0.017333333333333336,0.9131575676867054,0.009490877558648475,38135.2210500842,0.002085010553778205,0.9131575724885398,0.009490856244766796,38135.13540894256,0.002085027566781648
39.663,0.8338,0.8335,0.8341,0.8338,0.017,0.0172,0.0178,0.017333333333333336,0.9131758172206256,0.009490687886418034,38152.83169727864,0.0020841039361441283,0.9131758257144837,0.009490667917893337,38152.75142324887,0.0020841186149402626
39.6821,0.8339,0.8337,0.8342,0.8339333333333334,0.0169,0.0171,0.0178,0.017266666666666666,0.9132484331978322,0.009453433501224342,38021.36867104753,0.0020803101024371605,0.9132484500291486,0.009453411818958745,38021.28146575712,0.002080325343928199
39.7011,0.8339,0.8338,0.8343,0.834,0.0169,0.0171,0.0177,0.017233333333333333,0.9132847396142719,0.009434808546462205,37964.62874082302,0.002078414852252719,0.9132847502290992,0.009434786332585612,37964.53935463425,0.0020784281045711926
39.7202,0.834,0.8339,0.8344,0.8341,0.0168,0.0171,0.0177,0.0172,0.9133392912816977,0.00941599697077881,37907.16121113658,0.002075616214072572,0.9133393058695273,0.009415973544950202,37907.066902837185,0.002075631253259553
39.7393,0.8341,0.834,0.8345,0.8342,0.0167,0.0171,0.0176,0.017133333333333334,0.9133936525753112,0.009378942630609231,37776.14334470024,0.002072735765523926,0.9133936665033263,0.00937892142011511,37776.057913890196,0.0020727504922824235
39.7584,0.8342,0.8341,0.8346,0.8342999999999999,0.0166,0.017,0.0176,0.01706666666666667,0.9134480121821689,0.009341892718062884,37644.999855242,0.0020698581084805405,0.9134480314715225,0.009341868066865218,37644.90051837735,0.0020698752593201644
39.7774,0.8344,0.8342,0.8347,0.8344333333333335,0.0165,0.017,0.0175,0.017,0.9135206128256892,0.009304661417224292,37512.88731983008,0.002066081099076292,0.913520632711509,0.00930464441122271,37512.81875804234,0.0020660976716883337
39.7965,0.8345,0.8343,0.8348,0.8345333333333333,0.0164,0.017,0.0175,0.016966666666666668,0.913575153217988,0.009285862584430189,37455.07376437542,0.0020632928194748794,0.9135751789149237,0.009285845042391836,37455.00300753032,0.0020633119999124362
39.8156,0.8347,0.8344,0.8349,0.8346666666666667,0.0163,0.0169,0.0175,0.0169,0.9136477461401206,0.009248640995063654,37322.842486571215,0.002059523404991877,0.913647778128072,0.00924862691084896,37322.78564979629,0.002059545383931269
39.8346,0.8349,0.8346,0.8351,0.8348666666666666,0.0162,0.0169,0.0174,0.016833333333333332,0.9137568113287512,0.00921105764938532,37188.913171874345,0.0020539600069604752,0.9137568437600029,0.009211046476750619,37188.868063249734,0.002053982164449812
39.8537,0.8351,0.8347,0.8352,0.835,0.0161,0.0168,0.0174,0.016766666666666666,0.9138293930022796,0.00917384951450317,37056.44769337188,0.0020502013362707775,0.9138294313860454,0.00917384290030282,37056.4209762594,0.0020502269283561494
39.8728,0.8353,0.8348,0.8353,0.8351333333333334,0.0161,0.0168,0.0174,0.016766666666666666,0.9139023358184702,0.009173117306701402,37071.24803645601,0.002046611059173084,0.9139023729553969,0.009173118010203265,37071.25087951266,0.002046637631544219
39.8918,0.8355,0.835,0.8354,0.8353,0.016,0.0168,0.0174,0.016733333333333333,0.9139933233622797,0.009153969129543107,37011.49279938489,0.00204204641113864,0.9139933698502484,0.009153978651682132,37011.531299468836,0.002042075535488254
39.9109,0.8357,0.8351,0.8355,0.8354333333333334,0.016,0.0167,0.0173,0.016666666666666666,0.9140658887222148,0.009116775318007708,36878.75903132779,0.00203830094957299,0.9140659251726359,0.009116790233101331,36878.819365176605,0.0020383283095908766
39.93,0.8359,0.8352,0.8356,0.8355666666666667,0.016,0.0167,0.0173,0.016666666666666666,0.9141388127623472,0.009116048041056656,36893.46459664072,0.0020347228295729647,0.9141388461492129,0.009116070316245678,36893.55474632991,0.0020347523317901218
39.949,0.8361,0.8353,0.8357,0.8357,0.016,0.0166,0.0173,0.016633333333333333,0.9142115494155226,0.009097092103007437,36834.26682701539,0.002031066906687158,0.9142115788833735,0.009097117394552589,36834.36923287343,0.0020310989838623786
39.9681,0.8362,0.8355,0.8358,0.8358333333333333,0.016,0.0166,0.0172,0.0166,0.9142842807055642,0.009078139234325166,36775.100494017235,0.002027414893454148,0.9142843072633354,0.009078164612105246,36775.20329817001,0.002027441303641154
39.9872,0.8364,0.8356,0.8359,0.8359666666666667,0.016,0.0165,0.0171,0.016533333333333334,0.9143568262375331,0.009040963472305659,36642.0054485302,0.0020236857675399135,0.9143568423104543,0.009040990972388065,36642.116903263144,0.0020237122028966804
40.0062,0.8366,0.8357,0.8361,0.8361333333333333,0.016,0.0164,0.0171,0.0165,0.9144477715545324,0.009021838377904207,36581.867291604336,0.002019151531213055,0.9144477838394004,0.009021860891273227,36581.95857910509,0.0020191810389061614
40.0253,0.8367,0.8359,0.8362,0.8362666666666666,0.0159,0.0164,0.017,0.016433333333333335,0.9145203065162258,0.008984673831866446,36448.56519689858,0.00201543183403875,0.9145203225753429,0.008984701320308623,36448.67671060465,0.0020154582528093263
40.0444,0.8369,0.8361,0.8364,0.8364666666666668,0.0159,0.0163,0.0169,0.016366666666666665,0.9146292791704622,0.00894715872288133,36313.696386022944,0.0020099405639543324,0.914629289642057,0.008947181646438459,36313.78942551397,0.0020099644941258795
40.0635,0.8371,0.8363,0.8366,0.8366666666666666,0.0159,0.0162,0.0169,0.016333333333333335,0.9147384181003045,0.008927871077751148,36252.69714123378,0.002004538194779671,0.9147384295397987,0.008927889970231653,36252.77385642916,0.0020045625764140234
40.0825,0.8373,0.8365,0.8368,0.8368666666666668,0.0158,0.0162,0.0168,0.016266666666666665,0.9148473672582311,0.008890371907292197,36117.54776159021,0.001999064727549428,0.9148473777179373,0.008890394816527892,36117.6408314216,0.00199908863708848
40.1016,0.8376,0.8367,0.837,0.8371000000000001,0.0158,0.0161,0.0168,0.016233333333333332,0.9149746953926561,0.008870919280650551,36055.69353893436,0.0019927961733396254,0.914974701883359,0.00887094301729541,36055.79001610494,0.001992823809303807
40.1207,0.8378,0.8369,0.8372,0.8373,0.0159,0.0161,0.0168,0.016266666666666665,0.915084147942116,0.008888071497713501,36142.61459875208,0.0019875797494775444,0.9150841499284215,0.008888089918658412,36142.68950601544,0.0019876053818445763
40.1397,0.838,0.8371,0.8374,0.8375,0.0159,0.0161,0.0168,0.016266666666666665,0.9151934106806914,0.008887010372248738,36155.413669652415,0.001982292197310954,0.915193412666158,0.00888702878661774,36155.48858563662,0.0019823178179501637
40.1588,0.8382,0.8373,0.8375,0.8376666666666667,0.016,0.0161,0.0168,0.0163,0.9152846299538051,0.0089043339451816,36243.12958128533,0.001977971857522493,0.9152846268756103,0.008904352503352399,36243.20511823096,0.00197799676509907
40.1779,0.8384,0.8375,0.8377,0.8378666666666666,0.016,0.0161,0.0169,0.016333333333333335,0.9153940459788075,0.00892147671545321,36330.17629798668,0.001972779299485792,0.9153940487469617,0.008921496904854179,36330.25851357944,0.0019728068128667797
40.1969,0.8385,0.8376,0.8378,0.8379666666666666,0.0161,0.0162,0.0169,0.016399999999999998,0.9154490159695612,0.008957353011423676,36493.52182081068,0.0019703062106528973,0.915449012896152,0.00895737156009118,36493.597390702984,0.001970331100905509
40.216,0.8387,0.8378,0.8379,0.8381333333333333,0.0162,0.0162,0.017,0.016466666666666668,0.9155403896047455,0.008992867411220039,36655.6215540995,0.0019660829895226883,0.9155403869545844,0.00899288775292689,36655.70446846642,0.001966110407926555
40.2351,0.8388,0.838,0.838,0.8382666666666667,0.0162,0.0162,0.017,0.016466666666666668,0.9156131964263667,0.008992152325314752,36670.11447487009,0.0019625800949201345,0.915613197117254,0.008992175462415297,36670.20882826791,0.00196260544768056
40.2541,0.8389,0.8381,0.8381,0.8383666666666666,0.0163,0.0162,0.017,0.0165,0.9156679766439815,0.009009816014572302,36759.497772187744,0.001960035859583575,0.9156679746353071,0.009009833438662887,36759.568861410655,0.0019600600272146485
40.2732,0.8391,0.8383,0.8383,0.8385666666666666,0.0163,0.0162,0.017,0.0165,0.9157771694545503,0.0090087417279838,36772.554529756024,0.0019547925830878093,0.9157771674464693,0.009008759145829917,36772.625627220616,0.001954816739190269
40.2923,0.8392,0.8384,0.8384,0.8386666666666667,0.0164,0.0163,0.017,0.016566666666666667,0.9158321196699551,0.00904459797317195,36936.42442242539,0.0019523355235827947,0.9158321125175005,0.009044612648591901,36936.48435405989,0.0019523573760798643
40.3113,0.8393,0.8386,0.8385,0.8388,0.0164,0.0163,0.017,0.016566666666666667,0.9159049032249879,0.009043879232621642,36950.9053611445,0.001948847366266937,0.9159048986886337,0.009043896722309203,36950.97681939524,0.0019488676193508258
40.3304,0.8394,0.8387,0.8386,0.8389000000000001,0.0165,0.0163,0.017,0.0166,0.9159596669095615,0.009061534366468619,37040.581562708285,0.0019463146268045484,0.9159596607696305,0.009061546479216259,37040.63107564934,0.0019463341861959847
40.3495,0.8395,0.8389,0.8387,0.8390333333333334,0.0165,0.0163,0.017,0.0166,0.9160324403056852,0.009060814480794287,37055.17949342069,0.001942832912013487,0.916032436068643,0.009060829789364296,37055.242099471245,0.0019428513373603833
40.3686,0.8396,0.839,0.8388,0.8391333333333333,0.0166,0.0164,0.017,0.016666666666666666,0.9160873771182783,0.009096657744098213,37219.37436553166,0.0019403864127734878,0.9160873688025121,0.009096669558432498,37219.42270439886,0.001940403019204705
40.3876,0.8397,0.8392,0.8389,0.8392666666666667,0.0166,0.0164,0.017,0.016666666666666666,0.9161601403166937,0.009095935270065721,37233.93471653964,0.0019369111252224766,0.9161601331709419,0.00909594993874816,37233.994762345596,0.0019369270571182907
40.4067,0.8398,0.8393,0.839,0.8393666666666667,0.0166,0.0164,0.017,0.016666666666666666,0.916214708924762,0.009095393527478691,37249.32463769023,0.001934307076106042,0.9162147017802341,0.009095408193516208,37249.384701060866,0.0019343230038416275
40.4258,0.8398,0.8394,0.8391,0.8394333333333334,0.0166,0.0165,0.017,0.016700000000000003,0.9162512669156974,0.009113220686840895,37339.97612320701,0.0019326535986509824,0.9162512615644117,0.00911323493575187,37340.03450585942,0.0019326656235570297
40.4448,0.8399,0.8395,0.8392,0.8395333333333334,0.0166,0.0165,0.017,0.016700000000000003,0.916305830077536,0.009112678022898077,37355.301271152224,0.0019300529923652408,0.916305824727155,0.009112692269243773,37355.359670728525,0.0019300650141334814
40.4639,0.84,0.8396,0.8393,0.8396333333333333,0.0166,0.0165,0.0169,0.016666666666666666,0.9163602093326506,0.009093949353608483,37296.13218542179,0.0019273730660329313,0.9163602009876571,0.00909396007534418,37296.17615743618,0.001927383758291287
40.483,0.84,0.8397,0.8394,0.8397,0.0166,0.0165,0.0169,0.016666666666666666,0.9163965808263956,0.009093588417602208,37312.255947107515,0.0019256418626220758,0.916396576067617,0.009093598309008325,37312.29653292026,0.0019256502500364103
40.502,0.8401,0.8398,0.8395,0.8398,0.0166,0.0165,0.0168,0.016633333333333333,0.9164509551168369,0.009074862784781833,37252.89788067888,0.0019229655669272332,0.9164509480971009,0.009074869492297096,37252.92541546229,0.0019229729536697927
40.5211,0.8402,0.8399,0.8396,0.8399,0.0165,0.0165,0.0168,0.0166,0.9165053265861927,0.009056139401736758,37193.568720894174,0.001920291516749993,0.9165053203848085,0.009056149331313412,37193.60950167009,0.001920299249313945
40.5402,0.8403,0.84,0.8398,0.8400333333333333,0.0165,0.0164,0.0167,0.016533333333333334,0.9165776981389494,0.009019057176987276,37058.73175714239,0.0019166758205415029,0.916577693951902,0.009019061992096558,37058.75154211989,0.0019166813524983276
40.5592,0.8405,0.8401,0.8399,0.8401666666666667,0.0164,0.0164,0.0167,0.0165,0.9166502438602755,0.009000161244988305,36998.421525105776,0.0019131448615297463,0.9166502372680992,0.009000170097368317,36998.457916019026,0.0019131528089692512
40.5783,0.8406,0.8402,0.8401,0.8403,0.0164,0.0164,0.0166,0.016466666666666668,0.9167227842599307,0.008981268355819806,36938.142059668084,0.0019096177566366517,0.9167227782618128,0.008981272859981283,36938.160584374156,0.001909623252679898
40.5974,0.8407,0.8403,0.8402,0.8403999999999999,0.0163,0.0163,0.0166,0.016399999999999998,0.9167769640994983,0.008944378317856605,36803.73596893689,0.0019068748921903969,0.9167769599669614,0.00894438492930136,36803.76317327223,0.0019068812137953625
40.6164,0.8409,0.8405,0.8404,0.8405999999999999,0.0163,0.0163,0.0166,0.016399999999999998,0.9168860250176346,0.008943314410142473,36816.58074936154,0.0019017158321108125,0.9168860208865256,0.00894332101920385,36816.60795661723,0.0019017221502575568
40.6355,0.8411,0.8406,0.8406,0.8407666666666667,0.0163,0.0163,0.0166,0.016399999999999998,0.9169768992113021,0.0089424281102971,36830.24356096383,0.0018974229166011326,0.9169768936097213,0.008942433678716714,36830.266495031414,0.0018974301398799378
40.6546,0.8412,0.8408,0.8407,0.8409,0.0163,0.0163,0.0166,0.016399999999999998,0.9170495920850333,0.008941719260082956,36844.63412779846,0.0018939927063606101,0.9170495879560647,0.008941725865567978,36844.66134590627,0.0018939990193247763
40.6737,0.8414,0.8409,0.8409,0.8410666666666667,0.0163,0.0163,0.0166,0.016399999999999998,0.9171404500779401,0.008940833434292668,36858.292374141005,0.001889710093622651,0.9171404444792963,0.008940838999677202,36858.31531725608,0.0018897173108158164
40.6927,0.8416,0.8411,0.841,0.8412333333333333,0.0163,0.0163,0.0166,0.016399999999999998,0.9172312990741658,0.008939947871684088,36871.85766576141,0.001885433200238039,0.9172312913821403,0.008939955657443032,36871.88977729044,0.0018854418009422232
40.7118,0.8417,0.8412,0.8412,0.8413666666666666,0.0163,0.0163,0.0166,0.016399999999999998,0.917303971795331,0.008939239610997412,36886.24175420518,0.0018820158013502768,0.9173039661996217,0.008939245173349666,36886.26470629941,0.0018820230124646055
40.7309,0.8419,0.8413,0.8413,0.8415,0.0164,0.0163,0.0167,0.016466666666666668,0.9173769934850133,0.008974863542255226,37050.612004527604,0.001878762115984419,0.9173769853440742,0.008974868098944235,37050.63081574581,0.001878772478261916
40.7499,0.842,0.8415,0.8414,0.8416333333333333,0.0164,0.0163,0.0167,0.016466666666666668,0.9174496546136822,0.008974152741709185,37064.95949576677,0.0018753520087111122,0.9174496483245381,0.008974159042890254,37064.98552084434,0.0018753612386059831
40.769,0.8421,0.8416,0.8415,0.8417333333333333,0.0164,0.0163,0.0167,0.016466666666666668,0.9175041466853372,0.008973619752103866,37080.12993660959,0.001872796825983229,0.9175041403972909,0.008973626052139557,37080.1559691526,0.0018728060533415875
40.7881,0.8422,0.8417,0.8416,0.8418333333333333,0.0165,0.0163,0.0167,0.016499999999999997,0.9175588133174702,0.008991249258639606,37170.38320161789,0.0018703239439860897,0.9175588065553218,0.008991251616238274,37170.3929480773,0.0018703329786777985
40.8071,0.8423,0.8418,0.8417,0.8419333333333333,0.0165,0.0163,0.0167,0.016499999999999997,0.9176132988881498,0.008990715380864763,37185.48987703161,0.0018677728618268247,0.9176132921271972,0.008990717738019093,37185.49962619334,0.0018677818939997568
40.8262,0.8424,0.8419,0.8418,0.8420333333333333,0.0165,0.0163,0.0167,0.016499999999999997,0.9176677812250473,0.008990181598166667,37200.686009286466,0.001865223832753256,0.91766777446529,0.008990183954879417,37200.69576118414,0.0018652328624083638
40.8453,0.8425,0.8421,0.8419,0.8421666666666666,0.0165,0.0163,0.0167,0.016499999999999997,0.9177404193115776,0.008989470035753162,37215.1440918034,0.0018618283198400154,0.9177404136936097,0.008989474515770752,37215.16263844736,0.0018618366781781139
40.8643,0.8426,0.8422,0.842,0.8422666666666667,0.0165,0.0163,0.0166,0.016466666666666668,0.9177947164469483,0.008970778743645623,37155.040132763505,0.0018592038654635266,0.917794708949265,0.008970780402421061,37155.04700305534,0.0018592113903342568
40.8834,0.8427,0.8423,0.8421,0.8423666666666666,0.0165,0.0163,0.0166,0.016466666666666668,0.9178491880403521,0.008970246354863036,37170.20035161868,0.0018566616827536558,0.9178491805439973,0.00897024801331646,37170.20722378736,0.001856669205412071
40.9025,0.8428,0.8424,0.8423,0.8424999999999999,0.0165,0.0163,0.0166,0.016466666666666668,0.9179218118051916,0.008969536650558382,37184.62341984418,0.001853275294816145,0.9179218067811027,0.008969536798564019,37184.62403342481,0.001853281210480626
40.9215,0.843,0.8426,0.8424,0.8426666666666667,0.0165,0.0163,0.0166,0.016466666666666668,0.9180125834350693,0.008968649756985114,37198.217929903156,0.0018490474328336395,0.9180125759426984,0.008968651414475351,37198.224804481244,0.0018490549488601822
40.9406,0.8431,0.8427,0.8425,0.8427666666666666,0.0166,0.0163,0.0166,0.0165,0.9180672196069698,0.008986270094179837,37288.6960171342,0.0018465936217051584,0.9180672127278305,0.008986268143554224,37288.6879229767,0.0018466014340635419
40.9597,0.8432,0.8428,0.8426,0.8428666666666667,0.0166,0.0163,0.0166,0.0165,0.9181216750180476,0.008985737102697141,37303.87960604398,0.0018440616753633964,0.9181216681401386,0.008985735152395105,37303.871509453624,0.0018440694854833016
40.9788,0.8433,0.8429,0.8428,0.843,0.0166,0.0163,0.0166,0.0165,0.9181942772109346,0.008985026594873937,37318.323836668955,0.0018406889306622142,0.9181942728135426,0.008985023494789595,37318.31096080819,0.0018406951389351052
40.9978,0.8433,0.843,0.8429,0.8430666666666667,0.0166,0.0163,0.0166,0.0165,0.918230576155525,0.008984671404149,37334.150711096176,0.001839003922327953,0.9182305746584932,0.008984669295620461,37334.14194949336,0.0018390083193054246
41.0169,0.8434,0.8432,0.843,0.8432,0.0166,0.0163,0.0166,0.0165,0.9183031697418491,0.008983961149038745,37348.5911855507,0.0018356366326928693,0.9183031686663942,0.008983961181568304,37348.591320784275,0.0018356408165463068
41.036,0.8435,0.8433,0.8431,0.8433,0.0167,0.0163,0.0166,0.016533333333333334,0.9183577888576372,0.009001575167072427,37439.24300621248,0.0018331938471101536,0.9183577891524269,0.009001573007074394,37439.234022374665,0.001833198662354654
41.055,0.8436,0.8434,0.8432,0.8433999999999999,0.0167,0.0163,0.0166,0.016533333333333334,0.9184122270255268,0.009001041605728746,37454.35746921215,0.0018306728014542862,0.918412227320272,0.009001039446117147,37454.34848282276,0.0018306776156004915
41.0741,0.8437,0.8435,0.8433,0.8435,0.0167,0.0163,0.0166,0.016533333333333334,0.9184666619680676,0.009000508139242235,37469.561496410744,0.0018281537989769216,0.9184666622627677,0.009000505980015259,37469.55250744182,0.0018281586120252038
41.0932,0.8438,0.8436,0.8435,0.8436333333333333,0.0167,0.0163,0.0166,0.016533333333333334,0.9185392368752356,0.008999796998099495,37484.02344580649,0.0018247983061209692,0.9185392389402159,0.008999794069901978,37484.01124990648,0.0018248019783481527
41.1122,0.8439,0.8438,0.8436,0.8437666666666667,0.0167,0.0164,0.0166,0.01656666666666667,0.918611983951993,0.009017227597769255,37573.98645450187,0.0018215268652619486,0.9186119839305449,0.009017226881878358,37573.9834714481,0.0018215295806162798
41.1313,0.844,0.8439,0.8437,0.8438666666666667,0.0167,0.0164,0.0166,0.01656666666666667,0.918666407041543,0.0090166934045289,37589.2156932386,0.001819015341016035,0.9186664070201013,0.00901669268876587,37589.21270933201,0.0018190180557395863
41.1504,0.844,0.844,0.8438,0.8439333333333333,0.0167,0.0164,0.0167,0.0166,0.918702865517355,0.009034477099757035,37680.842800112696,0.0018174226964789717,0.9187028673706688,0.009034479195448744,37680.85154078788,0.001817425075144605
41.1694,0.8441,0.8441,0.8439,0.8440333333333333,0.0167,0.0165,0.0167,0.016633333333333333,0.9187574617372773,0.009052080677462371,37771.69543415505,0.001814995289978712,0.9187574617794766,0.009052082109475683,37771.7014095294,0.0018149968538766607
41.1885,0.8442,0.8442,0.844,0.8441333333333333,0.0167,0.0165,0.0167,0.016633333333333333,0.9188118761709557,0.009051544589656211,37786.981137916875,0.0018124891889685487,0.9188118762131424,0.009051546021413961,37786.98711499654,0.001812490752506114
41.2076,0.8443,0.8443,0.8441,0.8442333333333334,0.0167,0.0165,0.0167,0.016633333333333333,0.9188662873835114,0.009051008597072282,37802.26516378605,0.0018099851262054544,0.9188662874256854,0.009051010028575354,37802.27114257373,0.0018099866893827694
41.2266,0.8443,0.8444,0.8441,0.8442666666666666,0.0167,0.0166,0.0167,0.016666666666666666,0.9188846025553168,0.00906896612497401,37894.730672684884,0.0018092317610387868,0.9188846004506912,0.009068967619814577,37894.73691888538,0.0018092335178207244
41.2457,0.8444,0.8444,0.8442,0.8443333333333333,0.0167,0.0166,0.0167,0.016666666666666666,0.9189208741710043,0.009068608155028121,37910.79056795755,0.0018075639654716073,0.918920873118796,0.00906860890241591,37910.79369236886,0.0018075650377707088
41.2648,0.8444,0.8445,0.8443,0.8443999999999999,0.0167,0.0166,0.0167,0.016666666666666666,0.918957144355594,0.009068250227464882,37926.84925452166,0.0018058970751954086,0.9189571436718759,0.009068251321824037,37926.853831545195,0.0018058979235158186
41.2839,0.8445,0.8445,0.8444,0.8444666666666668,0.0166,0.0166,0.0167,0.016633333333333333,0.918993234356096,0.009049758317855863,37867.028284622116,0.0018041502358370652,0.9189932343772503,0.00904975903324931,37867.03127805277,0.0018041506289900296
41.3029,0.8446,0.8446,0.8445,0.8445666666666667,0.0166,0.0166,0.0167,0.016633333333333333,0.919047634835703,0.009049222642473357,37882.21327969724,0.0018016529623834327,0.9190476348568511,0.009049223357740764,37882.21627397791,0.001801653355446385
41.322,0.8447,0.8446,0.8445,0.8446000000000001,0.0166,0.0166,0.0167,0.016633333333333333,0.9190657676136225,0.009049044105148592,37898.98368106826,0.0018008209902296833,0.9190657669301396,0.009049045199120122,37898.988262812876,0.001800821838072133
41.3411,0.8448,0.8447,0.8446,0.8447,0.0165,0.0166,0.0167,0.0166,0.9191199854802482,0.0090303770248924,37838.28433950459,0.001798245755972981,0.9191199855434964,0.009030379170156033,37838.293328397864,0.0017982469347329539
41.3601,0.8448,0.8448,0.8447,0.8447666666666667,0.0165,0.0166,0.0167,0.0166,0.9191562478390707,0.009030020760357308,37854.181002632155,0.0017965838515135394,0.9191562485857179,0.00903002181181454,37854.18541037976,0.0017965845704239983
41.3792,0.8449,0.8448,0.8448,0.8448333333333333,0.0165,0.0165,0.0167,0.016566666666666667,0.9191923308459663,0.00901153442578096,37794.13079176303,0.0017948423485974715,0.919192331939425,0.009011535109073524,37794.133657473496,0.001794843226567891
41.3983,0.845,0.8449,0.8449,0.8449333333333332,0.0165,0.0165,0.0167,0.016566666666666667,0.9192467195898738,0.009011001243526898,37809.33879507966,0.0017923525501510563,0.9192467206831361,0.009011001926702076,37809.34166162036,0.0017923534279853564
41.4173,0.8451,0.845,0.8449,0.8450000000000001,0.0165,0.0165,0.0167,0.016566666666666667,0.919282976965459,0.009010645841258753,37825.19969975111,0.0017906938139409382,0.919282977386006,0.009010647974875644,37825.208656321636,0.0017906951535927517
41.4364,0.8452,0.845,0.845,0.8450666666666665,0.0165,0.0164,0.0167,0.016533333333333334,0.919319055420678,0.008992162860025538,37765.01889053983,0.0017889556581852763,0.9193190565139192,0.0089921635430591,37765.02175912392,0.0017889576982317353
41.4555,0.8452,0.8451,0.845,0.8451,0.0165,0.0164,0.0167,0.016533333333333334,0.9193371828682798,0.00899198555297923,37781.681584919446,0.0017881270829644587,0.9193371843606254,0.008991987654828656,37781.69041627323,0.0017881289073909082
41.4745,0.8453,0.8452,0.8451,0.8452000000000001,0.0164,0.0164,0.0167,0.0165,0.9193913859756817,0.00897332749234243,37720.566170379345,0.0017855625607505672,0.9193913882135041,0.008973330644531674,37720.57942102277,0.0017855647158045336
41.4936,0.8453,0.8452,0.8451,0.8452000000000001,0.0164,0.0163,0.0167,0.016466666666666668,0.9193912092411782,0.00895520127947275,37661.70637634313,0.001785482571457526,0.9193912129079315,0.008955204390029278,37661.71945799959,0.0017854853732011608
41.5127,0.8454,0.8453,0.8452,0.8452999999999999,0.0163,0.0162,0.0166,0.016366666666666668,0.9194450583215709,0.008900296172424112,37448.0290689017,0.0017827612715378938,0.919445061987124,0.008900299283100715,37448.042157085016,0.0017827640727395404
41.5317,0.8455,0.8454,0.8452,0.8453666666666667,0.0163,0.0162,0.0166,0.016366666666666668,0.91948130796269,0.008899945287049243,37463.6916773128,0.0017811075315474986,0.9194813102720865,0.008899950939077878,37463.71546912852,0.0017811112525035783
41.5508,0.8456,0.8456,0.8453,0.8455,0.0162,0.0161,0.0165,0.016266666666666665,0.9195532783937677,0.008844874488990346,37248.99759375264,0.0017775652832107969,0.9195532800389304,0.008844881946154551,37249.028998595284,0.0017775694665828371
41.5699,0.8457,0.8457,0.8454,0.8456,0.0162,0.0161,0.0164,0.016233333333333332,0.9196074718751094,0.008826229576101852,37187.56351511877,0.0017750102655953188,0.9196074713155374,0.008826234951834348,37187.58616469885,0.0017750134631968814
41.589,0.8458,0.8458,0.8454,0.8456666666666667,0.0161,0.0161,0.0164,0.016200000000000003,0.9196435414390589,0.008807760436532091,37126.79817431963,0.0017732819432664758,0.9196435391869989,0.008807769075800165,37126.83459088255,0.001773287063703714
41.608,0.8459,0.8459,0.8455,0.8457666666666667,0.0161,0.0161,0.0163,0.016166666666666666,0.9196977303928309,0.008789119583756938,37065.1480996343,0.0017707306567326584,0.9196977262739151,0.008789125417296777,37065.17270062147,0.0017707349477227748
41.6271,0.846,0.8461,0.8456,0.8459,0.0161,0.0161,0.0163,0.016166666666666666,0.9197702085027095,0.008788426999055266,37079.24063691718,0.001767436760524354,0.9197702026211442,0.008788433596094724,37079.26847047757,0.0017674421807802267
41.6462,0.8461,0.8462,0.8457,0.846,0.016,0.0161,0.0163,0.016133333333333333,0.9198243904220136,0.008769789919317319,37017.58615933408,0.0017648903898735981,0.9198243856421328,0.008769797554738104,37017.61838870894,0.0017648963006030253
41.6652,0.8462,0.8463,0.8458,0.8461,0.016,0.0161,0.0163,0.016133333333333333,0.9198787420780152,0.008769271750365869,37032.2862672638,0.0017624243651963307,0.9198787372989558,0.008769279384416516,37032.318505556446,0.0017624302742616294
41.6843,0.8463,0.8463,0.8459,0.8461666666666666,0.016,0.0161,0.0162,0.0161,0.9199148022229956,0.008750810379989928,36971.2650922081,0.0017607033350821968,0.9199147977086556,0.00875081479242054,36971.28373426921,0.0017607074494052069
41.7034,0.8463,0.8464,0.8459,0.8462000000000001,0.016,0.0162,0.0162,0.016133333333333333,0.9199330905239695,0.008768753673240195,37064.04883745219,0.00175996036560887,0.9199330845221616,0.008768755987076464,37064.05861764945,0.001759965750928261
41.7224,0.8464,0.8465,0.846,0.8462999999999999,0.016,0.0162,0.0162,0.016133333333333333,0.9199874357604448,0.008768235687912261,37078.74472226701,0.001757498390445072,0.9199874297596926,0.008768238001319553,37078.75450510605,0.0017575037741485576
41.7415,0.8465,0.8465,0.846,0.8463333333333334,0.016,0.0162,0.0161,0.0161,0.9200053776681314,0.008749948853997207,37018.352922321676,0.001756600055493964,0.920005369823376,0.008749949077904688,37018.35386960563,0.0017566061618852697
41.7606,0.8465,0.8465,0.8461,0.8463666666666666,0.0159,0.0162,0.0161,0.01606666666666667,0.9200233195961676,0.008731662733135684,36957.89333848679,0.001755702111851092,0.9200233164272446,0.00873166425081926,36957.89976227908,0.0017557068496498159
41.7796,0.8466,0.8466,0.8461,0.8464333333333333,0.0159,0.0162,0.016,0.016033333333333333,0.9200593748711906,0.008713205783909557,36896.55125919165,0.0017539850327282513,0.9200593684026049,0.00871320418366449,36896.544482865516,0.0017539917707188307
41.7987,0.8467,0.8466,0.8462,0.8464999999999999,0.0159,0.0162,0.016,0.016033333333333333,0.9200956004551802,0.008712862731545739,36911.965581887904,0.0017523466534964088,0.9200955954640978,0.008712862872690916,36911.96617984818,0.0017523525033620632
41.8178,0.8467,0.8466,0.8463,0.8465333333333334,0.0158,0.0161,0.0159,0.01593333333333333,0.9201131997985681,0.008658354937642507,36697.80527381836,0.0017512954044353565,0.9201131976695048,0.008658355353939516,36697.80703826284,0.001751299458356314
41.8368,0.8468,0.8466,0.8463,0.8465666666666666,0.0158,0.0161,0.0158,0.0159,0.920131141481341,0.008640072747891291,36636.95606088946,0.0017503996438847215,0.9201311378870182,0.008640071777814583,36636.95194742205,0.001750405358584059
41.8559,0.8468,0.8467,0.8464,0.8466333333333335,0.0157,0.016,0.0157,0.015799999999999998,0.9201668557477648,0.008585399431259378,36421.74215757475,0.0017485326450523233,0.9201668542620481,0.008585397332231614,36421.733252893195,0.0017485370038112199
41.875,0.8469,0.8467,0.8465,0.8466999999999999,0.0156,0.0159,0.0156,0.015700000000000002,0.9202025719156347,0.008530730340884134,36206.3345102324,0.0017466680270835963,0.9202025708466727,0.008530730369673688,36206.334632421735,0.0017466721749420106
41.8941,0.847,0.8467,0.8466,0.8467666666666668,0.0156,0.0158,0.0155,0.015633333333333332,0.9202384569657818,0.008494175186333408,36067.62987410675,0.0017448814619198001,0.92023845481897,0.008494174888718606,36067.62861038658,0.0017448855081437077
41.9131,0.847,0.8468,0.8467,0.8468333333333332,0.0155,0.0157,0.0155,0.015566666666666666,0.9202743420948699,0.008457622881905337,35928.71009138261,0.0017430964598912399,0.9202743410459368,0.008457623623495125,35928.713241719866,0.0017430986816292435
41.9322,0.8471,0.8469,0.8468,0.8469333333333333,0.0154,0.0156,0.0154,0.015466666666666665,0.9203281699357484,0.00840279976855659,35712.08354065798,0.0017404218870345038,0.9203281688868638,0.008402800509828518,35712.08669107995,0.0017404241081689625
41.9513,0.8472,0.8469,0.8469,0.847,0.0153,0.0155,0.0153,0.015366666666666667,0.9203638908406809,0.008348147303253102,35495.97031704155,0.0017385662657850448,0.9203638891185091,0.008348149488217958,35495.97960741999,0.001738568944562301
41.9703,0.8473,0.8471,0.847,0.8471333333333333,0.0153,0.0154,0.0152,0.0153,0.9204359894562741,0.008311278663190131,35355.211756563665,0.001735157318082375,0.9204359880033756,0.008311277633476003,35355.20737627966,0.001735159364854596
41.9894,0.8474,0.8472,0.8472,0.8472666666666666,0.0152,0.0153,0.0151,0.0152,0.9205079213911144,0.008256311350927182,35137.37038133563,0.0017316789418173994,0.920507921035333,0.008256311360498494,35137.37042206941,0.001731680322490817
42.0085,0.8476,0.8473,0.8473,0.8474,0.0151,0.0152,0.015,0.0151,0.9205798510641382,0.008201352648843972,34919.35284666003,0.001728205660547779,0.9205798489292226,0.008201352705910733,34919.353089636345,0.0017282081608785006
42.0275,0.8477,0.8474,0.8475,0.8475333333333334,0.015,0.0152,0.015,0.015066666666666666,0.9206520995322904,0.00818260593459758,34855.29147691119,0.001724883059609904,0.9206520985410407,0.008182608809434305,34855.30372279871,0.001724885291154405
42.0466,0.8478,0.8476,0.8476,0.8476666666666667,0.015,0.0151,0.015,0.015033333333333334,0.9207243427393649,0.008163862209076512,34791.253385937314,0.0017215642218212795,0.9207243416912191,0.008163862948848868,34791.256538563706,0.0017215652831249456
42.0657,0.848,0.8477,0.8478,0.8478333333333333,0.015,0.0151,0.0149,0.015,0.9208146793623502,0.008144961378324815,34726.472897568034,0.0017174391118795107,0.9208146779684502,0.008144962483062538,34726.47760767566,0.001717441168756009
42.0847,0.8481,0.8478,0.8479,0.8479333333333333,0.0149,0.0151,0.0149,0.014966666666666665,0.9208688133744671,0.008126383720077485,34662.91535398615,0.0017149378291650274,0.9208688123833711,0.008126386592700327,34662.927607097234,0.001714940058284191
42.1038,0.8482,0.8479,0.848,0.8480333333333333,0.0149,0.0151,0.0149,0.014966666666666665,0.9209231040970275,0.008125904649410647,34676.602608839275,0.0017125110902869152,0.9209231031060977,0.008125907521524636,34676.61486533991,0.0017125133188297418
42.1229,0.8483,0.848,0.8481,0.8481333333333333,0.0149,0.0151,0.0149,0.014966666666666665,0.9209773916201991,0.008125425663454778,34690.28837051314,0.0017100863636613267,0.9209773906294356,0.008125428535057403,34690.30063039062,0.0017100885916280096
42.1419,0.8484,0.8481,0.8482,0.8482333333333333,0.0149,0.0151,0.0149,0.014966666666666665,0.9210316759445473,0.008124946762180448,34703.89028928943,0.0017076636486272002,0.9210316749539499,0.008124949633272587,34703.90255251644,0.0017076658760179456
42.161,0.8485,0.8482,0.8483,0.8483333333333333,0.0149,0.015,0.0149,0.014933333333333333,0.9210857976568558,0.008106374765154746,34640.257076826565,0.0017051706094804969,0.9210857955626984,0.008106376242659627,34640.263390518005,0.0017051723433776972
42.1801,0.8486,0.8482,0.8484,0.8484000000000002,0.0149,0.015,0.0149,0.014933333333333333,0.921121983316503,0.008106056311657147,34654.588554189584,0.0017035579282142334,0.9211219794650152,0.008106058546511197,34654.59810852089,0.0017035607830242613
42.1992,0.8486,0.8483,0.8485,0.8484666666666666,0.0149,0.0149,0.0149,0.014900000000000002,0.9211580085341172,0.008087646126918318,34591.53895083613,0.0017018739755772147,0.9211580060475257,0.008087646192428105,34591.53923102697,0.0017018755385172822
42.2182,0.8487,0.8484,0.8486,0.8485666666666667,0.0149,0.0149,0.0149,0.014900000000000002,0.9212122822560684,0.008087169638852755,34605.074738764044,0.0016994579748968038,0.9212122797699162,0.008087169704344378,34605.07501900331,0.0016994595373235899
42.2373,0.8487,0.8485,0.8487,0.8486333333333334,0.0148,0.0148,0.0149,0.014833333333333332,0.9212481460785656,0.008050672013004129,34464.486135087354,0.00169770460102673,0.9212481449945193,0.008050671330664632,34464.48321402932,0.0016977056502510404
42.2564,0.8488,0.8485,0.8487,0.8486666666666668,0.0148,0.0148,0.0148,0.0148,0.9212660780177716,0.008032424265441738,34401.91828112481,0.0016968284974401891,0.9212660755320391,0.00803242433047655,34401.918559661186,0.0016968300593535324
42.2754,0.8489,0.8486,0.8488,0.8487666666666667,0.0148,0.0148,0.0148,0.0148,0.9213203454313831,0.008031951141310181,34415.35937760934,0.001694416534172524,0.9213203429460896,0.008031951206324231,34415.35965618199,0.0016944180955729769
42.2945,0.8489,0.8487,0.8489,0.8488333333333333,0.0147,0.0147,0.0148,0.014733333333333334,0.9213562072908319,0.007995459962579185,34274.47992066169,0.0016926668455109048,0.9213562062072901,0.007995459280279628,34274.47699581902,0.0016926678941504862
42.3136,0.849,0.8488,0.8489,0.8489,0.0146,0.0147,0.0148,0.0147,0.9213922256388755,0.007977058841477437,34211.04162233306,0.0016909897184006991,0.9213922256664402,0.007977059906239942,34211.04618875724,0.0016909908774058204
42.3326,0.8491,0.8488,0.849,0.8489666666666666,0.0146,0.0146,0.0147,0.014633333333333333,0.9214280869176332,0.00794057265080999,34069.85553676165,0.001689242812089429,0.9214280847789028,0.0079405723508242,34069.854249641314,0.0016892445313228695
42.3517,0.8491,0.8489,0.8491,0.8490333333333333,0.0145,0.0146,0.0147,0.0146,0.9214641035830125,0.00792217512501651,34006.255358598006,0.0016875679743560163,0.9214641032279612,0.007922175134178013,34006.255397924135,0.0016875693491170231
42.3708,0.8492,0.849,0.8491,0.8491,0.0144,0.0145,0.0146,0.0145,0.9214998096950566,0.007867608787026026,33787.25785056453,0.0016857536615251714,0.9214998097222294,0.007867609851429317,33787.26242161901,0.001685754819914023
42.3898,0.8493,0.849,0.8492,0.8491666666666667,0.0143,0.0144,0.0145,0.014400000000000001,0.9215355176903397,0.007813046661559034,33567.987985418775,0.00168394171663201,0.9215355162980159,0.007813047761893678,33567.99271289856,0.001683943765877657
42.4089,0.8494,0.8491,0.8493,0.8492666666666667,0.0143,0.0144,0.0145,0.014400000000000001,0.9215897694625427,0.007812586726300827,33581.13609548429,0.001681539864883152,0.9215897680704616,0.007812587826437428,33581.140824242924,0.0016815419135705655
42.428,0.8495,0.8492,0.8494,0.8493666666666667,0.0142,0.0143,0.0144,0.0143,0.9216435598247329,0.0077578798482150204,33361.00572988718,0.0016789319236009688,0.921643558432696,0.007757880947906584,33361.01045886176,0.0016789339716878394
42.447,0.8496,0.8493,0.8495,0.8494666666666667,0.0142,0.0142,0.0144,0.014266666666666669,0.9216976532902867,0.007739341971706577,33296.191731748615,0.0016764650635222155,0.9216976522084694,0.007739341288973096,33296.1887944931,0.0016764672611099764
42.4661,0.8498,0.8494,0.8496,0.8496,0.0141,0.0142,0.0143,0.014199999999999999,0.9217696727822015,0.007702574959501932,33152.923924942625,0.0016731335177328397,0.9217696696445979,0.0077025771662941195,33152.93342327453,0.0016731366831355511
42.4852,0.8499,0.8495,0.8497,0.8497,0.0141,0.0141,0.0143,0.014166666666666666,0.9218237600081386,0.007684042916482126,33088.034838710235,0.001670671848058441,0.9218237571723994,0.0076840429868492675,33088.03514171615,0.001670675160458326
42.5043,0.85,0.8496,0.8498,0.8498,0.0141,0.0141,0.0143,0.014166666666666666,0.9218779949475197,0.0076835908570933266,33100.9626959716,0.0016682807235796691,0.9218779921122807,0.007683590927441457,33100.96299903183,0.0016682840350423762
42.5233,0.8501,0.8497,0.8499,0.8499,0.014,0.014,0.0143,0.014100000000000001,0.9219319261128014,0.0076469854230163635,32957.99232003065,0.0016657550341613472,0.9219319250497389,0.007646985448537019,32957.992430022954,0.0016657591495967794
42.5424,0.8502,0.8498,0.85,0.85,0.014,0.014,0.0142,0.014066666666666667,0.921986004992232,0.007628459971464285,32892.91660182861,0.0016632998885331405,0.9219860021579724,0.007628460041270372,32892.91690282328,0.0016633031981272434
42.5615,0.8503,0.8499,0.85,0.8500666666666666,0.014,0.014,0.0142,0.014066666666666667,0.922022155647573,0.007628160874718505,32906.3940876783,0.0016617095964092249,0.9220221524949115,0.0076281623702845434,32906.40053925769,0.0016617131358877119
42.5805,0.8503,0.8499,0.8501,0.8501,0.014,0.0139,0.0142,0.014033333333333333,0.922040081090199,0.007609936715952276,32842.433372886444,0.0016608469161818683,0.9220400792667602,0.00760993463379695,32842.42438686592,0.001660850694790942
42.5996,0.8504,0.85,0.8501,0.8501666666666666,0.014,0.0139,0.0142,0.014033333333333333,0.9220762296377379,0.007609638380356834,32855.87713146116,0.0016592579608902527,0.9220762275045576,0.0076096380782573565,32855.87582709651,0.0016592619714314435
42.6187,0.8504,0.85,0.8502,0.8502000000000001,0.0139,0.0138,0.0141,0.013933333333333332,0.9220938575231686,0.007555268490106321,32635.752144591028,0.0016582611994468788,0.9220938557004197,0.007555266407987194,32635.74315066529,0.0016582649771753075
42.6377,0.8505,0.8501,0.8502,0.8502666666666667,0.0139,0.0138,0.0141,0.013933333333333332,0.9221300039981365,0.007554972331949174,32649.021754087447,0.0016566735891539522,0.9221300018653805,0.007554972029521961,32649.02044713989,0.001656677598664693
42.6568,0.8505,0.8502,0.8503,0.8503333333333333,0.0139,0.0137,0.014,0.013866666666666666,0.9221658536588611,0.007518531840908042,32506.098088626342,0.001654952610598267,0.9221658535986769,0.007518529362247446,32506.08737222769,0.0016549552753825022
42.6759,0.8506,0.8503,0.8503,0.8503999999999999,0.0138,0.0136,0.0139,0.013766666666666668,0.9222015569464818,0.007464022676480152,32284.879106047174,0.0016531666198586093,0.9222015562132125,0.007464021631703908,32284.87458697265,0.0016531697364114408
42.6949,0.8506,0.8503,0.8504,0.8504333333333333,0.0137,0.0135,0.0138,0.013666666666666667,0.9222191911024966,0.007409662907974233,32064.020463702203,0.0016521753359873795,0.9222191910432037,0.007409660429714418,32064.00973946624,0.0016521780003877723
42.714,0.8507,0.8504,0.8505,0.8505333333333334,0.0137,0.0135,0.0138,0.013666666666666667,0.9222734030554269,0.007409227362185091,32076.47903966092,0.001649798963963123,0.9222734029961513,0.007409224884362732,32076.46831252122,0.0016498016277468285
42.7331,0.8508,0.8505,0.8506,0.8506333333333332,0.0136,0.0134,0.0137,0.013566666666666666,0.9223271779846626,0.007354584680196324,31854.15415063073,0.0016472273637818612,0.9223271779258412,0.00735458220279005,31854.143420496428,0.0016472300270654837
42.7521,0.8509,0.8506,0.8507,0.8507333333333333,0.0135,0.0133,0.0136,0.013466666666666667,0.9223809530663097,0.00729994836834702,31631.57131331519,0.0016446592442777889,0.922380953007942,0.007299945891366163,31631.560580253437,0.0016446619070614999
42.7712,0.851,0.8507,0.8508,0.8508333333333334,0.0135,0.0133,0.0136,0.013466666666666667,0.9224351556164345,0.007299519421322591,31643.843576805444,0.001642288895335996,0.9224351555580839,0.007299516944774348,31643.832840823972,0.001642291557503614
42.7903,0.851,0.8508,0.8509,0.8508999999999999,0.0134,0.0132,0.0136,0.0134,0.9224710036825248,0.007263100924857974,31500.02770678099,0.001640580090575097,0.9224710068163636,0.007263098727035342,31500.018174836645,0.0016405826727816867
42.8094,0.8511,0.8509,0.851,0.851,0.0134,0.0132,0.0135,0.013366666666666666,0.9225250589330269,0.007244608987710724,31433.852923677146,0.0016381484842699968,0.9225250602979657,0.007244606832269368,31433.843571367488,0.0016381502619709047
42.8284,0.8512,0.851,0.8511,0.8511000000000001,0.0133,0.0132,0.0135,0.013333333333333334,0.9225791114041442,0.0072261192392702655,31367.542805314908,0.0016357190438963916,0.9225791127938073,0.007226118144961956,31367.538055080153,0.0016357208274463146
42.8475,0.8513,0.8511,0.8511,0.8511666666666665,0.0133,0.0131,0.0135,0.0133,0.9226150977820051,0.0072077727927798325,31301.856857332143,0.0016340792176048943,0.9226151006111275,0.007207772726453055,31301.856569288753,0.0016340820324096718
42.8666,0.8514,0.8511,0.8512,0.8512333333333334,0.0132,0.0131,0.0135,0.013266666666666668,0.9226510831323049,0.0071894277854345255,31236.106129257347,0.0016324404454924647,0.9226510852457112,0.007189427381624175,31236.10437481133,0.0016324440824338367
42.8856,0.8514,0.8512,0.8512,0.8512666666666666,0.0132,0.013,0.0135,0.013233333333333333,0.9226690051849119,0.007171224598942833,31170.828137838413,0.0016315895083545643,0.9226690105048712,0.007171225182040289,31170.830672360982,0.0016315934523149437
42.9047,0.8515,0.8513,0.8512,0.8513333333333333,0.0132,0.013,0.0134,0.013200000000000002,0.9227049891789136,0.007152882099265828,31104.946720638065,0.001629952399518212,0.9227049909962964,0.007152884179259863,31104.955765677918,0.0016299558892929446
42.9238,0.8516,0.8513,0.8513,0.8513999999999999,0.0132,0.0129,0.0134,0.013166666666666667,0.9227409721453929,0.007134541038127233,31039.000544330633,0.0016283163442908145,0.9227409756564349,0.0071345398960830295,31038.99557583855,0.0016283213829000325
42.9428,0.8516,0.8514,0.8513,0.8514333333333334,0.0131,0.0129,0.0133,0.0131,0.9227587544489158,0.0070982799875046665,30894.915355166733,0.0016274037320104045,0.9227587562656113,0.007098282067463807,30894.924408086838,0.0016274072210146868
42.9619,0.8516,0.8515,0.8513,0.8514666666666667,0.0131,0.0129,0.0133,0.0131,0.9227768149846308,0.007098141060368035,30908.051782202016,0.0016266180648599167,0.9227768168498999,0.007098145260741357,30908.070072252187,0.0016266215658800964
42.981,0.8516,0.8515,0.8513,0.8514666666666667,0.0131,0.0128,0.0132,0.013033333333333333,0.9227765378452968,0.007062020326053528,30764.4393086923,0.0016264919919434196,0.9227765400307272,0.007062023105244782,30764.451415746193,0.0016264956455006342
43.0,0.8517,0.8515,0.8514,0.8515333333333334,0.013,0.0128,0.0131,0.012966666666666668,0.9228123821957209,0.0070256245564291366,30619.417101925996,0.001624795907023999,0.9228123822122375,0.007025625263479628,30619.42018342768,0.0016247985834319998
43.0191,0.8517,0.8516,0.8514,0.8515666666666667,0.0129,0.0127,0.013,0.012866666666666665,0.9228300308379394,0.006971309036717081,30396.192143992674,0.0016238239898043612,0.9228300308941247,0.006971311510491087,30396.20293010323,0.0016238266760344822
43.0382,0.8517,0.8516,0.8514,0.8515666666666667,0.0129,0.0126,0.0129,0.0128,0.9228297586940392,0.0069351903097036975,30252.13348648741,0.0016237001793308965,0.9228297594244689,0.006935191354367207,30252.13804343517,0.0016237031790208621
43.0572,0.8517,0.8516,0.8514,0.8515666666666667,0.0128,0.0126,0.0128,0.012733333333333333,0.9228294879634753,0.006899071550817847,30107.86492206875,0.00162357701182403,0.9228294869192215,0.006899072281598928,30107.86811123094,0.0016235792058252481
43.0763,0.8517,0.8516,0.8515,0.8516,0.0127,0.0125,0.0127,0.012633333333333335,0.9228471437520483,0.006844759405101028,29884.09481102027,0.0016226087109152462,0.9228471441053722,0.006844759397416553,29884.094777469993,0.0016226100168124794
43.0954,0.8517,0.8517,0.8515,0.8516333333333334,0.0126,0.0124,0.0126,0.012533333333333334,0.9228648024143361,0.006790449316378373,29660.123401905395,0.0016216420893183743,0.9228648024454026,0.006790450729719798,29660.12957526435,0.0016216436238556452
43.1145,0.8518,0.8517,0.8516,0.8517,0.0124,0.0123,0.0125,0.0124,0.9229003905468015,0.006717951431709992,29356.463713765363,0.0016198331778410856,0.9229003905700445,0.006717952491582657,29356.46834525366,0.0016198343285006498
43.1335,0.8518,0.8518,0.8516,0.8517333333333333,0.0123,0.0122,0.0124,0.0123,0.9229180556922443,0.006663646855829054,29131.9931074655,0.0016188706251233638,0.9229180553849288,0.00666364898305795,29132.002407240667,0.0016188720022809824
43.1526,0.8519,0.8518,0.8517,0.8518,0.0122,0.0121,0.0123,0.0122,0.9229537809247548,0.006609215029045403,28906.823777965637,0.0016171263463486943,0.9229537809476178,0.006609216088743059,28906.828412781306,0.0016171274966589662
43.1717,0.8519,0.8519,0.8518,0.8518666666666667,0.0121,0.012,0.0122,0.0121,0.9229895080143445,0.0065547874027469,28681.46208210061,0.0016153844198988018,0.9229895087432723,0.00655478844721902,28681.466652346087,0.001615385128408357
43.1907,0.852,0.8519,0.8518,0.8519,0.012,0.0119,0.0121,0.012000000000000002,0.9230071811123787,0.006500491136776705,28456.398812048763,0.0016144273557383852,0.9230071811348619,0.006500492196300742,28456.40345019654,0.001614428505699344
43.2098,0.852,0.852,0.8519,0.8519666666666666,0.0119,0.0117,0.012,0.01186666666666667,0.923042786684259,0.006428015492810244,28151.57494115644,0.0016126323836065588,0.9230427888324272,0.00642801686107938,28151.58093350838,0.001612633736488633
43.2289,0.8521,0.852,0.8519,0.852,0.0117,0.0116,0.0119,0.011733333333333333,0.9230603417640842,0.006355669723015218,27847.039499952167,0.001611622728301991,0.9230603432204556,0.006355671812417276,27847.04865455965,0.0016116245260969087
43.2479,0.8521,0.8521,0.852,0.8520666666666666,0.0116,0.0115,0.0118,0.011633333333333334,0.9230960797883063,0.006301258118223195,27620.772426534306,0.0016098902844261338,0.9230960819428629,0.006301259840063127,27620.77997400309,0.001609891638815892
43.267,0.8522,0.8521,0.852,0.8521,0.0115,0.0114,0.0117,0.011533333333333333,0.9231137658329277,0.006246972886884147,27394.91328961361,0.0016089413517011233,0.9231137672883092,0.006246974976440784,27394.92245296743,0.0016089431490012088
43.2861,0.8522,0.8522,0.8521,0.8521666666666666,0.0114,0.0113,0.0116,0.011433333333333332,0.9231495082448187,0.006192568609538181,27168.3216899367,0.001607213161271181,0.923149510398396,0.00619257033184666,27168.32924612764,0.0016072145153416505
43.3051,0.8523,0.8522,0.8521,0.8522,0.0112,0.0111,0.0115,0.011266666666666666,0.9231669603230513,0.006102182568750831,26783.527099404906,0.0016061588536604595,0.9231669639162589,0.006102185675415685,26783.540735090395,0.0016061616196383157
43.3242,0.8523,0.8522,0.8521,0.8522,0.0111,0.011,0.0113,0.011133333333333334,0.9231664858215487,0.0060299704897881865,26478.24914317955,0.0016059428710638415,0.9231664872752116,0.0060299725800282535,26478.258321648562,0.001605944667698609
43.3433,0.8524,0.8523,0.8522,0.8523,0.0109,0.0108,0.0112,0.010966666666666666,0.9232200582522183,0.005939356802660401,26091.852535774113,0.001603335759964888,0.9232200618431707,0.005939359910702276,26091.866189537133,0.0016033385251498216
43.3623,0.8525,0.8524,0.8523,0.8523999999999999,0.0108,0.0107,0.011,0.010833333333333334,0.923273751059739,0.0058668045749722154,25784.425373286245,0.0016007868380773342,0.9232737525117876,0.005866806665261223,25784.43456004205,0.001600788633806506
43.3814,0.8526,0.8525,0.8523,0.8524666666666666,0.0106,0.0105,0.0109,0.010666666666666666,0.9233092832754516,0.005776323741069858,25397.947125596518,0.0015989697107800325,0.9233092854989776,0.00577632934667752,25397.971772921257,0.0015989733679536704
43.4005,0.8527,0.8526,0.8524,0.8525666666666667,0.0105,0.0104,0.0108,0.010566666666666669,0.9233630954764838,0.005721837226566189,25169.451844858093,0.0015964807999221849,0.923363097698625,0.00572184283159599,25169.476500492656,0.0015964844561558713
43.4196,0.8528,0.8527,0.8525,0.8526666666666666,0.0103,0.0102,0.0106,0.010366666666666668,0.9234165770764227,0.005613212348583065,24702.49475145317,0.0015938447538692698,0.9234165792961989,0.0056132179534384265,24702.519417170686,0.001593848408929041
43.4386,0.8529,0.8528,0.8526,0.8527666666666667,0.0102,0.0101,0.0105,0.010266666666666667,0.923470392744338,0.005558741648530447,24473.486035865633,0.0015913642163592786,0.9234703949627309,0.005558747252806036,24473.51070982406,0.0015913678704791382
43.4577,0.853,0.8529,0.8526,0.8528333333333333,0.0101,0.0099,0.0103,0.0101,0.9235059477602333,0.005468291798496147,24085.84816957176,0.0015895657294839331,0.9235059475207904,0.005468298152546635,24085.87615686668,0.0015895705459946818
43.4768,0.8531,0.853,0.8527,0.8529333333333332,0.0099,0.0098,0.0102,0.009966666666666667,0.9235596612430883,0.005395789294895166,23776.946419904278,0.0015870443113866549,0.9235596613859403,0.0053957974040906645,23776.98215367673,0.0015870492947373355
43.4958,0.8533,0.8531,0.8528,0.8530666666666665,0.0098,0.0096,0.0101,0.009833333333333333,0.9236314216349208,0.005323191211886461,23467.288643148786,0.0015837525698356894,0.9236314217947982,0.005323200377285522,23467.329048810865,0.0015837598386341956
43.5149,0.8534,0.8532,0.8529,0.8531666666666666,0.0097,0.0095,0.0099,0.0097,0.9236851393144537,0.0052507069709931894,23157.90656720438,0.001581240988068403,0.9236851369565189,0.005250713357624826,23157.93473503388,0.001581247118866573
43.534,0.8535,0.8534,0.853,0.8533,0.0096,0.0094,0.0098,0.0096,0.9237570027882797,0.00519617170479987,22927.441400136984,0.0015780067851055186,0.9237569997602987,0.005196180215564318,22927.47895279387,0.0015780133623399415
43.553,0.8536,0.8535,0.8531,0.8534,0.0095,0.0093,0.0096,0.009466666666666665,0.9238107232272902,0.005123704687899748,22617.55689084565,0.0015755043865198083,0.9238107183832107,0.005123710055087293,22617.580583208317,0.0015755101458472455
43.5721,0.8536,0.8536,0.8532,0.8534666666666667,0.0094,0.0091,0.0095,0.009333333333333334,0.9238464064714106,0.005051344719182238,22307.9172230086,0.0015737785981791983,0.9238464055298449,0.005051351782097951,22307.948414492814,0.0015737842278693889
43.5912,0.8537,0.8537,0.8533,0.8535666666666666,0.0093,0.009,0.0093,0.009199999999999998,0.9239001331546547,0.004978893102108876,21997.592477783674,0.0015712846938386656,0.9239001307570307,0.004978897368652911,21997.6113280974,0.001571289668472786
43.6102,0.8538,0.8538,0.8534,0.8536666666666667,0.0091,0.0089,0.0092,0.009066666666666667,0.9239538624397107,0.004906449897142604,21686.97467154478,0.001568795367097328,0.9239538593601768,0.004906455582063472,21686.999799435096,0.0015688000249926965
43.6293,0.8539,0.8539,0.8535,0.8537666666666667,0.009,0.0088,0.0091,0.008966666666666666,0.924007688861436,0.004852051976813691,21455.92365280673,0.0015663537019627958,0.9240076857814284,0.004852057660199863,21455.948784915865,0.0015663583583590786
43.6484,0.854,0.854,0.8536,0.8538666666666667,0.0089,0.0087,0.0089,0.008833333333333332,0.9240614219182598,0.004779624559478242,21144.900123865424,0.001563872880466011,0.9240614177375323,0.004779627441311387,21144.912872999434,0.0015638770430490636
43.6674,0.8541,0.8541,0.8537,0.8539666666666667,0.0088,0.0086,0.0088,0.008733333333333334,0.9241152496106986,0.004725240351249059,20913.405768345237,0.001561438586796354,0.9241152454301865,0.00472524323184213,20913.418517540475,0.0015614427480483836
43.6865,0.8541,0.8542,0.8537,0.854,0.0086,0.0085,0.0087,0.0086,0.9241329182022373,0.004653010314109145,20602.73102731488,0.0015605030242089387,0.9241329119471953,0.004653015688874304,20602.75482585248,0.0015605081302071883
43.7056,0.8542,0.8543,0.8538,0.8541,0.0085,0.0083,0.0085,0.008433333333333334,0.9241865704782605,0.004562570806976179,20211.11297103163,0.0015579932825848073,0.9241865645585833,0.004562575117946097,20211.132067611983,0.0015579985430594823
43.7247,0.8543,0.8544,0.8539,0.8542,0.0083,0.0082,0.0083,0.008266666666666667,0.9242402285401929,0.004472141771910696,19819.19116498672,0.001555489562409428,0.9242402215344443,0.004472143984862645,19819.20097212611,0.001555494332272492
43.7437,0.8544,0.8545,0.854,0.8543,0.0081,0.008,0.0082,0.008100000000000001,0.924293892383953,0.004381723208789415,19426.921258664745,0.0015529918619130439,0.9242938861274096,0.004381728575249618,19426.945051541392,0.0015529969621054785
43.7628,0.8545,0.8546,0.8541,0.8544,0.008,0.0079,0.008,0.007966666666666667,0.9243476458877974,0.0043093454622347436,19114.367757133143,0.0015505384280455213,0.9243476388833018,0.004309347670708552,19114.377552955015,0.0015505431945897483
43.7819,0.8546,0.8547,0.8542,0.8544999999999999,0.0078,0.0077,0.0078,0.007766666666666667,0.9244012374006347,0.004200917497963661,18641.561273095074,0.0015480145128766076,0.9244012303965677,0.0042009197035851,18641.57106053489,0.0015480192777161071
43.8009,0.8547,0.8547,0.8543,0.8545666666666666,0.0076,0.0076,0.0076,0.0076,0.9244368901041674,0.004110610514008369,18248.740206955743,0.0015462995887362083,0.924436884478578,0.0041106105890639675,18248.740540159324,0.001546303090722229
43.82,0.8548,0.8548,0.8544,0.8546666666666667,0.0074,0.0074,0.0074,0.0074,0.9244904998469111,0.0040022044581498675,17775.227593801814,0.0015437896131676762,0.9244904942222654,0.0040022045312023405,17775.22791825408,0.0015437931140072358
43.8391,0.8549,0.855,0.8545,0.8548,0.0072,0.0072,0.0072,0.007200000000000001,0.9245621456518575,0.0038937350149304876,17301.013611157316,0.001540524017219947,0.9245621382712023,0.0038937351081835213,17301.01402550806,0.0015405286100432217
43.8581,0.855,0.8551,0.8547,0.8549333333333333,0.007,0.007,0.007,0.007,0.9246337986986066,0.003785282351702153,16826.415887703013,0.0015372677439779905,0.9246337941307687,0.0037852824078002958,16826.416137071643,0.0015372705857935006
43.8772,0.8552,0.8552,0.8548,0.8550666666666666,0.0068,0.0068,0.0068,0.0068,0.9247054589795659,0.003676846467146604,16351.512345242503,0.0015340207897430935,0.9247054533587432,0.0036768465342018396,16351.512643447642,0.0015340242860025508
43.8963,0.8553,0.8553,0.855,0.8552,0.0066,0.0066,0.0066,0.006599999999999999,0.9247771264871462,0.003568427359937559,15876.2636105181,0.001530783150816087,0.9247771233262126,0.003568427396532944,15876.263773334356,0.0015307851165327318
43.9153,0.8555,0.8555,0.8552,0.8554,0.0064,0.0064,0.0064,0.0064,0.9248848419344922,0.003459890199205179,15400.034577347535,0.0015260357171100422,0.9248848387746459,0.0034598902346674207,15400.034735190622,0.0015260376815411025
43.9344,0.8557,0.8557,0.8554,0.8556,0.0062,0.0062,0.0062,0.0062,0.9249925576655281,0.0033513783157567765,14923.53404207489,0.0015213019787684828,0.9249925545067693,0.0033513783500977363,14923.534194993612,0.0015213039419150066
43.9535,0.8559,0.8558,0.8555,0.8557333333333333,0.006,0.006,0.006,0.006000000000000001,0.9250642412822919,0.0032430180155288047,14447.288662901663,0.0015180957757741937,0.9250642367207055,0.003243018063504242,14447.28887662696,0.0015180986101622506
43.9725,0.8561,0.856,0.8557,0.8559333333333333,0.0058,0.0058,0.0058,0.0058,0.9251719617196194,0.0031345524075421277,13970.12263165732,0.0015133867770195692,0.9251719571596038,0.0031345524538930955,13970.122838235045,0.0015133896095546728
43.9916,0.8563,0.8562,0.8559,0.8561333333333333,0.0056,0.0056,0.0056,0.0056,0.9252796824136444,0.003026112053703699,13492.682120559297,0.0015086914504400634,0.9252796778552,0.003026112098435801,13492.68232000863,0.0015086942811237006
44.0107,0.8565,0.8564,0.8561,0.8563333333333333,0.0054,0.0054,0.0054,0.005399999999999999,0.925387403355372,0.002917696945309417,13014.934367963766,0.0015040097876172708,0.9253873987984985,0.0029176969884163223,13014.934560250202,0.0015040126164509128
44.0298,0.8567,0.8566,0.8564,0.8565666666666667,0.0053,0.0052,0.0052,0.005233333333333333,0.9255131874086487,0.002827260272752771,12616.997848021905,0.0014986150395794834,0.9255131852934836,0.0028272588905576255,12616.991679805506,0.0014986167183680297
44.0488,0.857,0.8569,0.8566,0.8568333333333333,0.0051,0.005,0.005,0.005033333333333334,0.9256569154669664,0.002718789893545892,12138.171071805653,0.001492460716150457,0.9256569112487627,0.002718788179538377,12138.163419534882,0.0014924636964730282
44.0679,0.8572,0.8571,0.8569,0.8570666666666668,0.0049,0.0049,0.0049,0.0049,0.9257827337710731,0.0026464092606500495,11820.14729229403,0.0014871211430072498,0.9257827313205483,0.0026464092816649246,11820.147386156656,0.0014871226625102977
44.087,0.8574,0.8574,0.8571,0.8573000000000001,0.0048,0.0047,0.0047,0.004733333333333333,0.925908490825116,0.0025560481301621137,11421.498842412375,0.0014817720171891116,0.925908488016816,0.00255604710347423,11421.494254738796,0.0014817741271894705
44.106,0.8577,0.8576,0.8574,0.8575666666666667,0.0046,0.0046,0.0046,0.0046,0.926052285369959,0.0024836610592459426,11102.825822749364,0.0014757142924044797,0.9260522829215591,0.0024836610789444125,11102.825910808353,0.001475715809428337
44.1251,0.858,0.8579,0.8576,0.8578333333333333,0.0045,0.0044,0.0044,0.004433333333333333,0.9261960166332049,0.0023933018787118134,10703.522094223259,0.0014696517003407884,0.9261960124241657,0.002393300163226551,10703.51442208855,0.0014696546717666798
44.1442,0.8582,0.8581,0.8579,0.8580666666666666,0.0044,0.0043,0.0043,0.004333333333333333,0.9263218326192914,0.0023389998922303578,10465.196277762909,0.00146439003854084,0.9263218305118451,0.0023389985102981324,10465.190094696363,0.001464391710220438
44.1632,0.8585,0.8584,0.8582,0.8583666666666666,0.0043,0.0042,0.0042,0.004233333333333333,0.9264836135481986,0.0022846239649720822,10226.30609174929,0.0014576601087145423,0.9264836114421003,0.0022846225833866077,10226.299907573612,0.0014576617789280764
44.1823,0.8587,0.8587,0.8584,0.8586,0.0042,0.0041,0.0041,0.0041333333333333335,0.9266093969291924,0.002230353667381193,9987.702100883993,0.0014524256020745864,0.9266093941283412,0.0022303526400437802,9987.697500384895,0.0014524277038881865
44.2014,0.859,0.8589,0.8587,0.8588666666666667,0.0041,0.004,0.004,0.004033333333333333,0.9267531504591574,0.0021760559062199993,9748.76495196625,0.0014464663263046335,0.9267531483553827,0.002176054525097769,9748.758764516766,0.0014464679940992106
44.2204,0.8592,0.8592,0.8589,0.8591000000000001,0.004,0.0039,0.0039,0.003933333333333334,0.9268789036891261,0.0021218161928522076,9509.856237715867,0.0014412574167653163,0.9268789008910782,0.00212181516543632,9509.851632897871,0.0014412595154271197
44.2395,0.8595,0.8594,0.8592,0.8593666666666667,0.0039,0.0038,0.0039,0.0038666666666666663,0.9270226621291258,0.0020855297419484025,9351.25980531192,0.0014353453923693859,0.927022660039389,0.002085530104883906,9351.261432670248,0.0014353470607118425
44.2586,0.8597,0.8597,0.8595,0.8596333333333334,0.0039,0.0038,0.0038,0.003833333333333333,0.9271664396293338,0.002067230418130312,9273.209775510835,0.001429466084637394,0.9271664385790758,0.0020672297280608077,9273.20667998785,0.0014294671040849122
44.2776,0.86,0.8599,0.8597,0.8598666666666667,0.0038,0.0037,0.0037,0.0037333333333333333,0.9272921432619932,0.0020130297449774204,9033.952240348892,0.0014242947998375532,0.9272921411626154,0.0020130283651359393,9033.946047980362,0.0014242964627468897
44.2967,0.8602,0.8602,0.8599,0.8601,0.0037,0.0036,0.0037,0.0036666666666666666,0.9274178711867601,0.0019768147566344607,8875.255684735735,0.0014191529796833257,0.9274178684074332,0.0019768158192228972,8875.260455412414,0.0014191550753828105
44.3158,0.8605,0.8604,0.8602,0.8603666666666667,0.0037,0.0036,0.0036,0.0036333333333333335,0.9275615896243249,0.0019585402058282376,8797.000377207458,0.0014133125247729429,0.927561587527021,0.001958538826818877,8796.994183234096,0.0014133141852160297
44.3349,0.8607,0.8607,0.8604,0.8606000000000001,0.0036,0.0035,0.0036,0.003566666666666667,0.9276872831958778,0.0019223431921868194,8638.13889167405,0.0014081942472311808,0.9276872804187817,0.0019223442533569824,8638.143660091728,0.0014081963396583277
44.3539,0.8609,0.8609,0.8607,0.8608333333333333,0.0036,0.0035,0.0035,0.003533333333333333,0.9278129978631297,0.0019041193330349045,8559.915964003761,0.0014031039524055322,0.9278129968154313,0.0019041186438437045,8559.912865763725,0.0014031049684014672
44.373,0.8612,0.8612,0.8609,0.8611,0.0036,0.0035,0.0035,0.003533333333333333,0.9279566932500897,0.0019038244775016714,8562.276011741465,0.0013973187410811238,0.9279566904625066,0.001903823451659655,8562.271398111065,0.0013973208270124805
44.3921,0.8614,0.8614,0.8611,0.8613,0.0035,0.0034,0.0034,0.0034333333333333334,0.9280643412468493,0.0018497280741885161,8322.563237226199,0.0013929388845358253,0.9280643384604154,0.0018497270482301187,8322.55862108626,0.0013929409692273846
44.4111,0.8616,0.8616,0.8614,0.8615333333333334,0.0035,0.0034,0.0034,0.0034333333333333334,0.9281900419098608,0.0018494775737332254,8324.997758100146,0.0013878970740969754,0.9281900408635616,0.0018494768851994303,8324.994658823689,0.0013878980880635558
44.4302,0.8618,0.8619,0.8616,0.8617666666666667,0.0035,0.0034,0.0034,0.0034333333333333334,0.9283157255523637,0.0018492271749984924,8327.450515016057,0.0013828657458285953,0.9283157234669126,0.0018492268400965804,8327.449006883826,0.0013828674009336841
44.4493,0.862,0.8621,0.8618,0.8619666666666667,0.0035,0.0034,0.0033,0.0034000000000000002,0.9284234052691104,0.0018310611196929235,8249.189731674533,0.0013785451960920693,0.9284234038684572,0.001831059045087643,8249.180385283857,0.0013785471660411645
44.4683,0.8622,0.8623,0.862,0.8621666666666666,0.0034,0.0033,0.0033,0.0033333333333333327,0.9285310379904945,0.001794949870789673,8089.960042445599,0.0013742165041161413,0.9285310359065524,0.0017949495357525173,8089.958532410557,0.0013742181572284585
44.4874,0.8625,0.8625,0.8622,0.8624,0.0034,0.0033,0.0033,0.0033333333333333327,0.9286566755121798,0.0017947070328687145,8092.33988069771,0.0013692135982749025,0.9286566727312596,0.0017947060083612764,8092.335261190321,0.0013692156759568582
44.5065,0.8627,0.8627,0.8624,0.8626,0.0034,0.0033,0.0033,0.0033333333333333327,0.9287643512896765,0.0017944989645166062,8094.875622152138,0.001364933713019687,0.9287643485097249,0.0017944979403491457,8094.871002195051,0.0013649357894219532
44.5255,0.8629,0.8629,0.8626,0.8628,0.0034,0.0033,0.0032,0.0032999999999999995,0.9288719800987972,0.0017763481247724986,8016.419069165215,0.0013606456730752502,0.9288719780012472,0.0017763450170844976,8016.405044589173,0.0013606480633698772
44.5446,0.8631,0.8631,0.8628,0.863,0.0034,0.0033,0.0032,0.0032999999999999995,0.9289796309292253,0.0017761422802735005,8018.928506877391,0.0013563811348817037,0.9289796288324087,0.00177613917366677,8018.91448116698,0.0013563835238373685
44.5637,0.8633,0.8633,0.863,0.8632,0.0033,0.0033,0.0032,0.0032666666666666664,0.9290872351702678,0.0017579978192588804,7940.41314134873,0.001352108597158567,0.9290872323875269,0.0017579957567015244,7940.4038253203735,0.0013521106682756725
44.5827,0.8634,0.8635,0.8632,0.8633666666666667,0.0033,0.0033,0.0032,0.0032666666666666664,0.9291769242864322,0.0017578281279207303,7943.031806114325,0.0013485670561961204,0.9291769221990737,0.001757826408355685,7943.024035980471,0.0013485687013198393
44.6018,0.8636,0.8637,0.8634,0.8635666666666667,0.0033,0.0032,0.0032,0.0032333333333333333,0.9292845060512177,0.0017396896818328163,7864.438110930486,0.0013443087246913727,0.9292845039724011,0.001739689347232327,7864.436598336103,0.0013443103708142608
44.6209,0.8638,0.8639,0.8636,0.8637666666666667,0.0033,0.0032,0.0032,0.0032333333333333333,0.9293921091154627,0.0017394882642344696,7866.895011488028,0.001340073546121654,0.9293921070373684,0.00173948792973389,7866.893498697747,0.0013400751912468784
44.64,0.864,0.8641,0.8638,0.8639666666666667,0.0033,0.0032,0.0032,0.0032333333333333333,0.9294996997232676,0.0017392869165537316,7869.351448547858,0.0013358460129864783,0.9294996976458955,0.0017392865821758115,7869.3499356649945,0.0013358476571148205
44.659,0.8642,0.8643,0.864,0.8641666666666666,0.0033,0.0032,0.0031,0.0032,0.9296072445113719,0.0017211569826381782,7790.637603566248,0.001331610788647472,0.9296072431168106,0.0017211549154468866,7790.62824664043,0.001331612747108912
44.6781,0.8644,0.8644,0.8642,0.8643333333333333,0.0033,0.0032,0.0031,0.0032,0.9296968834751838,0.0017209910331400277,7793.218070772772,0.0013281000467786415,0.929696883117999,0.0017209889609088322,7793.208687022777,0.0013281013683816682
44.6972,0.8645,0.8646,0.8644,0.8645,0.0033,0.0032,0.0031,0.0032,0.9297865137971908,0.0017208251316391356,7795.798112905365,0.0013245946044697925,0.9297865137915237,0.0017208240948297648,7795.7934158816015,0.0013245957150905046
44.7162,0.8647,0.8648,0.8645,0.8646666666666668,0.0032,0.0032,0.0031,0.0031666666666666666,0.9298761024867164,0.0017027358043701327,7717.12764453594,0.0013210792933909547,0.9298761004043744,0.001702734088293696,7717.119866945971,0.0013210809321164939
44.7353,0.8649,0.865,0.8647,0.8648666666666666,0.0032,0.0032,0.0031,0.0031666666666666666,0.9299836371170337,0.0017025389158927622,7719.5312072634415,0.0013168861091775138,0.9299836350354164,0.0017025372004088135,7719.523429037784,0.0013168877469097232
44.7544,0.8651,0.8651,0.8649,0.8650333333333333,0.0032,0.0032,0.0031,0.0031666666666666666,0.9300732398115829,0.0017023748943199777,7722.083094102702,0.0013133976086332148,0.930073238768227,0.0017023735189242448,7722.076855218322,0.0013133986115041012
44.7734,0.8652,0.8653,0.8651,0.8652000000000001,0.0032,0.0032,0.0031,0.0031666666666666666,0.9301628338748097,0.0017022109201429271,7724.617308280796,0.0013099143956107233,0.9301628331788482,0.0017022098884549948,7724.612626490564,0.001309915187034583
44.7925,0.8654,0.8655,0.8653,0.8654000000000001,0.0032,0.0032,0.0031,0.0031666666666666666,0.9302703353608475,0.0017020142136677662,7727.019539717902,0.0013057415154839318,0.9302703346651287,0.0017020131823320345,7727.014857529419,0.0013057423064654523
44.8116,0.8656,0.8656,0.8654,0.8655333333333334,0.0032,0.0031,0.003,0.0031,0.930341931264864,0.0016660541118415318,7566.988587613624,0.0013029339911802018,0.930341930908796,0.0016660520438510748,7566.979195085448,0.0013029353090256823
44.8306,0.8657,0.8658,0.8656,0.8657,0.0032,0.0031,0.003,0.0031,0.930431499467809,0.0016658937287518493,7569.4682239952535,0.0012994666283735255,0.9304314994623408,0.0016658926941058568,7569.4635227830295,0.0012994677360165996
44.8497,0.8659,0.866,0.8658,0.8659,0.0032,0.0031,0.003,0.0031,0.9305389699313626,0.001665701330175398,7571.818592073367,0.0012953127571898079,0.9305389699258976,0.0016657002958875855,7571.813890486385,0.0012953138643299544
44.8688,0.8661,0.8661,0.8659,0.8660333333333333,0.0031,0.0031,0.003,0.0030666666666666668,0.9306105781309556,0.001647663769747925,7493.014487910795,0.0012925330585126281,0.9306105770896522,0.0016476623965462859,7493.008243056738,0.0012925340585497004
44.8878,0.8662,0.8663,0.8661,0.8662,0.0031,0.0031,0.003,0.0030666666666666668,0.9307001204864777,0.0016475052485439969,7495.466250308182,0.0012890815177752956,0.9307001197919056,0.001647504218521131,7495.461564130924,0.0012890823070370158
44.9069,0.8664,0.8664,0.8663,0.8663666666666666,0.0031,0.0031,0.003,0.0030666666666666668,0.9307896542280955,0.001647346773094836,7497.934307038093,0.001285635244569389,0.9307896542244508,0.0016473460841788807,7497.9311714222895,0.0012856356127649293
44.926,0.8665,0.8666,0.8664,0.8664999999999999,0.0031,0.0031,0.003,0.0030666666666666668,0.930861275021049,0.0016472200256689423,7500.546222393746,0.0012828820167132124,0.9308612743268393,0.0016472189961671182,7500.541534601042,0.001282882805313977
44.9451,0.8667,0.8667,0.8666,0.8666666666666667,0.0031,0.0031,0.003,0.0030666666666666668,0.9309507932639017,0.0016470616324970504,7503.013488196945,0.0012794452178875356,0.9309507932602603,0.0016470609439380394,7503.010351539855,0.0012794455858322425
44.9641,0.8669,0.8669,0.8668,0.8668666666666667,0.0031,0.003,0.0029,0.0029999999999999996,0.9310581411564839,0.001611070172405489,7342.1607313750965,0.0012752991613981246,0.9310581418394653,0.0016110691363337131,7342.156009665491,0.0012752998456592027
44.9832,0.867,0.8671,0.8669,0.867,0.0031,0.003,0.0029,0.0029999999999999996,0.9311297413078058,0.0016109462875685857,7344.714736290758,0.0012725585595312913,0.9311297413025367,0.0016109452552351227,7344.71002961937,0.0012725596639580007
45.0023,0.8672,0.8672,0.8671,0.8671666666666665,0.003,0.003,0.0029,0.0029666666666666665,0.9312192029685902,0.0015928938413315387,7265.492672932685,0.0012691233571924462,0.9312192029650729,0.001592893153352426,7265.4895349287135,0.0012691237247505819
45.0213,0.8673,0.8674,0.8673,0.8673333333333333,0.003,0.003,0.0029,0.0029666666666666665,0.9313086868254566,0.001592740789728436,7267.861776316154,0.0012657075865033945,0.931308686823709,0.0015927404458561936,7267.860207187052,0.0012657079543600257
45.0404,0.8675,0.8676,0.8674,0.8675,0.003,0.003,0.0029,0.0029666666666666665,0.9313981620852836,0.0015925877822361041,7270.246633204729,0.0012622970640139594,0.9313981613924577,0.0015925867543913844,7270.241941039752,0.0012622978504630864
45.0595,0.8677,0.8677,0.8676,0.8676666666666667,0.003,0.003,0.0029,0.0029666666666666665,0.9314876287505481,0.0015924348188323997,7272.631099039358,0.0012588917868885424,0.931487628747036,0.00159243413145409,7272.627959790698,0.00125889215402986
45.0785,0.8678,0.8679,0.8677,0.8678,0.003,0.003,0.0029,0.0029666666666666665,0.931559195896339,0.0015923124798380799,7275.138754419419,0.001256171339945954,0.931559195203874,0.0015923114525262447,7275.134060720008,0.0012561721257372885
45.0976,0.868,0.868,0.8679,0.8679666666666667,0.003,0.003,0.0029,0.0029666666666666665,0.9316486470976303,0.0015921595957317856,7277.522459074955,0.0012527754973359487,0.9316486470941211,0.0015921589087170823,7277.519318833897,0.0012527758642275014
45.1167,0.8681,0.8682,0.868,0.8681,0.003,0.003,0.0029,0.0029666666666666665,0.9317202018754498,0.0015920373201604653,7280.045538073947,0.0012500625943363444,0.9317202011833455,0.0015920362933810606,7280.040842831736,0.0012500633794706101
45.1357,0.8683,0.8683,0.8682,0.8682666666666666,0.003,0.003,0.0029,0.0029666666666666665,0.931809637620784,0.0015918845152880908,7282.412346115798,0.0012466761770711745,0.9318096376172779,0.0015918838286358315,7282.409204879834,0.0012466765437132148
45.1548,0.8684,0.8685,0.8683,0.8684,0.003,0.003,0.0029,0.0029666666666666665,0.9318811800370418,0.0015917623030854674,7284.934710429458,0.0012439708106824184,0.931881179345298,0.001591761276832241,7284.930013630361,0.0012439715951603305
45.1739,0.8685,0.8686,0.8685,0.8685333333333333,0.003,0.003,0.0029,0.0029666666666666665,0.9319527169613283,0.0015916401190088133,7287.456730345571,0.0012412687915471891,0.9319527169595867,0.0015916397758578844,7287.455159200487,0.0012412691584050026
45.1929,0.8687,0.8688,0.8686,0.8687,0.0029,0.0029,0.0029,0.0029,0.9320420700142449,0.0015557237668213223,7126.006639006645,0.0012378681324942702,0.9320420689850327,0.0015557237719780962,7126.006662627294,0.0012378687594944932
45.212,0.8688,0.8689,0.8688,0.8688333333333333,0.0029,0.0029,0.0029,0.0029,0.9321135946001176,0.0015556043902726169,7128.471286403176,0.0012351736429928092,0.9321135942571322,0.001555604391995935,7128.471294300187,0.0012351738518951042
45.2311,0.869,0.869,0.8689,0.8689666666666667,0.0029,0.0029,0.0028,0.0028666666666666667,0.9321850840357453,0.0015376059517463703,7048.971044991221,0.0012324688168513195,0.9321850840323646,0.0015376052659004326,7048.967900812342,0.00123246918294299
45.2502,0.8691,0.8692,0.869,0.8691,0.0029,0.0029,0.0028,0.0028666666666666667,0.9322565976539695,0.001537488001645594,7051.406698542368,0.0012297810127889735,0.932256596963242,0.0015374869764944205,7051.401996874553,0.0012297817957844191
45.2692,0.8693,0.8693,0.8692,0.8692666666666667,0.0029,0.0029,0.0028,0.0028666666666666667,0.9323459819631305,0.001537340602170665,7053.691192601353,0.0012264259539541853,0.9323459819597525,0.0015373399166839646,7053.6880474222735,0.0012264263197971548
45.2883,0.8694,0.8695,0.8693,0.8694000000000001,0.0029,0.0029,0.0028,0.0028666666666666667,0.9324174832411015,0.0015372227131047191,7056.126157152749,0.0012237456621236697,0.9324174825507332,0.0015372216884995515,7056.1214540324645,0.0012237464444651873
45.3074,0.8695,0.8696,0.8695,0.8695333333333334,0.0028,0.0029,0.0028,0.0028333333333333335,0.9324889497457584,0.001519231586668648,6976.48472074595,0.001221055193090639,0.9324889497423965,0.001519230901514049,6976.481574437887,0.0012210555586977634
45.3264,0.8697,0.8697,0.8696,0.8696666666666667,0.0028,0.0028,0.0028,0.0028,0.9325604111251401,0.0015012432259558317,6896.77111734041,0.0012183682205715437,0.9325604107826341,0.0015012432276107178,6896.771124943021,0.001218368428925774
45.3455,0.8698,0.8699,0.8698,0.8698333333333333,0.0028,0.0028,0.0027,0.002766666666666667,0.9326497377377112,0.001483229209587116,6816.885352909381,0.0012150176933420447,0.932649737736094,0.0014832288672105467,6816.883779354998,0.0012150180591533489
45.3646,0.87,0.87,0.8699,0.8699666666666667,0.0028,0.0028,0.0027,0.002766666666666667,0.9327212157436882,0.001483115544046571,6819.234072387556,0.001212351576567165,0.9327212157404352,0.0014831148593922774,6819.23092440768,0.0012123519418616514
45.3836,0.8701,0.8702,0.8701,0.8701333333333333,0.0028,0.0028,0.0027,0.002766666666666667,0.9328105555490523,0.0014829734988496617,6821.436779072031,0.0012090236136808156,0.9328105555474367,0.001482973156651219,6821.435205014878,0.0012090239792440797
45.4027,0.8703,0.8703,0.8702,0.8702666666666666,0.0027,0.0028,0.0027,0.002733333333333333,0.9328819930058354,0.0014649941545691388,6741.570763880987,0.0012063519578851668,0.932881993004207,0.0014649938124200307,6741.5691893884095,0.0012063523233532393
45.4218,0.8704,0.8705,0.8704,0.8704333333333333,0.0027,0.0027,0.0027,0.0026999999999999997,0.9329712895437896,0.001446989864676749,6661.520294892406,0.0012030204863564943,0.9329712892017489,0.0014469898662690394,6661.520302222849,0.001203020694179333
45.4408,0.8706,0.8706,0.8705,0.8705666666666666,0.0027,0.0027,0.0027,0.0026999999999999997,0.9330427429253495,0.0014468790526861923,6663.796458231259,0.0012003693480229765,0.9330427425833742,0.001446879054278788,6663.796465566171,0.001200369555771111
45.4599,0.8707,0.8708,0.8707,0.8707333333333334,0.0027,0.0027,0.0026,0.0026666666666666666,0.9331320244372199,0.001428879620907449,6583.663779244975,0.0011970473905381044,0.9331320244356659,0.0014288792790563738,6583.662204141999,0.00119704775562155
45.479,0.8709,0.8709,0.8708,0.8708666666666667,0.0027,0.0027,0.0026,0.0026666666666666666,0.9332034655159864,0.0014287702335039755,6585.925686966948,0.0011944037304971937,0.9332034655128595,0.0014287695499044456,6585.922535910468,0.0011944040950795734
45.498,0.871,0.8711,0.871,0.8710333333333334,0.0027,0.0027,0.0026,0.0026666666666666666,0.9332927591742634,0.0014286335345699748,6588.046745759243,0.0011911038249083818,0.9332927591727106,0.0014286331928992193,6588.045170167706,0.0011911041897445182
45.5171,0.8712,0.8712,0.8711,0.8711666666666668,0.0027,0.0027,0.0026,0.0026666666666666666,0.9333641879502701,0.0014285242036705338,6590.308015351612,0.0011884676342620811,0.9333641879471459,0.0014285235204350485,6590.304863334808,0.0011884679985972892
45.5362,0.8713,0.8714,0.8712,0.8713000000000001,0.0027,0.0027,0.0026,0.0026666666666666666,0.9334356112604235,0.0014284148978825724,6592.568977539589,0.0011858347610207607,0.9334356105726739,0.0014284138763782945,6592.56426298682,0.001185835539329607
45.5553,0.8714,0.8715,0.8714,0.8714333333333334,0.0027,0.0027,0.0026,0.0026666666666666666,0.933507029105978,0.0014283056171535582,6594.82963222646,0.0011832052037540864,0.9335070291044271,0.0014283052757209588,6594.828055750251,0.0011832055682608454
45.5743,0.8716,0.8716,0.8715,0.8715666666666667,0.0026,0.0027,0.0026,0.0026333333333333334,0.9335784143481031,0.0014103439480022979,6514.612249885323,0.0011805664204854306,0.9335784143465394,0.0014103436066130997,6514.610672952081,0.0011805667848973835
45.5934,0.8717,0.8718,0.8717,0.8717333333333334,0.0026,0.0027,0.0026,0.0026333333333333334,0.9336676721527294,0.0014102091203787206,6516.71944471405,0.0011772882780154016,0.9336676721496234,0.0014102084378122242,6516.716290505006,0.0011772886418695294
45.6125,0.8719,0.8719,0.8718,0.8718666666666667,0.0026,0.0027,0.0026,0.0026333333333333334,0.93373907225322,0.00141010128610896,6518.950908807243,0.001174669489420848,0.9337390722516576,0.0014101009448767483,6518.949331277984,0.001174669853586126
45.6315,0.872,0.872,0.8719,0.8719666666666667,0.0026,0.0027,0.0026,0.0026333333333333334,0.9337926187458703,0.0014100204266230096,6521.292421838594,0.001172707570177497,0.9337926187443083,0.0014100200854575125,6521.290843960763,0.0011727079342606138
45.6506,0.8721,0.8722,0.8721,0.8721333333333333,0.0026,0.0027,0.0026,0.0026333333333333334,0.9338818560776289,0.0014098856917506874,6523.398637860675,0.0011694418405175828,0.9338818560745267,0.0014098850096622587,6523.395481906435,0.001169442204043156
45.6697,0.8723,0.8723,0.8722,0.8722666666666666,0.0026,0.0027,0.0026,0.0026333333333333334,0.933953239804051,0.0014097779316538316,6525.629194003757,0.0011668329773568142,0.9339532398024906,0.001409777590653129,6525.627615567828,0.0011668333411935805
45.6887,0.8724,0.8724,0.8723,0.8723666666666666,0.0026,0.0027,0.0026,0.0026333333333333334,0.9340067740186142,0.0014096971277890345,6527.969873125921,0.0011648784993819185,0.9340067740170541,0.0014096967868576407,6527.968294354266,0.0011648788631366314
45.7078,0.8725,0.8725,0.8724,0.8724666666666666,0.0026,0.0027,0.0026,0.0026333333333333334,0.9340603051649752,0.0014096163378207363,6530.3245925241445,0.0011629258802213906,0.9340603051634155,0.001409615996946308,6530.323013356395,0.00116292624389407
45.7269,0.8727,0.8727,0.8726,0.8726666666666668,0.0026,0.0026,0.0026,0.0026,0.9341673315071493,0.001391613639385209,6449.617542996613,0.001159013846358309,0.934167331166407,0.0013916136409186134,6449.617550103379,0.0011590140527005174
45.7459,0.8728,0.8728,0.8727,0.8727666666666667,0.0026,0.0026,0.0025,0.0025666666666666667,0.934220827053888,0.0013736937736477134,6369.210928020954,0.0011570545904158972,0.9342208270508952,0.001373693092266776,6369.2077687586825,0.001157054953467735
45.765,0.8729,0.8729,0.8728,0.8728666666666666,0.0025,0.0026,0.0025,0.0025333333333333336,0.9342743198842249,0.0013557759639752614,6288.758573563592,0.0011550973508014084,0.9342743198827258,0.0013557756233446795,6288.756993550706,0.001155097714161746
45.7841,0.8731,0.873,0.873,0.8730333333333333,0.0025,0.0026,0.0025,0.0025333333333333336,0.9343635112261667,0.0013556465459618936,6290.782628622354,0.001151859497289233,0.9343635112276649,0.0013556468864649323,6290.784208702803,0.0011518598612789927
45.8031,0.8732,0.8732,0.8731,0.8731666666666666,0.0025,0.0026,0.0025,0.0025333333333333336,0.9344348581702178,0.0013555430382128663,6292.912728474945,0.0011492729242415837,0.93443485816872,0.0013555426977634151,6292.91114798755,0.0011492732873563027
45.8222,0.8733,0.8733,0.8732,0.8732666666666665,0.0025,0.0026,0.0025,0.0025333333333333336,0.9344883648035321,0.0013554654229723142,6295.176420029768,0.0011473351575518626,0.9344883648020347,0.0013554650825710376,6295.174839107043,0.0011473355205847543
45.8413,0.8735,0.8734,0.8734,0.8734333333333334,0.0025,0.0025,0.0025,0.0025,0.9345775100263054,0.0013375027609744121,6214.34181887965,0.0011440977768061792,0.9345775096860242,0.0013375027624381083,6214.341825680315,0.001144097982623186
45.8604,0.8736,0.8736,0.8735,0.8735666666666667,0.0025,0.0025,0.0024,0.002466666666666667,0.9346488152928095,0.0013195687119819054,6133.570668777438,0.0011415093600969488,0.9346488152899405,0.0013195680315388585,6133.567505967137,0.001141509722525064
45.8794,0.8737,0.8737,0.8736,0.8736666666666667,0.0025,0.0025,0.0024,0.002466666666666667,0.9347023096841839,0.0013194931910950867,6135.760633120727,0.001139579005780549,0.9347023096813157,0.001319492510774277,6135.757469568485,0.0011395793681269644
45.8985,0.8739,0.8738,0.8738,0.8738333333333334,0.0025,0.0025,0.0024,0.002466666666666667,0.9347914602003713,0.001319367351813817,6137.7295970868845,0.0011363658616785535,0.9347914601989477,0.001319367011767851,6137.728015184631,0.0011363662242490386
45.9176,0.874,0.874,0.8739,0.8739666666666667,0.0025,0.0025,0.0024,0.002466666666666667,0.9348627744922294,0.0013192667063003016,6139.815324638775,0.0011337990465864086,0.9348627744893636,0.0013192660263152925,6139.812160015307,0.001133799408687882
45.9366,0.8741,0.8741,0.874,0.8740666666666667,0.0024,0.0025,0.0024,0.002433333333333333,0.9349162316570789,0.0013013643634170564,6059.004611878821,0.0011318645268112628,0.9349162316556433,0.0013013640234864163,6059.003029200386,0.0011318648892060525
45.9557,0.8742,0.8742,0.8742,0.8742,0.0024,0.0025,0.0024,0.002433333333333333,0.9349875364361316,0.0013012651177225258,6061.061619383352,0.0011293034654567258,0.934987536775972,0.0013012651162834742,6061.061612680506,0.0011293036227947133
45.9748,0.8744,0.8743,0.8743,0.8743333333333333,0.0024,0.0025,0.0024,0.002433333333333333,0.935058835777738,0.0013011658947058864,6063.118348307225,0.0011267456891505185,0.9350588357791726,0.0013011662344571842,6063.119931466095,0.0011267460520627607
45.9938,0.8745,0.8745,0.8744,0.8744666666666667,0.0024,0.0024,0.0024,0.0024,0.9351301050557432,0.0012832438967735524,5982.077363961976,0.0011241797923036317,0.9351301047160517,0.0012832438981674992,5982.077370460113,0.0011241799974498585
46.0129,0.8746,0.8746,0.8746,0.8746,0.0024,0.0024,0.0024,0.0024,0.9352013935318193,0.0012831460777355443,5984.105370550147,0.0011216285833332098,0.9352013935318193,0.0012831460777355443,5984.105370550147,0.0011216285833332098
46.032,0.8747,0.8747,0.8747,0.8747000000000001,0.0024,0.0024,0.0024,0.0024,0.9352548563229307,0.0012830727281238677,5986.247161877062,0.0011197173297141454,0.9352548563229307,0.0012830727281238677,5986.247161877062,0.0011197173297141495
46.051,0.8749,0.8748,0.8748,0.8748333333333335,0.0024,0.0024,0.0024,0.0024,0.9353261352908147,0.001282974948237561,5988.261637571071,0.001117171861235065,0.9353261349513494,0.0012829749496252277,5988.261644047979,0.001117172066124011
46.0701,0.875,0.875,0.8749,0.8749666666666668,0.0024,0.0024,0.0023,0.0023666666666666667,0.9353973845602556,0.0012650594847276719,5907.090540513186,0.0011146184296870333,0.9353973845575143,0.001265058805936393,5907.087370953501,0.0011146187910045806
46.0892,0.8751,0.8751,0.8751,0.8751000000000001,0.0024,0.0024,0.0023,0.0023666666666666667,0.935468652671837,0.0012649631069519818,5909.089320562254,0.0011120795179375485,0.9354686530111535,0.0012649631055816693,5909.08931416104,0.0011120796751380609
46.1082,0.8752,0.8752,0.8752,0.8752,0.0024,0.0024,0.0023,0.0023666666666666667,0.9355221001926316,0.0012648908380561037,5911.187574970701,0.0011101774837633882,0.93552210053189,0.0012648908366936897,5911.18756860376,0.0011101776409486134
46.1273,0.8754,0.8753,0.8753,0.8753333333333333,0.0023,0.0024,0.0023,0.002333333333333333,0.935593334891693,0.001246980523650739,5829.90167792695,0.001107633223016594,0.9355933348930653,0.001246980862810859,5829.903263573327,0.0011076335850995335
46.1464,0.8755,0.8755,0.8754,0.8754666666666666,0.0023,0.0023,0.0023,0.0023,0.9356645645138892,0.0012290729430323793,5748.5592230237,0.0011050923953461354,0.9356645641747791,0.0012290729443709297,5748.559229284302,0.0011050925998315594
46.1655,0.8756,0.8756,0.8756,0.8756,0.0023,0.0023,0.0023,0.0023,0.9357358122837173,0.0012289793603140683,5750.500670684864,0.0011025657623957052,0.9357358122837173,0.0012289793603140683,5750.500670684864,0.0011025657623957052
46.1845,0.8757,0.8757,0.8757,0.8757,0.0023,0.0023,0.0023,0.0023,0.9357892445512455,0.0012289091872881542,5752.538881748472,0.0011006729338567344,0.9357892445512453,0.0012289091872881542,5752.538881748472,0.0011006729338567344
46.2036,0.8759,0.8759,0.8758,0.8758666666666667,0.0023,0.0023,0.0023,0.0023,0.9358782915513546,0.0012287922589905463,5754.370324883985,0.0010975223058180487,0.9358782912124769,0.0012287922603224834,5754.3703311213785,0.001097522510039864
46.2227,0.876,0.876,0.8759,0.8759666666666667,0.0023,0.0023,0.0023,0.0023,0.9359317156848089,0.0012287221180175127,5756.420508487951,0.0010956343797445202,0.9359317153459891,0.0012287221193421488,5756.420514693717,0.0010956345839005007
46.2417,0.8761,0.8761,0.8761,0.8761,0.0023,0.0023,0.0023,0.0023,0.9360029431194511,0.0012286286153862234,5758.348475923308,0.0010931200029588774,0.9360029431194511,0.0012286286153862234,5758.348475923308,0.0010931200029588774
46.2608,0.8762,0.8762,0.8762,0.8762,0.0023,0.0023,0.0023,0.0023,0.936056360138637,0.0012285585024375783,5760.398203276105,0.0010912363630862525,0.936056360138637,0.0012285585024375783,5760.398203276105,0.0010912363630862525
46.2799,0.8763,0.8764,0.8763,0.8763333333333333,0.0023,0.0023,0.0022,0.002266666666666667,0.9361275548951316,0.0012106612260329383,5678.826114834397,0.001088716943653536,0.9361275548938339,0.0012106608874523671,5678.8245266608055,0.0010887173042219583
46.2989,0.8765,0.8765,0.8764,0.8764666666666666,0.0023,0.0023,0.0022,0.002266666666666667,0.9361987674336579,0.0012105691363384346,5680.725390006924,0.0010862115435695558,0.9361987674310445,0.0012105684592829697,5680.722212851605,0.0010862119037006932
46.318,0.8766,0.8766,0.8765,0.8765666666666667,0.0023,0.0023,0.0022,0.002266666666666667,0.9362521732829875,0.0012105000828533442,5682.744723717965,0.0010843346336920502,0.9362521732803747,0.0012104994059273092,5682.741545859567,0.001084334993742262
46.3371,0.8767,0.8767,0.8766,0.8766666666666666,0.0022,0.0023,0.0022,0.0022333333333333337,0.9363055532434097,0.0011926306138117626,5601.164513988287,0.0010824489626210258,0.9363055532421004,0.001192630275376749,5601.162924535387,0.0010824493229342027
46.3561,0.8768,0.8768,0.8768,0.8767999999999999,0.0022,0.0022,0.0022,0.0022,0.936376729749344,0.0011747408548848945,5519.407881371113,0.0010799412774162385,0.936376729749344,0.0011747408548848945,5519.407881371113,0.0010799412774162385
46.3752,0.8769,0.8769,0.8769,0.8769,0.0022,0.0022,0.0022,0.0022,0.9364301254544848,0.0011746738705887675,5521.367181630889,0.001078070479915346,0.9364301254544848,0.0011746738705887675,5521.367181630889,0.001078070479915346
46.3943,0.877,0.877,0.877,0.8770000000000001,0.0022,0.0022,0.0022,0.0022,0.9364835181151691,0.001174606897737496,5523.326276361339,0.0010762015142335203,0.9364835181151691,0.001174606897737496,5523.326276361339,0.0010762015142335203
46.4133,0.8771,0.8772,0.8771,0.8771333333333334,0.0022,0.0022,0.0022,0.0022,0.9365547035944933,0.0011745176184194623,5525.168273157508,0.001073712408467506,0.9365547032563618,0.001174517619704773,5525.16827920387,0.0010737126118427309
46.4324,0.8773,0.8773,0.8772,0.8772666666666668,0.0022,0.0022,0.0022,0.0022,0.93662588366361,0.0011744283594690905,5527.0219253227515,0.001071226556821508,0.9366258833255426,0.0011744283607467668,5527.021931335672,0.001071226760123947
46.4515,0.8774,0.8774,0.8773,0.8773666666666666,0.0021,0.0022,0.0021,0.002133333333333333,0.936679221224987,0.0011387747720925834,5361.4357465864505,0.0010693439115117833,0.9366792212237381,0.001138774434066854,5361.434155136347,0.0010693442712746877
46.4706,0.8775,0.8775,0.8775,0.8775,0.0021,0.0022,0.0021,0.002133333333333333,0.9367503918392222,0.0011386882524578555,5363.232761751113,0.0010668637538618162,0.9367503921771484,0.0011386882512006936,5363.2327558298675,0.0010668639106958856
46.4896,0.8776,0.8776,0.8776,0.8776,0.0021,0.0021,0.0021,0.0021,0.9368037447967924,0.0011208324110840381,5281.290004134269,0.001064995810615893,0.9368037447967924,0.0011208324110840381,5281.290004134269,0.001064995810615893
46.5087,0.8777,0.8777,0.8777,0.8777,0.0021,0.0021,0.0021,0.0021,0.9368571161720247,0.0011207685588998245,5283.158802504749,0.0010631396541131066,0.9368571161720247,0.0011207685588998245,5283.158802504749,0.0010631396541131066
46.5278,0.8779,0.8778,0.8778,0.8778333333333334,0.0021,0.0021,0.0021,0.0021,0.9369282732764047,0.001120683439648249,5284.927062265841,0.0010606676208367925,0.9369282729386771,0.00112068344085413,5284.927067952544,0.0010606678237539793
46.5468,0.878,0.8779,0.8779,0.8779333333333333,0.002,0.0021,0.0021,0.0020666666666666663,0.9369816164534972,0.0011028320248791777,5202.8669966881935,0.0010588059285837352,0.9369816164558689,0.0011028327001974664,5202.870182659543,0.0010588062888298756
46.5659,0.8781,0.8781,0.878,0.8780666666666667,0.002,0.0021,0.0021,0.0020666666666666663,0.9370527641069408,0.0011027482900804325,5204.606739056413,0.0010563395775503306,0.9370527641081168,0.0011027486276905358,5204.608332464297,0.0010563399373904215
46.585,0.8782,0.8782,0.8782,0.8782,0.002,0.002,0.002,0.002,0.9371238651807478,0.001067094796279931,5038.399815606009,0.0010538573499851702,0.9371238651807478,0.001067094796279931,5038.399815606009,0.0010538573499851702
46.604,0.8783,0.8783,0.8783,0.8783,0.002,0.002,0.002,0.002,0.9371772183326147,0.00106703404697268,5040.167809053053,0.0010520121501067885,0.9371772183326147,0.00106703404697268,5040.167809053053,0.0010520121501067885
46.6231,0.8785,0.8784,0.8784,0.8784333333333333,0.002,0.002,0.002,0.002,0.9372483511440146,0.0010669530640119683,5041.850769344384,0.001049554720177665,0.9372483508066326,0.0010669530651627273,5041.850774782258,0.0010495549227032502
46.6422,0.8786,0.8785,0.8785,0.8785333333333333,0.002,0.002,0.002,0.002,0.9373016972099197,0.0010668923389194685,5043.629183180859,0.001047713774401618,0.9373016968725955,0.0010668923400530806,5043.6291885399005,0.0010477139768620147
46.6612,0.8787,0.8787,0.8786,0.8786666666666667,0.002,0.002,0.002,0.002,0.9373728205752526,0.0010668113882081587,5045.300895490543,0.0010452620144792686,0.9373728202379924,0.0010668113893766778,5045.300901016853,0.0010452622168672966
46.6803,0.8788,0.8788,0.8787,0.8787666666666668,0.002,0.002,0.002,0.002,0.9374261595580186,0.0010667506873140381,5047.078915052878,0.0010434253196117587,0.9374261592208156,0.0010667506884393895,5047.078920377212,0.0010434255219346437
46.6994,0.8789,0.8789,0.8788,0.8788666666666667,0.002,0.002,0.002,0.002,0.9374794955060168,0.0010666899967304118,5048.85674839838,0.0010415904455851924,0.9374794951688715,0.0010666899978733055,5048.856753807924,0.0010415906478429859
46.7184,0.879,0.879,0.8789,0.8789666666666666,0.0019,0.0019,0.002,0.0019333333333333331,0.9375327886439091,0.001031075049716876,4882.269672750263,0.0010397389116528757,0.9375327886461463,0.0010310757238961763,4882.272865073804,0.0010397392710514552
46.7375,0.8791,0.8791,0.8791,0.8790999999999999,0.0019,0.0019,0.0019,0.0019,0.9376038751076775,0.0010132210683248294,4799.690299145811,0.0010372886688609887,0.9376038751076775,0.0010132210683248294,4799.690299145811,0.0010372886688609887
46.7566,0.8792,0.8792,0.8792,0.8792,0.0019,0.0019,0.0019,0.0019,0.9376572009536142,0.0010131634450686428,4801.378690143381,0.0010354598627535347,0.937657200953614,0.0010131634450686428,4801.378690143381,0.0010354598627535347
46.7757,0.8793,0.8793,0.8793,0.8793000000000001,0.0019,0.0019,0.0019,0.0019,0.9377105237670239,0.0010131058316305082,4803.06690458505,0.0010336328749498348,0.9377105237670239,0.0010131058316305082,4803.06690458505,0.0010336328749498387
46.7947,0.8794,0.8794,0.8794,0.8794,0.0019,0.0019,0.0019,0.0019,0.9377638435484236,0.0010130482280121002,4804.744674824534,0.001031807704865036,0.9377638435484236,0.0010130482280121002,4804.744674824534,0.001031807704865036
46.8138,0.8796,0.8795,0.8795,0.8795333333333334,0.0018,0.0018,0.0018,0.0018000000000000002,0.9378348758045274,0.0009596572096169727,4553.376389485936,0.001029350909875735,0.9378348754677776,0.0009596572106413915,4553.376394346592,0.0010293511116857342
46.8329,0.8797,0.8797,0.8796,0.8796666666666667,0.0018,0.0018,0.0018,0.0018000000000000002,0.9379059587554807,0.0009595844781679046,4554.88892750703,0.001026923408778885,0.9379059584187944,0.0009595844791732356,4554.888932279065,0.0010269236105167675
46.8519,0.8798,0.8798,0.8797,0.8797666666666667,0.0018,0.0018,0.0018,0.0018000000000000002,0.9379592674334922,0.0009595299404263251,4556.477854498989,0.001025104901204152,0.9379592670968635,0.0009595299414511153,4556.4778593653655,0.0010251051028771733
46.871,0.8799,0.8799,0.8798,0.8798666666666667,0.0018,0.0018,0.0018,0.0018000000000000002,0.9380125730819032,0.0009594754119658809,4558.076340257011,0.0010232882086217779,0.938012572745332,0.0009594754130101314,4558.076345217819,0.001023288410229959
46.8901,0.88,0.88,0.8799,0.8799666666666667,0.0018,0.0018,0.0018,0.0018000000000000002,0.9380658757012305,0.000959420892817084,4559.674659148534,0.001021473330448178,0.9380658753647165,0.0009594208938615115,4559.6746641122045,0.0010214735319915413
46.9091,0.8801,0.8801,0.8801,0.8801,0.0017,0.0017,0.0017,0.0017,0.9381368881611436,0.0009060511432002923,4307.778246436376,0.0010190316751982045,0.9381368881611435,0.0009060511432002922,4307.778246436376,0.0010190316751982045
46.9282,0.8802,0.8802,0.8802,0.8802,0.0017,0.0017,0.0017,0.0017,0.9381901837236457,0.0009059996733686157,4309.287435929831,0.0010172210307800242,0.9381901837236457,0.0009059996733686157,4309.287435929831,0.0010172210307800242
46.9473,0.8803,0.8803,0.8803,0.8803,0.0017,0.0017,0.0017,0.0017,0.9382434762587818,0.0009059482122854865,4310.7964677735945,0.0010154121988268238,0.9382434762587818,0.0009059482122854866,4310.7964677735945,0.0010154121988268238
46.9663,0.8805,0.8804,0.8804,0.8804333333333333,0.0017,0.0017,0.0017,0.0017,0.9383145282639522,0.0009058796111398352,4312.214527687915,0.001013003241272251,0.9383145279277184,0.0009058796121327277,4312.214532414333,0.0010130034424990608
46.9854,0.8806,0.8806,0.8805,0.8805666666666667,0.0017,0.0016,0.0017,0.0016666666666666668,0.9383855579129201,0.0008880500411658073,4229.0604476128065,0.0010105896069025925,0.9383855579138586,0.0008880503773363922,4229.062048520028,0.0010105899646759703
47.0045,0.8807,0.8807,0.8806,0.8806666666666668,0.0016,0.0016,0.0016,0.0016,0.9384388064164052,0.0008524796657214132,4061.3179571149835,0.0010087720939190939,0.938438806080292,0.0008524796666424502,4061.317961502917,0.0010087722950093835
47.0235,0.8808,0.8808,0.8807,0.8807666666666667,0.0016,0.0016,0.0016,0.0016,0.9384920848391515,0.0008524312702647471,4062.728954218724,0.0010069717147013386,0.9384920845030956,0.0008524312711750866,4062.728958557447,0.001006971915726999
47.0426,0.8809,0.8809,0.8808,0.8808666666666666,0.0016,0.0016,0.0016,0.0016,0.9385453602374505,0.0008523828830338546,4064.1484434426748,0.0010051731446499759,0.9385453599014518,0.0008523828839334956,4064.1484477321487,0.0010051733456110353
47.0617,0.881,0.881,0.8809,0.8809666666666667,0.0016,0.0016,0.0016,0.0016,0.9385986326118174,0.0008523345040301371,4065.5677845665136,0.0010033763831836693,0.9385986322758758,0.0008523345049190781,4065.5677888066916,0.0010033765840801584
47.0808,0.8811,0.8811,0.8811,0.8811,0.0015,0.0015,0.0016,0.0015333333333333334,0.9386696261704214,0.0008167587884943415,3897.455592756337,0.001000968822675238,0.9386696265062805,0.0008167587876174333,3897.455588571858,0.0010009689789607723
47.0998,0.8812,0.8812,0.8812,0.8812000000000001,0.0015,0.0015,0.0015,0.0015000000000000002,0.9387228762172719,0.0007989578383818234,3814.0505995381623,0.0009991691700853185,0.9387228762172719,0.0007989578383470836,3814.0505993723223,0.000999169170085304
47.1189,0.8813,0.8813,0.8813,0.8813,0.0015,0.0015,0.0015,0.0015000000000000002,0.9387761385235549,0.0007989125087721756,3815.3807991228346,0.0009973784351676764,0.9387761385235548,0.0007989125087721756,3815.3807991228346,0.0009973784351676764
47.138,0.8814,0.8814,0.8814,0.8813999999999999,0.0015,0.0015,0.0015,0.0015000000000000002,0.9388293978081332,0.0007988671868745442,3816.7108600481033,0.0009955895063184885,0.9388293978081333,0.0007988671869092879,3816.7108602140966,0.0009955895063184996
47.157,0.8816,0.8816,0.8815,0.8815666666666667,0.0014,0.0014,0.0015,0.0014333333333333333,0.9389181270366688,0.0007632898396826555,3648.204507642294,0.0009925982232187368,0.9389181270383183,0.0007632905108856024,3648.207715710172,0.0009925985803850093
47.1761,0.8817,0.8817,0.8816,0.8816666666666667,0.0014,0.0014,0.0014,0.0014,0.9389713640105921,0.0007454966432910432,3564.6036969824063,0.0009908074705642063,0.93897136367505,0.0007454966440670962,3564.6037006931165,0.0009908076710093815
47.1952,0.8818,0.8818,0.8817,0.8817666666666667,0.0014,0.0014,0.0014,0.0014,0.9390246122274343,0.0007454543692110602,3565.8446679030603,0.0009890251609940288,0.9390246118919493,0.0007454543700244811,3565.8446717940205,0.0009890253613748477
47.2142,0.8819,0.8819,0.8818,0.8818666666666667,0.0014,0.0014,0.0014,0.0014,0.9390778574249683,0.0007454121023775335,3567.077954730686,0.000987244654786852,0.9390778570895404,0.0007454121031662675,3567.077958505075,0.0009872448551033152
47.2333,0.882,0.882,0.8819,0.8819666666666667,0.0013,0.0013,0.0013,0.0013,0.9391310588567786,0.0006921291696995262,3313.4389067150555,0.000985446978634498,0.9391310585214075,0.0006921291704682621,3313.4389103952344,0.0009854471788866438
47.2524,0.8821,0.8821,0.8821,0.8821,0.0013,0.0013,0.0013,0.0013,0.939202043742654,0.0006920768585877343,3314.528250051713,0.0009830781798697177,0.9392020437426541,0.0006920768585877342,3314.528250051713,0.0009830781798697177
47.2714,0.8822,0.8822,0.8822,0.8822,0.0013,0.0013,0.0013,0.0013,0.939255278886462,0.0006920376330165905,3315.673071973796,0.0009813036825434987,0.939255278886462,0.0006920376330165905,3315.6730719737957,0.0009813036825434987
47.2905,0.8824,0.8824,0.8823,0.8823666666666666,0.0012,0.0012,0.0012,0.0012,0.9393439597187664,0.0006387436612526806,3061.5688792530277,0.0009783326281281595,0.9393439593836231,0.0006387436619517835,3061.5688826039045,0.0009783328281232568
47.3096,0.8825,0.8825,0.8824,0.8824666666666666,0.0012,0.0012,0.0012,0.0012,0.9393971868245604,0.0006387074694220422,3062.631864444161,0.0009765629335123343,0.9393971864894741,0.0006387074701357471,3062.6318678664084,0.0009765631334432378
47.3286,0.8826,0.8826,0.8825,0.8825666666666666,0.0012,0.0012,0.0012,0.0012,0.9394504109146343,0.0006386712837975867,3063.6882660524902,0.0009747950382104135,0.939450410579605,0.000638671284496924,3063.6882694071924,0.0009747952380771388
47.3477,0.8827,0.8827,0.8826,0.8826666666666667,0.0011,0.0011,0.0011,0.0011,0.9395035973204222,0.0005854155338739362,2809.355214994733,0.0009730127907260023,0.9395035969854496,0.0005854155345028107,2809.355218012644,0.0009730129905285716
47.3668,0.8828,0.8828,0.8828,0.8828,0.0011,0.0011,0.0011,0.0011,0.9395745540719939,0.0005853713232119955,2810.27625671911,0.0009706607944448079,0.9395745540719939,0.0005853713232119955,2810.27625671911,0.0009706607944448079
47.3859,0.883,0.883,0.8829,0.8829666666666668,0.0011,0.0011,0.0011,0.0011,0.9396632424765659,0.0005853160740142547,2811.144111616244,0.0009677252924071465,0.9396632421417639,0.000585316074643448,2811.1441146381208,0.0009677254920174256
47.4049,0.8831,0.8831,0.883,0.8830666666666667,0.001,0.001,0.001,0.001,0.9397164198687332,0.0005320754106368377,2556.465576247388,0.0009659516458591864,0.9397164195339879,0.0005320754112297664,2556.465579096236,0.000965951845405414
47.424,0.8832,0.8832,0.8831,0.8831666666666665,0.001,0.001,0.001,0.001,0.9397696258865008,0.0005320452866809914,2557.35081169194,0.0009641945373371891,0.9397696255518125,0.0005320452872566283,2557.35081445882,0.0009641947368193854
47.4431,0.8833,0.8833,0.8833,0.8832999999999999,0.001,0.001,0.001,0.001,0.9398405625580636,0.0005320051292918543,2558.187683966581,0.0009618545185261409,0.9398405625580638,0.0005320051292918543,2558.187683966581,0.0009618545185261371
47.4621,0.8835,0.8835,0.8834,0.8834666666666666,0.0009,0.0009,0.001,0.0009333333333333333,0.9399292064673117,0.0004964912926127843,2388.372774019854,0.0009589249374321746,0.9399292064683845,0.0004964919616464228,2388.375992408073,0.0009589252929373205
47.4812,0.8836,0.8836,0.8835,0.8835666666666667,0.0009,0.0009,0.0009,0.0009000000000000001,0.9399823912453631,0.00047873237218209807,2303.870201959284,0.0009571707199039414,0.9399823909109019,0.0004787323727074768,2303.870204487637,0.0009571709191302883
47.5003,0.8837,0.8837,0.8837,0.8837,0.0009,0.0009,0.0009,0.0009000000000000001,0.9400533118659307,0.00047869625512340653,2304.623086047452,0.0009548402694454084,0.9400533118659307,0.00047869625512340653,2304.623086047452,0.0009548402694454084
47.5193,0.8839,0.8839,0.8838,0.8838666666666667,0.0009,0.0009,0.0009,0.0009000000000000001,0.9401419551182478,0.0004786511202327614,2305.327546271187,0.0009519316867287786,0.9401419547839569,0.0004786511207197446,2305.327548616645,0.0009519318857634879
47.5384,0.884,0.884,0.8839,0.8839666666666667,0.0008,0.0008,0.0008,0.0008,0.9401951114895939,0.00042544360751764975,2049.8877903018533,0.0009501770031091304,0.9401951111553594,0.00042544360797530054,2049.8877925069232,0.0009501772020800173
47.5575,0.8841,0.8841,0.8841,0.8841,0.0008,0.0008,0.0008,0.0008,0.9402660160693705,0.0004254115252212364,2050.556752962541,0.0009478561085522125,0.9402660160693705,0.0004254115252212364,2050.556752962541,0.0009478561085522124
47.5765,0.8843,0.8843,0.8842,0.8842666666666666,0.0008,0.0008,0.0008,0.0008,0.9403546392758012,0.0004253714325526774,2051.1826531938004,0.0009449594649682745,0.940354638941737,0.0004253714330105587,2051.182655401749,0.0009449596637478283
47.5956,0.8844,0.8844,0.8843,0.8843666666666666,0.0008,0.0008,0.0008,0.0008,0.9404078091908118,0.0004253473823416139,2051.8900992938406,0.0009432238642575954,0.9404078088568042,0.0004253473828213234,2051.890101607975,0.000943224062973429
47.6147,0.8845,0.8845,0.8845,0.8845,0.0008,0.0008,0.0008,0.0008,0.9404786977348945,0.0004253153218269382,2052.5587947962,0.0009409125118001247,0.9404786977348945,0.0004253153218269382,2052.5587947962,0.0009409125118001247
47.6337,0.8847,0.8847,0.8846,0.8846666666666666,0.0008,0.0007,0.0008,0.0007666666666666667,0.9405672930567581,0.00040755545735011165,1967.635074411974,0.0009380241301449115,0.9405672930571765,0.0004075557912623807,1967.636686505446,0.0009380244845267311
47.6528,0.8848,0.8848,0.8847,0.8847666666666667,0.0007,0.0007,0.0007,0.0007,0.9406204362659937,0.00037209482861553746,1797.1552002191145,0.0009362888278459939,0.9406204359322122,0.0003720948290056425,1797.1552021032564,0.0009362890263071537
47.6719,0.8849,0.8849,0.8849,0.8849,0.0007,0.0007,0.0007,0.0007,0.9406913087903489,0.00037206679463524893,1797.7400749392116,0.0009339870066284241,0.9406913087903489,0.00037206679463524893,1797.7400749392116,0.0009339870066284241
47.691,0.885,0.8851,0.885,0.8850333333333333,0.0007,0.0007,0.0007,0.0007,0.9407621759755105,0.00037203876697278595,1798.3248716573414,0.0009316883593196096,0.9407621756418926,0.00037203876741281997,1798.3248737843358,0.0009316885575970975
47.71,0.8852,0.8852,0.8851,0.8851666666666667,0.0007,0.0007,0.0007,0.0007,0.9408330378226849,0.00037201074570418605,1798.9058202773201,0.0009293928845635162,0.9408330374891297,0.0003720107461442992,1798.905822405544,0.0009293930827704157
47.7291,0.8853,0.8853,0.8852,0.8852666666666668,0.0007,0.0007,0.0007,0.0007,0.940886180705737,0.0003719897339262612,1799.5243400540512,0.0009276733596688141,0.9408861803722384,0.0003719897343166998,1799.5243419428227,0.0009276735578121978
47.7482,0.8854,0.8854,0.8854,0.8854000000000001,0.0007,0.0007,0.0007,0.0007,0.9409570332143354,0.00037196172373846773,1800.1089096711717,0.000925383433619073,0.9409570332143354,0.0003719617236638483,1800.1089093100509,0.0009253834336190584
47.7672,0.8856,0.8856,0.8855,0.8855666666666666,0.0007,0.0007,0.0007,0.0007,0.9410455913483424,0.0003719267198282561,1800.655741529649,0.0009225254820614709,0.9410455910150134,0.00037192672021889604,1800.6557434209033,0.0009225256800144778
47.7863,0.8857,0.8857,0.8856,0.8856666666666667,0.0007,0.0007,0.0007,0.0007,0.9410987222287218,0.0003719057222592636,1801.2740456465017,0.0009208130866476462,0.9410987218954493,0.0003719057226499697,1801.2740475388327,0.0009208132845372454
47.8054,0.8858,0.8858,0.8858,0.8858,0.0007,0.0007,0.0007,0.0007,0.9411695587369191,0.00037187773104533484,1801.8583821731063,0.0009185326630197933,0.941169558736919,0.00037187773104533484,1801.8583821731063,0.0009185326630197933
47.8244,0.8859,0.886,0.8859,0.8859333333333334,0.0007,0.0007,0.0007,0.0007,0.9412403899140576,0.0003718497460842446,1802.4388717650415,0.000916255404160875,0.9412403895809479,0.00037184974650002347,1802.4388737804145,0.0009162556018674405
47.8435,0.8861,0.8861,0.886,0.8860666666666667,0.0007,0.0007,0.0007,0.0007,0.9413112157613408,0.00037182176752669985,1803.023053210523,0.0009139813087195653,0.9413112154282938,0.0003718217678679076,1803.0230548650934,0.0009139815063557683
47.8626,0.8862,0.8862,0.8861,0.8861666666666667,0.0007,0.0007,0.0007,0.0007,0.9413643316498095,0.0003718007876950943,1803.6410778170919,0.0009122778123188335,0.9413643313168188,0.00037180078808613415,1803.6410797140634,0.0009122780098917605
47.8816,0.8863,0.8863,0.8863,0.8863,0.0006,0.0006,0.0006,0.0006,0.9414351286975329,0.0003186624238467898,1546.4754674939256,0.000910000153182818,0.9414351286975329,0.0003186624238467898,1546.4754674939256,0.0009100001531828179
47.9007,0.8864,0.8864,0.8864,0.8864,0.0006,0.0006,0.0006,0.0006,0.9414882375974138,0.0003186444482006521,1547.0050865304875,0.000908300805670189,0.9414882375974138,0.0003186444482006521,1547.0050865304875,0.000908300805670189
47.9198,0.8866,0.8866,0.8865,0.8865666666666666,0.0006,0.0006,0.0006,0.0006,0.9415767457737385,0.0003186144956836509,1547.476465591461,0.0009054725079014473,0.941576745440973,0.0003186144960646868,1547.4764674421115,0.0009054727052214732
47.9388,0.8867,0.8867,0.8866,0.8866666666666667,0.0006,0.0006,0.0006,0.0006,0.9416298466862733,0.0003185965282231243,1548.0027328976958,0.0009037778971647165,0.9416298463535641,0.00031859652857517976,1548.0027346082695,0.0009037780944215755
47.9579,0.8868,0.8868,0.8867,0.8867666666666668,0.0006,0.0006,0.0006,0.0006,0.9416829446044821,0.00031857856375691986,1548.5321744980806,0.0009020850616765431,0.9416829442718292,0.0003185785640799916,1548.5321760684535,0.000902085258870259
47.977,0.8869,0.8869,0.8869,0.8869000000000001,0.0006,0.0006,0.0006,0.0006,0.9417537371717956,0.000318554615919878,1549.0324512650825,0.0008998307082079855,0.9417537371717956,0.000318554615919878,1549.0324512650825,0.0008998307082079855
47.9961,0.887,0.8871,0.887,0.8870333333333335,0.0006,0.0006,0.0006,0.0006,0.9418245244179636,0.0003185306734275594,1549.5326613122168,0.0008975795083803626,0.9418245240854732,0.0003185306738088854,1549.532663167225,0.0008975797053918188
48.0151,0.8872,0.8872,0.8871,0.8871666666666668,0.0006,0.0006,0.0006,0.0006,0.941895306344186,0.0003185067363683123,1550.0295768877318,0.0008953314608480541,0.941895306011758,0.0003185067366916092,1550.0295784610732,0.000895331657789452
48.0342,0.8873,0.8873,0.8872,0.8872666666666666,0.0006,0.0006,0.0006,0.0006,0.9419483892983597,0.00031848878705564263,1550.5587795116448,0.0008936474930835169,0.941948388965988,0.0003184887874080457,1550.5587812273145,0.0008936476899618983
48.0533,0.8874,0.8874,0.8873,0.8873666666666665,0.0006,0.0006,0.0006,0.0006,0.9420014692612443,0.0003184708408275073,1551.087927663363,0.0008919652971614086,0.9420014689289289,0.0003184708412090197,1551.08792952149,0.0008919654939767984
48.0723,0.8875,0.8875,0.8875,0.8874999999999998,0.0006,0.0006,0.0006,0.0006,0.9420722378928481,0.0003184469173127083,1551.5846552355536,0.0008897251244847522,0.9420722378928482,0.0003184469173127083,1551.5846552355536,0.0008897251244847486
48.0914,0.8876,0.8876,0.8876,0.8876,0.0006,0.0006,0.0006,0.0006,0.9421253108780244,0.00031842897813857366,1552.1136874146243,0.0008880470606572805,0.9421253108780244,0.00031842897813857366,1552.1136874146243,0.0008880470606572804
48.1105,0.8877,0.8878,0.8877,0.8877333333333334,0.0006,0.0006,0.0006,0.0006,0.9421960702078512,0.0003184050639438045,1552.613514615633,0.000885812395383811,0.9421960698757541,0.00031840506429649116,1552.6135163354113,0.0008858125919544497
48.1295,0.8879,0.8879,0.8878,0.8878666666666667,0.0006,0.0006,0.0006,0.0006,0.9422668242240234,0.00031838115518850323,1553.1100488216064,0.0008835808753523876,0.9422668238919886,0.00031838115557031196,1553.1100506841256,0.0008835810718531689
48.1486,0.888,0.888,0.8879,0.8879666666666667,0.0006,0.0006,0.0006,0.0006,0.9423198862497868,0.0003183632272169353,1553.6389043609265,0.0008819092985869976,0.942319885917808,0.00031836322754068275,1553.6389059408411,0.0008819094950249206
48.1677,0.8881,0.8881,0.888,0.8880666666666667,0.0006,0.0006,0.0006,0.0006,0.9423729452877975,0.00031834530215914914,1554.167704712827,0.0008802394897001063,0.9423729449558748,0.00031834530248295127,1554.167706293635,0.0008802396860752047
48.1867,0.8882,0.8882,0.8882,0.8882,0.0006,0.0006,0.0006,0.0006,0.9424436860250687,0.0003183214068770818,1554.6640510251805,0.0008780158269069749,0.9424436860250687,0.0003183214068770818,1554.6640510251807,0.0008780158269069749
48.2058,0.8883,0.8883,0.8883,0.8883,0.0006,0.0006,0.0006,0.0006,0.9424967380936186,0.00031830348888164424,1555.192735704401,0.000876350140871555,0.9424967380936186,0.00031830348888164424,1555.1927357044012,0.000876350140871555
48.2249,0.8884,0.8884,0.8884,0.8884,0.0006,0.0006,0.0006,0.0006,0.9425497871760974,0.00031828557397606554,1555.7213661123515,0.0008746862208308374,0.9425497871760974,0.00031828557397606554,1555.7213661123515,0.0008746862208308374
48.2439,0.8886,0.8886,0.8885,0.8885666666666666,0.0006,0.0006,0.0006,0.0006,0.9426381956792179,0.00031825572251282836,1556.1883346828718,0.0008719169436620306,0.9426381953475754,0.00031825572286598325,1556.1883364097084,0.0008719171397233728
48.263,0.8887,0.8887,0.8886,0.8886666666666666,0.0006,0.0006,0.0006,0.0006,0.942691236801305,0.0003182378156459104,1556.7168427633374,0.0008702577301804376,0.9426912364697184,0.00031823781599912165,1556.716844491133,0.0008702579261790992
48.2821,0.8888,0.8888,0.8887,0.8887666666666667,0.0006,0.0006,0.0006,0.0006,0.9427442749391687,0.00031821991178352033,1557.2452962159562,0.0008686002806241197,0.9427442746076382,0.00031821991210771527,1557.245297802441,0.000868600476560117
48.3012,0.8889,0.8889,0.8888,0.8888666666666666,0.0006,0.0006,0.0006,0.0006,0.9427973100933129,0.00031820201101339155,1557.7736954876812,0.0008669445944292053,0.9427973097618384,0.0003182020113376445,1557.7736970750775,0.0008669447903025705
48.3202,0.889,0.889,0.8889,0.8889666666666667,0.0006,0.0006,0.0006,0.0006,0.9428503422642411,0.0003181841131615837,1558.2988148017917,0.0008652906710320022,0.9428503419328225,0.00031818411351496723,1558.2988165324793,0.0008652908668427681
48.3393,0.8891,0.8891,0.8891,0.8891,0.0006,0.0006,0.0006,0.0006,0.9429210471857903,0.0003181602541031893,1558.797883542397,0.0008630881809917177,0.9429210471857902,0.0003181602541031893,1558.7978835423971,0.0008630881809917177
48.3584,0.8892,0.8892,0.8892,0.8892000000000001,0.0006,0.0006,0.0006,0.0006,0.9429740723978383,0.000318142363411694,1559.3261129438736,0.0008614383685984288,0.942974072397838,0.000318142363411694,1559.3261129438736,0.0008614383685984322
48.3774,0.8893,0.8893,0.8893,0.8893,0.0006,0.0006,0.0006,0.0006,0.9430270946283473,0.0003181244756402006,1559.8510630563728,0.0008597903171255428,0.9430270946283473,0.0003181244756402006,1559.851063056373,0.0008597903171255428
48.3965,0.8894,0.8895,0.8894,0.8894333333333333,0.0006,0.0006,0.0006,0.0006,0.943097786298613,0.00031810063008304816,1560.349944250203,0.0008575956533986589,0.9430977859674674,0.0003181006303785441,1560.3499456996722,0.0008575958489036799
48.4156,0.8896,0.8896,0.8895,0.8895666666666666,0.0006,0.0006,0.0006,0.0006,0.9431684726704508,0.00031807678980635344,1560.8487590320544,0.0008554041178632987,0.9431684723393673,0.0003180767901019102,1560.848760482394,0.0008554043132989126
48.4346,0.8897,0.8897,0.8896,0.8896666666666667,0.0006,0.0006,0.0006,0.0006,0.9432214839729526,0.0003180589130948446,1561.3735334571645,0.0008537625182858085,0.943221483641925,0.00031805891344863257,1561.3735351939347,0.0008537627136589904
48.4537,0.8898,0.8898,0.8897,0.8897666666666667,0.0006,0.0006,0.0006,0.0006,0.9432744922962614,0.0003180410394802167,1561.9014777320208,0.0008521226770045368,0.9432744919652895,0.000318041039804972,1561.9014793268962,0.0008521228723153026
48.4728,0.8899,0.8899,0.8898,0.8898666666666667,0.0006,0.0006,0.0006,0.0006,0.9433274976408791,0.00031802316878844135,1562.4293671645814,0.0008504845934577461,0.943327497309963,0.00031802316917143604,1562.429369046212,0.0008504847887061285
48.4918,0.89,0.89,0.8899,0.8899666666666667,0.0006,0.0006,0.0006,0.0006,0.9433805000073079,0.00031800530119457167,1562.9539795017195,0.000848848267083962,0.9433804996764477,0.00031800530149034414,1562.953980955402,0.0008488484622699582
48.5109,0.8901,0.8901,0.89,0.8900666666666667,0.0006,0.0006,0.0006,0.0006,0.9434334993960499,0.0003179874365245596,1563.4817603476638,0.0008472136973218621,0.9434334990652453,0.00031798743684948247,1563.4817619452454,0.0008472138924455224
48.53,0.8902,0.8902,0.8902,0.8902,0.0006,0.0006,0.0006,0.0006,0.9435041606166158,0.0003179636217172989,1563.9802048514134,0.0008450370025097825,0.9435041606166158,0.0003179636217172989,1563.9802048514132,0.0008450370025097825
48.549,0.8903,0.8903,0.8903,0.8903,0.0006,0.0006,0.0006,0.0006,0.9435571530593729,0.00031794576413343907,1564.5046481853317,0.0008434065293267648,0.9435571530593729,0.00031794576413343907,1564.5046481853317,0.0008434065293267648
48.5681,0.8904,0.8904,0.8904,0.8904,0.0006,0.0006,0.0006,0.0006,0.9436101425261153,0.00031792790956241065,1565.0322599182089,0.0008417778108860521,0.9436101425261153,0.00031792790956241065,1565.0322599182089,0.0008417778108860521
48.5872,0.8905,0.8905,0.8905,0.8905,0.0006,0.0006,0.0006,0.0006,0.9436631290173443,0.0003179100579174148,1565.5598169320729,0.000840150846627276,0.9436631290173443,0.0003179100579174148,1565.5598169320729,0.000840150846627276
48.6063,0.8906,0.8906,0.8906,0.8906,0.0006,0.0006,0.0006,0.0006,0.943716112533561,0.0003178922093735671,1566.0873201066186,0.0008385256359903287,0.943716112533561,0.0003178922093735671,1566.0873201066186,0.0008385256359903287
48.6253,0.8907,0.8908,0.8907,0.8907333333333334,0.0006,0.0006,0.0006,0.0006,0.9437867525949192,0.00031786841589746513,1566.582233377428,0.0008363614153627998,0.9437867522644984,0.00031786841625187884,1566.5822351241202,0.0008363616100576335
48.6444,0.8909,0.8909,0.8908,0.8908666666666667,0.0006,0.0006,0.0006,0.0006,0.9438573873694448,0.0003178446278008082,1567.080303032627,0.0008342003099631389,0.9438573870390857,0.0003178446281843931,1567.0803049238282,0.0008342005045889182
48.6635,0.891,0.891,0.8909,0.8909666666666668,0.0006,0.0006,0.0006,0.0006,0.9439103599815691,0.00031782679025384484,1567.6076303057273,0.000832581524484013,0.9439103596512656,0.0003178267906083791,1567.607632054386,0.0008325817190476606
48.6825,0.8911,0.8911,0.891,0.8910666666666667,0.0006,0.0006,0.0006,0.0006,0.9439633296210181,0.00031780895572309104,1568.131682258557,0.0008309644900155691,0.9439633292907703,0.00031780895604857146,1568.1316838645414,0.000830964684517105
48.7016,0.8912,0.8912,0.8911,0.8911666666666666,0.0006,0.0006,0.0006,0.0006,0.9440162962882924,0.00031779112412171556,1568.6589009415823,0.0008293492059988652,0.9440162959581002,0.00031779112450547786,1568.6589028358837,0.0008293494004383267
48.7207,0.8913,0.8913,0.8912,0.8912666666666667,0.0006,0.0006,0.0006,0.0006,0.9440692599838922,0.0003177732956248994,1569.186065915696,0.000827735671875224,0.9440692596537557,0.0003177732959213758,1569.1860673797166,0.0008277358662526151
48.7397,0.8914,0.8914,0.8913,0.8913666666666668,0.0006,0.0006,0.0006,0.0006,0.9441222207083177,0.0003177554700584674,1569.7099557401891,0.000826123887086122,0.9441222203782366,0.0003177554703841154,1569.7099573488886,0.0008261240814014878
48.7588,0.8915,0.8915,0.8914,0.8914666666666666,0.0006,0.0006,0.0006,0.0006,0.9441751784620687,0.00031773764751026655,1570.2370122434806,0.000824513851073304,0.9441751781320432,0.0003177376478359694,1570.2370138530807,0.0008245140453266575
48.7779,0.8916,0.8916,0.8915,0.8915666666666665,0.0005,0.0005,0.0005,0.0005,0.9442281169124231,0.0002647665278192198,1308.970034478889,0.00082289790590202,0.9442281165824532,0.0002647665281460115,1308.9700360945033,0.0008228981000933865
48.7969,0.8917,0.8917,0.8916,0.8916666666666666,0.0005,0.0005,0.0005,0.0005,0.9442810687290724,0.00026475168069559334,1309.4064745858432,0.0008212913665185617,0.9442810683991577,0.0002647516810224361,1309.406476202339,0.0008212915606479694
48.816,0.8918,0.8918,0.8917,0.8917666666666667,0.0005,0.0005,0.0005,0.0005,0.9443340175765453,0.0002647368360942503,1309.8455532190035,0.0008196865742377932,0.9443340172466863,0.0002647368363861942,1309.845554663462,0.0008196867683052571
48.8351,0.8919,0.8919,0.8919,0.8919,0.0005,0.0005,0.0005,0.0005,0.9444046114219874,0.00026471704713519514,1310.2601014745555,0.0008175495679486317,0.9444046114219874,0.00026471704713519514,1310.2601014745555,0.0008175495679486317
48.8541,0.892,0.892,0.892,0.892,0.0005,0.0005,0.0005,0.0005,0.9444575533433247,0.0002647022083509219,1310.6964015117771,0.0008159488500734022,0.9444575533433247,0.0002647022083509219,1310.6964015117771,0.0008159488500734022
48.8732,0.8921,0.8921,0.8921,0.8921,0.0005,0.0005,0.0005,0.0005,0.9445104922971501,0.0002646873719854771,1311.1353391081384,0.0008143498774435991,0.9445104922971502,0.0002646873719854771,1311.1353391081384,0.000814349877443599
48.8923,0.8922,0.8922,0.8922,0.8922,0.0005,0.0005,0.0005,0.0005,0.9445634282839626,0.00026467253814413497,1311.5742317699478,0.0008127526495025263,0.9445634282839626,0.00026467253814413497,1311.5742317699478,0.0008127526495025263
48.9114,0.8923,0.8923,0.8923,0.8923,0.0005,0.0005,0.0005,0.0005,0.9446163613042609,0.0002646577068273201,1312.013079513969,0.000811157165693686,0.9446163613042607,0.0002646577068273201,1312.013079513969,0.000811157165693686
48.9304,0.8924,0.8924,0.8924,0.8924,0.0005,0.0005,0.0005,0.0005,0.9446692913585436,0.00026464287803545683,1312.4492000792834,0.0008095634254607962,0.9446692913585436,0.00026464287803545683,1312.4492000792834,0.0008095634254607962
48.9495,0.8925,0.8925,0.8925,0.8925,0.0005,0.0005,0.0005,0.0005,0.9447222184473093,0.0002646280516640844,1312.8879576679383,0.000807971428247773,0.9447222184473093,0.0002646280516640844,1312.8879576679383,0.000807971428247773
48.9686,0.8926,0.8926,0.8926,0.8926,0.0005,0.0005,0.0005,0.0005,0.9447751425710565,0.0002646132278185008,1313.3266703886236,0.0008063811734987658,0.9447751425710565,0.0002646132278185008,1313.3266703886236,0.0008063811734987658
48.9876,0.8927,0.8927,0.8927,0.8927,0.0005,0.0005,0.0005,0.0005,0.9448280637302835,0.00026459840639423354,1313.7626559103455,0.0008047926606581188,0.9448280637302835,0.00026459840639423354,1313.7626559103455,0.0008047926606581188
49.0067,0.8928,0.8928,0.8928,0.8927999999999999,0.0005,0.0005,0.0005,0.0005,0.9448809819254882,0.00026458358760149533,1314.2012790953895,0.0008032058891704307,0.9448809819254883,0.00026458358760149533,1314.2012790953895,0.0008032058891704274
49.0258,0.8929,0.8929,0.8929,0.8929,0.0005,0.0005,0.0005,0.0005,0.9449338971571687,0.00026456877123091075,1314.639856941487,0.0008016208584804506,0.9449338971571687,0.00026456877123091075,1314.639856941487,0.0008016208584804506
49.0448,0.893,0.893,0.893,0.8930000000000001,0.0005,0.0005,0.0005,0.0005,0.9449868094258228,0.0002645539572828869,1315.0757080882986,0.0008000375680331722,0.9449868094258228,0.0002645539572828869,1315.0757080882986,0.0008000375680331722
49.0639,0.8931,0.8931,0.8931,0.8931,0.0005,0.0005,0.0005,0.0005,0.9450397187319481,0.0002645391458627511,1315.514195976654,0.0007984560172738188,0.9450397187319481,0.0002645391458627511,1315.514195976654,0.0007984560172738187
49.083,0.8932,0.8932,0.8932,0.8931999999999999,0.0005,0.0005,0.0005,0.0005,0.9450926250760423,0.00026452433697092813,1315.9526390967708,0.000796876205647807,0.9450926250760424,0.00026452433697092813,1315.9526390967708,0.0007968762056478038
49.102,0.8933,0.8933,0.8933,0.8933,0.0005,0.0005,0.0005,0.0005,0.9451455284586029,0.00026450953050291033,1316.3883560170807,0.0007952981326007472,0.9451455284586029,0.00026450953050291033,1316.3883560170807,0.0007952981326007472
49.1211,0.8934,0.8934,0.8934,0.8934000000000001,0.0005,0.0005,0.0005,0.0005,0.945198428880127,0.00026449472656404286,1316.826709278474,0.0007937217975785035,0.945198428880127,0.00026449472656404286,1316.826709278474,0.0007937217975785035
49.1402,0.8935,0.8935,0.8935,0.8935,0.0005,0.0005,0.0005,0.0005,0.9452513263411116,0.0002644799251547504,1317.265017821538,0.0007921472000271304,0.9452513263411116,0.0002644799251547504,1317.265017821538,0.0007921472000271304
49.1592,0.8936,0.8936,0.8936,0.8935999999999998,0.0005,0.0005,0.0005,0.0005,0.945304220842054,0.0002644651261705079,1317.7006006640781,0.0007905743393928789,0.9453042208420541,0.0002644651261705079,1317.7006006640781,0.0007905743393928757
49.1783,0.8937,0.8937,0.8937,0.8937,0.0005,0.0005,0.0005,0.0005,0.945357112383451,0.0002644503296117224,1318.1388189243517,0.0007890032151222258,0.945357112383451,0.0002644503296117224,1318.1388189243517,0.0007890032151222258
49.1974,0.8938,0.8938,0.8938,0.8938,0.0005,0.0005,0.0005,0.0005,0.9454100009657993,0.00026443553568872427,1318.5769930391505,0.0007874338266618911,0.9454100009657993,0.00026443553568872427,1318.5769930391505,0.0007874338266618911
49.2165,0.8939,0.8939,0.8939,0.8939,0.0005,0.0005,0.0005,0.0005,0.9454628865895953,0.000264420744192021,1319.015121978767,0.000785866173458754,0.9454628865895952,0.000264420744192021,1319.015121978767,0.000785866173458754
49.2355,0.894,0.894,0.894,0.894,0.0005,0.0005,0.0005,0.0005,0.9455157692553356,0.0002644059551220198,1319.4505258829624,0.0007843002549599237,0.9455157692553356,0.0002644059551220198,1319.4505258829624,0.0007843002549599237
49.2546,0.8941,0.8941,0.8941,0.8941,0.0005,0.0005,0.0005,0.0005,0.9455686489635166,0.00026439116858410707,1319.8885651945307,0.000782736070612742,0.9455686489635166,0.00026439116858410707,1319.8885651945307,0.0007827360706127419
49.2737,0.8942,0.8942,0.8942,0.8942,0.0005,0.0005,0.0005,0.0005,0.9456215257146342,0.0002643763844737226,1320.3265593797355,0.0007811736198647314,0.9456215257146342,0.0002643763844737226,1320.3265593797355,0.0007811736198647315
49.2927,0.8943,0.8943,0.8943,0.8943,0.0005,0.0005,0.0005,0.0005,0.9456743995091846,0.0002643616027912736,1320.7618290278804,0.0007796129021636391,0.9456743995091846,0.0002643616027912736,1320.7618290278804,0.0007796129021636391
49.3118,0.8944,0.8944,0.8944,0.8944,0.0005,0.0005,0.0005,0.0005,0.9457272703476638,0.00026434682374716113,1321.199734208099,0.0007780539169574534,0.9457272703476637,0.00026434682374716113,1321.199734208099,0.0007780539169574534
49.3309,0.8945,0.8945,0.8945,0.8945,0.0005,0.0005,0.0005,0.0005,0.9457801382305673,0.00026433204702681955,1321.6375937862645,0.0007764966636943056,0.9457801382305672,0.00026433204702681955,1321.6375937862645,0.0007764966636943056
49.3499,0.8946,0.8946,0.8946,0.8946,0.0005,0.0005,0.0005,0.0005,0.9458330031583909,0.0002643172729456643,1322.0727303760063,0.0007749411418226145,0.9458330031583909,0.0002643172729456643,1322.0727303760063,0.0007749411418226144
49.369,0.8947,0.8947,0.8947,0.8946999999999999,0.0005,0.0005,0.0005,0.0005,0.94588586513163,0.0002643025011890947,1322.510500523229,0.0007733873507909355,0.94588586513163,0.0002643025011890947,1322.510500523229,0.0007733873507909354
49.3881,0.8948,0.8948,0.8948,0.8948,0.0005,0.0005,0.0005,0.0005,0.94593872415078,0.0002642877319675411,1322.948226167518,0.0007718352900480966,0.9459387241507798,0.0002642877319675411,1322.948226167518,0.0007718352900480966
49.4071,0.8949,0.8949,0.8949,0.8949000000000001,0.0005,0.0005,0.0005,0.0005,0.9459915802163359,0.00026427296528142854,1323.3832287972762,0.0007702849590431164,0.945991580216336,0.00026427296528142854,1323.3832287972762,0.0007702849590431165
49.4262,0.895,0.895,0.895,0.895,0.0005,0.0005,0.0005,0.0005,0.9460444333287928,0.00026425820102614995,1323.8208651097286,0.0007687363572252057,0.9460444333287928,0.00026425820102614995,1323.8208651097286,0.0007687363572252056
49.4453,0.8951,0.8951,0.8951,0.8950999999999999,0.0005,0.0005,0.0005,0.0005,0.9460972834886457,0.00026424343920211294,1324.258456442921,0.0007671894840437996,0.9460972834886459,0.00026424343920211294,1324.258456442921,0.0007671894840437964
49.4643,0.8952,0.8952,0.8952,0.8952,0.0005,0.0005,0.0005,0.0005,0.9461501306963896,0.0002642286799147686,1324.6933252600504,0.000765644338948551,0.9461501306963896,0.0002642286799147686,1324.6933252600504,0.000765644338948551
49.4834,0.8953,0.8953,0.8953,0.8953000000000001,0.0005,0.0005,0.0005,0.0005,0.9462029749525189,0.0002642139230594925,1325.1308273598759,0.0007641009213893088,0.9462029749525188,0.0002642139230594925,1325.1308273598759,0.0007641009213893088
49.5025,0.8954,0.8954,0.8954,0.8954,0.0005,0.0005,0.0005,0.0005,0.9462558162575281,0.00026419916863669213,1325.5682845293788,0.0007625592308161402,0.9462558162575281,0.00026419916863669213,1325.5682845293788,0.0007625592308161403
49.5216,0.8955,0.8955,0.8955,0.8954999999999999,0.0005,0.0005,0.0005,0.0005,0.9463086546119115,0.00026418441685689784,1326.0056978393895,0.0007610192666793508,0.9463086546119115,0.0002641844167518365,1326.005697312061,0.0007610192666793362
49.5406,0.8956,0.8956,0.8956,0.8956,0.0005,0.0005,0.0005,0.0005,0.9463614900161635,0.00026416966740535063,1326.4403882433198,0.000759481028429379,0.9463614900161635,0.00026416966740535063,1326.4403882433198,0.000759481028429379
49.5597,0.8957,0.8957,0.8956,0.8956666666666667,0.0005,0.0005,0.0005,0.0005,0.9463967119802803,0.0002641598357663394,1326.9024018572868,0.0007584564948174785,0.9463967116525733,0.00026415983606012595,1326.902403333007,0.0007584566864877535
49.5788,0.8958,0.8958,0.8957,0.8957666666666667,0.0005,0.0005,0.0005,0.0005,0.9464495424687444,0.00026414509051130367,1327.3396862878178,0.0007569211318250183,0.9464495421410923,0.00026414509073508684,1327.339687412337,0.0007569213234342849
49.5978,0.8959,0.8959,0.8958,0.8958666666666667,0.0005,0.0005,0.0005,0.0005,0.9465023700083942,0.0002641303476906732,1327.7742487832063,0.000755387493255051,0.9465023696807969,0.0002641303478794714,1327.7742497322886,0.0007553876848033389
49.6169,0.896,0.896,0.8959,0.8959666666666667,0.0005,0.0005,0.0005,0.0005,0.9465551945997237,0.00026411560730485564,1328.2114436749475,0.0007538555785588295,0.9465551942721812,0.0002641156075287254,1328.2114448007667,0.0007538557700461735
49.636,0.8961,0.8961,0.896,0.8960666666666667,0.0005,0.0005,0.0005,0.0005,0.9466080162432261,0.00026410086935425863,1328.6485937468542,0.0007523253871878283,0.9466080159157385,0.0002641008695781698,1328.6485948733152,0.0007523255786142433
49.655,0.8962,0.8962,0.8961,0.8961666666666667,0.0005,0.0005,0.0005,0.0005,0.9466608349393952,0.00026408613394439043,1329.083022909242,0.0007507969185937266,0.9466608346119624,0.0002640861341683469,1329.0830240363618,0.0007507971099592396
49.6741,0.8963,0.8963,0.8962,0.8962666666666667,0.0005,0.0005,0.0005,0.0005,0.946713650688724,0.0002640714009705699,1329.5200840688053,0.0007492701722284047,0.946713650361346,0.0002640714011945678,1329.5200851965676,0.0007492703635330333
49.6932,0.8964,0.8964,0.8963,0.8963666666666666,0.0005,0.0005,0.0005,0.0005,0.946766463491706,0.00026405667043320497,1329.95710045757,0.0007477451475439474,0.9467664631643827,0.00026405667069228424,1329.957101762458,0.0007477453387877245
49.7122,0.8965,0.8965,0.8964,0.8964666666666666,0.0005,0.0005,0.0005,0.0005,0.946819273348834,0.00026404194233270326,1330.3913959048166,0.0007462218439926638,0.9468192730215655,0.00026404194266190596,1330.3913975635244,0.0007462220351756149
49.7313,0.8966,0.8966,0.8965,0.8965666666666666,0.0005,0.0005,0.0005,0.0005,0.9468720802606009,0.0002640272168797205,1330.8283240096052,0.0007447002610270938,0.9468720799333873,0.0002640272170688065,1330.8283249626927,0.0007447004521492134
49.7504,0.8966,0.8967,0.8966,0.8966333333333333,0.0005,0.0005,0.0005,0.0005,0.9469072832323772,0.00026401740106674445,1331.2899516300288,0.0007436868279940176,0.9469072829052122,0.00026401740139603947,1331.2899532904764,0.0007436870190621214
49.7694,0.8967,0.8968,0.8967,0.8967333333333333,0.0005,0.0005,0.0005,0.0005,0.946960085236304,0.0002640026796067254,1331.7241195658244,0.000742168111455169,0.9469600849091937,0.0002640026799360676,1331.7241212271447,0.0007421683024625061
49.7885,0.8968,0.8968,0.8968,0.8968000000000002,0.0005,0.0005,0.0005,0.0005,0.9469952849366431,0.00026399286666635517,1332.185676276365,0.0007411565888667662,0.946995284936643,0.00026399286666635517,1332.185676276365,0.0007411565888667692
49.8076,0.8969,0.8969,0.8969,0.8969,0.0005,0.0005,0.0005,0.0005,0.9470480820340978,0.00026397814930556834,1332.622436350971,0.0007396407372354085,0.9470480820340978,0.00026397814930556834,1332.622436350971,0.0007396407372354084
49.8267,0.897,0.897,0.897,0.8969999999999999,0.0005,0.0005,0.0005,0.0005,0.947100876188326,0.00026396343438383953,1333.0591517613375,0.0007381266038196986,0.9471008761883258,0.00026396343438383953,1333.0591517613375,0.0007381266038196986
49.8457,0.8971,0.8971,0.8971,0.8971,0.0005,0.0005,0.0005,0.0005,0.9471536673998194,0.0002639487220067319,1333.4931478128535,0.0007366141880732801,0.9471536673998194,0.0002639487220067319,1333.4931478128535,0.0007366141880732801
49.8648,0.8972,0.8972,0.8972,0.8972000000000001,0.0005,0.0005,0.0005,0.0005,0.9472064556690705,0.00026393401196434885,1333.9297740927502,0.0007351034894499537,0.9472064556690704,0.00026393401196434885,1333.9297740927502,0.0007351034894499568
49.8839,0.8973,0.8973,0.8973,0.8973,0.0005,0.0005,0.0005,0.0005,0.9472592409965708,0.00026391930446741465,1334.3663562887914,0.0007335945074037962,0.9472592409965707,0.00026391930446741465,1334.3663562887914,0.0007335945074037962
49.9029,0.8974,0.8974,0.8973,0.8973666666666666,0.0005,0.0005,0.0005,0.0005,0.9472944295808412,0.0002639095008370643,1334.825009960028,0.0007325894727574863,0.9472944292540649,0.0002639095010965929,1334.8250112726948,0.0007325896633939619
49.922,0.8975,0.8975,0.8974,0.8974666666666667,0.0005,0.0005,0.0005,0.0005,0.9473472100065164,0.00026389479733807564,1335.2615081399124,0.0007310833504605662,0.9473472096797949,0.00026389479766776667,1335.2615098080914,0.0007310835410364475
49.9411,0.8976,0.8976,0.8975,0.8975666666666666,0.0005,0.0005,0.0005,0.0005,0.947399987491752,0.0002638800963856433,1335.6979622816389,0.0007295789432859453,0.9473999871650851,0.00026388009668032214,1335.6979637732327,0.0007295791338012415
49.9601,0.8977,0.8977,0.8976,0.8976666666666667,0.0005,0.0005,0.0005,0.0005,0.9474527620370394,0.00026386539787500465,1336.1316974719462,0.0007280762506884117,0.947452761710427,0.0002638653981346673,1336.1316987867965,0.0007280764411431462
49.9792,0.8978,0.8978,0.8977,0.8977666666666667,0.0005,0.0005,0.0005,0.0005,0.9475055336428698,0.00026385070180656766,1336.5680626711621,0.0007265752721229812,0.947505533316312,0.00026385070210134103,1336.568064164373,0.0007265754625171867
49.9983,0.8979,0.8979,0.8978,0.8978666666666667,0.0005,0.0005,0.0005,0.0005,0.9475583023097344,0.00026383600818074047,1337.0043833489976,0.0007250760070448742,0.9475583019832311,0.0002638360084755592,1337.004384843009,0.0007250761973785704
50.0173,0.8979,0.898,0.8979,0.8979333333333334,0.0005,0.0005,0.0005,0.0005,0.947593479788461,0.00026382621376401733,1337.462809648995,0.0007240774486612711,0.9475934794620063,0.0002638262140939466,1337.462811321566,0.0007240776389412035
50.0364,0.898,0.8981,0.898,0.8980333333333334,0.0005,0.0005,0.0005,0.0005,0.9476462435581401,0.0002638115242451821,1337.8990470083038,0.0007225810381853195,0.9476462432317397,0.0002638115245751587,1337.8990486817536,0.0007225812284047875
50.0555,0.8981,0.8981,0.8981,0.8981,0.0005,0.0005,0.0005,0.0005,0.9476814177725308,0.0002638017326019028,1338.3600761593652,0.0007215843823658298,0.9476814177725309,0.0002638017326019028,1338.3600761593652,0.0007215843823658298
50.0746,0.8982,0.8982,0.8982,0.8982,0.0005,0.0005,0.0005,0.0005,0.9477341766463877,0.000263787047191205,1338.7962301021564,0.0007200908249802964,0.9477341766463877,0.000263787047191205,1338.7962301021564,0.0007200908249802964
50.0936,0.8983,0.8983,0.8983,0.8983,0.0005,0.0005,0.0005,0.0005,0.9477869325834051,0.0002637723642248936,1339.2296661428447,0.0007185989787237859,0.9477869325834051,0.0002637723642248936,1339.2296661428447,0.0007185989787237859
50.1127,0.8984,0.8984,0.8984,0.8984,0.0005,0.0005,0.0005,0.0005,0.9478396855840737,0.00026375768370337667,1339.6657313557428,0.0007171088430526136,0.9478396855840737,0.00026375768370337667,1339.6657313557428,0.0007171088430526136
50.1318,0.8985,0.8985,0.8985,0.8985,0.0005,0.0005,0.0005,0.0005,0.9478924356488836,0.00026374300562706255,1340.10175215368,0.0007156204174233233,0.9478924356488836,0.00026374300562706255,1340.10175215368,0.0007156204174233232
50.1508,0.8986,0.8986,0.8985,0.8985666666666666,0.0005,0.0005,0.0005,0.0005,0.9479276007279663,0.0002637332216482746,1340.5599198846414,0.0007146290834254502,0.9479276004018445,0.00026373322187326053,1340.5599210282483,0.0007146292733362097
50.1699,0.8987,0.8987,0.8986,0.8986666666666667,0.0005,0.0005,0.0005,0.0005,0.9479803459007677,0.00026371854768329067,1340.9958575520375,0.0007131435066588196,0.9479803455747002,0.0002637185478732371,1340.9958585179056,0.0007131436965092508
50.189,0.8988,0.8988,0.8987,0.8987666666666666,0.0005,0.0005,0.0005,0.0005,0.9480330881390169,0.00026370387616460225,1341.4317508495926,0.000711659638485848,0.948033087813004,0.00026370387638967503,1341.4317519945123,0.0007116598282759752
50.208,0.8989,0.8989,0.8988,0.8988666666666667,0.0005,0.0005,0.0005,0.0005,0.9480858274432039,0.00026368920698735895,1341.8649266461605,0.0007101774783638034,0.9480858271172453,0.0002636892073177319,1341.8649283273664,0.0007101776680936653
50.2271,0.8989,0.899,0.8989,0.8989333333333334,0.0005,0.0005,0.0005,0.0005,0.9481209853495357,0.0002636794289070343,1342.325617751434,0.0007091903202650613,0.9481209850236256,0.00026367942927253723,1342.3256196121174,0.0007091905099413628
50.2462,0.899,0.8991,0.899,0.8990333333333332,0.0005,0.0005,0.0005,0.0005,0.9481737197647069,0.0002636647639488772,1342.7613836728215,0.000707711005689163,0.9481737194388512,0.00026366476424425175,1342.761385177071,0.0007077111953052184
50.2652,0.8991,0.8991,0.8991,0.8991000000000001,0.0005,0.0005,0.0005,0.0005,0.9482088744121483,0.0002636549886465738,1343.2193314892202,0.0007067257441190903,0.9482088744121482,0.0002636549886465738,1343.2193314892202,0.0007067257441190933
50.2843,0.8992,0.8992,0.8992,0.8992,0.0005,0.0005,0.0005,0.0005,0.948261603939663,0.000263640327698118,1343.6550139026297,0.0007052492735833247,0.9482616039396629,0.000263640327698118,1343.6550139026297,0.0007052492735833247
50.3034,0.8993,0.8993,0.8993,0.8992999999999999,0.0005,0.0005,0.0005,0.0005,0.9483143305352363,0.0002636256691981318,1344.090652036044,0.000703774508749161,0.9483143305352363,0.0002636256691981318,1344.090652036044,0.0007037745087491611
50.3224,0.8994,0.8994,0.8994,0.8994,0.0005,0.0005,0.0005,0.0005,0.9483670541993571,0.0002636110131470236,1344.5235740865085,0.0007023014490750001,0.9483670541993571,0.0002636110131470236,1344.5235740865085,0.0007023014490750001
50.3415,0.8995,0.8995,0.8994,0.8994666666666666,0.0005,0.0005,0.0005,0.0005,0.9484022016804275,0.0002636012438537716,1344.9840452765616,0.000701320356335982,0.9484022013547951,0.0002636012440791425,1344.984046426481,0.0007013205457046303
50.3606,0.8996,0.8996,0.8995,0.8995666666666665,0.0005,0.0005,0.0005,0.0005,0.9484549204598803,0.00026358659181483743,1345.4195557452065,0.0006998501373921481,0.9484549201343023,0.0002635865921104509,1345.4195572541003,0.0006998503267006856
50.3797,0.8997,0.8997,0.8996,0.8996666666666666,0.0005,0.0005,0.0005,0.0005,0.948507636309184,0.0002635719423311684,1345.8550225326082,0.000698381622165061,0.9485076359836602,0.0002635719425917267,1345.8550238630748,0.0006983818114134965
50.3987,0.8998,0.8998,0.8997,0.8997666666666667,0.0005,0.0005,0.0005,0.0005,0.9485603492288271,0.00026355729529787907,1346.2877738430327,0.0006969148101138549,0.9485603489033575,0.0002635572955233784,1346.2877749949153,0.0006969149993022132
50.4178,0.8998,0.8999,0.8998,0.8998333333333334,0.0005,0.0005,0.0005,0.0005,0.9485954895479078,0.00026354753191203497,1346.7480956800189,0.0006959378813548752,0.9485954892224865,0.00026354753213757157,1346.748096832528,0.0006959380704898548
50.4369,0.8999,0.8999,0.8999,0.8999,0.0005,0.0005,0.0005,0.0005,0.9486306285652788,0.00026353776953363196,1347.2083848657035,0.0006949617091625167,0.9486306285652789,0.00026353776953363196,1347.2083848657035,0.0006949617091625166
50.4559,0.9,0.9,0.9,0.9,0.0005,0.0005,0.0005,0.0005,0.9486833346509461,0.0002635231281843651,1347.6410145200844,0.0006934988690862271,0.9486833346509461,0.0002635231281843651,1347.6410145200844,0.000693498869086227
50.475,0.9001,0.9001,0.9001,0.9001,0.0005,0.0005,0.0005,0.0005,0.9487360378085803,0.000263508489286836,1348.076271106558,0.0006920377303844777,0.9487360378085802,0.000263508489286836,1348.076271106558,0.0006920377303844777
50.4941,0.9002,0.9002,0.9002,0.9002,0.0005,0.0005,0.0005,0.0005,0.9487887380386691,0.00026349385273611675,1348.511483025461,0.0006905782925172994,0.9487887380386691,0.00026349385273611675,1348.511483025461,0.0006905782925172994
50.5131,0.9003,0.9003,0.9002,0.9002666666666667,0.0005,0.0005,0.0005,0.0005,0.948823869899222,0.00026348409637472713,1348.9689530717953,0.0006896062785807257,0.9488238695740234,0.00026348409667066624,1348.9689545869253,0.0006896064674690672
50.5322,0.9004,0.9004,0.9003,0.9003666666666666,0.0005,0.0005,0.0005,0.0005,0.9488765652511527,0.0002634694639469215,1349.4040823646633,0.0006881496742385102,0.9488765649260084,0.0002634694642077918,1349.404083700755,0.0006881498630669111
50.5513,0.9005,0.9005,0.9004,0.9004666666666666,0.0005,0.0005,0.0005,0.0005,0.9489292576768387,0.00026345483397234435,1349.8391675738624,0.0006866947692919981,0.9489292573517485,0.000263454834198142,1349.839168730761,0.0006866949580604785
50.5703,0.9005,0.9006,0.9005,0.9005333333333333,0.0005,0.0005,0.0005,0.0005,0.9489643843351786,0.00026344508196053494,1350.2965282118632,0.0006857257765034201,0.9489643840101364,0.00026344508222148993,1350.2965295493966,0.0006857259652186688
50.5894,0.9006,0.9007,0.9006,0.9006333333333333,0.0005,0.0005,0.0005,0.0005,0.9490170718848732,0.0002634304560053356,1350.731530334598,0.0006842737026849353,0.9490170715598852,0.00026343045630145603,1350.7315318529463,0.0006842738913403176
50.6085,0.9007,0.9007,0.9007,0.9007,0.0005,0.0005,0.0005,0.0005,0.9490521952930032,0.000263420706778846,1351.1914905459746,0.0006833065968160291,0.9490521952930032,0.000263420706778846,1351.1914905459746,0.0006833065968160291
50.6275,0.9008,0.9008,0.9008,0.9007999999999999,0.0005,0.0005,0.0005,0.0005,0.9491048779680596,0.0002634060848441462,1351.6237397418015,0.0006818573526287342,0.9491048779680598,0.0002634060848441462,1351.6237397418015,0.0006818573526287311
50.6466,0.9009,0.9009,0.9009,0.9009,0.0005,0.0005,0.0005,0.0005,0.9491575577189827,0.00026339146536443056,1352.0586148177106,0.0006804098055020662,0.9491575577189827,0.00026339146536443056,1352.0586148177106,0.0006804098055020663
50.6657,0.901,0.901,0.9009,0.9009666666666667,0.0005,0.0005,0.0005,0.0005,0.9491926759286533,0.00026338172049066553,1352.518465379291,0.0006794457166299135,0.9491926756038337,0.0002633817206815488,1352.5184663595153,0.0006794459050991613
50.6848,0.9011,0.9011,0.901,0.9010666666666666,0.0005,0.0005,0.0005,0.0005,0.9492453508071023,0.00026336710503324493,1352.9532573490726,0.0006780009967414638,0.9492453504823368,0.0002633671052944273,1352.9532586908026,0.0006780011851509408
50.7038,0.9012,0.9012,0.9011,0.9011666666666667,0.0005,0.0005,0.0005,0.0005,0.9492980227627158,0.0002633524920318909,1353.3853361543931,0.0006765579724785856,0.9492980224380044,0.00026335249236338016,1353.3853378579379,0.0006765581608283183
50.7229,0.9012,0.9013,0.9012,0.9012333333333333,0.0005,0.0005,0.0005,0.0005,0.9493331357762342,0.0002633427514073823,1353.8450766182243,0.0006755968980519685,0.9493331354515709,0.00026334275173891283,1353.8450783226228,0.0006755970863486049
50.742,0.9013,0.9013,0.9013,0.9013,0.0005,0.0005,0.0005,0.0005,0.9493682474910751,0.00026333301189818505,1354.3047851048034,0.0006746365768384167,0.9493682474910751,0.00026333301189818505,1354.3047851048034,0.0006746365768384167
50.761,0.9014,0.9014,0.9014,0.9014000000000001,0.0005,0.0005,0.0005,0.0005,0.9494209126286308,0.0002633184045941101,1354.736742848761,0.0006731975069442268,0.9494209126286308,0.0002633184045941101,1354.736742848761,0.0006731975069442269
50.7801,0.9015,0.9015,0.9015,0.9015,0.0005,0.0005,0.0005,0.0005,0.9494735748449722,0.00026330379974746074,1355.1713256864018,0.0006717601308838361,0.9494735748449722,0.00026330379974746074,1355.1713256864018,0.000671760130883836
50.7992,0.9016,0.9016,0.9015,0.9015666666666666,0.0004,0.0005,0.0005,0.00046666666666666666,0.9495086766614451,0.0002457411280981458,1265.2555356362698,0.0006708005997904464,0.949508676661682,0.00024574145264297703,1265.257206631058,0.0006708009411512551
50.8182,0.9017,0.9017,0.9016,0.9016666666666667,0.0004,0.0004,0.0004,0.0004,0.9495613255756348,0.00021062357380315994,1084.85021928539,0.0006693620634696688,0.9495613252511932,0.00021062357412652625,1084.8502209509395,0.0006693622515209714
50.8373,0.9018,0.9018,0.9017,0.9017666666666667,0.0004,0.0004,0.0004,0.0004,0.9496139800066326,0.00021061189517185847,1085.197784546817,0.0006679292022848284,0.9496139796822449,0.00021061189540741028,1085.19778576052,0.000667929390276502
50.8564,0.9018,0.9019,0.9018,0.9018333333333334,0.0004,0.0004,0.0004,0.0004,0.9496490813386936,0.00021060411046363428,1085.5653759380175,0.0006669749014532782,0.949649081014354,0.00021060411069921927,1085.5653771523475,0.0006669750893919754
50.8754,0.9019,0.9019,0.9019,0.9019,0.0004,0.0004,0.0004,0.0004,0.9496841813733726,0.0002105963266538042,1085.930807330395,0.0006660213524029896,0.9496841813733726,0.0002105963266538042,1085.930807330395,0.0006660213524029896
50.8945,0.902,0.902,0.902,0.902,0.0004,0.0004,0.0004,0.0004,0.9497368289931142,0.00021058465244253757,1086.2782749383944,0.000664592438069855,0.9497368289931142,0.00021058465244253757,1086.2782749383944,0.000664592438069855
50.9136,0.9021,0.9021,0.9021,0.9021,0.0004,0.0004,0.0004,0.0004,0.9497894736945551,0.0002105729802202455,1086.6257076105715,0.0006631652143509988,0.9497894736945551,0.0002105729802202455,1086.6257076105715,0.0006631652143509987
50.9326,0.9022,0.9022,0.9021,0.9021666666666667,0.0004,0.0004,0.0004,0.0004,0.9498245685411438,0.0002105651997413442,1086.9910511228547,0.0006622146708372739,0.949824568216972,0.000210565199977043,1086.9910523395918,0.000662214858590696
50.9517,0.9023,0.9023,0.9022,0.9022666666666667,0.0004,0.0004,0.0004,0.0004,0.9498772083798285,0.0002105535307907985,1087.33841795941,0.0006607902636181683,0.9498772080557106,0.00021055353102653648,1087.3384191768057,0.000660790451312086
50.9708,0.9024,0.9024,0.9023,0.9023666666666667,0.0004,0.0004,0.0004,0.0004,0.9499298453015059,0.00021054186369827538,1087.6857492155277,0.0006593675455848076,0.9499298449774419,0.00021054186393404766,1087.685750433557,0.0006593677332192402
50.9899,0.9024,0.9025,0.9024,0.9024333333333333,0.0004,0.0004,0.0004,0.0004,0.9499649349623043,0.0002105340866836288,1088.053139461914,0.000658420005068057,0.9499649346382881,0.00021053408696338066,1088.053140907689,0.0006584201926496405
51.0089,0.9025,0.9025,0.9025,0.9025,0.0004,0.0004,0.0004,0.0004,0.9500000233270142,0.00021052631070008282,1088.4183711471571,0.0006574732149040577,0.9500000233270142,0.00021052631070008282,1088.4183711471571,0.0006574732149040577
51.028,0.9026,0.9026,0.9026,0.9026,0.0004,0.0004,0.0004,0.0004,0.9500526534442273,0.00021051464816390376,1088.765605633913,0.0006560544362226509,0.9500526534442274,0.00021051464816390373,1088.765605633913,0.0006560544362226509
51.0471,0.9027,0.9027,0.9027,0.9027,0.0004,0.0004,0.0004,0.0004,0.950105280646049,0.00021050298748680137,1089.112804584889,0.000654637344943363,0.9501052806460489,0.0002105029874868014,1089.112804584889,0.000654637344943363
51.0661,0.9028,0.9028,0.9027,0.9027666666666666,0.0004,0.0004,0.0004,0.0004,0.950140363827841,0.00021049521483759595,1089.4779485579268,0.0006536935546054381,0.9501403635039924,0.0002104952150295641,1089.477949551513,0.0006536937420021589
51.0852,0.9029,0.9029,0.9028,0.9028666666666667,0.0004,0.0004,0.0004,0.0004,0.9501929861717537,0.0002104835574354679,1089.8250818163542,0.0006522792744750247,0.9501929858479589,0.00021048355767142645,1089.825083038082,0.0006522794618123821
51.1043,0.9029,0.903,0.9029,0.9029333333333334,0.0004,0.0004,0.0004,0.0004,0.950228066115388,0.00021047578696988513,1090.1923029368797,0.000651337357741537,0.950228065791641,0.00021047578716191842,1090.1923039315461,0.0006513375450261359
51.1233,0.903,0.903,0.903,0.903,0.0004,0.0004,0.0004,0.0004,0.9502631447640102,0.0002104680172724213,1090.5573647617405,0.000650396190172818,0.9502631447640102,0.00021046801727242132,1090.5573647617405,0.000650396190172818
51.1424,0.9031,0.9031,0.9031,0.9030999999999999,0.0004,0.0004,0.0004,0.0004,0.9503157603091097,0.00021045636443040022,1090.9044014229282,0.0006489858431576017,0.9503157603091098,0.00021045636456228304,1090.9044021065454,0.0006489858431576133
51.1615,0.9032,0.9032,0.9032,0.9032,0.0004,0.0004,0.0004,0.0004,0.9503683729412388,0.00021044471358093475,1091.2514032995737,0.0006475771808733085,0.9503683729412388,0.00021044471358093475,1091.2514032995737,0.0006475771808733085
51.1805,0.9033,0.9033,0.9032,0.9032666666666667,0.0004,0.0004,0.0004,0.0004,0.9504034464112467,0.00021043694735251153,1091.6163782357742,0.0006466390083818637,0.9504034460876669,0.00021043694758861718,1091.6163794605438,0.0006466391954819662
51.1996,0.9034,0.9034,0.9033,0.9033666666666665,0.0004,0.0004,0.0004,0.0004,0.9504560541894997,0.0002104252996488321,1091.9633138568508,0.0006452331527966808,0.9504560538659738,0.00021042529992894277,1091.9633153104337,0.0006452333398375283
51.2187,0.9034,0.9035,0.9034,0.9034333333333334,0.0004,0.0004,0.0004,0.0004,0.9504911244240384,0.00021041753560582387,1092.3303654405938,0.0006442968509441029,0.9504911241005599,0.00021041753588596775,1092.330366894891,0.0006442970379323009
51.2377,0.9035,0.9035,0.9035,0.9034999999999999,0.0004,0.0004,0.0004,0.0004,0.9505261933646396,0.0002104097724635334,1092.6952590413937,0.0006433612970706126,0.9505261933646395,0.0002104097724635334,1092.6952590413937,0.0006433612970706126
51.2568,0.9036,0.9036,0.9036,0.9036,0.0004,0.0004,0.0004,0.0004,0.9505787943497229,0.00021039812919181286,1093.0420975524862,0.0006419593683756709,0.9505787943497229,0.00021039812919181286,1093.0420975524862,0.0006419593683756709
51.2759,0.9037,0.9037,0.9037,0.9037000000000001,0.0004,0.0004,0.0004,0.0004,0.9506313924242532,0.00021038648804618565,1093.3889020331962,0.0006405591217455267,0.9506313924242531,0.00021038648791425906,1093.3889013475673,0.000640559121745515
51.295,0.9038,0.9038,0.9037,0.9037666666666667,0.0004,0.0004,0.0004,0.0004,0.9506664561905379,0.00021037872824388568,1093.7558404878616,0.0006396265582094887,0.9506664558672266,0.00021037872839222173,1093.7558412590586,0.000639626745013517
51.314,0.9039,0.9039,0.9038,0.9038666666666667,0.0004,0.0004,0.0004,0.0004,0.9507190494152199,0.00021036709024670324,1094.100446546517,0.0006382291138371273,0.9507190490919623,0.00021036709035109083,1094.1004470894277,0.0006382293005820055
51.3331,0.9039,0.904,0.9039,0.9039333333333334,0.0004,0.0004,0.0004,0.0004,0.9507541099487197,0.00021035933249966744,1094.4673281773914,0.0006372984179799969,0.9507541096255098,0.00021035933273602704,1094.4673294071338,0.0006372986046723345
51.3522,0.904,0.904,0.904,0.904,0.0004,0.0004,0.0004,0.0004,0.9507891691893559,0.00021035157578601168,1094.8341851507553,0.0006363684689185048,0.9507891691893559,0.00021035157578601168,1094.8341851507553,0.0006363684689185048
51.3712,0.9041,0.9041,0.9041,0.9041,0.0004,0.0004,0.0004,0.0004,0.9508417556265034,0.0002103399422245093,1095.17869454509,0.000634974945223256,0.9508417556265035,0.0002103399422245093,1095.17869454509,0.000634974945223256
51.3903,0.9042,0.9042,0.9041,0.9041666666666667,0.0004,0.0004,0.0004,0.0004,0.9508768116356061,0.00021033218769890596,1095.545495424718,0.0006340468624612989,0.9508768113125093,0.00021033218784736972,1095.5454961980129,0.0006340470490288826
51.4094,0.9043,0.9043,0.9042,0.9042666666666667,0.0004,0.0004,0.0004,0.0004,0.9509293932261236,0.00021032055741992386,1095.8920713580956,0.0006326561374768465,0.9509293929030805,0.00021032055761240968,1095.8920723610581,0.0006326563239853778
51.4284,0.9043,0.9044,0.9043,0.9043333333333333,0.0004,0.0004,0.0004,0.0004,0.9509644460045861,0.00021031280495100523,1096.2566837908237,0.0006317299200298836,0.9509644456815906,0.00021031280518751198,1096.2566850236162,0.0006317301064859455
51.4475,0.9044,0.9044,0.9044,0.9044,0.0004,0.0004,0.0004,0.0004,0.9509994974910425,0.00021030505338410677,1096.6234026073892,0.000630804448433399,0.9509994974910425,0.00021030505338410677,1096.6234026073892,0.000630804448433399
51.4666,0.9045,0.9045,0.9045,0.9045,0.0004,0.0004,0.0004,0.0004,0.9510520722985286,0.0002102934275437858,1096.9698817395515,0.0006294176391640204,0.9510520722985286,0.0002102934275437858,1096.9698817395515,0.0006294176391640204
51.4856,0.9046,0.9046,0.9046,0.9046,0.0004,0.0004,0.0004,0.0004,0.9511046441998047,0.00021028180370055323,1097.314194977731,0.0006280325071730947,0.9511046441998047,0.00021028180370055323,1097.314194977731,0.0006280325071730947
51.5047,0.9047,0.9047,0.9046,0.9046666666666666,0.0004,0.0004,0.0004,0.0004,0.9511396905196655,0.0002102740554787242,1097.680826302286,0.0006271100174050276,0.9511396901968365,0.00021027405571534487,1097.6808275375026,0.0006271102036775656
51.5238,0.9048,0.9048,0.9047,0.9047666666666667,0.0004,0.0004,0.0004,0.0004,0.9511922575783289,0.0002102624347886967,1098.027204921547,0.0006257276796986987,0.9511922572555536,0.00021026243498135192,1098.027205927626,0.0006257278659122863
51.5428,0.9048,0.9049,0.9048,0.9048333333333334,0.0004,0.0004,0.0004,0.0004,0.9512273006702275,0.00021025468875729701,1098.391649165953,0.0006248070522957747,0.9512273003474997,0.00021025468890598073,1098.3916499426916,0.000624807238456983
51.5619,0.9049,0.9049,0.9049,0.9049,0.0004,0.0004,0.0004,0.0004,0.9512623424711909,0.00021024694349662719,1098.7581985543522,0.0006238871695638913,0.9512623424711909,0.00021024694349662719,1098.7581985543522,0.0006238871695638913
51.581,0.905,0.905,0.905,0.9049999999999999,0.0004,0.0004,0.0004,0.0004,0.9513149027524445,0.000210235327380981,1099.1044812322302,0.0006225087413806834,0.9513149027524445,0.000210235327380981,1099.1044812322302,0.0006225087413806834
51.6001,0.9051,0.9051,0.905,0.9050666666666668,0.0004,0.0004,0.0004,0.0004,0.9513499413266939,0.0002102275843115734,1099.4709746118776,0.0006215907196392544,0.951349941004079,0.0002102275845483413,1099.470975850152,0.0006215909056761526
51.6191,0.9052,0.9052,0.9051,0.9051666666666667,0.0004,0.0004,0.0004,0.0004,0.951402496768545,0.00021021597135125307,1099.8150607104799,0.0006202150822057241,0.9514024964459834,0.00021021597154404577,1099.8150617191393,0.0006202152681837636
51.6382,0.9052,0.9053,0.9052,0.9052333333333333,0.0004,0.0004,0.0004,0.0004,0.9514375321169717,0.00021020823047370818,1100.1814981902935,0.0006192989204735757,0.9514375317944577,0.0002102082306225197,1100.1814989691386,0.000619299106399314
51.6573,0.9053,0.9053,0.9053,0.9053,0.0004,0.0004,0.0004,0.0004,0.9514725661753186,0.00021020049036744322,1100.5479097375883,0.000618383502470538,0.9514725661753186,0.0002102004903674432,1100.5479097375883,0.000618383502470538
51.6763,0.9054,0.9054,0.9054,0.9053999999999999,0.0004,0.0004,0.0004,0.0004,0.9515251148442515,0.00021018888198450863,1100.89190030907,0.0006170117696149951,0.9515251148442516,0.0002101888819845086,1100.89190030907,0.0006170117696149923
51.6954,0.9055,0.9055,0.9054,0.9054666666666668,0.0004,0.0004,0.0004,0.0004,0.9515601456780228,0.00021018114407093944,1101.2582559996433,0.0006160982102486241,0.9515601453556216,0.00021018114421981595,1101.258256779692,0.0006160983960502263
51.7145,0.9056,0.9056,0.9055,0.9055666666666666,0.0004,0.0004,0.0004,0.0004,0.9516126895107597,0.0002101695387133892,1101.6043105109618,0.000614729264613184,0.951612689188412,0.0002101695389943629,1101.6043119836866,0.0006147294503560334
51.7335,0.9056,0.9057,0.9056,0.9056333333333333,0.0004,0.0004,0.0004,0.0004,0.9516477171208455,0.00021016180299311153,1101.9684802097195,0.0006138175629037923,0.9516477167985452,0.00021016180323009436,1101.9684814523218,0.0006138177485944218
51.7526,0.9057,0.9057,0.9057,0.9057,0.0004,0.0004,0.0004,0.0004,0.9516827434417061,0.000210154068044664,1102.3347541715161,0.0006129066039830085,0.951682743441706,0.000210154068044664,1102.3347541715161,0.0006129066039830085
51.7717,0.9058,0.9058,0.9058,0.9058,0.0004,0.0004,0.0004,0.0004,0.9517352805060116,0.0002101424672674803,1102.680713019769,0.0006115415579879053,0.9517352805060116,0.0002101424672674803,1102.680713019769,0.0006115415579879053
51.7907,0.9059,0.9059,0.9058,0.9058666666666667,0.0004,0.0004,0.0004,0.0004,0.9517703036044324,0.0002101347345131575,1103.0448013072782,0.0006106324553535694,0.9517703032822448,0.0002101347346621619,1103.0448020894357,0.0006106326409202441
51.8098,0.906,0.906,0.9059,0.9059666666666667,0.0004,0.0004,0.0004,0.0004,0.9518228358357449,0.0002101231368955232,1103.3906945218869,0.0006092701930543639,0.9518228355136106,0.000210123137088591,1103.3906955357172,0.0006092703785623664
51.8289,0.906,0.9061,0.906,0.9060333333333334,0.0004,0.0004,0.0004,0.0004,0.9518578557126149,0.00021011540620382915,1103.7568561750497,0.0006083629457282543,0.951857855390528,0.00021011540644095923,1103.7568574207173,0.0006083631311841234
51.8479,0.9061,0.9061,0.9061,0.9061,0.0004,0.0004,0.0004,0.0004,0.9518928743011136,0.00021010767641660744,1104.1208631117172,0.0006074564402516843,0.9518928743011136,0.00021010767641660744,1104.1208631117172,0.0006074564402516843
51.867,0.9062,0.9062,0.9062,0.9062,0.0004,0.0004,0.0004,0.0004,0.9519453997684763,0.00021009608325022917,1104.4666601083557,0.0006060980726626336,0.9519453997684763,0.00021009608325022917,1104.4666601083557,0.0006060980726626336
51.8861,0.9063,0.9063,0.9062,0.9062666666666667,0.0004,0.0004,0.0004,0.0004,0.9519804151366685,0.00021008835565856156,1104.832740873248,0.0006051934211258462,0.9519804148146941,0.0002100883558076938,1104.8327416575191,0.0006051936064579473
51.9052,0.9063,0.9064,0.9063,0.9063333333333333,0.0004,0.0004,0.0004,0.0004,0.952015429216987,0.00021008062883959218,1105.1987957839015,0.0006042895108914411,0.9520154288950599,0.00021008062903279403,1105.1987968003039,0.000604289696171469
51.9242,0.9064,0.9064,0.9064,0.9064,0.0004,0.0004,0.0004,0.0004,0.9520504420095737,0.00021007290292552987,1105.5626963547813,0.0006033863418031988,0.9520504420095737,0.00021007290292552987,1105.5626963547813,0.0006033863418031988
51.9433,0.9065,0.9065,0.9065,0.9065,0.0004,0.0004,0.0004,0.0004,0.9521029587842673,0.00021006131550361018,1105.9083666230692,0.0006020329774781907,0.9521029587842674,0.00021006131550361018,1105.9083666230692,0.0006020329774781907
51.9624,0.9066,0.9066,0.9065,0.9065666666666666,0.0004,0.0004,0.0004,0.0004,0.952137968358146,0.00021005359165403967,1106.2743400300267,0.0006011316605720525,0.9521379680363316,0.0002100535918913575,1106.2743412798916,0.0006011318457284664
51.9814,0.9067,0.9067,0.9066,0.9066666666666666,0.0004,0.0004,0.0004,0.0004,0.9521904803054437,0.00021004200752749007,1106.6178165397891,0.0005997810737883914,0.9521904799836823,0.00021004200772079627,1106.6178175582336,0.0005997812588862827
52.0005,0.9067,0.9068,0.9067,0.9067333333333333,0.0004,0.0004,0.0004,0.0004,0.9522254866615021,0.00021003428574298806,1106.9837336263772,0.0005988816080887344,0.952225486339788,0.00021003428598037358,1106.9837348775154,0.0005988817931346277
52.0196,0.9068,0.9068,0.9068,0.9068,0.0004,0.0004,0.0004,0.0004,0.9522604917306808,0.00021002656486396302,1107.3496255902357,0.0005979828825986394,0.9522604917306808,0.00021002656486396302,1107.3496255902357,0.0005979828825986394
52.0386,0.9069,0.9069,0.9069,0.9068999999999999,0.0004,0.0004,0.0004,0.0004,0.9523129969218597,0.0002100149853260133,1107.6930070965952,0.0005966361819152919,0.9523129969218598,0.0002100149853260133,1107.6930070965952,0.0005966361819152891
52.0577,0.907,0.907,0.9069,0.9069666666666668,0.0004,0.0004,0.0004,0.0004,0.95234799877446,0.0002100072665128735,1108.058842782471,0.0005957393062668413,0.9523479984528582,0.000210007266794392,1108.0588442678436,0.0005957394911893098
52.0768,0.907,0.9071,0.907,0.9070333333333332,0.0004,0.0004,0.0004,0.0004,0.9523829993406768,0.00020999954873771533,1108.4246540617603,0.0005948431702822846,0.9523829990191226,0.00020999954888709744,1108.4246548502322,0.000594843355152794
52.0958,0.9071,0.9071,0.9071,0.9071000000000001,0.0004,0.0004,0.0004,0.0004,0.9524179986206527,0.00020999183160412964,1108.7883104832765,0.0005939477738057386,0.9524179986206526,0.00020999183160412964,1108.7883104832765,0.0005939477738057415
52.1149,0.9072,0.9072,0.9072,0.9072,0.0004,0.0004,0.0004,0.0004,0.9524704951292238,0.0002099802576851497,1109.1336935977774,0.0005926060653277604,0.9524704951292238,0.0002099802576851497,1109.1336935977774,0.0005926060653277604
52.134,0.9073,0.9073,0.9072,0.9072666666666667,0.0004,0.0004,0.0004,0.0004,0.9525054911942163,0.0002099725428828527,1109.4994235563875,0.0005917125169398765,0.9525054908727743,0.00020997254298823933,1109.4994241132526,0.0005917127016870928
52.153,0.9074,0.9074,0.9073,0.9073666666666668,0.0004,0.0004,0.0004,0.0004,0.9525579828809775,0.00020996097199861178,1109.8426125092599,0.0005903735798649388,0.9525579825595883,0.00020996097228028743,1109.8426139981823,0.0005903737645538099
52.1721,0.9074,0.9075,0.9074,0.9074333333333332,0.0004,0.0004,0.0004,0.0004,0.9525929757318727,0.00020995325926383127,1110.2082862744487,0.0005894818785926435,0.952592975410531,0.00020995325954554023,1110.208287764093,0.0005894820632296479
52.1912,0.9075,0.9075,0.9075,0.9075000000000001,0.0004,0.0004,0.0004,0.0004,0.9526279672973773,0.0002099455473033388,1110.5739342737295,0.0005885909158942558,0.9526279672973773,0.00020994554743554252,1110.5739349730632,0.0005885909158942731
52.2103,0.9076,0.9076,0.9076,0.9076,0.0004,0.0004,0.0004,0.0004,0.9526804522358358,0.0002099339811451043,1110.9191569447707,0.0005872558563325526,0.9526804522358358,0.0002099339811451043,1110.9191569447707,0.0005872558563325526
52.2293,0.9077,0.9077,0.9076,0.9076666666666666,0.0004,0.0004,0.0004,0.0004,0.9527154405884823,0.00020992627125293326,1111.2826210147325,0.0005863667393885294,0.9527154402672525,0.0002099262714465788,1111.28262203983,0.000586366923902422
52.2484,0.9077,0.9078,0.9077,0.9077333333333334,0.0004,0.0004,0.0004,0.0004,0.9527504276562336,0.0002099185622675793,1111.6481878138727,0.0005854783604741839,0.952750427335051,0.00020991856246125817,1111.6481888395217,0.0005854785449362723
52.2675,0.9078,0.9078,0.9078,0.9078,0.0004,0.0004,0.0004,0.0004,0.9527854134392312,0.00020991085418914238,1112.0137295702186,0.0005845907194341036,0.9527854134392312,0.00020991085418914238,1112.0137295702186,0.0005845907194341036
52.2865,0.9079,0.9079,0.9079,0.9079,0.0004,0.0004,0.0004,0.0004,0.9528378897051237,0.00020989929365647125,1112.3566980209714,0.0005832606410483525,0.9528378897051238,0.00020989929365647125,1112.3566980209714,0.0005832606410483525
52.3056,0.908,0.908,0.9079,0.9079666666666667,0.0004,0.0004,0.0004,0.0004,0.9528728722768559,0.00020989158764740323,1112.7221836807125,0.0005823748440142458,0.9528728719557854,0.00020989158788523214,1112.7221849415419,0.000582375028353376
52.3247,0.908,0.9081,0.908,0.9080333333333334,0.0004,0.0004,0.0004,0.0004,0.9529078535643294,0.00020988388254558735,1113.0876443162172,0.000581489784310775,0.952907853243306,0.0002098838827393671,1113.0876453438993,0.0005814899685981529
52.3437,0.9081,0.9081,0.9081,0.9081,0.0004,0.0004,0.0004,0.0004,0.9529428335676858,0.0002098761782188762,1113.4509520397644,0.0005806054617826835,0.9529428335676858,0.0002098761782188762,1113.4509520397644,0.0005806054617826835
52.3628,0.9082,0.9082,0.9082,0.9082,0.0004,0.0004,0.0004,0.0004,0.9529953011653101,0.00020986462344682678,1113.7959220767157,0.000579280359854937,0.9529953011653101,0.00020986462344682678,1113.7959220767157,0.000579280359854937
52.3819,0.9083,0.9083,0.9082,0.9082666666666667,0.0004,0.0004,0.0004,0.0004,0.9530302779589922,0.0002098569213227796,1114.1613016521574,0.0005783978795864302,0.9530302776380809,0.00020985692151663177,1114.1613026813473,0.0005783980637509811
52.4009,0.9084,0.9084,0.9083,0.9083666666666667,0.0004,0.0004,0.0004,0.0004,0.9530827407427678,0.00020984536959065336,1114.504078938689,0.0005770755403208927,0.9530827404219093,0.00020984536987271704,1114.5040804367497,0.0005770757244273086
52.42,0.9084,0.9084,0.9084,0.9084,0.0004,0.0004,0.0004,0.0004,0.9531002276956309,0.00020984151953330846,1114.8898575631144,0.0005766351287914615,0.9531002276956309,0.0002098415195333085,1114.8898575631144,0.0005766351287914615
52.4391,0.9085,0.9085,0.9085,0.9085,0.0004,0.0004,0.0004,0.0004,0.953152686629281,0.00020982997039245948,1115.2347010775882,0.0005753149986090843,0.9531526866292811,0.00020982997039245948,1115.2347010775882,0.0005753149986090843
52.4581,0.9086,0.9086,0.9085,0.9085666666666666,0.0004,0.0004,0.0004,0.0004,0.9531876576477754,0.00020982227202306493,1115.5978473233313,0.0005744358319654014,0.9531876573270228,0.00020982227221701802,1115.5978483545543,0.0005744360159555827
52.4772,0.9087,0.9087,0.9086,0.9086666666666666,0.0004,0.0004,0.0004,0.0004,0.9532401117699608,0.00020981072605596323,1115.942625859327,0.0005731184618294359,0.9532401114492611,0.00020981072629404777,1115.9426271256527,0.0005731186457615394
52.4963,0.9087,0.9087,0.9087,0.9087,0.0004,0.0004,0.0004,0.0004,0.953257595835945,0.00020980687787642302,1116.328317635711,0.0005726797063278932,0.9532575958359452,0.00020980687787642302,1116.328317635711,0.0005726797063278932
52.5154,0.9088,0.9088,0.9088,0.9087999999999999,0.0004,0.0004,0.0004,0.0004,0.9533100461099119,0.00020979533450187017,1116.6730354668398,0.0005713645431836137,0.953310046109912,0.00020979533450187017,1116.6730354668398,0.0005713645431836111
52.5344,0.9089,0.9089,0.9088,0.9088666666666668,0.0004,0.0004,0.0004,0.0004,0.9533450113560782,0.00020978764002130138,1117.0360761851605,0.000570488687027571,0.9533450110354843,0.00020978764017125595,1117.0360769836093,0.0005704888708435728
52.5535,0.909,0.909,0.9089,0.9089666666666667,0.0004,0.0004,0.0004,0.0004,0.9533974568209623,0.00020977609982208005,1117.3807291117523,0.0005691762813168551,0.9533974565004216,0.0002097760999279623,1117.3807296757384,0.0005691764650748342
52.5726,0.909,0.909,0.909,0.9090000000000001,0.0004,0.0004,0.0004,0.0004,0.953414938001497,0.00020977225338896906,1117.7663334025995,0.0005687391802754745,0.953414938001497,0.00020977225338896906,1117.7663334025995,0.0005687391802754745
52.5916,0.9091,0.9091,0.9091,0.9091,0.0004,0.0004,0.0004,0.0004,0.9534673796200674,0.0002097607157835612,1118.1087996663473,0.0005674289794673469,0.9534673796200673,0.00020976071578356122,1118.1087996663473,0.0005674289794673469
52.6107,0.9092,0.9092,0.9091,0.9091666666666667,0.0004,0.0004,0.0004,0.0004,0.9535023390967629,0.000209753025061407,1118.4738602767115,0.0005665564306652878,0.9535023387763278,0.0002097530252996735,1118.473861547229,0.0005665566143073178
52.6298,0.9093,0.9093,0.9092,0.9092666666666668,0.0004,0.0004,0.0004,0.0004,0.953554775908631,0.0002097414905005755,1118.8183870253622,0.0005652489846808088,0.9535547755882489,0.00020974149073887648,1118.8183882965247,0.0005652491682648899
52.6488,0.9093,0.9093,0.9093,0.9093,0.0004,0.0004,0.0004,0.0004,0.9535722542051442,0.00020973764607944988,1119.2017795196637,0.0005648135365336832,0.9535722542051442,0.00020973764607944988,1119.2017795196637,0.0005648135365336832
52.6679,0.9094,0.9094,0.9094,0.9094000000000001,0.0004,0.0004,0.0004,0.0004,0.9536246871726021,0.00020972611424603622,1119.5462465138953,0.0005635082933650739,0.953624687172602,0.00020972611424603625,1119.5462465138953,0.0005635082933650766
52.687,0.9095,0.9095,0.9094,0.9094666666666665,0.0004,0.0004,0.0004,0.0004,0.9536596408826816,0.00020971842728416707,1119.91120074516,0.0005626390487868985,0.9536596405624053,0.000209718427434309,1119.9112015469282,0.0005626392322551363
52.706,0.9095,0.9096,0.9095,0.9095333333333334,0.0004,0.0004,0.0004,0.0004,0.9536945933116788,0.00020971074123169722,1120.2740045573453,0.0005617705380559778,0.9536945929914492,0.00020971074133775358,1120.274005123898,0.0005617707214727619
52.7251,0.9096,0.9096,0.9096,0.9095999999999999,0.0004,0.0004,0.0004,0.0004,0.9537295444597339,0.00020970305595637007,1120.638908357115,0.0005609027610179537,0.9537295444597339,0.00020970305595637007,1120.638908357115,0.0005609027610179537
52.7442,0.9097,0.9097,0.9097,0.9097,0.0004,0.0004,0.0004,0.0004,0.9537819687803589,0.0002096915296330727,1120.9832486658258,0.000559602470797527,0.9537819687803589,0.0002096915296330727,1120.9832486658258,0.000559602470797527
52.7632,0.9098,0.9098,0.9097,0.9097666666666667,0.0004,0.0004,0.0004,0.0004,0.9538169167266757,0.0002096838465657184,1121.3459720842077,0.0005587365273166833,0.9538169164065575,0.00020968384676008014,1121.3459731236142,0.0005587367106113426
52.7823,0.9098,0.9099,0.9098,0.9098333333333334,0.0004,0.0004,0.0004,0.0004,0.9538518633925434,0.0002096761642758253,1121.7107952353213,0.0005578713169887783,0.953851863072472,0.0002096761645143417,1121.7107965113194,0.0005578715002320471
52.8014,0.9099,0.9099,0.9099,0.9099,0.0004,0.0004,0.0004,0.0004,0.9538868087781027,0.00020966848289585727,1122.0755935121724,0.0005570068396596408,0.9538868087781026,0.00020966848289585727,1122.0755935121724,0.0005570068396596408
52.8205,0.91,0.91,0.91,0.91,0.0004,0.0004,0.0004,0.0004,0.9539392244561714,0.00020965696235020312,1122.419808685849,0.000555711497701423,0.9539392244561714,0.00020965696235020312,1122.419808685849,0.000555711497701423
52.8395,0.9101,0.9101,0.91,0.9100666666666667,0.0004,0.0004,0.0004,0.0004,0.9539741666415756,0.0002096492830468928,1122.7824262792483,0.0005548488521948783,0.9539741663216157,0.00020964928315309354,1122.7824268480097,0.000554849035316143
52.8586,0.9101,0.9102,0.9101,0.9101333333333333,0.0004,0.0004,0.0004,0.0004,0.9540091075471636,0.00020964160452144765,1123.1471432777744,0.0005539869391477542,0.9540091072272506,0.0002096416046718103,1123.1471440833368,0.000553987122217683
52.8777,0.9102,0.9102,0.9102,0.9102,0.0004,0.0004,0.0004,0.0004,0.9540440471730764,0.00020963392690635335,1123.5118354259312,0.0005531257584060427,0.9540440471730763,0.00020963392690635332,1123.5118354259312,0.0005531257584060427
52.8967,0.9103,0.9103,0.9103,0.9103,0.0004,0.0004,0.0004,0.0004,0.9540964542128618,0.00020962241200877835,1123.8538002724733,0.000551835360029316,0.9540964542128618,0.00020962241200877835,1123.8538002724733,0.000551835360029316
52.9158,0.9104,0.9104,0.9103,0.9103666666666667,0.0004,0.0004,0.0004,0.0004,0.9541313906402012,0.00020961473647137372,1124.21843676159,0.0005509760093775894,0.9541313903203997,0.00020961473666593748,1124.218437805086,0.0005509761923256662
52.9349,0.9104,0.9105,0.9104,0.9104333333333333,0.0004,0.0004,0.0004,0.0004,0.9541663257883574,0.00020960706171223832,1124.5830477085408,0.0005501173904925341,0.9541663254686026,0.00020960706199511193,1124.5830492262132,0.0005501175733893434
52.9539,0.9105,0.9105,0.9105,0.9105,0.0004,0.0004,0.0004,0.0004,0.9542012596574705,0.00020959938799630174,1124.9455101532437,0.0005492595032203473,0.9542012596574705,0.00020959938799630174,1124.9455101532437,0.0005492595032203473
52.973,0.9106,0.9106,0.9105,0.9105666666666666,0.0004,0.0004,0.0004,0.0004,0.9542361922476812,0.0002095917149263979,1125.3100708201434,0.0005484023474071865,0.9542361919279848,0.0002095917151651713,1125.3100721021315,0.0005484025302399173
52.9921,0.9106,0.9107,0.9106,0.9106333333333333,0.0004,0.0004,0.0004,0.0004,0.95427112355913,0.00020958404289989294,1125.6746073829522,0.000547545922899334,0.9542711232394804,0.00020958404300626797,1125.6746079542918,0.0005475461056808117
53.0111,0.9107,0.9107,0.9107,0.9107,0.0004,0.0004,0.0004,0.0004,0.9543060535919572,0.00020957637151959173,1126.036993560397,0.000546690229543031,0.9543060535919571,0.00020957637151959173,1126.036993560397,0.000546690229543031
53.0302,0.9108,0.9108,0.9108,0.9108,0.0004,0.0004,0.0004,0.0004,0.9543584462440897,0.00020956486604170325,1126.3808665467993,0.000545408060081601,0.9543584462440897,0.00020956486604170325,1126.3808665467993,0.000545408060081601
53.0493,0.9109,0.9109,0.9108,0.9108666666666667,0.0004,0.0004,0.0004,0.0004,0.9543933730809773,0.00020955719700570363,1126.7453227344463,0.0005445541939319735,0.9543933727614388,0.00020955719706798872,1126.7453230693402,0.0005445543765918185
53.0683,0.9109,0.911,0.9109,0.9109333333333334,0.0004,0.0004,0.0004,0.0004,0.9544282986397344,0.00020954952848375595,1127.107628113312,0.0005437010583961661,0.9544282983202429,0.00020954952872267104,1127.1076293983688,0.0005437012410048463
53.0874,0.911,0.911,0.911,0.911,0.0004,0.0004,0.0004,0.0004,0.9544632229205018,0.00020954186100575017,1127.4720333775847,0.0005428486533206844,0.9544632229205018,0.00020954186100575017,1127.4720333775847,0.0005428486533206844
53.1065,0.9111,0.9111,0.9111,0.9110999999999999,0.0004,0.0004,0.0004,0.0004,0.9545156069457283,0.0002095303613158699,1127.8157817345093,0.000541571414984748,0.9545156069457285,0.0002095303613158699,1127.8157817345093,0.0005415714149847452
53.1256,0.9112,0.9112,0.9111,0.9111666666666668,0.0004,0.0004,0.0004,0.0004,0.9545505280321346,0.0002095226959183225,1128.1801314093266,0.000540720835388517,0.9545505277127538,0.00020952269611315731,1128.1801324584198,0.0005407210178757077
53.1446,0.9112,0.9112,0.9112,0.9112,0.0004,0.0004,0.0004,0.0004,0.9545679880962666,0.00020951886351180105,1128.5629740903478,0.000540295819321189,0.9545679880962666,0.00020951886351180105,1128.5629740903478,0.000540295819321189
53.1637,0.9113,0.9113,0.9113,0.9113000000000001,0.0004,0.0004,0.0004,0.0004,0.9546203663725896,0.00020950736759385414,1128.9066315824086,0.0005390218658122831,0.9546203663725895,0.00020950736759385414,1128.9066315824086,0.0005390218658122859
53.1828,0.9114,0.9114,0.9113,0.9113666666666665,0.0004,0.0004,0.0004,0.0004,0.9546552836269189,0.00020949970466711392,1129.2709056227247,0.0005381734755255711,0.9546552833076434,0.00020949970490617782,1129.270906911356,0.0005381736578977592
53.2018,0.9114,0.9115,0.9114,0.9114333333333334,0.0004,0.0004,0.0004,0.0004,0.9546901996041697,0.00020949204265248347,1129.633031613945,0.0005373258147020604,0.9546901992849408,0.00020949204284741578,1129.6330326650684,0.0005373259970231589
53.2209,0.9115,0.9115,0.9115,0.9114999999999999,0.0004,0.0004,0.0004,0.0004,0.9547251143044819,0.0002094843814175681,1129.9972555218922,0.0005364788831884845,0.9547251143044818,0.0002094843814175681,1129.9972555218922,0.0005364788831884845
53.24,0.9116,0.9116,0.9116,0.9116,0.0004,0.0004,0.0004,0.0004,0.954777483960997,0.00020947289115985003,1130.3407879022272,0.000535209853039106,0.954777483960997,0.00020947289115985003,1130.3407879022272,0.000535209853039106
53.259,0.9117,0.9117,0.9116,0.9116666666666666,0.0004,0.0004,0.0004,0.0004,0.9548123954695761,0.00020946523213961524,1130.7028340011432,0.0005343647441301409,0.9548123951504581,0.00020946523233462014,1130.7028350537887,0.0005343649263299804
53.2781,0.9117,0.9117,0.9117,0.9117000000000001,0.0004,0.0004,0.0004,0.0004,0.9548298507451887,0.000209461402789496,1131.0876536976143,0.0005339424629754032,0.9548298507451887,0.00020946140292200523,1131.0876544131618,0.0005339424629754177
53.2972,0.9118,0.9118,0.9118,0.9118,0.0004,0.0004,0.0004,0.0004,0.9548822146575291,0.00020944991630681654,1131.4310953721015,0.0005326767124806272,0.9548822146575291,0.00020944991630681654,1131.4310953721015,0.0005326767124806272
53.3162,0.9119,0.9119,0.9118,0.9118666666666667,0.0004,0.0004,0.0004,0.0004,0.9549171223371832,0.00020944225975945676,1131.793066187459,0.0005318337894339745,0.9549171220181703,0.00020944225999870288,1131.7930674803074,0.0005318339715190287
53.3353,0.9119,0.912,0.9119,0.9119333333333334,0.0004,0.0004,0.0004,0.0004,0.9549520287408089,0.0002094346039923973,1132.1571344482877,0.0005309915947020223,0.9549520284218426,0.00020943460427584896,1132.1571359805644,0.0005309917767360913
53.3544,0.912,0.912,0.912,0.912,0.0004,0.0004,0.0004,0.0004,0.9549869338685462,0.0002094269491382548,1132.5211780047234,0.0005301501281318148,0.9549869338685463,0.0002094269491382548,1132.5211780047234,0.0005301501281318148
53.3734,0.9121,0.9121,0.9121,0.9121,0.0004,0.0004,0.0004,0.0004,0.9550392891681674,0.00020941546832046996,1132.8623722749376,0.0005288892932452226,0.9550392891681674,0.00020941546832046996,1132.8623722749376,0.0005288892932452226
53.3925,0.9121,0.9122,0.9121,0.9121333333333334,0.0004,0.0004,0.0004,0.0004,0.9550567402969151,0.00020941164190403958,1133.2470671096576,0.0005284693788649215,0.9550567399780537,0.0002094116420550292,1133.2470679267494,0.0005284695607843132
53.4116,0.9122,0.9122,0.9122,0.9122,0.0004,0.0004,0.0004,0.0004,0.9550916415978263,0.00020940398952414772,1133.6110352298954,0.0005276300958624946,0.9550916415978263,0.00020940398952414775,1133.6110352298954,0.0005276300958624946
53.4307,0.9123,0.9123,0.9123,0.9123,0.0004,0.0004,0.0004,0.0004,0.9551439911579951,0.000209392512351962,1133.9542607583085,0.0005263725354677997,0.955143991157995,0.00020939251235196202,1133.9542607583085,0.0005263725354677997
53.4497,0.9124,0.9124,0.9123,0.9123666666666667,0.0004,0.0004,0.0004,0.0004,0.955178889270846,0.0002093848620566549,1134.316051298888,0.0005255350710545395,0.9551788889520952,0.0002093848622518941,1134.3160523565718,0.0005255352528529954
53.4688,0.9124,0.9125,0.9124,0.9124333333333333,0.0004,0.0004,0.0004,0.0004,0.9552137861087173,0.0002093772126748816,1134.6799394599218,0.0005246983338096664,0.9552137857900133,0.00020937721282596506,1134.67994027869,0.0005246985155572217
53.4879,0.9125,0.9125,0.9125,0.9125,0.0004,0.0004,0.0004,0.0004,0.9552486816717489,0.00020936956407417484,1135.0438022388437,0.0005238623235804785,0.9552486816717489,0.00020936956407417487,1135.0438022388437,0.0005238623235804785
53.5069,0.9126,0.9126,0.9125,0.9125666666666666,0.0004,0.0004,0.0004,0.0004,0.9552835759600804,0.00020936191625462027,1135.405517661026,0.0005230270402143369,0.9552835756414343,0.0002093619164941177,1135.4055189598614,0.0005230272218983112
53.526,0.9126,0.9127,0.9126,0.9126333333333333,0.0004,0.0004,0.0004,0.0004,0.9553184689738514,0.00020935426934888052,1135.7693304874772,0.0005221924835586518,0.9553184686552519,0.00020935426954421735,1135.7693315472002,0.0005221926651917667
53.5451,0.9127,0.9127,0.9127,0.9127,0.0004,0.0004,0.0004,0.0004,0.9553533607132015,0.00020934662322447383,1136.1331179473775,0.000521358653460845,0.9553533607132015,0.00020934662322447386,1136.1331179473775,0.000521358653460845
53.5641,0.9128,0.9128,0.9128,0.9128,0.0004,0.0004,0.0004,0.0004,0.9554056959329934,0.00020933515563563974,1136.4740074455362,0.0005201092702765164,0.9554056959329934,0.00020933515563563974,1136.4740074455362,0.0005201092702765164
53.5832,0.9128,0.9129,0.9128,0.9128333333333333,0.0004,0.0004,0.0004,0.0004,0.9554231403691981,0.00020933133345259368,1136.8584958379734,0.0005196931723287959,0.9554231400507035,0.00020933133373639235,1136.8584973792567,0.000519693353847553
53.6023,0.9129,0.9129,0.9129,0.9129,0.0004,0.0004,0.0004,0.0004,0.9554580282861237,0.00020932368993789759,1137.2222087467462,0.0005188615209896261,0.9554580282861237,0.00020932368993789759,1137.2222087467462,0.0005188615209896261
53.6213,0.913,0.913,0.913,0.9129999999999999,0.0004,0.0004,0.0004,0.0004,0.9555103577730636,0.00020931222613155816,1137.5630081552229,0.0005176154050857439,0.9555103577730636,0.00020931222613155816,1137.5630081552229,0.0005176154050857439
53.6404,0.9131,0.9131,0.913,0.9130666666666668,0.0004,0.0004,0.0004,0.0004,0.9555452425055948,0.0002093045845712599,1137.9266651838461,0.0005167855683308669,0.9555452421872105,0.00020930458485514088,1137.9266667272225,0.0005167857497290065
53.6595,0.9131,0.9131,0.9131,0.9131,0.0004,0.0004,0.0004,0.0004,0.9555626843942839,0.00020930076421693224,1138.311074782012,0.0005163709220506378,0.9555626843942839,0.00020930076421693221,1138.311074782012,0.0005163709220506378
53.6785,0.9132,0.9132,0.9132,0.9132000000000001,0.0004,0.0004,0.0004,0.0004,0.9556150081502555,0.00020928930406171242,1138.6517834444799,0.0005151280713702539,0.9556150081502555,0.00020928930406171242,1138.6517834444799,0.0005151280713702539
53.6976,0.9133,0.9133,0.9132,0.9132666666666666,0.0004,0.0004,0.0004,0.0004,0.9556498890626639,0.00020928166511265385,1139.0153660087315,0.0005143004108599952,0.9556498887443844,0.0002092816653081966,1139.015367072973,0.000514300592143935
53.7167,0.9133,0.9134,0.9133,0.9133333333333334,0.0004,0.0004,0.0004,0.0004,0.9556847687019773,0.00020927402694578056,1139.378923255468,0.0005134734754601349,0.9556847683837439,0.00020927402714135184,1139.3789243202434,0.0005134736566933571
53.7358,0.9134,0.9134,0.9134,0.9133999999999999,0.0004,0.0004,0.0004,0.0004,0.9557196470683345,0.0002092663896938109,1139.742455912065,0.0005126472650185349,0.9557196470683346,0.00020926638956117818,1139.7424551896981,0.0005126472650185203
53.7548,0.9135,0.9135,0.9134,0.9134666666666668,0.0004,0.0004,0.0004,0.0004,0.9557545241618752,0.00020925875309156996,1140.1038416050603,0.0005118217793830291,0.9557545238437001,0.00020925875333139272,1140.103842911686,0.0005118219605528779
53.7739,0.9135,0.9136,0.9135,0.9135333333333332,0.0004,0.0004,0.0004,0.0004,0.9557893999827386,0.0002092511175370561,1140.467324452848,0.0005109970184015807,0.95578939966461,0.0002092511176884807,1140.4673252781474,0.0005109971995207346
53.793,0.9136,0.9136,0.9136,0.9136000000000001,0.0004,0.0004,0.0004,0.0004,0.9558242745310641,0.00020924348263244222,1140.8307812810708,0.0005101729819220905,0.955824274531064,0.0002092434826324422,1140.8307812810708,0.0005101729819220905
53.812,0.9137,0.9137,0.9136,0.9136666666666665,0.0004,0.0004,0.0004,0.0004,0.955859147806991,0.00020923584877575576,1141.1920935625094,0.0005093496697925907,0.9558591474889203,0.0002092358489272161,1141.1920943885882,0.0005093498508484157
53.8311,0.9137,0.9138,0.9137,0.9137333333333334,0.0004,0.0004,0.0004,0.0004,0.9558940198106585,0.00020922821556914063,1141.5555006136497,0.0005085270818610644,0.9558940194926341,0.00020922821580906585,1141.5555019226892,0.0005085272628662538
53.8502,0.9138,0.9138,0.9138,0.9137999999999998,0.0004,0.0004,0.0004,0.0004,0.9559288905422058,0.00020922058327799156,1141.918883107534,0.000507705217975605,0.9559288905422058,0.00020922058327799156,1141.918883107534,0.000507705217975605
53.8692,0.9139,0.9139,0.9139,0.9139,0.0004,0.0004,0.0004,0.0004,0.955981194254606,0.00020920913637556597,1142.2592882157678,0.0005064737794015008,0.955981194254606,0.000209209136375566,1142.2592882157678,0.0005064737794015008
53.8883,0.9139,0.914,0.9139,0.9139333333333334,0.0004,0.0004,0.0004,0.0004,0.9559986281894968,0.00020920532104447785,1142.6434518806343,0.0005060636617352856,0.955998627871577,0.00020920532137292305,1142.6434536745453,0.0005060638426265914
53.9074,0.914,0.914,0.914,0.914,0.0004,0.0004,0.0004,0.0004,0.9560334951055188,0.0002091976913676372,1143.006760089501,0.0005052439690767726,0.9560334951055188,0.0002091976913676372,1143.006760089501,0.0005052439690767726
53.9264,0.9141,0.9141,0.9141,0.9141,0.0004,0.0004,0.0004,0.0004,0.9560857930954139,0.0002091862481218327,1143.3470747366434,0.0005040157864890997,0.9560857930954137,0.00020918624812183272,1143.3470747366434,0.0005040157864890997
53.9455,0.9142,0.9142,0.9141,0.9141666666666667,0.0004,0.0004,0.0004,0.0004,0.956120656832788,0.00020917862053577386,1143.7103279915207,0.0005031979021428107,0.9561206565149782,0.00020917862064315974,1143.7103285786663,0.0005031980829139702
53.9646,0.9142,0.9142,0.9142,0.9142,0.0004,0.0004,0.0004,0.0004,0.9561380882247604,0.00020917480690382323,1144.0944123698114,0.0005027892311264055,0.9561380882247604,0.00020917480690382326,1144.0944123698114,0.0005027892311264055
53.9836,0.9143,0.9143,0.9143,0.9143,0.0004,0.0004,0.0004,0.0004,0.9561903804940282,0.00020916336758124352,1144.4346380713193,0.0005015643024767511,0.9561903804940282,0.00020916336758124352,1144.4346380713193,0.0005015643024767511
54.0027,0.9144,0.9144,0.9143,0.9143666666666667,0.0004,0.0004,0.0004,0.0004,0.9562252404181723,0.00020915574234563663,1144.7978156765826,0.0005007485868537303,0.9562252401004668,0.0002091557425415473,1144.7978167488845,0.0005007487675111857
54.0218,0.9144,0.9144,0.9144,0.9144,0.0004,0.0004,0.0004,0.0004,0.956242669903686,0.00020915193002169922,1145.1818408179713,0.0005003410000284029,0.956242669903686,0.0002091519300216992,1145.1818408179713,0.0005003410000284029
54.0409,0.9145,0.9145,0.9145,0.9145,0.0004,0.0004,0.0004,0.0004,0.9562949564542031,0.0002091404943581922,1145.5240959225132,0.0004991193232698398,0.9562949564542031,0.0002091404943581922,1145.5240959225132,0.0004991193232698398
54.0599,0.9146,0.9146,0.9145,0.9145666666666666,0.0004,0.0004,0.0004,0.0004,0.9563298125663681,0.00020913287173925313,1145.885079642822,0.0004983057750059442,0.9563298122487668,0.00020913287193523298,1145.8850807166386,0.0004983059555497706
54.079,0.9146,0.9146,0.9146,0.9146,0.0004,0.0004,0.0004,0.0004,0.9563472401460485,0.00020912906072375332,1146.2690455794823,0.0004978992716897359,0.9563472401460485,0.00020912906072375332,1146.2690455794823,0.0004978992716897359
54.0981,0.9147,0.9147,0.9147,0.9147,0.0004,0.0004,0.0004,0.0004,0.9563995209796912,0.0002091176287205341,1146.6112101835843,0.0004966808447768956,0.9563995209796912,0.0002091176287205341,1146.6112101835843,0.0004966808447768956
54.1171,0.9148,0.9148,0.9147,0.9147666666666666,0.0004,0.0004,0.0004,0.0004,0.956434373281127,0.00020911000858637974,1146.9721193077507,0.0004958694625089655,0.95643437296363,0.00020911000873818147,1146.9721201403856,0.0004958696429392403
54.1362,0.9148,0.9148,0.9148,0.9148,0.0004,0.0004,0.0004,0.0004,0.9564517989555994,0.00020910619874700515,1147.3560253432909,0.0004954640420204127,0.9564517989555994,0.00020910619874700518,1147.3560253432909,0.0004954640420204127
54.1553,0.9149,0.9149,0.9149,0.9148999999999999,0.0004,0.0004,0.0004,0.0004,0.956504074074242,0.0002090947706707577,1147.6981009673652,0.000494248862909504,0.9565040740742421,0.0002090947706707577,1147.6981009673652,0.0004942488629095015
54.1743,0.915,0.915,0.9149,0.9149666666666668,0.0003,0.0004,0.0004,0.00036666666666666667,0.9565389189162448,0.000191663224281502,1052.387361303109,0.0004934379068183658,0.9565389189164212,0.00019166354172305792,1052.3891043160559,0.000493438238357655
54.1934,0.915,0.915,0.915,0.915,0.0003,0.0003,0.0003,0.0003,0.9565563363389337,0.0001568125100063131,861.332095820973,0.0004930305452298709,0.9565563363389337,0.0001568125100063131,861.332095820973,0.0004930305452298709
54.2125,0.9151,0.9151,0.9151,0.9151000000000001,0.0003,0.0003,0.0003,0.0003,0.956608605746089,0.00015680394162989413,861.5885843994022,0.0004918186123493712,0.9566086057460889,0.00015680394162989413,861.5885843994023,0.0004918186123493737
54.2315,0.9152,0.9152,0.9151,0.9151666666666666,0.0003,0.0003,0.0003,0.0003,0.9566434504309073,0.00015679823035792453,861.8591550065893,0.0004910115583018739,0.9566434501136182,0.00015679823036492222,861.8591550450528,0.0004910117385053092
54.2506,0.9152,0.9152,0.9152,0.9152,0.0003,0.0003,0.0003,0.0003,0.956660872297383,0.00015679537473243626,862.1469946925635,0.0004906083015832769,0.956660872297383,0.00015679537473243626,862.1469946925635,0.0004906083015832769
54.2697,0.9153,0.9153,0.9153,0.9152999999999999,0.0003,0.0003,0.0003,0.0003,0.9567131359932838,0.0001567868093141819,862.4034166955901,0.0004893996124215874,0.9567131359932838,0.0001567868093141819,862.4034166955902,0.0004893996124215874
54.2887,0.9154,0.9154,0.9153,0.9153666666666668,0.0003,0.0003,0.0003,0.0003,0.9567479768711193,0.00015678109971955205,862.6739304288354,0.0004885947202866853,0.9567479765539343,0.0001567810999036182,862.6739314416427,0.0004885949003768478
54.3078,0.9154,0.9154,0.9154,0.9154,0.0003,0.0003,0.0003,0.0003,0.9567653968342595,0.00015677824519833632,862.9617264749224,0.000488192544354478,0.9567653968342595,0.00015677824519833632,862.9617264749226,0.00048819254435447803
54.3269,0.9155,0.9155,0.9155,0.9155000000000001,0.0003,0.0003,0.0003,0.0003,0.9568176548207781,0.00015676968256215986,863.2180809783748,0.0004869870968723471,0.9568176548207777,0.00015676968256215986,863.2180809783748,0.00048698709687235224
54.346,0.9156,0.9156,0.9155,0.9155666666666665,0.0003,0.0003,0.0003,0.0003,0.956852491892878,0.00015676397482249224,863.4901277214439,0.0004861843652910055,0.956852491575797,0.00015676397500661223,863.4901287356168,0.00048618454526796264
54.365,0.9156,0.9156,0.9156,0.9156,0.0003,0.0003,0.0003,0.0003,0.9568699099533066,0.00015676112122883844,863.77629030264,0.00048578326946576784,0.9568699099533066,0.00015676112122883844,863.77629030264,0.00048578326946576784
54.3841,0.9157,0.9157,0.9157,0.9156999999999998,0.0003,0.0003,0.0003,0.0003,0.9569221622323131,0.0001567525613756517,864.0325773545749,0.00048458106162551,0.9569221622323131,0.0001567525613756517,864.032577354575,0.0004845810616255074
54.4032,0.9158,0.9158,0.9157,0.9157666666666667,0.0003,0.0003,0.0003,0.0003,0.956956995499925,0.00015674685566862683,864.304569070693,0.00048378048923968805,0.9569569951829476,0.00015674685579377868,864.3045697607822,0.0004837806691035255
54.4222,0.9158,0.9158,0.9158,0.9158,0.0003,0.0003,0.0003,0.0003,0.9569744116582649,0.00015674400300284217,864.5906872592977,0.00048338047284253465,0.9569744116582649,0.00015674400300284217,864.5906872592977,0.00048338047284253465
54.4413,0.9159,0.9159,0.9159,0.9159,0.0003,0.0003,0.0003,0.0003,0.9570266582316295,0.00015673544593356682,864.846906908188,0.0004821815026079745,0.9570266582316295,0.00015673544593356682,864.846906908188,0.0004821815026079745
54.4604,0.9159,0.916,0.9159,0.9159333333333334,0.0003,0.0003,0.0003,0.0003,0.9570440731222567,0.00015673259376847024,865.1345834296103,0.0004817822054526187,0.9570440728053775,0.00015673259401172428,865.1345847723269,0.00048178238520970874
54.4794,0.916,0.916,0.916,0.916,0.0003,0.0003,0.0003,0.0003,0.9570789019528736,0.00015672689016803918,865.4049154994349,0.0004809841504131772,0.9570789019528737,0.00015672689016803918,865.4049154994349,0.0004809841504131772
54.4985,0.9161,0.9161,0.9161,0.9161,0.0003,0.0003,0.0003,0.0003,0.9571311428224644,0.0001567183358835776,865.6610677929809,0.00047978841574968753,0.9571311428224644,0.0001567183358835776,865.6610677929808,0.00047978841574968753
54.5176,0.9161,0.9162,0.9161,0.9161333333333334,0.0003,0.0003,0.0003,0.0003,0.9571485558120414,0.0001567154848239488,865.9487007645199,0.00047939019689207003,0.9571485554952659,0.00015671548494919328,865.9487014565724,0.000479390376536198
54.5366,0.9162,0.9162,0.9162,0.9162,0.0003,0.0003,0.0003,0.0003,0.9571833808408691,0.0001567097830804246,866.2189770845937,0.00047859429810921894,0.9571833808408691,0.0001567097830804246,866.2189770845938,0.00047859429810921894
54.5557,0.9163,0.9163,0.9163,0.9163,0.0003,0.0003,0.0003,0.0003,0.957235616008554,0.00015670123158169862,866.475062071308,0.0004774017969836808,0.9572356160085539,0.00015670123158169862,866.475062071308,0.0004774017969836808
54.5748,0.9163,0.9164,0.9163,0.9163333333333333,0.0003,0.0003,0.0003,0.0003,0.9572530270977032,0.00015669838145075614,866.7626505390592,0.00047700465574625347,0.9572530267810313,0.00015669838157604808,866.7626512320999,0.0004770048352775143
54.5938,0.9164,0.9164,0.9164,0.9164,0.0003,0.0003,0.0003,0.0003,0.9572878483259862,0.000156692681564747,867.0328711450063,0.00047621091186518126,0.9572878483259862,0.000156692681564747,867.0328711450062,0.0004762109118651812
54.6129,0.9165,0.9165,0.9164,0.9164666666666667,0.0003,0.0003,0.0003,0.0003,0.9573226682876975,0.00015668698235709146,867.3046616477131,0.0004754178859838126,0.9573226679710835,0.00015668698242336156,867.3046620145361,0.00047541806545239727
54.632,0.9165,0.9166,0.9165,0.9165333333333333,0.0003,0.0003,0.0003,0.0003,0.9573574869829754,0.0001566812836507168,867.5764328602293,0.00047462557795174533,0.9573574866664073,0.00015668128377605621,867.5764335542593,0.0004746257573702205
54.6511,0.9166,0.9166,0.9166,0.9166,0.0003,0.0003,0.0003,0.0003,0.9573923044119579,0.00015667558562283094,867.8481857670453,0.000473833987618651,0.9573923044119579,0.00015667558562283094,867.8481857670453,0.000473833987618651
54.6701,0.9167,0.9167,0.9166,0.9166666666666666,0.0003,0.0003,0.0003,0.0003,0.9574271205747832,0.00015666988827350785,868.1183324509013,0.00047304311483421893,0.9574271202582727,0.00015666988845792752,868.118333472783,0.0004730432941900772
54.6892,0.9167,0.9168,0.9167,0.9167333333333333,0.0003,0.0003,0.0003,0.0003,0.9574619354715895,0.00015666419160282157,868.3900488171079,0.0004722529594481749,0.9574619351551249,0.00015666419166915094,868.3900491847718,0.00047225313875394714
54.7083,0.9168,0.9168,0.9168,0.9168,0.0003,0.0003,0.0003,0.0003,0.9574967491025148,0.00015665849525650118,868.66174492584,0.0004714635213102607,0.9574967491025147,0.00015665849525650118,868.66174492584,0.0004714635213102607
54.7273,0.9169,0.9169,0.9168,0.9168666666666666,0.0003,0.0003,0.0003,0.0003,0.9575315614676971,0.00015665279976611883,868.9318359791345,0.0004706748002703223,0.9575315611512902,0.00015665279995059244,868.9318370023848,0.0004706749795135281
54.7464,0.9169,0.9169,0.9169,0.9169,0.0003,0.0003,0.0003,0.0003,0.957548967175678,0.00015664995229763807,869.2192958917382,0.0004702807086151618,0.957548967175678,0.00015664995229763807,869.2192958917382,0.0004702807086151618
54.7655,0.917,0.917,0.917,0.9170000000000001,0.0003,0.0003,0.0003,0.0003,0.9576011824013856,0.0001566414106447745,869.4751378646691,0.0004690995088837054,0.9576011824013855,0.0001566414106447745,869.4751378646691,0.00046909950888370785
54.7845,0.9171,0.9171,0.917,0.9170666666666666,0.0003,0.0003,0.0003,0.0003,0.9576359909701674,0.00015663571701394772,869.7451733234525,0.00046831293823682913,0.957635990653864,0.00015663571708034095,869.7451736921117,0.00046831311736745916
54.8036,0.9171,0.9171,0.9171,0.9171,0.0003,0.0003,0.0003,0.0003,0.9576533947801031,0.00015663287029812415,870.0325878385703,0.00046791992160933476,0.957653394780103,0.00015663287029812415,870.0325878385703,0.0004679199216093348
54.8227,0.9172,0.9172,0.9172,0.9171999999999999,0.0003,0.0003,0.0003,0.0003,0.9577056043122966,0.00015662433143511181,870.288362724724,0.0004667419462856819,0.9577056043122966,0.00015662433143511181,870.2883627247242,0.0004667419462856819
54.8417,0.9172,0.9173,0.9172,0.9172333333333333,0.0003,0.0003,0.0003,0.0003,0.9577230068572139,0.0001566214853984184,870.5741605209433,0.0004663496459682345,0.9577230065410082,0.00015662148564206792,870.5741618752594,0.00046634982499264166
54.8608,0.9173,0.9173,0.9173,0.9173,0.0003,0.0003,0.0003,0.0003,0.9577578109984314,0.00015661579405598015,870.8457137334187,0.00046556558240656116,0.9577578109984314,0.00015661579405598015,870.8457137334186,0.00046556558240656116
54.8799,0.9174,0.9174,0.9173,0.9173666666666667,0.0003,0.0003,0.0003,0.0003,0.9577926138749406,0.00015661010303839548,871.1172467174038,0.00046478223481754243,0.9577926135587923,0.0001566101033411543,871.1172484014486,0.00046478241377949847
54.8989,0.9174,0.9175,0.9174,0.9174333333333333,0.0003,0.0003,0.0003,0.0003,0.9578274154868796,0.0001566044128774008,871.3871751755206,0.00046399960305134317,0.9578274151707772,0.0001566044130620307,871.3871762028488,0.00046399978196334156
54.918,0.9175,0.9175,0.9175,0.9175,0.0003,0.0003,0.0003,0.0003,0.9578622158343861,0.00015659872321860927,871.658671713797,0.0004632176869580905,0.957862215834386,0.00015659872321860927,871.658671713797,0.00046321768695809054
54.9371,0.9176,0.9176,0.9175,0.9175666666666666,0.0003,0.0003,0.0003,0.0003,0.9578970149175979,0.00015659303406207563,871.9301490197948,0.00046243648638798706,0.9578970146015532,0.00015659303436490126,871.9301507059669,0.0004624366652375837
54.9562,0.9176,0.9176,0.9176,0.9175999999999999,0.0003,0.0003,0.0003,0.0003,0.9579144139851364,0.00015659018993804727,872.2174513132592,0.0004620461543773327,0.9579144139851365,0.00015659018993804727,872.2174513132592,0.00046204615437733034
54.9752,0.9177,0.9177,0.9177,0.9177,0.0003,0.0003,0.0003,0.0003,0.957966609291689,0.00015658165796503864,872.4714628712444,0.0004608762312182461,0.957966609291689,0.00015658165796503864,872.4714628712444,0.00046087623121824603
54.9943,0.9178,0.9178,0.9177,0.9177666666666666,0.0003,0.0003,0.0003,0.0003,0.9580014045828437,0.00015657597084743047,872.7428855231025,0.00046009717631917657,0.9580014042669021,0.00015657597097305708,872.742886223336,0.00046009735505648884
55.0134,0.9178,0.9178,0.9178,0.9178000000000001,0.0003,0.0003,0.0003,0.0003,0.9580188017545085,0.00015657312747706628,873.030142497912,0.00045970791697561025,0.9580188017545085,0.00015657312747706628,873.030142497912,0.00045970791697561025
55.0324,0.9179,0.9179,0.9179,0.9179,0.0003,0.0003,0.0003,0.0003,0.9580709913740597,0.0001565645984743729,873.2840883018849,0.0004585412111443772,0.9580709913740598,0.0001565645984743729,873.2840883018849,0.0004585412111443772
55.0515,0.9179,0.918,0.9179,0.9179333333333334,0.0003,0.0003,0.0003,0.0003,0.958088387282153,0.0001565617556065991,873.5713150855482,0.00045815266653810946,0.9580883869663088,0.00015656175585045676,873.5713164462068,0.00045815284516947263
55.0706,0.918,0.918,0.918,0.918,0.0003,0.0003,0.0003,0.0003,0.958123178150807,0.00015655607060262446,873.8426670260369,0.0004573761132196635,0.958123178150807,0.00015655607060262446,873.8426670260369,0.0004573761132196635
55.0896,0.9181,0.9181,0.918,0.9180666666666667,0.0003,0.0003,0.0003,0.0003,0.9581579677561994,0.00015655038627867757,874.1124140422291,0.0004566002743020447,0.9581579674404127,0.00015655038646347478,874.1124150740601,0.00045660045287110925
55.1087,0.9181,0.9182,0.9181,0.9181333333333334,0.0003,0.0003,0.0003,0.0003,0.9581927560984674,0.00015654470245753124,874.3837286265807,0.0004558251496357597,0.9581927557827266,0.00015654470276055182,874.3837303191086,0.0004558253281550162
55.1278,0.9182,0.9182,0.9182,0.9182,0.0003,0.0003,0.0003,0.0003,0.9582275431777488,0.00015653901949385567,874.6550259956999,0.00045505073907138447,0.9582275431777488,0.00015653901949385567,874.6550259956999,0.00045505073907138447
55.1468,0.9183,0.9183,0.9182,0.9182666666666667,0.0003,0.0003,0.0003,0.0003,0.9582623289941812,0.00015653333685580178,874.9247166442541,0.00045427704245946514,0.9582623286784976,0.0001565333370997555,874.9247180078049,0.00045427722091647316
55.1659,0.9183,0.9183,0.9183,0.9183,0.0003,0.0003,0.0003,0.0003,0.9582797214288719,0.00015653049590270545,875.2118606520012,0.00045389046183901753,0.9582797214288719,0.00015653049590270545,875.2118606520012,0.00045389046183901753
55.185,0.9184,0.9184,0.9184,0.9184,0.0003,0.0003,0.0003,0.0003,0.9583318968390483,0.00015652197379799012,875.4672175340493,0.00045273179049565065,0.9583318968390483,0.00015652197379799012,875.4672175340493,0.0004527317904956506
55.204,0.9184,0.9185,0.9184,0.9184333333333333,0.0003,0.0003,0.0003,0.0003,0.9583492880111992,0.00015651913334796576,875.7527449660521,0.000452345923491641,0.9583492876956129,0.00015651913353286539,875.7527460005989,0.00045234610184288385
55.2231,0.9185,0.9185,0.9185,0.9185,0.0003,0.0003,0.0003,0.0003,0.9583840694087423,0.00015651345300261588,876.023952599407,0.0004515747245373503,0.9583840694087423,0.00015651345300261588,876.023952599407,0.00045157472453735025
55.2422,0.9186,0.9186,0.9185,0.9185666666666666,0.0003,0.0003,0.0003,0.0003,0.9584188495440549,0.0001565077733378172,876.2951420503473,0.0004508042388636616,0.9584188492285258,0.00015650777346363386,876.2951427548014,0.0004508044171527222
55.2613,0.9186,0.9187,0.9186,0.9186333333333333,0.0003,0.0003,0.0003,0.0003,0.9584536284172744,0.00015650209417629427,876.5663123299082,0.00045003446632135147,0.9584536281017911,0.00015650209436124786,876.5663133658312,0.0004500346445606953
55.2803,0.9187,0.9187,0.9187,0.9187,0.0003,0.0003,0.0003,0.0003,0.9584884060285382,0.0001564964156954579,876.8358782716454,0.00044926540676126954,0.9584884060285382,0.0001564964156954579,876.8358782716454,0.00044926540676126954
55.2994,0.9188,0.9188,0.9187,0.9187666666666666,0.0003,0.0003,0.0003,0.0003,0.9585231823779838,0.00015649073771801974,877.1070112701567,0.0004484970600342662,0.9585231820625578,0.00015649073802124634,877.107012969696,0.0004484972382114898
55.3185,0.9188,0.9188,0.9188,0.9188,0.0003,0.0003,0.0003,0.0003,0.9585405700795676,0.00015648789918414055,877.3940424351991,0.00044811315393659994,0.9585405700795676,0.00015648789918414055,877.3940424351991,0.00044811315393659994
55.3375,0.9189,0.9189,0.9189,0.9189000000000002,0.0003,0.0003,0.0003,0.0003,0.9585927312919693,0.00015647938398305838,877.6476377762376,0.00044696250448322355,0.9585927312919692,0.00015647938398305838,877.6476377762377,0.00044696250448322355
55.3566,0.9189,0.919,0.9189,0.9189333333333334,0.0003,0.0003,0.0003,0.0003,0.9586101177320437,0.0001564765457753544,877.9346378306303,0.000446579310883218,0.9586101174167151,0.000156476546019514,877.9346392005237,0.000446579488954873
55.3757,0.919,0.919,0.919,0.919,0.0003,0.0003,0.0003,0.0003,0.9586448896662065,0.0001564708700924253,878.205701331792,0.0004458134578981719,0.9586448896662065,0.0001564708700924253,878.205701331792,0.0004458134578981719
55.3947,0.9191,0.9191,0.919,0.9190666666666667,0.0003,0.0003,0.0003,0.0003,0.9586796603391687,0.00015646519491317962,878.4751598391406,0.0004450483170755789,0.9586796600238973,0.00015646519515737493,878.4751612101772,0.00044504849508517357
55.4138,0.9191,0.9191,0.9191,0.9190999999999999,0.0003,0.0003,0.0003,0.0003,0.9586970452027425,0.00015646235768984978,878.7621214995131,0.00044466601367867687,0.9586970452027425,0.00015646235768984978,878.762121499513,0.0004446660136786745
55.4329,0.9192,0.9192,0.9192,0.9192,0.0003,0.0003,0.0003,0.0003,0.9587491979020406,0.00015645384659817053,879.0171942252747,0.00044352017132211896,0.9587491979020406,0.00015645384659817053,879.0171942252747,0.00044352017132211896
55.4519,0.9192,0.9193,0.9192,0.9192333333333332,0.0003,0.0003,0.0003,0.0003,0.9587665815047226,0.00015645101005607741,879.302541057327,0.00044313857975265207,0.9587665811895483,0.00015645101006378547,879.3025411006487,0.00044313875765678436
55.471,0.9193,0.9193,0.9193,0.9193000000000001,0.0003,0.0003,0.0003,0.0003,0.9588013477645636,0.00015644533699501535,879.5735150433871,0.00044237593032611265,0.9588013477645635,0.00015644533699501535,879.5735150433871,0.00044237593032611503
55.4901,0.9194,0.9194,0.9193,0.9193666666666666,0.0003,0.0003,0.0003,0.0003,0.9588361127638212,0.00015643966479274974,879.8444718948182,0.0004416139923921812,0.958836112448704,0.0001564396648004742,879.8444719382619,0.0004416141702343209
55.5091,0.9194,0.9195,0.9194,0.9194333333333334,0.0003,0.0003,0.0003,0.0003,0.958870876502633,0.00015643399309452053,880.1138240899832,0.0004408527658020573,0.9588708761875614,0.00015643399310226325,880.1138241335443,0.0004408529435946266
55.5282,0.9195,0.9195,0.9195,0.9194999999999999,0.0003,0.0003,0.0003,0.0003,0.9589056389811355,0.0001564283219003825,880.3847427510059,0.0004400922504070348,0.9589056389811356,0.0001564283219003825,880.3847427510059,0.0004400922504070322
55.5473,0.9195,0.9196,0.9195,0.9195333333333333,0.0003,0.0003,0.0003,0.0003,0.9589230197478138,0.00015642548666980124,880.6716058590108,0.00043971225936122833,0.9589230194327937,0.00015642548679585332,880.6716065686809,0.0004397124370980527
55.5664,0.9196,0.9196,0.9196,0.9196,0.0003,0.0003,0.0003,0.0003,0.95895778033611,0.00015641981658679494,880.9424923530449,0.0004389528104800935,0.9589577803361099,0.00015641981658679494,880.9424923530449,0.0004389528104800935
55.5854,0.9197,0.9197,0.9197,0.9197000000000001,0.0003,0.0003,0.0003,0.0003,0.95900991885616,0.00015641131240777892,881.1958047300675,0.0004378149699059235,0.95900991885616,0.00015641131240777892,881.1958047300674,0.0004378149699059235
55.6045,0.9197,0.9198,0.9197,0.9197333333333333,0.0003,0.0003,0.0003,0.0003,0.95902729773294,0.00015640847811105492,881.4826237356559,0.0004374360450395969,0.9590272974180226,0.00015640847817800053,881.4826241129463,0.000437436222664977
55.6236,0.9198,0.9198,0.9198,0.9198,0.0003,0.0003,0.0003,0.0003,0.959062054541748,0.00015640280971844373,881.753453961018,0.00043667872818308384,0.959062054541748,0.00015640280971844373,881.753453961018,0.0004366787281830838
55.6426,0.9199,0.9199,0.9198,0.9198666666666666,0.0003,0.0003,0.0003,0.0003,0.9590968100910005,0.0001563971420077325,882.0226809282736,0.0004359221217043671,0.9590968097761401,0.000156397142133855,882.0226816395584,0.00043592229926787767
55.6617,0.9199,0.9199,0.9199,0.9199,0.0003,0.0003,0.0003,0.0003,0.9591141873933362,0.0001563943083415606,882.3094596272798,0.0004355440848102746,0.9591141873933363,0.0001563943083415606,882.3094596272798,0.0004355440848102746
55.6808,0.92,0.92,0.92,0.92,0.0003,0.0003,0.0003,0.0003,0.9591663174113868,0.00015638580845482502,882.5642500052402,0.0004344110392864172,0.9591663174113868,0.00015638580845482502,882.5642500052403,0.0004344110392864172
55.6998,0.92,0.9201,0.92,0.9200333333333334,0.0003,0.0003,0.0003,0.0003,0.9591836934544751,0.00015638297547071185,882.8494146295951,0.0004340337124360947,0.9591836931397117,0.00015638297559687962,882.8494153418668,0.00043403388989447675
55.7189,0.9201,0.9201,0.9201,0.9201,0.0003,0.0003,0.0003,0.0003,0.9592184445963615,0.00015637730988098884,883.1201565624793,0.00043327959111059576,0.9592184445963615,0.00015637730988098884,883.1201565624793,0.00043327959111059576
55.738,0.9202,0.9202,0.9201,0.9201666666666667,0.0003,0.0003,0.0003,0.0003,0.9592531944793085,0.00015637164497348013,883.3908804136734,0.0004325261794950181,0.9592531941646021,0.00015637164515884086,883.3908814608325,0.00043252635689159904
55.757,0.9202,0.9202,0.9202,0.9202,0.0003,0.0003,0.0003,0.0003,0.9592705689487224,0.00015636881279776688,883.676005907152,0.00043214973978210065,0.9592705689487224,0.00015636881279776688,883.676005907152,0.0004321497397821006
55.7761,0.9203,0.9203,0.9203,0.9203,0.0003,0.0003,0.0003,0.0003,0.9593226904689311,0.0001563603170278918,883.9306881010551,0.00043102148480038746,0.9593226904689311,0.0001563603170278918,883.9306881010551,0.00043102148480038746
55.7952,0.9203,0.9204,0.9203,0.9203333333333333,0.0003,0.0003,0.0003,0.0003,0.9593400636797134,0.00015635748535704452,884.2173684534475,0.0004306457544637243,0.9593400633651039,0.0001563574856016271,884.217369836587,0.00043064593175529917
55.8142,0.9204,0.9204,0.9204,0.9204,0.0003,0.0003,0.0003,0.0003,0.9593748091574494,0.0001563518227490977,884.4864384289625,0.00042989482566512264,0.9593748091574494,0.0001563518227490977,884.4864384289625,0.0004298948256651226
55.8333,0.9205,0.9205,0.9204,0.9204666666666667,0.0003,0.0003,0.0003,0.0003,0.9594095533768614,0.00015634616046863957,884.7570730888051,0.00042914460590928846,0.9594095530623088,0.00015634616065407815,884.757074138195,0.00042914478313912474
55.8524,0.9205,0.9205,0.9205,0.9205,0.0003,0.0003,0.0003,0.0003,0.9594269250147385,0.00015634332960656833,885.0437141977278,0.0004287697618761258,0.9594269250147386,0.00015634332960656833,885.0437141977278,0.0004287697618761258
55.8715,0.9206,0.9206,0.9206,0.9206,0.0003,0.0003,0.0003,0.0003,0.9594790380412599,0.00015633483795556743,885.2982882363527,0.0004276462929334486,0.9594790380412599,0.00015633483795556743,885.2982882363527,0.0004276462929334486
55.8905,0.9206,0.9207,0.9206,0.9206333333333333,0.0003,0.0003,0.0003,0.0003,0.9594964084211206,0.00015633200777618044,885.5833158361604,0.0004272721576097984,0.9594964081066649,0.00015633200790249097,885.5833165516793,0.000427272334734735
55.9096,0.9207,0.9207,0.9207,0.9207,0.0003,0.0003,0.0003,0.0003,0.9595311482374749,0.00015632634779633804,885.8538813851827,0.00042652441833730784,0.9595311482374749,0.00015632634779633804,885.8538813851827,0.00042652441833730784
55.9287,0.9208,0.9208,0.9207,0.9207666666666666,0.0003,0.0003,0.0003,0.0003,0.9595658867961201,0.00015632068849933875,886.1244288909852,0.0004257773874412327,0.9595658864817213,0.00015632068856648914,886.1244292716361,0.000425777564504499
55.9477,0.9208,0.9208,0.9208,0.9208,0.0003,0.0003,0.0003,0.0003,0.9595832556038444,0.0001563178589515647,886.4094164163299,0.00042540413758809456,0.9595832556038445,0.0001563178589515647,886.4094164163299,0.0004254041375880946
55.9668,0.9209,0.9209,0.9209,0.9209,0.0003,0.0003,0.0003,0.0003,0.9596353601408295,0.00015630937142146155,886.6638825011021,0.00042428545018639575,0.9596353601408295,0.00015630937142146155,886.663882501102,0.00042428545018639575
55.9859,0.9209,0.921,0.9209,0.9209333333333335,0.0003,0.0003,0.0003,0.0003,0.9596527276911523,0.00015630654273424805,886.9504264282288,0.00042391290837677644,0.95965272737685,0.00015630654274224792,886.9504264736232,0.00042391308533526445
56.0049,0.921,0.921,0.921,0.9209999999999999,0.0003,0.0003,0.0003,0.0003,0.9596874618488911,0.00015630088538382063,887.2193186964358,0.00042316835563300186,0.959687461848891,0.00015630088538382063,887.2193186964358,0.00042316835563300186
56.024,0.9211,0.9211,0.921,0.9210666666666668,0.0003,0.0003,0.0003,0.0003,0.9597221947495355,0.00015629522871653796,887.4897771788482,0.0004224245106000073,0.9597221944352903,0.00015629522890213857,887.4897782327424,0.0004224246874969091
56.0431,0.9211,0.9211,0.9211,0.9211,0.0003,0.0003,0.0003,0.0003,0.9597395607284898,0.00015629240066129753,887.7762809179737,0.0004220528534288627,0.9597395607284898,0.00015629240066129753,887.7762809179736,0.0004220528534288627
56.0621,0.9212,0.9212,0.9212,0.9212000000000001,0.0003,0.0003,0.0003,0.0003,0.9597916567800863,0.00015628391743170356,888.029056077418,0.00042093894307513837,0.9597916567800863,0.00015628391743170356,888.029056077418,0.00042093894307513837
56.0812,0.9212,0.9213,0.9212,0.9212333333333333,0.0003,0.0003,0.0003,0.0003,0.959809021502253,0.00015628108988217603,888.3155298729995,0.0004205679932822302,0.9598090211881045,0.00015628109012702743,888.3155312647563,0.0004205681700744767
56.1003,0.9213,0.9213,0.9213,0.9213,0.0003,0.0003,0.0003,0.0003,0.9598437500041409,0.00015627543551767514,888.5859193824767,0.00041982662407315344,0.9598437500041409,0.00015627543551767514,888.5859193824767,0.00041982662407315344
56.1193,0.9213,0.9214,0.9213,0.9213333333333334,0.0003,0.0003,0.0003,0.0003,0.9598611137838962,0.00015627260852511834,888.8707850836247,0.00041945620462004873,0.9598611134697986,0.00015627260865159223,888.8707858030019,0.00041945638135691075
56.1384,0.9214,0.9214,0.9214,0.9213999999999999,0.0003,0.0003,0.0003,0.0003,0.9598958404011141,0.00015626695491942642,889.1411406568525,0.0004187158959244278,0.9598958404011141,0.00015626695491942642,889.1411406568526,0.00041871589592442537
56.1575,0.9215,0.9215,0.9214,0.9214666666666668,0.0003,0.0003,0.0003,0.0003,0.9599305657620562,0.0001562613019972986,889.4114782314784,0.0004179762940532355,0.9599305654480155,0.00015626130218300728,889.411479288499,0.0004179764707285948
56.1766,0.9215,0.9215,0.9215,0.9215,0.0003,0.0003,0.0003,0.0003,0.9599479279714662,0.0001562584758147977,889.697888689739,0.00041760675813067954,0.9599479279714661,0.0001562584758147977,889.697888689739,0.00041760675813067954
56.1956,0.9216,0.9216,0.9216,0.9216000000000001,0.0003,0.0003,0.0003,0.0003,0.9600000127156572,0.00015624999802639649,889.9505147249084,0.00041649921019379295,0.9600000127156573,0.00015624999802639649,889.9505147249084,0.00041649921019379295
56.2147,0.9216,0.9217,0.9216,0.9216333333333333,0.0003,0.0003,0.0003,0.0003,0.9600173736690978,0.00015624717234998613,890.2368952700095,0.0004161303807636208,0.9600173733551539,0.0001562471725357433,890.2368963283833,0.0004161305573344772
56.2338,0.9217,0.9217,0.9217,0.9217,0.0003,0.0003,0.0003,0.0003,0.960052094634147,0.000156241521554437,890.507162952578,0.0004153932516158456,0.960052094634147,0.000156241521554437,890.5071629525779,0.0004153932516158456
56.2528,0.9218,0.9218,0.9217,0.9217666666666666,0.0003,0.0003,0.0003,0.0003,0.9600868143435333,0.00015623587126511486,890.7758281203006,0.0004146568286285979,0.9600868140296459,0.00015623587145090136,890.7758291795586,0.0004146570051380184
56.2719,0.9218,0.9218,0.9218,0.9217999999999998,0.0003,0.0003,0.0003,0.0003,0.9601041737273954,0.0001562330465767885,891.0621705714252,0.0004142888818991193,0.9601041737273954,0.00015623304639913354,891.0621695581849,0.0004142888818991048
56.291,0.9219,0.9219,0.9219,0.9219,0.0003,0.0003,0.0003,0.0003,0.9601562499958626,0.00015622457291602956,891.3162727065381,0.00041318610054604367,0.9601562499958626,0.00015622457291602956,891.3162727065381,0.0004131861005460437
56.31,0.9219,0.922,0.9219,0.9219333333333334,0.0003,0.0003,0.0003,0.0003,0.9601736081243684,0.00015622174855641808,891.601000845579,0.0004128188596454121,0.9601736078105776,0.00015622174880147786,891.6010022442033,0.00041281903605045145
56.3291,0.922,0.922,0.922,0.922,0.0003,0.0003,0.0003,0.0003,0.9602083234400075,0.0001562161005723745,891.8711807808262,0.0004120849070592669,0.9602083234400075,0.0001562161005723745,891.8711807808262,0.0004120849070592669
56.3482,0.922,0.9221,0.922,0.9220333333333334,0.0003,0.0003,0.0003,0.0003,0.9602256806271748,0.00015621327677029154,892.1574681755438,0.00041171819533691433,0.9602256803134349,0.0001562132769561568,892.1574692370482,0.0004117183716867172
56.3672,0.9221,0.9221,0.9221,0.9221,0.0003,0.0003,0.0003,0.0003,0.9602603940602901,0.00015620762972372147,892.4260319623864,0.0004109853009416178,0.9602603940602901,0.00015620762972372147,892.4260319623864,0.0004109853009416178
56.3863,0.9222,0.9222,0.9221,0.9221666666666667,0.0003,0.0003,0.0003,0.0003,0.9602951062385595,0.00015620198318375939,892.6961600742109,0.00041025311182280944,0.9602951059248763,0.00015620198325119164,892.6961604595868,0.00041025328811125877
56.4054,0.9222,0.9222,0.9222,0.9222,0.0003,0.0003,0.0003,0.0003,0.9603124618571695,0.00015619916001492672,892.9824073887665,0.0004098872816960793,0.9603124618571695,0.00015619916001492672,892.9824073887665,0.0004098872816960793
56.4244,0.9223,0.9223,0.9223,0.9223,0.0003,0.0003,0.0003,0.0003,0.9603645268311051,0.00015619069197928508,893.2347783726934,0.0004087908488258844,0.9603645268311051,0.00015619069197928508,893.2347783726933,0.0004087908488258844
56.4435,0.9223,0.9224,0.9223,0.9223333333333333,0.0003,0.0003,0.0003,0.0003,0.9603818811951754,0.00015618786967259673,893.5209978590934,0.0004084257236444999,0.9603818808815886,0.00015618786974007113,893.5209982451015,0.0004084258998287191
56.4626,0.9224,0.9224,0.9224,0.9224,0.0003,0.0003,0.0003,0.0003,0.9604165889825558,0.00015618222526164318,893.7910562350289,0.0004076960018343886,0.9604165889825559,0.00015618222526164318,893.7910562350289,0.00040769600183438863
56.4817,0.9224,0.9225,0.9224,0.9224333333333333,0.0003,0.0003,0.0003,0.0003,0.9604339424058999,0.0001561794033351013,894.0772505798994,0.0004073314051689035,0.9604339420923641,0.0001561794034618339,894.0772513054031,0.00040733158129797713
56.5007,0.9225,0.9225,0.9225,0.9225,0.0003,0.0003,0.0003,0.0003,0.9604686483119806,0.00015617375986221534,894.3456931911859,0.00040660274022515406,0.9604686483119806,0.00015617375986221534,894.3456931911859,0.00040660274022515406
56.5198,0.9226,0.9226,0.9225,0.9225666666666666,0.0003,0.0003,0.0003,0.0003,0.9605033529640318,0.00015616811707403437,894.6157008250583,0.000405874779675189,0.9605033526505528,0.00015616811714154908,894.6157012118192,0.00040587495574300326
56.5389,0.9226,0.9226,0.9226,0.9226,0.0003,0.0003,0.0003,0.0003,0.9605207048198386,0.00015616529578121595,894.9018551297326,0.0004055110635019279,0.9605207048198386,0.00015616529578121595,894.9018551297326,0.00040551106350192784
56.5579,0.9227,0.9227,0.9227,0.9227,0.0003,0.0003,0.0003,0.0003,0.9605727585065884,0.00015615683319660106,895.1540775678731,0.00040442097116866156,0.9605727585065885,0.00015615683319660106,895.1540775678731,0.00040442097116866156
56.577,0.9227,0.9228,0.9227,0.9227333333333333,0.0003,0.0003,0.0003,0.0003,0.9605901091086713,0.00015615401258863698,895.4402030608451,0.0004040579590585123,0.9605901087952885,0.00015615401277468827,895.4402041277262,0.00040405813502226165
56.5961,0.9228,0.9228,0.9228,0.9228,0.0003,0.0003,0.0003,0.0003,0.9606248093726885,0.00015614837193086268,895.7101410494055,0.00040333246272946174,0.9606248093726885,0.00015614837193086268,895.7101410494055,0.00040333246272946174
56.6151,0.9228,0.9229,0.9228,0.9228333333333333,0.0003,0.0003,0.0003,0.0003,0.9606421590346567,0.00015614555170331812,895.9946588174723,0.00040296997847383243,0.9606421587213249,0.00015614555194864687,895.9946602252179,0.00040297015438251794
56.6342,0.9229,0.9229,0.9229,0.9228999999999999,0.0003,0.0003,0.0003,0.0003,0.9606768574185974,0.00015613991198421521,896.26456403291,0.0004022455376886303,0.9606768574185974,0.00015613991198421521,896.26456403291,0.0004022455376886303
56.6533,0.923,0.923,0.9229,0.9229666666666668,0.0003,0.0003,0.0003,0.0003,0.9607115545493236,0.00015613427295023703,896.534451346823,0.0004015218004158156,0.9607115542360481,0.00015613427301783416,896.5344517349708,0.00040152197626332485
56.6723,0.923,0.923,0.923,0.923,0.0003,0.0003,0.0003,0.0003,0.9607289026447736,0.00015613145353464365,896.8189302775745,0.0004011601955506721,0.9607289026447736,0.00015613145353464365,896.8189302775745,0.0004011601955506721
56.6914,0.9231,0.9231,0.9231,0.9231000000000001,0.0003,0.0003,0.0003,0.0003,0.9607809450516752,0.00015612299640461113,897.0725868445408,0.0004000764358202481,0.9607809450516752,0.00015612299640461113,897.0725868445408,0.0004000764358202481
56.7105,0.9231,0.9232,0.9231,0.9231333333333334,0.0003,0.0003,0.0003,0.0003,0.9607982918942161,0.00015612017767428863,897.3586194610194,0.0003997155341373101,0.960798291581037,0.00015612017780118476,897.3586201904021,0.0003997157098809047
56.7295,0.9232,0.9232,0.9232,0.9232,0.0003,0.0003,0.0003,0.0003,0.9608329846397603,0.00015611454059433208,897.6268539054896,0.00039899425800221796,0.9608329846397603,0.00015611454059433208,897.6268539054896,0.000398994258002218
56.7486,0.9232,0.9233,0.9232,0.9232333333333335,0.0003,0.0003,0.0003,0.0003,0.9608503305427976,0.00015611172224471177,897.9128614574499,0.00039863388351340416,0.9608503302296691,0.00015611172249016154,897.9128628692114,0.00039863405920202466
56.7677,0.9233,0.9233,0.9233,0.9232999999999999,0.0003,0.0003,0.0003,0.0003,0.9608850214094868,0.00015610608610402098,898.1826454622017,0.0003979136616016258,0.960885021409487,0.0001561060862818204,898.1826464852005,0.000397913661601638
56.7868,0.9234,0.9234,0.9233,0.9233666666666668,0.0003,0.0003,0.0003,0.0003,0.9609197110237762,0.0001561004506488618,898.4524115908954,0.0003971941423221407,0.9609197107107043,0.00015610045095361378,898.4524133449269,0.00039719431794969394
56.8058,0.9234,0.9234,0.9234,0.9234,0.0003,0.0003,0.0003,0.0003,0.960937055361313,0.00015609763328951044,898.7367990785776,0.0003968346461237219,0.9609370553613129,0.00015609763328951044,898.7367990785775,0.00039683464612372195
56.8249,0.9235,0.9235,0.9235,0.9235000000000001,0.0003,0.0003,0.0003,0.0003,0.9609890864956963,0.0001560891816176166,898.9903071777212,0.00039575721107388217,0.9609890864956961,0.0001560891816176166,898.9903071777212,0.00039575721107388455
56.844,0.9235,0.9236,0.9235,0.9235333333333333,0.0003,0.0003,0.0003,0.0003,0.9610064295811379,0.00015608636458832494,899.2762459935923,0.00039539841717804475,0.9610064292681622,0.00015608636483386223,899.2762474082311,0.00039539859270182977
56.863,0.9236,0.9236,0.9236,0.9236,0.0003,0.0003,0.0003,0.0003,0.9610411148130941,0.00015608073126635344,899.5443607069949,0.0003946813559577202,0.9610411148130941,0.00015608073126635344,899.544360706995,0.0003946813559577202
56.8821,0.9236,0.9237,0.9236,0.9236333333333334,0.0003,0.0003,0.0003,0.0003,0.9610584569596424,0.00015607791479586866,899.8302755074558,0.0003943230885966125,0.9610584566467174,0.00015607791498216007,899.8302765814751,0.00039432326406548885
56.9012,0.9237,0.9237,0.9237,0.9236999999999999,0.0003,0.0003,0.0003,0.0003,0.9610931403139641,0.0001560722824137734,900.0999394801212,0.00039360708028102854,0.9610931403139643,0.0001560722824137734,900.0999394801212,0.0003936070802810262
56.9202,0.9238,0.9238,0.9237,0.9237666666666667,0.0003,0.0003,0.0003,0.0003,0.9611278224166993,0.00015606665053978524,900.3680027694527,0.0003928917737189477,0.9611278221038306,0.000156066650726106,900.3680038443605,0.00039289194912684393
56.9393,0.9238,0.9238,0.9238,0.9238,0.0003,0.0003,0.0003,0.0003,0.961145162998764,0.00015606383488227232,900.6538786746812,0.00039253438354975277,0.961145162998764,0.00015606383488227232,900.6538786746811,0.0003925343835497528
56.9584,0.9239,0.9239,0.9238,0.9238666666666667,0.0003,0.0003,0.0003,0.0003,0.9611798432243728,0.0001560582039484052,900.9234910973912,0.0003918201293435868,0.9611798429115551,0.00015605820419403873,900.9234925154328,0.0003918203046966259
56.9774,0.9239,0.9239,0.9239,0.9239,0.0003,0.0003,0.0003,0.0003,0.9611971828679506,0.00015605538884992193,901.207761284562,0.0003914632652700625,0.9611971828679508,0.00015605538884992193,901.207761284562,0.0003914632652700625
56.9965,0.924,0.924,0.924,0.924,0.0003,0.0003,0.0003,0.0003,0.9612491999219811,0.000156046943961232,901.4610797941414,0.0003903937249482657,0.9612491999219811,0.000156046943961232,901.4610797941414,0.0003903937249482657
57.0156,0.924,0.9241,0.924,0.9240333333333334,0.0003,0.0003,0.0003,0.0003,0.9612665383144801,0.00015604412937109423,901.7469019435903,0.0003900375620796859,0.9612665380017583,0.00015604412943890955,901.7469023354811,0.00039003773732914065
57.0346,0.9241,0.9241,0.9241,0.9241,0.0003,0.0003,0.0003,0.0003,0.9613012141613125,0.00015603850039426465,902.014862463811,0.00038932576209089055,0.9613012141613125,0.00015603850039426465,902.014862463811,0.0003893257620908905
57.0537,0.9241,0.9242,0.9241,0.9241333333333334,0.0003,0.0003,0.0003,0.0003,0.96131855161568,0.0001560356863633395,902.3006606324678,0.0003889701249341626,0.9613185513030089,0.00015603568643117864,902.3006610247584,0.0003889703001288161
57.0728,0.9242,0.9242,0.9242,0.9242,0.0003,0.0003,0.0003,0.0003,0.9613532255864018,0.00015603005850500665,902.570171063429,0.0003882593762046671,0.9613532255864018,0.00015603005850500665,902.570171063429,0.00038825937620466715
57.0919,0.9243,0.9243,0.9242,0.9242666666666667,0.0003,0.0003,0.0003,0.0003,0.9613878983065524,0.00015602443115524488,902.8396626476111,0.0003875493281320521,0.9613878979939376,0.00015602443134169768,902.8396637265255,0.0003875495032658476
57.1109,0.9243,0.9243,0.9243,0.9243,0.0003,0.0003,0.0003,0.0003,0.9614052341977056,0.00015602161776004318,903.1238395659576,0.0003871945667964378,0.9614052341977056,0.00015602161776004318,903.1238395659576,0.00038719456679643774
57.13,0.9244,0.9244,0.9243,0.9243666666666667,0.0003,0.0003,0.0003,0.0003,0.9614399050422529,0.00015601599152904866,903.3932995573914,0.00038648556943532056,0.961439904729689,0.00015601599159692817,903.3932999504403,0.00038648574451434595
57.1491,0.9244,0.9244,0.9244,0.9244,0.0003,0.0003,0.0003,0.0003,0.9614572399956807,0.00015601317851537068,903.6790328344541,0.00038613133337330006,0.9614572399956808,0.00015601317851537068,903.6790328344541,0.0003861313333733001
57.1681,0.9245,0.9245,0.9245,0.9245,0.0003,0.0003,0.0003,0.0003,0.9615092429807833,0.0001560047405933176,903.9305818537476,0.0003850696754424935,0.9615092429807833,0.0001560047405933176,903.9305818537476,0.0003850696754424935
57.1872,0.9245,0.9246,0.9245,0.9245333333333333,0.0003,0.0003,0.0003,0.0003,0.9615265766841471,0.00015600192826635448,904.2162864679892,0.0003847161394898252,0.9615265763716789,0.00015600192839357796,904.2162872054004,0.0003847163144654795
