Energy_eV,Energy_minus_VBM_eV,TDOS_per_fu,Cs_s_per_fu,Cs_p_per_fu,Cs_d_per_fu,Ge_s_per_fu,Ge_p_per_fu,Ge_d_per_fu,Sn_s_per_fu,Sn_p_per_fu,Sn_d_per_fu,Cl_s_per_fu,Cl_p_per_fu,Cl_d_per_fu,Br_s_per_fu,Br_p_per_fu,Br_d_per_fu
-25.385,-26.387609,0.0,0.0,0.0,0.0,0.0,0.0,0.0,0.0,0.0,0.0,0.0,0.0,0.0,0.0,0.0,0.0
-25.374,-26.376609,0.0,0.0,0.0,0.0,0.0,0.0,0.0,0.0,0.0,0.0,0.0,0.0,0.0,0.0,0.0,0.0
-25.363,-26.365609,0.0,0.0,0.0,0.0,0.0,0.0,0.0,0.0,0.0,0.0,0.0,0.0,0.0,0.0,0.0,0.0
-25.352,-26.354609,0.0,0.0,0.0,0.0,0.0,0.0,0.0,0.0,0.0,0.0,0.0,0.0,0.0,0.0,0.0,0.0
-25.34,-26.342609,0.0,0.0,0.0,0.0,0.0,0.0,0.0,0.0,0.0,0.0,0.0,0.0,0.0,0.0,0.0,0.0
-25.329,-26.331609,0.0,0.0,0.0,0.0,0.0,0.0,0.0,0.0,0.0,0.0,0.0,0.0,0.0,0.0,0.0,0.0
-25.318,-26.320609,0.0,0.0,0.0,0.0,0.0,0.0,0.0,0.0,0.0,0.0,0.0,0.0,0.0,0.0,0.0,0.0
-25.307,-26.309609,0.0,0.0,0.0,0.0,0.0,0.0,0.0,0.0,0.0,0.0,0.0,0.0,0.0,0.0,0.0,0.0
-25.296,-26.298609,0.0,0.0,0.0,0.0,0.0,0.0,0.0,0.0,0.0,0.0,0.0,0.0,0.0,0.0,0.0,0.0
-25.285,-26.287609,0.0,0.0,0.0,0.0,0.0,0.0,0.0,0.0,0.0,0.0,0.0,0.0,0.0,0.0,0.0,0.0
-25.274,-26.276609,0.0,0.0,0.0,0.0,0.0,0.0,0.0,0.0,0.0,0.0,0.0,0.0,0.0,0.0,0.0,0.0
-25.262,-26.264609,0.0,0.0,0.0,0.0,0.0,0.0,0.0,0.0,0.0,0.0,0.0,0.0,0.0,0.0,0.0,0.0
-25.251,-26.253609,0.0,0.0,0.0,0.0,0.0,0.0,0.0,0.0,0.0,0.0,0.0,0.0,0.0,0.0,0.0,0.0
-25.24,-26.242608999999998,0.0,0.0,0.0,0.0,0.0,0.0,0.0,0.0,0.0,0.0,0.0,0.0,0.0,0.0,0.0,0.0
-25.229,-26.231609,0.0,0.0,0.0,0.0,0.0,0.0,0.0,0.0,0.0,0.0,0.0,0.0,0.0,0.0,0.0,0.0
-25.218,-26.220609,0.0,0.0,0.0,0.0,0.0,0.0,0.0,0.0,0.0,0.0,0.0,0.0,0.0,0.0,0.0,0.0
-25.207,-26.209609,0.0,0.0,0.0,0.0,0.0,0.0,0.0,0.0,0.0,0.0,0.0,0.0,0.0,0.0,0.0,0.0
-25.196,-26.198609,0.0,0.0,0.0,0.0,0.0,0.0,0.0,0.0,0.0,0.0,0.0,0.0,0.0,0.0,0.0,0.0
-25.185,-26.187609,0.0,0.0,0.0,0.0,0.0,0.0,0.0,0.0,0.0,0.0,0.0,0.0,0.0,0.0,0.0,0.0
-25.173,-26.175608999999998,0.0,0.0,0.0,0.0,0.0,0.0,0.0,0.0,0.0,0.0,0.0,0.0,0.0,0.0,0.0,0.0
-25.162,-26.164609,0.0,0.0,0.0,0.0,0.0,0.0,0.0,0.0,0.0,0.0,0.0,0.0,0.0,0.0,0.0,0.0
-25.151,-26.153609,0.0,0.0,0.0,0.0,0.0,0.0,0.0,0.0,0.0,0.0,0.0,0.0,0.0,0.0,0.0,0.0
-25.14,-26.142609,0.0,0.0,0.0,0.0,0.0,0.0,0.0,0.0,0.0,0.0,0.0,0.0,0.0,0.0,0.0,0.0
-25.129,-26.131609,0.0,0.0,0.0,0.0,0.0,0.0,0.0,0.0,0.0,0.0,0.0,0.0,0.0,0.0,0.0,0.0
-25.118,-26.120608999999998,0.0,0.0,0.0,0.0,0.0,0.0,0.0,0.0,0.0,0.0,0.0,0.0,0.0,0.0,0.0,0.0
-25.107,-26.109609,0.0,0.0,0.0,0.0,0.0,0.0,0.0,0.0,0.0,0.0,0.0,0.0,0.0,0.0,0.0,0.0
-25.095,-26.097609,0.0,0.0,0.0,0.0,0.0,0.0,0.0,0.0,0.0,0.0,0.0,0.0,0.0,0.0,0.0,0.0
-25.084,-26.086609,0.0,0.0,0.0,0.0,0.0,0.0,0.0,0.0,0.0,0.0,0.0,0.0,0.0,0.0,0.0,0.0
-25.073,-26.075609,0.0,0.0,0.0,0.0,0.0,0.0,0.0,0.0,0.0,0.0,0.0,0.0,0.0,0.0,0.0,0.0
-25.062,-26.064609,0.0,0.0,0.0,0.0,0.0,0.0,0.0,0.0,0.0,0.0,0.0,0.0,0.0,0.0,0.0,0.0
-25.051,-26.053608999999998,0.0,0.0,0.0,0.0,0.0,0.0,0.0,0.0,0.0,0.0,0.0,0.0,0.0,0.0,0.0,0.0
-25.04,-26.042609,0.0,0.0,0.0,0.0,0.0,0.0,0.0,0.0,0.0,0.0,0.0,0.0,0.0,0.0,0.0,0.0
-25.029,-26.031609,0.0,0.0,0.0,0.0,0.0,0.0,0.0,0.0,0.0,0.0,0.0,0.0,0.0,0.0,0.0,0.0
-25.018,-26.020609,0.0,0.0,0.0,0.0,0.0,0.0,0.0,0.0,0.0,0.0,0.0,0.0,0.0,0.0,0.0,0.0
-25.006,-26.008609,0.0,0.0,0.0,0.0,0.0,0.0,0.0,0.0,0.0,0.0,0.0,0.0,0.0,0.0,0.0,0.0
-24.995,-25.997609,0.0,0.0,0.0,0.0,0.0,0.0,0.0,0.0,0.0,0.0,0.0,0.0,0.0,0.0,0.0,0.0
-24.984,-25.986609,0.0,0.0,0.0,0.0,0.0,0.0,0.0,0.0,0.0,0.0,0.0,0.0,0.0,0.0,0.0,0.0
-24.973,-25.975609,0.0,0.0,0.0,0.0,0.0,0.0,0.0,0.0,0.0,0.0,0.0,0.0,0.0,0.0,0.0,0.0
-24.962,-25.964609,0.0,0.0,0.0,0.0,0.0,0.0,0.0,0.0,0.0,0.0,0.0,0.0,0.0,0.0,0.0,0.0
-24.951,-25.953609,0.0,0.0,0.0,0.0,0.0,0.0,0.0,0.0,0.0,0.0,0.0,0.0,0.0,0.0,0.0,0.0
-24.94,-25.942609,0.0,0.0,0.0,0.0,0.0,0.0,0.0,0.0,0.0,0.0,0.0,0.0,0.0,0.0,0.0,0.0
-24.928,-25.930609,0.0,0.0,0.0,0.0,0.0,0.0,0.0,0.0,0.0,0.0,0.0,0.0,0.0,0.0,0.0,0.0
-24.917,-25.919609,0.0,0.0,0.0,0.0,0.0,0.0,0.0,0.0,0.0,0.0,0.0,0.0,0.0,0.0,0.0,0.0
-24.906,-25.908609,0.0,0.0,0.0,0.0,0.0,0.0,0.0,0.0,0.0,0.0,0.0,0.0,0.0,0.0,0.0,0.0
-24.895,-25.897609,0.0,0.0,0.0,0.0,0.0,0.0,0.0,0.0,0.0,0.0,0.0,0.0,0.0,0.0,0.0,0.0
-24.884,-25.886609,0.0,0.0,0.0,0.0,0.0,0.0,0.0,0.0,0.0,0.0,0.0,0.0,0.0,0.0,0.0,0.0
-24.873,-25.875609,0.0,0.0,0.0,0.0,0.0,0.0,0.0,0.0,0.0,0.0,0.0,0.0,0.0,0.0,0.0,0.0
-24.862,-25.864608999999998,0.0,0.0,0.0,0.0,0.0,0.0,0.0,0.0,0.0,0.0,0.0,0.0,0.0,0.0,0.0,0.0
-24.85,-25.852609,0.0,0.0,0.0,0.0,0.0,0.0,0.0,0.0,0.0,0.0,0.0,0.0,0.0,0.0,0.0,0.0
-24.839,-25.841609,0.0,0.0,0.0,0.0,0.0,0.0,0.0,0.0,0.0,0.0,0.0,0.0,0.0,0.0,0.0,0.0
-24.828,-25.830609,0.0,0.0,0.0,0.0,0.0,0.0,0.0,0.0,0.0,0.0,0.0,0.0,0.0,0.0,0.0,0.0
-24.817,-25.819609,0.0,0.0,0.0,0.0,0.0,0.0,0.0,0.0,0.0,0.0,0.0,0.0,0.0,0.0,0.0,0.0
-24.806,-25.808609,0.0,0.0,0.0,0.0,0.0,0.0,0.0,0.0,0.0,0.0,0.0,0.0,0.0,0.0,0.0,0.0
-24.795,-25.797609,0.0,0.0,0.0,0.0,0.0,0.0,0.0,0.0,0.0,0.0,0.0,0.0,0.0,0.0,0.0,0.0
-24.784,-25.786609,0.0,0.0,0.0,0.0,0.0,0.0,0.0,0.0,0.0,0.0,0.0,0.0,0.0,0.0,0.0,0.0
-24.773,-25.775609,0.0,0.0,0.0,0.0,0.0,0.0,0.0,0.0,0.0,0.0,0.0,0.0,0.0,0.0,0.0,0.0
-24.761,-25.763609,0.0,0.0,0.0,0.0,0.0,0.0,0.0,0.0,0.0,0.0,0.0,0.0,0.0,0.0,0.0,0.0
-24.75,-25.752609,0.0,0.0,0.0,0.0,0.0,0.0,0.0,0.0,0.0,0.0,0.0,0.0,0.0,0.0,0.0,0.0
-24.739,-25.741609,0.0,0.0,0.0,0.0,0.0,0.0,0.0,0.0,0.0,0.0,0.0,0.0,0.0,0.0,0.0,0.0
-24.728,-25.730609,0.0,0.0,0.0,0.0,0.0,0.0,0.0,0.0,0.0,0.0,0.0,0.0,0.0,0.0,0.0,0.0
-24.717,-25.719609,0.0,0.0,0.0,0.0,0.0,0.0,0.0,0.0,0.0,0.0,0.0,0.0,0.0,0.0,0.0,0.0
-24.706,-25.708609,0.0,0.0,0.0,0.0,0.0,0.0,0.0,0.0,0.0,0.0,0.0,0.0,0.0,0.0,0.0,0.0
-24.695,-25.697609,0.0,0.0,0.0,0.0,0.0,0.0,0.0,0.0,0.0,0.0,0.0,0.0,0.0,0.0,0.0,0.0
-24.683,-25.685609,0.0,0.0,0.0,0.0,0.0,0.0,0.0,0.0,0.0,0.0,0.0,0.0,0.0,0.0,0.0,0.0
-24.672,-25.674609,0.0,0.0,0.0,0.0,0.0,0.0,0.0,0.0,0.0,0.0,0.0,0.0,0.0,0.0,0.0,0.0
-24.661,-25.663609,0.0,0.0,0.0,0.0,0.0,0.0,0.0,0.0,0.0,0.0,0.0,0.0,0.0,0.0,0.0,0.0
-24.65,-25.652608999999998,0.0,0.0,0.0,0.0,0.0,0.0,0.0,0.0,0.0,0.0,0.0,0.0,0.0,0.0,0.0,0.0
-24.639,-25.641609,0.0,0.0,0.0,0.0,0.0,0.0,0.0,0.0,0.0,0.0,0.0,0.0,0.0,0.0,0.0,0.0
-24.628,-25.630609,0.0,0.0,0.0,0.0,0.0,0.0,0.0,0.0,0.0,0.0,0.0,0.0,0.0,0.0,0.0,0.0
-24.617,-25.619609,0.0,0.0,0.0,0.0,0.0,0.0,0.0,0.0,0.0,0.0,0.0,0.0,0.0,0.0,0.0,0.0
-24.606,-25.608609,0.0,0.0,0.0,0.0,0.0,0.0,0.0,0.0,0.0,0.0,0.0,0.0,0.0,0.0,0.0,0.0
-24.594,-25.596609,0.0,0.0,0.0,0.0,0.0,0.0,0.0,0.0,0.0,0.0,0.0,0.0,0.0,0.0,0.0,0.0
-24.583,-25.585608999999998,0.0,0.0,0.0,0.0,0.0,0.0,0.0,0.0,0.0,0.0,0.0,0.0,0.0,0.0,0.0,0.0
-24.572,-25.574609,0.0,0.0,0.0,0.0,0.0,0.0,0.0,0.0,0.0,0.0,0.0,0.0,0.0,0.0,0.0,0.0
-24.561,-25.563609,0.0,0.0,0.0,0.0,0.0,0.0,0.0,0.0,0.0,0.0,0.0,0.0,0.0,0.0,0.0,0.0
-24.55,-25.552609,0.0,0.0,0.0,0.0,0.0,0.0,0.0,0.0,0.0,0.0,0.0,0.0,0.0,0.0,0.0,0.0
-24.539,-25.541609,0.0,0.0,0.0,0.0,0.0,0.0,0.0,0.0,0.0,0.0,0.0,0.0,0.0,0.0,0.0,0.0
-24.528,-25.530609,0.0,0.0,0.0,0.0,0.0,0.0,0.0,0.0,0.0,0.0,0.0,0.0,0.0,0.0,0.0,0.0
-24.516,-25.518608999999998,0.0,0.0,0.0,0.0,0.0,0.0,0.0,0.0,0.0,0.0,0.0,0.0,0.0,0.0,0.0,0.0
-24.505,-25.507609,0.0,0.0,0.0,0.0,0.0,0.0,0.0,0.0,0.0,0.0,0.0,0.0,0.0,0.0,0.0,0.0
-24.494,-25.496609,0.0,0.0,0.0,0.0,0.0,0.0,0.0,0.0,0.0,0.0,0.0,0.0,0.0,0.0,0.0,0.0
-24.483,-25.485609,0.0,0.0,0.0,0.0,0.0,0.0,0.0,0.0,0.0,0.0,0.0,0.0,0.0,0.0,0.0,0.0
-24.472,-25.474609,0.0,0.0,0.0,0.0,0.0,0.0,0.0,0.0,0.0,0.0,0.0,0.0,0.0,0.0,0.0,0.0
-24.461,-25.463608999999998,0.0,0.0,0.0,0.0,0.0,0.0,0.0,0.0,0.0,0.0,0.0,0.0,0.0,0.0,0.0,0.0
-24.45,-25.452609,0.0,0.0,0.0,0.0,0.0,0.0,0.0,0.0,0.0,0.0,0.0,0.0,0.0,0.0,0.0,0.0
-24.439,-25.441609,0.0,0.0,0.0,0.0,0.0,0.0,0.0,0.0,0.0,0.0,0.0,0.0,0.0,0.0,0.0,0.0
-24.427,-25.429609,0.0,0.0,0.0,0.0,0.0,0.0,0.0,0.0,0.0,0.0,0.0,0.0,0.0,0.0,0.0,0.0
-24.416,-25.418609,0.0,0.0,0.0,0.0,0.0,0.0,0.0,0.0,0.0,0.0,0.0,0.0,0.0,0.0,0.0,0.0
-24.405,-25.407609,0.0,0.0,0.0,0.0,0.0,0.0,0.0,0.0,0.0,0.0,0.0,0.0,0.0,0.0,0.0,0.0
-24.394,-25.396608999999998,0.0,0.0,0.0,0.0,0.0,0.0,0.0,0.0,0.0,0.0,0.0,0.0,0.0,0.0,0.0,0.0
-24.383,-25.385609,0.0,0.0,0.0,0.0,0.0,0.0,0.0,0.0,0.0,0.0,0.0,0.0,0.0,0.0,0.0,0.0
-24.372,-25.374609,0.0,0.0,0.0,0.0,0.0,0.0,0.0,0.0,0.0,0.0,0.0,0.0,0.0,0.0,0.0,0.0
-24.361,-25.363609,0.0,0.0,0.0,0.0,0.0,0.0,0.0,0.0,0.0,0.0,0.0,0.0,0.0,0.0,0.0,0.0
-24.349,-25.351609,0.0,0.0,0.0,0.0,0.0,0.0,0.0,0.0,0.0,0.0,0.0,0.0,0.0,0.0,0.0,0.0
-24.338,-25.340609,0.0,0.0,0.0,0.0,0.0,0.0,0.0,0.0,0.0,0.0,0.0,0.0,0.0,0.0,0.0,0.0
-24.327,-25.329609,0.0,0.0,0.0,0.0,0.0,0.0,0.0,0.0,0.0,0.0,0.0,0.0,0.0,0.0,0.0,0.0
-24.316,-25.318609,0.0,0.0,0.0,0.0,0.0,0.0,0.0,0.0,0.0,0.0,0.0,0.0,0.0,0.0,0.0,0.0
-24.305,-25.307609,0.0,0.0,0.0,0.0,0.0,0.0,0.0,0.0,0.0,0.0,0.0,0.0,0.0,0.0,0.0,0.0
-24.294,-25.296609,0.0,0.0,0.0,0.0,0.0,0.0,0.0,0.0,0.0,0.0,0.0,0.0,0.0,0.0,0.0,0.0
-24.283,-25.285609,0.0,0.0,0.0,0.0,0.0,0.0,0.0,0.0,0.0,0.0,0.0,0.0,0.0,0.0,0.0,0.0
-24.271,-25.273609,0.0,0.0,0.0,0.0,0.0,0.0,0.0,0.0,0.0,0.0,0.0,0.0,0.0,0.0,0.0,0.0
-24.26,-25.262609,0.0,0.0,0.0,0.0,0.0,0.0,0.0,0.0,0.0,0.0,0.0,0.0,0.0,0.0,0.0,0.0
-24.249,-25.251609,0.0,0.0,0.0,0.0,0.0,0.0,0.0,0.0,0.0,0.0,0.0,0.0,0.0,0.0,0.0,0.0
-24.238,-25.240609,0.0,0.0,0.0,0.0,0.0,0.0,0.0,0.0,0.0,0.0,0.0,0.0,0.0,0.0,0.0,0.0
-24.227,-25.229609,0.0,0.0,0.0,0.0,0.0,0.0,0.0,0.0,0.0,0.0,0.0,0.0,0.0,0.0,0.0,0.0
-24.216,-25.218609,0.0,0.0,0.0,0.0,0.0,0.0,0.0,0.0,0.0,0.0,0.0,0.0,0.0,0.0,0.0,0.0
-24.205,-25.207608999999998,0.0,0.0,0.0,0.0,0.0,0.0,0.0,0.0,0.0,0.0,0.0,0.0,0.0,0.0,0.0,0.0
-24.194,-25.196609,0.0,0.0,0.0,0.0,0.0,0.0,0.0,0.0,0.0,0.0,0.0,0.0,0.0,0.0,0.0,0.0
-24.182,-25.184609,0.0,0.0,0.0,0.0,0.0,0.0,0.0,0.0,0.0,0.0,0.0,0.0,0.0,0.0,0.0,0.0
-24.171,-25.173609,0.0,0.0,0.0,0.0,0.0,0.0,0.0,0.0,0.0,0.0,0.0,0.0,0.0,0.0,0.0,0.0
-24.16,-25.162609,0.0,0.0,0.0,0.0,0.0,0.0,0.0,0.0,0.0,0.0,0.0,0.0,0.0,0.0,0.0,0.0
-24.149,-25.151609,0.0,0.0,0.0,0.0,0.0,0.0,0.0,0.0,0.0,0.0,0.0,0.0,0.0,0.0,0.0,0.0
-24.138,-25.140609,0.0,0.0,0.0,0.0,0.0,0.0,0.0,0.0,0.0,0.0,0.0,0.0,0.0,0.0,0.0,0.0
-24.127,-25.129609,0.0,0.0,0.0,0.0,0.0,0.0,0.0,0.0,0.0,0.0,0.0,0.0,0.0,0.0,0.0,0.0
-24.116,-25.118609,0.0,0.0,0.0,0.0,0.0,0.0,0.0,0.0,0.0,0.0,0.0,0.0,0.0,0.0,0.0,0.0
-24.104,-25.106609,0.0,0.0,0.0,0.0,0.0,0.0,0.0,0.0,0.0,0.0,0.0,0.0,0.0,0.0,0.0,0.0
-24.093,-25.095609,0.0,0.0,0.0,0.0,0.0,0.0,0.0,0.0,0.0,0.0,0.0,0.0,0.0,0.0,0.0,0.0
-24.082,-25.084609,0.0,0.0,0.0,0.0,0.0,0.0,0.0,0.0,0.0,0.0,0.0,0.0,0.0,0.0,0.0,0.0
-24.071,-25.073609,0.0,0.0,0.0,0.0,0.0,0.0,0.0,0.0,0.0,0.0,0.0,0.0,0.0,0.0,0.0,0.0
-24.06,-25.062609,0.0,0.0,0.0,0.0,0.0,0.0,0.0,0.0,0.0,0.0,0.0,0.0,0.0,0.0,0.0,0.0
-24.049,-25.051609,0.0,0.0,0.0,0.0,0.0,0.0,0.0,0.0,0.0,0.0,0.0,0.0,0.0,0.0,0.0,0.0
-24.038,-25.040609,0.0,0.0,0.0,0.0,0.0,0.0,0.0,0.0,0.0,0.0,0.0,0.0,0.0,0.0,0.0,0.0
-24.027,-25.029609,0.0,0.0,0.0,0.0,0.0,0.0,0.0,0.0,0.0,0.0,0.0,0.0,0.0,0.0,0.0,0.0
-24.015,-25.017609,0.0,0.0,0.0,0.0,0.0,0.0,0.0,0.0,0.0,0.0,0.0,0.0,0.0,0.0,0.0,0.0
-24.004,-25.006609,0.0,0.0,0.0,0.0,0.0,0.0,0.0,0.0,0.0,0.0,0.0,0.0,0.0,0.0,0.0,0.0
-23.993,-24.995608999999998,0.0,0.0,0.0,0.0,0.0,0.0,0.0,0.0,0.0,0.0,0.0,0.0,0.0,0.0,0.0,0.0
-23.982,-24.984609,0.0,0.0,0.0,0.0,0.0,0.0,0.0,0.0,0.0,0.0,0.0,0.0,0.0,0.0,0.0,0.0
-23.971,-24.973609,0.0,0.0,0.0,0.0,0.0,0.0,0.0,0.0,0.0,0.0,0.0,0.0,0.0,0.0,0.0,0.0
-23.96,-24.962609,0.0,0.0,0.0,0.0,0.0,0.0,0.0,0.0,0.0,0.0,0.0,0.0,0.0,0.0,0.0,0.0
-23.949,-24.951609,0.0,0.0,0.0,0.0,0.0,0.0,0.0,0.0,0.0,0.0,0.0,0.0,0.0,0.0,0.0,0.0
-23.937,-24.939609,0.0,0.0,0.0,0.0,0.0,0.0,0.0,0.0,0.0,0.0,0.0,0.0,0.0,0.0,0.0,0.0
-23.926,-24.928608999999998,0.0,0.0,0.0,0.0,0.0,0.0,0.0,0.0,0.0,0.0,0.0,0.0,0.0,0.0,0.0,0.0
-23.915,-24.917609,0.0,0.0,0.0,0.0,0.0,0.0,0.0,0.0,0.0,0.0,0.0,0.0,0.0,0.0,0.0,0.0
-23.904,-24.906609,0.0,0.0,0.0,0.0,0.0,0.0,0.0,0.0,0.0,0.0,0.0,0.0,0.0,0.0,0.0,0.0
-23.893,-24.895609,0.0,0.0,0.0,0.0,0.0,0.0,0.0,0.0,0.0,0.0,0.0,0.0,0.0,0.0,0.0,0.0
-23.882,-24.884609,0.0,0.0,0.0,0.0,0.0,0.0,0.0,0.0,0.0,0.0,0.0,0.0,0.0,0.0,0.0,0.0
-23.871,-24.873609,0.0,0.0,0.0,0.0,0.0,0.0,0.0,0.0,0.0,0.0,0.0,0.0,0.0,0.0,0.0,0.0
-23.86,-24.862609,359.25,5.1097500000000005e-06,8.695075e-07,3.452775e-07,0.0002277,0.00274055,357.2375,7.67625e-07,9.57975e-07,5.06733575e-06,0.07587375,0.0394001935,0.0,0.058716,0.03298725525,0.009622789599999999
-23.848,-24.850609,179.625,3.174175e-06,4.64345e-07,1.5449450000000002e-07,8.67025e-05,0.001402325,178.73237500000002,2.2675e-07,2.8323e-07,1.5236640000000002e-06,0.02809295,0.014642751847499998,0.0,0.00451895,0.003696655,0.0015969715050000001
-23.837,-24.839609,179.625,4.197625e-06,5.806425e-07,1.7545275e-07,3.19875e-07,0.0008422176999999999,178.77124999999998,5.8690000000000005e-08,7.39435e-08,3.9919025e-07,0.00016875699999999998,0.002258235,0.0,0.00792925,0.005182165525,0.0018447603325000004
-23.826,-24.828609,179.625,2.2280499999999998e-06,3.0424749999999997e-07,9.387354999999999e-08,0.00010001,0.0007584,178.7975,1.8912499999999998e-08,2.381875e-08,1.320445e-07,0.000199205,0.0022919462775,0.0,0.001514238125,0.0017900166,0.00094935647175
-23.815,-24.817609,0.0,0.0,0.0,0.0,0.0,0.0,0.0,0.0,0.0,0.0,0.0,0.0,0.0,0.0,0.0,0.0
-23.804,-24.806608999999998,0.0,0.0,0.0,0.0,0.0,0.0,0.0,0.0,0.0,0.0,0.0,0.0,0.0,0.0,0.0,0.0
-23.793,-24.795609,0.0,0.0,0.0,0.0,0.0,0.0,0.0,0.0,0.0,0.0,0.0,0.0,0.0,0.0,0.0,0.0
-23.782,-24.784609,0.0,0.0,0.0,0.0,0.0,0.0,0.0,0.0,0.0,0.0,0.0,0.0,0.0,0.0,0.0,0.0
-23.77,-24.772609,0.0,0.0,0.0,0.0,0.0,0.0,0.0,0.0,0.0,0.0,0.0,0.0,0.0,0.0,0.0,0.0
-23.759,-24.761609,0.0,0.0,0.0,0.0,0.0,0.0,0.0,0.0,0.0,0.0,0.0,0.0,0.0,0.0,0.0,0.0
-23.748,-24.750609,0.0,0.0,0.0,0.0,0.0,0.0,0.0,0.0,0.0,0.0,0.0,0.0,0.0,0.0,0.0,0.0
-23.737,-24.739608999999998,0.0,0.0,0.0,0.0,0.0,0.0,0.0,0.0,0.0,0.0,0.0,0.0,0.0,0.0,0.0,0.0
-23.726,-24.728609,0.0,0.0,0.0,0.0,0.0,0.0,0.0,0.0,0.0,0.0,0.0,0.0,0.0,0.0,0.0,0.0
-23.715,-24.717609,0.0,0.0,0.0,0.0,0.0,0.0,0.0,0.0,0.0,0.0,0.0,0.0,0.0,0.0,0.0,0.0
-23.704,-24.706609,0.0,0.0,0.0,0.0,0.0,0.0,0.0,0.0,0.0,0.0,0.0,0.0,0.0,0.0,0.0,0.0
-23.693,-24.695609,0.0,0.0,0.0,0.0,0.0,0.0,0.0,0.0,0.0,0.0,0.0,0.0,0.0,0.0,0.0,0.0
-23.681,-24.683609,0.0,0.0,0.0,0.0,0.0,0.0,0.0,0.0,0.0,0.0,0.0,0.0,0.0,0.0,0.0,0.0
-23.67,-24.672609,0.0,0.0,0.0,0.0,0.0,0.0,0.0,0.0,0.0,0.0,0.0,0.0,0.0,0.0,0.0,0.0
-23.659,-24.661609,0.0,0.0,0.0,0.0,0.0,0.0,0.0,0.0,0.0,0.0,0.0,0.0,0.0,0.0,0.0,0.0
-23.648,-24.650609,0.0,0.0,0.0,0.0,0.0,0.0,0.0,0.0,0.0,0.0,0.0,0.0,0.0,0.0,0.0,0.0
-23.637,-24.639609,0.0,0.0,0.0,0.0,0.0,0.0,0.0,0.0,0.0,0.0,0.0,0.0,0.0,0.0,0.0,0.0
-23.626,-24.628609,0.0,0.0,0.0,0.0,0.0,0.0,0.0,0.0,0.0,0.0,0.0,0.0,0.0,0.0,0.0,0.0
-23.615,-24.617608999999998,0.0,0.0,0.0,0.0,0.0,0.0,0.0,0.0,0.0,0.0,0.0,0.0,0.0,0.0,0.0,0.0
-23.603,-24.605609,0.0,0.0,0.0,0.0,0.0,0.0,0.0,0.0,0.0,0.0,0.0,0.0,0.0,0.0,0.0,0.0
-23.592,-24.594609,0.0,0.0,0.0,0.0,0.0,0.0,0.0,0.0,0.0,0.0,0.0,0.0,0.0,0.0,0.0,0.0
-23.581,-24.583609,0.0,0.0,0.0,0.0,0.0,0.0,0.0,0.0,0.0,0.0,0.0,0.0,0.0,0.0,0.0,0.0
-23.57,-24.572609,0.0,0.0,0.0,0.0,0.0,0.0,0.0,0.0,0.0,0.0,0.0,0.0,0.0,0.0,0.0,0.0
-23.559,-24.561609,0.0,0.0,0.0,0.0,0.0,0.0,0.0,0.0,0.0,0.0,0.0,0.0,0.0,0.0,0.0,0.0
-23.548,-24.550608999999998,0.0,0.0,0.0,0.0,0.0,0.0,0.0,0.0,0.0,0.0,0.0,0.0,0.0,0.0,0.0,0.0
-23.537,-24.539609,0.0,0.0,0.0,0.0,0.0,0.0,0.0,0.0,0.0,0.0,0.0,0.0,0.0,0.0,0.0,0.0
-23.525,-24.527608999999998,0.0,0.0,0.0,0.0,0.0,0.0,0.0,0.0,0.0,0.0,0.0,0.0,0.0,0.0,0.0,0.0
-23.514,-24.516609,0.0,0.0,0.0,0.0,0.0,0.0,0.0,0.0,0.0,0.0,0.0,0.0,0.0,0.0,0.0,0.0
-23.503,-24.505609,0.0,0.0,0.0,0.0,0.0,0.0,0.0,0.0,0.0,0.0,0.0,0.0,0.0,0.0,0.0,0.0
-23.492,-24.494609,0.0,0.0,0.0,0.0,0.0,0.0,0.0,0.0,0.0,0.0,0.0,0.0,0.0,0.0,0.0,0.0
-23.481,-24.483609,0.0,0.0,0.0,0.0,0.0,0.0,0.0,0.0,0.0,0.0,0.0,0.0,0.0,0.0,0.0,0.0
-23.47,-24.472609,0.0,0.0,0.0,0.0,0.0,0.0,0.0,0.0,0.0,0.0,0.0,0.0,0.0,0.0,0.0,0.0
-23.459,-24.461609,0.0,0.0,0.0,0.0,0.0,0.0,0.0,0.0,0.0,0.0,0.0,0.0,0.0,0.0,0.0,0.0
-23.448,-24.450609,0.0,0.0,0.0,0.0,0.0,0.0,0.0,0.0,0.0,0.0,0.0,0.0,0.0,0.0,0.0,0.0
-23.436,-24.438609,0.0,0.0,0.0,0.0,0.0,0.0,0.0,0.0,0.0,0.0,0.0,0.0,0.0,0.0,0.0,0.0
-23.425,-24.427609,0.0,0.0,0.0,0.0,0.0,0.0,0.0,0.0,0.0,0.0,0.0,0.0,0.0,0.0,0.0,0.0
-23.414,-24.416609,0.0,0.0,0.0,0.0,0.0,0.0,0.0,0.0,0.0,0.0,0.0,0.0,0.0,0.0,0.0,0.0
-23.403,-24.405609,0.0,0.0,0.0,0.0,0.0,0.0,0.0,0.0,0.0,0.0,0.0,0.0,0.0,0.0,0.0,0.0
-23.392,-24.394609,0.0,0.0,0.0,0.0,0.0,0.0,0.0,0.0,0.0,0.0,0.0,0.0,0.0,0.0,0.0,0.0
-23.381,-24.383609,0.0,0.0,0.0,0.0,0.0,0.0,0.0,0.0,0.0,0.0,0.0,0.0,0.0,0.0,0.0,0.0
-23.37,-24.372609,0.0,0.0,0.0,0.0,0.0,0.0,0.0,0.0,0.0,0.0,0.0,0.0,0.0,0.0,0.0,0.0
-23.358,-24.360609,0.0,0.0,0.0,0.0,0.0,0.0,0.0,0.0,0.0,0.0,0.0,0.0,0.0,0.0,0.0,0.0
-23.347,-24.349609,0.0,0.0,0.0,0.0,0.0,0.0,0.0,0.0,0.0,0.0,0.0,0.0,0.0,0.0,0.0,0.0
-23.336,-24.338608999999998,0.0,0.0,0.0,0.0,0.0,0.0,0.0,0.0,0.0,0.0,0.0,0.0,0.0,0.0,0.0,0.0
-23.325,-24.327609,0.0,0.0,0.0,0.0,0.0,0.0,0.0,0.0,0.0,0.0,0.0,0.0,0.0,0.0,0.0,0.0
-23.314,-24.316609,0.0,0.0,0.0,0.0,0.0,0.0,0.0,0.0,0.0,0.0,0.0,0.0,0.0,0.0,0.0,0.0
-23.303,-24.305609,0.0,0.0,0.0,0.0,0.0,0.0,0.0,0.0,0.0,0.0,0.0,0.0,0.0,0.0,0.0,0.0
-23.292,-24.294609,0.0,0.0,0.0,0.0,0.0,0.0,0.0,0.0,0.0,0.0,0.0,0.0,0.0,0.0,0.0,0.0
-23.281,-24.283609,0.0,0.0,0.0,0.0,0.0,0.0,0.0,0.0,0.0,0.0,0.0,0.0,0.0,0.0,0.0,0.0
-23.269,-24.271608999999998,0.0,0.0,0.0,0.0,0.0,0.0,0.0,0.0,0.0,0.0,0.0,0.0,0.0,0.0,0.0,0.0
-23.258,-24.260609,0.0,0.0,0.0,0.0,0.0,0.0,0.0,0.0,0.0,0.0,0.0,0.0,0.0,0.0,0.0,0.0
-23.247,-24.249609,0.0,0.0,0.0,0.0,0.0,0.0,0.0,0.0,0.0,0.0,0.0,0.0,0.0,0.0,0.0,0.0
-23.236,-24.238609,0.0,0.0,0.0,0.0,0.0,0.0,0.0,0.0,0.0,0.0,0.0,0.0,0.0,0.0,0.0,0.0
-23.225,-24.227609,0.0,0.0,0.0,0.0,0.0,0.0,0.0,0.0,0.0,0.0,0.0,0.0,0.0,0.0,0.0,0.0
-23.214,-24.216609,0.0,0.0,0.0,0.0,0.0,0.0,0.0,0.0,0.0,0.0,0.0,0.0,0.0,0.0,0.0,0.0
-23.203,-24.205609,0.0,0.0,0.0,0.0,0.0,0.0,0.0,0.0,0.0,0.0,0.0,0.0,0.0,0.0,0.0,0.0
-23.191,-24.193609,0.0,0.0,0.0,0.0,0.0,0.0,0.0,0.0,0.0,0.0,0.0,0.0,0.0,0.0,0.0,0.0
-23.18,-24.182609,0.0,0.0,0.0,0.0,0.0,0.0,0.0,0.0,0.0,0.0,0.0,0.0,0.0,0.0,0.0,0.0
-23.169,-24.171609,0.0,0.0,0.0,0.0,0.0,0.0,0.0,0.0,0.0,0.0,0.0,0.0,0.0,0.0,0.0,0.0
-23.158,-24.160609,0.0,0.0,0.0,0.0,0.0,0.0,0.0,0.0,0.0,0.0,0.0,0.0,0.0,0.0,0.0,0.0
-23.147,-24.149608999999998,0.0,0.0,0.0,0.0,0.0,0.0,0.0,0.0,0.0,0.0,0.0,0.0,0.0,0.0,0.0,0.0
-23.136,-24.138609,0.0,0.0,0.0,0.0,0.0,0.0,0.0,0.0,0.0,0.0,0.0,0.0,0.0,0.0,0.0,0.0
-23.125,-24.127609,0.0,0.0,0.0,0.0,0.0,0.0,0.0,0.0,0.0,0.0,0.0,0.0,0.0,0.0,0.0,0.0
-23.114,-24.116609,0.0,0.0,0.0,0.0,0.0,0.0,0.0,0.0,0.0,0.0,0.0,0.0,0.0,0.0,0.0,0.0
-23.102,-24.104609,0.0,0.0,0.0,0.0,0.0,0.0,0.0,0.0,0.0,0.0,0.0,0.0,0.0,0.0,0.0,0.0
-23.091,-24.093609,0.0,0.0,0.0,0.0,0.0,0.0,0.0,0.0,0.0,0.0,0.0,0.0,0.0,0.0,0.0,0.0
-23.08,-24.082608999999998,0.0,0.0,0.0,0.0,0.0,0.0,0.0,0.0,0.0,0.0,0.0,0.0,0.0,0.0,0.0,0.0
-23.069,-24.071609,0.0,0.0,0.0,0.0,0.0,0.0,0.0,0.0,0.0,0.0,0.0,0.0,0.0,0.0,0.0,0.0
-23.058,-24.060609,0.0,0.0,0.0,0.0,0.0,0.0,0.0,0.0,0.0,0.0,0.0,0.0,0.0,0.0,0.0,0.0
-23.047,-24.049609,0.0,0.0,0.0,0.0,0.0,0.0,0.0,0.0,0.0,0.0,0.0,0.0,0.0,0.0,0.0,0.0
-23.036,-24.038609,0.0,0.0,0.0,0.0,0.0,0.0,0.0,0.0,0.0,0.0,0.0,0.0,0.0,0.0,0.0,0.0
-23.024,-24.026609,0.0,0.0,0.0,0.0,0.0,0.0,0.0,0.0,0.0,0.0,0.0,0.0,0.0,0.0,0.0,0.0
-23.013,-24.015609,0.0,0.0,0.0,0.0,0.0,0.0,0.0,0.0,0.0,0.0,0.0,0.0,0.0,0.0,0.0,0.0
-23.002,-24.004609,0.0,0.0,0.0,0.0,0.0,0.0,0.0,0.0,0.0,0.0,0.0,0.0,0.0,0.0,0.0,0.0
-22.991,-23.993609,0.0,0.0,0.0,0.0,0.0,0.0,0.0,0.0,0.0,0.0,0.0,0.0,0.0,0.0,0.0,0.0
-22.98,-23.982609,0.0,0.0,0.0,0.0,0.0,0.0,0.0,0.0,0.0,0.0,0.0,0.0,0.0,0.0,0.0,0.0
-22.969,-23.971609,0.0,0.0,0.0,0.0,0.0,0.0,0.0,0.0,0.0,0.0,0.0,0.0,0.0,0.0,0.0,0.0
-22.958,-23.960608999999998,0.0,0.0,0.0,0.0,0.0,0.0,0.0,0.0,0.0,0.0,0.0,0.0,0.0,0.0,0.0,0.0
-22.946,-23.948609,0.0,0.0,0.0,0.0,0.0,0.0,0.0,0.0,0.0,0.0,0.0,0.0,0.0,0.0,0.0,0.0
-22.935,-23.937609,0.0,0.0,0.0,0.0,0.0,0.0,0.0,0.0,0.0,0.0,0.0,0.0,0.0,0.0,0.0,0.0
-22.924,-23.926609,0.0,0.0,0.0,0.0,0.0,0.0,0.0,0.0,0.0,0.0,0.0,0.0,0.0,0.0,0.0,0.0
-22.913,-23.915609,0.0,0.0,0.0,0.0,0.0,0.0,0.0,0.0,0.0,0.0,0.0,0.0,0.0,0.0,0.0,0.0
-22.902,-23.904609,0.0,0.0,0.0,0.0,0.0,0.0,0.0,0.0,0.0,0.0,0.0,0.0,0.0,0.0,0.0,0.0
-22.891,-23.893608999999998,0.0,0.0,0.0,0.0,0.0,0.0,0.0,0.0,0.0,0.0,0.0,0.0,0.0,0.0,0.0,0.0
-22.88,-23.882609,0.0,0.0,0.0,0.0,0.0,0.0,0.0,0.0,0.0,0.0,0.0,0.0,0.0,0.0,0.0,0.0
-22.869,-23.871609,0.0,0.0,0.0,0.0,0.0,0.0,0.0,0.0,0.0,0.0,0.0,0.0,0.0,0.0,0.0,0.0
-22.857,-23.859609,0.0,0.0,0.0,0.0,0.0,0.0,0.0,0.0,0.0,0.0,0.0,0.0,0.0,0.0,0.0,0.0
-22.846,-23.848609,0.0,0.0,0.0,0.0,0.0,0.0,0.0,0.0,0.0,0.0,0.0,0.0,0.0,0.0,0.0,0.0
-22.835,-23.837609,0.0,0.0,0.0,0.0,0.0,0.0,0.0,0.0,0.0,0.0,0.0,0.0,0.0,0.0,0.0,0.0
-22.824,-23.826609,0.0,0.0,0.0,0.0,0.0,0.0,0.0,0.0,0.0,0.0,0.0,0.0,0.0,0.0,0.0,0.0
-22.813,-23.815609,0.0,0.0,0.0,0.0,0.0,0.0,0.0,0.0,0.0,0.0,0.0,0.0,0.0,0.0,0.0,0.0
-22.802,-23.804609,0.0,0.0,0.0,0.0,0.0,0.0,0.0,0.0,0.0,0.0,0.0,0.0,0.0,0.0,0.0,0.0
-22.791,-23.793609,0.0,0.0,0.0,0.0,0.0,0.0,0.0,0.0,0.0,0.0,0.0,0.0,0.0,0.0,0.0,0.0
-22.779,-23.781609,0.0,0.0,0.0,0.0,0.0,0.0,0.0,0.0,0.0,0.0,0.0,0.0,0.0,0.0,0.0,0.0
-22.768,-23.770609,0.0,0.0,0.0,0.0,0.0,0.0,0.0,0.0,0.0,0.0,0.0,0.0,0.0,0.0,0.0,0.0
-22.757,-23.759609,0.0,0.0,0.0,0.0,0.0,0.0,0.0,0.0,0.0,0.0,0.0,0.0,0.0,0.0,0.0,0.0
-22.746,-23.748609,0.0,0.0,0.0,0.0,0.0,0.0,0.0,0.0,0.0,0.0,0.0,0.0,0.0,0.0,0.0,0.0
-22.735,-23.737609,0.0,0.0,0.0,0.0,0.0,0.0,0.0,0.0,0.0,0.0,0.0,0.0,0.0,0.0,0.0,0.0
-22.724,-23.726609,0.0,0.0,0.0,0.0,0.0,0.0,0.0,0.0,0.0,0.0,0.0,0.0,0.0,0.0,0.0,0.0
-22.713,-23.715609,0.0,0.0,0.0,0.0,0.0,0.0,0.0,0.0,0.0,0.0,0.0,0.0,0.0,0.0,0.0,0.0
-22.702,-23.704609,0.0,0.0,0.0,0.0,0.0,0.0,0.0,0.0,0.0,0.0,0.0,0.0,0.0,0.0,0.0,0.0
-22.69,-23.692609,0.0,0.0,0.0,0.0,0.0,0.0,0.0,0.0,0.0,0.0,0.0,0.0,0.0,0.0,0.0,0.0
-22.679,-23.681608999999998,0.0,0.0,0.0,0.0,0.0,0.0,0.0,0.0,0.0,0.0,0.0,0.0,0.0,0.0,0.0,0.0
-22.668,-23.670609,0.0,0.0,0.0,0.0,0.0,0.0,0.0,0.0,0.0,0.0,0.0,0.0,0.0,0.0,0.0,0.0
-22.657,-23.659609,0.0,0.0,0.0,0.0,0.0,0.0,0.0,0.0,0.0,0.0,0.0,0.0,0.0,0.0,0.0,0.0
-22.646,-23.648609,0.0,0.0,0.0,0.0,0.0,0.0,0.0,0.0,0.0,0.0,0.0,0.0,0.0,0.0,0.0,0.0
-22.635,-23.637609,0.0,0.0,0.0,0.0,0.0,0.0,0.0,0.0,0.0,0.0,0.0,0.0,0.0,0.0,0.0,0.0
-22.624,-23.626609,0.0,0.0,0.0,0.0,0.0,0.0,0.0,0.0,0.0,0.0,0.0,0.0,0.0,0.0,0.0,0.0
-22.612,-23.614608999999998,0.0,0.0,0.0,0.0,0.0,0.0,0.0,0.0,0.0,0.0,0.0,0.0,0.0,0.0,0.0,0.0
-22.601,-23.603609,0.0,0.0,0.0,0.0,0.0,0.0,0.0,0.0,0.0,0.0,0.0,0.0,0.0,0.0,0.0,0.0
-22.59,-23.592609,0.0,0.0,0.0,0.0,0.0,0.0,0.0,0.0,0.0,0.0,0.0,0.0,0.0,0.0,0.0,0.0
-22.579,-23.581609,0.0,0.0,0.0,0.0,0.0,0.0,0.0,0.0,0.0,0.0,0.0,0.0,0.0,0.0,0.0,0.0
-22.568,-23.570609,0.0,0.0,0.0,0.0,0.0,0.0,0.0,0.0,0.0,0.0,0.0,0.0,0.0,0.0,0.0,0.0
-22.557,-23.559609,0.0,0.0,0.0,0.0,0.0,0.0,0.0,0.0,0.0,0.0,0.0,0.0,0.0,0.0,0.0,0.0
-22.546,-23.548609,0.0,0.0,0.0,0.0,0.0,0.0,0.0,0.0,0.0,0.0,0.0,0.0,0.0,0.0,0.0,0.0
-22.535,-23.537609,0.0,0.0,0.0,0.0,0.0,0.0,0.0,0.0,0.0,0.0,0.0,0.0,0.0,0.0,0.0,0.0
-22.523,-23.525609,0.0,0.0,0.0,0.0,0.0,0.0,0.0,0.0,0.0,0.0,0.0,0.0,0.0,0.0,0.0,0.0
-22.512,-23.514609,0.0,0.0,0.0,0.0,0.0,0.0,0.0,0.0,0.0,0.0,0.0,0.0,0.0,0.0,0.0,0.0
-22.501,-23.503609,0.0,0.0,0.0,0.0,0.0,0.0,0.0,0.0,0.0,0.0,0.0,0.0,0.0,0.0,0.0,0.0
-22.49,-23.492608999999998,0.0,0.0,0.0,0.0,0.0,0.0,0.0,0.0,0.0,0.0,0.0,0.0,0.0,0.0,0.0,0.0
-22.479,-23.481609,0.0,0.0,0.0,0.0,0.0,0.0,0.0,0.0,0.0,0.0,0.0,0.0,0.0,0.0,0.0,0.0
-22.468,-23.470609,0.0,0.0,0.0,0.0,0.0,0.0,0.0,0.0,0.0,0.0,0.0,0.0,0.0,0.0,0.0,0.0
-22.457,-23.459609,0.0,0.0,0.0,0.0,0.0,0.0,0.0,0.0,0.0,0.0,0.0,0.0,0.0,0.0,0.0,0.0
-22.445,-23.447609,0.0,0.0,0.0,0.0,0.0,0.0,0.0,0.0,0.0,0.0,0.0,0.0,0.0,0.0,0.0,0.0
-22.434,-23.436609,0.0,0.0,0.0,0.0,0.0,0.0,0.0,0.0,0.0,0.0,0.0,0.0,0.0,0.0,0.0,0.0
-22.423,-23.425608999999998,0.0,0.0,0.0,0.0,0.0,0.0,0.0,0.0,0.0,0.0,0.0,0.0,0.0,0.0,0.0,0.0
-22.412,-23.414609,0.0,0.0,0.0,0.0,0.0,0.0,0.0,0.0,0.0,0.0,0.0,0.0,0.0,0.0,0.0,0.0
-22.401,-23.403609,0.0,0.0,0.0,0.0,0.0,0.0,0.0,0.0,0.0,0.0,0.0,0.0,0.0,0.0,0.0,0.0
-22.39,-23.392609,0.0,0.0,0.0,0.0,0.0,0.0,0.0,0.0,0.0,0.0,0.0,0.0,0.0,0.0,0.0,0.0
-22.379,-23.381609,0.0,0.0,0.0,0.0,0.0,0.0,0.0,0.0,0.0,0.0,0.0,0.0,0.0,0.0,0.0,0.0
-22.368,-23.370608999999998,0.0,0.0,0.0,0.0,0.0,0.0,0.0,0.0,0.0,0.0,0.0,0.0,0.0,0.0,0.0,0.0
-22.356,-23.358609,0.0,0.0,0.0,0.0,0.0,0.0,0.0,0.0,0.0,0.0,0.0,0.0,0.0,0.0,0.0,0.0
-22.345,-23.347609,0.0,0.0,0.0,0.0,0.0,0.0,0.0,0.0,0.0,0.0,0.0,0.0,0.0,0.0,0.0,0.0
-22.334,-23.336609,0.0,0.0,0.0,0.0,0.0,0.0,0.0,0.0,0.0,0.0,0.0,0.0,0.0,0.0,0.0,0.0
-22.323,-23.325609,0.0,0.0,0.0,0.0,0.0,0.0,0.0,0.0,0.0,0.0,0.0,0.0,0.0,0.0,0.0,0.0
-22.312,-23.314609,0.0,0.0,0.0,0.0,0.0,0.0,0.0,0.0,0.0,0.0,0.0,0.0,0.0,0.0,0.0,0.0
-22.301,-23.303608999999998,0.0,0.0,0.0,0.0,0.0,0.0,0.0,0.0,0.0,0.0,0.0,0.0,0.0,0.0,0.0,0.0
-22.29,-23.292609,0.0,0.0,0.0,0.0,0.0,0.0,0.0,0.0,0.0,0.0,0.0,0.0,0.0,0.0,0.0,0.0
-22.278,-23.280609,0.0,0.0,0.0,0.0,0.0,0.0,0.0,0.0,0.0,0.0,0.0,0.0,0.0,0.0,0.0,0.0
-22.267,-23.269609,0.0,0.0,0.0,0.0,0.0,0.0,0.0,0.0,0.0,0.0,0.0,0.0,0.0,0.0,0.0,0.0
-22.256,-23.258609,0.0,0.0,0.0,0.0,0.0,0.0,0.0,0.0,0.0,0.0,0.0,0.0,0.0,0.0,0.0,0.0
-22.245,-23.247609,0.0,0.0,0.0,0.0,0.0,0.0,0.0,0.0,0.0,0.0,0.0,0.0,0.0,0.0,0.0,0.0
-22.234,-23.236609,0.0,0.0,0.0,0.0,0.0,0.0,0.0,0.0,0.0,0.0,0.0,0.0,0.0,0.0,0.0,0.0
-22.223,-23.225609,0.0,0.0,0.0,0.0,0.0,0.0,0.0,0.0,0.0,0.0,0.0,0.0,0.0,0.0,0.0,0.0
-22.212,-23.214609,0.0,0.0,0.0,0.0,0.0,0.0,0.0,0.0,0.0,0.0,0.0,0.0,0.0,0.0,0.0,0.0
-22.2,-23.202609,0.0,0.0,0.0,0.0,0.0,0.0,0.0,0.0,0.0,0.0,0.0,0.0,0.0,0.0,0.0,0.0
-22.189,-23.191609,0.0,0.0,0.0,0.0,0.0,0.0,0.0,0.0,0.0,0.0,0.0,0.0,0.0,0.0,0.0,0.0
-22.178,-23.180609,0.0,0.0,0.0,0.0,0.0,0.0,0.0,0.0,0.0,0.0,0.0,0.0,0.0,0.0,0.0,0.0
-22.167,-23.169609,0.0,0.0,0.0,0.0,0.0,0.0,0.0,0.0,0.0,0.0,0.0,0.0,0.0,0.0,0.0,0.0
-22.156,-23.158609,0.0,0.0,0.0,0.0,0.0,0.0,0.0,0.0,0.0,0.0,0.0,0.0,0.0,0.0,0.0,0.0
-22.145,-23.147609,0.0,0.0,0.0,0.0,0.0,0.0,0.0,0.0,0.0,0.0,0.0,0.0,0.0,0.0,0.0,0.0
-22.134,-23.136609,0.0,0.0,0.0,0.0,0.0,0.0,0.0,0.0,0.0,0.0,0.0,0.0,0.0,0.0,0.0,0.0
-22.123,-23.125609,0.0,0.0,0.0,0.0,0.0,0.0,0.0,0.0,0.0,0.0,0.0,0.0,0.0,0.0,0.0,0.0
-22.111,-23.113609,0.0,0.0,0.0,0.0,0.0,0.0,0.0,0.0,0.0,0.0,0.0,0.0,0.0,0.0,0.0,0.0
-22.1,-23.102609,0.0,0.0,0.0,0.0,0.0,0.0,0.0,0.0,0.0,0.0,0.0,0.0,0.0,0.0,0.0,0.0
-22.089,-23.091609,0.0,0.0,0.0,0.0,0.0,0.0,0.0,0.0,0.0,0.0,0.0,0.0,0.0,0.0,0.0,0.0
-22.078,-23.080609,0.0,0.0,0.0,0.0,0.0,0.0,0.0,0.0,0.0,0.0,0.0,0.0,0.0,0.0,0.0,0.0
-22.067,-23.069609,0.0,0.0,0.0,0.0,0.0,0.0,0.0,0.0,0.0,0.0,0.0,0.0,0.0,0.0,0.0,0.0
-22.056,-23.058609,0.0,0.0,0.0,0.0,0.0,0.0,0.0,0.0,0.0,0.0,0.0,0.0,0.0,0.0,0.0,0.0
-22.045,-23.047609,0.0,0.0,0.0,0.0,0.0,0.0,0.0,0.0,0.0,0.0,0.0,0.0,0.0,0.0,0.0,0.0
-22.033,-23.035609,0.0,0.0,0.0,0.0,0.0,0.0,0.0,0.0,0.0,0.0,0.0,0.0,0.0,0.0,0.0,0.0
-22.022,-23.024608999999998,0.0,0.0,0.0,0.0,0.0,0.0,0.0,0.0,0.0,0.0,0.0,0.0,0.0,0.0,0.0,0.0
-22.011,-23.013609,0.0,0.0,0.0,0.0,0.0,0.0,0.0,0.0,0.0,0.0,0.0,0.0,0.0,0.0,0.0,0.0
-22.0,-23.002609,0.0,0.0,0.0,0.0,0.0,0.0,0.0,0.0,0.0,0.0,0.0,0.0,0.0,0.0,0.0,0.0
-21.989,-22.991609,0.0,0.0,0.0,0.0,0.0,0.0,0.0,0.0,0.0,0.0,0.0,0.0,0.0,0.0,0.0,0.0
-21.978,-22.980609,0.0,0.0,0.0,0.0,0.0,0.0,0.0,0.0,0.0,0.0,0.0,0.0,0.0,0.0,0.0,0.0
-21.967,-22.969609,0.0,0.0,0.0,0.0,0.0,0.0,0.0,0.0,0.0,0.0,0.0,0.0,0.0,0.0,0.0,0.0
-21.956,-22.958609,0.0,0.0,0.0,0.0,0.0,0.0,0.0,0.0,0.0,0.0,0.0,0.0,0.0,0.0,0.0,0.0
-21.944,-22.946609,0.0,0.0,0.0,0.0,0.0,0.0,0.0,0.0,0.0,0.0,0.0,0.0,0.0,0.0,0.0,0.0
-21.933,-22.935609,0.0,0.0,0.0,0.0,0.0,0.0,0.0,0.0,0.0,0.0,0.0,0.0,0.0,0.0,0.0,0.0
-21.922,-22.924609,0.0,0.0,0.0,0.0,0.0,0.0,0.0,0.0,0.0,0.0,0.0,0.0,0.0,0.0,0.0,0.0
-21.911,-22.913609,0.0,0.0,0.0,0.0,0.0,0.0,0.0,0.0,0.0,0.0,0.0,0.0,0.0,0.0,0.0,0.0
-21.9,-22.902608999999998,0.0,0.0,0.0,0.0,0.0,0.0,0.0,0.0,0.0,0.0,0.0,0.0,0.0,0.0,0.0,0.0
-21.889,-22.891609,0.0,0.0,0.0,0.0,0.0,0.0,0.0,0.0,0.0,0.0,0.0,0.0,0.0,0.0,0.0,0.0
-21.878,-22.880609,0.0,0.0,0.0,0.0,0.0,0.0,0.0,0.0,0.0,0.0,0.0,0.0,0.0,0.0,0.0,0.0
-21.866,-22.868609,0.0,0.0,0.0,0.0,0.0,0.0,0.0,0.0,0.0,0.0,0.0,0.0,0.0,0.0,0.0,0.0
-21.855,-22.857609,0.0,0.0,0.0,0.0,0.0,0.0,0.0,0.0,0.0,0.0,0.0,0.0,0.0,0.0,0.0,0.0
-21.844,-22.846609,0.0,0.0,0.0,0.0,0.0,0.0,0.0,0.0,0.0,0.0,0.0,0.0,0.0,0.0,0.0,0.0
-21.833,-22.835608999999998,0.0,0.0,0.0,0.0,0.0,0.0,0.0,0.0,0.0,0.0,0.0,0.0,0.0,0.0,0.0,0.0
-21.822,-22.824609,0.0,0.0,0.0,0.0,0.0,0.0,0.0,0.0,0.0,0.0,0.0,0.0,0.0,0.0,0.0,0.0
-21.811,-22.813609,0.0,0.0,0.0,0.0,0.0,0.0,0.0,0.0,0.0,0.0,0.0,0.0,0.0,0.0,0.0,0.0
-21.8,-22.802609,0.0,0.0,0.0,0.0,0.0,0.0,0.0,0.0,0.0,0.0,0.0,0.0,0.0,0.0,0.0,0.0
-21.789,-22.791609,0.0,0.0,0.0,0.0,0.0,0.0,0.0,0.0,0.0,0.0,0.0,0.0,0.0,0.0,0.0,0.0
-21.777,-22.779609,0.0,0.0,0.0,0.0,0.0,0.0,0.0,0.0,0.0,0.0,0.0,0.0,0.0,0.0,0.0,0.0
-21.766,-22.768608999999998,0.0,0.0,0.0,0.0,0.0,0.0,0.0,0.0,0.0,0.0,0.0,0.0,0.0,0.0,0.0,0.0
-21.755,-22.757609,0.0,0.0,0.0,0.0,0.0,0.0,0.0,0.0,0.0,0.0,0.0,0.0,0.0,0.0,0.0,0.0
-21.744,-22.746609,0.0,0.0,0.0,0.0,0.0,0.0,0.0,0.0,0.0,0.0,0.0,0.0,0.0,0.0,0.0,0.0
-21.733,-22.735609,0.0,0.0,0.0,0.0,0.0,0.0,0.0,0.0,0.0,0.0,0.0,0.0,0.0,0.0,0.0,0.0
-21.722,-22.724609,0.0,0.0,0.0,0.0,0.0,0.0,0.0,0.0,0.0,0.0,0.0,0.0,0.0,0.0,0.0,0.0
-21.711,-22.713608999999998,0.0,0.0,0.0,0.0,0.0,0.0,0.0,0.0,0.0,0.0,0.0,0.0,0.0,0.0,0.0,0.0
-21.699,-22.701609,0.0,0.0,0.0,0.0,0.0,0.0,0.0,0.0,0.0,0.0,0.0,0.0,0.0,0.0,0.0,0.0
-21.688,-22.690609,0.0,0.0,0.0,0.0,0.0,0.0,0.0,0.0,0.0,0.0,0.0,0.0,0.0,0.0,0.0,0.0
-21.677,-22.679609,0.0,0.0,0.0,0.0,0.0,0.0,0.0,0.0,0.0,0.0,0.0,0.0,0.0,0.0,0.0,0.0
-21.666,-22.668609,0.0,0.0,0.0,0.0,0.0,0.0,0.0,0.0,0.0,0.0,0.0,0.0,0.0,0.0,0.0,0.0
-21.655,-22.657609,0.0,0.0,0.0,0.0,0.0,0.0,0.0,0.0,0.0,0.0,0.0,0.0,0.0,0.0,0.0,0.0
-21.644,-22.646608999999998,0.0,0.0,0.0,0.0,0.0,0.0,0.0,0.0,0.0,0.0,0.0,0.0,0.0,0.0,0.0,0.0
-21.633,-22.635609,0.0,0.0,0.0,0.0,0.0,0.0,0.0,0.0,0.0,0.0,0.0,0.0,0.0,0.0,0.0,0.0
-21.621,-22.623609,0.0,0.0,0.0,0.0,0.0,0.0,0.0,0.0,0.0,0.0,0.0,0.0,0.0,0.0,0.0,0.0
-21.61,-22.612609,0.0,0.0,0.0,0.0,0.0,0.0,0.0,0.0,0.0,0.0,0.0,0.0,0.0,0.0,0.0,0.0
-21.599,-22.601609,0.0,0.0,0.0,0.0,0.0,0.0,0.0,0.0,0.0,0.0,0.0,0.0,0.0,0.0,0.0,0.0
-21.588,-22.590609,0.0,0.0,0.0,0.0,0.0,0.0,0.0,0.0,0.0,0.0,0.0,0.0,0.0,0.0,0.0,0.0
-21.577,-22.579609,0.0,0.0,0.0,0.0,0.0,0.0,0.0,0.0,0.0,0.0,0.0,0.0,0.0,0.0,0.0,0.0
-21.566,-22.568609,0.0,0.0,0.0,0.0,0.0,0.0,0.0,0.0,0.0,0.0,0.0,0.0,0.0,0.0,0.0,0.0
-21.555,-22.557609,0.0,0.0,0.0,0.0,0.0,0.0,0.0,0.0,0.0,0.0,0.0,0.0,0.0,0.0,0.0,0.0
-21.544,-22.546609,0.0,0.0,0.0,0.0,0.0,0.0,0.0,0.0,0.0,0.0,0.0,0.0,0.0,0.0,0.0,0.0
-21.532,-22.534609,0.0,0.0,0.0,0.0,0.0,0.0,0.0,0.0,0.0,0.0,0.0,0.0,0.0,0.0,0.0,0.0
-21.521,-22.523609,0.0,0.0,0.0,0.0,0.0,0.0,0.0,0.0,0.0,0.0,0.0,0.0,0.0,0.0,0.0,0.0
-21.51,-22.512609,0.0,0.0,0.0,0.0,0.0,0.0,0.0,0.0,0.0,0.0,0.0,0.0,0.0,0.0,0.0,0.0
-21.499,-22.501609,0.0,0.0,0.0,0.0,0.0,0.0,0.0,0.0,0.0,0.0,0.0,0.0,0.0,0.0,0.0,0.0
-21.488,-22.490609,0.0,0.0,0.0,0.0,0.0,0.0,0.0,0.0,0.0,0.0,0.0,0.0,0.0,0.0,0.0,0.0
-21.477,-22.479609,0.0,0.0,0.0,0.0,0.0,0.0,0.0,0.0,0.0,0.0,0.0,0.0,0.0,0.0,0.0,0.0
-21.466,-22.468609,0.0,0.0,0.0,0.0,0.0,0.0,0.0,0.0,0.0,0.0,0.0,0.0,0.0,0.0,0.0,0.0
-21.454,-22.456609,0.0,0.0,0.0,0.0,0.0,0.0,0.0,0.0,0.0,0.0,0.0,0.0,0.0,0.0,0.0,0.0
-21.443,-22.445609,0.0,0.0,0.0,0.0,0.0,0.0,0.0,0.0,0.0,0.0,0.0,0.0,0.0,0.0,0.0,0.0
-21.432,-22.434609,0.0,0.0,0.0,0.0,0.0,0.0,0.0,0.0,0.0,0.0,0.0,0.0,0.0,0.0,0.0,0.0
-21.421,-22.423609,0.0,0.0,0.0,0.0,0.0,0.0,0.0,0.0,0.0,0.0,0.0,0.0,0.0,0.0,0.0,0.0
-21.41,-22.412609,0.0,0.0,0.0,0.0,0.0,0.0,0.0,0.0,0.0,0.0,0.0,0.0,0.0,0.0,0.0,0.0
-21.399,-22.401609,0.0,0.0,0.0,0.0,0.0,0.0,0.0,0.0,0.0,0.0,0.0,0.0,0.0,0.0,0.0,0.0
-21.388,-22.390609,0.0,0.0,0.0,0.0,0.0,0.0,0.0,0.0,0.0,0.0,0.0,0.0,0.0,0.0,0.0,0.0
-21.377,-22.379609,0.0,0.0,0.0,0.0,0.0,0.0,0.0,0.0,0.0,0.0,0.0,0.0,0.0,0.0,0.0,0.0
-21.365,-22.367608999999998,0.0,0.0,0.0,0.0,0.0,0.0,0.0,0.0,0.0,0.0,0.0,0.0,0.0,0.0,0.0,0.0
-21.354,-22.356609,0.0,0.0,0.0,0.0,0.0,0.0,0.0,0.0,0.0,0.0,0.0,0.0,0.0,0.0,0.0,0.0
-21.343,-22.345609,0.0,0.0,0.0,0.0,0.0,0.0,0.0,0.0,0.0,0.0,0.0,0.0,0.0,0.0,0.0,0.0
-21.332,-22.334609,0.0,0.0,0.0,0.0,0.0,0.0,0.0,0.0,0.0,0.0,0.0,0.0,0.0,0.0,0.0,0.0
-21.321,-22.323609,0.0,0.0,0.0,0.0,0.0,0.0,0.0,0.0,0.0,0.0,0.0,0.0,0.0,0.0,0.0,0.0
-21.31,-22.312609,0.0,0.0,0.0,0.0,0.0,0.0,0.0,0.0,0.0,0.0,0.0,0.0,0.0,0.0,0.0,0.0
-21.299,-22.301609,0.0,0.0,0.0,0.0,0.0,0.0,0.0,0.0,0.0,0.0,0.0,0.0,0.0,0.0,0.0,0.0
-21.287,-22.289609,0.0,0.0,0.0,0.0,0.0,0.0,0.0,0.0,0.0,0.0,0.0,0.0,0.0,0.0,0.0,0.0
-21.276,-22.278609,0.0,0.0,0.0,0.0,0.0,0.0,0.0,0.0,0.0,0.0,0.0,0.0,0.0,0.0,0.0,0.0
-21.265,-22.267609,0.0,0.0,0.0,0.0,0.0,0.0,0.0,0.0,0.0,0.0,0.0,0.0,0.0,0.0,0.0,0.0
-21.254,-22.256609,0.0,0.0,0.0,0.0,0.0,0.0,0.0,0.0,0.0,0.0,0.0,0.0,0.0,0.0,0.0,0.0
-21.243,-22.245608999999998,0.0,0.0,0.0,0.0,0.0,0.0,0.0,0.0,0.0,0.0,0.0,0.0,0.0,0.0,0.0,0.0
-21.232,-22.234609,0.0,0.0,0.0,0.0,0.0,0.0,0.0,0.0,0.0,0.0,0.0,0.0,0.0,0.0,0.0,0.0
-21.221,-22.223609,0.0,0.0,0.0,0.0,0.0,0.0,0.0,0.0,0.0,0.0,0.0,0.0,0.0,0.0,0.0,0.0
-21.21,-22.212609,0.0,0.0,0.0,0.0,0.0,0.0,0.0,0.0,0.0,0.0,0.0,0.0,0.0,0.0,0.0,0.0
-21.198,-22.200609,0.0,0.0,0.0,0.0,0.0,0.0,0.0,0.0,0.0,0.0,0.0,0.0,0.0,0.0,0.0,0.0
-21.187,-22.189609,0.0,0.0,0.0,0.0,0.0,0.0,0.0,0.0,0.0,0.0,0.0,0.0,0.0,0.0,0.0,0.0
-21.176,-22.178608999999998,0.0,0.0,0.0,0.0,0.0,0.0,0.0,0.0,0.0,0.0,0.0,0.0,0.0,0.0,0.0,0.0
-21.165,-22.167609,0.0,0.0,0.0,0.0,0.0,0.0,0.0,0.0,0.0,0.0,0.0,0.0,0.0,0.0,0.0,0.0
-21.154,-22.156609,0.0,0.0,0.0,0.0,0.0,0.0,0.0,0.0,0.0,0.0,0.0,0.0,0.0,0.0,0.0,0.0
-21.143,-22.145609,0.0,0.0,0.0,0.0,0.0,0.0,0.0,0.0,0.0,0.0,0.0,0.0,0.0,0.0,0.0,0.0
-21.132,-22.134609,0.0,0.0,0.0,0.0,0.0,0.0,0.0,0.0,0.0,0.0,0.0,0.0,0.0,0.0,0.0,0.0
-21.12,-22.122609,0.0,0.0,0.0,0.0,0.0,0.0,0.0,0.0,0.0,0.0,0.0,0.0,0.0,0.0,0.0,0.0
-21.109,-22.111609,0.0,0.0,0.0,0.0,0.0,0.0,0.0,0.0,0.0,0.0,0.0,0.0,0.0,0.0,0.0,0.0
-21.098,-22.100609,0.0,0.0,0.0,0.0,0.0,0.0,0.0,0.0,0.0,0.0,0.0,0.0,0.0,0.0,0.0,0.0
-21.087,-22.089609,0.0,0.0,0.0,0.0,0.0,0.0,0.0,0.0,0.0,0.0,0.0,0.0,0.0,0.0,0.0,0.0
-21.076,-22.078609,0.0,0.0,0.0,0.0,0.0,0.0,0.0,0.0,0.0,0.0,0.0,0.0,0.0,0.0,0.0,0.0
-21.065,-22.067609,0.0,0.0,0.0,0.0,0.0,0.0,0.0,0.0,0.0,0.0,0.0,0.0,0.0,0.0,0.0,0.0
-21.054,-22.056608999999998,0.0,0.0,0.0,0.0,0.0,0.0,0.0,0.0,0.0,0.0,0.0,0.0,0.0,0.0,0.0,0.0
-21.043,-22.045609,0.0,0.0,0.0,0.0,0.0,0.0,0.0,0.0,0.0,0.0,0.0,0.0,0.0,0.0,0.0,0.0
-21.031,-22.033609,0.0,0.0,0.0,0.0,0.0,0.0,0.0,0.0,0.0,0.0,0.0,0.0,0.0,0.0,0.0,0.0
-21.02,-22.022609,0.0,0.0,0.0,0.0,0.0,0.0,0.0,0.0,0.0,0.0,0.0,0.0,0.0,0.0,0.0,0.0
-21.009,-22.011609,0.0,0.0,0.0,0.0,0.0,0.0,0.0,0.0,0.0,0.0,0.0,0.0,0.0,0.0,0.0,0.0
-20.998,-22.000609,0.0,0.0,0.0,0.0,0.0,0.0,0.0,0.0,0.0,0.0,0.0,0.0,0.0,0.0,0.0,0.0
-20.987,-21.989608999999998,0.0,0.0,0.0,0.0,0.0,0.0,0.0,0.0,0.0,0.0,0.0,0.0,0.0,0.0,0.0,0.0
-20.976,-21.978609,0.0,0.0,0.0,0.0,0.0,0.0,0.0,0.0,0.0,0.0,0.0,0.0,0.0,0.0,0.0,0.0
-20.965,-21.967609,0.0,0.0,0.0,0.0,0.0,0.0,0.0,0.0,0.0,0.0,0.0,0.0,0.0,0.0,0.0,0.0
-20.953,-21.955609,0.0,0.0,0.0,0.0,0.0,0.0,0.0,0.0,0.0,0.0,0.0,0.0,0.0,0.0,0.0,0.0
-20.942,-21.944609,0.0,0.0,0.0,0.0,0.0,0.0,0.0,0.0,0.0,0.0,0.0,0.0,0.0,0.0,0.0,0.0
-20.931,-21.933609,0.0,0.0,0.0,0.0,0.0,0.0,0.0,0.0,0.0,0.0,0.0,0.0,0.0,0.0,0.0,0.0
-20.92,-21.922609,0.0,0.0,0.0,0.0,0.0,0.0,0.0,0.0,0.0,0.0,0.0,0.0,0.0,0.0,0.0,0.0
-20.909,-21.911609,0.0,0.0,0.0,0.0,0.0,0.0,0.0,0.0,0.0,0.0,0.0,0.0,0.0,0.0,0.0,0.0
-20.898,-21.900609,0.0,0.0,0.0,0.0,0.0,0.0,0.0,0.0,0.0,0.0,0.0,0.0,0.0,0.0,0.0,0.0
-20.887,-21.889609,0.0,0.0,0.0,0.0,0.0,0.0,0.0,0.0,0.0,0.0,0.0,0.0,0.0,0.0,0.0,0.0
-20.875,-21.877609,0.0,0.0,0.0,0.0,0.0,0.0,0.0,0.0,0.0,0.0,0.0,0.0,0.0,0.0,0.0,0.0
-20.864,-21.866609,0.0,0.0,0.0,0.0,0.0,0.0,0.0,0.0,0.0,0.0,0.0,0.0,0.0,0.0,0.0,0.0
-20.853,-21.855609,0.0,0.0,0.0,0.0,0.0,0.0,0.0,0.0,0.0,0.0,0.0,0.0,0.0,0.0,0.0,0.0
-20.842,-21.844609,0.0,0.0,0.0,0.0,0.0,0.0,0.0,0.0,0.0,0.0,0.0,0.0,0.0,0.0,0.0,0.0
-20.831,-21.833609,0.0,0.0,0.0,0.0,0.0,0.0,0.0,0.0,0.0,0.0,0.0,0.0,0.0,0.0,0.0,0.0
-20.82,-21.822609,0.0,0.0,0.0,0.0,0.0,0.0,0.0,0.0,0.0,0.0,0.0,0.0,0.0,0.0,0.0,0.0
-20.809,-21.811609,0.0,0.0,0.0,0.0,0.0,0.0,0.0,0.0,0.0,0.0,0.0,0.0,0.0,0.0,0.0,0.0
-20.798,-21.800608999999998,0.0,0.0,0.0,0.0,0.0,0.0,0.0,0.0,0.0,0.0,0.0,0.0,0.0,0.0,0.0,0.0
-20.786,-21.788609,0.0,0.0,0.0,0.0,0.0,0.0,0.0,0.0,0.0,0.0,0.0,0.0,0.0,0.0,0.0,0.0
-20.775,-21.777608999999998,0.0,0.0,0.0,0.0,0.0,0.0,0.0,0.0,0.0,0.0,0.0,0.0,0.0,0.0,0.0,0.0
-20.764,-21.766609,0.0,0.0,0.0,0.0,0.0,0.0,0.0,0.0,0.0,0.0,0.0,0.0,0.0,0.0,0.0,0.0
-20.753,-21.755609,0.0,0.0,0.0,0.0,0.0,0.0,0.0,0.0,0.0,0.0,0.0,0.0,0.0,0.0,0.0,0.0
-20.742,-21.744609,0.0,0.0,0.0,0.0,0.0,0.0,0.0,0.0,0.0,0.0,0.0,0.0,0.0,0.0,0.0,0.0
-20.731,-21.733609,0.0,0.0,0.0,0.0,0.0,0.0,0.0,0.0,0.0,0.0,0.0,0.0,0.0,0.0,0.0,0.0
-20.72,-21.722609,0.0,0.0,0.0,0.0,0.0,0.0,0.0,0.0,0.0,0.0,0.0,0.0,0.0,0.0,0.0,0.0
-20.708,-21.710608999999998,0.0,0.0,0.0,0.0,0.0,0.0,0.0,0.0,0.0,0.0,0.0,0.0,0.0,0.0,0.0,0.0
-20.697,-21.699609,0.0,0.0,0.0,0.0,0.0,0.0,0.0,0.0,0.0,0.0,0.0,0.0,0.0,0.0,0.0,0.0
-20.686,-21.688609,0.0,0.0,0.0,0.0,0.0,0.0,0.0,0.0,0.0,0.0,0.0,0.0,0.0,0.0,0.0,0.0
-20.675,-21.677609,0.0,0.0,0.0,0.0,0.0,0.0,0.0,0.0,0.0,0.0,0.0,0.0,0.0,0.0,0.0,0.0
-20.664,-21.666609,0.0,0.0,0.0,0.0,0.0,0.0,0.0,0.0,0.0,0.0,0.0,0.0,0.0,0.0,0.0,0.0
-20.653,-21.655609,0.0,0.0,0.0,0.0,0.0,0.0,0.0,0.0,0.0,0.0,0.0,0.0,0.0,0.0,0.0,0.0
-20.642,-21.644609,0.0,0.0,0.0,0.0,0.0,0.0,0.0,0.0,0.0,0.0,0.0,0.0,0.0,0.0,0.0,0.0
-20.631,-21.633609,0.0,0.0,0.0,0.0,0.0,0.0,0.0,0.0,0.0,0.0,0.0,0.0,0.0,0.0,0.0,0.0
-20.619,-21.621609,0.0,0.0,0.0,0.0,0.0,0.0,0.0,0.0,0.0,0.0,0.0,0.0,0.0,0.0,0.0,0.0
-20.608,-21.610609,0.0,0.0,0.0,0.0,0.0,0.0,0.0,0.0,0.0,0.0,0.0,0.0,0.0,0.0,0.0,0.0
-20.597,-21.599609,0.0,0.0,0.0,0.0,0.0,0.0,0.0,0.0,0.0,0.0,0.0,0.0,0.0,0.0,0.0,0.0
-20.586,-21.588608999999998,0.0,0.0,0.0,0.0,0.0,0.0,0.0,0.0,0.0,0.0,0.0,0.0,0.0,0.0,0.0,0.0
-20.575,-21.577609,0.0,0.0,0.0,0.0,0.0,0.0,0.0,0.0,0.0,0.0,0.0,0.0,0.0,0.0,0.0,0.0
-20.564,-21.566609,0.0,0.0,0.0,0.0,0.0,0.0,0.0,0.0,0.0,0.0,0.0,0.0,0.0,0.0,0.0,0.0
-20.553,-21.555609,0.0,0.0,0.0,0.0,0.0,0.0,0.0,0.0,0.0,0.0,0.0,0.0,0.0,0.0,0.0,0.0
-20.541,-21.543609,0.0,0.0,0.0,0.0,0.0,0.0,0.0,0.0,0.0,0.0,0.0,0.0,0.0,0.0,0.0,0.0
-20.53,-21.532609,0.0,0.0,0.0,0.0,0.0,0.0,0.0,0.0,0.0,0.0,0.0,0.0,0.0,0.0,0.0,0.0
-20.519,-21.521608999999998,0.0,0.0,0.0,0.0,0.0,0.0,0.0,0.0,0.0,0.0,0.0,0.0,0.0,0.0,0.0,0.0
-20.508,-21.510609,0.0,0.0,0.0,0.0,0.0,0.0,0.0,0.0,0.0,0.0,0.0,0.0,0.0,0.0,0.0,0.0
-20.497,-21.499609,0.0,0.0,0.0,0.0,0.0,0.0,0.0,0.0,0.0,0.0,0.0,0.0,0.0,0.0,0.0,0.0
-20.486,-21.488609,0.0,0.0,0.0,0.0,0.0,0.0,0.0,0.0,0.0,0.0,0.0,0.0,0.0,0.0,0.0,0.0
-20.475,-21.477609,0.0,0.0,0.0,0.0,0.0,0.0,0.0,0.0,0.0,0.0,0.0,0.0,0.0,0.0,0.0,0.0
-20.464,-21.466609,0.0,0.0,0.0,0.0,0.0,0.0,0.0,0.0,0.0,0.0,0.0,0.0,0.0,0.0,0.0,0.0
-20.452,-21.454609,359.25,0.01608425,1.3260325e-05,4.170174999999999e-06,2.47475e-05,1.902775e-05,4.4714622500000005e-05,0.00027075,0.00481275,354.89,0.3192095,0.09937185000000001,0.0,0.29232525000000004,0.099677296,0.023958765707499996
-20.441,-21.443609,0.0,0.0,0.0,0.0,0.0,0.0,0.0,0.0,0.0,0.0,0.0,0.0,0.0,0.0,0.0,0.0
-20.43,-21.432609,179.625,0.014800500000000001,6.7629e-06,1.5556125e-06,2.58e-06,2.054675e-06,4.920465e-06,6.74925e-05,0.001311975,177.99325,0.048778499999999995,0.016053469249999997,0.0,0.009628250000000001,0.0072819284,0.0032398605375
-20.419,-21.421609,44.9,0.00422389,1.672134675e-06,4.1010665967500004e-07,4.122126e-07,3.0038757500000005e-07,6.711065375000001e-07,2.458056375e-06,0.00042298876734999996,44.51070927975,8.036078750000001e-05,0.001309857831535,0.0,0.005919323717500001,0.0026206788996249995,0.0008633590468199999
-20.408,-21.410609,179.625,0.017386,6.847975000000001e-06,1.6438092500000001e-06,1.266e-06,9.385800000000001e-07,2.1184449999999997e-06,3.8348e-05,0.0021874775,178.05915000000002,0.00035092475,0.0051673099,0.0,0.018626481075,0.008888469975,0.00311270822
-20.397,-21.399608999999998,134.725,0.014269,5.4562500000000005e-06,1.2424175000000001e-06,1.18665e-07,1.0186450000000002e-07,2.5857275e-07,9.402589949999999e-05,0.0027653526249999997,133.57241253749999,0.00037490959999999997,0.0037057709657499997,0.0,0.0022549478250000004,0.0029684120247500004,0.0015435862445499998
-20.386,-21.388609,0.0,0.0,0.0,0.0,0.0,0.0,0.0,0.0,0.0,0.0,0.0,0.0,0.0,0.0,0.0,0.0
-20.374,-21.376609,0.0,0.0,0.0,0.0,0.0,0.0,0.0,0.0,0.0,0.0,0.0,0.0,0.0,0.0,0.0,0.0
-20.363,-21.365609,0.0,0.0,0.0,0.0,0.0,0.0,0.0,0.0,0.0,0.0,0.0,0.0,0.0,0.0,0.0,0.0
-20.352,-21.354609,0.0,0.0,0.0,0.0,0.0,0.0,0.0,0.0,0.0,0.0,0.0,0.0,0.0,0.0,0.0,0.0
-20.341,-21.343609,0.0,0.0,0.0,0.0,0.0,0.0,0.0,0.0,0.0,0.0,0.0,0.0,0.0,0.0,0.0,0.0
-20.33,-21.332608999999998,0.0,0.0,0.0,0.0,0.0,0.0,0.0,0.0,0.0,0.0,0.0,0.0,0.0,0.0,0.0,0.0
-20.319,-21.321609,0.0,0.0,0.0,0.0,0.0,0.0,0.0,0.0,0.0,0.0,0.0,0.0,0.0,0.0,0.0,0.0
-20.308,-21.310609,0.0,0.0,0.0,0.0,0.0,0.0,0.0,0.0,0.0,0.0,0.0,0.0,0.0,0.0,0.0,0.0
-20.296,-21.298609,0.0,0.0,0.0,0.0,0.0,0.0,0.0,0.0,0.0,0.0,0.0,0.0,0.0,0.0,0.0,0.0
-20.285,-21.287609,0.0,0.0,0.0,0.0,0.0,0.0,0.0,0.0,0.0,0.0,0.0,0.0,0.0,0.0,0.0,0.0
-20.274,-21.276609,0.0,0.0,0.0,0.0,0.0,0.0,0.0,0.0,0.0,0.0,0.0,0.0,0.0,0.0,0.0,0.0
-20.263,-21.265609,179.625,164.207375,5.4434925e-05,4.1153940612499995e-05,5.68975e-05,2.9505000000000003e-05,3.3463e-05,6.346e-05,4.4175e-05,0.040627699999999996,0.007672000000000001,0.0016827868749999999,0.0,0.00718575,0.0017341662499999997,0.00027133358750000005
-20.252,-21.254609,0.0,0.0,0.0,0.0,0.0,0.0,0.0,0.0,0.0,0.0,0.0,0.0,0.0,0.0,0.0,0.0
-20.241,-21.243609,179.625,164.011325,4.5766445000000006e-05,3.694505925000001e-05,6.4625e-05,3.549275e-05,3.8273500000000005e-05,5.59875e-05,4.507e-05,0.036577,0.0073384999999999995,0.0018686574750000002,0.0,0.007268749999999999,0.001974678175,0.00032633159
-20.23,-21.232609,0.0,0.0,0.0,0.0,0.0,0.0,0.0,0.0,0.0,0.0,0.0,0.0,0.0,0.0,0.0,0.0
-20.219,-21.221609,0.0,0.0,0.0,0.0,0.0,0.0,0.0,0.0,0.0,0.0,0.0,0.0,0.0,0.0,0.0,0.0
-20.207,-21.209609,0.0,0.0,0.0,0.0,0.0,0.0,0.0,0.0,0.0,0.0,0.0,0.0,0.0,0.0,0.0,0.0
-20.196,-21.198609,0.0,0.0,0.0,0.0,0.0,0.0,0.0,0.0,0.0,0.0,0.0,0.0,0.0,0.0,0.0,0.0
-20.185,-21.187609,0.0,0.0,0.0,0.0,0.0,0.0,0.0,0.0,0.0,0.0,0.0,0.0,0.0,0.0,0.0,0.0
-20.174,-21.176609,0.0,0.0,0.0,0.0,0.0,0.0,0.0,0.0,0.0,0.0,0.0,0.0,0.0,0.0,0.0,0.0
-20.163,-21.165609,0.0,0.0,0.0,0.0,0.0,0.0,0.0,0.0,0.0,0.0,0.0,0.0,0.0,0.0,0.0,0.0
-20.152,-21.154609,0.0,0.0,0.0,0.0,0.0,0.0,0.0,0.0,0.0,0.0,0.0,0.0,0.0,0.0,0.0,0.0
-20.141,-21.143608999999998,0.0,0.0,0.0,0.0,0.0,0.0,0.0,0.0,0.0,0.0,0.0,0.0,0.0,0.0,0.0,0.0
-20.129,-21.131609,0.0,0.0,0.0,0.0,0.0,0.0,0.0,0.0,0.0,0.0,0.0,0.0,0.0,0.0,0.0,0.0
-20.118,-21.120608999999998,0.0,0.0,0.0,0.0,0.0,0.0,0.0,0.0,0.0,0.0,0.0,0.0,0.0,0.0,0.0,0.0
-20.107,-21.109609,0.0,0.0,0.0,0.0,0.0,0.0,0.0,0.0,0.0,0.0,0.0,0.0,0.0,0.0,0.0,0.0
-20.096,-21.098609,0.0,0.0,0.0,0.0,0.0,0.0,0.0,0.0,0.0,0.0,0.0,0.0,0.0,0.0,0.0,0.0
-20.085,-21.087609,0.0,0.0,0.0,0.0,0.0,0.0,0.0,0.0,0.0,0.0,0.0,0.0,0.0,0.0,0.0,0.0
-20.074,-21.076609,0.0,0.0,0.0,0.0,0.0,0.0,0.0,0.0,0.0,0.0,0.0,0.0,0.0,0.0,0.0,0.0
-20.063,-21.065609,0.0,0.0,0.0,0.0,0.0,0.0,0.0,0.0,0.0,0.0,0.0,0.0,0.0,0.0,0.0,0.0
-20.052,-21.054609,0.0,0.0,0.0,0.0,0.0,0.0,0.0,0.0,0.0,0.0,0.0,0.0,0.0,0.0,0.0,0.0
-20.04,-21.042609,0.0,0.0,0.0,0.0,0.0,0.0,0.0,0.0,0.0,0.0,0.0,0.0,0.0,0.0,0.0,0.0
-20.029,-21.031609,0.0,0.0,0.0,0.0,0.0,0.0,0.0,0.0,0.0,0.0,0.0,0.0,0.0,0.0,0.0,0.0
-20.018,-21.020609,0.0,0.0,0.0,0.0,0.0,0.0,0.0,0.0,0.0,0.0,0.0,0.0,0.0,0.0,0.0,0.0
-20.007,-21.009609,0.0,0.0,0.0,0.0,0.0,0.0,0.0,0.0,0.0,0.0,0.0,0.0,0.0,0.0,0.0,0.0
-19.996,-20.998609,0.0,0.0,0.0,0.0,0.0,0.0,0.0,0.0,0.0,0.0,0.0,0.0,0.0,0.0,0.0,0.0
-19.985,-20.987609,0.0,0.0,0.0,0.0,0.0,0.0,0.0,0.0,0.0,0.0,0.0,0.0,0.0,0.0,0.0,0.0
-19.974,-20.976609,0.0,0.0,0.0,0.0,0.0,0.0,0.0,0.0,0.0,0.0,0.0,0.0,0.0,0.0,0.0,0.0
-19.962,-20.964609,0.0,0.0,0.0,0.0,0.0,0.0,0.0,0.0,0.0,0.0,0.0,0.0,0.0,0.0,0.0,0.0
-19.951,-20.953609,0.0,0.0,0.0,0.0,0.0,0.0,0.0,0.0,0.0,0.0,0.0,0.0,0.0,0.0,0.0,0.0
-19.94,-20.942609,0.0,0.0,0.0,0.0,0.0,0.0,0.0,0.0,0.0,0.0,0.0,0.0,0.0,0.0,0.0,0.0
-19.929,-20.931608999999998,0.0,0.0,0.0,0.0,0.0,0.0,0.0,0.0,0.0,0.0,0.0,0.0,0.0,0.0,0.0,0.0
-19.918,-20.920609,0.0,0.0,0.0,0.0,0.0,0.0,0.0,0.0,0.0,0.0,0.0,0.0,0.0,0.0,0.0,0.0
-19.907,-20.909609,0.0,0.0,0.0,0.0,0.0,0.0,0.0,0.0,0.0,0.0,0.0,0.0,0.0,0.0,0.0,0.0
-19.896,-20.898609,0.0,0.0,0.0,0.0,0.0,0.0,0.0,0.0,0.0,0.0,0.0,0.0,0.0,0.0,0.0,0.0
-19.885,-20.887609,0.0,0.0,0.0,0.0,0.0,0.0,0.0,0.0,0.0,0.0,0.0,0.0,0.0,0.0,0.0,0.0
-19.873,-20.875609,0.0,0.0,0.0,0.0,0.0,0.0,0.0,0.0,0.0,0.0,0.0,0.0,0.0,0.0,0.0,0.0
-19.862,-20.864608999999998,0.0,0.0,0.0,0.0,0.0,0.0,0.0,0.0,0.0,0.0,0.0,0.0,0.0,0.0,0.0,0.0
-19.851,-20.853609,0.0,0.0,0.0,0.0,0.0,0.0,0.0,0.0,0.0,0.0,0.0,0.0,0.0,0.0,0.0,0.0
-19.84,-20.842609,0.0,0.0,0.0,0.0,0.0,0.0,0.0,0.0,0.0,0.0,0.0,0.0,0.0,0.0,0.0,0.0
-19.829,-20.831609,0.0,0.0,0.0,0.0,0.0,0.0,0.0,0.0,0.0,0.0,0.0,0.0,0.0,0.0,0.0,0.0
-19.818,-20.820609,0.0,0.0,0.0,0.0,0.0,0.0,0.0,0.0,0.0,0.0,0.0,0.0,0.0,0.0,0.0,0.0
-19.807,-20.809609,0.0,0.0,0.0,0.0,0.0,0.0,0.0,0.0,0.0,0.0,0.0,0.0,0.0,0.0,0.0,0.0
-19.795,-20.797609,0.0,0.0,0.0,0.0,0.0,0.0,0.0,0.0,0.0,0.0,0.0,0.0,0.0,0.0,0.0,0.0
-19.784,-20.786609,0.0,0.0,0.0,0.0,0.0,0.0,0.0,0.0,0.0,0.0,0.0,0.0,0.0,0.0,0.0,0.0
-19.773,-20.775609,0.0,0.0,0.0,0.0,0.0,0.0,0.0,0.0,0.0,0.0,0.0,0.0,0.0,0.0,0.0,0.0
-19.762,-20.764609,0.0,0.0,0.0,0.0,0.0,0.0,0.0,0.0,0.0,0.0,0.0,0.0,0.0,0.0,0.0,0.0
-19.751,-20.753609,0.0,0.0,0.0,0.0,0.0,0.0,0.0,0.0,0.0,0.0,0.0,0.0,0.0,0.0,0.0,0.0
-19.74,-20.742608999999998,0.0,0.0,0.0,0.0,0.0,0.0,0.0,0.0,0.0,0.0,0.0,0.0,0.0,0.0,0.0,0.0
-19.729,-20.731609,0.0,0.0,0.0,0.0,0.0,0.0,0.0,0.0,0.0,0.0,0.0,0.0,0.0,0.0,0.0,0.0
-19.718,-20.720609,0.0,0.0,0.0,0.0,0.0,0.0,0.0,0.0,0.0,0.0,0.0,0.0,0.0,0.0,0.0,0.0
-19.706,-20.708609,0.0,0.0,0.0,0.0,0.0,0.0,0.0,0.0,0.0,0.0,0.0,0.0,0.0,0.0,0.0,0.0
-19.695,-20.697609,0.0,0.0,0.0,0.0,0.0,0.0,0.0,0.0,0.0,0.0,0.0,0.0,0.0,0.0,0.0,0.0
-19.684,-20.686609,0.0,0.0,0.0,0.0,0.0,0.0,0.0,0.0,0.0,0.0,0.0,0.0,0.0,0.0,0.0,0.0
-19.673,-20.675608999999998,0.0,0.0,0.0,0.0,0.0,0.0,0.0,0.0,0.0,0.0,0.0,0.0,0.0,0.0,0.0,0.0
-19.662,-20.664609,0.0,0.0,0.0,0.0,0.0,0.0,0.0,0.0,0.0,0.0,0.0,0.0,0.0,0.0,0.0,0.0
-19.651,-20.653609,0.0,0.0,0.0,0.0,0.0,0.0,0.0,0.0,0.0,0.0,0.0,0.0,0.0,0.0,0.0,0.0
-19.64,-20.642609,0.0,0.0,0.0,0.0,0.0,0.0,0.0,0.0,0.0,0.0,0.0,0.0,0.0,0.0,0.0,0.0
-19.628,-20.630609,0.0,0.0,0.0,0.0,0.0,0.0,0.0,0.0,0.0,0.0,0.0,0.0,0.0,0.0,0.0,0.0
-19.617,-20.619609,0.0,0.0,0.0,0.0,0.0,0.0,0.0,0.0,0.0,0.0,0.0,0.0,0.0,0.0,0.0,0.0
-19.606,-20.608609,0.0,0.0,0.0,0.0,0.0,0.0,0.0,0.0,0.0,0.0,0.0,0.0,0.0,0.0,0.0,0.0
-19.595,-20.597609,0.0,0.0,0.0,0.0,0.0,0.0,0.0,0.0,0.0,0.0,0.0,0.0,0.0,0.0,0.0,0.0
-19.584,-20.586609,0.0,0.0,0.0,0.0,0.0,0.0,0.0,0.0,0.0,0.0,0.0,0.0,0.0,0.0,0.0,0.0
-19.573,-20.575609,0.0,0.0,0.0,0.0,0.0,0.0,0.0,0.0,0.0,0.0,0.0,0.0,0.0,0.0,0.0,0.0
-19.562,-20.564609,0.0,0.0,0.0,0.0,0.0,0.0,0.0,0.0,0.0,0.0,0.0,0.0,0.0,0.0,0.0,0.0
-19.55,-20.552609,0.0,0.0,0.0,0.0,0.0,0.0,0.0,0.0,0.0,0.0,0.0,0.0,0.0,0.0,0.0,0.0
-19.539,-20.541609,0.0,0.0,0.0,0.0,0.0,0.0,0.0,0.0,0.0,0.0,0.0,0.0,0.0,0.0,0.0,0.0
-19.528,-20.530609,0.0,0.0,0.0,0.0,0.0,0.0,0.0,0.0,0.0,0.0,0.0,0.0,0.0,0.0,0.0,0.0
-19.517,-20.519609,0.0,0.0,0.0,0.0,0.0,0.0,0.0,0.0,0.0,0.0,0.0,0.0,0.0,0.0,0.0,0.0
-19.506,-20.508609,0.0,0.0,0.0,0.0,0.0,0.0,0.0,0.0,0.0,0.0,0.0,0.0,0.0,0.0,0.0,0.0
-19.495,-20.497609,0.0,0.0,0.0,0.0,0.0,0.0,0.0,0.0,0.0,0.0,0.0,0.0,0.0,0.0,0.0,0.0
-19.484,-20.486609,0.0,0.0,0.0,0.0,0.0,0.0,0.0,0.0,0.0,0.0,0.0,0.0,0.0,0.0,0.0,0.0
-19.473,-20.475609,0.0,0.0,0.0,0.0,0.0,0.0,0.0,0.0,0.0,0.0,0.0,0.0,0.0,0.0,0.0,0.0
-19.461,-20.463608999999998,0.0,0.0,0.0,0.0,0.0,0.0,0.0,0.0,0.0,0.0,0.0,0.0,0.0,0.0,0.0,0.0
-19.45,-20.452609,0.0,0.0,0.0,0.0,0.0,0.0,0.0,0.0,0.0,0.0,0.0,0.0,0.0,0.0,0.0,0.0
-19.439,-20.441609,0.0,0.0,0.0,0.0,0.0,0.0,0.0,0.0,0.0,0.0,0.0,0.0,0.0,0.0,0.0,0.0
-19.428,-20.430609,0.0,0.0,0.0,0.0,0.0,0.0,0.0,0.0,0.0,0.0,0.0,0.0,0.0,0.0,0.0,0.0
-19.417,-20.419609,0.0,0.0,0.0,0.0,0.0,0.0,0.0,0.0,0.0,0.0,0.0,0.0,0.0,0.0,0.0,0.0
-19.406,-20.408609,0.0,0.0,0.0,0.0,0.0,0.0,0.0,0.0,0.0,0.0,0.0,0.0,0.0,0.0,0.0,0.0
-19.395,-20.397609,0.0,0.0,0.0,0.0,0.0,0.0,0.0,0.0,0.0,0.0,0.0,0.0,0.0,0.0,0.0,0.0
-19.383,-20.385609,0.0,0.0,0.0,0.0,0.0,0.0,0.0,0.0,0.0,0.0,0.0,0.0,0.0,0.0,0.0,0.0
-19.372,-20.374609,0.0,0.0,0.0,0.0,0.0,0.0,0.0,0.0,0.0,0.0,0.0,0.0,0.0,0.0,0.0,0.0
-19.361,-20.363609,0.0,0.0,0.0,0.0,0.0,0.0,0.0,0.0,0.0,0.0,0.0,0.0,0.0,0.0,0.0,0.0
-19.35,-20.352609,0.0,0.0,0.0,0.0,0.0,0.0,0.0,0.0,0.0,0.0,0.0,0.0,0.0,0.0,0.0,0.0
-19.339,-20.341609,0.0,0.0,0.0,0.0,0.0,0.0,0.0,0.0,0.0,0.0,0.0,0.0,0.0,0.0,0.0,0.0
-19.328,-20.330609,0.0,0.0,0.0,0.0,0.0,0.0,0.0,0.0,0.0,0.0,0.0,0.0,0.0,0.0,0.0,0.0
-19.317,-20.319609,0.0,0.0,0.0,0.0,0.0,0.0,0.0,0.0,0.0,0.0,0.0,0.0,0.0,0.0,0.0,0.0
-19.306,-20.308609,0.0,0.0,0.0,0.0,0.0,0.0,0.0,0.0,0.0,0.0,0.0,0.0,0.0,0.0,0.0,0.0
-19.294,-20.296609,0.0,0.0,0.0,0.0,0.0,0.0,0.0,0.0,0.0,0.0,0.0,0.0,0.0,0.0,0.0,0.0
-19.283,-20.285609,0.0,0.0,0.0,0.0,0.0,0.0,0.0,0.0,0.0,0.0,0.0,0.0,0.0,0.0,0.0,0.0
-19.272,-20.274608999999998,0.0,0.0,0.0,0.0,0.0,0.0,0.0,0.0,0.0,0.0,0.0,0.0,0.0,0.0,0.0,0.0
-19.261,-20.263609,0.0,0.0,0.0,0.0,0.0,0.0,0.0,0.0,0.0,0.0,0.0,0.0,0.0,0.0,0.0,0.0
-19.25,-20.252609,0.0,0.0,0.0,0.0,0.0,0.0,0.0,0.0,0.0,0.0,0.0,0.0,0.0,0.0,0.0,0.0
-19.239,-20.241609,0.0,0.0,0.0,0.0,0.0,0.0,0.0,0.0,0.0,0.0,0.0,0.0,0.0,0.0,0.0,0.0
-19.228,-20.230609,0.0,0.0,0.0,0.0,0.0,0.0,0.0,0.0,0.0,0.0,0.0,0.0,0.0,0.0,0.0,0.0
-19.216,-20.218609,0.0,0.0,0.0,0.0,0.0,0.0,0.0,0.0,0.0,0.0,0.0,0.0,0.0,0.0,0.0,0.0
-19.205,-20.207608999999998,0.0,0.0,0.0,0.0,0.0,0.0,0.0,0.0,0.0,0.0,0.0,0.0,0.0,0.0,0.0,0.0
-19.194,-20.196609,0.0,0.0,0.0,0.0,0.0,0.0,0.0,0.0,0.0,0.0,0.0,0.0,0.0,0.0,0.0,0.0
-19.183,-20.185609,0.0,0.0,0.0,0.0,0.0,0.0,0.0,0.0,0.0,0.0,0.0,0.0,0.0,0.0,0.0,0.0
-19.172,-20.174609,0.0,0.0,0.0,0.0,0.0,0.0,0.0,0.0,0.0,0.0,0.0,0.0,0.0,0.0,0.0,0.0
-19.161,-20.163609,0.0,0.0,0.0,0.0,0.0,0.0,0.0,0.0,0.0,0.0,0.0,0.0,0.0,0.0,0.0,0.0
-19.15,-20.152608999999998,0.0,0.0,0.0,0.0,0.0,0.0,0.0,0.0,0.0,0.0,0.0,0.0,0.0,0.0,0.0,0.0
-19.139,-20.141609,0.0,0.0,0.0,0.0,0.0,0.0,0.0,0.0,0.0,0.0,0.0,0.0,0.0,0.0,0.0,0.0
-19.127,-20.129609,0.0,0.0,0.0,0.0,0.0,0.0,0.0,0.0,0.0,0.0,0.0,0.0,0.0,0.0,0.0,0.0
-19.116,-20.118609,0.0,0.0,0.0,0.0,0.0,0.0,0.0,0.0,0.0,0.0,0.0,0.0,0.0,0.0,0.0,0.0
-19.105,-20.107609,0.0,0.0,0.0,0.0,0.0,0.0,0.0,0.0,0.0,0.0,0.0,0.0,0.0,0.0,0.0,0.0
-19.094,-20.096609,0.0,0.0,0.0,0.0,0.0,0.0,0.0,0.0,0.0,0.0,0.0,0.0,0.0,0.0,0.0,0.0
-19.083,-20.085608999999998,0.0,0.0,0.0,0.0,0.0,0.0,0.0,0.0,0.0,0.0,0.0,0.0,0.0,0.0,0.0,0.0
-19.072,-20.074609,0.0,0.0,0.0,0.0,0.0,0.0,0.0,0.0,0.0,0.0,0.0,0.0,0.0,0.0,0.0,0.0
-19.061,-20.063609,0.0,0.0,0.0,0.0,0.0,0.0,0.0,0.0,0.0,0.0,0.0,0.0,0.0,0.0,0.0,0.0
-19.049,-20.051609,0.0,0.0,0.0,0.0,0.0,0.0,0.0,0.0,0.0,0.0,0.0,0.0,0.0,0.0,0.0,0.0
-19.038,-20.040609,0.0,0.0,0.0,0.0,0.0,0.0,0.0,0.0,0.0,0.0,0.0,0.0,0.0,0.0,0.0,0.0
-19.027,-20.029609,0.0,0.0,0.0,0.0,0.0,0.0,0.0,0.0,0.0,0.0,0.0,0.0,0.0,0.0,0.0,0.0
-19.016,-20.018608999999998,0.0,0.0,0.0,0.0,0.0,0.0,0.0,0.0,0.0,0.0,0.0,0.0,0.0,0.0,0.0,0.0
-19.005,-20.007609,0.0,0.0,0.0,0.0,0.0,0.0,0.0,0.0,0.0,0.0,0.0,0.0,0.0,0.0,0.0,0.0
-18.994,-19.996609,0.0,0.0,0.0,0.0,0.0,0.0,0.0,0.0,0.0,0.0,0.0,0.0,0.0,0.0,0.0,0.0
-18.983,-19.985609,0.0,0.0,0.0,0.0,0.0,0.0,0.0,0.0,0.0,0.0,0.0,0.0,0.0,0.0,0.0,0.0
-18.971,-19.973609,0.0,0.0,0.0,0.0,0.0,0.0,0.0,0.0,0.0,0.0,0.0,0.0,0.0,0.0,0.0,0.0
-18.96,-19.962609,0.0,0.0,0.0,0.0,0.0,0.0,0.0,0.0,0.0,0.0,0.0,0.0,0.0,0.0,0.0,0.0
-18.949,-19.951609,0.0,0.0,0.0,0.0,0.0,0.0,0.0,0.0,0.0,0.0,0.0,0.0,0.0,0.0,0.0,0.0
-18.938,-19.940609,0.0,0.0,0.0,0.0,0.0,0.0,0.0,0.0,0.0,0.0,0.0,0.0,0.0,0.0,0.0,0.0
-18.927,-19.929609,0.0,0.0,0.0,0.0,0.0,0.0,0.0,0.0,0.0,0.0,0.0,0.0,0.0,0.0,0.0,0.0
-18.916,-19.918609,0.0,0.0,0.0,0.0,0.0,0.0,0.0,0.0,0.0,0.0,0.0,0.0,0.0,0.0,0.0,0.0
-18.905,-19.907609,0.0,0.0,0.0,0.0,0.0,0.0,0.0,0.0,0.0,0.0,0.0,0.0,0.0,0.0,0.0,0.0
-18.894,-19.896608999999998,0.0,0.0,0.0,0.0,0.0,0.0,0.0,0.0,0.0,0.0,0.0,0.0,0.0,0.0,0.0,0.0
-18.882,-19.884609,0.0,0.0,0.0,0.0,0.0,0.0,0.0,0.0,0.0,0.0,0.0,0.0,0.0,0.0,0.0,0.0
-18.871,-19.873609,0.0,0.0,0.0,0.0,0.0,0.0,0.0,0.0,0.0,0.0,0.0,0.0,0.0,0.0,0.0,0.0
-18.86,-19.862609,0.0,0.0,0.0,0.0,0.0,0.0,0.0,0.0,0.0,0.0,0.0,0.0,0.0,0.0,0.0,0.0
-18.849,-19.851609,0.0,0.0,0.0,0.0,0.0,0.0,0.0,0.0,0.0,0.0,0.0,0.0,0.0,0.0,0.0,0.0
-18.838,-19.840609,0.0,0.0,0.0,0.0,0.0,0.0,0.0,0.0,0.0,0.0,0.0,0.0,0.0,0.0,0.0,0.0
-18.827,-19.829609,0.0,0.0,0.0,0.0,0.0,0.0,0.0,0.0,0.0,0.0,0.0,0.0,0.0,0.0,0.0,0.0
-18.816,-19.818609,0.0,0.0,0.0,0.0,0.0,0.0,0.0,0.0,0.0,0.0,0.0,0.0,0.0,0.0,0.0,0.0
-18.804,-19.806608999999998,0.0,0.0,0.0,0.0,0.0,0.0,0.0,0.0,0.0,0.0,0.0,0.0,0.0,0.0,0.0,0.0
-18.793,-19.795609,0.0,0.0,0.0,0.0,0.0,0.0,0.0,0.0,0.0,0.0,0.0,0.0,0.0,0.0,0.0,0.0
-18.782,-19.784609,0.0,0.0,0.0,0.0,0.0,0.0,0.0,0.0,0.0,0.0,0.0,0.0,0.0,0.0,0.0,0.0
-18.771,-19.773609,0.0,0.0,0.0,0.0,0.0,0.0,0.0,0.0,0.0,0.0,0.0,0.0,0.0,0.0,0.0,0.0
-18.76,-19.762609,0.0,0.0,0.0,0.0,0.0,0.0,0.0,0.0,0.0,0.0,0.0,0.0,0.0,0.0,0.0,0.0
-18.749,-19.751609,0.0,0.0,0.0,0.0,0.0,0.0,0.0,0.0,0.0,0.0,0.0,0.0,0.0,0.0,0.0,0.0
-18.738,-19.740609,0.0,0.0,0.0,0.0,0.0,0.0,0.0,0.0,0.0,0.0,0.0,0.0,0.0,0.0,0.0,0.0
-18.727,-19.729609,0.0,0.0,0.0,0.0,0.0,0.0,0.0,0.0,0.0,0.0,0.0,0.0,0.0,0.0,0.0,0.0
-18.715,-19.717609,0.0,0.0,0.0,0.0,0.0,0.0,0.0,0.0,0.0,0.0,0.0,0.0,0.0,0.0,0.0,0.0
-18.704,-19.706609,0.0,0.0,0.0,0.0,0.0,0.0,0.0,0.0,0.0,0.0,0.0,0.0,0.0,0.0,0.0,0.0
-18.693,-19.695609,0.0,0.0,0.0,0.0,0.0,0.0,0.0,0.0,0.0,0.0,0.0,0.0,0.0,0.0,0.0,0.0
-18.682,-19.684609,0.0,0.0,0.0,0.0,0.0,0.0,0.0,0.0,0.0,0.0,0.0,0.0,0.0,0.0,0.0,0.0
-18.671,-19.673609,0.0,0.0,0.0,0.0,0.0,0.0,0.0,0.0,0.0,0.0,0.0,0.0,0.0,0.0,0.0,0.0
-18.66,-19.662609,0.0,0.0,0.0,0.0,0.0,0.0,0.0,0.0,0.0,0.0,0.0,0.0,0.0,0.0,0.0,0.0
-18.649,-19.651609,0.0,0.0,0.0,0.0,0.0,0.0,0.0,0.0,0.0,0.0,0.0,0.0,0.0,0.0,0.0,0.0
-18.637,-19.639609,0.0,0.0,0.0,0.0,0.0,0.0,0.0,0.0,0.0,0.0,0.0,0.0,0.0,0.0,0.0,0.0
-18.626,-19.628609,0.0,0.0,0.0,0.0,0.0,0.0,0.0,0.0,0.0,0.0,0.0,0.0,0.0,0.0,0.0,0.0
-18.615,-19.617608999999998,0.0,0.0,0.0,0.0,0.0,0.0,0.0,0.0,0.0,0.0,0.0,0.0,0.0,0.0,0.0,0.0
-18.604,-19.606609,0.0,0.0,0.0,0.0,0.0,0.0,0.0,0.0,0.0,0.0,0.0,0.0,0.0,0.0,0.0,0.0
-18.593,-19.595609,0.0,0.0,0.0,0.0,0.0,0.0,0.0,0.0,0.0,0.0,0.0,0.0,0.0,0.0,0.0,0.0
-18.582,-19.584609,0.0,0.0,0.0,0.0,0.0,0.0,0.0,0.0,0.0,0.0,0.0,0.0,0.0,0.0,0.0,0.0
-18.571,-19.573609,0.0,0.0,0.0,0.0,0.0,0.0,0.0,0.0,0.0,0.0,0.0,0.0,0.0,0.0,0.0,0.0
-18.56,-19.562609,0.0,0.0,0.0,0.0,0.0,0.0,0.0,0.0,0.0,0.0,0.0,0.0,0.0,0.0,0.0,0.0
-18.548,-19.550608999999998,0.0,0.0,0.0,0.0,0.0,0.0,0.0,0.0,0.0,0.0,0.0,0.0,0.0,0.0,0.0,0.0
-18.537,-19.539609,0.0,0.0,0.0,0.0,0.0,0.0,0.0,0.0,0.0,0.0,0.0,0.0,0.0,0.0,0.0,0.0
-18.526,-19.528609,0.0,0.0,0.0,0.0,0.0,0.0,0.0,0.0,0.0,0.0,0.0,0.0,0.0,0.0,0.0,0.0
-18.515,-19.517609,0.0,0.0,0.0,0.0,0.0,0.0,0.0,0.0,0.0,0.0,0.0,0.0,0.0,0.0,0.0,0.0
-18.504,-19.506609,0.0,0.0,0.0,0.0,0.0,0.0,0.0,0.0,0.0,0.0,0.0,0.0,0.0,0.0,0.0,0.0
-18.493,-19.495608999999998,0.0,0.0,0.0,0.0,0.0,0.0,0.0,0.0,0.0,0.0,0.0,0.0,0.0,0.0,0.0,0.0
-18.482,-19.484609,0.0,0.0,0.0,0.0,0.0,0.0,0.0,0.0,0.0,0.0,0.0,0.0,0.0,0.0,0.0,0.0
-18.47,-19.472609,0.0,0.0,0.0,0.0,0.0,0.0,0.0,0.0,0.0,0.0,0.0,0.0,0.0,0.0,0.0,0.0
-18.459,-19.461609,0.0,0.0,0.0,0.0,0.0,0.0,0.0,0.0,0.0,0.0,0.0,0.0,0.0,0.0,0.0,0.0
-18.448,-19.450609,0.0,0.0,0.0,0.0,0.0,0.0,0.0,0.0,0.0,0.0,0.0,0.0,0.0,0.0,0.0,0.0
-18.437,-19.439609,0.0,0.0,0.0,0.0,0.0,0.0,0.0,0.0,0.0,0.0,0.0,0.0,0.0,0.0,0.0,0.0
-18.426,-19.428608999999998,0.0,0.0,0.0,0.0,0.0,0.0,0.0,0.0,0.0,0.0,0.0,0.0,0.0,0.0,0.0,0.0
-18.415,-19.417609,0.0,0.0,0.0,0.0,0.0,0.0,0.0,0.0,0.0,0.0,0.0,0.0,0.0,0.0,0.0,0.0
-18.404,-19.406609,0.0,0.0,0.0,0.0,0.0,0.0,0.0,0.0,0.0,0.0,0.0,0.0,0.0,0.0,0.0,0.0
-18.393,-19.395609,0.0,0.0,0.0,0.0,0.0,0.0,0.0,0.0,0.0,0.0,0.0,0.0,0.0,0.0,0.0,0.0
-18.381,-19.383609,0.0,0.0,0.0,0.0,0.0,0.0,0.0,0.0,0.0,0.0,0.0,0.0,0.0,0.0,0.0,0.0
-18.37,-19.372609,0.0,0.0,0.0,0.0,0.0,0.0,0.0,0.0,0.0,0.0,0.0,0.0,0.0,0.0,0.0,0.0
-18.359,-19.361609,0.0,0.0,0.0,0.0,0.0,0.0,0.0,0.0,0.0,0.0,0.0,0.0,0.0,0.0,0.0,0.0
-18.348,-19.350609,0.0,0.0,0.0,0.0,0.0,0.0,0.0,0.0,0.0,0.0,0.0,0.0,0.0,0.0,0.0,0.0
-18.337,-19.339609,0.0,0.0,0.0,0.0,0.0,0.0,0.0,0.0,0.0,0.0,0.0,0.0,0.0,0.0,0.0,0.0
-18.326,-19.328609,0.0,0.0,0.0,0.0,0.0,0.0,0.0,0.0,0.0,0.0,0.0,0.0,0.0,0.0,0.0,0.0
-18.315,-19.317609,0.0,0.0,0.0,0.0,0.0,0.0,0.0,0.0,0.0,0.0,0.0,0.0,0.0,0.0,0.0,0.0
-18.303,-19.305609,0.0,0.0,0.0,0.0,0.0,0.0,0.0,0.0,0.0,0.0,0.0,0.0,0.0,0.0,0.0,0.0
-18.292,-19.294609,0.0,0.0,0.0,0.0,0.0,0.0,0.0,0.0,0.0,0.0,0.0,0.0,0.0,0.0,0.0,0.0
-18.281,-19.283609,0.0,0.0,0.0,0.0,0.0,0.0,0.0,0.0,0.0,0.0,0.0,0.0,0.0,0.0,0.0,0.0
-18.27,-19.272609,0.0,0.0,0.0,0.0,0.0,0.0,0.0,0.0,0.0,0.0,0.0,0.0,0.0,0.0,0.0,0.0
-18.259,-19.261609,0.0,0.0,0.0,0.0,0.0,0.0,0.0,0.0,0.0,0.0,0.0,0.0,0.0,0.0,0.0,0.0
-18.248,-19.250609,0.0,0.0,0.0,0.0,0.0,0.0,0.0,0.0,0.0,0.0,0.0,0.0,0.0,0.0,0.0,0.0
-18.237,-19.239608999999998,0.0,0.0,0.0,0.0,0.0,0.0,0.0,0.0,0.0,0.0,0.0,0.0,0.0,0.0,0.0,0.0
-18.225,-19.227609,0.0,0.0,0.0,0.0,0.0,0.0,0.0,0.0,0.0,0.0,0.0,0.0,0.0,0.0,0.0,0.0
-18.214,-19.216609,0.0,0.0,0.0,0.0,0.0,0.0,0.0,0.0,0.0,0.0,0.0,0.0,0.0,0.0,0.0,0.0
-18.203,-19.205609,0.0,0.0,0.0,0.0,0.0,0.0,0.0,0.0,0.0,0.0,0.0,0.0,0.0,0.0,0.0,0.0
-18.192,-19.194609,0.0,0.0,0.0,0.0,0.0,0.0,0.0,0.0,0.0,0.0,0.0,0.0,0.0,0.0,0.0,0.0
-18.181,-19.183609,0.0,0.0,0.0,0.0,0.0,0.0,0.0,0.0,0.0,0.0,0.0,0.0,0.0,0.0,0.0,0.0
-18.17,-19.172609,0.0,0.0,0.0,0.0,0.0,0.0,0.0,0.0,0.0,0.0,0.0,0.0,0.0,0.0,0.0,0.0
-18.159,-19.161609,0.0,0.0,0.0,0.0,0.0,0.0,0.0,0.0,0.0,0.0,0.0,0.0,0.0,0.0,0.0,0.0
-18.148,-19.150609,0.0,0.0,0.0,0.0,0.0,0.0,0.0,0.0,0.0,0.0,0.0,0.0,0.0,0.0,0.0,0.0
-18.136,-19.138609,0.0,0.0,0.0,0.0,0.0,0.0,0.0,0.0,0.0,0.0,0.0,0.0,0.0,0.0,0.0,0.0
-18.125,-19.127609,0.0,0.0,0.0,0.0,0.0,0.0,0.0,0.0,0.0,0.0,0.0,0.0,0.0,0.0,0.0,0.0
-18.114,-19.116609,0.0,0.0,0.0,0.0,0.0,0.0,0.0,0.0,0.0,0.0,0.0,0.0,0.0,0.0,0.0,0.0
-18.103,-19.105609,0.0,0.0,0.0,0.0,0.0,0.0,0.0,0.0,0.0,0.0,0.0,0.0,0.0,0.0,0.0,0.0
-18.092,-19.094609,0.0,0.0,0.0,0.0,0.0,0.0,0.0,0.0,0.0,0.0,0.0,0.0,0.0,0.0,0.0,0.0
-18.081,-19.083609,0.0,0.0,0.0,0.0,0.0,0.0,0.0,0.0,0.0,0.0,0.0,0.0,0.0,0.0,0.0,0.0
-18.07,-19.072609,0.0,0.0,0.0,0.0,0.0,0.0,0.0,0.0,0.0,0.0,0.0,0.0,0.0,0.0,0.0,0.0
-18.058,-19.060609,0.0,0.0,0.0,0.0,0.0,0.0,0.0,0.0,0.0,0.0,0.0,0.0,0.0,0.0,0.0,0.0
-18.047,-19.049609,0.0,0.0,0.0,0.0,0.0,0.0,0.0,0.0,0.0,0.0,0.0,0.0,0.0,0.0,0.0,0.0
-18.036,-19.038609,0.0,0.0,0.0,0.0,0.0,0.0,0.0,0.0,0.0,0.0,0.0,0.0,0.0,0.0,0.0,0.0
-18.025,-19.027608999999998,0.0,0.0,0.0,0.0,0.0,0.0,0.0,0.0,0.0,0.0,0.0,0.0,0.0,0.0,0.0,0.0
-18.014,-19.016609,0.0,0.0,0.0,0.0,0.0,0.0,0.0,0.0,0.0,0.0,0.0,0.0,0.0,0.0,0.0,0.0
-18.003,-19.005609,0.0,0.0,0.0,0.0,0.0,0.0,0.0,0.0,0.0,0.0,0.0,0.0,0.0,0.0,0.0,0.0
-17.992,-18.994609,0.0,0.0,0.0,0.0,0.0,0.0,0.0,0.0,0.0,0.0,0.0,0.0,0.0,0.0,0.0,0.0
-17.981,-18.983609,0.0,0.0,0.0,0.0,0.0,0.0,0.0,0.0,0.0,0.0,0.0,0.0,0.0,0.0,0.0,0.0
-17.969,-18.971609,0.0,0.0,0.0,0.0,0.0,0.0,0.0,0.0,0.0,0.0,0.0,0.0,0.0,0.0,0.0,0.0
-17.958,-18.960608999999998,0.0,0.0,0.0,0.0,0.0,0.0,0.0,0.0,0.0,0.0,0.0,0.0,0.0,0.0,0.0,0.0
-17.947,-18.949609,0.0,0.0,0.0,0.0,0.0,0.0,0.0,0.0,0.0,0.0,0.0,0.0,0.0,0.0,0.0,0.0
-17.936,-18.938609,0.0,0.0,0.0,0.0,0.0,0.0,0.0,0.0,0.0,0.0,0.0,0.0,0.0,0.0,0.0,0.0
-17.925,-18.927609,0.0,0.0,0.0,0.0,0.0,0.0,0.0,0.0,0.0,0.0,0.0,0.0,0.0,0.0,0.0,0.0
-17.914,-18.916609,0.0,0.0,0.0,0.0,0.0,0.0,0.0,0.0,0.0,0.0,0.0,0.0,0.0,0.0,0.0,0.0
-17.903,-18.905609,0.0,0.0,0.0,0.0,0.0,0.0,0.0,0.0,0.0,0.0,0.0,0.0,0.0,0.0,0.0,0.0
-17.891,-18.893608999999998,0.0,0.0,0.0,0.0,0.0,0.0,0.0,0.0,0.0,0.0,0.0,0.0,0.0,0.0,0.0,0.0
-17.88,-18.882609,0.0,0.0,0.0,0.0,0.0,0.0,0.0,0.0,0.0,0.0,0.0,0.0,0.0,0.0,0.0,0.0
-17.869,-18.871609,0.0,0.0,0.0,0.0,0.0,0.0,0.0,0.0,0.0,0.0,0.0,0.0,0.0,0.0,0.0,0.0
-17.858,-18.860609,0.0,0.0,0.0,0.0,0.0,0.0,0.0,0.0,0.0,0.0,0.0,0.0,0.0,0.0,0.0,0.0
-17.847,-18.849609,0.0,0.0,0.0,0.0,0.0,0.0,0.0,0.0,0.0,0.0,0.0,0.0,0.0,0.0,0.0,0.0
-17.836,-18.838608999999998,0.0,0.0,0.0,0.0,0.0,0.0,0.0,0.0,0.0,0.0,0.0,0.0,0.0,0.0,0.0,0.0
-17.825,-18.827609,0.0,0.0,0.0,0.0,0.0,0.0,0.0,0.0,0.0,0.0,0.0,0.0,0.0,0.0,0.0,0.0
-17.814,-18.816609,0.0,0.0,0.0,0.0,0.0,0.0,0.0,0.0,0.0,0.0,0.0,0.0,0.0,0.0,0.0,0.0
-17.802,-18.804609,0.0,0.0,0.0,0.0,0.0,0.0,0.0,0.0,0.0,0.0,0.0,0.0,0.0,0.0,0.0,0.0
-17.791,-18.793609,0.0,0.0,0.0,0.0,0.0,0.0,0.0,0.0,0.0,0.0,0.0,0.0,0.0,0.0,0.0,0.0
-17.78,-18.782609,0.0,0.0,0.0,0.0,0.0,0.0,0.0,0.0,0.0,0.0,0.0,0.0,0.0,0.0,0.0,0.0
-17.769,-18.771608999999998,0.0,0.0,0.0,0.0,0.0,0.0,0.0,0.0,0.0,0.0,0.0,0.0,0.0,0.0,0.0,0.0
-17.758,-18.760609,0.0,0.0,0.0,0.0,0.0,0.0,0.0,0.0,0.0,0.0,0.0,0.0,0.0,0.0,0.0,0.0
-17.747,-18.749609,0.0,0.0,0.0,0.0,0.0,0.0,0.0,0.0,0.0,0.0,0.0,0.0,0.0,0.0,0.0,0.0
-17.736,-18.738609,0.0,0.0,0.0,0.0,0.0,0.0,0.0,0.0,0.0,0.0,0.0,0.0,0.0,0.0,0.0,0.0
-17.724,-18.726609,0.0,0.0,0.0,0.0,0.0,0.0,0.0,0.0,0.0,0.0,0.0,0.0,0.0,0.0,0.0,0.0
-17.713,-18.715609,0.0,0.0,0.0,0.0,0.0,0.0,0.0,0.0,0.0,0.0,0.0,0.0,0.0,0.0,0.0,0.0
-17.702,-18.704609,0.0,0.0,0.0,0.0,0.0,0.0,0.0,0.0,0.0,0.0,0.0,0.0,0.0,0.0,0.0,0.0
-17.691,-18.693609,0.0,0.0,0.0,0.0,0.0,0.0,0.0,0.0,0.0,0.0,0.0,0.0,0.0,0.0,0.0,0.0
-17.68,-18.682609,0.0,0.0,0.0,0.0,0.0,0.0,0.0,0.0,0.0,0.0,0.0,0.0,0.0,0.0,0.0,0.0
-17.669,-18.671609,0.0,0.0,0.0,0.0,0.0,0.0,0.0,0.0,0.0,0.0,0.0,0.0,0.0,0.0,0.0,0.0
-17.658,-18.660609,0.0,0.0,0.0,0.0,0.0,0.0,0.0,0.0,0.0,0.0,0.0,0.0,0.0,0.0,0.0,0.0
-17.646,-18.648609,0.0,0.0,0.0,0.0,0.0,0.0,0.0,0.0,0.0,0.0,0.0,0.0,0.0,0.0,0.0,0.0
-17.635,-18.637609,0.0,0.0,0.0,0.0,0.0,0.0,0.0,0.0,0.0,0.0,0.0,0.0,0.0,0.0,0.0,0.0
-17.624,-18.626609,0.0,0.0,0.0,0.0,0.0,0.0,0.0,0.0,0.0,0.0,0.0,0.0,0.0,0.0,0.0,0.0
-17.613,-18.615609,0.0,0.0,0.0,0.0,0.0,0.0,0.0,0.0,0.0,0.0,0.0,0.0,0.0,0.0,0.0,0.0
-17.602,-18.604609,0.0,0.0,0.0,0.0,0.0,0.0,0.0,0.0,0.0,0.0,0.0,0.0,0.0,0.0,0.0,0.0
-17.591,-18.593609,0.0,0.0,0.0,0.0,0.0,0.0,0.0,0.0,0.0,0.0,0.0,0.0,0.0,0.0,0.0,0.0
-17.58,-18.582608999999998,0.0,0.0,0.0,0.0,0.0,0.0,0.0,0.0,0.0,0.0,0.0,0.0,0.0,0.0,0.0,0.0
-17.569,-18.571609,0.0,0.0,0.0,0.0,0.0,0.0,0.0,0.0,0.0,0.0,0.0,0.0,0.0,0.0,0.0,0.0
-17.557,-18.559609,0.0,0.0,0.0,0.0,0.0,0.0,0.0,0.0,0.0,0.0,0.0,0.0,0.0,0.0,0.0,0.0
-17.546,-18.548609,0.0,0.0,0.0,0.0,0.0,0.0,0.0,0.0,0.0,0.0,0.0,0.0,0.0,0.0,0.0,0.0
-17.535,-18.537609,0.0,0.0,0.0,0.0,0.0,0.0,0.0,0.0,0.0,0.0,0.0,0.0,0.0,0.0,0.0,0.0
-17.524,-18.526609,0.0,0.0,0.0,0.0,0.0,0.0,0.0,0.0,0.0,0.0,0.0,0.0,0.0,0.0,0.0,0.0
-17.513,-18.515609,0.0,0.0,0.0,0.0,0.0,0.0,0.0,0.0,0.0,0.0,0.0,0.0,0.0,0.0,0.0,0.0
-17.502,-18.504609,0.0,0.0,0.0,0.0,0.0,0.0,0.0,0.0,0.0,0.0,0.0,0.0,0.0,0.0,0.0,0.0
-17.491,-18.493609,0.0,0.0,0.0,0.0,0.0,0.0,0.0,0.0,0.0,0.0,0.0,0.0,0.0,0.0,0.0,0.0
-17.479,-18.481609,0.0,0.0,0.0,0.0,0.0,0.0,0.0,0.0,0.0,0.0,0.0,0.0,0.0,0.0,0.0,0.0
-17.468,-18.470609,0.0,0.0,0.0,0.0,0.0,0.0,0.0,0.0,0.0,0.0,0.0,0.0,0.0,0.0,0.0,0.0
-17.457,-18.459609,0.0,0.0,0.0,0.0,0.0,0.0,0.0,0.0,0.0,0.0,0.0,0.0,0.0,0.0,0.0,0.0
-17.446,-18.448609,0.0,0.0,0.0,0.0,0.0,0.0,0.0,0.0,0.0,0.0,0.0,0.0,0.0,0.0,0.0,0.0
-17.435,-18.437609,0.0,0.0,0.0,0.0,0.0,0.0,0.0,0.0,0.0,0.0,0.0,0.0,0.0,0.0,0.0,0.0
-17.424,-18.426609,0.0,0.0,0.0,0.0,0.0,0.0,0.0,0.0,0.0,0.0,0.0,0.0,0.0,0.0,0.0,0.0
-17.413,-18.415609,0.0,0.0,0.0,0.0,0.0,0.0,0.0,0.0,0.0,0.0,0.0,0.0,0.0,0.0,0.0,0.0
-17.402,-18.404609,0.0,0.0,0.0,0.0,0.0,0.0,0.0,0.0,0.0,0.0,0.0,0.0,0.0,0.0,0.0,0.0
-17.39,-18.392609,0.0,0.0,0.0,0.0,0.0,0.0,0.0,0.0,0.0,0.0,0.0,0.0,0.0,0.0,0.0,0.0
-17.379,-18.381609,0.0,0.0,0.0,0.0,0.0,0.0,0.0,0.0,0.0,0.0,0.0,0.0,0.0,0.0,0.0,0.0
-17.368,-18.370608999999998,0.0,0.0,0.0,0.0,0.0,0.0,0.0,0.0,0.0,0.0,0.0,0.0,0.0,0.0,0.0,0.0
-17.357,-18.359609,0.0,0.0,0.0,0.0,0.0,0.0,0.0,0.0,0.0,0.0,0.0,0.0,0.0,0.0,0.0,0.0
-17.346,-18.348609,0.0,0.0,0.0,0.0,0.0,0.0,0.0,0.0,0.0,0.0,0.0,0.0,0.0,0.0,0.0,0.0
-17.335,-18.337609,0.0,0.0,0.0,0.0,0.0,0.0,0.0,0.0,0.0,0.0,0.0,0.0,0.0,0.0,0.0,0.0
-17.324,-18.326609,0.0,0.0,0.0,0.0,0.0,0.0,0.0,0.0,0.0,0.0,0.0,0.0,0.0,0.0,0.0,0.0
-17.312,-18.314609,0.0,0.0,0.0,0.0,0.0,0.0,0.0,0.0,0.0,0.0,0.0,0.0,0.0,0.0,0.0,0.0
-17.301,-18.303608999999998,0.0,0.0,0.0,0.0,0.0,0.0,0.0,0.0,0.0,0.0,0.0,0.0,0.0,0.0,0.0,0.0
-17.29,-18.292609,0.0,0.0,0.0,0.0,0.0,0.0,0.0,0.0,0.0,0.0,0.0,0.0,0.0,0.0,0.0,0.0
-17.279,-18.281609,0.0,0.0,0.0,0.0,0.0,0.0,0.0,0.0,0.0,0.0,0.0,0.0,0.0,0.0,0.0,0.0
-17.268,-18.270609,0.0,0.0,0.0,0.0,0.0,0.0,0.0,0.0,0.0,0.0,0.0,0.0,0.0,0.0,0.0,0.0
-17.257,-18.259609,0.0,0.0,0.0,0.0,0.0,0.0,0.0,0.0,0.0,0.0,0.0,0.0,0.0,0.0,0.0,0.0
-17.246,-18.248609,0.0,0.0,0.0,0.0,0.0,0.0,0.0,0.0,0.0,0.0,0.0,0.0,0.0,0.0,0.0,0.0
-17.235,-18.237609,0.0,0.0,0.0,0.0,0.0,0.0,0.0,0.0,0.0,0.0,0.0,0.0,0.0,0.0,0.0,0.0
-17.223,-18.225609,0.0,0.0,0.0,0.0,0.0,0.0,0.0,0.0,0.0,0.0,0.0,0.0,0.0,0.0,0.0,0.0
-17.212,-18.214609,0.0,0.0,0.0,0.0,0.0,0.0,0.0,0.0,0.0,0.0,0.0,0.0,0.0,0.0,0.0,0.0
-17.201,-18.203609,0.0,0.0,0.0,0.0,0.0,0.0,0.0,0.0,0.0,0.0,0.0,0.0,0.0,0.0,0.0,0.0
-17.19,-18.192609,0.0,0.0,0.0,0.0,0.0,0.0,0.0,0.0,0.0,0.0,0.0,0.0,0.0,0.0,0.0,0.0
-17.179,-18.181608999999998,0.0,0.0,0.0,0.0,0.0,0.0,0.0,0.0,0.0,0.0,0.0,0.0,0.0,0.0,0.0,0.0
-17.168,-18.170609,0.0,0.0,0.0,0.0,0.0,0.0,0.0,0.0,0.0,0.0,0.0,0.0,0.0,0.0,0.0,0.0
-17.157,-18.159609,0.0,0.0,0.0,0.0,0.0,0.0,0.0,0.0,0.0,0.0,0.0,0.0,0.0,0.0,0.0,0.0
-17.145,-18.147609,0.0,0.0,0.0,0.0,0.0,0.0,0.0,0.0,0.0,0.0,0.0,0.0,0.0,0.0,0.0,0.0
-17.134,-18.136609,0.0,0.0,0.0,0.0,0.0,0.0,0.0,0.0,0.0,0.0,0.0,0.0,0.0,0.0,0.0,0.0
-17.123,-18.125609,0.0,0.0,0.0,0.0,0.0,0.0,0.0,0.0,0.0,0.0,0.0,0.0,0.0,0.0,0.0,0.0
-17.112,-18.114608999999998,0.0,0.0,0.0,0.0,0.0,0.0,0.0,0.0,0.0,0.0,0.0,0.0,0.0,0.0,0.0,0.0
-17.101,-18.103609,0.0,0.0,0.0,0.0,0.0,0.0,0.0,0.0,0.0,0.0,0.0,0.0,0.0,0.0,0.0,0.0
-17.09,-18.092609,0.0,0.0,0.0,0.0,0.0,0.0,0.0,0.0,0.0,0.0,0.0,0.0,0.0,0.0,0.0,0.0
-17.079,-18.081609,0.0,0.0,0.0,0.0,0.0,0.0,0.0,0.0,0.0,0.0,0.0,0.0,0.0,0.0,0.0,0.0
-17.067,-18.069609,0.0,0.0,0.0,0.0,0.0,0.0,0.0,0.0,0.0,0.0,0.0,0.0,0.0,0.0,0.0,0.0
-17.056,-18.058609,0.0,0.0,0.0,0.0,0.0,0.0,0.0,0.0,0.0,0.0,0.0,0.0,0.0,0.0,0.0,0.0
-17.045,-18.047609,0.0,0.0,0.0,0.0,0.0,0.0,0.0,0.0,0.0,0.0,0.0,0.0,0.0,0.0,0.0,0.0
-17.034,-18.036609,0.0,0.0,0.0,0.0,0.0,0.0,0.0,0.0,0.0,0.0,0.0,0.0,0.0,0.0,0.0,0.0
-17.023,-18.025609,0.0,0.0,0.0,0.0,0.0,0.0,0.0,0.0,0.0,0.0,0.0,0.0,0.0,0.0,0.0,0.0
-17.012,-18.014609,0.0,0.0,0.0,0.0,0.0,0.0,0.0,0.0,0.0,0.0,0.0,0.0,0.0,0.0,0.0,0.0
-17.001,-18.003609,0.0,0.0,0.0,0.0,0.0,0.0,0.0,0.0,0.0,0.0,0.0,0.0,0.0,0.0,0.0,0.0
-16.99,-17.992608999999998,0.0,0.0,0.0,0.0,0.0,0.0,0.0,0.0,0.0,0.0,0.0,0.0,0.0,0.0,0.0,0.0
-16.978,-17.980609,0.0,0.0,0.0,0.0,0.0,0.0,0.0,0.0,0.0,0.0,0.0,0.0,0.0,0.0,0.0,0.0
-16.967,-17.969609,0.0,0.0,0.0,0.0,0.0,0.0,0.0,0.0,0.0,0.0,0.0,0.0,0.0,0.0,0.0,0.0
-16.956,-17.958609,0.0,0.0,0.0,0.0,0.0,0.0,0.0,0.0,0.0,0.0,0.0,0.0,0.0,0.0,0.0,0.0
-16.945,-17.947609,0.0,0.0,0.0,0.0,0.0,0.0,0.0,0.0,0.0,0.0,0.0,0.0,0.0,0.0,0.0,0.0
-16.934,-17.936609,0.0,0.0,0.0,0.0,0.0,0.0,0.0,0.0,0.0,0.0,0.0,0.0,0.0,0.0,0.0,0.0
-16.923,-17.925608999999998,0.0,0.0,0.0,0.0,0.0,0.0,0.0,0.0,0.0,0.0,0.0,0.0,0.0,0.0,0.0,0.0
-16.912,-17.914609,0.0,0.0,0.0,0.0,0.0,0.0,0.0,0.0,0.0,0.0,0.0,0.0,0.0,0.0,0.0,0.0
-16.9,-17.902608999999998,0.0,0.0,0.0,0.0,0.0,0.0,0.0,0.0,0.0,0.0,0.0,0.0,0.0,0.0,0.0,0.0
-16.889,-17.891609,0.0,0.0,0.0,0.0,0.0,0.0,0.0,0.0,0.0,0.0,0.0,0.0,0.0,0.0,0.0,0.0
-16.878,-17.880609,0.0,0.0,0.0,0.0,0.0,0.0,0.0,0.0,0.0,0.0,0.0,0.0,0.0,0.0,0.0,0.0
-16.867,-17.869609,0.0,0.0,0.0,0.0,0.0,0.0,0.0,0.0,0.0,0.0,0.0,0.0,0.0,0.0,0.0,0.0
-16.856,-17.858609,0.0,0.0,0.0,0.0,0.0,0.0,0.0,0.0,0.0,0.0,0.0,0.0,0.0,0.0,0.0,0.0
-16.845,-17.847609,0.0,0.0,0.0,0.0,0.0,0.0,0.0,0.0,0.0,0.0,0.0,0.0,0.0,0.0,0.0,0.0
-16.834,-17.836609,0.0,0.0,0.0,0.0,0.0,0.0,0.0,0.0,0.0,0.0,0.0,0.0,0.0,0.0,0.0,0.0
-16.823,-17.825609,0.0,0.0,0.0,0.0,0.0,0.0,0.0,0.0,0.0,0.0,0.0,0.0,0.0,0.0,0.0,0.0
-16.811,-17.813609,0.0,0.0,0.0,0.0,0.0,0.0,0.0,0.0,0.0,0.0,0.0,0.0,0.0,0.0,0.0,0.0
-16.8,-17.802609,0.0,0.0,0.0,0.0,0.0,0.0,0.0,0.0,0.0,0.0,0.0,0.0,0.0,0.0,0.0,0.0
-16.789,-17.791609,0.0,0.0,0.0,0.0,0.0,0.0,0.0,0.0,0.0,0.0,0.0,0.0,0.0,0.0,0.0,0.0
-16.778,-17.780609,0.0,0.0,0.0,0.0,0.0,0.0,0.0,0.0,0.0,0.0,0.0,0.0,0.0,0.0,0.0,0.0
-16.767,-17.769609,0.0,0.0,0.0,0.0,0.0,0.0,0.0,0.0,0.0,0.0,0.0,0.0,0.0,0.0,0.0,0.0
-16.756,-17.758609,0.0,0.0,0.0,0.0,0.0,0.0,0.0,0.0,0.0,0.0,0.0,0.0,0.0,0.0,0.0,0.0
-16.745,-17.747609,0.0,0.0,0.0,0.0,0.0,0.0,0.0,0.0,0.0,0.0,0.0,0.0,0.0,0.0,0.0,0.0
-16.733,-17.735609,0.0,0.0,0.0,0.0,0.0,0.0,0.0,0.0,0.0,0.0,0.0,0.0,0.0,0.0,0.0,0.0
-16.722,-17.724609,0.0,0.0,0.0,0.0,0.0,0.0,0.0,0.0,0.0,0.0,0.0,0.0,0.0,0.0,0.0,0.0
-16.711,-17.713608999999998,0.0,0.0,0.0,0.0,0.0,0.0,0.0,0.0,0.0,0.0,0.0,0.0,0.0,0.0,0.0,0.0
-16.7,-17.702609,0.0,0.0,0.0,0.0,0.0,0.0,0.0,0.0,0.0,0.0,0.0,0.0,0.0,0.0,0.0,0.0
-16.689,-17.691609,0.0,0.0,0.0,0.0,0.0,0.0,0.0,0.0,0.0,0.0,0.0,0.0,0.0,0.0,0.0,0.0
-16.678,-17.680609,0.0,0.0,0.0,0.0,0.0,0.0,0.0,0.0,0.0,0.0,0.0,0.0,0.0,0.0,0.0,0.0
-16.667,-17.669609,0.0,0.0,0.0,0.0,0.0,0.0,0.0,0.0,0.0,0.0,0.0,0.0,0.0,0.0,0.0,0.0
-16.656,-17.658609,0.0,0.0,0.0,0.0,0.0,0.0,0.0,0.0,0.0,0.0,0.0,0.0,0.0,0.0,0.0,0.0
-16.644,-17.646608999999998,0.0,0.0,0.0,0.0,0.0,0.0,0.0,0.0,0.0,0.0,0.0,0.0,0.0,0.0,0.0,0.0
-16.633,-17.635609,0.0,0.0,0.0,0.0,0.0,0.0,0.0,0.0,0.0,0.0,0.0,0.0,0.0,0.0,0.0,0.0
-16.622,-17.624609,0.0,0.0,0.0,0.0,0.0,0.0,0.0,0.0,0.0,0.0,0.0,0.0,0.0,0.0,0.0,0.0
-16.611,-17.613609,0.0,0.0,0.0,0.0,0.0,0.0,0.0,0.0,0.0,0.0,0.0,0.0,0.0,0.0,0.0,0.0
-16.6,-17.602609,0.0,0.0,0.0,0.0,0.0,0.0,0.0,0.0,0.0,0.0,0.0,0.0,0.0,0.0,0.0,0.0
-16.589,-17.591609,0.0,0.0,0.0,0.0,0.0,0.0,0.0,0.0,0.0,0.0,0.0,0.0,0.0,0.0,0.0,0.0
-16.578,-17.580609,0.0,0.0,0.0,0.0,0.0,0.0,0.0,0.0,0.0,0.0,0.0,0.0,0.0,0.0,0.0,0.0
-16.566,-17.568609,0.0,0.0,0.0,0.0,0.0,0.0,0.0,0.0,0.0,0.0,0.0,0.0,0.0,0.0,0.0,0.0
-16.555,-17.557609,0.0,0.0,0.0,0.0,0.0,0.0,0.0,0.0,0.0,0.0,0.0,0.0,0.0,0.0,0.0,0.0
-16.544,-17.546609,0.0,0.0,0.0,0.0,0.0,0.0,0.0,0.0,0.0,0.0,0.0,0.0,0.0,0.0,0.0,0.0
-16.533,-17.535609,0.0,0.0,0.0,0.0,0.0,0.0,0.0,0.0,0.0,0.0,0.0,0.0,0.0,0.0,0.0,0.0
-16.522,-17.524608999999998,0.0,0.0,0.0,0.0,0.0,0.0,0.0,0.0,0.0,0.0,0.0,0.0,0.0,0.0,0.0,0.0
-16.511,-17.513609,0.0,0.0,0.0,0.0,0.0,0.0,0.0,0.0,0.0,0.0,0.0,0.0,0.0,0.0,0.0,0.0
-16.5,-17.502609,0.0,0.0,0.0,0.0,0.0,0.0,0.0,0.0,0.0,0.0,0.0,0.0,0.0,0.0,0.0,0.0
-16.489,-17.491609,0.0,0.0,0.0,0.0,0.0,0.0,0.0,0.0,0.0,0.0,0.0,0.0,0.0,0.0,0.0,0.0
-16.477,-17.479609,0.0,0.0,0.0,0.0,0.0,0.0,0.0,0.0,0.0,0.0,0.0,0.0,0.0,0.0,0.0,0.0
-16.466,-17.468609,0.0,0.0,0.0,0.0,0.0,0.0,0.0,0.0,0.0,0.0,0.0,0.0,0.0,0.0,0.0,0.0
-16.455,-17.457608999999998,0.0,0.0,0.0,0.0,0.0,0.0,0.0,0.0,0.0,0.0,0.0,0.0,0.0,0.0,0.0,0.0
-16.444,-17.446609,0.0,0.0,0.0,0.0,0.0,0.0,0.0,0.0,0.0,0.0,0.0,0.0,0.0,0.0,0.0,0.0
-16.433,-17.435609,0.0,0.0,0.0,0.0,0.0,0.0,0.0,0.0,0.0,0.0,0.0,0.0,0.0,0.0,0.0,0.0
-16.422,-17.424609,0.0,0.0,0.0,0.0,0.0,0.0,0.0,0.0,0.0,0.0,0.0,0.0,0.0,0.0,0.0,0.0
-16.411,-17.413609,0.0,0.0,0.0,0.0,0.0,0.0,0.0,0.0,0.0,0.0,0.0,0.0,0.0,0.0,0.0,0.0
-16.399,-17.401609,0.0,0.0,0.0,0.0,0.0,0.0,0.0,0.0,0.0,0.0,0.0,0.0,0.0,0.0,0.0,0.0
-16.388,-17.390609,0.0,0.0,0.0,0.0,0.0,0.0,0.0,0.0,0.0,0.0,0.0,0.0,0.0,0.0,0.0,0.0
-16.377,-17.379609,0.0,0.0,0.0,0.0,0.0,0.0,0.0,0.0,0.0,0.0,0.0,0.0,0.0,0.0,0.0,0.0
-16.366,-17.368609,0.0,0.0,0.0,0.0,0.0,0.0,0.0,0.0,0.0,0.0,0.0,0.0,0.0,0.0,0.0,0.0
-16.355,-17.357609,0.0,0.0,0.0,0.0,0.0,0.0,0.0,0.0,0.0,0.0,0.0,0.0,0.0,0.0,0.0,0.0
-16.344,-17.346609,0.0,0.0,0.0,0.0,0.0,0.0,0.0,0.0,0.0,0.0,0.0,0.0,0.0,0.0,0.0,0.0
-16.333,-17.335608999999998,0.0,0.0,0.0,0.0,0.0,0.0,0.0,0.0,0.0,0.0,0.0,0.0,0.0,0.0,0.0,0.0
-16.321,-17.323609,0.0,0.0,0.0,0.0,0.0,0.0,0.0,0.0,0.0,0.0,0.0,0.0,0.0,0.0,0.0,0.0
-16.31,-17.312609,0.0,0.0,0.0,0.0,0.0,0.0,0.0,0.0,0.0,0.0,0.0,0.0,0.0,0.0,0.0,0.0
-16.299,-17.301609,0.0,0.0,0.0,0.0,0.0,0.0,0.0,0.0,0.0,0.0,0.0,0.0,0.0,0.0,0.0,0.0
-16.288,-17.290609,0.0,0.0,0.0,0.0,0.0,0.0,0.0,0.0,0.0,0.0,0.0,0.0,0.0,0.0,0.0,0.0
-16.277,-17.279609,0.0,0.0,0.0,0.0,0.0,0.0,0.0,0.0,0.0,0.0,0.0,0.0,0.0,0.0,0.0,0.0
-16.266,-17.268608999999998,0.0,0.0,0.0,0.0,0.0,0.0,0.0,0.0,0.0,0.0,0.0,0.0,0.0,0.0,0.0,0.0
-16.255,-17.257609,0.0,0.0,0.0,0.0,0.0,0.0,0.0,0.0,0.0,0.0,0.0,0.0,0.0,0.0,0.0,0.0
-16.244,-17.246609,0.0,0.0,0.0,0.0,0.0,0.0,0.0,0.0,0.0,0.0,0.0,0.0,0.0,0.0,0.0,0.0
-16.232,-17.234609,0.0,0.0,0.0,0.0,0.0,0.0,0.0,0.0,0.0,0.0,0.0,0.0,0.0,0.0,0.0,0.0
-16.221,-17.223609,0.0,0.0,0.0,0.0,0.0,0.0,0.0,0.0,0.0,0.0,0.0,0.0,0.0,0.0,0.0,0.0
-16.21,-17.212609,0.0,0.0,0.0,0.0,0.0,0.0,0.0,0.0,0.0,0.0,0.0,0.0,0.0,0.0,0.0,0.0
-16.199,-17.201609,0.0,0.0,0.0,0.0,0.0,0.0,0.0,0.0,0.0,0.0,0.0,0.0,0.0,0.0,0.0,0.0
-16.188,-17.190609,0.0,0.0,0.0,0.0,0.0,0.0,0.0,0.0,0.0,0.0,0.0,0.0,0.0,0.0,0.0,0.0
-16.177,-17.179609,0.0,0.0,0.0,0.0,0.0,0.0,0.0,0.0,0.0,0.0,0.0,0.0,0.0,0.0,0.0,0.0
-16.166,-17.168609,0.0,0.0,0.0,0.0,0.0,0.0,0.0,0.0,0.0,0.0,0.0,0.0,0.0,0.0,0.0,0.0
-16.154,-17.156609,0.0,0.0,0.0,0.0,0.0,0.0,0.0,0.0,0.0,0.0,0.0,0.0,0.0,0.0,0.0,0.0
-16.143,-17.145609,0.0,0.0,0.0,0.0,0.0,0.0,0.0,0.0,0.0,0.0,0.0,0.0,0.0,0.0,0.0,0.0
-16.132,-17.134609,0.0,0.0,0.0,0.0,0.0,0.0,0.0,0.0,0.0,0.0,0.0,0.0,0.0,0.0,0.0,0.0
-16.121,-17.123609,0.0,0.0,0.0,0.0,0.0,0.0,0.0,0.0,0.0,0.0,0.0,0.0,0.0,0.0,0.0,0.0
-16.11,-17.112609,0.0,0.0,0.0,0.0,0.0,0.0,0.0,0.0,0.0,0.0,0.0,0.0,0.0,0.0,0.0,0.0
-16.099,-17.101609,0.0,0.0,0.0,0.0,0.0,0.0,0.0,0.0,0.0,0.0,0.0,0.0,0.0,0.0,0.0,0.0
-16.088,-17.090609,0.0,0.0,0.0,0.0,0.0,0.0,0.0,0.0,0.0,0.0,0.0,0.0,0.0,0.0,0.0,0.0
-16.077,-17.079609,0.0,0.0,0.0,0.0,0.0,0.0,0.0,0.0,0.0,0.0,0.0,0.0,0.0,0.0,0.0,0.0
-16.065,-17.067609,0.0,0.0,0.0,0.0,0.0,0.0,0.0,0.0,0.0,0.0,0.0,0.0,0.0,0.0,0.0,0.0
-16.054,-17.056608999999998,0.0,0.0,0.0,0.0,0.0,0.0,0.0,0.0,0.0,0.0,0.0,0.0,0.0,0.0,0.0,0.0
-16.043,-17.045609,0.0,0.0,0.0,0.0,0.0,0.0,0.0,0.0,0.0,0.0,0.0,0.0,0.0,0.0,0.0,0.0
-16.032,-17.034609,0.0,0.0,0.0,0.0,0.0,0.0,0.0,0.0,0.0,0.0,0.0,0.0,0.0,0.0,0.0,0.0
-16.021,-17.023609,0.0,0.0,0.0,0.0,0.0,0.0,0.0,0.0,0.0,0.0,0.0,0.0,0.0,0.0,0.0,0.0
-16.01,-17.012609,0.0,0.0,0.0,0.0,0.0,0.0,0.0,0.0,0.0,0.0,0.0,0.0,0.0,0.0,0.0,0.0
-15.999,-17.001609000000002,0.0,0.0,0.0,0.0,0.0,0.0,0.0,0.0,0.0,0.0,0.0,0.0,0.0,0.0,0.0,0.0
-15.987,-16.989609,0.0,0.0,0.0,0.0,0.0,0.0,0.0,0.0,0.0,0.0,0.0,0.0,0.0,0.0,0.0,0.0
-15.976,-16.978609000000002,0.0,0.0,0.0,0.0,0.0,0.0,0.0,0.0,0.0,0.0,0.0,0.0,0.0,0.0,0.0,0.0
-15.965,-16.967609,0.0,0.0,0.0,0.0,0.0,0.0,0.0,0.0,0.0,0.0,0.0,0.0,0.0,0.0,0.0,0.0
-15.954,-16.956609,0.0,0.0,0.0,0.0,0.0,0.0,0.0,0.0,0.0,0.0,0.0,0.0,0.0,0.0,0.0,0.0
-15.943,-16.945609,0.0,0.0,0.0,0.0,0.0,0.0,0.0,0.0,0.0,0.0,0.0,0.0,0.0,0.0,0.0,0.0
-15.932,-16.934609000000002,0.0,0.0,0.0,0.0,0.0,0.0,0.0,0.0,0.0,0.0,0.0,0.0,0.0,0.0,0.0,0.0
-15.921,-16.923609,0.0,0.0,0.0,0.0,0.0,0.0,0.0,0.0,0.0,0.0,0.0,0.0,0.0,0.0,0.0,0.0
-15.91,-16.912609,0.0,0.0,0.0,0.0,0.0,0.0,0.0,0.0,0.0,0.0,0.0,0.0,0.0,0.0,0.0,0.0
-15.898,-16.900609,0.0,0.0,0.0,0.0,0.0,0.0,0.0,0.0,0.0,0.0,0.0,0.0,0.0,0.0,0.0,0.0
-15.887,-16.889609,0.0,0.0,0.0,0.0,0.0,0.0,0.0,0.0,0.0,0.0,0.0,0.0,0.0,0.0,0.0,0.0
-15.876,-16.878609,0.0,0.0,0.0,0.0,0.0,0.0,0.0,0.0,0.0,0.0,0.0,0.0,0.0,0.0,0.0,0.0
-15.865,-16.867609,0.0,0.0,0.0,0.0,0.0,0.0,0.0,0.0,0.0,0.0,0.0,0.0,0.0,0.0,0.0,0.0
-15.854,-16.856609,0.0,0.0,0.0,0.0,0.0,0.0,0.0,0.0,0.0,0.0,0.0,0.0,0.0,0.0,0.0,0.0
-15.843,-16.845609,0.0,0.0,0.0,0.0,0.0,0.0,0.0,0.0,0.0,0.0,0.0,0.0,0.0,0.0,0.0,0.0
-15.832,-16.834609,0.0,0.0,0.0,0.0,0.0,0.0,0.0,0.0,0.0,0.0,0.0,0.0,0.0,0.0,0.0,0.0
-15.82,-16.822609,0.0,0.0,0.0,0.0,0.0,0.0,0.0,0.0,0.0,0.0,0.0,0.0,0.0,0.0,0.0,0.0
-15.809,-16.811609,0.0,0.0,0.0,0.0,0.0,0.0,0.0,0.0,0.0,0.0,0.0,0.0,0.0,0.0,0.0,0.0
-15.798,-16.800609,0.0,0.0,0.0,0.0,0.0,0.0,0.0,0.0,0.0,0.0,0.0,0.0,0.0,0.0,0.0,0.0
-15.787,-16.789609000000002,0.0,0.0,0.0,0.0,0.0,0.0,0.0,0.0,0.0,0.0,0.0,0.0,0.0,0.0,0.0,0.0
-15.776,-16.778609,0.0,0.0,0.0,0.0,0.0,0.0,0.0,0.0,0.0,0.0,0.0,0.0,0.0,0.0,0.0,0.0
-15.765,-16.767609,0.0,0.0,0.0,0.0,0.0,0.0,0.0,0.0,0.0,0.0,0.0,0.0,0.0,0.0,0.0,0.0
-15.754,-16.756609,0.0,0.0,0.0,0.0,0.0,0.0,0.0,0.0,0.0,0.0,0.0,0.0,0.0,0.0,0.0,0.0
-15.742,-16.744609,0.0,0.0,0.0,0.0,0.0,0.0,0.0,0.0,0.0,0.0,0.0,0.0,0.0,0.0,0.0,0.0
-15.731,-16.733609,0.0,0.0,0.0,0.0,0.0,0.0,0.0,0.0,0.0,0.0,0.0,0.0,0.0,0.0,0.0,0.0
-15.72,-16.722609000000002,0.0,0.0,0.0,0.0,0.0,0.0,0.0,0.0,0.0,0.0,0.0,0.0,0.0,0.0,0.0,0.0
-15.709,-16.711609,0.0,0.0,0.0,0.0,0.0,0.0,0.0,0.0,0.0,0.0,0.0,0.0,0.0,0.0,0.0,0.0
-15.698,-16.700609,0.0,0.0,0.0,0.0,0.0,0.0,0.0,0.0,0.0,0.0,0.0,0.0,0.0,0.0,0.0,0.0
-15.687,-16.689609,0.0,0.0,0.0,0.0,0.0,0.0,0.0,0.0,0.0,0.0,0.0,0.0,0.0,0.0,0.0,0.0
-15.676,-16.678609,0.0,0.0,0.0,0.0,0.0,0.0,0.0,0.0,0.0,0.0,0.0,0.0,0.0,0.0,0.0,0.0
-15.665,-16.667609,0.0,0.0,0.0,0.0,0.0,0.0,0.0,0.0,0.0,0.0,0.0,0.0,0.0,0.0,0.0,0.0
-15.653,-16.655609000000002,0.0,0.0,0.0,0.0,0.0,0.0,0.0,0.0,0.0,0.0,0.0,0.0,0.0,0.0,0.0,0.0
-15.642,-16.644609,0.0,0.0,0.0,0.0,0.0,0.0,0.0,0.0,0.0,0.0,0.0,0.0,0.0,0.0,0.0,0.0
-15.631,-16.633609,0.0,0.0,0.0,0.0,0.0,0.0,0.0,0.0,0.0,0.0,0.0,0.0,0.0,0.0,0.0,0.0
-15.62,-16.622609,0.0,0.0,0.0,0.0,0.0,0.0,0.0,0.0,0.0,0.0,0.0,0.0,0.0,0.0,0.0,0.0
-15.609,-16.611609,0.0,0.0,0.0,0.0,0.0,0.0,0.0,0.0,0.0,0.0,0.0,0.0,0.0,0.0,0.0,0.0
-15.598,-16.600609000000002,0.0,0.0,0.0,0.0,0.0,0.0,0.0,0.0,0.0,0.0,0.0,0.0,0.0,0.0,0.0,0.0
-15.587,-16.589609,0.0,0.0,0.0,0.0,0.0,0.0,0.0,0.0,0.0,0.0,0.0,0.0,0.0,0.0,0.0,0.0
-15.575,-16.577609,0.0,0.0,0.0,0.0,0.0,0.0,0.0,0.0,0.0,0.0,0.0,0.0,0.0,0.0,0.0,0.0
-15.564,-16.566609,0.0,0.0,0.0,0.0,0.0,0.0,0.0,0.0,0.0,0.0,0.0,0.0,0.0,0.0,0.0,0.0
-15.553,-16.555609,0.0,0.0,0.0,0.0,0.0,0.0,0.0,0.0,0.0,0.0,0.0,0.0,0.0,0.0,0.0,0.0
-15.542,-16.544609,0.0,0.0,0.0,0.0,0.0,0.0,0.0,0.0,0.0,0.0,0.0,0.0,0.0,0.0,0.0,0.0
-15.531,-16.533609000000002,0.0,0.0,0.0,0.0,0.0,0.0,0.0,0.0,0.0,0.0,0.0,0.0,0.0,0.0,0.0,0.0
-15.52,-16.522609,0.0,0.0,0.0,0.0,0.0,0.0,0.0,0.0,0.0,0.0,0.0,0.0,0.0,0.0,0.0,0.0
-15.509,-16.511609,0.0,0.0,0.0,0.0,0.0,0.0,0.0,0.0,0.0,0.0,0.0,0.0,0.0,0.0,0.0,0.0
-15.498,-16.500609,0.0,0.0,0.0,0.0,0.0,0.0,0.0,0.0,0.0,0.0,0.0,0.0,0.0,0.0,0.0,0.0
-15.486,-16.488609,0.0,0.0,0.0,0.0,0.0,0.0,0.0,0.0,0.0,0.0,0.0,0.0,0.0,0.0,0.0,0.0
-15.475,-16.477609,0.0,0.0,0.0,0.0,0.0,0.0,0.0,0.0,0.0,0.0,0.0,0.0,0.0,0.0,0.0,0.0
-15.464,-16.466609000000002,0.0,0.0,0.0,0.0,0.0,0.0,0.0,0.0,0.0,0.0,0.0,0.0,0.0,0.0,0.0,0.0
-15.453,-16.455609,0.0,0.0,0.0,0.0,0.0,0.0,0.0,0.0,0.0,0.0,0.0,0.0,0.0,0.0,0.0,0.0
-15.442,-16.444609,0.0,0.0,0.0,0.0,0.0,0.0,0.0,0.0,0.0,0.0,0.0,0.0,0.0,0.0,0.0,0.0
-15.431,-16.433609,0.0,0.0,0.0,0.0,0.0,0.0,0.0,0.0,0.0,0.0,0.0,0.0,0.0,0.0,0.0,0.0
-15.42,-16.422609,0.0,0.0,0.0,0.0,0.0,0.0,0.0,0.0,0.0,0.0,0.0,0.0,0.0,0.0,0.0,0.0
-15.408,-16.410609,0.0,0.0,0.0,0.0,0.0,0.0,0.0,0.0,0.0,0.0,0.0,0.0,0.0,0.0,0.0,0.0
-15.397,-16.399609,0.0,0.0,0.0,0.0,0.0,0.0,0.0,0.0,0.0,0.0,0.0,0.0,0.0,0.0,0.0,0.0
-15.386,-16.388609,0.0,0.0,0.0,0.0,0.0,0.0,0.0,0.0,0.0,0.0,0.0,0.0,0.0,0.0,0.0,0.0
-15.375,-16.377609,0.0,0.0,0.0,0.0,0.0,0.0,0.0,0.0,0.0,0.0,0.0,0.0,0.0,0.0,0.0,0.0
-15.364,-16.366609,0.0,0.0,0.0,0.0,0.0,0.0,0.0,0.0,0.0,0.0,0.0,0.0,0.0,0.0,0.0,0.0
-15.353,-16.355609,0.0,0.0,0.0,0.0,0.0,0.0,0.0,0.0,0.0,0.0,0.0,0.0,0.0,0.0,0.0,0.0
-15.342,-16.344609000000002,0.0,0.0,0.0,0.0,0.0,0.0,0.0,0.0,0.0,0.0,0.0,0.0,0.0,0.0,0.0,0.0
-15.331,-16.333609,0.0,0.0,0.0,0.0,0.0,0.0,0.0,0.0,0.0,0.0,0.0,0.0,0.0,0.0,0.0,0.0
-15.319,-16.321609000000002,0.0,0.0,0.0,0.0,0.0,0.0,0.0,0.0,0.0,0.0,0.0,0.0,0.0,0.0,0.0,0.0
-15.308,-16.310609,0.0,0.0,0.0,0.0,0.0,0.0,0.0,0.0,0.0,0.0,0.0,0.0,0.0,0.0,0.0,0.0
-15.297,-16.299609,0.0,0.0,0.0,0.0,0.0,0.0,0.0,0.0,0.0,0.0,0.0,0.0,0.0,0.0,0.0,0.0
-15.286,-16.288609,0.0,0.0,0.0,0.0,0.0,0.0,0.0,0.0,0.0,0.0,0.0,0.0,0.0,0.0,0.0,0.0
-15.275,-16.277609,0.0,0.0,0.0,0.0,0.0,0.0,0.0,0.0,0.0,0.0,0.0,0.0,0.0,0.0,0.0,0.0
-15.264,-16.266609,0.0,0.0,0.0,0.0,0.0,0.0,0.0,0.0,0.0,0.0,0.0,0.0,0.0,0.0,0.0,0.0
-15.253,-16.255609,0.0,0.0,0.0,0.0,0.0,0.0,0.0,0.0,0.0,0.0,0.0,0.0,0.0,0.0,0.0,0.0
-15.241,-16.243609,0.0,0.0,0.0,0.0,0.0,0.0,0.0,0.0,0.0,0.0,0.0,0.0,0.0,0.0,0.0,0.0
-15.23,-16.232609,0.0,0.0,0.0,0.0,0.0,0.0,0.0,0.0,0.0,0.0,0.0,0.0,0.0,0.0,0.0,0.0
-15.219,-16.221609,0.0,0.0,0.0,0.0,0.0,0.0,0.0,0.0,0.0,0.0,0.0,0.0,0.0,0.0,0.0,0.0
-15.208,-16.210609,0.0,0.0,0.0,0.0,0.0,0.0,0.0,0.0,0.0,0.0,0.0,0.0,0.0,0.0,0.0,0.0
-15.197,-16.199609,0.0,0.0,0.0,0.0,0.0,0.0,0.0,0.0,0.0,0.0,0.0,0.0,0.0,0.0,0.0,0.0
-15.186,-16.188609,0.0,0.0,0.0,0.0,0.0,0.0,0.0,0.0,0.0,0.0,0.0,0.0,0.0,0.0,0.0,0.0
-15.175,-16.177609,0.0,0.0,0.0,0.0,0.0,0.0,0.0,0.0,0.0,0.0,0.0,0.0,0.0,0.0,0.0,0.0
-15.164,-16.166609,0.0,0.0,0.0,0.0,0.0,0.0,0.0,0.0,0.0,0.0,0.0,0.0,0.0,0.0,0.0,0.0
-15.152,-16.154609,0.0,0.0,0.0,0.0,0.0,0.0,0.0,0.0,0.0,0.0,0.0,0.0,0.0,0.0,0.0,0.0
-15.141,-16.143609,0.0,0.0,0.0,0.0,0.0,0.0,0.0,0.0,0.0,0.0,0.0,0.0,0.0,0.0,0.0,0.0
-15.13,-16.132609000000002,0.0,0.0,0.0,0.0,0.0,0.0,0.0,0.0,0.0,0.0,0.0,0.0,0.0,0.0,0.0,0.0
-15.119,-16.121609,0.0,0.0,0.0,0.0,0.0,0.0,0.0,0.0,0.0,0.0,0.0,0.0,0.0,0.0,0.0,0.0
-15.108,-16.110609,0.0,0.0,0.0,0.0,0.0,0.0,0.0,0.0,0.0,0.0,0.0,0.0,0.0,0.0,0.0,0.0
-15.097,-16.099609,0.0,0.0,0.0,0.0,0.0,0.0,0.0,0.0,0.0,0.0,0.0,0.0,0.0,0.0,0.0,0.0
-15.086,-16.088609,0.0,0.0,0.0,0.0,0.0,0.0,0.0,0.0,0.0,0.0,0.0,0.0,0.0,0.0,0.0,0.0
-15.074,-16.076609,0.0,0.0,0.0,0.0,0.0,0.0,0.0,0.0,0.0,0.0,0.0,0.0,0.0,0.0,0.0,0.0
-15.063,-16.065609000000002,0.0,0.0,0.0,0.0,0.0,0.0,0.0,0.0,0.0,0.0,0.0,0.0,0.0,0.0,0.0,0.0
-15.052,-16.054609,0.0,0.0,0.0,0.0,0.0,0.0,0.0,0.0,0.0,0.0,0.0,0.0,0.0,0.0,0.0,0.0
-15.041,-16.043609,0.0,0.0,0.0,0.0,0.0,0.0,0.0,0.0,0.0,0.0,0.0,0.0,0.0,0.0,0.0,0.0
-15.03,-16.032609,0.0,0.0,0.0,0.0,0.0,0.0,0.0,0.0,0.0,0.0,0.0,0.0,0.0,0.0,0.0,0.0
-15.019,-16.021609,0.0,0.0,0.0,0.0,0.0,0.0,0.0,0.0,0.0,0.0,0.0,0.0,0.0,0.0,0.0,0.0
-15.008,-16.010609,0.0,0.0,0.0,0.0,0.0,0.0,0.0,0.0,0.0,0.0,0.0,0.0,0.0,0.0,0.0,0.0
-14.996,-15.998609,0.0,0.0,0.0,0.0,0.0,0.0,0.0,0.0,0.0,0.0,0.0,0.0,0.0,0.0,0.0,0.0
-14.985,-15.987608999999999,0.0,0.0,0.0,0.0,0.0,0.0,0.0,0.0,0.0,0.0,0.0,0.0,0.0,0.0,0.0,0.0
-14.974,-15.976609,0.0,0.0,0.0,0.0,0.0,0.0,0.0,0.0,0.0,0.0,0.0,0.0,0.0,0.0,0.0,0.0
-14.963,-15.965608999999999,0.0,0.0,0.0,0.0,0.0,0.0,0.0,0.0,0.0,0.0,0.0,0.0,0.0,0.0,0.0,0.0
-14.952,-15.954609,0.0,0.0,0.0,0.0,0.0,0.0,0.0,0.0,0.0,0.0,0.0,0.0,0.0,0.0,0.0,0.0
-14.941,-15.943609,0.0,0.0,0.0,0.0,0.0,0.0,0.0,0.0,0.0,0.0,0.0,0.0,0.0,0.0,0.0,0.0
-14.93,-15.932609,0.0,0.0,0.0,0.0,0.0,0.0,0.0,0.0,0.0,0.0,0.0,0.0,0.0,0.0,0.0,0.0
-14.919,-15.921609,0.0,0.0,0.0,0.0,0.0,0.0,0.0,0.0,0.0,0.0,0.0,0.0,0.0,0.0,0.0,0.0
-14.907,-15.909609,0.0,0.0,0.0,0.0,0.0,0.0,0.0,0.0,0.0,0.0,0.0,0.0,0.0,0.0,0.0,0.0
-14.896,-15.898609,0.0,0.0,0.0,0.0,0.0,0.0,0.0,0.0,0.0,0.0,0.0,0.0,0.0,0.0,0.0,0.0
-14.885,-15.887609,0.0,0.0,0.0,0.0,0.0,0.0,0.0,0.0,0.0,0.0,0.0,0.0,0.0,0.0,0.0,0.0
-14.874,-15.876609,0.0,0.0,0.0,0.0,0.0,0.0,0.0,0.0,0.0,0.0,0.0,0.0,0.0,0.0,0.0,0.0
-14.863,-15.865609,0.0,0.0,0.0,0.0,0.0,0.0,0.0,0.0,0.0,0.0,0.0,0.0,0.0,0.0,0.0,0.0
-14.852,-15.854609,0.0,0.0,0.0,0.0,0.0,0.0,0.0,0.0,0.0,0.0,0.0,0.0,0.0,0.0,0.0,0.0
-14.841,-15.843608999999999,0.0,0.0,0.0,0.0,0.0,0.0,0.0,0.0,0.0,0.0,0.0,0.0,0.0,0.0,0.0,0.0
-14.829,-15.831609,0.0,0.0,0.0,0.0,0.0,0.0,0.0,0.0,0.0,0.0,0.0,0.0,0.0,0.0,0.0,0.0
-14.818,-15.820609,0.0,0.0,0.0,0.0,0.0,0.0,0.0,0.0,0.0,0.0,0.0,0.0,0.0,0.0,0.0,0.0
-14.807,-15.809609,0.0,0.0,0.0,0.0,0.0,0.0,0.0,0.0,0.0,0.0,0.0,0.0,0.0,0.0,0.0,0.0
-14.796,-15.798608999999999,0.0,0.0,0.0,0.0,0.0,0.0,0.0,0.0,0.0,0.0,0.0,0.0,0.0,0.0,0.0,0.0
-14.785,-15.787609,0.0,0.0,0.0,0.0,0.0,0.0,0.0,0.0,0.0,0.0,0.0,0.0,0.0,0.0,0.0,0.0
-14.774,-15.776608999999999,0.0,0.0,0.0,0.0,0.0,0.0,0.0,0.0,0.0,0.0,0.0,0.0,0.0,0.0,0.0,0.0
-14.763,-15.765609,0.0,0.0,0.0,0.0,0.0,0.0,0.0,0.0,0.0,0.0,0.0,0.0,0.0,0.0,0.0,0.0
-14.752,-15.754609,0.0,0.0,0.0,0.0,0.0,0.0,0.0,0.0,0.0,0.0,0.0,0.0,0.0,0.0,0.0,0.0
-14.74,-15.742609,0.0,0.0,0.0,0.0,0.0,0.0,0.0,0.0,0.0,0.0,0.0,0.0,0.0,0.0,0.0,0.0
-14.729,-15.731608999999999,0.0,0.0,0.0,0.0,0.0,0.0,0.0,0.0,0.0,0.0,0.0,0.0,0.0,0.0,0.0,0.0
-14.718,-15.720609,0.0,0.0,0.0,0.0,0.0,0.0,0.0,0.0,0.0,0.0,0.0,0.0,0.0,0.0,0.0,0.0
-14.707,-15.709609,0.0,0.0,0.0,0.0,0.0,0.0,0.0,0.0,0.0,0.0,0.0,0.0,0.0,0.0,0.0,0.0
-14.696,-15.698609,0.0,0.0,0.0,0.0,0.0,0.0,0.0,0.0,0.0,0.0,0.0,0.0,0.0,0.0,0.0,0.0
-14.685,-15.687609,0.0,0.0,0.0,0.0,0.0,0.0,0.0,0.0,0.0,0.0,0.0,0.0,0.0,0.0,0.0,0.0
-14.674,-15.676609,0.0,0.0,0.0,0.0,0.0,0.0,0.0,0.0,0.0,0.0,0.0,0.0,0.0,0.0,0.0,0.0
-14.662,-15.664609,0.0,0.0,0.0,0.0,0.0,0.0,0.0,0.0,0.0,0.0,0.0,0.0,0.0,0.0,0.0,0.0
-14.651,-15.653609,0.0,0.0,0.0,0.0,0.0,0.0,0.0,0.0,0.0,0.0,0.0,0.0,0.0,0.0,0.0,0.0
-14.64,-15.642609,0.0,0.0,0.0,0.0,0.0,0.0,0.0,0.0,0.0,0.0,0.0,0.0,0.0,0.0,0.0,0.0
-14.629,-15.631609,0.0,0.0,0.0,0.0,0.0,0.0,0.0,0.0,0.0,0.0,0.0,0.0,0.0,0.0,0.0,0.0
-14.618,-15.620609,0.0,0.0,0.0,0.0,0.0,0.0,0.0,0.0,0.0,0.0,0.0,0.0,0.0,0.0,0.0,0.0
-14.607,-15.609608999999999,0.0,0.0,0.0,0.0,0.0,0.0,0.0,0.0,0.0,0.0,0.0,0.0,0.0,0.0,0.0,0.0
-14.596,-15.598609,0.0,0.0,0.0,0.0,0.0,0.0,0.0,0.0,0.0,0.0,0.0,0.0,0.0,0.0,0.0,0.0
-14.585,-15.587609,0.0,0.0,0.0,0.0,0.0,0.0,0.0,0.0,0.0,0.0,0.0,0.0,0.0,0.0,0.0,0.0
-14.573,-15.575609,0.0,0.0,0.0,0.0,0.0,0.0,0.0,0.0,0.0,0.0,0.0,0.0,0.0,0.0,0.0,0.0
-14.562,-15.564608999999999,0.0,0.0,0.0,0.0,0.0,0.0,0.0,0.0,0.0,0.0,0.0,0.0,0.0,0.0,0.0,0.0
-14.551,-15.553609,0.0,0.0,0.0,0.0,0.0,0.0,0.0,0.0,0.0,0.0,0.0,0.0,0.0,0.0,0.0,0.0
-14.54,-15.542608999999999,0.0,0.0,0.0,0.0,0.0,0.0,0.0,0.0,0.0,0.0,0.0,0.0,0.0,0.0,0.0,0.0
-14.529,-15.531609,0.0,0.0,0.0,0.0,0.0,0.0,0.0,0.0,0.0,0.0,0.0,0.0,0.0,0.0,0.0,0.0
-14.518,-15.520609,0.0,0.0,0.0,0.0,0.0,0.0,0.0,0.0,0.0,0.0,0.0,0.0,0.0,0.0,0.0,0.0
-14.507,-15.509609,0.0,0.0,0.0,0.0,0.0,0.0,0.0,0.0,0.0,0.0,0.0,0.0,0.0,0.0,0.0,0.0
-14.495,-15.497608999999999,0.0,0.0,0.0,0.0,0.0,0.0,0.0,0.0,0.0,0.0,0.0,0.0,0.0,0.0,0.0,0.0
-14.484,-15.486609,0.0,0.0,0.0,0.0,0.0,0.0,0.0,0.0,0.0,0.0,0.0,0.0,0.0,0.0,0.0,0.0
-14.473,-15.475609,0.0,0.0,0.0,0.0,0.0,0.0,0.0,0.0,0.0,0.0,0.0,0.0,0.0,0.0,0.0,0.0
-14.462,-15.464609,0.0,0.0,0.0,0.0,0.0,0.0,0.0,0.0,0.0,0.0,0.0,0.0,0.0,0.0,0.0,0.0
-14.451,-15.453609,0.0,0.0,0.0,0.0,0.0,0.0,0.0,0.0,0.0,0.0,0.0,0.0,0.0,0.0,0.0,0.0
-14.44,-15.442609,0.0,0.0,0.0,0.0,0.0,0.0,0.0,0.0,0.0,0.0,0.0,0.0,0.0,0.0,0.0,0.0
-14.429,-15.431609,0.0,0.0,0.0,0.0,0.0,0.0,0.0,0.0,0.0,0.0,0.0,0.0,0.0,0.0,0.0,0.0
-14.417,-15.419609,0.0,0.0,0.0,0.0,0.0,0.0,0.0,0.0,0.0,0.0,0.0,0.0,0.0,0.0,0.0,0.0
-14.406,-15.408609,0.0,0.0,0.0,0.0,0.0,0.0,0.0,0.0,0.0,0.0,0.0,0.0,0.0,0.0,0.0,0.0
-14.395,-15.397609,0.0,0.0,0.0,0.0,0.0,0.0,0.0,0.0,0.0,0.0,0.0,0.0,0.0,0.0,0.0,0.0
-14.384,-15.386609,0.0,0.0,0.0,0.0,0.0,0.0,0.0,0.0,0.0,0.0,0.0,0.0,0.0,0.0,0.0,0.0
-14.373,-15.375608999999999,0.0,0.0,0.0,0.0,0.0,0.0,0.0,0.0,0.0,0.0,0.0,0.0,0.0,0.0,0.0,0.0
-14.362,-15.364609,0.0,0.0,0.0,0.0,0.0,0.0,0.0,0.0,0.0,0.0,0.0,0.0,0.0,0.0,0.0,0.0
-14.351,-15.353609,0.0,0.0,0.0,0.0,0.0,0.0,0.0,0.0,0.0,0.0,0.0,0.0,0.0,0.0,0.0,0.0
-14.34,-15.342609,0.0,0.0,0.0,0.0,0.0,0.0,0.0,0.0,0.0,0.0,0.0,0.0,0.0,0.0,0.0,0.0
-14.328,-15.330608999999999,0.0,0.0,0.0,0.0,0.0,0.0,0.0,0.0,0.0,0.0,0.0,0.0,0.0,0.0,0.0,0.0
-14.317,-15.319609,0.0,0.0,0.0,0.0,0.0,0.0,0.0,0.0,0.0,0.0,0.0,0.0,0.0,0.0,0.0,0.0
-14.306,-15.308608999999999,0.0,0.0,0.0,0.0,0.0,0.0,0.0,0.0,0.0,0.0,0.0,0.0,0.0,0.0,0.0,0.0
-14.295,-15.297609,0.0,0.0,0.0,0.0,0.0,0.0,0.0,0.0,0.0,0.0,0.0,0.0,0.0,0.0,0.0,0.0
-14.284,-15.286609,0.0,0.0,0.0,0.0,0.0,0.0,0.0,0.0,0.0,0.0,0.0,0.0,0.0,0.0,0.0,0.0
-14.273,-15.275609,0.0,0.0,0.0,0.0,0.0,0.0,0.0,0.0,0.0,0.0,0.0,0.0,0.0,0.0,0.0,0.0
-14.262,-15.264609,0.0,0.0,0.0,0.0,0.0,0.0,0.0,0.0,0.0,0.0,0.0,0.0,0.0,0.0,0.0,0.0
-14.25,-15.252609,0.0,0.0,0.0,0.0,0.0,0.0,0.0,0.0,0.0,0.0,0.0,0.0,0.0,0.0,0.0,0.0
-14.239,-15.241609,0.0,0.0,0.0,0.0,0.0,0.0,0.0,0.0,0.0,0.0,0.0,0.0,0.0,0.0,0.0,0.0
-14.228,-15.230609,0.0,0.0,0.0,0.0,0.0,0.0,0.0,0.0,0.0,0.0,0.0,0.0,0.0,0.0,0.0,0.0
-14.217,-15.219609,0.0,0.0,0.0,0.0,0.0,0.0,0.0,0.0,0.0,0.0,0.0,0.0,0.0,0.0,0.0,0.0
-14.206,-15.208609,0.0,0.0,0.0,0.0,0.0,0.0,0.0,0.0,0.0,0.0,0.0,0.0,0.0,0.0,0.0,0.0
-14.195,-15.197609,0.0,0.0,0.0,0.0,0.0,0.0,0.0,0.0,0.0,0.0,0.0,0.0,0.0,0.0,0.0,0.0
-14.184,-15.186608999999999,0.0,0.0,0.0,0.0,0.0,0.0,0.0,0.0,0.0,0.0,0.0,0.0,0.0,0.0,0.0,0.0
-14.173,-15.175609,0.0,0.0,0.0,0.0,0.0,0.0,0.0,0.0,0.0,0.0,0.0,0.0,0.0,0.0,0.0,0.0
-14.161,-15.163609,0.0,0.0,0.0,0.0,0.0,0.0,0.0,0.0,0.0,0.0,0.0,0.0,0.0,0.0,0.0,0.0
-14.15,-15.152609,0.0,0.0,0.0,0.0,0.0,0.0,0.0,0.0,0.0,0.0,0.0,0.0,0.0,0.0,0.0,0.0
-14.139,-15.141608999999999,23.8575,0.011987250000000001,0.004566205,0.0004469895,0.5574250000000001,0.12372834999999999,0.0333145251575,0.04869,0.0025509,0.0032286205,15.360875000000002,0.037901269749999994,0.0,2.43395,0.011966239499999998,0.0025078311725000003
-14.128,-15.130609,99.9,0.029037499999999997,0.029649475,0.001975755,2.29425,0.5460834999999999,0.14839981255,0.1008925,0.02102975,0.014022585,66.18679999999999,0.1630562625,0.0,8.622775,0.05551520025000001,0.009098813749999999
-14.117,-15.119609,140.525,0.024982499999999994,0.046045249999999996,0.003082145,3.18275,0.79402475,0.21750378744999999,0.0598125,0.03419775,0.024954742499999998,94.95087500000001,0.23515279,0.0,10.575050000000003,0.08297434375,0.011437378500000001
-14.106,-15.108609,12.6475,0.00235475,0.003285875,0.00033186975,0.2843,0.073109425,0.01993101559,0.00156875,0.0026922749999999996,0.0031911535,8.641298249999998,0.021741300249999998,0.0,0.8773000000000001,0.007710801950000001,0.0009603497499999999
-14.095,-15.097609,0.0,0.0,0.0,0.0,0.0,0.0,0.0,0.0,0.0,0.0,0.0,0.0,0.0,0.0,0.0,0.0
-14.083,-15.085609,0.0,0.0,0.0,0.0,0.0,0.0,0.0,0.0,0.0,0.0,0.0,0.0,0.0,0.0,0.0,0.0
-14.072,-15.074608999999999,0.0,0.0,0.0,0.0,0.0,0.0,0.0,0.0,0.0,0.0,0.0,0.0,0.0,0.0,0.0,0.0
-14.061,-15.063609,0.0,0.0,0.0,0.0,0.0,0.0,0.0,0.0,0.0,0.0,0.0,0.0,0.0,0.0,0.0,0.0
-14.05,-15.052609,0.0,0.0,0.0,0.0,0.0,0.0,0.0,0.0,0.0,0.0,0.0,0.0,0.0,0.0,0.0,0.0
-14.039,-15.041609,0.0,0.0,0.0,0.0,0.0,0.0,0.0,0.0,0.0,0.0,0.0,0.0,0.0,0.0,0.0,0.0
-14.028,-15.030609,0.0,0.0,0.0,0.0,0.0,0.0,0.0,0.0,0.0,0.0,0.0,0.0,0.0,0.0,0.0,0.0
-14.017,-15.019608999999999,0.0,0.0,0.0,0.0,0.0,0.0,0.0,0.0,0.0,0.0,0.0,0.0,0.0,0.0,0.0,0.0
-14.006,-15.008609,0.0,0.0,0.0,0.0,0.0,0.0,0.0,0.0,0.0,0.0,0.0,0.0,0.0,0.0,0.0,0.0
-13.994,-14.996609,0.0,0.0,0.0,0.0,0.0,0.0,0.0,0.0,0.0,0.0,0.0,0.0,0.0,0.0,0.0,0.0
-13.983,-14.985609,0.0,0.0,0.0,0.0,0.0,0.0,0.0,0.0,0.0,0.0,0.0,0.0,0.0,0.0,0.0,0.0
-13.972,-14.974609,0.0,0.0,0.0,0.0,0.0,0.0,0.0,0.0,0.0,0.0,0.0,0.0,0.0,0.0,0.0,0.0
-13.961,-14.963609,0.0,0.0,0.0,0.0,0.0,0.0,0.0,0.0,0.0,0.0,0.0,0.0,0.0,0.0,0.0,0.0
-13.95,-14.952608999999999,0.0,0.0,0.0,0.0,0.0,0.0,0.0,0.0,0.0,0.0,0.0,0.0,0.0,0.0,0.0,0.0
-13.939,-14.941609,0.0,0.0,0.0,0.0,0.0,0.0,0.0,0.0,0.0,0.0,0.0,0.0,0.0,0.0,0.0,0.0
-13.928,-14.930609,0.0,0.0,0.0,0.0,0.0,0.0,0.0,0.0,0.0,0.0,0.0,0.0,0.0,0.0,0.0,0.0
-13.916,-14.918609,0.0,0.0,0.0,0.0,0.0,0.0,0.0,0.0,0.0,0.0,0.0,0.0,0.0,0.0,0.0,0.0
-13.905,-14.907608999999999,0.0,0.0,0.0,0.0,0.0,0.0,0.0,0.0,0.0,0.0,0.0,0.0,0.0,0.0,0.0,0.0
-13.894,-14.896609,0.0,0.0,0.0,0.0,0.0,0.0,0.0,0.0,0.0,0.0,0.0,0.0,0.0,0.0,0.0,0.0
-13.883,-14.885608999999999,0.0,0.0,0.0,0.0,0.0,0.0,0.0,0.0,0.0,0.0,0.0,0.0,0.0,0.0,0.0,0.0
-13.872,-14.874609,0.0,0.0,0.0,0.0,0.0,0.0,0.0,0.0,0.0,0.0,0.0,0.0,0.0,0.0,0.0,0.0
-13.861,-14.863609,0.0,0.0,0.0,0.0,0.0,0.0,0.0,0.0,0.0,0.0,0.0,0.0,0.0,0.0,0.0,0.0
-13.85,-14.852609,0.0,0.0,0.0,0.0,0.0,0.0,0.0,0.0,0.0,0.0,0.0,0.0,0.0,0.0,0.0,0.0
-13.839,-14.841609,0.0,0.0,0.0,0.0,0.0,0.0,0.0,0.0,0.0,0.0,0.0,0.0,0.0,0.0,0.0,0.0
-13.827,-14.829609,0.0,0.0,0.0,0.0,0.0,0.0,0.0,0.0,0.0,0.0,0.0,0.0,0.0,0.0,0.0,0.0
-13.816,-14.818609,0.0,0.0,0.0,0.0,0.0,0.0,0.0,0.0,0.0,0.0,0.0,0.0,0.0,0.0,0.0,0.0
-13.805,-14.807609,0.0,0.0,0.0,0.0,0.0,0.0,0.0,0.0,0.0,0.0,0.0,0.0,0.0,0.0,0.0,0.0
-13.794,-14.796609,10.03,0.004034,0.00220192,0.00041336325275,0.00237125,0.0125994,0.00231770475,0.1199,0.04651810000000001,0.018815752249999998,6.58335,0.008970406325,0.0,1.101075,0.0024968625000000005,0.0006606089925
-13.783,-14.785609,226.6,0.059469999999999995,0.10934224999999999,0.0072616275,0.1268,0.1356,0.01584702,3.0760000000000005,1.0227600000000001,0.56513501,148.54250000000002,0.21145034999999998,0.0,24.476749999999996,0.08633882500000001,0.013726565750000001
-13.772,-14.774609,66.65,0.01355575,0.035264500000000004,0.0021648525000000003,0.0209525,0.026681749999999997,0.0033701575,0.91095,0.31375250000000005,0.17578734999999998,44.557050000000004,0.06541698250000001,0.0,6.395675,0.0267501275,0.00356784695
-13.761,-14.763608999999999,5.2975,0.0009415999999999999,0.002627925,0.0001956882,0.000873625,0.000940925,0.000492645575,0.074385,0.025004699999999998,0.0147693125,3.5871957500000002,0.00543075875,0.0,0.46730249999999995,0.0022656447500000003,0.00025695030499999996
-13.749,-14.751609,0.0,0.0,0.0,0.0,0.0,0.0,0.0,0.0,0.0,0.0,0.0,0.0,0.0,0.0,0.0,0.0
-13.738,-14.740609,0.0,0.0,0.0,0.0,0.0,0.0,0.0,0.0,0.0,0.0,0.0,0.0,0.0,0.0,0.0,0.0
-13.727,-14.729609,0.0,0.0,0.0,0.0,0.0,0.0,0.0,0.0,0.0,0.0,0.0,0.0,0.0,0.0,0.0,0.0
-13.716,-14.718608999999999,0.0,0.0,0.0,0.0,0.0,0.0,0.0,0.0,0.0,0.0,0.0,0.0,0.0,0.0,0.0,0.0
-13.705,-14.707609,0.0,0.0,0.0,0.0,0.0,0.0,0.0,0.0,0.0,0.0,0.0,0.0,0.0,0.0,0.0,0.0
-13.694,-14.696609,0.0,0.0,0.0,0.0,0.0,0.0,0.0,0.0,0.0,0.0,0.0,0.0,0.0,0.0,0.0,0.0
-13.683,-14.685609,0.0,0.0,0.0,0.0,0.0,0.0,0.0,0.0,0.0,0.0,0.0,0.0,0.0,0.0,0.0,0.0
-13.671,-14.673608999999999,0.0,0.0,0.0,0.0,0.0,0.0,0.0,0.0,0.0,0.0,0.0,0.0,0.0,0.0,0.0,0.0
-13.66,-14.662609,0.0,0.0,0.0,0.0,0.0,0.0,0.0,0.0,0.0,0.0,0.0,0.0,0.0,0.0,0.0,0.0
-13.649,-14.651608999999999,0.0,0.0,0.0,0.0,0.0,0.0,0.0,0.0,0.0,0.0,0.0,0.0,0.0,0.0,0.0,0.0
-13.638,-14.640609,0.0,0.0,0.0,0.0,0.0,0.0,0.0,0.0,0.0,0.0,0.0,0.0,0.0,0.0,0.0,0.0
-13.627,-14.629609,0.0,0.0,0.0,0.0,0.0,0.0,0.0,0.0,0.0,0.0,0.0,0.0,0.0,0.0,0.0,0.0
-13.616,-14.618609,0.0,0.0,0.0,0.0,0.0,0.0,0.0,0.0,0.0,0.0,0.0,0.0,0.0,0.0,0.0,0.0
-13.605,-14.607609,0.0,0.0,0.0,0.0,0.0,0.0,0.0,0.0,0.0,0.0,0.0,0.0,0.0,0.0,0.0,0.0
-13.594,-14.596608999999999,0.0,0.0,0.0,0.0,0.0,0.0,0.0,0.0,0.0,0.0,0.0,0.0,0.0,0.0,0.0,0.0
-13.582,-14.584609,0.0,0.0,0.0,0.0,0.0,0.0,0.0,0.0,0.0,0.0,0.0,0.0,0.0,0.0,0.0,0.0
-13.571,-14.573609,7.4775,0.000269,0.004549849999999999,6.71855e-05,0.051680000000000004,0.022294500000000002,0.009649607375,0.014554999999999998,0.0036847499999999997,0.00445371125,0.7738,0.0006010587500000001,0.0,5.014275000000001,0.004035216249999999,0.0014005377624999999
-13.56,-14.562609,12.2075,0.000502725,0.0063111,0.00015535875,0.08025750000000001,0.0372305,0.01609310625,0.0209375,0.006999,0.00586268675,1.2318500000000001,0.00113435275,0.0,8.241175000000002,0.0067461005,0.00225302099
-13.549,-14.551609,16.85,0.000908575,0.0072165,0.00026888625,0.104455,0.052804,0.02274247875,0.023155000000000002,0.01098325,0.007078164,1.731475,0.0017489785000000002,0.0,11.383874999999998,0.009401350000000001,0.0030440962099999996
-13.538,-14.540609,32.1,0.0022917499999999995,0.0108983,0.0005964555,0.187475,0.10376,0.044276460999999996,0.032825,0.022739000000000002,0.011924582500000001,3.3532500000000005,0.0035426950000000002,0.0,21.699375,0.018059115,0.0056804120250000005
-13.527,-14.529608999999999,70.25,0.00653575,0.017331025,0.0014898575,0.3865,0.2322825,0.099181165,0.04491,0.05421,0.024217839999999997,7.5009999999999994,0.008155965,0.0,47.5007,0.040001005,0.012130060549999998
-13.516,-14.518609,99.825,0.007717749999999999,0.018885449999999998,0.0024134825000000004,0.536625,0.33269000000000004,0.13838430999999998,0.04937,0.081465,0.0354229425,10.487749999999998,0.011981932499999999,0.0,67.80757500000001,0.05985302750000001,0.0170580204
-13.504,-14.506609,18.7675,0.001063425,0.0031242550000000003,0.0005499025,0.09369,0.06306575,0.025684039999999998,0.00718475,0.0153705,0.0101921915,2.1553999999999998,0.00225059425,0.0,12.591124999999998,0.010955117500000002,0.0031466161775000005
-13.493,-14.495609,0.0,0.0,0.0,0.0,0.0,0.0,0.0,0.0,0.0,0.0,0.0,0.0,0.0,0.0,0.0,0.0
-13.482,-14.484608999999999,0.0,0.0,0.0,0.0,0.0,0.0,0.0,0.0,0.0,0.0,0.0,0.0,0.0,0.0,0.0,0.0
-13.471,-14.473609,0.0,0.0,0.0,0.0,0.0,0.0,0.0,0.0,0.0,0.0,0.0,0.0,0.0,0.0,0.0,0.0
-13.46,-14.462609,0.0,0.0,0.0,0.0,0.0,0.0,0.0,0.0,0.0,0.0,0.0,0.0,0.0,0.0,0.0,0.0
-13.449,-14.451609,0.0,0.0,0.0,0.0,0.0,0.0,0.0,0.0,0.0,0.0,0.0,0.0,0.0,0.0,0.0,0.0
-13.438,-14.440609,0.0,0.0,0.0,0.0,0.0,0.0,0.0,0.0,0.0,0.0,0.0,0.0,0.0,0.0,0.0,0.0
-13.427,-14.429609,0.0,0.0,0.0,0.0,0.0,0.0,0.0,0.0,0.0,0.0,0.0,0.0,0.0,0.0,0.0,0.0
-13.415,-14.417608999999999,21.4775,0.004501499999999999,0.00605075,0.00032814000000000004,0.005039,0.06703285,0.015580510500000002,0.0393125,0.021434500000000002,0.040711305,1.500975,0.001217295,0.0,15.43,0.0060384639999999995,0.002821616575
-13.404,-14.406609,97.375,0.010690749999999999,0.030117,0.00168071,0.033514999999999996,0.29082175000000005,0.0729400125,0.126775,0.1409775,0.137513025,5.143475,0.005827225,0.0,71.72100000000002,0.02754957,0.013107588274999998
-13.393,-14.395609,113.2,0.013194,0.0324115,0.0022342349999999998,0.03404,0.2985275,0.07710206750000001,0.15405,0.215,0.14750065,4.944850000000001,0.0054872,0.0,84.43500000000002,0.035517955,0.015161148750000002
-13.382,-14.384609,64.35,0.007771250000000001,0.018777875,0.00141974,0.0126975,0.12470274999999999,0.03192151,0.11082499999999999,0.1573925,0.123137525,4.2961,0.0032648749999999995,0.0,46.4925,0.021166692499999997,0.0081989185
-13.371,-14.373609,58.325,0.004052999999999999,0.015225500000000001,0.00144466,0.010262499999999999,0.1185435,0.03730157,0.0914775,0.1319425,0.096536355,2.8146,0.0024501,0.0,43.31675,0.019437695,0.00753856155
-13.36,-14.362608999999999,79.95,0.0051515,0.0168535,0.0021542700000000002,0.021525,0.1312815,0.0643567125,0.15025,0.159385,0.1575259,4.507425,0.0030647749999999996,0.0,58.8335,0.027045374999999993,0.009847658749999998
-13.349,-14.351609,59.25,0.0051140000000000005,0.01140515,0.0015748024999999997,0.0122175,0.043187,0.0402872825,0.16392500000000002,0.14662,0.14826055,4.173075,0.0023437749999999998,0.0,42.73525,0.02336755,0.0068850836750000005
-13.337,-14.339609,28.575,0.002191125,0.005156275,0.0007411375000000001,0.0040427499999999995,0.017841924999999998,0.021632502499999998,0.068815,0.07965,0.059022500000000006,1.5472150000000002,0.0009130175,0.0,21.118,0.011969612999999999,0.0033145161750000006
-13.326,-14.328609,12.99,0.00068815,0.002190325,0.00032631025000000004,0.0016345,0.0076083999999999995,0.011445519000000001,0.0246875,0.039508,0.0204846925,0.510505,0.000315275,0.0,9.813500000000001,0.005617093499999999,0.0015126341849999998
-13.315,-14.317609,1.5605,6.407e-05,0.00020454999999999998,3.8334325e-05,0.00024525,0.0009194975,0.0015084964749999998,0.002647,0.004792049999999999,0.0021284517500000004,0.0547015,3.4995775e-05,0.0,1.187125,0.0006841619000000001,0.00018304261174999998
-13.304,-14.306609,10.46,0.0009743499999999999,0.002763,0.00019176350000000005,0.006462249999999999,0.003663275,0.00167998725,0.00059105,0.032923725,0.03611275075,0.15597499999999997,0.00037046,0.0,8.137987500000001,0.0021608332500000003,0.0009835784075
-13.293,-14.295608999999999,38.725,0.003343925,0.008845849999999999,0.0008505105,0.013585,0.01949625,0.0066102075,0.0059570000000000005,0.1154145,0.1356800225,0.47655,0.0011029,0.0,30.287725000000002,0.009047445,0.00363303885
-13.282,-14.284609,36.175,0.00212495,0.0069733,0.000838258,0.0060365,0.0198135,0.0087102925,0.00727675,0.102344,0.1247545175,0.25670250000000006,0.0008782274999999999,0.0,28.538825,0.009386232499999998,0.0033664676250000003
-13.271,-14.273609,31.025,0.0012229250000000001,0.005197874999999999,0.0007398122499999999,0.003972,0.011397625000000002,0.0102427075,0.0060975,0.08935275000000001,0.1051510675,0.15827000000000002,0.0006505875000000001,0.0,24.58335,0.00862645325,0.0028193732999999993
-13.26,-14.262609,47.175,0.001048325,0.006935150000000001,0.00115406025,0.00249,0.014736225,0.019120572500000002,0.0047985,0.13058225,0.1617532775,0.10434,0.0008034425000000001,0.0,37.59025,0.013165635,0.004174862850000001
-13.248,-14.250608999999999,26.55,0.00038362499999999996,0.0030350750000000004,0.00061714285,0.00106115,0.007488725,0.015416104,0.001836,0.06287725,0.09365607,0.033659999999999995,0.000336495,0.0,21.22175,0.00719811425,0.002267340825
-13.237,-14.239609,26.775,0.000206135,0.0024088625000000005,0.000613837525,0.0008188,0.005734625,0.0189314405,0.0007635,0.05575725,0.09779606499999999,0.014476000000000003,0.00024295975000000004,0.0,21.47475,0.0069775340000000005,0.0022081733625
-13.226,-14.228609,5.38,3.855575e-05,0.0003812235,7.88157025e-05,0.0001889,0.001072762,0.004135252149999999,6.591500000000001e-05,0.010513225,0.01981317525,0.0015215,4.5001e-05,0.0,4.3208,0.0013844315,0.00044141362050000005
-13.215,-14.217609,0.0,0.0,0.0,0.0,0.0,0.0,0.0,0.0,0.0,0.0,0.0,0.0,0.0,0.0,0.0,0.0
-13.204,-14.206609,0.0,0.0,0.0,0.0,0.0,0.0,0.0,0.0,0.0,0.0,0.0,0.0,0.0,0.0,0.0,0.0
-13.193,-14.195609,0.0,0.0,0.0,0.0,0.0,0.0,0.0,0.0,0.0,0.0,0.0,0.0,0.0,0.0,0.0,0.0
-13.182,-14.184609,0.0,0.0,0.0,0.0,0.0,0.0,0.0,0.0,0.0,0.0,0.0,0.0,0.0,0.0,0.0,0.0
-13.17,-14.172609,0.0,0.0,0.0,0.0,0.0,0.0,0.0,0.0,0.0,0.0,0.0,0.0,0.0,0.0,0.0,0.0
-13.159,-14.161609,0.0,0.0,0.0,0.0,0.0,0.0,0.0,0.0,0.0,0.0,0.0,0.0,0.0,0.0,0.0,0.0
-13.148,-14.150609,0.0,0.0,0.0,0.0,0.0,0.0,0.0,0.0,0.0,0.0,0.0,0.0,0.0,0.0,0.0,0.0
-13.137,-14.139609,0.0,0.0,0.0,0.0,0.0,0.0,0.0,0.0,0.0,0.0,0.0,0.0,0.0,0.0,0.0,0.0
-13.126,-14.128608999999999,0.0,0.0,0.0,0.0,0.0,0.0,0.0,0.0,0.0,0.0,0.0,0.0,0.0,0.0,0.0,0.0
-13.115,-14.117609,0.0,0.0,0.0,0.0,0.0,0.0,0.0,0.0,0.0,0.0,0.0,0.0,0.0,0.0,0.0,0.0
-13.104,-14.106608999999999,0.0,0.0,0.0,0.0,0.0,0.0,0.0,0.0,0.0,0.0,0.0,0.0,0.0,0.0,0.0,0.0
-13.092,-14.094609,0.0,0.0,0.0,0.0,0.0,0.0,0.0,0.0,0.0,0.0,0.0,0.0,0.0,0.0,0.0,0.0
-13.081,-14.083609,0.0,0.0,0.0,0.0,0.0,0.0,0.0,0.0,0.0,0.0,0.0,0.0,0.0,0.0,0.0,0.0
-13.07,-14.072609,0.0,0.0,0.0,0.0,0.0,0.0,0.0,0.0,0.0,0.0,0.0,0.0,0.0,0.0,0.0,0.0
-13.059,-14.061608999999999,0.0,0.0,0.0,0.0,0.0,0.0,0.0,0.0,0.0,0.0,0.0,0.0,0.0,0.0,0.0,0.0
-13.048,-14.050609,0.0,0.0,0.0,0.0,0.0,0.0,0.0,0.0,0.0,0.0,0.0,0.0,0.0,0.0,0.0,0.0
-13.037,-14.039609,0.0,0.0,0.0,0.0,0.0,0.0,0.0,0.0,0.0,0.0,0.0,0.0,0.0,0.0,0.0,0.0
-13.026,-14.028609,0.0,0.0,0.0,0.0,0.0,0.0,0.0,0.0,0.0,0.0,0.0,0.0,0.0,0.0,0.0,0.0
-13.015,-14.017609,0.0,0.0,0.0,0.0,0.0,0.0,0.0,0.0,0.0,0.0,0.0,0.0,0.0,0.0,0.0,0.0
-13.003,-14.005609,0.0,0.0,0.0,0.0,0.0,0.0,0.0,0.0,0.0,0.0,0.0,0.0,0.0,0.0,0.0,0.0
-12.992,-13.994609,0.0,0.0,0.0,0.0,0.0,0.0,0.0,0.0,0.0,0.0,0.0,0.0,0.0,0.0,0.0,0.0
-12.981,-13.983609,0.0,0.0,0.0,0.0,0.0,0.0,0.0,0.0,0.0,0.0,0.0,0.0,0.0,0.0,0.0,0.0
-12.97,-13.972609,0.0,0.0,0.0,0.0,0.0,0.0,0.0,0.0,0.0,0.0,0.0,0.0,0.0,0.0,0.0,0.0
-12.959,-13.961609,0.0,0.0,0.0,0.0,0.0,0.0,0.0,0.0,0.0,0.0,0.0,0.0,0.0,0.0,0.0,0.0
-12.948,-13.950609,0.0,0.0,0.0,0.0,0.0,0.0,0.0,0.0,0.0,0.0,0.0,0.0,0.0,0.0,0.0,0.0
-12.937,-13.939608999999999,0.0,0.0,0.0,0.0,0.0,0.0,0.0,0.0,0.0,0.0,0.0,0.0,0.0,0.0,0.0,0.0
-12.925,-13.927609,0.0,0.0,0.0,0.0,0.0,0.0,0.0,0.0,0.0,0.0,0.0,0.0,0.0,0.0,0.0,0.0
-12.914,-13.916609,0.0,0.0,0.0,0.0,0.0,0.0,0.0,0.0,0.0,0.0,0.0,0.0,0.0,0.0,0.0,0.0
-12.903,-13.905609,0.0,0.0,0.0,0.0,0.0,0.0,0.0,0.0,0.0,0.0,0.0,0.0,0.0,0.0,0.0,0.0
-12.892,-13.894608999999999,0.0,0.0,0.0,0.0,0.0,0.0,0.0,0.0,0.0,0.0,0.0,0.0,0.0,0.0,0.0,0.0
-12.881,-13.883609,0.0,0.0,0.0,0.0,0.0,0.0,0.0,0.0,0.0,0.0,0.0,0.0,0.0,0.0,0.0,0.0
-12.87,-13.872608999999999,0.0,0.0,0.0,0.0,0.0,0.0,0.0,0.0,0.0,0.0,0.0,0.0,0.0,0.0,0.0,0.0
-12.859,-13.861609,0.0,0.0,0.0,0.0,0.0,0.0,0.0,0.0,0.0,0.0,0.0,0.0,0.0,0.0,0.0,0.0
-12.848,-13.850609,0.0,0.0,0.0,0.0,0.0,0.0,0.0,0.0,0.0,0.0,0.0,0.0,0.0,0.0,0.0,0.0
-12.836,-13.838609,0.0,0.0,0.0,0.0,0.0,0.0,0.0,0.0,0.0,0.0,0.0,0.0,0.0,0.0,0.0,0.0
-12.825,-13.827608999999999,0.0,0.0,0.0,0.0,0.0,0.0,0.0,0.0,0.0,0.0,0.0,0.0,0.0,0.0,0.0,0.0
-12.814,-13.816609,0.0,0.0,0.0,0.0,0.0,0.0,0.0,0.0,0.0,0.0,0.0,0.0,0.0,0.0,0.0,0.0
-12.803,-13.805609,0.0,0.0,0.0,0.0,0.0,0.0,0.0,0.0,0.0,0.0,0.0,0.0,0.0,0.0,0.0,0.0
-12.792,-13.794609,0.0,0.0,0.0,0.0,0.0,0.0,0.0,0.0,0.0,0.0,0.0,0.0,0.0,0.0,0.0,0.0
-12.781,-13.783609,0.0,0.0,0.0,0.0,0.0,0.0,0.0,0.0,0.0,0.0,0.0,0.0,0.0,0.0,0.0,0.0
-12.77,-13.772609,0.0,0.0,0.0,0.0,0.0,0.0,0.0,0.0,0.0,0.0,0.0,0.0,0.0,0.0,0.0,0.0
-12.758,-13.760608999999999,0.0,0.0,0.0,0.0,0.0,0.0,0.0,0.0,0.0,0.0,0.0,0.0,0.0,0.0,0.0,0.0
-12.747,-13.749609,0.0,0.0,0.0,0.0,0.0,0.0,0.0,0.0,0.0,0.0,0.0,0.0,0.0,0.0,0.0,0.0
-12.736,-13.738609,0.0,0.0,0.0,0.0,0.0,0.0,0.0,0.0,0.0,0.0,0.0,0.0,0.0,0.0,0.0,0.0
-12.725,-13.727609,0.0,0.0,0.0,0.0,0.0,0.0,0.0,0.0,0.0,0.0,0.0,0.0,0.0,0.0,0.0,0.0
-12.714,-13.716609,0.0,0.0,0.0,0.0,0.0,0.0,0.0,0.0,0.0,0.0,0.0,0.0,0.0,0.0,0.0,0.0
-12.703,-13.705608999999999,0.0,0.0,0.0,0.0,0.0,0.0,0.0,0.0,0.0,0.0,0.0,0.0,0.0,0.0,0.0,0.0
-12.692,-13.694609,0.0,0.0,0.0,0.0,0.0,0.0,0.0,0.0,0.0,0.0,0.0,0.0,0.0,0.0,0.0,0.0
-12.681,-13.683608999999999,0.0,0.0,0.0,0.0,0.0,0.0,0.0,0.0,0.0,0.0,0.0,0.0,0.0,0.0,0.0,0.0
-12.669,-13.671609,0.0,0.0,0.0,0.0,0.0,0.0,0.0,0.0,0.0,0.0,0.0,0.0,0.0,0.0,0.0,0.0
-12.658,-13.660609,0.0,0.0,0.0,0.0,0.0,0.0,0.0,0.0,0.0,0.0,0.0,0.0,0.0,0.0,0.0,0.0
-12.647,-13.649609,0.0,0.0,0.0,0.0,0.0,0.0,0.0,0.0,0.0,0.0,0.0,0.0,0.0,0.0,0.0,0.0
-12.636,-13.638608999999999,0.0,0.0,0.0,0.0,0.0,0.0,0.0,0.0,0.0,0.0,0.0,0.0,0.0,0.0,0.0,0.0
-12.625,-13.627609,0.0,0.0,0.0,0.0,0.0,0.0,0.0,0.0,0.0,0.0,0.0,0.0,0.0,0.0,0.0,0.0
-12.614,-13.616609,0.0,0.0,0.0,0.0,0.0,0.0,0.0,0.0,0.0,0.0,0.0,0.0,0.0,0.0,0.0,0.0
-12.603,-13.605609,0.0,0.0,0.0,0.0,0.0,0.0,0.0,0.0,0.0,0.0,0.0,0.0,0.0,0.0,0.0,0.0
-12.591,-13.593608999999999,0.0,0.0,0.0,0.0,0.0,0.0,0.0,0.0,0.0,0.0,0.0,0.0,0.0,0.0,0.0,0.0
-12.58,-13.582609,0.0,0.0,0.0,0.0,0.0,0.0,0.0,0.0,0.0,0.0,0.0,0.0,0.0,0.0,0.0,0.0
-12.569,-13.571609,0.0,0.0,0.0,0.0,0.0,0.0,0.0,0.0,0.0,0.0,0.0,0.0,0.0,0.0,0.0,0.0
-12.558,-13.560609,0.0,0.0,0.0,0.0,0.0,0.0,0.0,0.0,0.0,0.0,0.0,0.0,0.0,0.0,0.0,0.0
-12.547,-13.549609,0.0,0.0,0.0,0.0,0.0,0.0,0.0,0.0,0.0,0.0,0.0,0.0,0.0,0.0,0.0,0.0
-12.536,-13.538609,0.0,0.0,0.0,0.0,0.0,0.0,0.0,0.0,0.0,0.0,0.0,0.0,0.0,0.0,0.0,0.0
-12.525,-13.527609,0.0,0.0,0.0,0.0,0.0,0.0,0.0,0.0,0.0,0.0,0.0,0.0,0.0,0.0,0.0,0.0
-12.514,-13.516608999999999,0.0,0.0,0.0,0.0,0.0,0.0,0.0,0.0,0.0,0.0,0.0,0.0,0.0,0.0,0.0,0.0
-12.502,-13.504609,0.0,0.0,0.0,0.0,0.0,0.0,0.0,0.0,0.0,0.0,0.0,0.0,0.0,0.0,0.0,0.0
-12.491,-13.493609,0.0,0.0,0.0,0.0,0.0,0.0,0.0,0.0,0.0,0.0,0.0,0.0,0.0,0.0,0.0,0.0
-12.48,-13.482609,0.0,0.0,0.0,0.0,0.0,0.0,0.0,0.0,0.0,0.0,0.0,0.0,0.0,0.0,0.0,0.0
-12.469,-13.471608999999999,0.0,0.0,0.0,0.0,0.0,0.0,0.0,0.0,0.0,0.0,0.0,0.0,0.0,0.0,0.0,0.0
-12.458,-13.460609,0.0,0.0,0.0,0.0,0.0,0.0,0.0,0.0,0.0,0.0,0.0,0.0,0.0,0.0,0.0,0.0
-12.447,-13.449608999999999,0.0,0.0,0.0,0.0,0.0,0.0,0.0,0.0,0.0,0.0,0.0,0.0,0.0,0.0,0.0,0.0
-12.436,-13.438609,0.0,0.0,0.0,0.0,0.0,0.0,0.0,0.0,0.0,0.0,0.0,0.0,0.0,0.0,0.0,0.0
-12.424,-13.426609,0.0,0.0,0.0,0.0,0.0,0.0,0.0,0.0,0.0,0.0,0.0,0.0,0.0,0.0,0.0,0.0
-12.413,-13.415609,0.0,0.0,0.0,0.0,0.0,0.0,0.0,0.0,0.0,0.0,0.0,0.0,0.0,0.0,0.0,0.0
-12.402,-13.404608999999999,0.0,0.0,0.0,0.0,0.0,0.0,0.0,0.0,0.0,0.0,0.0,0.0,0.0,0.0,0.0,0.0
-12.391,-13.393609,0.0,0.0,0.0,0.0,0.0,0.0,0.0,0.0,0.0,0.0,0.0,0.0,0.0,0.0,0.0,0.0
-12.38,-13.382609,0.0,0.0,0.0,0.0,0.0,0.0,0.0,0.0,0.0,0.0,0.0,0.0,0.0,0.0,0.0,0.0
-12.369,-13.371609,0.0,0.0,0.0,0.0,0.0,0.0,0.0,0.0,0.0,0.0,0.0,0.0,0.0,0.0,0.0,0.0
-12.358,-13.360609,0.0,0.0,0.0,0.0,0.0,0.0,0.0,0.0,0.0,0.0,0.0,0.0,0.0,0.0,0.0,0.0
-12.346,-13.348609,0.0,0.0,0.0,0.0,0.0,0.0,0.0,0.0,0.0,0.0,0.0,0.0,0.0,0.0,0.0,0.0
-12.335,-13.337609,0.0,0.0,0.0,0.0,0.0,0.0,0.0,0.0,0.0,0.0,0.0,0.0,0.0,0.0,0.0,0.0
-12.324,-13.326609,0.0,0.0,0.0,0.0,0.0,0.0,0.0,0.0,0.0,0.0,0.0,0.0,0.0,0.0,0.0,0.0
-12.313,-13.315609,0.0,0.0,0.0,0.0,0.0,0.0,0.0,0.0,0.0,0.0,0.0,0.0,0.0,0.0,0.0,0.0
-12.302,-13.304609,0.0,0.0,0.0,0.0,0.0,0.0,0.0,0.0,0.0,0.0,0.0,0.0,0.0,0.0,0.0,0.0
-12.291,-13.293609,0.0,0.0,0.0,0.0,0.0,0.0,0.0,0.0,0.0,0.0,0.0,0.0,0.0,0.0,0.0,0.0
-12.28,-13.282608999999999,0.0,0.0,0.0,0.0,0.0,0.0,0.0,0.0,0.0,0.0,0.0,0.0,0.0,0.0,0.0,0.0
-12.269,-13.271609,0.0,0.0,0.0,0.0,0.0,0.0,0.0,0.0,0.0,0.0,0.0,0.0,0.0,0.0,0.0,0.0
-12.257,-13.259609,0.0,0.0,0.0,0.0,0.0,0.0,0.0,0.0,0.0,0.0,0.0,0.0,0.0,0.0,0.0,0.0
-12.246,-13.248609,0.0,0.0,0.0,0.0,0.0,0.0,0.0,0.0,0.0,0.0,0.0,0.0,0.0,0.0,0.0,0.0
-12.235,-13.237608999999999,0.0,0.0,0.0,0.0,0.0,0.0,0.0,0.0,0.0,0.0,0.0,0.0,0.0,0.0,0.0,0.0
-12.224,-13.226609,0.0,0.0,0.0,0.0,0.0,0.0,0.0,0.0,0.0,0.0,0.0,0.0,0.0,0.0,0.0,0.0
-12.213,-13.215608999999999,0.0,0.0,0.0,0.0,0.0,0.0,0.0,0.0,0.0,0.0,0.0,0.0,0.0,0.0,0.0,0.0
-12.202,-13.204609,0.0,0.0,0.0,0.0,0.0,0.0,0.0,0.0,0.0,0.0,0.0,0.0,0.0,0.0,0.0,0.0
-12.191,-13.193609,0.0,0.0,0.0,0.0,0.0,0.0,0.0,0.0,0.0,0.0,0.0,0.0,0.0,0.0,0.0,0.0
-12.179,-13.181609,0.0,0.0,0.0,0.0,0.0,0.0,0.0,0.0,0.0,0.0,0.0,0.0,0.0,0.0,0.0,0.0
-12.168,-13.170608999999999,0.0,0.0,0.0,0.0,0.0,0.0,0.0,0.0,0.0,0.0,0.0,0.0,0.0,0.0,0.0,0.0
-12.157,-13.159609,0.0,0.0,0.0,0.0,0.0,0.0,0.0,0.0,0.0,0.0,0.0,0.0,0.0,0.0,0.0,0.0
-12.146,-13.148609,0.0,0.0,0.0,0.0,0.0,0.0,0.0,0.0,0.0,0.0,0.0,0.0,0.0,0.0,0.0,0.0
-12.135,-13.137609,0.0,0.0,0.0,0.0,0.0,0.0,0.0,0.0,0.0,0.0,0.0,0.0,0.0,0.0,0.0,0.0
-12.124,-13.126609,0.0,0.0,0.0,0.0,0.0,0.0,0.0,0.0,0.0,0.0,0.0,0.0,0.0,0.0,0.0,0.0
-12.113,-13.115609,0.0,0.0,0.0,0.0,0.0,0.0,0.0,0.0,0.0,0.0,0.0,0.0,0.0,0.0,0.0,0.0
-12.102,-13.104609,0.0,0.0,0.0,0.0,0.0,0.0,0.0,0.0,0.0,0.0,0.0,0.0,0.0,0.0,0.0,0.0
-12.09,-13.092609,0.0,0.0,0.0,0.0,0.0,0.0,0.0,0.0,0.0,0.0,0.0,0.0,0.0,0.0,0.0,0.0
-12.079,-13.081609,0.0,0.0,0.0,0.0,0.0,0.0,0.0,0.0,0.0,0.0,0.0,0.0,0.0,0.0,0.0,0.0
-12.068,-13.070609,0.0,0.0,0.0,0.0,0.0,0.0,0.0,0.0,0.0,0.0,0.0,0.0,0.0,0.0,0.0,0.0
-12.057,-13.059609,0.0,0.0,0.0,0.0,0.0,0.0,0.0,0.0,0.0,0.0,0.0,0.0,0.0,0.0,0.0,0.0
-12.046,-13.048608999999999,0.0,0.0,0.0,0.0,0.0,0.0,0.0,0.0,0.0,0.0,0.0,0.0,0.0,0.0,0.0,0.0
-12.035,-13.037609,0.0,0.0,0.0,0.0,0.0,0.0,0.0,0.0,0.0,0.0,0.0,0.0,0.0,0.0,0.0,0.0
-12.024,-13.026608999999999,0.0,0.0,0.0,0.0,0.0,0.0,0.0,0.0,0.0,0.0,0.0,0.0,0.0,0.0,0.0,0.0
-12.012,-13.014609,0.0,0.0,0.0,0.0,0.0,0.0,0.0,0.0,0.0,0.0,0.0,0.0,0.0,0.0,0.0,0.0
-12.001,-13.003608999999999,0.0,0.0,0.0,0.0,0.0,0.0,0.0,0.0,0.0,0.0,0.0,0.0,0.0,0.0,0.0,0.0
-11.99,-12.992609,0.0,0.0,0.0,0.0,0.0,0.0,0.0,0.0,0.0,0.0,0.0,0.0,0.0,0.0,0.0,0.0
-11.979,-12.981608999999999,0.0,0.0,0.0,0.0,0.0,0.0,0.0,0.0,0.0,0.0,0.0,0.0,0.0,0.0,0.0,0.0
-11.968,-12.970609,0.0,0.0,0.0,0.0,0.0,0.0,0.0,0.0,0.0,0.0,0.0,0.0,0.0,0.0,0.0,0.0
-11.957,-12.959609,0.0,0.0,0.0,0.0,0.0,0.0,0.0,0.0,0.0,0.0,0.0,0.0,0.0,0.0,0.0,0.0
-11.946,-12.948609,0.0,0.0,0.0,0.0,0.0,0.0,0.0,0.0,0.0,0.0,0.0,0.0,0.0,0.0,0.0,0.0
-11.935,-12.937609,0.0,0.0,0.0,0.0,0.0,0.0,0.0,0.0,0.0,0.0,0.0,0.0,0.0,0.0,0.0,0.0
-11.923,-12.925609,0.0,0.0,0.0,0.0,0.0,0.0,0.0,0.0,0.0,0.0,0.0,0.0,0.0,0.0,0.0,0.0
-11.912,-12.914609,0.0,0.0,0.0,0.0,0.0,0.0,0.0,0.0,0.0,0.0,0.0,0.0,0.0,0.0,0.0,0.0
-11.901,-12.903609,0.0,0.0,0.0,0.0,0.0,0.0,0.0,0.0,0.0,0.0,0.0,0.0,0.0,0.0,0.0,0.0
-11.89,-12.892609,0.0,0.0,0.0,0.0,0.0,0.0,0.0,0.0,0.0,0.0,0.0,0.0,0.0,0.0,0.0,0.0
-11.879,-12.881609,0.0,0.0,0.0,0.0,0.0,0.0,0.0,0.0,0.0,0.0,0.0,0.0,0.0,0.0,0.0,0.0
-11.868,-12.870609,0.0,0.0,0.0,0.0,0.0,0.0,0.0,0.0,0.0,0.0,0.0,0.0,0.0,0.0,0.0,0.0
-11.857,-12.859608999999999,0.0,0.0,0.0,0.0,0.0,0.0,0.0,0.0,0.0,0.0,0.0,0.0,0.0,0.0,0.0,0.0
-11.845,-12.847609,0.0,0.0,0.0,0.0,0.0,0.0,0.0,0.0,0.0,0.0,0.0,0.0,0.0,0.0,0.0,0.0
-11.834,-12.836609,0.0,0.0,0.0,0.0,0.0,0.0,0.0,0.0,0.0,0.0,0.0,0.0,0.0,0.0,0.0,0.0
-11.823,-12.825609,0.0,0.0,0.0,0.0,0.0,0.0,0.0,0.0,0.0,0.0,0.0,0.0,0.0,0.0,0.0,0.0
-11.812,-12.814608999999999,0.0,0.0,0.0,0.0,0.0,0.0,0.0,0.0,0.0,0.0,0.0,0.0,0.0,0.0,0.0,0.0
-11.801,-12.803609,0.0,0.0,0.0,0.0,0.0,0.0,0.0,0.0,0.0,0.0,0.0,0.0,0.0,0.0,0.0,0.0
-11.79,-12.792608999999999,0.0,0.0,0.0,0.0,0.0,0.0,0.0,0.0,0.0,0.0,0.0,0.0,0.0,0.0,0.0,0.0
-11.779,-12.781609,0.0,0.0,0.0,0.0,0.0,0.0,0.0,0.0,0.0,0.0,0.0,0.0,0.0,0.0,0.0,0.0
-11.767,-12.769608999999999,0.0,0.0,0.0,0.0,0.0,0.0,0.0,0.0,0.0,0.0,0.0,0.0,0.0,0.0,0.0,0.0
-11.756,-12.758609,0.0,0.0,0.0,0.0,0.0,0.0,0.0,0.0,0.0,0.0,0.0,0.0,0.0,0.0,0.0,0.0
-11.745,-12.747608999999999,0.0,0.0,0.0,0.0,0.0,0.0,0.0,0.0,0.0,0.0,0.0,0.0,0.0,0.0,0.0,0.0
-11.734,-12.736609,0.0,0.0,0.0,0.0,0.0,0.0,0.0,0.0,0.0,0.0,0.0,0.0,0.0,0.0,0.0,0.0
-11.723,-12.725609,0.0,0.0,0.0,0.0,0.0,0.0,0.0,0.0,0.0,0.0,0.0,0.0,0.0,0.0,0.0,0.0
-11.712,-12.714609,0.0,0.0,0.0,0.0,0.0,0.0,0.0,0.0,0.0,0.0,0.0,0.0,0.0,0.0,0.0,0.0
-11.701,-12.703609,0.0,0.0,0.0,0.0,0.0,0.0,0.0,0.0,0.0,0.0,0.0,0.0,0.0,0.0,0.0,0.0
-11.69,-12.692609,0.0,0.0,0.0,0.0,0.0,0.0,0.0,0.0,0.0,0.0,0.0,0.0,0.0,0.0,0.0,0.0
-11.678,-12.680609,0.0,0.0,0.0,0.0,0.0,0.0,0.0,0.0,0.0,0.0,0.0,0.0,0.0,0.0,0.0,0.0
-11.667,-12.669609,0.0,0.0,0.0,0.0,0.0,0.0,0.0,0.0,0.0,0.0,0.0,0.0,0.0,0.0,0.0,0.0
-11.656,-12.658609,0.0,0.0,0.0,0.0,0.0,0.0,0.0,0.0,0.0,0.0,0.0,0.0,0.0,0.0,0.0,0.0
-11.645,-12.647609,0.0,0.0,0.0,0.0,0.0,0.0,0.0,0.0,0.0,0.0,0.0,0.0,0.0,0.0,0.0,0.0
-11.634,-12.636609,0.0,0.0,0.0,0.0,0.0,0.0,0.0,0.0,0.0,0.0,0.0,0.0,0.0,0.0,0.0,0.0
-11.623,-12.625608999999999,0.0,0.0,0.0,0.0,0.0,0.0,0.0,0.0,0.0,0.0,0.0,0.0,0.0,0.0,0.0,0.0
-11.612,-12.614609,0.0,0.0,0.0,0.0,0.0,0.0,0.0,0.0,0.0,0.0,0.0,0.0,0.0,0.0,0.0,0.0
-11.6,-12.602609,0.0,0.0,0.0,0.0,0.0,0.0,0.0,0.0,0.0,0.0,0.0,0.0,0.0,0.0,0.0,0.0
-11.589,-12.591609,0.0,0.0,0.0,0.0,0.0,0.0,0.0,0.0,0.0,0.0,0.0,0.0,0.0,0.0,0.0,0.0
-11.578,-12.580608999999999,0.0,0.0,0.0,0.0,0.0,0.0,0.0,0.0,0.0,0.0,0.0,0.0,0.0,0.0,0.0,0.0
-11.567,-12.569609,0.0,0.0,0.0,0.0,0.0,0.0,0.0,0.0,0.0,0.0,0.0,0.0,0.0,0.0,0.0,0.0
-11.556,-12.558608999999999,0.0,0.0,0.0,0.0,0.0,0.0,0.0,0.0,0.0,0.0,0.0,0.0,0.0,0.0,0.0,0.0
-11.545,-12.547609,0.0,0.0,0.0,0.0,0.0,0.0,0.0,0.0,0.0,0.0,0.0,0.0,0.0,0.0,0.0,0.0
-11.534,-12.536609,0.0,0.0,0.0,0.0,0.0,0.0,0.0,0.0,0.0,0.0,0.0,0.0,0.0,0.0,0.0,0.0
-11.523,-12.525609,0.0,0.0,0.0,0.0,0.0,0.0,0.0,0.0,0.0,0.0,0.0,0.0,0.0,0.0,0.0,0.0
-11.511,-12.513608999999999,0.0,0.0,0.0,0.0,0.0,0.0,0.0,0.0,0.0,0.0,0.0,0.0,0.0,0.0,0.0,0.0
-11.5,-12.502609,0.0,0.0,0.0,0.0,0.0,0.0,0.0,0.0,0.0,0.0,0.0,0.0,0.0,0.0,0.0,0.0
-11.489,-12.491609,0.0,0.0,0.0,0.0,0.0,0.0,0.0,0.0,0.0,0.0,0.0,0.0,0.0,0.0,0.0,0.0
-11.478,-12.480609,0.0,0.0,0.0,0.0,0.0,0.0,0.0,0.0,0.0,0.0,0.0,0.0,0.0,0.0,0.0,0.0
-11.467,-12.469609,0.0,0.0,0.0,0.0,0.0,0.0,0.0,0.0,0.0,0.0,0.0,0.0,0.0,0.0,0.0,0.0
-11.456,-12.458609,0.0,0.0,0.0,0.0,0.0,0.0,0.0,0.0,0.0,0.0,0.0,0.0,0.0,0.0,0.0,0.0
-11.445,-12.447609,0.0,0.0,0.0,0.0,0.0,0.0,0.0,0.0,0.0,0.0,0.0,0.0,0.0,0.0,0.0,0.0
-11.433,-12.435609,0.0,0.0,0.0,0.0,0.0,0.0,0.0,0.0,0.0,0.0,0.0,0.0,0.0,0.0,0.0,0.0
-11.422,-12.424609,0.0,0.0,0.0,0.0,0.0,0.0,0.0,0.0,0.0,0.0,0.0,0.0,0.0,0.0,0.0,0.0
-11.411,-12.413609,0.0,0.0,0.0,0.0,0.0,0.0,0.0,0.0,0.0,0.0,0.0,0.0,0.0,0.0,0.0,0.0
-11.4,-12.402609,0.0,0.0,0.0,0.0,0.0,0.0,0.0,0.0,0.0,0.0,0.0,0.0,0.0,0.0,0.0,0.0
-11.389,-12.391608999999999,0.0,0.0,0.0,0.0,0.0,0.0,0.0,0.0,0.0,0.0,0.0,0.0,0.0,0.0,0.0,0.0
-11.378,-12.380609,0.0,0.0,0.0,0.0,0.0,0.0,0.0,0.0,0.0,0.0,0.0,0.0,0.0,0.0,0.0,0.0
-11.367,-12.369609,0.0,0.0,0.0,0.0,0.0,0.0,0.0,0.0,0.0,0.0,0.0,0.0,0.0,0.0,0.0,0.0
-11.356,-12.358609,0.0,0.0,0.0,0.0,0.0,0.0,0.0,0.0,0.0,0.0,0.0,0.0,0.0,0.0,0.0,0.0
-11.344,-12.346608999999999,0.0,0.0,0.0,0.0,0.0,0.0,0.0,0.0,0.0,0.0,0.0,0.0,0.0,0.0,0.0,0.0
-11.333,-12.335609,0.0,0.0,0.0,0.0,0.0,0.0,0.0,0.0,0.0,0.0,0.0,0.0,0.0,0.0,0.0,0.0
-11.322,-12.324608999999999,0.0,0.0,0.0,0.0,0.0,0.0,0.0,0.0,0.0,0.0,0.0,0.0,0.0,0.0,0.0,0.0
-11.311,-12.313609,0.0,0.0,0.0,0.0,0.0,0.0,0.0,0.0,0.0,0.0,0.0,0.0,0.0,0.0,0.0,0.0
-11.3,-12.302609,0.0,0.0,0.0,0.0,0.0,0.0,0.0,0.0,0.0,0.0,0.0,0.0,0.0,0.0,0.0,0.0
-11.289,-12.291609,0.0,0.0,0.0,0.0,0.0,0.0,0.0,0.0,0.0,0.0,0.0,0.0,0.0,0.0,0.0,0.0
-11.278,-12.280609,0.0,0.0,0.0,0.0,0.0,0.0,0.0,0.0,0.0,0.0,0.0,0.0,0.0,0.0,0.0,0.0
-11.266,-12.268609,0.0,0.0,0.0,0.0,0.0,0.0,0.0,0.0,0.0,0.0,0.0,0.0,0.0,0.0,0.0,0.0
-11.255,-12.257609,0.0,0.0,0.0,0.0,0.0,0.0,0.0,0.0,0.0,0.0,0.0,0.0,0.0,0.0,0.0,0.0
-11.244,-12.246609,0.0,0.0,0.0,0.0,0.0,0.0,0.0,0.0,0.0,0.0,0.0,0.0,0.0,0.0,0.0,0.0
-11.233,-12.235609,0.0,0.0,0.0,0.0,0.0,0.0,0.0,0.0,0.0,0.0,0.0,0.0,0.0,0.0,0.0,0.0
-11.222,-12.224609,0.0,0.0,0.0,0.0,0.0,0.0,0.0,0.0,0.0,0.0,0.0,0.0,0.0,0.0,0.0,0.0
-11.211,-12.213609,0.0,0.0,0.0,0.0,0.0,0.0,0.0,0.0,0.0,0.0,0.0,0.0,0.0,0.0,0.0,0.0
-11.2,-12.202608999999999,0.0,0.0,0.0,0.0,0.0,0.0,0.0,0.0,0.0,0.0,0.0,0.0,0.0,0.0,0.0,0.0
-11.189,-12.191609,0.0,0.0,0.0,0.0,0.0,0.0,0.0,0.0,0.0,0.0,0.0,0.0,0.0,0.0,0.0,0.0
-11.177,-12.179609,0.0,0.0,0.0,0.0,0.0,0.0,0.0,0.0,0.0,0.0,0.0,0.0,0.0,0.0,0.0,0.0
-11.166,-12.168609,0.0,0.0,0.0,0.0,0.0,0.0,0.0,0.0,0.0,0.0,0.0,0.0,0.0,0.0,0.0,0.0
-11.155,-12.157608999999999,0.0,0.0,0.0,0.0,0.0,0.0,0.0,0.0,0.0,0.0,0.0,0.0,0.0,0.0,0.0,0.0
-11.144,-12.146609,0.0,0.0,0.0,0.0,0.0,0.0,0.0,0.0,0.0,0.0,0.0,0.0,0.0,0.0,0.0,0.0
-11.133,-12.135608999999999,0.0,0.0,0.0,0.0,0.0,0.0,0.0,0.0,0.0,0.0,0.0,0.0,0.0,0.0,0.0,0.0
-11.122,-12.124609,0.0,0.0,0.0,0.0,0.0,0.0,0.0,0.0,0.0,0.0,0.0,0.0,0.0,0.0,0.0,0.0
-11.111,-12.113609,0.0,0.0,0.0,0.0,0.0,0.0,0.0,0.0,0.0,0.0,0.0,0.0,0.0,0.0,0.0,0.0
-11.099,-12.101609,0.0,0.0,0.0,0.0,0.0,0.0,0.0,0.0,0.0,0.0,0.0,0.0,0.0,0.0,0.0,0.0
-11.088,-12.090608999999999,0.0,0.0,0.0,0.0,0.0,0.0,0.0,0.0,0.0,0.0,0.0,0.0,0.0,0.0,0.0,0.0
-11.077,-12.079609,0.0,0.0,0.0,0.0,0.0,0.0,0.0,0.0,0.0,0.0,0.0,0.0,0.0,0.0,0.0,0.0
-11.066,-12.068609,0.0,0.0,0.0,0.0,0.0,0.0,0.0,0.0,0.0,0.0,0.0,0.0,0.0,0.0,0.0,0.0
-11.055,-12.057609,0.0,0.0,0.0,0.0,0.0,0.0,0.0,0.0,0.0,0.0,0.0,0.0,0.0,0.0,0.0,0.0
-11.044,-12.046609,0.0,0.0,0.0,0.0,0.0,0.0,0.0,0.0,0.0,0.0,0.0,0.0,0.0,0.0,0.0,0.0
-11.033,-12.035609,0.0,0.0,0.0,0.0,0.0,0.0,0.0,0.0,0.0,0.0,0.0,0.0,0.0,0.0,0.0,0.0
-11.021,-12.023609,0.0,0.0,0.0,0.0,0.0,0.0,0.0,0.0,0.0,0.0,0.0,0.0,0.0,0.0,0.0,0.0
-11.01,-12.012609,0.0,0.0,0.0,0.0,0.0,0.0,0.0,0.0,0.0,0.0,0.0,0.0,0.0,0.0,0.0,0.0
-10.999,-12.001609,0.0,0.0,0.0,0.0,0.0,0.0,0.0,0.0,0.0,0.0,0.0,0.0,0.0,0.0,0.0,0.0
-10.988,-11.990609,0.0,0.0,0.0,0.0,0.0,0.0,0.0,0.0,0.0,0.0,0.0,0.0,0.0,0.0,0.0,0.0
-10.977,-11.979609,0.0,0.0,0.0,0.0,0.0,0.0,0.0,0.0,0.0,0.0,0.0,0.0,0.0,0.0,0.0,0.0
-10.966,-11.968608999999999,0.0,0.0,0.0,0.0,0.0,0.0,0.0,0.0,0.0,0.0,0.0,0.0,0.0,0.0,0.0,0.0
-10.955,-11.957609,0.0,0.0,0.0,0.0,0.0,0.0,0.0,0.0,0.0,0.0,0.0,0.0,0.0,0.0,0.0,0.0
-10.944,-11.946609,0.0,0.0,0.0,0.0,0.0,0.0,0.0,0.0,0.0,0.0,0.0,0.0,0.0,0.0,0.0,0.0
-10.932,-11.934609,0.0,0.0,0.0,0.0,0.0,0.0,0.0,0.0,0.0,0.0,0.0,0.0,0.0,0.0,0.0,0.0
-10.921,-11.923608999999999,0.0,0.0,0.0,0.0,0.0,0.0,0.0,0.0,0.0,0.0,0.0,0.0,0.0,0.0,0.0,0.0
-10.91,-11.912609,0.0,0.0,0.0,0.0,0.0,0.0,0.0,0.0,0.0,0.0,0.0,0.0,0.0,0.0,0.0,0.0
-10.899,-11.901608999999999,0.0,0.0,0.0,0.0,0.0,0.0,0.0,0.0,0.0,0.0,0.0,0.0,0.0,0.0,0.0,0.0
-10.888,-11.890609,0.0,0.0,0.0,0.0,0.0,0.0,0.0,0.0,0.0,0.0,0.0,0.0,0.0,0.0,0.0,0.0
-10.877,-11.879609,0.0,0.0,0.0,0.0,0.0,0.0,0.0,0.0,0.0,0.0,0.0,0.0,0.0,0.0,0.0,0.0
-10.866,-11.868609,0.0,0.0,0.0,0.0,0.0,0.0,0.0,0.0,0.0,0.0,0.0,0.0,0.0,0.0,0.0,0.0
-10.854,-11.856608999999999,0.0,0.0,0.0,0.0,0.0,0.0,0.0,0.0,0.0,0.0,0.0,0.0,0.0,0.0,0.0,0.0
-10.843,-11.845609,0.0,0.0,0.0,0.0,0.0,0.0,0.0,0.0,0.0,0.0,0.0,0.0,0.0,0.0,0.0,0.0
-10.832,-11.834609,0.0,0.0,0.0,0.0,0.0,0.0,0.0,0.0,0.0,0.0,0.0,0.0,0.0,0.0,0.0,0.0
-10.821,-11.823609,0.0,0.0,0.0,0.0,0.0,0.0,0.0,0.0,0.0,0.0,0.0,0.0,0.0,0.0,0.0,0.0
-10.81,-11.812609,0.0,0.0,0.0,0.0,0.0,0.0,0.0,0.0,0.0,0.0,0.0,0.0,0.0,0.0,0.0,0.0
-10.799,-11.801609,0.0,0.0,0.0,0.0,0.0,0.0,0.0,0.0,0.0,0.0,0.0,0.0,0.0,0.0,0.0,0.0
-10.788,-11.790609,0.0,0.0,0.0,0.0,0.0,0.0,0.0,0.0,0.0,0.0,0.0,0.0,0.0,0.0,0.0,0.0
-10.777,-11.779608999999999,0.0,0.0,0.0,0.0,0.0,0.0,0.0,0.0,0.0,0.0,0.0,0.0,0.0,0.0,0.0,0.0
-10.765,-11.767609,0.0,0.0,0.0,0.0,0.0,0.0,0.0,0.0,0.0,0.0,0.0,0.0,0.0,0.0,0.0,0.0
-10.754,-11.756609,0.0,0.0,0.0,0.0,0.0,0.0,0.0,0.0,0.0,0.0,0.0,0.0,0.0,0.0,0.0,0.0
-10.743,-11.745609,0.0,0.0,0.0,0.0,0.0,0.0,0.0,0.0,0.0,0.0,0.0,0.0,0.0,0.0,0.0,0.0
-10.732,-11.734608999999999,0.0,0.0,0.0,0.0,0.0,0.0,0.0,0.0,0.0,0.0,0.0,0.0,0.0,0.0,0.0,0.0
-10.721,-11.723609,0.0,0.0,0.0,0.0,0.0,0.0,0.0,0.0,0.0,0.0,0.0,0.0,0.0,0.0,0.0,0.0
-10.71,-11.712609,0.0,0.0,0.0,0.0,0.0,0.0,0.0,0.0,0.0,0.0,0.0,0.0,0.0,0.0,0.0,0.0
-10.699,-11.701609,0.0,0.0,0.0,0.0,0.0,0.0,0.0,0.0,0.0,0.0,0.0,0.0,0.0,0.0,0.0,0.0
-10.687,-11.689608999999999,0.0,0.0,0.0,0.0,0.0,0.0,0.0,0.0,0.0,0.0,0.0,0.0,0.0,0.0,0.0,0.0
-10.676,-11.678609,0.0,0.0,0.0,0.0,0.0,0.0,0.0,0.0,0.0,0.0,0.0,0.0,0.0,0.0,0.0,0.0
-10.665,-11.667608999999999,0.0,0.0,0.0,0.0,0.0,0.0,0.0,0.0,0.0,0.0,0.0,0.0,0.0,0.0,0.0,0.0
-10.654,-11.656609,0.0,0.0,0.0,0.0,0.0,0.0,0.0,0.0,0.0,0.0,0.0,0.0,0.0,0.0,0.0,0.0
-10.643,-11.645609,0.0,0.0,0.0,0.0,0.0,0.0,0.0,0.0,0.0,0.0,0.0,0.0,0.0,0.0,0.0,0.0
-10.632,-11.634609,0.0,0.0,0.0,0.0,0.0,0.0,0.0,0.0,0.0,0.0,0.0,0.0,0.0,0.0,0.0,0.0
-10.621,-11.623609,0.0,0.0,0.0,0.0,0.0,0.0,0.0,0.0,0.0,0.0,0.0,0.0,0.0,0.0,0.0,0.0
-10.61,-11.612608999999999,0.0,0.0,0.0,0.0,0.0,0.0,0.0,0.0,0.0,0.0,0.0,0.0,0.0,0.0,0.0,0.0
-10.598,-11.600609,0.0,0.0,0.0,0.0,0.0,0.0,0.0,0.0,0.0,0.0,0.0,0.0,0.0,0.0,0.0,0.0
-10.587,-11.589609,0.0,0.0,0.0,0.0,0.0,0.0,0.0,0.0,0.0,0.0,0.0,0.0,0.0,0.0,0.0,0.0
-10.576,-11.578609,0.0,0.0,0.0,0.0,0.0,0.0,0.0,0.0,0.0,0.0,0.0,0.0,0.0,0.0,0.0,0.0
-10.565,-11.567609,0.0,0.0,0.0,0.0,0.0,0.0,0.0,0.0,0.0,0.0,0.0,0.0,0.0,0.0,0.0,0.0
-10.554,-11.556609,0.0,0.0,0.0,0.0,0.0,0.0,0.0,0.0,0.0,0.0,0.0,0.0,0.0,0.0,0.0,0.0
-10.543,-11.545608999999999,0.0,0.0,0.0,0.0,0.0,0.0,0.0,0.0,0.0,0.0,0.0,0.0,0.0,0.0,0.0,0.0
-10.532,-11.534609,0.0,0.0,0.0,0.0,0.0,0.0,0.0,0.0,0.0,0.0,0.0,0.0,0.0,0.0,0.0,0.0
-10.52,-11.522609,0.0,0.0,0.0,0.0,0.0,0.0,0.0,0.0,0.0,0.0,0.0,0.0,0.0,0.0,0.0,0.0
-10.509,-11.511609,0.0,0.0,0.0,0.0,0.0,0.0,0.0,0.0,0.0,0.0,0.0,0.0,0.0,0.0,0.0,0.0
-10.498,-11.500608999999999,0.0,0.0,0.0,0.0,0.0,0.0,0.0,0.0,0.0,0.0,0.0,0.0,0.0,0.0,0.0,0.0
-10.487,-11.489609,0.0,0.0,0.0,0.0,0.0,0.0,0.0,0.0,0.0,0.0,0.0,0.0,0.0,0.0,0.0,0.0
-10.476,-11.478609,0.0,0.0,0.0,0.0,0.0,0.0,0.0,0.0,0.0,0.0,0.0,0.0,0.0,0.0,0.0,0.0
-10.465,-11.467609,0.0,0.0,0.0,0.0,0.0,0.0,0.0,0.0,0.0,0.0,0.0,0.0,0.0,0.0,0.0,0.0
-10.454,-11.456609,0.0,0.0,0.0,0.0,0.0,0.0,0.0,0.0,0.0,0.0,0.0,0.0,0.0,0.0,0.0,0.0
-10.442,-11.444609,0.0,0.0,0.0,0.0,0.0,0.0,0.0,0.0,0.0,0.0,0.0,0.0,0.0,0.0,0.0,0.0
-10.431,-11.433608999999999,0.0,0.0,0.0,0.0,0.0,0.0,0.0,0.0,0.0,0.0,0.0,0.0,0.0,0.0,0.0,0.0
-10.42,-11.422609,0.0,0.0,0.0,0.0,0.0,0.0,0.0,0.0,0.0,0.0,0.0,0.0,0.0,0.0,0.0,0.0
-10.409,-11.411609,0.0,0.0,0.0,0.0,0.0,0.0,0.0,0.0,0.0,0.0,0.0,0.0,0.0,0.0,0.0,0.0
-10.398,-11.400609,0.0,0.0,0.0,0.0,0.0,0.0,0.0,0.0,0.0,0.0,0.0,0.0,0.0,0.0,0.0,0.0
-10.387,-11.389609,0.0,0.0,0.0,0.0,0.0,0.0,0.0,0.0,0.0,0.0,0.0,0.0,0.0,0.0,0.0,0.0
-10.376,-11.378608999999999,0.0,0.0,0.0,0.0,0.0,0.0,0.0,0.0,0.0,0.0,0.0,0.0,0.0,0.0,0.0,0.0
-10.365,-11.367609,0.0,0.0,0.0,0.0,0.0,0.0,0.0,0.0,0.0,0.0,0.0,0.0,0.0,0.0,0.0,0.0
-10.353,-11.355609,0.0,0.0,0.0,0.0,0.0,0.0,0.0,0.0,0.0,0.0,0.0,0.0,0.0,0.0,0.0,0.0
-10.342,-11.344609,0.0,0.0,0.0,0.0,0.0,0.0,0.0,0.0,0.0,0.0,0.0,0.0,0.0,0.0,0.0,0.0
-10.331,-11.333609,0.0,0.0,0.0,0.0,0.0,0.0,0.0,0.0,0.0,0.0,0.0,0.0,0.0,0.0,0.0,0.0
-10.32,-11.322609,0.0,0.0,0.0,0.0,0.0,0.0,0.0,0.0,0.0,0.0,0.0,0.0,0.0,0.0,0.0,0.0
-10.309,-11.311608999999999,0.0,0.0,0.0,0.0,0.0,0.0,0.0,0.0,0.0,0.0,0.0,0.0,0.0,0.0,0.0,0.0
-10.298,-11.300609,0.0,0.0,0.0,0.0,0.0,0.0,0.0,0.0,0.0,0.0,0.0,0.0,0.0,0.0,0.0,0.0
-10.287,-11.289609,0.0,0.0,0.0,0.0,0.0,0.0,0.0,0.0,0.0,0.0,0.0,0.0,0.0,0.0,0.0,0.0
-10.275,-11.277609,0.0,0.0,0.0,0.0,0.0,0.0,0.0,0.0,0.0,0.0,0.0,0.0,0.0,0.0,0.0,0.0
-10.264,-11.266608999999999,0.0,0.0,0.0,0.0,0.0,0.0,0.0,0.0,0.0,0.0,0.0,0.0,0.0,0.0,0.0,0.0
-10.253,-11.255609,0.0,0.0,0.0,0.0,0.0,0.0,0.0,0.0,0.0,0.0,0.0,0.0,0.0,0.0,0.0,0.0
-10.242,-11.244609,0.0,0.0,0.0,0.0,0.0,0.0,0.0,0.0,0.0,0.0,0.0,0.0,0.0,0.0,0.0,0.0
-10.231,-11.233609,0.0,0.0,0.0,0.0,0.0,0.0,0.0,0.0,0.0,0.0,0.0,0.0,0.0,0.0,0.0,0.0
-10.22,-11.222609,0.0,0.0,0.0,0.0,0.0,0.0,0.0,0.0,0.0,0.0,0.0,0.0,0.0,0.0,0.0,0.0
-10.209,-11.211609,0.0,0.0,0.0,0.0,0.0,0.0,0.0,0.0,0.0,0.0,0.0,0.0,0.0,0.0,0.0,0.0
-10.198,-11.200609,0.0,0.0,0.0,0.0,0.0,0.0,0.0,0.0,0.0,0.0,0.0,0.0,0.0,0.0,0.0,0.0
-10.186,-11.188609,0.0,0.0,0.0,0.0,0.0,0.0,0.0,0.0,0.0,0.0,0.0,0.0,0.0,0.0,0.0,0.0
-10.175,-11.177609,0.0,0.0,0.0,0.0,0.0,0.0,0.0,0.0,0.0,0.0,0.0,0.0,0.0,0.0,0.0,0.0
-10.164,-11.166609,0.0,0.0,0.0,0.0,0.0,0.0,0.0,0.0,0.0,0.0,0.0,0.0,0.0,0.0,0.0,0.0
-10.153,-11.155609,0.0,0.0,0.0,0.0,0.0,0.0,0.0,0.0,0.0,0.0,0.0,0.0,0.0,0.0,0.0,0.0
-10.142,-11.144608999999999,0.0,0.0,0.0,0.0,0.0,0.0,0.0,0.0,0.0,0.0,0.0,0.0,0.0,0.0,0.0,0.0
-10.131,-11.133609,0.0,0.0,0.0,0.0,0.0,0.0,0.0,0.0,0.0,0.0,0.0,0.0,0.0,0.0,0.0,0.0
-10.12,-11.122608999999999,0.0,0.0,0.0,0.0,0.0,0.0,0.0,0.0,0.0,0.0,0.0,0.0,0.0,0.0,0.0,0.0
-10.108,-11.110609,0.0,0.0,0.0,0.0,0.0,0.0,0.0,0.0,0.0,0.0,0.0,0.0,0.0,0.0,0.0,0.0
-10.097,-11.099609,0.0,0.0,0.0,0.0,0.0,0.0,0.0,0.0,0.0,0.0,0.0,0.0,0.0,0.0,0.0,0.0
-10.086,-11.088609,0.0,0.0,0.0,0.0,0.0,0.0,0.0,0.0,0.0,0.0,0.0,0.0,0.0,0.0,0.0,0.0
-10.075,-11.077608999999999,0.0,0.0,0.0,0.0,0.0,0.0,0.0,0.0,0.0,0.0,0.0,0.0,0.0,0.0,0.0,0.0
-10.064,-11.066609,0.0,0.0,0.0,0.0,0.0,0.0,0.0,0.0,0.0,0.0,0.0,0.0,0.0,0.0,0.0,0.0
-10.053,-11.055609,0.0,0.0,0.0,0.0,0.0,0.0,0.0,0.0,0.0,0.0,0.0,0.0,0.0,0.0,0.0,0.0
-10.042,-11.044609,0.0,0.0,0.0,0.0,0.0,0.0,0.0,0.0,0.0,0.0,0.0,0.0,0.0,0.0,0.0,0.0
-10.031,-11.033609,0.0,0.0,0.0,0.0,0.0,0.0,0.0,0.0,0.0,0.0,0.0,0.0,0.0,0.0,0.0,0.0
-10.019,-11.021609,0.0,0.0,0.0,0.0,0.0,0.0,0.0,0.0,0.0,0.0,0.0,0.0,0.0,0.0,0.0,0.0
-10.008,-11.010608999999999,0.0,0.0,0.0,0.0,0.0,0.0,0.0,0.0,0.0,0.0,0.0,0.0,0.0,0.0,0.0,0.0
-9.997,-10.999609,0.0,0.0,0.0,0.0,0.0,0.0,0.0,0.0,0.0,0.0,0.0,0.0,0.0,0.0,0.0,0.0
-9.986,-10.988609,0.0,0.0,0.0,0.0,0.0,0.0,0.0,0.0,0.0,0.0,0.0,0.0,0.0,0.0,0.0,0.0
-9.975,-10.977609,0.0,0.0,0.0,0.0,0.0,0.0,0.0,0.0,0.0,0.0,0.0,0.0,0.0,0.0,0.0,0.0
-9.964,-10.966609,0.0,0.0,0.0,0.0,0.0,0.0,0.0,0.0,0.0,0.0,0.0,0.0,0.0,0.0,0.0,0.0
-9.953,-10.955608999999999,0.0,0.0,0.0,0.0,0.0,0.0,0.0,0.0,0.0,0.0,0.0,0.0,0.0,0.0,0.0,0.0
-9.941,-10.943609,0.0,0.0,0.0,0.0,0.0,0.0,0.0,0.0,0.0,0.0,0.0,0.0,0.0,0.0,0.0,0.0
-9.93,-10.932609,0.0,0.0,0.0,0.0,0.0,0.0,0.0,0.0,0.0,0.0,0.0,0.0,0.0,0.0,0.0,0.0
-9.919,-10.921609,0.0,0.0,0.0,0.0,0.0,0.0,0.0,0.0,0.0,0.0,0.0,0.0,0.0,0.0,0.0,0.0
-9.908,-10.910609,0.0,0.0,0.0,0.0,0.0,0.0,0.0,0.0,0.0,0.0,0.0,0.0,0.0,0.0,0.0,0.0
-9.897,-10.899609,0.0,0.0,0.0,0.0,0.0,0.0,0.0,0.0,0.0,0.0,0.0,0.0,0.0,0.0,0.0,0.0
-9.886,-10.888608999999999,0.0,0.0,0.0,0.0,0.0,0.0,0.0,0.0,0.0,0.0,0.0,0.0,0.0,0.0,0.0,0.0
-9.875,-10.877609,0.0,0.0,0.0,0.0,0.0,0.0,0.0,0.0,0.0,0.0,0.0,0.0,0.0,0.0,0.0,0.0
-9.864,-10.866609,0.0,0.0,0.0,0.0,0.0,0.0,0.0,0.0,0.0,0.0,0.0,0.0,0.0,0.0,0.0,0.0
-9.852,-10.854609,0.0,0.0,0.0,0.0,0.0,0.0,0.0,0.0,0.0,0.0,0.0,0.0,0.0,0.0,0.0,0.0
-9.841,-10.843608999999999,0.0,0.0,0.0,0.0,0.0,0.0,0.0,0.0,0.0,0.0,0.0,0.0,0.0,0.0,0.0,0.0
-9.83,-10.832609,0.0,0.0,0.0,0.0,0.0,0.0,0.0,0.0,0.0,0.0,0.0,0.0,0.0,0.0,0.0,0.0
-9.819,-10.821609,0.0,0.0,0.0,0.0,0.0,0.0,0.0,0.0,0.0,0.0,0.0,0.0,0.0,0.0,0.0,0.0
-9.808,-10.810609,0.0,0.0,0.0,0.0,0.0,0.0,0.0,0.0,0.0,0.0,0.0,0.0,0.0,0.0,0.0,0.0
-9.797,-10.799609,0.0,0.0,0.0,0.0,0.0,0.0,0.0,0.0,0.0,0.0,0.0,0.0,0.0,0.0,0.0,0.0
-9.786,-10.788609,0.0,0.0,0.0,0.0,0.0,0.0,0.0,0.0,0.0,0.0,0.0,0.0,0.0,0.0,0.0,0.0
-9.774,-10.776608999999999,0.0,0.0,0.0,0.0,0.0,0.0,0.0,0.0,0.0,0.0,0.0,0.0,0.0,0.0,0.0,0.0
-9.763,-10.765609,0.0,0.0,0.0,0.0,0.0,0.0,0.0,0.0,0.0,0.0,0.0,0.0,0.0,0.0,0.0,0.0
-9.752,-10.754609,0.0,0.0,0.0,0.0,0.0,0.0,0.0,0.0,0.0,0.0,0.0,0.0,0.0,0.0,0.0,0.0
-9.741,-10.743609,0.0,0.0,0.0,0.0,0.0,0.0,0.0,0.0,0.0,0.0,0.0,0.0,0.0,0.0,0.0,0.0
-9.73,-10.732609,0.0,0.0,0.0,0.0,0.0,0.0,0.0,0.0,0.0,0.0,0.0,0.0,0.0,0.0,0.0,0.0
-9.719,-10.721608999999999,0.0,0.0,0.0,0.0,0.0,0.0,0.0,0.0,0.0,0.0,0.0,0.0,0.0,0.0,0.0,0.0
-9.708,-10.710609,0.0,0.0,0.0,0.0,0.0,0.0,0.0,0.0,0.0,0.0,0.0,0.0,0.0,0.0,0.0,0.0
-9.696,-10.698609,0.0,0.0,0.0,0.0,0.0,0.0,0.0,0.0,0.0,0.0,0.0,0.0,0.0,0.0,0.0,0.0
-9.685,-10.687609,0.0,0.0,0.0,0.0,0.0,0.0,0.0,0.0,0.0,0.0,0.0,0.0,0.0,0.0,0.0,0.0
-9.674,-10.676609,0.0,0.0,0.0,0.0,0.0,0.0,0.0,0.0,0.0,0.0,0.0,0.0,0.0,0.0,0.0,0.0
-9.663,-10.665609,0.0,0.0,0.0,0.0,0.0,0.0,0.0,0.0,0.0,0.0,0.0,0.0,0.0,0.0,0.0,0.0
-9.652,-10.654608999999999,0.0,0.0,0.0,0.0,0.0,0.0,0.0,0.0,0.0,0.0,0.0,0.0,0.0,0.0,0.0,0.0
-9.641,-10.643609,0.0,0.0,0.0,0.0,0.0,0.0,0.0,0.0,0.0,0.0,0.0,0.0,0.0,0.0,0.0,0.0
-9.63,-10.632609,0.0,0.0,0.0,0.0,0.0,0.0,0.0,0.0,0.0,0.0,0.0,0.0,0.0,0.0,0.0,0.0
-9.619,-10.621609,0.0,0.0,0.0,0.0,0.0,0.0,0.0,0.0,0.0,0.0,0.0,0.0,0.0,0.0,0.0,0.0
-9.607,-10.609608999999999,0.0,0.0,0.0,0.0,0.0,0.0,0.0,0.0,0.0,0.0,0.0,0.0,0.0,0.0,0.0,0.0
-9.596,-10.598609,0.0,0.0,0.0,0.0,0.0,0.0,0.0,0.0,0.0,0.0,0.0,0.0,0.0,0.0,0.0,0.0
-9.585,-10.587609,0.0,0.0,0.0,0.0,0.0,0.0,0.0,0.0,0.0,0.0,0.0,0.0,0.0,0.0,0.0,0.0
-9.574,-10.576609,0.0,0.0,0.0,0.0,0.0,0.0,0.0,0.0,0.0,0.0,0.0,0.0,0.0,0.0,0.0,0.0
-9.563,-10.565609,0.0,0.0,0.0,0.0,0.0,0.0,0.0,0.0,0.0,0.0,0.0,0.0,0.0,0.0,0.0,0.0
-9.552,-10.554609,0.0,0.0,0.0,0.0,0.0,0.0,0.0,0.0,0.0,0.0,0.0,0.0,0.0,0.0,0.0,0.0
-9.541,-10.543609,0.0,0.0,0.0,0.0,0.0,0.0,0.0,0.0,0.0,0.0,0.0,0.0,0.0,0.0,0.0,0.0
-9.529,-10.531609,0.0,0.0,0.0,0.0,0.0,0.0,0.0,0.0,0.0,0.0,0.0,0.0,0.0,0.0,0.0,0.0
-9.518,-10.520609,0.0,0.0,0.0,0.0,0.0,0.0,0.0,0.0,0.0,0.0,0.0,0.0,0.0,0.0,0.0,0.0
-9.507,-10.509609,0.0,0.0,0.0,0.0,0.0,0.0,0.0,0.0,0.0,0.0,0.0,0.0,0.0,0.0,0.0,0.0
-9.496,-10.498609,0.0,0.0,0.0,0.0,0.0,0.0,0.0,0.0,0.0,0.0,0.0,0.0,0.0,0.0,0.0,0.0
-9.485,-10.487608999999999,0.0,0.0,0.0,0.0,0.0,0.0,0.0,0.0,0.0,0.0,0.0,0.0,0.0,0.0,0.0,0.0
-9.474,-10.476609,0.0,0.0,0.0,0.0,0.0,0.0,0.0,0.0,0.0,0.0,0.0,0.0,0.0,0.0,0.0,0.0
-9.463,-10.465608999999999,0.0,0.0,0.0,0.0,0.0,0.0,0.0,0.0,0.0,0.0,0.0,0.0,0.0,0.0,0.0,0.0
-9.452,-10.454609,0.0,0.0,0.0,0.0,0.0,0.0,0.0,0.0,0.0,0.0,0.0,0.0,0.0,0.0,0.0,0.0
-9.44,-10.442609,0.0,0.0,0.0,0.0,0.0,0.0,0.0,0.0,0.0,0.0,0.0,0.0,0.0,0.0,0.0,0.0
-9.429,-10.431609,0.0,0.0,0.0,0.0,0.0,0.0,0.0,0.0,0.0,0.0,0.0,0.0,0.0,0.0,0.0,0.0
-9.418,-10.420608999999999,0.0,0.0,0.0,0.0,0.0,0.0,0.0,0.0,0.0,0.0,0.0,0.0,0.0,0.0,0.0,0.0
-9.407,-10.409609,0.0,0.0,0.0,0.0,0.0,0.0,0.0,0.0,0.0,0.0,0.0,0.0,0.0,0.0,0.0,0.0
-9.396,-10.398609,0.0,0.0,0.0,0.0,0.0,0.0,0.0,0.0,0.0,0.0,0.0,0.0,0.0,0.0,0.0,0.0
-9.385,-10.387609,0.0,0.0,0.0,0.0,0.0,0.0,0.0,0.0,0.0,0.0,0.0,0.0,0.0,0.0,0.0,0.0
-9.374,-10.376609,0.0,0.0,0.0,0.0,0.0,0.0,0.0,0.0,0.0,0.0,0.0,0.0,0.0,0.0,0.0,0.0
-9.362,-10.364609,0.0,0.0,0.0,0.0,0.0,0.0,0.0,0.0,0.0,0.0,0.0,0.0,0.0,0.0,0.0,0.0
-9.351,-10.353609,0.0,0.0,0.0,0.0,0.0,0.0,0.0,0.0,0.0,0.0,0.0,0.0,0.0,0.0,0.0,0.0
-9.34,-10.342609,0.0,0.0,0.0,0.0,0.0,0.0,0.0,0.0,0.0,0.0,0.0,0.0,0.0,0.0,0.0,0.0
-9.329,-10.331609,0.0,0.0,0.0,0.0,0.0,0.0,0.0,0.0,0.0,0.0,0.0,0.0,0.0,0.0,0.0,0.0
-9.318,-10.320609,0.0,0.0,0.0,0.0,0.0,0.0,0.0,0.0,0.0,0.0,0.0,0.0,0.0,0.0,0.0,0.0
-9.307,-10.309609,0.0,0.0,0.0,0.0,0.0,0.0,0.0,0.0,0.0,0.0,0.0,0.0,0.0,0.0,0.0,0.0
-9.296,-10.298608999999999,0.0,0.0,0.0,0.0,0.0,0.0,0.0,0.0,0.0,0.0,0.0,0.0,0.0,0.0,0.0,0.0
-9.285,-10.287609,0.0,0.0,0.0,0.0,0.0,0.0,0.0,0.0,0.0,0.0,0.0,0.0,0.0,0.0,0.0,0.0
-9.273,-10.275609,0.0,0.0,0.0,0.0,0.0,0.0,0.0,0.0,0.0,0.0,0.0,0.0,0.0,0.0,0.0,0.0
-9.262,-10.264609,0.0,0.0,0.0,0.0,0.0,0.0,0.0,0.0,0.0,0.0,0.0,0.0,0.0,0.0,0.0,0.0
-9.251,-10.253608999999999,0.0,0.0,0.0,0.0,0.0,0.0,0.0,0.0,0.0,0.0,0.0,0.0,0.0,0.0,0.0,0.0
-9.24,-10.242609,0.0,0.0,0.0,0.0,0.0,0.0,0.0,0.0,0.0,0.0,0.0,0.0,0.0,0.0,0.0,0.0
-9.229,-10.231608999999999,0.0,0.0,0.0,0.0,0.0,0.0,0.0,0.0,0.0,0.0,0.0,0.0,0.0,0.0,0.0,0.0
-9.218,-10.220609,0.0,0.0,0.0,0.0,0.0,0.0,0.0,0.0,0.0,0.0,0.0,0.0,0.0,0.0,0.0,0.0
-9.207,-10.209609,0.0,0.0,0.0,0.0,0.0,0.0,0.0,0.0,0.0,0.0,0.0,0.0,0.0,0.0,0.0,0.0
-9.195,-10.197609,0.0,0.0,0.0,0.0,0.0,0.0,0.0,0.0,0.0,0.0,0.0,0.0,0.0,0.0,0.0,0.0
-9.184,-10.186608999999999,0.0,0.0,0.0,0.0,0.0,0.0,0.0,0.0,0.0,0.0,0.0,0.0,0.0,0.0,0.0,0.0
-9.173,-10.175609,0.0,0.0,0.0,0.0,0.0,0.0,0.0,0.0,0.0,0.0,0.0,0.0,0.0,0.0,0.0,0.0
-9.162,-10.164609,0.0,0.0,0.0,0.0,0.0,0.0,0.0,0.0,0.0,0.0,0.0,0.0,0.0,0.0,0.0,0.0
-9.151,-10.153609,0.0,0.0,0.0,0.0,0.0,0.0,0.0,0.0,0.0,0.0,0.0,0.0,0.0,0.0,0.0,0.0
-9.14,-10.142609,0.0,0.0,0.0,0.0,0.0,0.0,0.0,0.0,0.0,0.0,0.0,0.0,0.0,0.0,0.0,0.0
-9.129,-10.131609,0.0,0.0,0.0,0.0,0.0,0.0,0.0,0.0,0.0,0.0,0.0,0.0,0.0,0.0,0.0,0.0
-9.117,-10.119609,0.0,0.0,0.0,0.0,0.0,0.0,0.0,0.0,0.0,0.0,0.0,0.0,0.0,0.0,0.0,0.0
-9.106,-10.108609,0.0,0.0,0.0,0.0,0.0,0.0,0.0,0.0,0.0,0.0,0.0,0.0,0.0,0.0,0.0,0.0
-9.095,-10.097609,0.0,0.0,0.0,0.0,0.0,0.0,0.0,0.0,0.0,0.0,0.0,0.0,0.0,0.0,0.0,0.0
-9.084,-10.086609,0.0,0.0,0.0,0.0,0.0,0.0,0.0,0.0,0.0,0.0,0.0,0.0,0.0,0.0,0.0,0.0
-9.073,-10.075609,0.0,0.0,0.0,0.0,0.0,0.0,0.0,0.0,0.0,0.0,0.0,0.0,0.0,0.0,0.0,0.0
-9.062,-10.064608999999999,0.0,0.0,0.0,0.0,0.0,0.0,0.0,0.0,0.0,0.0,0.0,0.0,0.0,0.0,0.0,0.0
-9.051,-10.053609,0.0,0.0,0.0,0.0,0.0,0.0,0.0,0.0,0.0,0.0,0.0,0.0,0.0,0.0,0.0,0.0
-9.04,-10.042608999999999,0.0,0.0,0.0,0.0,0.0,0.0,0.0,0.0,0.0,0.0,0.0,0.0,0.0,0.0,0.0,0.0
-9.028,-10.030609,0.0,0.0,0.0,0.0,0.0,0.0,0.0,0.0,0.0,0.0,0.0,0.0,0.0,0.0,0.0,0.0
-9.017,-10.019608999999999,0.0,0.0,0.0,0.0,0.0,0.0,0.0,0.0,0.0,0.0,0.0,0.0,0.0,0.0,0.0,0.0
-9.006,-10.008609,0.0,0.0,0.0,0.0,0.0,0.0,0.0,0.0,0.0,0.0,0.0,0.0,0.0,0.0,0.0,0.0
-8.995,-9.997608999999999,0.0,0.0,0.0,0.0,0.0,0.0,0.0,0.0,0.0,0.0,0.0,0.0,0.0,0.0,0.0,0.0
-8.984,-9.986609,0.0,0.0,0.0,0.0,0.0,0.0,0.0,0.0,0.0,0.0,0.0,0.0,0.0,0.0,0.0,0.0
-8.973,-9.975609,0.0,0.0,0.0,0.0,0.0,0.0,0.0,0.0,0.0,0.0,0.0,0.0,0.0,0.0,0.0,0.0
-8.962,-9.964609,0.0,0.0,0.0,0.0,0.0,0.0,0.0,0.0,0.0,0.0,0.0,0.0,0.0,0.0,0.0,0.0
-8.95,-9.952608999999999,0.0,0.0,0.0,0.0,0.0,0.0,0.0,0.0,0.0,0.0,0.0,0.0,0.0,0.0,0.0,0.0
-8.939,-9.941609,0.0,0.0,0.0,0.0,0.0,0.0,0.0,0.0,0.0,0.0,0.0,0.0,0.0,0.0,0.0,0.0
-8.928,-9.930609,0.0,0.0,0.0,0.0,0.0,0.0,0.0,0.0,0.0,0.0,0.0,0.0,0.0,0.0,0.0,0.0
-8.917,-9.919609,0.0,0.0,0.0,0.0,0.0,0.0,0.0,0.0,0.0,0.0,0.0,0.0,0.0,0.0,0.0,0.0
-8.906,-9.908609,0.0,0.0,0.0,0.0,0.0,0.0,0.0,0.0,0.0,0.0,0.0,0.0,0.0,0.0,0.0,0.0
-8.895,-9.897609,0.0,0.0,0.0,0.0,0.0,0.0,0.0,0.0,0.0,0.0,0.0,0.0,0.0,0.0,0.0,0.0
-8.884,-9.886609,0.0,0.0,0.0,0.0,0.0,0.0,0.0,0.0,0.0,0.0,0.0,0.0,0.0,0.0,0.0,0.0
-8.873,-9.875608999999999,0.0,0.0,0.0,0.0,0.0,0.0,0.0,0.0,0.0,0.0,0.0,0.0,0.0,0.0,0.0,0.0
-8.861,-9.863609,0.0,0.0,0.0,0.0,0.0,0.0,0.0,0.0,0.0,0.0,0.0,0.0,0.0,0.0,0.0,0.0
-8.85,-9.852609,0.0,0.0,0.0,0.0,0.0,0.0,0.0,0.0,0.0,0.0,0.0,0.0,0.0,0.0,0.0,0.0
-8.839,-9.841609,0.0,0.0,0.0,0.0,0.0,0.0,0.0,0.0,0.0,0.0,0.0,0.0,0.0,0.0,0.0,0.0
-8.828,-9.830608999999999,0.0,0.0,0.0,0.0,0.0,0.0,0.0,0.0,0.0,0.0,0.0,0.0,0.0,0.0,0.0,0.0
-8.817,-9.819609,0.0,0.0,0.0,0.0,0.0,0.0,0.0,0.0,0.0,0.0,0.0,0.0,0.0,0.0,0.0,0.0
-8.806,-9.808608999999999,0.0,0.0,0.0,0.0,0.0,0.0,0.0,0.0,0.0,0.0,0.0,0.0,0.0,0.0,0.0,0.0
-8.795,-9.797609,0.0,0.0,0.0,0.0,0.0,0.0,0.0,0.0,0.0,0.0,0.0,0.0,0.0,0.0,0.0,0.0
-8.783,-9.785609,0.0,0.0,0.0,0.0,0.0,0.0,0.0,0.0,0.0,0.0,0.0,0.0,0.0,0.0,0.0,0.0
-8.772,-9.774609,0.0,0.0,0.0,0.0,0.0,0.0,0.0,0.0,0.0,0.0,0.0,0.0,0.0,0.0,0.0,0.0
-8.761,-9.763608999999999,0.0,0.0,0.0,0.0,0.0,0.0,0.0,0.0,0.0,0.0,0.0,0.0,0.0,0.0,0.0,0.0
-8.75,-9.752609,0.0,0.0,0.0,0.0,0.0,0.0,0.0,0.0,0.0,0.0,0.0,0.0,0.0,0.0,0.0,0.0
-8.739,-9.741609,0.0,0.0,0.0,0.0,0.0,0.0,0.0,0.0,0.0,0.0,0.0,0.0,0.0,0.0,0.0,0.0
-8.728,-9.730609,0.0,0.0,0.0,0.0,0.0,0.0,0.0,0.0,0.0,0.0,0.0,0.0,0.0,0.0,0.0,0.0
-8.717,-9.719609,0.0,0.0,0.0,0.0,0.0,0.0,0.0,0.0,0.0,0.0,0.0,0.0,0.0,0.0,0.0,0.0
-8.706,-9.708609,0.0,0.0,0.0,0.0,0.0,0.0,0.0,0.0,0.0,0.0,0.0,0.0,0.0,0.0,0.0,0.0
-8.694,-9.696609,0.0,0.0,0.0,0.0,0.0,0.0,0.0,0.0,0.0,0.0,0.0,0.0,0.0,0.0,0.0,0.0
-8.683,-9.685609,0.0,0.0,0.0,0.0,0.0,0.0,0.0,0.0,0.0,0.0,0.0,0.0,0.0,0.0,0.0,0.0
-8.672,-9.674609,0.0,0.0,0.0,0.0,0.0,0.0,0.0,0.0,0.0,0.0,0.0,0.0,0.0,0.0,0.0,0.0
-8.661,-9.663609,0.0,0.0,0.0,0.0,0.0,0.0,0.0,0.0,0.0,0.0,0.0,0.0,0.0,0.0,0.0,0.0
-8.65,-9.652609,0.0,0.0,0.0,0.0,0.0,0.0,0.0,0.0,0.0,0.0,0.0,0.0,0.0,0.0,0.0,0.0
-8.639,-9.641608999999999,0.0,0.0,0.0,0.0,0.0,0.0,0.0,0.0,0.0,0.0,0.0,0.0,0.0,0.0,0.0,0.0
-8.628,-9.630609,0.0,0.0,0.0,0.0,0.0,0.0,0.0,0.0,0.0,0.0,0.0,0.0,0.0,0.0,0.0,0.0
-8.616,-9.618609,0.0,0.0,0.0,0.0,0.0,0.0,0.0,0.0,0.0,0.0,0.0,0.0,0.0,0.0,0.0,0.0
-8.605,-9.607609,0.0,0.0,0.0,0.0,0.0,0.0,0.0,0.0,0.0,0.0,0.0,0.0,0.0,0.0,0.0,0.0
-8.594,-9.596608999999999,0.0,0.0,0.0,0.0,0.0,0.0,0.0,0.0,0.0,0.0,0.0,0.0,0.0,0.0,0.0,0.0
-8.583,-9.585609,0.0,0.0,0.0,0.0,0.0,0.0,0.0,0.0,0.0,0.0,0.0,0.0,0.0,0.0,0.0,0.0
-8.572,-9.574608999999999,0.0,0.0,0.0,0.0,0.0,0.0,0.0,0.0,0.0,0.0,0.0,0.0,0.0,0.0,0.0,0.0
-8.561,-9.563609,0.0,0.0,0.0,0.0,0.0,0.0,0.0,0.0,0.0,0.0,0.0,0.0,0.0,0.0,0.0,0.0
-8.55,-9.552609,0.0,0.0,0.0,0.0,0.0,0.0,0.0,0.0,0.0,0.0,0.0,0.0,0.0,0.0,0.0,0.0
-8.539,-9.541609,0.0,0.0,0.0,0.0,0.0,0.0,0.0,0.0,0.0,0.0,0.0,0.0,0.0,0.0,0.0,0.0
-8.527,-9.529608999999999,0.0,0.0,0.0,0.0,0.0,0.0,0.0,0.0,0.0,0.0,0.0,0.0,0.0,0.0,0.0,0.0
-8.516,-9.518609,0.0,0.0,0.0,0.0,0.0,0.0,0.0,0.0,0.0,0.0,0.0,0.0,0.0,0.0,0.0,0.0
-8.505,-9.507609,0.0,0.0,0.0,0.0,0.0,0.0,0.0,0.0,0.0,0.0,0.0,0.0,0.0,0.0,0.0,0.0
-8.494,-9.496609,0.0,0.0,0.0,0.0,0.0,0.0,0.0,0.0,0.0,0.0,0.0,0.0,0.0,0.0,0.0,0.0
-8.483,-9.485609,0.0,0.0,0.0,0.0,0.0,0.0,0.0,0.0,0.0,0.0,0.0,0.0,0.0,0.0,0.0,0.0
-8.472,-9.474609,0.0,0.0,0.0,0.0,0.0,0.0,0.0,0.0,0.0,0.0,0.0,0.0,0.0,0.0,0.0,0.0
-8.461,-9.463609,0.0,0.0,0.0,0.0,0.0,0.0,0.0,0.0,0.0,0.0,0.0,0.0,0.0,0.0,0.0,0.0
-8.449,-9.451609,0.0,0.0,0.0,0.0,0.0,0.0,0.0,0.0,0.0,0.0,0.0,0.0,0.0,0.0,0.0,0.0
-8.438,-9.440609,0.0,0.0,0.0,0.0,0.0,0.0,0.0,0.0,0.0,0.0,0.0,0.0,0.0,0.0,0.0,0.0
-8.427,-9.429609,0.0,0.0,0.0,0.0,0.0,0.0,0.0,0.0,0.0,0.0,0.0,0.0,0.0,0.0,0.0,0.0
-8.416,-9.418609,0.0,0.0,0.0,0.0,0.0,0.0,0.0,0.0,0.0,0.0,0.0,0.0,0.0,0.0,0.0,0.0
-8.405,-9.407608999999999,0.0,0.0,0.0,0.0,0.0,0.0,0.0,0.0,0.0,0.0,0.0,0.0,0.0,0.0,0.0,0.0
-8.394,-9.396609,0.0,0.0,0.0,0.0,0.0,0.0,0.0,0.0,0.0,0.0,0.0,0.0,0.0,0.0,0.0,0.0
-8.383,-9.385608999999999,0.0,0.0,0.0,0.0,0.0,0.0,0.0,0.0,0.0,0.0,0.0,0.0,0.0,0.0,0.0,0.0
-8.371,-9.373609,0.0,0.0,0.0,0.0,0.0,0.0,0.0,0.0,0.0,0.0,0.0,0.0,0.0,0.0,0.0,0.0
-8.36,-9.362608999999999,0.0,0.0,0.0,0.0,0.0,0.0,0.0,0.0,0.0,0.0,0.0,0.0,0.0,0.0,0.0,0.0
-8.349,-9.351609,0.0,0.0,0.0,0.0,0.0,0.0,0.0,0.0,0.0,0.0,0.0,0.0,0.0,0.0,0.0,0.0
-8.338,-9.340608999999999,0.0,0.0,0.0,0.0,0.0,0.0,0.0,0.0,0.0,0.0,0.0,0.0,0.0,0.0,0.0,0.0
-8.327,-9.329609,0.0,0.0,0.0,0.0,0.0,0.0,0.0,0.0,0.0,0.0,0.0,0.0,0.0,0.0,0.0,0.0
-8.316,-9.318609,0.0,0.0,0.0,0.0,0.0,0.0,0.0,0.0,0.0,0.0,0.0,0.0,0.0,0.0,0.0,0.0
-8.305,-9.307609,0.0,0.0,0.0,0.0,0.0,0.0,0.0,0.0,0.0,0.0,0.0,0.0,0.0,0.0,0.0,0.0
-8.294,-9.296609,0.0,0.0,0.0,0.0,0.0,0.0,0.0,0.0,0.0,0.0,0.0,0.0,0.0,0.0,0.0,0.0
-8.282,-9.284609,0.0,0.0,0.0,0.0,0.0,0.0,0.0,0.0,0.0,0.0,0.0,0.0,0.0,0.0,0.0,0.0
-8.271,-9.273609,0.0,0.0,0.0,0.0,0.0,0.0,0.0,0.0,0.0,0.0,0.0,0.0,0.0,0.0,0.0,0.0
-8.26,-9.262609,0.0,0.0,0.0,0.0,0.0,0.0,0.0,0.0,0.0,0.0,0.0,0.0,0.0,0.0,0.0,0.0
-8.249,-9.251609,0.0,0.0,0.0,0.0,0.0,0.0,0.0,0.0,0.0,0.0,0.0,0.0,0.0,0.0,0.0,0.0
-8.238,-9.240609,0.0,0.0,0.0,0.0,0.0,0.0,0.0,0.0,0.0,0.0,0.0,0.0,0.0,0.0,0.0,0.0
-8.227,-9.229609,0.0,0.0,0.0,0.0,0.0,0.0,0.0,0.0,0.0,0.0,0.0,0.0,0.0,0.0,0.0,0.0
-8.216,-9.218608999999999,0.0,0.0,0.0,0.0,0.0,0.0,0.0,0.0,0.0,0.0,0.0,0.0,0.0,0.0,0.0,0.0
-8.204,-9.206609,0.0,0.0,0.0,0.0,0.0,0.0,0.0,0.0,0.0,0.0,0.0,0.0,0.0,0.0,0.0,0.0
-8.193,-9.195609,0.0,0.0,0.0,0.0,0.0,0.0,0.0,0.0,0.0,0.0,0.0,0.0,0.0,0.0,0.0,0.0
-8.182,-9.184609,0.0,0.0,0.0,0.0,0.0,0.0,0.0,0.0,0.0,0.0,0.0,0.0,0.0,0.0,0.0,0.0
-8.171,-9.173608999999999,0.0,0.0,0.0,0.0,0.0,0.0,0.0,0.0,0.0,0.0,0.0,0.0,0.0,0.0,0.0,0.0
-8.16,-9.162609,0.0,0.0,0.0,0.0,0.0,0.0,0.0,0.0,0.0,0.0,0.0,0.0,0.0,0.0,0.0,0.0
-8.149,-9.151608999999999,0.0,0.0,0.0,0.0,0.0,0.0,0.0,0.0,0.0,0.0,0.0,0.0,0.0,0.0,0.0,0.0
-8.138,-9.140609,0.0,0.0,0.0,0.0,0.0,0.0,0.0,0.0,0.0,0.0,0.0,0.0,0.0,0.0,0.0,0.0
-8.127,-9.129609,0.0,0.0,0.0,0.0,0.0,0.0,0.0,0.0,0.0,0.0,0.0,0.0,0.0,0.0,0.0,0.0
-8.115,-9.117609,0.0,0.0,0.0,0.0,0.0,0.0,0.0,0.0,0.0,0.0,0.0,0.0,0.0,0.0,0.0,0.0
-8.104,-9.106608999999999,0.0,0.0,0.0,0.0,0.0,0.0,0.0,0.0,0.0,0.0,0.0,0.0,0.0,0.0,0.0,0.0
-8.093,-9.095609,0.0,0.0,0.0,0.0,0.0,0.0,0.0,0.0,0.0,0.0,0.0,0.0,0.0,0.0,0.0,0.0
-8.082,-9.084609,0.0,0.0,0.0,0.0,0.0,0.0,0.0,0.0,0.0,0.0,0.0,0.0,0.0,0.0,0.0,0.0
-8.071,-9.073609,0.0,0.0,0.0,0.0,0.0,0.0,0.0,0.0,0.0,0.0,0.0,0.0,0.0,0.0,0.0,0.0
-8.06,-9.062609,0.0,0.0,0.0,0.0,0.0,0.0,0.0,0.0,0.0,0.0,0.0,0.0,0.0,0.0,0.0,0.0
-8.049,-9.051609,0.0,0.0,0.0,0.0,0.0,0.0,0.0,0.0,0.0,0.0,0.0,0.0,0.0,0.0,0.0,0.0
-8.037,-9.039609,0.0,0.0,0.0,0.0,0.0,0.0,0.0,0.0,0.0,0.0,0.0,0.0,0.0,0.0,0.0,0.0
-8.026,-9.028609,0.0,0.0,0.0,0.0,0.0,0.0,0.0,0.0,0.0,0.0,0.0,0.0,0.0,0.0,0.0,0.0
-8.015,-9.017609,0.0,0.0,0.0,0.0,0.0,0.0,0.0,0.0,0.0,0.0,0.0,0.0,0.0,0.0,0.0,0.0
-8.004,-9.006609,0.0,0.0,0.0,0.0,0.0,0.0,0.0,0.0,0.0,0.0,0.0,0.0,0.0,0.0,0.0,0.0
-7.993,-8.995609,0.0,0.0,0.0,0.0,0.0,0.0,0.0,0.0,0.0,0.0,0.0,0.0,0.0,0.0,0.0,0.0
-7.982,-8.984609,0.0,0.0,0.0,0.0,0.0,0.0,0.0,0.0,0.0,0.0,0.0,0.0,0.0,0.0,0.0,0.0
-7.971,-8.973609,0.0,0.0,0.0,0.0,0.0,0.0,0.0,0.0,0.0,0.0,0.0,0.0,0.0,0.0,0.0,0.0
-7.96,-8.962609,0.0,0.0,0.0,0.0,0.0,0.0,0.0,0.0,0.0,0.0,0.0,0.0,0.0,0.0,0.0,0.0
-7.948,-8.950609,0.0,0.0,0.0,0.0,0.0,0.0,0.0,0.0,0.0,0.0,0.0,0.0,0.0,0.0,0.0,0.0
-7.937,-8.939609,0.0,0.0,0.0,0.0,0.0,0.0,0.0,0.0,0.0,0.0,0.0,0.0,0.0,0.0,0.0,0.0
-7.926,-8.928609,0.0,0.0,0.0,0.0,0.0,0.0,0.0,0.0,0.0,0.0,0.0,0.0,0.0,0.0,0.0,0.0
-7.915,-8.917609,0.0,0.0,0.0,0.0,0.0,0.0,0.0,0.0,0.0,0.0,0.0,0.0,0.0,0.0,0.0,0.0
-7.904,-8.906609,0.0,0.0,0.0,0.0,0.0,0.0,0.0,0.0,0.0,0.0,0.0,0.0,0.0,0.0,0.0,0.0
-7.893,-8.895609,0.0,0.0,0.0,0.0,0.0,0.0,0.0,0.0,0.0,0.0,0.0,0.0,0.0,0.0,0.0,0.0
-7.882,-8.884609,0.0,0.0,0.0,0.0,0.0,0.0,0.0,0.0,0.0,0.0,0.0,0.0,0.0,0.0,0.0,0.0
-7.87,-8.872609,0.0,0.0,0.0,0.0,0.0,0.0,0.0,0.0,0.0,0.0,0.0,0.0,0.0,0.0,0.0,0.0
-7.859,-8.861609,0.0,0.0,0.0,0.0,0.0,0.0,0.0,0.0,0.0,0.0,0.0,0.0,0.0,0.0,0.0,0.0
-7.848,-8.850609,0.0,0.0,0.0,0.0,0.0,0.0,0.0,0.0,0.0,0.0,0.0,0.0,0.0,0.0,0.0,0.0
-7.837,-8.839609,0.0,0.0,0.0,0.0,0.0,0.0,0.0,0.0,0.0,0.0,0.0,0.0,0.0,0.0,0.0,0.0
-7.826,-8.828609,0.0,0.0,0.0,0.0,0.0,0.0,0.0,0.0,0.0,0.0,0.0,0.0,0.0,0.0,0.0,0.0
-7.815,-8.817609000000001,0.0,0.0,0.0,0.0,0.0,0.0,0.0,0.0,0.0,0.0,0.0,0.0,0.0,0.0,0.0,0.0
-7.804,-8.806609,0.0,0.0,0.0,0.0,0.0,0.0,0.0,0.0,0.0,0.0,0.0,0.0,0.0,0.0,0.0,0.0
-7.792,-8.794609,0.0,0.0,0.0,0.0,0.0,0.0,0.0,0.0,0.0,0.0,0.0,0.0,0.0,0.0,0.0,0.0
-7.781,-8.783609,0.0,0.0,0.0,0.0,0.0,0.0,0.0,0.0,0.0,0.0,0.0,0.0,0.0,0.0,0.0,0.0
-7.77,-8.772609,0.0,0.0,0.0,0.0,0.0,0.0,0.0,0.0,0.0,0.0,0.0,0.0,0.0,0.0,0.0,0.0
-7.759,-8.761609,0.0,0.0,0.0,0.0,0.0,0.0,0.0,0.0,0.0,0.0,0.0,0.0,0.0,0.0,0.0,0.0
-7.748,-8.750609,0.0,0.0,0.0,0.0,0.0,0.0,0.0,0.0,0.0,0.0,0.0,0.0,0.0,0.0,0.0,0.0
-7.737,-8.739609,0.0,0.0,0.0,0.0,0.0,0.0,0.0,0.0,0.0,0.0,0.0,0.0,0.0,0.0,0.0,0.0
-7.726,-8.728609,0.0,0.0,0.0,0.0,0.0,0.0,0.0,0.0,0.0,0.0,0.0,0.0,0.0,0.0,0.0,0.0
-7.715,-8.717609,0.0,0.0,0.0,0.0,0.0,0.0,0.0,0.0,0.0,0.0,0.0,0.0,0.0,0.0,0.0,0.0
-7.703,-8.705609,0.0,0.0,0.0,0.0,0.0,0.0,0.0,0.0,0.0,0.0,0.0,0.0,0.0,0.0,0.0,0.0
-7.692,-8.694609,0.0,0.0,0.0,0.0,0.0,0.0,0.0,0.0,0.0,0.0,0.0,0.0,0.0,0.0,0.0,0.0
-7.681,-8.683609,0.0,0.0,0.0,0.0,0.0,0.0,0.0,0.0,0.0,0.0,0.0,0.0,0.0,0.0,0.0,0.0
-7.67,-8.672609,0.0,0.0,0.0,0.0,0.0,0.0,0.0,0.0,0.0,0.0,0.0,0.0,0.0,0.0,0.0,0.0
-7.659,-8.661609,0.0,0.0,0.0,0.0,0.0,0.0,0.0,0.0,0.0,0.0,0.0,0.0,0.0,0.0,0.0,0.0
-7.648,-8.650609,0.0,0.0,0.0,0.0,0.0,0.0,0.0,0.0,0.0,0.0,0.0,0.0,0.0,0.0,0.0,0.0
-7.637,-8.639609,0.0,0.0,0.0,0.0,0.0,0.0,0.0,0.0,0.0,0.0,0.0,0.0,0.0,0.0,0.0,0.0
-7.625,-8.627609,0.0,0.0,0.0,0.0,0.0,0.0,0.0,0.0,0.0,0.0,0.0,0.0,0.0,0.0,0.0,0.0
-7.614,-8.616609,0.0,0.0,0.0,0.0,0.0,0.0,0.0,0.0,0.0,0.0,0.0,0.0,0.0,0.0,0.0,0.0
-7.603,-8.605609,0.0,0.0,0.0,0.0,0.0,0.0,0.0,0.0,0.0,0.0,0.0,0.0,0.0,0.0,0.0,0.0
-7.592,-8.594609,0.0,0.0,0.0,0.0,0.0,0.0,0.0,0.0,0.0,0.0,0.0,0.0,0.0,0.0,0.0,0.0
-7.581,-8.583609000000001,0.0,0.0,0.0,0.0,0.0,0.0,0.0,0.0,0.0,0.0,0.0,0.0,0.0,0.0,0.0,0.0
-7.57,-8.572609,0.0,0.0,0.0,0.0,0.0,0.0,0.0,0.0,0.0,0.0,0.0,0.0,0.0,0.0,0.0,0.0
-7.559,-8.561609,0.0,0.0,0.0,0.0,0.0,0.0,0.0,0.0,0.0,0.0,0.0,0.0,0.0,0.0,0.0,0.0
-7.548,-8.550609,0.0,0.0,0.0,0.0,0.0,0.0,0.0,0.0,0.0,0.0,0.0,0.0,0.0,0.0,0.0,0.0
-7.536,-8.538609,0.0,0.0,0.0,0.0,0.0,0.0,0.0,0.0,0.0,0.0,0.0,0.0,0.0,0.0,0.0,0.0
-7.525,-8.527609,0.0,0.0,0.0,0.0,0.0,0.0,0.0,0.0,0.0,0.0,0.0,0.0,0.0,0.0,0.0,0.0
-7.514,-8.516609,0.0,0.0,0.0,0.0,0.0,0.0,0.0,0.0,0.0,0.0,0.0,0.0,0.0,0.0,0.0,0.0
-7.503,-8.505609,0.0,0.0,0.0,0.0,0.0,0.0,0.0,0.0,0.0,0.0,0.0,0.0,0.0,0.0,0.0,0.0
-7.492,-8.494609,0.0,0.0,0.0,0.0,0.0,0.0,0.0,0.0,0.0,0.0,0.0,0.0,0.0,0.0,0.0,0.0
-7.481,-8.483609,0.0,0.0,0.0,0.0,0.0,0.0,0.0,0.0,0.0,0.0,0.0,0.0,0.0,0.0,0.0,0.0
-7.47,-8.472609,0.0,0.0,0.0,0.0,0.0,0.0,0.0,0.0,0.0,0.0,0.0,0.0,0.0,0.0,0.0,0.0
-7.458,-8.460609,0.0,0.0,0.0,0.0,0.0,0.0,0.0,0.0,0.0,0.0,0.0,0.0,0.0,0.0,0.0,0.0
-7.447,-8.449609,0.0,0.0,0.0,0.0,0.0,0.0,0.0,0.0,0.0,0.0,0.0,0.0,0.0,0.0,0.0,0.0
-7.436,-8.438609,0.0,0.0,0.0,0.0,0.0,0.0,0.0,0.0,0.0,0.0,0.0,0.0,0.0,0.0,0.0,0.0
-7.425,-8.427609,0.0,0.0,0.0,0.0,0.0,0.0,0.0,0.0,0.0,0.0,0.0,0.0,0.0,0.0,0.0,0.0
-7.414,-8.416609,0.0,0.0,0.0,0.0,0.0,0.0,0.0,0.0,0.0,0.0,0.0,0.0,0.0,0.0,0.0,0.0
-7.403,-8.405609,0.0,0.0,0.0,0.0,0.0,0.0,0.0,0.0,0.0,0.0,0.0,0.0,0.0,0.0,0.0,0.0
-7.392,-8.394609,0.0,0.0,0.0,0.0,0.0,0.0,0.0,0.0,0.0,0.0,0.0,0.0,0.0,0.0,0.0,0.0
-7.381,-8.383609,0.0,0.0,0.0,0.0,0.0,0.0,0.0,0.0,0.0,0.0,0.0,0.0,0.0,0.0,0.0,0.0
-7.369,-8.371609,0.0,0.0,0.0,0.0,0.0,0.0,0.0,0.0,0.0,0.0,0.0,0.0,0.0,0.0,0.0,0.0
-7.358,-8.360609,0.0,0.0,0.0,0.0,0.0,0.0,0.0,0.0,0.0,0.0,0.0,0.0,0.0,0.0,0.0,0.0
-7.347,-8.349609000000001,0.0,0.0,0.0,0.0,0.0,0.0,0.0,0.0,0.0,0.0,0.0,0.0,0.0,0.0,0.0,0.0
-7.336,-8.338609,0.0,0.0,0.0,0.0,0.0,0.0,0.0,0.0,0.0,0.0,0.0,0.0,0.0,0.0,0.0,0.0
-7.325,-8.327609,0.0,0.0,0.0,0.0,0.0,0.0,0.0,0.0,0.0,0.0,0.0,0.0,0.0,0.0,0.0,0.0
-7.314,-8.316609,0.0,0.0,0.0,0.0,0.0,0.0,0.0,0.0,0.0,0.0,0.0,0.0,0.0,0.0,0.0,0.0
-7.303,-8.305609,0.0,0.0,0.0,0.0,0.0,0.0,0.0,0.0,0.0,0.0,0.0,0.0,0.0,0.0,0.0,0.0
-7.291,-8.293609,0.0,0.0,0.0,0.0,0.0,0.0,0.0,0.0,0.0,0.0,0.0,0.0,0.0,0.0,0.0,0.0
-7.28,-8.282609,0.0,0.0,0.0,0.0,0.0,0.0,0.0,0.0,0.0,0.0,0.0,0.0,0.0,0.0,0.0,0.0
-7.269,-8.271609,0.0,0.0,0.0,0.0,0.0,0.0,0.0,0.0,0.0,0.0,0.0,0.0,0.0,0.0,0.0,0.0
-7.258,-8.260609,0.06105,1.2953249999999997e-06,0.0030245750000000003,8.514844499999998e-07,0.020949999999999996,9.486225e-05,1.3266135e-06,0.005133749999999999,5.48775e-06,3.226871e-07,0.0007932825,0.003843273,0.0,0.0009131979999999999,0.004624636600000001,6.38175455e-05
-7.247,-8.249609,0.68975,1.4411749999999998e-05,0.03933592500000001,9.40549e-06,0.235325,0.001089765,1.54119775e-05,0.056362499999999996,0.00010861750000000002,4.210763e-06,0.0089043,0.04304439075000001,0.0,0.010402724999999998,0.0515510385,0.000728028225
-7.236,-8.238609,0.95675,1.9433e-05,0.068615225,1.25549175e-05,0.32205,0.001545575,2.2311225e-05,0.07427,0.00024692,7.7547375e-06,0.01214515,0.05864687,0.0,0.014499925000000002,0.06968867699999999,0.0010217705699999999
-7.225,-8.227609,1.3115,2.59075e-05,0.11357074999999998,1.6605642500000002e-05,0.435,0.00214935,3.1783525e-05,0.09695000000000001,0.0004444,1.3522397500000001e-05,0.016339975,0.07893382,0.0,0.01988275,0.09310853499999998,0.001410397625
-7.214,-8.216609,1.604,3.02075e-05,0.1801885,1.9193675e-05,0.516825,0.00265965,4.089465e-05,0.1095,0.00070125,2.3006325e-05,0.019241575,0.093338405,0.0,0.024022800000000004,0.10894295249999998,0.0017280468999999997
-7.202,-8.204609,1.959,3.5344999999999994e-05,0.26567675,2.2342335e-05,0.613375,0.003253925,5.170855e-05,0.12475,0.00098605,3.437375e-05,0.022639,0.1104049725,0.0,0.02882535,0.12778425749999997,0.0021007193
-7.191,-8.193609,2.41875,4.1015e-05,0.4099225,2.57858175e-05,0.723125,0.003971775,6.694225000000001e-05,0.139775,0.0013608000000000001,5.49468e-05,0.026269,0.12983574250000002,0.0,0.034390500000000004,0.14845581750000003,0.0025519045750000005
-7.18,-8.182609,3.01,4.6735e-05,0.644375,2.9434950000000002e-05,0.8420500000000001,0.004819775,8.602925e-05,0.152725,0.0018399,8.4218975e-05,0.030012249999999997,0.15068083,0.0,0.040285999999999995,0.1701249325,0.0030780957500000003
-7.169,-8.171609,4.0825,5.6840000000000005e-05,1.0904425,3.5699675000000005e-05,1.0434999999999999,0.006210299999999999,0.000123233,0.176675,0.00255645,0.000147121975,0.03598725,0.18696516749999997,0.0,0.05052975,0.20705270000000003,0.0039662615
-7.158,-8.160609000000001,4.9425,6.0027499999999994e-05,1.5921925000000001,3.9163675e-05,1.138,0.007093075,0.00014640025,0.17800000000000002,0.0031607499999999995,0.00017206650000000002,0.0382475,0.203141325,0.0,0.05477975,0.22248127499999998,0.004489395499999999
-7.147,-8.149609,8.045,7.73575e-05,3.30785,5.2070575e-05,1.507,0.00988825,0.0002364,0.207625,0.0046022500000000004,0.00039427099999999997,0.048250749999999995,0.269057125,0.0,0.07134525000000001,0.28846035000000003,0.00637992425
-7.136,-8.138609,18.75,9e-05,10.952325000000002,7.473625e-05,1.8202500000000001,0.012913750000000002,0.000461355,0.207125,0.0063785000000000005,0.0008345325,0.052478250000000004,0.32906994999999994,0.0,0.08633874999999999,0.366022025,0.00852306475
-7.124,-8.126609,48.95,0.000140295,31.76475,0.0001604035,3.1812500000000004,0.023993,0.001170525,0.257425,0.011322249999999999,0.0025756675,0.07624924999999999,0.5910489999999999,0.0,0.15882999999999997,0.62854575,0.0172725075
-7.113,-8.115609000000001,150.05,0.000262625,104.25849999999998,0.00040332750000000004,6.23375,0.050778500000000004,0.0030656249999999998,0.259375,0.029107,0.0053311999999999995,0.1316025,1.215361,0.0,0.32373250000000003,1.2383500000000003,0.03885980750000001
-7.102,-8.104609,123.35,0.00018601500000000001,89.18650000000001,0.00029080999999999996,3.0305,0.025625000000000002,0.00200765,0.17865000000000003,0.01401175,0.003187975,0.0781325,0.6590275,0.0,0.2284475,0.7348370000000001,0.019637832499999997
-7.091,-8.093609,202.1,0.00021728249999999996,149.87025,0.00038593249999999997,2.9827500000000002,0.026638250000000002,0.002679525,0.1629,0.014831,0.004714675,0.091035,0.7774400000000001,0.0,0.3458375,0.8124524999999999,0.02383417
-7.08,-8.082609,210.475,0.000237125,157.55424999999997,0.000363655,2.37275,0.02383325,0.0026545749999999997,0.14800000000000002,0.013897999999999999,0.004727449999999999,0.10376,0.69863,0.0,0.30688250000000006,0.7186625,0.022568727500000003
-7.069,-8.071609,251.0,0.00028617499999999995,190.56,0.00030721,1.5327499999999998,0.019352750000000002,0.0021391,0.12955,0.014231500000000001,0.00454885,0.13882250000000002,0.5733299999999999,0.0,0.2487075,0.6330125,0.022890227500000002
-7.058,-8.060609,450.0,0.000344025,344.575,0.000442605,1.5659999999999998,0.018785,0.0029519,0.18314999999999998,0.01890025,0.0065876749999999994,0.29397500000000004,0.8063725,0.0,0.3580575,0.80631,0.04200192499999999
-7.046,-8.048609,333.5,0.00018359,254.305,0.0003501925,1.6165,0.013920249999999999,0.0021114750000000002,0.210175,0.016293000000000002,0.005649250000000001,0.24726250000000002,0.75874,0.0,0.33253250000000006,0.66256,0.034496225
-7.035,-8.037609,83.125,7.12875e-05,61.964499999999994,0.00011454599999999998,1.1385,0.0055069,0.00042369,0.1838,0.006982250000000001,0.00138191,0.12043499999999999,0.30952525000000003,0.0,0.12602249999999998,0.30371025,0.0112613525
-7.024,-8.026609,8.15,5.03e-05,4.249124999999999,5.1082574999999996e-05,1.0735000000000001,0.0037731250000000004,6.226075e-05,0.16037500000000002,0.004763,0.000282597,0.0771805,0.170847575,0.0,0.0723655,0.21412575,0.00383989675
-7.013,-8.015609,5.7775,4.752e-05,2.534525,4.4552525e-05,1.0302499999999999,0.003929925,5.702225e-05,0.132375,0.00481425,0.00022644874999999998,0.06960925,0.16051875,0.0,0.0706555,0.19597572499999996,0.00373014825
-7.002,-8.004609,5.7775,5.703e-05,2.1377249999999997,5.0479025e-05,1.261,0.00505735,6.93325e-05,0.14245000000000002,0.005781,0.00040701375,0.082626,0.19323215,0.0,0.08702774999999997,0.2323225,0.00464983965
-6.991,-7.993608999999999,6.595,7.041500000000001e-05,2.0972,6.2798e-05,1.6492499999999999,0.006908124999999999,9.382025e-05,0.1648,0.007247750000000001,0.00068813375,0.105124,0.24914445000000002,0.0,0.1149365,0.29524570000000006,0.006177716625
-6.98,-7.982609,6.9275,7.899499999999998e-05,1.907925,7.0978e-05,1.919,0.00829055,0.00010983600000000001,0.1673,0.00855325,0.0008775655,0.11968675,0.287163275,0.0,0.13523300000000002,0.33443547500000004,0.007314626925
-6.969,-7.971609000000001,7.99,9.45625e-05,1.9220000000000002,8.6942e-05,2.3977500000000003,0.010622900000000001,0.00013817425,0.18112499999999998,0.01072025,0.001220872,0.14720425,0.35516317499999994,0.0,0.17046324999999996,0.40811485000000003,0.009278699575000002
-6.957,-7.959609,8.8075,0.00010614749999999999,1.836475,0.00010074725000000001,2.84,0.012833525,0.00016384500000000003,0.179325,0.012553,0.00167380525,0.17230375,0.41546835,0.0,0.20366249999999994,0.47148245,0.011169238199999999
-6.946,-7.948608999999999,10.7225,0.00013021750000000003,1.97205,0.00012627,3.64825,0.01665225,0.00021143524999999997,0.19362500000000002,0.016003,0.00239364775,0.2192575,0.5287663499999999,0.0,0.26339749999999995,0.59287595,0.0145679535
-6.935,-7.937609,11.985,0.00014466,1.935975,0.000144329,4.2905,0.01978425,0.00024073599999999997,0.175975,0.0191055,0.002984184,0.2568475,0.611803775,0.0,0.3107625,0.682647275,0.017315821000000002
-6.924,-7.926609000000001,13.4075,0.00015781499999999998,1.9664249999999999,0.00016888850000000002,4.982,0.023383,0.00028245950000000005,0.146075,0.02205475,0.003757406,0.294775,0.705288925,0.0,0.36622249999999995,0.7710521250000001,0.0204001205
-6.913,-7.915609,27.325,0.000316775,3.60805,0.000354505,10.5275,0.04992275,0.0005507625,0.18712499999999999,0.04658999999999999,0.008464220000000001,0.6227750000000001,1.46369225,0.0,0.7747599999999999,1.5987618250000002,0.04341460550000001
-6.902,-7.904609000000001,30.35,0.00026809999999999996,3.733175,0.0003902635,11.927499999999998,0.056542749999999996,0.0006667825,0.18455,0.03884,0.01368807,0.7059500000000001,1.652148,0.0,0.8971525000000001,1.775954175,0.0499375835
-6.891,-7.893609,28.3,0.00019958250000000005,3.239925,0.0003701245,11.39,0.05442225,0.00060991525,0.08486250000000001,0.0335435,0.014330145000000002,0.67082,1.5690347500000001,0.0,0.8698725,1.6543637,0.048284747499999996
-6.879,-7.881608999999999,3.9225,2.10325e-05,0.44314499999999996,5.0990500000000006e-05,1.58875,0.0076364499999999995,8.482747499999999e-05,0.006087250000000001,0.0044989,0.0020324074999999997,0.093183,0.21946765000000001,0.0,0.12304899999999999,0.2270747375,0.0067792426999999985
-6.868,-7.870609,0.0,0.0,0.0,0.0,0.0,0.0,0.0,0.0,0.0,0.0,0.0,0.0,0.0,0.0,0.0,0.0
-6.857,-7.859609000000001,0.0,0.0,0.0,0.0,0.0,0.0,0.0,0.0,0.0,0.0,0.0,0.0,0.0,0.0,0.0,0.0
-6.846,-7.848609,0.0,0.0,0.0,0.0,0.0,0.0,0.0,0.0,0.0,0.0,0.0,0.0,0.0,0.0,0.0,0.0
-6.835,-7.8376090000000005,0.0,0.0,0.0,0.0,0.0,0.0,0.0,0.0,0.0,0.0,0.0,0.0,0.0,0.0,0.0,0.0
-6.824,-7.8266089999999995,0.0,0.0,0.0,0.0,0.0,0.0,0.0,0.0,0.0,0.0,0.0,0.0,0.0,0.0,0.0,0.0
-6.813,-7.815609,0.0,0.0,0.0,0.0,0.0,0.0,0.0,0.0,0.0,0.0,0.0,0.0,0.0,0.0,0.0,0.0
-6.802,-7.804608999999999,0.0,0.0,0.0,0.0,0.0,0.0,0.0,0.0,0.0,0.0,0.0,0.0,0.0,0.0,0.0,0.0
-6.79,-7.792609000000001,0.0,0.0,0.0,0.0,0.0,0.0,0.0,0.0,0.0,0.0,0.0,0.0,0.0,0.0,0.0,0.0
-6.779,-7.7816089999999996,0.0,0.0,0.0,0.0,0.0,0.0,0.0,0.0,0.0,0.0,0.0,0.0,0.0,0.0,0.0,0.0
-6.768,-7.770609,0.0,0.0,0.0,0.0,0.0,0.0,0.0,0.0,0.0,0.0,0.0,0.0,0.0,0.0,0.0,0.0
-6.757,-7.759608999999999,0.0,0.0,0.0,0.0,0.0,0.0,0.0,0.0,0.0,0.0,0.0,0.0,0.0,0.0,0.0,0.0
-6.746,-7.748609,0.0,0.0,0.0,0.0,0.0,0.0,0.0,0.0,0.0,0.0,0.0,0.0,0.0,0.0,0.0,0.0
-6.735,-7.737609000000001,0.0,0.0,0.0,0.0,0.0,0.0,0.0,0.0,0.0,0.0,0.0,0.0,0.0,0.0,0.0,0.0
-6.724,-7.726609,0.0,0.0,0.0,0.0,0.0,0.0,0.0,0.0,0.0,0.0,0.0,0.0,0.0,0.0,0.0,0.0
-6.712,-7.714608999999999,0.0,0.0,0.0,0.0,0.0,0.0,0.0,0.0,0.0,0.0,0.0,0.0,0.0,0.0,0.0,0.0
-6.701,-7.703609,0.0,0.0,0.0,0.0,0.0,0.0,0.0,0.0,0.0,0.0,0.0,0.0,0.0,0.0,0.0,0.0
-6.69,-7.692609000000001,0.0,0.0,0.0,0.0,0.0,0.0,0.0,0.0,0.0,0.0,0.0,0.0,0.0,0.0,0.0,0.0
-6.679,-7.681609,0.0,0.0,0.0,0.0,0.0,0.0,0.0,0.0,0.0,0.0,0.0,0.0,0.0,0.0,0.0,0.0
-6.668,-7.670609000000001,0.0,0.0,0.0,0.0,0.0,0.0,0.0,0.0,0.0,0.0,0.0,0.0,0.0,0.0,0.0,0.0
-6.657,-7.659609,0.0,0.0,0.0,0.0,0.0,0.0,0.0,0.0,0.0,0.0,0.0,0.0,0.0,0.0,0.0,0.0
-6.646,-7.648609,0.0,0.0,0.0,0.0,0.0,0.0,0.0,0.0,0.0,0.0,0.0,0.0,0.0,0.0,0.0,0.0
-6.635,-7.637608999999999,0.0,0.0,0.0,0.0,0.0,0.0,0.0,0.0,0.0,0.0,0.0,0.0,0.0,0.0,0.0,0.0
-6.623,-7.625609000000001,0.0,0.0,0.0,0.0,0.0,0.0,0.0,0.0,0.0,0.0,0.0,0.0,0.0,0.0,0.0,0.0
-6.612,-7.614609,0.0,0.0,0.0,0.0,0.0,0.0,0.0,0.0,0.0,0.0,0.0,0.0,0.0,0.0,0.0,0.0
-6.601,-7.6036090000000005,0.0,0.0,0.0,0.0,0.0,0.0,0.0,0.0,0.0,0.0,0.0,0.0,0.0,0.0,0.0,0.0
-6.59,-7.5926089999999995,0.0,0.0,0.0,0.0,0.0,0.0,0.0,0.0,0.0,0.0,0.0,0.0,0.0,0.0,0.0,0.0
-6.579,-7.581609,0.0,0.0,0.0,0.0,0.0,0.0,0.0,0.0,0.0,0.0,0.0,0.0,0.0,0.0,0.0,0.0
-6.568,-7.570608999999999,0.0,0.0,0.0,0.0,0.0,0.0,0.0,0.0,0.0,0.0,0.0,0.0,0.0,0.0,0.0,0.0
-6.557,-7.559609,0.0,0.0,0.0,0.0,0.0,0.0,0.0,0.0,0.0,0.0,0.0,0.0,0.0,0.0,0.0,0.0
-6.545,-7.547609,0.0,0.0,0.0,0.0,0.0,0.0,0.0,0.0,0.0,0.0,0.0,0.0,0.0,0.0,0.0,0.0
-6.534,-7.536609,0.0,0.0,0.0,0.0,0.0,0.0,0.0,0.0,0.0,0.0,0.0,0.0,0.0,0.0,0.0,0.0
-6.523,-7.525608999999999,0.0,0.0,0.0,0.0,0.0,0.0,0.0,0.0,0.0,0.0,0.0,0.0,0.0,0.0,0.0,0.0
-6.512,-7.514609,0.0,0.0,0.0,0.0,0.0,0.0,0.0,0.0,0.0,0.0,0.0,0.0,0.0,0.0,0.0,0.0
-6.501,-7.503609000000001,0.0,0.0,0.0,0.0,0.0,0.0,0.0,0.0,0.0,0.0,0.0,0.0,0.0,0.0,0.0,0.0
-6.49,-7.492609,0.0,0.0,0.0,0.0,0.0,0.0,0.0,0.0,0.0,0.0,0.0,0.0,0.0,0.0,0.0,0.0
-6.479,-7.481609000000001,0.0,0.0,0.0,0.0,0.0,0.0,0.0,0.0,0.0,0.0,0.0,0.0,0.0,0.0,0.0,0.0
-6.467,-7.469609,0.0,0.0,0.0,0.0,0.0,0.0,0.0,0.0,0.0,0.0,0.0,0.0,0.0,0.0,0.0,0.0
-6.456,-7.458609000000001,0.0,0.0,0.0,0.0,0.0,0.0,0.0,0.0,0.0,0.0,0.0,0.0,0.0,0.0,0.0,0.0
-6.445,-7.447609,0.0,0.0,0.0,0.0,0.0,0.0,0.0,0.0,0.0,0.0,0.0,0.0,0.0,0.0,0.0,0.0
-6.434,-7.436609000000001,0.0,0.0,0.0,0.0,0.0,0.0,0.0,0.0,0.0,0.0,0.0,0.0,0.0,0.0,0.0,0.0
-6.423,-7.425609,0.0,0.0,0.0,0.0,0.0,0.0,0.0,0.0,0.0,0.0,0.0,0.0,0.0,0.0,0.0,0.0
-6.412,-7.4146090000000004,0.0,0.0,0.0,0.0,0.0,0.0,0.0,0.0,0.0,0.0,0.0,0.0,0.0,0.0,0.0,0.0
-6.401,-7.403608999999999,0.0,0.0,0.0,0.0,0.0,0.0,0.0,0.0,0.0,0.0,0.0,0.0,0.0,0.0,0.0,0.0
-6.39,-7.392609,0.0,0.0,0.0,0.0,0.0,0.0,0.0,0.0,0.0,0.0,0.0,0.0,0.0,0.0,0.0,0.0
-6.378,-7.380609,0.0,0.0,0.0,0.0,0.0,0.0,0.0,0.0,0.0,0.0,0.0,0.0,0.0,0.0,0.0,0.0
-6.367,-7.3696090000000005,0.0,0.0,0.0,0.0,0.0,0.0,0.0,0.0,0.0,0.0,0.0,0.0,0.0,0.0,0.0,0.0
-6.356,-7.3586089999999995,0.0,0.0,0.0,0.0,0.0,0.0,0.0,0.0,0.0,0.0,0.0,0.0,0.0,0.0,0.0,0.0
-6.345,-7.347609,0.0,0.0,0.0,0.0,0.0,0.0,0.0,0.0,0.0,0.0,0.0,0.0,0.0,0.0,0.0,0.0
-6.334,-7.336608999999999,0.0,0.0,0.0,0.0,0.0,0.0,0.0,0.0,0.0,0.0,0.0,0.0,0.0,0.0,0.0,0.0
-6.323,-7.325609,0.0,0.0,0.0,0.0,0.0,0.0,0.0,0.0,0.0,0.0,0.0,0.0,0.0,0.0,0.0,0.0
-6.312,-7.314609000000001,0.0,0.0,0.0,0.0,0.0,0.0,0.0,0.0,0.0,0.0,0.0,0.0,0.0,0.0,0.0,0.0
-6.3,-7.302609,0.0,0.0,0.0,0.0,0.0,0.0,0.0,0.0,0.0,0.0,0.0,0.0,0.0,0.0,0.0,0.0
-6.289,-7.291608999999999,0.0,0.0,0.0,0.0,0.0,0.0,0.0,0.0,0.0,0.0,0.0,0.0,0.0,0.0,0.0,0.0
-6.278,-7.280609,0.0,0.0,0.0,0.0,0.0,0.0,0.0,0.0,0.0,0.0,0.0,0.0,0.0,0.0,0.0,0.0
-6.267,-7.269609000000001,0.0,0.0,0.0,0.0,0.0,0.0,0.0,0.0,0.0,0.0,0.0,0.0,0.0,0.0,0.0,0.0
-6.256,-7.258609,0.0,0.0,0.0,0.0,0.0,0.0,0.0,0.0,0.0,0.0,0.0,0.0,0.0,0.0,0.0,0.0
-6.245,-7.247609000000001,0.0,0.0,0.0,0.0,0.0,0.0,0.0,0.0,0.0,0.0,0.0,0.0,0.0,0.0,0.0,0.0
-6.234,-7.236609,0.0,0.0,0.0,0.0,0.0,0.0,0.0,0.0,0.0,0.0,0.0,0.0,0.0,0.0,0.0,0.0
-6.223,-7.225609,0.0,0.0,0.0,0.0,0.0,0.0,0.0,0.0,0.0,0.0,0.0,0.0,0.0,0.0,0.0,0.0
-6.211,-7.213609,0.0,0.0,0.0,0.0,0.0,0.0,0.0,0.0,0.0,0.0,0.0,0.0,0.0,0.0,0.0,0.0
-6.2,-7.202609000000001,0.0,0.0,0.0,0.0,0.0,0.0,0.0,0.0,0.0,0.0,0.0,0.0,0.0,0.0,0.0,0.0
-6.189,-7.191609,0.0,0.0,0.0,0.0,0.0,0.0,0.0,0.0,0.0,0.0,0.0,0.0,0.0,0.0,0.0,0.0
-6.178,-7.1806090000000005,0.0,0.0,0.0,0.0,0.0,0.0,0.0,0.0,0.0,0.0,0.0,0.0,0.0,0.0,0.0,0.0
-6.167,-7.1696089999999995,0.0,0.0,0.0,0.0,0.0,0.0,0.0,0.0,0.0,0.0,0.0,0.0,0.0,0.0,0.0,0.0
-6.156,-7.158609,0.0,0.0,0.0,0.0,0.0,0.0,0.0,0.0,0.0,0.0,0.0,0.0,0.0,0.0,0.0,0.0
-6.145,-7.147608999999999,0.0,0.0,0.0,0.0,0.0,0.0,0.0,0.0,0.0,0.0,0.0,0.0,0.0,0.0,0.0,0.0
-6.133,-7.1356090000000005,0.0,0.0,0.0,0.0,0.0,0.0,0.0,0.0,0.0,0.0,0.0,0.0,0.0,0.0,0.0,0.0
-6.122,-7.1246089999999995,0.0,0.0,0.0,0.0,0.0,0.0,0.0,0.0,0.0,0.0,0.0,0.0,0.0,0.0,0.0,0.0
-6.111,-7.113609,0.0,0.0,0.0,0.0,0.0,0.0,0.0,0.0,0.0,0.0,0.0,0.0,0.0,0.0,0.0,0.0
-6.1,-7.102608999999999,0.0,0.0,0.0,0.0,0.0,0.0,0.0,0.0,0.0,0.0,0.0,0.0,0.0,0.0,0.0,0.0
-6.089,-7.091609,0.0,0.0,0.0,0.0,0.0,0.0,0.0,0.0,0.0,0.0,0.0,0.0,0.0,0.0,0.0,0.0
-6.078,-7.080609000000001,0.0,0.0,0.0,0.0,0.0,0.0,0.0,0.0,0.0,0.0,0.0,0.0,0.0,0.0,0.0,0.0
-6.067,-7.069609,0.0,0.0,0.0,0.0,0.0,0.0,0.0,0.0,0.0,0.0,0.0,0.0,0.0,0.0,0.0,0.0
-6.056,-7.058609000000001,0.0,0.0,0.0,0.0,0.0,0.0,0.0,0.0,0.0,0.0,0.0,0.0,0.0,0.0,0.0,0.0
-6.044,-7.046609,0.0,0.0,0.0,0.0,0.0,0.0,0.0,0.0,0.0,0.0,0.0,0.0,0.0,0.0,0.0,0.0
-6.033,-7.035609000000001,0.0,0.0,0.0,0.0,0.0,0.0,0.0,0.0,0.0,0.0,0.0,0.0,0.0,0.0,0.0,0.0
-6.022,-7.024609,0.0,0.0,0.0,0.0,0.0,0.0,0.0,0.0,0.0,0.0,0.0,0.0,0.0,0.0,0.0,0.0
-6.011,-7.013609000000001,0.0,0.0,0.0,0.0,0.0,0.0,0.0,0.0,0.0,0.0,0.0,0.0,0.0,0.0,0.0,0.0
-6.0,-7.002609,0.0,0.0,0.0,0.0,0.0,0.0,0.0,0.0,0.0,0.0,0.0,0.0,0.0,0.0,0.0,0.0
-5.989,-6.991609,0.0,0.0,0.0,0.0,0.0,0.0,0.0,0.0,0.0,0.0,0.0,0.0,0.0,0.0,0.0,0.0
-5.978,-6.980608999999999,0.0,0.0,0.0,0.0,0.0,0.0,0.0,0.0,0.0,0.0,0.0,0.0,0.0,0.0,0.0,0.0
-5.966,-6.968609000000001,0.0,0.0,0.0,0.0,0.0,0.0,0.0,0.0,0.0,0.0,0.0,0.0,0.0,0.0,0.0,0.0
-5.955,-6.957609,1.3515,1.8025e-05,0.002867975,5.7508924999999996e-05,0.002668,0.00819675,0.00012326174999999998,0.611925,0.002992575,2.8037050000000003e-05,0.01947265,0.09708568749999999,0.0,0.02725755,0.11950596749999999,0.0022951458775000004
-5.944,-6.9466090000000005,3.6975,4.8845000000000004e-05,0.008931699999999999,0.00014958774999999997,0.01336,0.0203755,0.0005024015,1.675,0.008816999999999998,8.360800000000002e-05,0.05398499999999999,0.264060775,0.0,0.07641775,0.324705325,0.006344355375
-5.933,-6.9356089999999995,6.97,8.888e-05,0.01745155,0.0002789925,0.034085,0.0350075,0.0013820389999999998,3.16425,0.017015,0.00017821925,0.1034855,0.49701695,0.0,0.147843,0.6070055000000001,0.0121747303
-5.922,-6.924609,11.72,0.0001402275,0.030155575000000004,0.00047401900000000006,0.06319250000000001,0.05188000000000001,0.0033265297499999995,5.341,0.028741,0.0003520185,0.17646,0.837254625,0.0,0.255925,1.008123275,0.020867458425000002
-5.911,-6.913608999999999,19.085,0.00019936000000000004,0.050441,0.0007666855000000001,0.1101,0.0728675,0.00702711,8.734749999999998,0.04681049999999999,0.000562443,0.29709750000000007,1.3402880000000001,0.0,0.4219175,1.6430856999999999,0.034344730875
-5.9,-6.902609,19.2025,0.00019471999999999998,0.04975525000000001,0.0007759469999999999,0.152675,0.06605250000000001,0.0080878825,8.78425,0.0480525,0.0006581095,0.30182250000000005,1.359619,0.0,0.43746,1.626957075,0.035529163125
-5.889,-6.891609000000001,13.56,0.00014625250000000002,0.03403775,0.000539041,0.165925,0.047229999999999994,0.0055878807499999995,6.16025,0.03495375,0.00052058475,0.2167925,0.9601770500000001,0.0,0.31371250000000006,1.14126725,0.02573687775
-5.877,-6.879609,10.9225,0.0001276,0.026681575,0.00043421025,0.178925,0.03826,0.0044283822500000005,4.92875,0.02901025,0.0004784575,0.17691,0.77653715,0.0,0.2573575,0.9104753250000001,0.0212757875
-5.866,-6.868608999999999,9.0775,0.00011224999999999999,0.021288475,0.00035845775,0.1858,0.0312105,0.00369021825,4.07225,0.024814250000000003,0.00041735725,0.1510925,0.638885675,0.0,0.21633750000000002,0.7559037000000001,0.018046267725
-5.855,-6.857609,7.89,0.00010494,0.01810115,0.00031099825,0.19245,0.02705375,0.003188801,3.5177500000000004,0.02219875,0.00040628025000000005,0.1327025,0.558814425,0.0,0.19180250000000001,0.6491658499999999,0.016105154325000003
-5.844,-6.846609000000001,7.81,0.0001110575,0.017353025,0.00030745874999999997,0.21885,0.0265105,0.00312472475,3.4627499999999998,0.02260475,0.000441796,0.13317750000000003,0.5532844000000001,0.0,0.192715,0.6377421249999999,0.016283443675000002
-5.833,-6.835609,7.6525,0.000115045,0.016640475,0.00029880499999999997,0.243925,0.025813999999999997,0.00305541025,3.3737500000000002,0.022670000000000003,0.00048648450000000003,0.13213749999999996,0.544710475,0.0,0.19227,0.61793195,0.016375375650000003
-5.822,-6.824609000000001,6.7325,0.00011439,0.013589575000000001,0.00026044325,0.24667499999999998,0.0240115,0.0023726019999999997,2.9427499999999998,0.020735,0.00043654025,0.11957750000000002,0.471099575,0.0,0.16927999999999999,0.54775455,0.0146074939
-5.811,-6.813609,6.3375,0.00010920999999999999,0.012510375,0.0002452965,0.24882500000000002,0.021628750000000002,0.0023329237500000002,2.76225,0.01976,0.000436766,0.11446000000000002,0.4414104,0.0,0.161395,0.5127980999999999,0.013990758924999997
-5.799,-6.801609000000001,5.5625,0.00010384000000000001,0.01025325,0.00021568199999999997,0.238575,0.019304,0.00190227025,2.41075,0.017845,0.00037273549999999997,0.103405,0.379048425,0.0,0.1415125,0.454619475,0.012398642425
-5.788,-6.790609,4.2825,9.26325e-05,0.0081071,0.00016092625000000001,0.20635,0.016891000000000003,0.00117557375,1.832,0.014400750000000002,0.000293863,0.07954000000000001,0.29668372499999995,0.0,0.11033,0.34529295,0.009817871825000001
-5.777,-6.779609000000001,3.6325,8.631750000000002e-05,0.006979025,0.000132522,0.19069999999999998,0.0153255,0.0008494445,1.54,0.01269275,0.00025187574999999997,0.067755,0.254393525,0.0,0.094825,0.2895976,0.008531715875000002
-5.766,-6.768609,3.21,8.20225e-05,0.0061922999999999995,0.00011477925,0.180925,0.01400425,0.00066691225,1.3502500000000002,0.01159775,0.00022132924999999998,0.060427499999999995,0.22564165,0.0,0.0847625,0.253623675,0.007702670924999999
-5.755,-6.757609,2.8725,7.82125e-05,0.0055871,0.000100992,0.1725,0.0129025,0.00053397125,1.2005,0.01071125,0.00019721475,0.05449249999999999,0.20332867500000001,0.0,0.07688,0.22463372499999995,0.007049291525
-5.744,-6.746608999999999,2.615,7.468999999999999e-05,0.0051420500000000004,9.041274999999999e-05,0.16465000000000002,0.01199775,0.0004451505,1.0862500000000002,0.00999625,0.00017970049999999998,0.0497975,0.186701375,0.0,0.07084275,0.20204187499999998,0.006540166325
-5.733,-6.735609,2.27475,6.828e-05,0.004297725,7.697495000000001e-05,0.149575,0.010679500000000001,0.000320837,0.94045,0.00894975,0.0001341125,0.0443975,0.1590259,0.0,0.06137875000000001,0.17798892500000002,0.005720932
-5.721,-6.723609,2.12925,6.6755e-05,0.004066800000000001,7.0889925e-05,0.14650000000000002,0.010114,0.00027465275,0.875675,0.008593,0.00012415875,0.041859999999999994,0.14977155,0.0,0.058185499999999994,0.164768875,0.005463105175
-5.71,-6.7126090000000005,1.924,6.3405e-05,0.003836125,6.38453e-05,0.138625,0.009326250000000001,0.00022323225,0.7864749999999999,0.0079925,0.00011196075,0.037765,0.13799355,0.0,0.05355574999999999,0.145673375,0.005071538625
-5.699,-6.7016089999999995,1.73775,5.99375e-05,0.003575575,5.597575000000001e-05,0.1305,0.008626,0.00017714882499999998,0.7061750000000001,0.007426499999999999,9.958325e-05,0.0340375,0.12702912500000002,0.0,0.049242749999999995,0.12884104999999998,0.004686598100000001
-5.688,-6.690609,1.6855,5.98e-05,0.0035238,5.31344e-05,0.130625,0.008400999999999999,0.000165529225,0.6823250000000001,0.007338,9.859800000000001e-05,0.033100000000000004,0.12461550000000002,0.0,0.04845125,0.12299339999999997,0.004630968025
-5.677,-6.679608999999999,1.72425,6.23025e-05,0.0036629249999999996,5.370119999999999e-05,0.13715,0.0085145,0.00017760962499999998,0.6963,0.00759975,0.000108051,0.0339625,0.12886694999999998,0.0,0.0502675,0.12376604999999999,0.004821843425
-5.666,-6.668609,1.62725,6.0140000000000004e-05,0.003348875,4.94727e-05,0.132775,0.007975,0.00014955615,0.6556500000000001,0.0072945,9.114025e-05,0.0328725,0.11887797499999998,0.0,0.0473115,0.1184119,0.004570128925
-5.655,-6.657609000000001,1.573,5.949000000000001e-05,0.0031772,4.69413e-05,0.1319,0.0076235,0.000132516625,0.6323,0.007174,8.1169e-05,0.032464999999999994,0.112985975,0.0,0.04580025,0.11524435000000001,0.0044582645
-5.644,-6.646609,1.41675,5.507e-05,0.002942775,4.20587e-05,0.122225,0.00685725,0.00011230845,0.5676749999999999,0.0065975,7.1361075e-05,0.02940325,0.102530075,0.0,0.04174175,0.10240457499999998,0.004091778975000001
-5.632,-6.634608999999999,1.24475,4.9745e-05,0.00265055,3.60493e-05,0.11005000000000001,0.00606425,9.0284525e-05,0.497,0.0059215,6.059865e-05,0.025874250000000005,0.0911800775,0.0,0.037131500000000005,0.088548025,0.0036551734625
-5.621,-6.623609,1.1465,4.684e-05,0.002474475,3.2541850000000004e-05,0.103575,0.005588749999999999,7.728705e-05,0.4565,0.005547,5.3895100000000005e-05,0.023963500000000002,0.08443036750000002,0.0,0.03451674999999999,0.080704625,0.0034129201475
-5.61,-6.612609000000001,1.073,4.468750000000001e-05,0.0023369750000000003,2.9923550000000003e-05,0.09887499999999999,0.005221,6.748255e-05,0.42625,0.00526925,4.853832499999999e-05,0.0225905,0.07917604000000002,0.0,0.03255175,0.074941625,0.0032338122425
-5.599,-6.601609,1.0015,4.25875e-05,0.002202725,2.736425e-05,0.0942975,0.004861,5.7845e-05,0.39690000000000003,0.00499825,4.3115375e-05,0.021263749999999998,0.074036555,0.0,0.03063,0.0693626,0.0030592098399999995
-5.588,-6.590609000000001,0.9315,4.0524999999999996e-05,0.00207545,2.484525e-05,0.0898125,0.004504475,4.8736250000000006e-05,0.36815,0.00473475,3.7872675000000006e-05,0.019964999999999997,0.06904051,0.0,0.02876225,0.063859025,0.0028898059524999995
-5.577,-6.579609,0.8635,3.844750000000001e-05,0.0019576999999999997,2.2415724999999998e-05,0.08527499999999999,0.004152825000000001,4.1166275e-05,0.34034999999999993,0.00447145,3.3406475e-05,0.0186645,0.06429344000000001,0.0,0.026952749999999998,0.05843645,0.0027242244700000006
-5.566,-6.568609,0.80075,3.63025e-05,0.0018419974999999997,2.0308925000000003e-05,0.08058249999999999,0.003830525,3.551864999999999e-05,0.314925,0.0042084,2.98121e-05,0.017426250000000004,0.059873337500000005,0.0,0.0252205,0.053582149999999995,0.0025613099750000003
-5.554,-6.556609,0.741,3.4047499999999995e-05,0.001722515,1.8434524999999996e-05,0.0756625,0.0035242749999999995,3.1116475e-05,0.29095,0.003939525,2.6692800000000003e-05,0.016221500000000003,0.05553366999999999,0.0,0.023495999999999996,0.049161775000000005,0.0023956124700000004
-5.543,-6.545609000000001,0.68225,3.1782499999999996e-05,0.0016030774999999998,1.6644325e-05,0.07069750000000001,0.003225725,2.710245e-05,0.267525,0.0036696999999999997,2.37466e-05,0.01503525,0.05126302,0.0,0.021784999999999995,0.044901260000000005,0.00222986786
-5.532,-6.534609,0.62525,2.9555e-05,0.0014864075000000003,1.4901775e-05,0.06581500000000001,0.0029326499999999998,2.3272699999999998e-05,0.24475,0.003405175,2.0899524999999997e-05,0.01387625,0.04708161499999999,0.0,0.020109750000000003,0.0407543775,0.0020676384075
-5.521,-6.523609,0.575,2.77075e-05,0.00139031,1.325475e-05,0.061827499999999994,0.0026654499999999998,1.9556225e-05,0.224675,0.00318545,1.814155e-05,0.012890750000000001,0.04344626,0.0,0.0186875,0.036987435,0.0019331055775
-5.51,-6.512608999999999,0.53275,2.613e-05,0.0013089574999999999,1.18698975e-05,0.05842499999999999,0.0024428749999999997,1.6563475e-05,0.20775000000000002,0.0029966000000000003,1.5890825e-05,0.01204925,0.040434875,0.0,0.017493500000000002,0.033760790000000006,0.0018200414600000002
-5.499,-6.501609,0.4765,2.3652500000000004e-05,0.0011849049999999998,1.0351025e-05,0.052969999999999996,0.002165625,1.39835e-05,0.185625,0.002709325,1.3713100000000001e-05,0.01084525,0.036278302500000005,0.0,0.015759250000000002,0.0298757425,0.0016462201875000002
-5.488,-6.490609000000001,0.406,2.0360500000000003e-05,0.0010217375,8.618965000000001e-06,0.045649999999999996,0.0018259250000000002,1.1534349999999999e-05,0.157975,0.0023308999999999995,1.1445125e-05,0.009293,0.030985705,0.0,0.013511249999999997,0.025224550000000002,0.0014163154950000002
-5.477,-6.479609,0.34025,1.7268250000000002e-05,0.00086862,7.038420000000002e-06,0.038767499999999996,0.0015123749999999998,9.329475000000001e-06,0.132375,0.0019760750000000003,9.3655e-06,0.007843000000000001,0.02605573,0.0,0.011409500000000001,0.020930902499999997,0.0012006442525
-5.465,-6.4676089999999995,0.30225,1.553475e-05,0.00078213,6.0450675e-06,0.0349675,0.0013251,7.885172500000002e-06,0.11745,0.001776025,8.0231e-06,0.0070220000000000005,0.023231205,0.0,0.010221499999999998,0.0183440575,0.0010808341
-5.454,-6.456609,0.261,1.35915e-05,0.0006853600000000001,5.015929999999999e-06,0.0306875,0.00112495,6.5013174999999994e-06,0.10125,0.0015522499999999998,6.692625e-06,0.006115499999999999,0.0201322775,0.0,0.008908250000000001,0.015593612500000003,0.0009468468275
-5.443,-6.445608999999999,0.143775,7.578e-06,0.00038379475000000006,2.6631695000000005e-06,0.017145,0.0006084525,3.479325e-06,0.05574,0.00086545,3.608775e-06,0.0033952500000000003,0.01112769,0.0,0.0049481,0.008474532500000001,0.0005284191324999999
-5.432,-6.434609,0.0303,1.5989500000000002e-06,8.106849999999998e-05,5.59396e-07,0.0036182500000000004,0.0001280225,7.360649999999999e-07,0.011744999999999998,0.000182635,7.626499999999999e-07,0.000716025,0.00234731125,0.0,0.00104385,0.0017828507499999997,0.00011151134124999999
-5.421,-6.423609000000001,0.0,0.0,0.0,0.0,0.0,0.0,0.0,0.0,0.0,0.0,0.0,0.0,0.0,0.0,0.0,0.0
-5.41,-6.412609,0.0,0.0,0.0,0.0,0.0,0.0,0.0,0.0,0.0,0.0,0.0,0.0,0.0,0.0,0.0,0.0
-5.399,-6.4016090000000005,0.0,0.0,0.0,0.0,0.0,0.0,0.0,0.0,0.0,0.0,0.0,0.0,0.0,0.0,0.0,0.0
-5.387,-6.389609,0.0,0.0,0.0,0.0,0.0,0.0,0.0,0.0,0.0,0.0,0.0,0.0,0.0,0.0,0.0,0.0
-5.376,-6.378609000000001,0.0,0.0,0.0,0.0,0.0,0.0,0.0,0.0,0.0,0.0,0.0,0.0,0.0,0.0,0.0,0.0
-5.365,-6.367609,0.0,0.0,0.0,0.0,0.0,0.0,0.0,0.0,0.0,0.0,0.0,0.0,0.0,0.0,0.0,0.0
-5.354,-6.356609000000001,0.0,0.0,0.0,0.0,0.0,0.0,0.0,0.0,0.0,0.0,0.0,0.0,0.0,0.0,0.0,0.0
-5.343,-6.345609,0.0,0.0,0.0,0.0,0.0,0.0,0.0,0.0,0.0,0.0,0.0,0.0,0.0,0.0,0.0,0.0
-5.332,-6.334609,0.0,0.0,0.0,0.0,0.0,0.0,0.0,0.0,0.0,0.0,0.0,0.0,0.0,0.0,0.0,0.0
-5.321,-6.323608999999999,0.0,0.0,0.0,0.0,0.0,0.0,0.0,0.0,0.0,0.0,0.0,0.0,0.0,0.0,0.0,0.0
-5.31,-6.312609,0.0,0.0,0.0,0.0,0.0,0.0,0.0,0.0,0.0,0.0,0.0,0.0,0.0,0.0,0.0,0.0
-5.298,-6.300609,0.0,0.0,0.0,0.0,0.0,0.0,0.0,0.0,0.0,0.0,0.0,0.0,0.0,0.0,0.0,0.0
-5.287,-6.2896090000000004,0.0,0.0,0.0,0.0,0.0,0.0,0.0,0.0,0.0,0.0,0.0,0.0,0.0,0.0,0.0,0.0
-5.276,-6.278608999999999,0.0,0.0,0.0,0.0,0.0,0.0,0.0,0.0,0.0,0.0,0.0,0.0,0.0,0.0,0.0,0.0
-5.265,-6.267609,0.0,0.0,0.0,0.0,0.0,0.0,0.0,0.0,0.0,0.0,0.0,0.0,0.0,0.0,0.0,0.0
-5.254,-6.256608999999999,0.0,0.0,0.0,0.0,0.0,0.0,0.0,0.0,0.0,0.0,0.0,0.0,0.0,0.0,0.0,0.0
-5.243,-6.245609,0.0,0.0,0.0,0.0,0.0,0.0,0.0,0.0,0.0,0.0,0.0,0.0,0.0,0.0,0.0,0.0
-5.232,-6.234609000000001,0.0,0.0,0.0,0.0,0.0,0.0,0.0,0.0,0.0,0.0,0.0,0.0,0.0,0.0,0.0,0.0
-5.22,-6.222609,0.0,0.0,0.0,0.0,0.0,0.0,0.0,0.0,0.0,0.0,0.0,0.0,0.0,0.0,0.0,0.0
-5.209,-6.211608999999999,0.0,0.0,0.0,0.0,0.0,0.0,0.0,0.0,0.0,0.0,0.0,0.0,0.0,0.0,0.0,0.0
-5.198,-6.200609,0.0,0.0,0.0,0.0,0.0,0.0,0.0,0.0,0.0,0.0,0.0,0.0,0.0,0.0,0.0,0.0
-5.187,-6.189609000000001,0.0,0.0,0.0,0.0,0.0,0.0,0.0,0.0,0.0,0.0,0.0,0.0,0.0,0.0,0.0,0.0
-5.176,-6.178609,0.0,0.0,0.0,0.0,0.0,0.0,0.0,0.0,0.0,0.0,0.0,0.0,0.0,0.0,0.0,0.0
-5.165,-6.167609000000001,0.0,0.0,0.0,0.0,0.0,0.0,0.0,0.0,0.0,0.0,0.0,0.0,0.0,0.0,0.0,0.0
-5.154,-6.1566089999999996,0.0,0.0,0.0,0.0,0.0,0.0,0.0,0.0,0.0,0.0,0.0,0.0,0.0,0.0,0.0,0.0
-5.142,-6.144609000000001,0.0,0.0,0.0,0.0,0.0,0.0,0.0,0.0,0.0,0.0,0.0,0.0,0.0,0.0,0.0,0.0
-5.131,-6.133609,0.0,0.0,0.0,0.0,0.0,0.0,0.0,0.0,0.0,0.0,0.0,0.0,0.0,0.0,0.0,0.0
-5.12,-6.122609000000001,0.0,0.0,0.0,0.0,0.0,0.0,0.0,0.0,0.0,0.0,0.0,0.0,0.0,0.0,0.0,0.0
-5.109,-6.111609,0.0,0.0,0.0,0.0,0.0,0.0,0.0,0.0,0.0,0.0,0.0,0.0,0.0,0.0,0.0,0.0
-5.098,-6.100609,0.0,0.0,0.0,0.0,0.0,0.0,0.0,0.0,0.0,0.0,0.0,0.0,0.0,0.0,0.0,0.0
-5.087,-6.089608999999999,0.0,0.0,0.0,0.0,0.0,0.0,0.0,0.0,0.0,0.0,0.0,0.0,0.0,0.0,0.0,0.0
-5.076,-6.078609,0.0,0.0,0.0,0.0,0.0,0.0,0.0,0.0,0.0,0.0,0.0,0.0,0.0,0.0,0.0,0.0
-5.065,-6.067609000000001,0.0,0.0,0.0,0.0,0.0,0.0,0.0,0.0,0.0,0.0,0.0,0.0,0.0,0.0,0.0,0.0
-5.053,-6.0556090000000005,0.0,0.0,0.0,0.0,0.0,0.0,0.0,0.0,0.0,0.0,0.0,0.0,0.0,0.0,0.0,0.0
-5.042,-6.0446089999999995,0.0,0.0,0.0,0.0,0.0,0.0,0.0,0.0,0.0,0.0,0.0,0.0,0.0,0.0,0.0,0.0
-5.031,-6.033609,0.0,0.0,0.0,0.0,0.0,0.0,0.0,0.0,0.0,0.0,0.0,0.0,0.0,0.0,0.0,0.0
-5.02,-6.022608999999999,0.0,0.0,0.0,0.0,0.0,0.0,0.0,0.0,0.0,0.0,0.0,0.0,0.0,0.0,0.0,0.0
-5.009,-6.011609,0.0,0.0,0.0,0.0,0.0,0.0,0.0,0.0,0.0,0.0,0.0,0.0,0.0,0.0,0.0,0.0
-4.998,-6.000609000000001,0.0,0.0,0.0,0.0,0.0,0.0,0.0,0.0,0.0,0.0,0.0,0.0,0.0,0.0,0.0,0.0
-4.987,-5.989609,0.0,0.0,0.0,0.0,0.0,0.0,0.0,0.0,0.0,0.0,0.0,0.0,0.0,0.0,0.0,0.0
-4.975,-5.977608999999999,0.0,0.0,0.0,0.0,0.0,0.0,0.0,0.0,0.0,0.0,0.0,0.0,0.0,0.0,0.0,0.0
-4.964,-5.966609,0.0,0.0,0.0,0.0,0.0,0.0,0.0,0.0,0.0,0.0,0.0,0.0,0.0,0.0,0.0,0.0
-4.953,-5.955609000000001,0.0,0.0,0.0,0.0,0.0,0.0,0.0,0.0,0.0,0.0,0.0,0.0,0.0,0.0,0.0,0.0
-4.942,-5.944609,0.0,0.0,0.0,0.0,0.0,0.0,0.0,0.0,0.0,0.0,0.0,0.0,0.0,0.0,0.0,0.0
-4.931,-5.933609000000001,0.0,0.0,0.0,0.0,0.0,0.0,0.0,0.0,0.0,0.0,0.0,0.0,0.0,0.0,0.0,0.0
-4.92,-5.922609,0.0,0.0,0.0,0.0,0.0,0.0,0.0,0.0,0.0,0.0,0.0,0.0,0.0,0.0,0.0,0.0
-4.909,-5.911609,0.0,0.0,0.0,0.0,0.0,0.0,0.0,0.0,0.0,0.0,0.0,0.0,0.0,0.0,0.0,0.0
-4.898,-5.900608999999999,0.0,0.0,0.0,0.0,0.0,0.0,0.0,0.0,0.0,0.0,0.0,0.0,0.0,0.0,0.0,0.0
-4.886,-5.888609000000001,0.0,0.0,0.0,0.0,0.0,0.0,0.0,0.0,0.0,0.0,0.0,0.0,0.0,0.0,0.0,0.0
-4.875,-5.877609,0.0,0.0,0.0,0.0,0.0,0.0,0.0,0.0,0.0,0.0,0.0,0.0,0.0,0.0,0.0,0.0
-4.864,-5.866609,0.0,0.0,0.0,0.0,0.0,0.0,0.0,0.0,0.0,0.0,0.0,0.0,0.0,0.0,0.0,0.0
-4.853,-5.855608999999999,0.0,0.0,0.0,0.0,0.0,0.0,0.0,0.0,0.0,0.0,0.0,0.0,0.0,0.0,0.0,0.0
-4.842,-5.844609,0.0,0.0,0.0,0.0,0.0,0.0,0.0,0.0,0.0,0.0,0.0,0.0,0.0,0.0,0.0,0.0
-4.831,-5.833609000000001,0.0,0.0,0.0,0.0,0.0,0.0,0.0,0.0,0.0,0.0,0.0,0.0,0.0,0.0,0.0,0.0
-4.82,-5.822609,0.0,0.0,0.0,0.0,0.0,0.0,0.0,0.0,0.0,0.0,0.0,0.0,0.0,0.0,0.0,0.0
-4.808,-5.8106089999999995,0.0,0.0,0.0,0.0,0.0,0.0,0.0,0.0,0.0,0.0,0.0,0.0,0.0,0.0,0.0,0.0
-4.797,-5.799609,0.0,0.0,0.0,0.0,0.0,0.0,0.0,0.0,0.0,0.0,0.0,0.0,0.0,0.0,0.0,0.0
-4.786,-5.788608999999999,0.0,0.0,0.0,0.0,0.0,0.0,0.0,0.0,0.0,0.0,0.0,0.0,0.0,0.0,0.0,0.0
-4.775,-5.777609,0.0,0.0,0.0,0.0,0.0,0.0,0.0,0.0,0.0,0.0,0.0,0.0,0.0,0.0,0.0,0.0
-4.764,-5.766609000000001,0.0,0.0,0.0,0.0,0.0,0.0,0.0,0.0,0.0,0.0,0.0,0.0,0.0,0.0,0.0,0.0
-4.753,-5.755609,0.0,0.0,0.0,0.0,0.0,0.0,0.0,0.0,0.0,0.0,0.0,0.0,0.0,0.0,0.0,0.0
-4.742,-5.7446090000000005,0.0,0.0,0.0,0.0,0.0,0.0,0.0,0.0,0.0,0.0,0.0,0.0,0.0,0.0,0.0,0.0
-4.731,-5.7336089999999995,0.0,0.0,0.0,0.0,0.0,0.0,0.0,0.0,0.0,0.0,0.0,0.0,0.0,0.0,0.0,0.0
-4.719,-5.721609000000001,0.0,0.0,0.0,0.0,0.0,0.0,0.0,0.0,0.0,0.0,0.0,0.0,0.0,0.0,0.0,0.0
-4.708,-5.710609,0.0,0.0,0.0,0.0,0.0,0.0,0.0,0.0,0.0,0.0,0.0,0.0,0.0,0.0,0.0,0.0
-4.697,-5.699609000000001,0.0,0.0,0.0,0.0,0.0,0.0,0.0,0.0,0.0,0.0,0.0,0.0,0.0,0.0,0.0,0.0
-4.686,-5.688609,0.0,0.0,0.0,0.0,0.0,0.0,0.0,0.0,0.0,0.0,0.0,0.0,0.0,0.0,0.0,0.0
-4.675,-5.677609,0.0,0.0,0.0,0.0,0.0,0.0,0.0,0.0,0.0,0.0,0.0,0.0,0.0,0.0,0.0,0.0
-4.664,-5.666608999999999,0.0,0.0,0.0,0.0,0.0,0.0,0.0,0.0,0.0,0.0,0.0,0.0,0.0,0.0,0.0,0.0
-4.653,-5.655609,0.0,0.0,0.0,0.0,0.0,0.0,0.0,0.0,0.0,0.0,0.0,0.0,0.0,0.0,0.0,0.0
-4.641,-5.643609,0.0,0.0,0.0,0.0,0.0,0.0,0.0,0.0,0.0,0.0,0.0,0.0,0.0,0.0,0.0,0.0
-4.63,-5.632609,0.0,0.0,0.0,0.0,0.0,0.0,0.0,0.0,0.0,0.0,0.0,0.0,0.0,0.0,0.0,0.0
-4.619,-5.621608999999999,0.0,0.0,0.0,0.0,0.0,0.0,0.0,0.0,0.0,0.0,0.0,0.0,0.0,0.0,0.0,0.0
-4.608,-5.610609,0.0,0.0,0.0,0.0,0.0,0.0,0.0,0.0,0.0,0.0,0.0,0.0,0.0,0.0,0.0,0.0
-4.597,-5.599609000000001,0.0,0.0,0.0,0.0,0.0,0.0,0.0,0.0,0.0,0.0,0.0,0.0,0.0,0.0,0.0,0.0
-4.586,-5.588609,0.0,0.0,0.0,0.0,0.0,0.0,0.0,0.0,0.0,0.0,0.0,0.0,0.0,0.0,0.0,0.0
-4.575,-5.577609000000001,0.0,0.0,0.0,0.0,0.0,0.0,0.0,0.0,0.0,0.0,0.0,0.0,0.0,0.0,0.0,0.0
-4.564,-5.566609,0.0,0.0,0.0,0.0,0.0,0.0,0.0,0.0,0.0,0.0,0.0,0.0,0.0,0.0,0.0,0.0
-4.552,-5.554608999999999,0.0,0.0,0.0,0.0,0.0,0.0,0.0,0.0,0.0,0.0,0.0,0.0,0.0,0.0,0.0,0.0
-4.541,-5.543609,0.0,0.0,0.0,0.0,0.0,0.0,0.0,0.0,0.0,0.0,0.0,0.0,0.0,0.0,0.0,0.0
-4.53,-5.532609000000001,0.0,0.0,0.0,0.0,0.0,0.0,0.0,0.0,0.0,0.0,0.0,0.0,0.0,0.0,0.0,0.0
-4.519,-5.521609,0.0,0.0,0.0,0.0,0.0,0.0,0.0,0.0,0.0,0.0,0.0,0.0,0.0,0.0,0.0,0.0
-4.508,-5.5106090000000005,0.0,0.0,0.0,0.0,0.0,0.0,0.0,0.0,0.0,0.0,0.0,0.0,0.0,0.0,0.0,0.0
-4.497,-5.4996089999999995,0.0,0.0,0.0,0.0,0.0,0.0,0.0,0.0,0.0,0.0,0.0,0.0,0.0,0.0,0.0,0.0
-4.486,-5.488609,0.0,0.0,0.0,0.0,0.0,0.0,0.0,0.0,0.0,0.0,0.0,0.0,0.0,0.0,0.0,0.0
-4.474,-5.476609,0.0,0.0,0.0,0.0,0.0,0.0,0.0,0.0,0.0,0.0,0.0,0.0,0.0,0.0,0.0,0.0
-4.463,-5.465609000000001,0.0,0.0,0.0,0.0,0.0,0.0,0.0,0.0,0.0,0.0,0.0,0.0,0.0,0.0,0.0,0.0
-4.452,-5.454609,0.0,0.0,0.0,0.0,0.0,0.0,0.0,0.0,0.0,0.0,0.0,0.0,0.0,0.0,0.0,0.0
-4.441,-5.443609,0.0,0.0,0.0,0.0,0.0,0.0,0.0,0.0,0.0,0.0,0.0,0.0,0.0,0.0,0.0,0.0
-4.43,-5.432608999999999,0.0,0.0,0.0,0.0,0.0,0.0,0.0,0.0,0.0,0.0,0.0,0.0,0.0,0.0,0.0,0.0
-4.419,-5.421609,0.0,0.0,0.0,0.0,0.0,0.0,0.0,0.0,0.0,0.0,0.0,0.0,0.0,0.0,0.0,0.0
-4.408,-5.410609000000001,0.0,0.0,0.0,0.0,0.0,0.0,0.0,0.0,0.0,0.0,0.0,0.0,0.0,0.0,0.0,0.0
-4.396,-5.398609,0.0,0.0,0.0,0.0,0.0,0.0,0.0,0.0,0.0,0.0,0.0,0.0,0.0,0.0,0.0,0.0
-4.385,-5.387608999999999,0.0,0.0,0.0,0.0,0.0,0.0,0.0,0.0,0.0,0.0,0.0,0.0,0.0,0.0,0.0,0.0
-4.374,-5.376609,0.0,0.0,0.0,0.0,0.0,0.0,0.0,0.0,0.0,0.0,0.0,0.0,0.0,0.0,0.0,0.0
-4.363,-5.365609000000001,0.0,0.0,0.0,0.0,0.0,0.0,0.0,0.0,0.0,0.0,0.0,0.0,0.0,0.0,0.0,0.0
-4.352,-5.354609,0.0,0.0,0.0,0.0,0.0,0.0,0.0,0.0,0.0,0.0,0.0,0.0,0.0,0.0,0.0,0.0
-4.341,-5.343609000000001,0.0,0.0,0.0,0.0,0.0,0.0,0.0,0.0,0.0,0.0,0.0,0.0,0.0,0.0,0.0,0.0
-4.33,-5.332609,0.0,0.0,0.0,0.0,0.0,0.0,0.0,0.0,0.0,0.0,0.0,0.0,0.0,0.0,0.0,0.0
-4.319,-5.3216090000000005,0.0,0.0,0.0,0.0,0.0,0.0,0.0,0.0,0.0,0.0,0.0,0.0,0.0,0.0,0.0,0.0
-4.307,-5.309609,0.0,0.0,0.0,0.0,0.0,0.0,0.0,0.0,0.0,0.0,0.0,0.0,0.0,0.0,0.0,0.0
-4.296,-5.298609000000001,0.0,0.0,0.0,0.0,0.0,0.0,0.0,0.0,0.0,0.0,0.0,0.0,0.0,0.0,0.0,0.0
-4.285,-5.287609,0.0,0.0,0.0,0.0,0.0,0.0,0.0,0.0,0.0,0.0,0.0,0.0,0.0,0.0,0.0,0.0
-4.274,-5.2766090000000005,0.0,0.0,0.0,0.0,0.0,0.0,0.0,0.0,0.0,0.0,0.0,0.0,0.0,0.0,0.0,0.0
-4.263,-5.2656089999999995,0.0,0.0,0.0,0.0,0.0,0.0,0.0,0.0,0.0,0.0,0.0,0.0,0.0,0.0,0.0,0.0
-4.252,-5.254609,0.0,0.0,0.0,0.0,0.0,0.0,0.0,0.0,0.0,0.0,0.0,0.0,0.0,0.0,0.0,0.0
-4.241,-5.243608999999999,0.0,0.0,0.0,0.0,0.0,0.0,0.0,0.0,0.0,0.0,0.0,0.0,0.0,0.0,0.0,0.0
-4.229,-5.231609000000001,0.0,0.0,0.0,0.0,0.0,0.0,0.0,0.0,0.0,0.0,0.0,0.0,0.0,0.0,0.0,0.0
-4.218,-5.220609,0.0,0.0,0.0,0.0,0.0,0.0,0.0,0.0,0.0,0.0,0.0,0.0,0.0,0.0,0.0,0.0
-4.207,-5.209609,0.0,0.0,0.0,0.0,0.0,0.0,0.0,0.0,0.0,0.0,0.0,0.0,0.0,0.0,0.0,0.0
-4.196,-5.198608999999999,0.0,0.0,0.0,0.0,0.0,0.0,0.0,0.0,0.0,0.0,0.0,0.0,0.0,0.0,0.0,0.0
-4.185,-5.187609,0.0,0.0,0.0,0.0,0.0,0.0,0.0,0.0,0.0,0.0,0.0,0.0,0.0,0.0,0.0,0.0
-4.174,-5.176609000000001,0.0,0.0,0.0,0.0,0.0,0.0,0.0,0.0,0.0,0.0,0.0,0.0,0.0,0.0,0.0,0.0
-4.163,-5.165609,0.0,0.0,0.0,0.0,0.0,0.0,0.0,0.0,0.0,0.0,0.0,0.0,0.0,0.0,0.0,0.0
-4.152,-5.154609000000001,0.0,0.0,0.0,0.0,0.0,0.0,0.0,0.0,0.0,0.0,0.0,0.0,0.0,0.0,0.0,0.0
-4.14,-5.142609,0.0,0.0,0.0,0.0,0.0,0.0,0.0,0.0,0.0,0.0,0.0,0.0,0.0,0.0,0.0,0.0
-4.129,-5.131608999999999,0.0,0.0,0.0,0.0,0.0,0.0,0.0,0.0,0.0,0.0,0.0,0.0,0.0,0.0,0.0,0.0
-4.118,-5.120609,0.0,0.0,0.0,0.0,0.0,0.0,0.0,0.0,0.0,0.0,0.0,0.0,0.0,0.0,0.0,0.0
-4.107,-5.109609000000001,0.0,0.0,0.0,0.0,0.0,0.0,0.0,0.0,0.0,0.0,0.0,0.0,0.0,0.0,0.0,0.0
-4.096,-5.098609,0.0,0.0,0.0,0.0,0.0,0.0,0.0,0.0,0.0,0.0,0.0,0.0,0.0,0.0,0.0,0.0
-4.085,-5.0876090000000005,0.0,0.0,0.0,0.0,0.0,0.0,0.0,0.0,0.0,0.0,0.0,0.0,0.0,0.0,0.0,0.0
-4.074,-5.0766089999999995,0.0,0.0,0.0,0.0,0.0,0.0,0.0,0.0,0.0,0.0,0.0,0.0,0.0,0.0,0.0,0.0
-4.062,-5.064609000000001,0.0,0.0,0.0,0.0,0.0,0.0,0.0,0.0,0.0,0.0,0.0,0.0,0.0,0.0,0.0,0.0
-4.051,-5.053609,0.0,0.0,0.0,0.0,0.0,0.0,0.0,0.0,0.0,0.0,0.0,0.0,0.0,0.0,0.0,0.0
-4.04,-5.042609000000001,0.0,0.0,0.0,0.0,0.0,0.0,0.0,0.0,0.0,0.0,0.0,0.0,0.0,0.0,0.0,0.0
-4.029,-5.0316089999999996,0.0,0.0,0.0,0.0,0.0,0.0,0.0,0.0,0.0,0.0,0.0,0.0,0.0,0.0,0.0,0.0
-4.018,-5.020609,0.0,0.0,0.0,0.0,0.0,0.0,0.0,0.0,0.0,0.0,0.0,0.0,0.0,0.0,0.0,0.0
-4.007,-5.009608999999999,0.0,0.0,0.0,0.0,0.0,0.0,0.0,0.0,0.0,0.0,0.0,0.0,0.0,0.0,0.0,0.0
-3.996,-4.998609,0.0,0.0,0.0,0.0,0.0,0.0,0.0,0.0,0.0,0.0,0.0,0.0,0.0,0.0,0.0,0.0
-3.985,-4.987609,0.0,0.0,0.0,0.0,0.0,0.0,0.0,0.0,0.0,0.0,0.0,0.0,0.0,0.0,0.0,0.0
-3.973,-4.975609,0.0,0.0,0.0,0.0,0.0,0.0,0.0,0.0,0.0,0.0,0.0,0.0,0.0,0.0,0.0,0.0
-3.962,-4.964609,0.0,0.0,0.0,0.0,0.0,0.0,0.0,0.0,0.0,0.0,0.0,0.0,0.0,0.0,0.0,0.0
-3.951,-4.953609,0.0,0.0,0.0,0.0,0.0,0.0,0.0,0.0,0.0,0.0,0.0,0.0,0.0,0.0,0.0,0.0
-3.94,-4.942609,0.0,0.0,0.0,0.0,0.0,0.0,0.0,0.0,0.0,0.0,0.0,0.0,0.0,0.0,0.0,0.0
-3.929,-4.931609,0.0,0.0,0.0,0.0,0.0,0.0,0.0,0.0,0.0,0.0,0.0,0.0,0.0,0.0,0.0,0.0
-3.918,-4.920609000000001,0.0,0.0,0.0,0.0,0.0,0.0,0.0,0.0,0.0,0.0,0.0,0.0,0.0,0.0,0.0,0.0
-3.907,-4.909609,0.0,0.0,0.0,0.0,0.0,0.0,0.0,0.0,0.0,0.0,0.0,0.0,0.0,0.0,0.0,0.0
-3.895,-4.897609,0.0,0.0,0.0,0.0,0.0,0.0,0.0,0.0,0.0,0.0,0.0,0.0,0.0,0.0,0.0,0.0
-3.884,-4.886609,0.0,0.0,0.0,0.0,0.0,0.0,0.0,0.0,0.0,0.0,0.0,0.0,0.0,0.0,0.0,0.0
-3.873,-4.875609000000001,0.0,0.0,0.0,0.0,0.0,0.0,0.0,0.0,0.0,0.0,0.0,0.0,0.0,0.0,0.0,0.0
-3.862,-4.864609,0.0,0.0,0.0,0.0,0.0,0.0,0.0,0.0,0.0,0.0,0.0,0.0,0.0,0.0,0.0,0.0
-3.851,-4.8536090000000005,0.0,0.0,0.0,0.0,0.0,0.0,0.0,0.0,0.0,0.0,0.0,0.0,0.0,0.0,0.0,0.0
-3.84,-4.8426089999999995,0.0,0.0,0.0,0.0,0.0,0.0,0.0,0.0,0.0,0.0,0.0,0.0,0.0,0.0,0.0,0.0
-3.829,-4.831609,0.0,0.0,0.0,0.0,0.0,0.0,0.0,0.0,0.0,0.0,0.0,0.0,0.0,0.0,0.0,0.0
-3.817,-4.819609,0.0,0.0,0.0,0.0,0.0,0.0,0.0,0.0,0.0,0.0,0.0,0.0,0.0,0.0,0.0,0.0
-3.806,-4.808609000000001,0.0,0.0,0.0,0.0,0.0,0.0,0.0,0.0,0.0,0.0,0.0,0.0,0.0,0.0,0.0,0.0
-3.795,-4.797609,0.0,0.0,0.0,0.0,0.0,0.0,0.0,0.0,0.0,0.0,0.0,0.0,0.0,0.0,0.0,0.0
-3.784,-4.786609,0.0,0.0,0.0,0.0,0.0,0.0,0.0,0.0,0.0,0.0,0.0,0.0,0.0,0.0,0.0,0.0
-3.773,-4.775609,0.0,0.0,0.0,0.0,0.0,0.0,0.0,0.0,0.0,0.0,0.0,0.0,0.0,0.0,0.0,0.0
-3.762,-4.764609,0.0,0.0,0.0,0.0,0.0,0.0,0.0,0.0,0.0,0.0,0.0,0.0,0.0,0.0,0.0,0.0
-3.751,-4.753609,0.0,0.0,0.0,0.0,0.0,0.0,0.0,0.0,0.0,0.0,0.0,0.0,0.0,0.0,0.0,0.0
-3.74,-4.742609,0.0,0.0,0.0,0.0,0.0,0.0,0.0,0.0,0.0,0.0,0.0,0.0,0.0,0.0,0.0,0.0
-3.728,-4.730609,0.0,0.0,0.0,0.0,0.0,0.0,0.0,0.0,0.0,0.0,0.0,0.0,0.0,0.0,0.0,0.0
-3.717,-4.719609,0.0,0.0,0.0,0.0,0.0,0.0,0.0,0.0,0.0,0.0,0.0,0.0,0.0,0.0,0.0,0.0
-3.706,-4.708609,0.0,0.0,0.0,0.0,0.0,0.0,0.0,0.0,0.0,0.0,0.0,0.0,0.0,0.0,0.0,0.0
-3.695,-4.697609,0.0,0.0,0.0,0.0,0.0,0.0,0.0,0.0,0.0,0.0,0.0,0.0,0.0,0.0,0.0,0.0
-3.684,-4.686609000000001,0.0,0.0,0.0,0.0,0.0,0.0,0.0,0.0,0.0,0.0,0.0,0.0,0.0,0.0,0.0,0.0
-3.673,-4.675609,0.0,0.0,0.0,0.0,0.0,0.0,0.0,0.0,0.0,0.0,0.0,0.0,0.0,0.0,0.0,0.0
-3.662,-4.6646090000000004,0.0,0.0,0.0,0.0,0.0,0.0,0.0,0.0,0.0,0.0,0.0,0.0,0.0,0.0,0.0,0.0
-3.65,-4.652609,0.0,0.0,0.0,0.0,0.0,0.0,0.0,0.0,0.0,0.0,0.0,0.0,0.0,0.0,0.0,0.0
-3.639,-4.641609,0.0,0.0,0.0,0.0,0.0,0.0,0.0,0.0,0.0,0.0,0.0,0.0,0.0,0.0,0.0,0.0
-3.628,-4.630609,0.0,0.0,0.0,0.0,0.0,0.0,0.0,0.0,0.0,0.0,0.0,0.0,0.0,0.0,0.0,0.0
-3.617,-4.6196090000000005,0.0,0.0,0.0,0.0,0.0,0.0,0.0,0.0,0.0,0.0,0.0,0.0,0.0,0.0,0.0,0.0
-3.606,-4.6086089999999995,0.0,0.0,0.0,0.0,0.0,0.0,0.0,0.0,0.0,0.0,0.0,0.0,0.0,0.0,0.0,0.0
-3.595,-4.597609,0.0,0.0,0.0,0.0,0.0,0.0,0.0,0.0,0.0,0.0,0.0,0.0,0.0,0.0,0.0,0.0
-3.584,-4.586609,0.0,0.0,0.0,0.0,0.0,0.0,0.0,0.0,0.0,0.0,0.0,0.0,0.0,0.0,0.0,0.0
-3.573,-4.575609,0.0,0.0,0.0,0.0,0.0,0.0,0.0,0.0,0.0,0.0,0.0,0.0,0.0,0.0,0.0,0.0
-3.561,-4.563609,0.0,0.0,0.0,0.0,0.0,0.0,0.0,0.0,0.0,0.0,0.0,0.0,0.0,0.0,0.0,0.0
-3.55,-4.552609,0.0,0.0,0.0,0.0,0.0,0.0,0.0,0.0,0.0,0.0,0.0,0.0,0.0,0.0,0.0,0.0
-3.539,-4.541609,0.0,0.0,0.0,0.0,0.0,0.0,0.0,0.0,0.0,0.0,0.0,0.0,0.0,0.0,0.0,0.0
-3.528,-4.530609,0.0,0.0,0.0,0.0,0.0,0.0,0.0,0.0,0.0,0.0,0.0,0.0,0.0,0.0,0.0,0.0
-3.517,-4.519609,0.0,0.0,0.0,0.0,0.0,0.0,0.0,0.0,0.0,0.0,0.0,0.0,0.0,0.0,0.0,0.0
-3.506,-4.508609,0.0,0.0,0.0,0.0,0.0,0.0,0.0,0.0,0.0,0.0,0.0,0.0,0.0,0.0,0.0,0.0
-3.495,-4.497609000000001,0.0,0.0,0.0,0.0,0.0,0.0,0.0,0.0,0.0,0.0,0.0,0.0,0.0,0.0,0.0,0.0
-3.483,-4.485609,0.0,0.0,0.0,0.0,0.0,0.0,0.0,0.0,0.0,0.0,0.0,0.0,0.0,0.0,0.0,0.0
-3.472,-4.474609,0.05275,1.098525e-06,0.0002716725,1.0136955e-05,0.000157925,0.0034050750000000005,0.00012989866499999998,5.337e-05,0.0022961,4.437015e-05,4.7177499999999993e-05,0.018357195,0.0,5.4582e-05,0.0057156475000000005,2.7558670249999994e-05
-3.461,-4.463609,2.75,5.023750000000001e-05,0.012381950000000001,0.0006119545000000001,0.00876275,0.178045,0.006875139000000001,0.0031252499999999996,0.1192575,0.0023996295,0.0024729500000000002,0.963503,0.0,0.0030103250000000003,0.29341900000000004,0.0015617228750000002
-3.45,-4.452609000000001,7.4775,0.00011940749999999998,0.026531,0.00193233,0.024745,0.490865,0.019298464999999997,0.0089955,0.3196225,0.0067163175,0.006921500000000001,2.6614625,0.0,0.008661675,0.7698722499999999,0.004841802699999999
-3.439,-4.441609,13.04,0.00018319499999999998,0.0387995,0.0035289199999999996,0.042795,0.8681174999999999,0.03473201225,0.0168075,0.5489900000000001,0.011635022500000002,0.012654249999999999,4.6719025,0.0,0.01568,1.3328025000000001,0.00933450525
-3.428,-4.4306090000000005,12.295,0.0001729,0.0334845,0.0034269425,0.04082,0.821945,0.033366754,0.0176475,0.5127775,0.011220385,0.0128605,4.3982025,0.0,0.015109500000000001,1.271233,0.00912256325
-3.417,-4.4196089999999995,9.165,0.00013255,0.02282975,0.00263500025,0.029884999999999995,0.6141949999999999,0.025559519500000003,0.014435,0.37757,0.008740060000000001,0.01075575,3.2633199999999998,0.0,0.011128649999999999,0.970226,0.006981994000000001
-3.406,-4.408609,6.3225,0.000101235,0.01834525,0.0017627785000000002,0.020997500000000002,0.4209175,0.01771775925,0.012235,0.25814499999999996,0.006342537499999999,0.00842975,2.1837275000000003,0.0,0.0080788,0.73094175,0.004694233
-3.394,-4.396609,5.71,9.514750000000001e-05,0.017442,0.00157105675,0.0180475,0.37919499999999995,0.016191778500000004,0.0114675,0.23181500000000002,0.0059355275,0.00822825,1.9460677499999999,0.0,0.007144449999999998,0.6878852499999999,0.004197681500000001
-3.383,-4.3856090000000005,5.6825,9.671e-05,0.01737575,0.00157013125,0.0176925,0.37721499999999997,0.0162295295,0.0117525,0.22950749999999998,0.006005765,0.00849625,1.9203505,0.0,0.0071167750000000005,0.70131175,0.004193520250000001
-3.372,-4.3746089999999995,5.6425,9.8125e-05,0.0172495,0.0015678842500000002,0.017272500000000003,0.374515,0.016234241,0.0119775,0.2267,0.0060642475,0.0087425,1.8890624999999999,0.0,0.007063425000000001,0.7141387499999999,0.00417985725
-3.361,-4.363609,5.5925,0.000100145,0.017112500000000003,0.00156601875,0.016702500000000002,0.371065,0.016192399000000003,0.012122499999999998,0.2234725,0.0061108375,0.00897075,1.8487875,0.0,0.0069844500000000006,0.73108225,0.004159624
-3.35,-4.352609,5.445,0.000101535,0.01654,0.0015466557500000001,0.01566,0.36114499999999994,0.015888020750000002,0.01211,0.21588,0.006071150000000001,0.00909875,1.7667849999999998,0.0,0.006799375000000001,0.74452075,0.00408947025
-3.339,-4.341609,5.26,0.0001019375,0.0159365,0.0015147692499999999,0.014445000000000001,0.3490475,0.01548885975,0.011935,0.2066225,0.005965025,0.0091375,1.6683664999999999,0.0,0.006571075,0.7576872499999998,0.00398305975
-3.328,-4.330609,5.1325,0.0001041925,0.016061,0.0014889925000000001,0.013217500000000002,0.34047000000000005,0.015203711250000002,0.0119275,0.1992625,0.0058485875,0.009227,1.5626479999999998,0.0,0.00644825,0.80005425,0.003883372
-3.316,-4.318609,4.97,0.0001065825,0.016410499999999998,0.001441745,0.0116925,0.32969249999999994,0.01474970675,0.0116175,0.1904675,0.005669115,0.00917475,1.4351,0.0,0.006289250000000001,0.8480055000000001,0.00373915175
-3.305,-4.307609,5.0225,0.00011173250000000001,0.01696875,0.00146327,0.011170000000000001,0.3328175,0.01481053,0.011505000000000001,0.1920775,0.005687080000000001,0.009220500000000001,1.4085825,0.0,0.00634245,0.8949375,0.003763784499999999
-3.294,-4.296609,5.42,0.0001287825,0.019870750000000003,0.0015675925,0.01081,0.3577,0.0155225,0.011595000000000001,0.2083475,0.0059202974999999994,0.00956075,1.4322025000000003,0.0,0.006733024999999999,1.04272525,0.0039677365
-3.283,-4.285609,6.5525,0.00015988249999999998,0.03134025,0.001676425,0.0109825,0.42625,0.01638949,0.011840000000000002,0.2585925,0.00630503,0.00952675,1.4828,0.0,0.008437125,1.46583,0.004586767
-3.272,-4.274609,7.5575,0.00018952499999999999,0.034724000000000005,0.00209958,0.0113425,0.491,0.018477615,0.0129625,0.299045,0.0069499850000000005,0.010400500000000002,1.60049,0.0,0.009562949999999999,1.78837,0.005320170500000001
-3.261,-4.263609000000001,7.795,0.00020498750000000002,0.0366195,0.0021498374999999997,0.011304999999999999,0.50585,0.0187774975,0.01305,0.3071975,0.007170547499999999,0.010385,1.5730425000000001,0.0,0.01002925,1.9132450000000003,0.005443851249999999
-3.25,-4.252609,8.115,0.00021738499999999998,0.03712725,0.0022764925000000004,0.011452500000000001,0.5268999999999999,0.0194508475,0.013542499999999999,0.3178725,0.007516885,0.01061575,1.5797124999999999,0.0,0.0107275,2.0449175,0.0057794942499999995
-3.239,-4.241609,8.6025,0.00023225249999999997,0.037997750000000004,0.00247721,0.0119,0.5598749999999999,0.02058218,0.014255,0.334525,0.0080065225,0.011057250000000001,1.620765,0.0,0.011639750000000004,2.2193250000000004,0.006275015000000001
-3.227,-4.229609,9.4275,0.0002612575,0.040068999999999994,0.0028254975000000003,0.012897500000000001,0.614475,0.022097402500000002,0.015342500000000002,0.36509250000000004,0.0086600675,0.0115105,1.6883625,0.0,0.012886750000000002,2.5095899999999993,0.0070347184999999994
-3.216,-4.218609000000001,9.61,0.00028416499999999996,0.039700000000000006,0.0029271699999999998,0.013792500000000001,0.6275999999999999,0.0225103875,0.0160625,0.36803749999999996,0.0090983075,0.011578000000000001,1.6728724999999998,0.0,0.013485500000000001,2.60221,0.0072490774999999985
-3.205,-4.207609,10.02,0.00030655,0.0391585,0.003161515,0.013859999999999999,0.6557,0.02318651,0.016517499999999997,0.3825525,0.0096068225,0.01173225,1.6636324999999998,0.0,0.014494999999999997,2.788925,0.007604846500000001
-3.194,-4.1966090000000005,10.5175,0.00033210999999999994,0.038643500000000004,0.003481255,0.0143675,0.687175,0.02361148,0.0171725,0.4037425,0.010061262500000001,0.011533749999999999,1.6405475000000003,0.0,0.015623749999999997,3.0207575000000007,0.007958387249999999
-3.183,-4.1856089999999995,10.5775,0.000353315,0.037336,0.0036135649999999996,0.01592,0.68785,0.023265475,0.018255,0.40648999999999996,0.0105633425,0.0111615,1.5991425,0.0,0.01590625,3.0792974999999996,0.00793457225
-3.172,-4.174609,9.97,0.000350915,0.034830999999999994,0.0033728574999999997,0.0158675,0.6487750000000001,0.0221577075,0.0182425,0.3799325,0.0103708225,0.0105625,1.500875,0.0,0.015400500000000001,2.9117950000000006,0.007551386500000001
-3.161,-4.163609,10.0025,0.00036769,0.033506,0.0033978274999999997,0.0155975,0.6507499999999999,0.022070275,0.0182825,0.381195,0.010583165,0.010340249999999999,1.4704475000000001,0.0,0.0157645,2.9560025,0.007672231250000001
-3.149,-4.1516090000000005,10.055,0.000389755,0.0325815,0.0034030600000000003,0.015015,0.6548499999999999,0.022384905,0.0184125,0.38094249999999996,0.01100858,0.010509999999999999,1.4745275,0.0,0.016375249999999997,2.98267,0.00782789175
-3.138,-4.1406089999999995,9.905,0.00040350000000000005,0.031379500000000005,0.0033130675,0.014624999999999999,0.646925,0.022493337500000002,0.018632499999999996,0.37095749999999994,0.01136688,0.010597249999999999,1.4529225000000001,0.0,0.016764750000000002,2.9467175,0.007797952500000001
-3.127,-4.129609,10.1475,0.000423525,0.0302735,0.0033496224999999998,0.01481,0.6648750000000001,0.023117199999999997,0.019360000000000002,0.3787725,0.011567685000000001,0.0106275,1.455765,0.0,0.017542249999999995,3.0533675000000002,0.008196330500000001
-3.116,-4.118609,9.67,0.000421445,0.028446,0.0032022725,0.0144525,0.63315,0.022039185,0.0191575,0.35911750000000003,0.011281712499999999,0.009920000000000002,1.367295,0.0,0.017421499999999996,2.9310574999999996,0.007925758750000001
-3.105,-4.107609,9.355,0.000429585,0.028190749999999994,0.0030970424999999997,0.014835,0.613375,0.0226948675,0.020535,0.338245,0.01185847,0.01070625,1.3976350000000002,0.0,0.017582,2.7800825000000002,0.0076516915
-3.094,-4.096609,9.15,0.0004390975,0.0269725,0.0031784400000000003,0.014477499999999999,0.592525,0.0202026625,0.0186275,0.33870999999999996,0.01208386,0.0087325,1.25644,0.0,0.017677500000000002,2.81045,0.007502715999999999
-3.083,-4.085609,9.035,0.00045115000000000004,0.026583500000000003,0.0031351749999999996,0.0139225,0.5848249999999999,0.020089972499999997,0.018195,0.330965,0.012738035,0.008764000000000001,1.2457325,0.0,0.017996250000000002,2.77764,0.007447032750000001
-3.071,-4.073609,8.48,0.00045212499999999994,0.025685,0.0029231725000000005,0.01271,0.547175,0.018612712500000003,0.0172425,0.309125,0.012475182499999998,0.0079545,1.1452174999999998,0.0,0.01765875,2.6313699999999995,0.00705482925
-3.06,-4.062609,8.4375,0.000469475,0.025956,0.0028445675,0.0130225,0.5493,0.0194908825,0.01797,0.2968025,0.0132210725,0.008712,1.187895,0.0,0.0183045,2.5858875,0.0070994205
-3.049,-4.051609,7.8725,0.000459975,0.02340075,0.0026831349999999997,0.013535,0.50095,0.016857165,0.017167500000000002,0.2878475,0.013240035,0.00737775,1.0714675,0.0,0.017173000000000004,2.44156,0.0067189059999999984
-3.038,-4.040609,7.6075,0.00046084999999999995,0.0225795,0.00260074,0.014830000000000001,0.472025,0.01549243,0.017275,0.285785,0.01447638,0.007253000000000001,1.0699625000000001,0.0,0.016462749999999995,2.32813,0.006386054250000002
-3.027,-4.029609000000001,7.495,0.000481475,0.022639749999999997,0.0025460799999999996,0.0159175,0.4598,0.015576419999999999,0.0183925,0.28127,0.0150361225,0.007677,1.0921675,0.0,0.01677325,2.2643450000000005,0.006315279000000001
-3.016,-4.018609,6.8725,0.00047979999999999995,0.021651499999999997,0.0023212425,0.014592500000000001,0.41856499999999996,0.0135296325,0.016137500000000003,0.256505,0.014802912500000001,0.00662925,0.9896825000000001,0.0,0.01612925,2.0880224999999997,0.005829725250000001
-3.005,-4.007609,6.1675,0.00046397499999999993,0.019603,0.0021242375,0.01298,0.3720225,0.011386875000000001,0.014365,0.230905,0.01415607,0.0054607499999999995,0.868385,0.0,0.014971,1.8918000000000001,0.005290340499999999
-2.994,-3.9966090000000003,6.465,0.00048127500000000003,0.019283500000000002,0.0022581224999999997,0.015425000000000001,0.38448499999999997,0.0107643975,0.016105,0.248925,0.016018604999999998,0.00549825,0.89686,0.0,0.01496575,1.9904574999999995,0.0055872907500000004
-2.982,-3.9846090000000003,6.47,0.000500325,0.0191365,0.002233525,0.0157575,0.38293499999999997,0.0105293275,0.0165775,0.249145,0.0167813775,0.0055465,0.9016649999999998,0.0,0.015135000000000001,1.9917375,0.005654858999999999
-2.971,-3.973609,6.4325,0.000516075,0.01915725,0.0022216675000000003,0.0162825,0.38009250000000006,0.01054271,0.0175375,0.24448749999999997,0.0174142375,0.005713000000000001,0.91228,0.0,0.01543175,1.9693575000000003,0.005678250249999999
-2.96,-3.962609,6.225,0.0005147,0.019030250000000002,0.0021499375,0.0164575,0.368515,0.010433542499999999,0.0183225,0.23121999999999998,0.017567687499999998,0.005726500000000001,0.9020175000000001,0.0,0.015533499999999999,1.89269,0.005553114999999999
-2.949,-3.951609,6.2425,0.000538175,0.01934475,0.0021573350000000002,0.016995,0.36939500000000003,0.0106838875,0.0195775,0.22675,0.0186592025,0.0062415,0.9438949999999999,0.0,0.01583075,1.8692725,0.0055937259999999985
-2.938,-3.9406090000000003,6.3975,0.0005898250000000001,0.02026325,0.002210805,0.0175675,0.37881999999999993,0.011259650000000001,0.020945,0.224755,0.0203892075,0.00710925,1.0211424999999998,0.0,0.01649875,1.87475,0.005726659749999999
-2.927,-3.929609,6.3125,0.000606225,0.020347499999999998,0.0021819325000000003,0.01779,0.3734,0.01132366,0.0217,0.216835,0.021049357499999997,0.0075032499999999995,1.0457425,0.0,0.01654975,1.8217649999999999,0.00567032225
-2.916,-3.918609,6.325,0.000628325,0.020391999999999997,0.0021916275,0.018775,0.37475,0.011701125000000001,0.0232775,0.212125,0.021827179999999998,0.008054,1.0837225000000001,0.0,0.01674125,1.7983175,0.005707668000000002
-2.904,-3.906609,6.705,0.00069155,0.0213135,0.0023404325,0.0216425,0.39844999999999997,0.013082934999999999,0.027172500000000002,0.21776,0.024193952499999997,0.00963075,1.2189825,0.0,0.017549750000000003,1.8496724999999998,0.00603790575
-2.893,-3.895609,6.9775,0.000723975,0.0218315,0.002454715,0.0241475,0.4123,0.014149875,0.03073,0.22417000000000004,0.026150655,0.011042250000000002,1.3331925,0.0,0.01794575,1.8731225,0.006269138750000001
-2.882,-3.884609,7.0,0.000757475,0.022606,0.0024128825,0.0237325,0.41065000000000007,0.0143286725,0.0311775,0.22368000000000002,0.0267081625,0.01108475,1.3514249999999999,0.0,0.018647499999999997,1.8728899999999997,0.006364302500000001
-2.871,-3.873609,7.02,0.000851675,0.024154,0.00239734,0.023385,0.4152,0.014537567500000001,0.031897499999999995,0.21495750000000002,0.0264976525,0.0104385,1.3135249999999998,0.0,0.020502,1.9185675,0.0065375405
-2.86,-3.862609,6.4975,0.0007937000000000002,0.02283975,0.002229085,0.024014999999999998,0.3833,0.013153765000000001,0.03198,0.196845,0.024734297500000002,0.009513250000000001,1.1989124999999998,0.0,0.019388249999999996,1.7864924999999998,0.00610506325
-2.849,-3.8516090000000003,5.835,0.0007271499999999999,0.02000425,0.0020449049999999996,0.025437500000000002,0.338175,0.0112848325,0.032947500000000005,0.18058000000000002,0.022834814999999998,0.0088135,1.083955,0.0,0.01724925,1.5908049999999998,0.005503177
-2.838,-3.840609,5.985,0.0007692500000000001,0.021368500000000002,0.002082725,0.0265675,0.3474275,0.011580940000000001,0.0347325,0.18084499999999998,0.02354656,0.00878675,1.101675,0.0,0.018525749999999997,1.64289,0.005725901999999999
-2.827,-3.829609,6.0,0.00081505,0.02169175,0.00210788,0.0261225,0.34813,0.0117562925,0.0352675,0.17750249999999995,0.023488220000000004,0.008476000000000001,1.0866625,0.0,0.019395750000000003,1.6661,0.005825798
-2.815,-3.817609,5.2875,0.000751275,0.0187395,0.0019020925,0.025407500000000003,0.2963075,0.009878845,0.0341475,0.16351249999999998,0.021438252499999998,0.00775125,0.9776575000000001,0.0,0.016817750000000003,1.447435,0.0051460987500000005
-2.804,-3.806609,5.245,0.0007774500000000001,0.01886525,0.0019034075000000001,0.02553,0.2920725,0.009799725,0.0350825,0.1602325,0.021381119999999997,0.007505500000000001,0.9624975,0.0,0.017257000000000005,1.4438025,0.00517494025
-2.793,-3.7956090000000002,5.2725,0.0008006999999999999,0.019335250000000002,0.0019163525,0.0266125,0.29241249999999996,0.0098011675,0.036724999999999994,0.15949750000000001,0.021537445,0.00735925,0.9596975,0.0,0.01788825,1.4579,0.005274177499999999
-2.782,-3.784609,5.6725,0.0008896749999999999,0.02125175,0.0020632999999999997,0.02861,0.3139025,0.0105762225,0.039724999999999996,0.1683975,0.02349702,0.007785,1.033445,0.0,0.019833250000000004,1.5713650000000003,0.005729786749999999
-2.771,-3.773609,6.515,0.00107165,0.025064750000000004,0.0023722800000000005,0.0320275,0.35871749999999997,0.0126508875,0.04571,0.18860749999999998,0.027743527499999997,0.00942125,1.2292874999999999,0.0,0.022986999999999997,1.7776424999999998,0.006567507249999999
-2.76,-3.762609,6.2875,0.0009975000000000001,0.02456725,0.002245345,0.034675,0.334955,0.012884070000000001,0.048,0.190855,0.026851847499999998,0.010282000000000001,1.2569124999999999,0.0,0.021499000000000004,1.6533825,0.006261606250000001
-2.749,-3.751609,6.1925,0.0009302499999999999,0.02429725,0.0021550299999999996,0.03923,0.322245,0.0137162825,0.05286,0.19291,0.0267100675,0.011779,1.343445,0.0,0.020193499999999996,1.5361749999999998,0.0061325785
-2.737,-3.739609,5.1225,0.000737675,0.020443999999999997,0.0016974949999999998,0.0371475,0.2563175,0.011267817500000001,0.04752,0.17111749999999998,0.021858194999999997,0.0102555,1.1233275,0.0,0.0164735,1.2523525000000002,0.0050245325000000006
-2.726,-3.728609,4.7425,0.000681525,0.0194515,0.0015379524999999997,0.0381825,0.232765,0.0104774075,0.04737500000000001,0.162325,0.0201160525,0.009795000000000002,1.051915,0.0,0.015427749999999997,1.1445825,0.004672957750000001
-2.715,-3.717609,4.8225,0.0007355,0.019426,0.0015487725,0.041069999999999995,0.2388025,0.010603012499999998,0.050335,0.16166,0.02041217,0.01001475,1.0621775,0.0,0.01606225,1.16824,0.004772487999999999
-2.704,-3.7066090000000003,4.885,0.0007253250000000001,0.020071000000000002,0.0015395225,0.0454475,0.23447,0.0109751675,0.05405499999999999,0.17031249999999998,0.02074915,0.010831249999999999,1.109015,0.0,0.0160875,1.1516700000000002,0.004822361000000001
-2.693,-3.695609,4.9275,0.000703375,0.0210405,0.0014936575000000002,0.04972,0.22053499999999998,0.0113324625,0.0565625,0.1874225,0.0213821025,0.012058,1.1757325,0.0,0.015611000000000002,1.1114625,0.0047353657500000005
-2.682,-3.684609,4.1975,0.0006376250000000001,0.018666500000000003,0.0012508049999999998,0.046535,0.192415,0.0096981625,0.054135,0.15269,0.01770397,0.01020325,1.000115,0.0,0.014140249999999998,0.9389225000000001,0.004202496049999999
-2.671,-3.673609,4.03,0.000629,0.0185135,0.0011987775,0.0467375,0.1884625,0.0094636775,0.0547975,0.140285,0.0167188325,0.0097885,0.9611825,0.0,0.014127750000000001,0.8987499999999998,0.0041149347000000005
-2.66,-3.6626090000000002,3.9525,0.000667475,0.018425249999999997,0.001189875,0.048049999999999995,0.200125,0.009693275000000001,0.0577825,0.11808500000000001,0.0155972425,0.009305500000000001,0.92072,0.0,0.014846,0.8982882499999999,0.0042050098
-2.648,-3.650609,3.2525,0.0005997750000000001,0.015963,0.0009952825,0.0442875,0.16123,0.0080338025,0.0509325,0.096355,0.0128025775,0.008325500000000001,0.7935574999999999,0.0,0.012292499999999998,0.700295,0.0034102977000000003
-2.637,-3.639609,3.0575,0.000600975,0.015879775000000002,0.00092513,0.04399,0.1507975,0.0074519700000000005,0.050245,0.08882999999999999,0.01178852,0.007801000000000001,0.7553525,0.0,0.01212025,0.646194,0.003263102100000001
-2.626,-3.628609,3.32,0.0007287500000000001,0.017716,0.00101065,0.045090000000000005,0.15708500000000003,0.008009955,0.0528925,0.1001375,0.012884419999999999,0.008144,0.821215,0.0,0.01356025,0.7070632500000001,0.0035472981
-2.615,-3.6176090000000003,3.9825,0.000994125,0.02172875,0.0012397600000000001,0.04880999999999999,0.17336499999999996,0.009716095,0.059997499999999995,0.13029249999999998,0.01582597,0.009622,1.006295,0.0,0.016435500000000002,0.84325,0.00419591725
-2.604,-3.606609,4.585,0.0012787249999999997,0.02502825,0.0014713475,0.05325,0.1851525,0.011406242500000002,0.06590499999999999,0.15794000000000002,0.0186730175,0.011386500000000003,1.204,0.0,0.01864325,0.9424575,0.0047013135
-2.593,-3.595609,6.2575,0.00189305,0.03175525,0.00207417,0.06468750000000001,0.2243325,0.01583555,0.079835,0.241635,0.026781075,0.0159375,1.6792075000000002,0.0,0.023953,1.2806850000000003,0.006148164500000001
-2.582,-3.584609,6.4125,0.002041625,0.032191000000000004,0.002143035,0.060995,0.22368,0.016286007499999998,0.07771,0.249745,0.027761075,0.01584875,1.7122125,0.0,0.02475275,1.3350675,0.00628557975
-2.57,-3.572609,5.0425,0.001697975,0.025131,0.0017036299999999998,0.04396749999999999,0.16460999999999998,0.012889162499999999,0.05598249999999999,0.20588250000000002,0.021734075,0.012016750000000003,1.3206674999999999,0.0,0.0194535,1.0837875000000001,0.004872267500000001
-2.559,-3.5616090000000002,4.435,0.00157925,0.020941249999999998,0.0015104050000000003,0.033135,0.1326125,0.011490475,0.0435825,0.19308999999999998,0.019559475,0.010203750000000001,1.1474725000000001,0.0,0.0169345,0.9810274999999999,0.004212530750000001
-2.548,-3.550609,3.6225,0.001308475,0.01561475,0.001259925,0.01902,0.08097,0.0097770075,0.026245,0.1885775,0.01686667,0.0080825,0.9292325000000001,0.0,0.01303575,0.8306724999999999,0.00331026
-2.537,-3.539609,3.265,0.001228975,0.01300925,0.0011785774999999998,0.01075,0.05073274999999999,0.009245162500000001,0.01627,0.1939375,0.0157247575,0.007019750000000001,0.8278900000000001,0.0,0.011179000000000001,0.7763682500000002,0.00287402575
-2.526,-3.528609,3.585,0.001412275,0.014424500000000002,0.0013312475,0.01002925,0.05019,0.010252707500000001,0.015785,0.21677749999999998,0.01700902,0.0072327500000000005,0.8896249999999999,0.0,0.012629750000000002,0.8753749999999998,0.00315819275
-2.515,-3.517609,4.445,0.001807725,0.0184715,0.0017089275,0.011840000000000002,0.0602775,0.012653570000000001,0.01859,0.26797,0.020457675,0.008285250000000001,1.0736075,0.0,0.01640575,1.1123075000000002,0.00394692825
-2.504,-3.506609,5.15,0.002186425,0.02194625,0.0020037775,0.013347500000000002,0.0695075,0.01465035,0.020817500000000003,0.3074525,0.023291475000000002,0.00899925,1.2223499999999998,0.0,0.019646,1.310725,0.0045921635
-2.492,-3.494609,6.57,0.0028725,0.02930025,0.0026179750000000007,0.0179625,0.09353,0.0184095,0.0286025,0.3813000000000001,0.028724874999999997,0.010594749999999998,1.534325,0.0,0.026318749999999995,1.690645,0.005974960749999999
-2.481,-3.483609,8.1975,0.00388175,0.037179000000000004,0.003484325,0.0299725,0.1348725,0.022851549999999998,0.0491925,0.440325,0.034144350000000004,0.013292249999999999,1.95975,0.0,0.03410625,2.0522400000000003,0.0077427534999999995
-2.47,-3.4726090000000003,7.455,0.0036625,0.031713250000000005,0.0031865,0.02254,0.1015275,0.021280425,0.0328725,0.42155,0.03225625,0.01157425,1.755175,0.0,0.0301675,1.9162224999999997,0.00675319575
-2.459,-3.461609,6.895,0.00372225,0.029488500000000004,0.0030409,0.022189999999999998,0.09724749999999999,0.019864675,0.031490000000000004,0.37355,0.0297308,0.010783250000000001,1.675375,0.0,0.02782575,1.7315,0.0062253875
-2.448,-3.450609,7.5,0.004260750000000001,0.033761,0.0033541,0.041037500000000005,0.11220749999999999,0.02101455,0.05179249999999999,0.3865,0.03120225,0.013604249999999998,1.9230749999999999,0.0,0.03018425,1.7604425000000004,0.006916134999999999
-2.437,-3.439609,7.45,0.004453250000000001,0.034090999999999996,0.0033984,0.044507500000000005,0.1142425,0.020755925,0.055085,0.370575,0.030781275,0.0137625,1.9570500000000002,0.0,0.0298335,1.7056650000000002,0.0068638735
-2.426,-3.4286090000000002,7.365,0.0047595,0.034610249999999995,0.0034264500000000006,0.0451,0.11683,0.020450125,0.0564425,0.34749500000000005,0.02996045,0.013441499999999999,1.9781250000000001,0.0,0.02933825,1.6493475000000002,0.00669941375
-2.415,-3.417609,7.4125,0.00520975,0.035396,0.0035301000000000004,0.0461,0.11555499999999999,0.020452075,0.0563125,0.3386975,0.02970795,0.013197750000000001,2.02285,0.0,0.029268249999999996,1.6358075000000003,0.0066259775000000005
-2.403,-3.405609,7.9225,0.006156,0.038672000000000005,0.0039136,0.05044,0.11913250000000002,0.021653275000000003,0.0592575,0.348345,0.030889299999999998,0.0136225,2.200475,0.0,0.031012,1.7179975,0.006912575000000001
-2.392,-3.394609,8.195,0.006803000000000001,0.04158124999999999,0.004153700000000001,0.052777500000000005,0.11935000000000001,0.022206200000000002,0.0613275,0.3461175,0.031215075,0.013414,2.3264250000000004,0.0,0.032071999999999996,1.7353875,0.007038750000000001
-2.381,-3.383609,8.995,0.00898125,0.044882,0.005022275,0.0544475,0.1202125,0.0240464,0.061477500000000004,0.35079000000000005,0.032975275,0.013499,2.6298500000000002,0.0,0.0334325,1.8518725,0.007240952500000001
-2.37,-3.372609,9.21,0.01060225,0.046199,0.0054517,0.0516375,0.11177499999999999,0.024284775,0.055795,0.3355675,0.032758975,0.01199625,2.7474999999999996,0.0,0.03319075,1.86522,0.007041945000000001
-2.359,-3.361609,9.975,0.01235125,0.052271,0.00590075,0.0507725,0.10740999999999999,0.0259326,0.051269999999999996,0.35387250000000003,0.03546705,0.010827,3.001225,0.0,0.035946750000000006,2.0193649999999996,0.0073668299999999996
-2.348,-3.350609,8.4175,0.0086005,0.05068800000000001,0.0044126999999999994,0.051105,0.09605749999999999,0.021915575,0.052042500000000005,0.32286750000000003,0.030150325000000002,0.008988999999999999,2.4671499999999997,0.0,0.033827,1.7469350000000001,0.0068519625
-2.337,-3.3396090000000003,8.715,0.00796475,0.060036250000000006,0.00426205,0.0675925,0.106545,0.02114605,0.06855,0.3378875,0.028596750000000004,0.009778750000000001,2.5403249999999997,0.0,0.03867425,1.7801874999999998,0.007584187500000001
-2.325,-3.3276090000000003,10.15,0.010376999999999999,0.07316775,0.00508695,0.0810775,0.11539499999999998,0.022449275000000005,0.0789,0.3769,0.030589825,0.011196500000000002,3.0157000000000003,0.0,0.04530875,2.0114375,0.008596597499999999
-2.314,-3.316609,12.085,0.015210500000000002,0.08247249999999999,0.006433174999999999,0.0783,0.1200475,0.026452700000000003,0.0699125,0.40912500000000007,0.036743775,0.01064725,3.7131499999999997,0.0,0.051597,2.3476324999999996,0.009235585
-2.303,-3.305609,10.345,0.013850749999999998,0.068997,0.00569505,0.061625,0.10300999999999999,0.02318595,0.049202499999999996,0.3270675,0.031078,0.00894025,3.248575,0.0,0.04262225,1.9815425000000002,0.007497624999999999
-2.292,-3.294609,9.49,0.013072249999999999,0.06245025,0.00540355,0.0595175,0.0937575,0.02158255,0.0416575,0.28933000000000003,0.027482275,0.00844325,3.0196249999999996,0.0,0.038567250000000004,1.7925224999999998,0.006712075
-2.281,-3.283609,10.295,0.014414249999999997,0.0682425,0.006050399999999999,0.07245499999999999,0.09897499999999998,0.02337405,0.0448625,0.306505,0.0287869,0.00917275,3.3001750000000003,0.0,0.04187975,1.9208825,0.00722777
-2.27,-3.272609,11.1725,0.01530225,0.07446349999999999,0.006685900000000001,0.08484,0.10629749999999999,0.025705699999999998,0.047150000000000004,0.33352250000000006,0.0299585,0.01019925,3.5914749999999995,0.0,0.04567225,2.0785875,0.007919029999999999
-2.259,-3.261609,15.255,0.020990500000000002,0.1077535,0.009289625000000001,0.12847499999999998,0.13807750000000002,0.03475525,0.065215,0.442325,0.03943,0.013083000000000001,4.952025,0.0,0.0621975,2.7888500000000005,0.01068289
-2.248,-3.2506090000000003,14.375,0.0198175,0.10374299999999999,0.008717825,0.12265,0.1339325,0.03300125,0.06422749999999999,0.408625,0.03611575,0.012511000000000001,4.7517,0.0,0.05994250000000001,2.5622999999999996,0.010070069999999999
-2.236,-3.2386090000000003,16.3575,0.023915,0.11384875000000001,0.009900325,0.13035,0.150225,0.0374865,0.0685075,0.439275,0.0395805,0.014380500000000003,5.544874999999999,0.0,0.06736249999999999,2.8251999999999993,0.010976445
-2.225,-3.227609,16.0175,0.0227025,0.121991,0.0097227,0.11837500000000001,0.14069,0.03535325,0.065525,0.4121675,0.0368565,0.013174249999999998,5.4029,0.0,0.06545250000000001,2.803575,0.010482155
-2.214,-3.216609,16.6925,0.0259125,0.120139,0.010174125,0.11875,0.13766,0.0359485,0.06896,0.40114749999999993,0.035961499999999993,0.01356025,5.78345,0.0,0.068,2.800175,0.010157877499999999
-2.203,-3.205609,19.0075,0.031514999999999994,0.13520325000000002,0.011776925,0.136675,0.1356225,0.03881275,0.0839,0.44218,0.039495,0.015717250000000002,6.602625,0.0,0.07642749999999998,3.1621250000000005,0.010947464999999998
-2.192,-3.1946090000000003,18.13,0.029378249999999998,0.14008225,0.011431825,0.13327500000000003,0.11399999999999999,0.035665999999999996,0.0916525,0.41679,0.037368250000000006,0.016150499999999998,6.1842250000000005,0.0,0.06936,3.0966999999999993,0.010222615
-2.181,-3.183609,19.1725,0.030919999999999996,0.15685074999999998,0.0117441,0.131525,0.124865,0.038123500000000005,0.085955,0.4159925,0.040471999999999994,0.017678,6.575950000000001,0.0,0.0710675,3.2944499999999994,0.010371795
-2.17,-3.172609,17.2525,0.0279075,0.14142375000000001,0.010256874999999999,0.107325,0.120395,0.035407999999999995,0.072315,0.35369249999999997,0.03688875,0.014941749999999998,5.956049999999999,0.0,0.0620675,2.9732750000000006,0.009015695
-2.158,-3.160609,16.575,0.0260675,0.134851,0.009792599999999999,0.09704750000000001,0.1232475,0.03615425,0.0718675,0.334225,0.040564249999999996,0.015841249999999998,5.665875,0.0,0.05597,2.9512,0.00867703
-2.147,-3.149609,15.3725,0.02333725,0.11953725,0.008915349999999999,0.093405,0.117975,0.03590399999999999,0.07822,0.32009000000000004,0.04591625,0.0169335,5.240900000000001,0.0,0.04948000000000001,2.7688,0.008130785
-2.136,-3.138609,14.9175,0.021282750000000003,0.11648700000000001,0.008776224999999999,0.08097750000000001,0.1179025,0.03857725,0.075485,0.30124249999999997,0.05026775,0.017025250000000002,5.070575000000001,0.0,0.04229474999999999,2.7617999999999996,0.0078989
-2.125,-3.127609,15.2925,0.0225305,0.10708849999999999,0.00859965,0.0680625,0.12625749999999997,0.041976,0.07886,0.3006625,0.057987750000000005,0.0176515,5.198449999999999,0.0,0.04172675,2.8869,0.007901994999999998
-2.114,-3.116609,16.2375,0.022896249999999996,0.10970775000000002,0.0090006,0.062825,0.135305,0.0479075,0.08925999999999999,0.31491749999999996,0.06815325,0.01891475,5.593850000000001,0.0,0.04064925,3.0622749999999996,0.00826811
-2.103,-3.1056090000000003,16.3875,0.024240750000000002,0.11081875000000001,0.009191125000000001,0.06473999999999999,0.13274999999999998,0.044278,0.109225,0.3153725,0.0650955,0.018982,5.499875,0.0,0.045678250000000004,3.1719749999999998,0.008480537500000001
-2.092,-3.094609,16.2925,0.02250975,0.116808,0.009501525,0.0602275,0.1328725,0.045477250000000004,0.10345,0.295105,0.06792424999999999,0.018337250000000003,5.478524999999999,0.0,0.03925675,3.1994000000000007,0.008602875
-2.081,-3.083609,13.22,0.0193585,0.09409425,0.008017425,0.04484,0.0978275,0.035549000000000004,0.0828975,0.22128000000000003,0.053326,0.01413575,4.444725,0.0,0.02968125,2.610475,0.0067015275
-2.069,-3.071609,11.715,0.017410250000000002,0.08589649999999999,0.00714885,0.038947499999999996,0.0825525,0.03004525,0.08106999999999999,0.18874000000000002,0.04684075,0.0122755,3.9262,0.0,0.025813499999999996,2.3188749999999994,0.0058410125
-2.058,-3.060609,9.0475,0.01479325,0.06995024999999999,0.0058963,0.0297425,0.0511875,0.021516749999999998,0.05775,0.12364499999999999,0.033654,0.00885125,3.0669750000000002,0.0,0.016602750000000003,1.7713625,0.00414227
-2.047,-3.0496090000000002,7.1075,0.012502,0.05118575,0.0049799250000000005,0.0256775,0.03767425,0.01569275,0.0481125,0.090365,0.0240655,0.0073205,2.3861000000000003,0.0,0.012651500000000001,1.40348,0.00326409
-2.036,-3.038609,6.65,0.012061,0.04539125,0.004930175,0.028225,0.03389525,0.013944999999999999,0.0476,0.08283499999999999,0.020950749999999997,0.00741775,2.2256975000000003,0.0,0.011956250000000002,1.3098025,0.0030779174999999996
-2.025,-3.027609,5.115,0.00955425,0.034301250000000005,0.0038436525,0.0212225,0.026710499999999998,0.01030975,0.037137500000000004,0.061535,0.015137,0.005893499999999999,1.64335,0.0,0.0088575,1.06593,0.0024190949999999996
-2.014,-3.016609,4.83,0.00905625,0.03135525,0.003762665,0.019535,0.0249925,0.009342999999999999,0.038114999999999996,0.05717,0.0139565,0.00572475,1.5503124999999998,0.0,0.008447,1.00592,0.0022657675000000003
-2.003,-3.005609,3.5725,0.00644325,0.02330425,0.0028224074999999996,0.014732499999999999,0.02060425,0.0065263000000000005,0.0321525,0.0423575,0.010836249999999999,0.00436275,1.1370175,0.0,0.006727375000000002,0.747685,0.0017044844999999996
-1.991,-2.993609,2.7625,0.00442525,0.020802249999999998,0.0021965,0.009009,0.017513,0.0051581,0.0221925,0.028357,0.008605499999999999,0.0030288750000000003,0.8628425,0.0,0.004614150000000001,0.6021400000000001,0.00132618025
-1.98,-2.982609,2.24275,0.0032424999999999997,0.018315500000000002,0.0018218824999999999,0.0055875,0.0144075,0.004369125,0.015255000000000001,0.0198285,0.007146425,0.0022073250000000004,0.6968175,0.0,0.0032834499999999994,0.502005,0.001045858
-1.969,-2.971609,3.1775,0.00435725,0.033063999999999996,0.0024799275,0.006568,0.01858775,0.006335075000000001,0.016395,0.021319750000000002,0.009233000000000002,0.00258115,0.91164,0.0,0.003641899999999999,0.7890175,0.001392661
-1.958,-2.960609,4.8275,0.006753499999999999,0.049724500000000005,0.0038425000000000004,0.0093565,0.02637175,0.0095935,0.02016,0.030095999999999998,0.012851000000000001,0.00426325,1.35968,0.0,0.00487005,1.2303875000000002,0.0020694125000000002
-1.947,-2.949609,6.9875,0.008560749999999999,0.07604625,0.005801575,0.010145000000000001,0.03795,0.014808000000000002,0.022019999999999998,0.0396925,0.01825,0.005283250000000001,1.9961025000000001,0.0,0.006159749999999999,1.7830199999999998,0.0029745324999999995
-1.936,-2.938609,8.8425,0.00974,0.10061250000000001,0.007363799999999999,0.01184,0.04810974999999999,0.01955525,0.025127499999999997,0.046782500000000005,0.023522,0.006122000000000001,2.526025,0.0,0.0071845,2.27757,0.0036382974999999997
-1.925,-2.9276090000000003,11.345,0.011796250000000001,0.130525,0.0094629,0.015212499999999999,0.06110475,0.025594,0.030709999999999998,0.057789999999999994,0.0305255,0.0076855,3.2073424999999998,0.0,0.00886425,2.969075,0.0045505725
-1.913,-2.915609,14.865,0.014107500000000002,0.17735250000000002,0.012463074999999999,0.01833,0.07888999999999999,0.034445250000000004,0.0367625,0.07437500000000001,0.041134500000000004,0.0091315,4.1358749999999995,0.0,0.011297749999999999,3.979275,0.0059103375000000005
-1.902,-2.9046089999999998,17.875,0.015123750000000002,0.2250575,0.015174825,0.0204425,0.0948225,0.041605249999999996,0.0412,0.08930750000000001,0.04954425,0.01014775,4.7524750000000004,0.0,0.013313499999999999,4.999374999999999,0.007119485000000001
-1.891,-2.893609,18.3,0.01353225,0.2328075,0.016099025,0.017294999999999998,0.0980225,0.04331375,0.0374275,0.090155,0.05142,0.00924125,4.842275000000001,0.0,0.013187000000000003,5.1765,0.007362767499999998
-1.88,-2.882609,16.0175,0.010725499999999999,0.20273750000000001,0.014433824999999999,0.012450000000000001,0.0832275,0.038419,0.0289675,0.0756125,0.04578475,0.0075315,4.327274999999999,0.0,0.0107485,4.492125,0.0063554775000000015
-1.869,-2.8716090000000003,14.945,0.009134999999999999,0.187365,0.014009275,0.01025,0.0759305,0.035966,0.0232175,0.06742000000000001,0.0427675,0.0068520000000000005,4.108,0.0,0.009627000000000002,4.1579749999999995,0.0058660349999999995
-1.858,-2.860609,12.775,0.00752775,0.1400675,0.013134475,0.008768000000000001,0.06796175,0.030719999999999997,0.0196775,0.060015,0.03656025,0.0058125,3.7301499999999996,0.0,0.00852175,3.3920250000000003,0.0052783125
-1.847,-2.849609,11.7,0.00507225,0.1303175,0.013051375,0.00689775,0.05882275000000001,0.029699999999999997,0.013525,0.050252000000000005,0.034131,0.0026848999999999996,3.54148,0.0,0.007698499999999999,3.0350549999999994,0.0048298475
-1.836,-2.838609,10.7125,0.00461775,0.1083925,0.012069124999999998,0.008524,0.0548835,0.026823,0.01479,0.049874249999999995,0.0302505,0.0026785,3.2886624999999996,0.0,0.007025,2.7508849999999994,0.0045441955
-1.824,-2.8266090000000004,9.6175,0.0045734999999999994,0.08851,0.011135975000000001,0.00938275,0.04891450000000001,0.0228985,0.0142325,0.047029499999999995,0.027724000000000002,0.0025713249999999997,2.9477800000000003,0.0,0.00676425,2.4774399999999996,0.0042314025
-1.813,-2.8156090000000003,9.135,0.00453925,0.08539250000000001,0.01051945,0.009272250000000001,0.04591325,0.0212025,0.013930000000000001,0.04576375,0.026368750000000003,0.00244915,2.6854925,0.0,0.0064547499999999996,2.4540849999999996,0.00404019225
-1.802,-2.804609,10.01,0.005456249999999999,0.09411,0.011263599999999999,0.01117,0.04755000000000001,0.02264525,0.014672500000000002,0.05211825,0.03002875,0.002814,2.7844925,0.0,0.006697749999999999,2.8279224999999997,0.004489494750000001
-1.791,-2.793609,13.05,0.006761999999999999,0.13108,0.014013850000000001,0.0152125,0.061297500000000005,0.03014375,0.018052500000000003,0.0685475,0.0394845,0.00373875,3.40515,0.0,0.008399750000000001,3.8918,0.0059364575
-1.78,-2.782609,14.3575,0.007119250000000001,0.14781,0.015235425,0.018145,0.06565750000000001,0.0340935,0.0210225,0.07501,0.042998499999999995,0.004092,3.5845875000000005,0.0,0.008770000000000002,4.438775,0.0064475475
-1.769,-2.7716089999999998,14.0275,0.00656475,0.14875,0.014921425,0.015529999999999999,0.061825000000000005,0.032992499999999994,0.0193275,0.0673175,0.040948,0.0037535000000000003,3.5170025000000003,0.0,0.008249000000000001,4.338675,0.006158457500000001
-1.758,-2.760609,16.445,0.00744,0.17862,0.017044825000000003,0.0174775,0.07254749999999999,0.04009375,0.023012499999999998,0.0733225,0.047275,0.0040095,4.0431975,0.0,0.00918575,5.182275,0.007212635
-1.746,-2.748609,17.1075,0.0080095,0.17578500000000002,0.018160275,0.0176,0.0789225,0.04234125,0.0247525,0.071265,0.049691,0.0033785,4.30685,0.0,0.00866925,5.335025,0.007482062499999999
-1.735,-2.737609,18.2875,0.0082435,0.1878525,0.019512575,0.01788,0.08121249999999999,0.0447085,0.026597499999999996,0.0721075,0.051924,0.0034379999999999997,4.541175,0.0,0.008969000000000001,5.771225,0.007884760000000001
-1.724,-2.726609,18.9925,0.00768425,0.194865,0.020770149999999998,0.018392500000000003,0.08090249999999999,0.046427249999999996,0.026467499999999998,0.07050999999999999,0.051478499999999996,0.0031435,4.666949999999999,0.0,0.009201999999999998,6.0634000000000015,0.008019845000000001
-1.713,-2.715609,19.5325,0.00738825,0.19453250000000002,0.021940750000000002,0.020385,0.08364750000000001,0.04676999999999999,0.027590000000000003,0.07257250000000001,0.05243425,0.0035985,4.852425,0.0,0.009449500000000001,6.206525000000001,0.008231505
-1.702,-2.704609,18.0025,0.006005,0.17096500000000003,0.020578625,0.018744999999999998,0.07691,0.04331675,0.023975,0.066165,0.047145,0.00336125,4.522612499999999,0.0,0.0090665,5.704435,0.007402644999999999
-1.691,-2.6936090000000004,18.9675,0.005902749999999999,0.17143,0.022535,0.02012,0.076185,0.043424500000000005,0.024580000000000005,0.0707375,0.047878500000000004,0.0038302499999999995,4.867227499999999,0.0,0.009653000000000002,5.933675,0.007636075000000001
-1.68,-2.6826090000000002,19.82,0.006133,0.16585999999999998,0.0237705,0.020962500000000002,0.07753499999999999,0.04401625,0.025072499999999998,0.077785,0.05070424999999999,0.0043022500000000005,5.273829999999999,0.0,0.00999875,6.064100000000001,0.0078984175
-1.669,-2.671609,19.3125,0.006392,0.14776250000000002,0.023003,0.02161,0.07516500000000001,0.042154250000000004,0.0264625,0.086335,0.05335,0.004770750000000001,5.16799,0.0,0.01023075,5.904775,0.0078244475
-1.657,-2.659609,19.02,0.00635725,0.1344175,0.022183,0.0224,0.07213,0.04107175,0.02639,0.09453249999999999,0.0562955,0.005137000000000001,5.226104999999999,0.0,0.010060499999999997,5.727649999999999,0.0077321575
-1.646,-2.648609,19.885,0.00663375,0.132985,0.023148249999999995,0.024677499999999998,0.06787750000000001,0.0411155,0.026617500000000002,0.10779749999999999,0.06138300000000001,0.0054624999999999995,5.606024999999999,0.0,0.00977125,5.887575000000001,0.007954827499999999
-1.635,-2.6376090000000003,22.3175,0.007617499999999999,0.1438375,0.02525325,0.02888,0.0764925,0.0444305,0.032517500000000005,0.12920500000000001,0.07033175,0.00652825,6.416200000000001,0.0,0.01110025,6.521800000000001,0.008770807500000002
-1.624,-2.626609,24.8125,0.00824075,0.15038749999999998,0.027168750000000002,0.03352,0.0855175,0.0490455,0.035705,0.15267,0.08090425,0.0080955,7.407749999999998,0.0,0.012150749999999998,7.054549999999999,0.0095871875
-1.613,-2.615609,25.575,0.008659749999999999,0.1471925,0.028036000000000002,0.0329275,0.0854125,0.048464,0.0353225,0.1523375,0.08179425,0.007144499999999999,7.816700000000001,0.0,0.012553,7.16085,0.009694837500000001
-1.602,-2.604609,24.025,0.0082625,0.13312000000000002,0.0266015,0.02729,0.0733875,0.04134525,0.03424,0.1315225,0.07655150000000001,0.005497,7.592725000000001,0.0,0.01113475,6.554374999999999,0.0086811525
-1.591,-2.593609,26.125,0.00849925,0.15278750000000002,0.03034,0.0418525,0.07643250000000001,0.03822125,0.0569525,0.13529750000000001,0.0825525,0.0065365,7.904474999999999,0.0,0.0139055,7.37215,0.009488025
-1.579,-2.5816090000000003,28.8,0.008766999999999999,0.1620275,0.03458825,0.06281,0.08541750000000001,0.0381735,0.08461250000000001,0.1491825,0.08875749999999999,0.008135,8.524275000000001,0.0,0.017279,8.247525,0.010689057500000002
-1.568,-2.570609,22.9625,0.00658775,0.12207000000000001,0.02692,0.065345,0.0731625,0.0325695,0.0810525,0.1300375,0.07356625,0.00826975,6.3858250000000005,0.0,0.0168165,6.917624999999999,0.009018637500000001
-1.557,-2.559609,19.6975,0.004931250000000001,0.10597499999999999,0.024882750000000002,0.06345500000000001,0.064315,0.026580500000000003,0.075425,0.112855,0.059175,0.008645499999999999,5.1371,0.0,0.016246749999999997,6.193799999999999,0.007896695
-1.546,-2.548609,20.1025,0.005649499999999999,0.1117355,0.0260505,0.0605,0.061915,0.026259750000000002,0.07047500000000001,0.11241749999999999,0.0591205,0.00920475,4.8376,0.0,0.017272749999999996,6.683824999999999,0.007830885749999999
-1.535,-2.537609,21.4625,0.0066029999999999995,0.11974325,0.028341250000000002,0.0608,0.0649425,0.027175750000000002,0.06983,0.122835,0.060863,0.0105095,4.946875,0.0,0.019766250000000006,7.339099999999999,0.00826539675
-1.524,-2.526609,20.5975,0.007565250000000001,0.11690000000000002,0.025963250000000004,0.051225,0.064665,0.0325965,0.05917,0.12135,0.06376124999999999,0.012174999999999998,4.320825,0.0,0.019065749999999996,7.474225,0.0080829145
-1.513,-2.515609,13.675,0.00521525,0.089612,0.0180565,0.037555,0.0460025,0.017275025,0.04594,0.07958499999999999,0.03664275,0.009229000000000001,2.587725,0.0,0.014027499999999998,5.1584,0.005587422249999999
-1.502,-2.5046090000000003,10.4225,0.00399725,0.0736845,0.013846775,0.027815,0.03528225,0.011320924999999999,0.0347,0.06011,0.025812500000000002,0.0074329999999999995,1.87793,0.0,0.011014,4.0081074999999995,0.004325124499999999
-1.49,-2.492609,7.835,0.00340325,0.05356050000000001,0.009911775000000001,0.01977,0.025784,0.0085144,0.025005,0.0433925,0.018521,0.00649475,1.504185,0.0,0.0073100000000000005,2.948655,0.0031076972500000003
-1.479,-2.481609,5.4975,0.0024542500000000003,0.0390615,0.007096524999999999,0.011375,0.0157505,0.0053894500000000005,0.014732499999999999,0.02781475,0.013122000000000002,0.0038675,1.0014075000000002,0.0,0.005175875,2.1267950000000004,0.002190045
-1.468,-2.470609,3.575,0.001719075,0.024788249999999998,0.0046262,0.00784675,0.010312499999999999,0.00347115,0.009562250000000001,0.01769225,0.00821575,0.0027392500000000004,0.6513325,0.0,0.003182025,1.3868375,0.0013998105000000004
-1.457,-2.4596090000000004,2.23775,0.0010900749999999998,0.015150000000000002,0.0028733250000000004,0.00525525,0.00673525,0.0021681,0.0060615,0.01148575,0.00501755,0.00196665,0.41374000000000005,0.0,0.0018724249999999998,0.8653474999999999,0.0008446107499999999
-1.446,-2.4486090000000003,0.98625,0.00049265,0.006882249999999999,0.0012548074999999999,0.002227,0.0032273,0.001070705,0.00287525,0.0045561,0.0025032500000000003,0.001229475,0.1766625,0.0,0.0006148000000000001,0.38857625,0.000346897
-1.435,-2.437609,0.5465,0.00031622500000000006,0.003891075,0.000632525,0.001075,0.001732175,0.00058517,0.0014759999999999999,0.00238235,0.0013363825,0.000751975,0.1033145,0.0,0.00030056500000000003,0.21194925,0.00018277845000000002
-1.424,-2.426609,0.16485,0.000100595,0.0011977925,0.00018434550000000002,0.000303425,0.000518615,0.00017083999999999996,0.00041620000000000003,0.0007032,0.000387375,0.000238875,0.03127825,0.0,8.488549999999999e-05,0.06391400000000001,5.3402840000000006e-05
-1.412,-2.414609,0.0,0.0,0.0,0.0,0.0,0.0,0.0,0.0,0.0,0.0,0.0,0.0,0.0,0.0,0.0,0.0
-1.401,-2.4036090000000003,2.7925,0.001283425,0.012398375000000001,0.0031317,0.03743,0.01604225,0.00361725,0.00244875,0.042134000000000005,0.002714425,0.0021151,0.30258700000000005,0.0,0.0032949499999999996,1.2379399999999998,0.0024410835
-1.39,-2.392609,3.6425,0.0016492750000000002,0.02030675,0.004193725000000001,0.03359,0.01714325,0.00446595,0.003773,0.039733750000000005,0.004686625,0.002600225,0.36063999999999996,0.0,0.0031805500000000007,1.6700575,0.00261770575
-1.379,-2.381609,8.6025,0.00394675,0.06100824999999999,0.010332299999999997,0.037559999999999996,0.02811475,0.009799475,0.011497499999999999,0.05073525,0.01367125,0.007217500000000001,0.8618400000000002,0.0,0.004289925000000001,4.0053075,0.0042884117499999985
-1.368,-2.370609,13.02,0.005658750000000001,0.095589,0.015739375,0.0430325,0.054697499999999996,0.0139415,0.03773,0.060617000000000004,0.0211705,0.00941275,1.15469,0.0,0.006282449999999999,6.200800000000001,0.00668195175
-1.357,-2.359609,16.8425,0.006729249999999999,0.13774024999999998,0.019701899999999998,0.034585,0.06334999999999999,0.017597500000000002,0.044840000000000005,0.0615275,0.02750925,0.011075249999999998,1.3588025000000001,0.0,0.00810325,8.182125,0.00772323175
-1.346,-2.348609,16.4,0.006192,0.1343375,0.020309675,0.0260925,0.0465325,0.0166285,0.0329425,0.051142499999999994,0.0263615,0.00949125,1.24777,0.0,0.007508725000000001,8.085325,0.00648260525
-1.335,-2.337609,15.42,0.00530275,0.109155,0.021320500000000003,0.025832499999999998,0.035422499999999996,0.01512475,0.026765,0.0434475,0.025459500000000003,0.0074925,1.15565,0.0,0.00590705,7.666175,0.0056092387499999995
-1.323,-2.325609,18.345,0.0060272500000000005,0.1196525,0.025882875,0.029635,0.0375925,0.0178725,0.028919999999999998,0.049855,0.02834175,0.00793725,1.385775,0.0,0.0059507499999999994,9.145850000000001,0.00613794075
-1.312,-2.314609,19.685,0.0074,0.13549,0.024298100000000003,0.04155,0.042095,0.01839175,0.0370075,0.06321500000000001,0.029814999999999998,0.00884175,1.4712749999999999,0.0,0.0062165,9.822350000000002,0.006592722
-1.301,-2.303609,23.27,0.007957,0.1540925,0.028715575000000004,0.0472175,0.05172,0.02184925,0.055387500000000006,0.0751825,0.03473875,0.008916,1.737425,0.0,0.00867175,11.633500000000002,0.007473644999999999
-1.29,-2.292609,26.15,0.0091615,0.15698499999999999,0.033393825,0.060277500000000005,0.05933249999999999,0.024612000000000002,0.07481,0.0831625,0.03902825,0.008400250000000001,1.9937999999999998,0.0,0.012303000000000001,13.059325,0.008388992500000001
-1.279,-2.281609,34.65,0.010114500000000002,0.18993000000000002,0.04655225,0.07086,0.07482,0.031691,0.0914025,0.10389000000000001,0.045824000000000004,0.010008,2.6963500000000002,0.0,0.01737725,17.333000000000002,0.0101495475
-1.268,-2.2706090000000003,38.475,0.01001375,0.19842500000000002,0.053193500000000005,0.08298249999999999,0.08022,0.03339475,0.0950975,0.1137775,0.0475975,0.00997275,2.9695500000000004,0.0,0.01988375,19.312625000000008,0.0110236275
-1.257,-2.259609,33.85,0.009123000000000001,0.1621775,0.045234,0.0671625,0.07556750000000001,0.025293749999999997,0.084605,0.098695,0.03914175,0.009777250000000001,2.8132499999999996,0.0,0.0167,16.855325,0.0090733275
-1.245,-2.247609,34.05,0.009295,0.15018749999999997,0.0459345,0.06096,0.0629825,0.024476750000000005,0.0726925,0.087345,0.0406215,0.00784875,2.8676250000000003,0.0,0.015209499999999999,17.029500000000002,0.008390169999999999
-1.234,-2.236609,40.975,0.009794750000000001,0.1797575,0.05457900000000001,0.053477500000000004,0.06502749999999999,0.02976525,0.071875,0.096995,0.0480015,0.009047,3.488775,0.0,0.0171125,20.595874999999996,0.00899432
-1.223,-2.2256090000000004,32.3,0.00698025,0.15074500000000002,0.041036,0.036725,0.047005000000000005,0.023581250000000005,0.0470425,0.0692475,0.0368425,0.007201500000000001,2.8097499999999997,0.0,0.013381750000000003,16.248900000000003,0.0066176774999999995
-1.212,-2.2146090000000003,36.275,0.0076505,0.16396000000000002,0.0438465,0.0414675,0.0518025,0.025014,0.0482,0.07895250000000001,0.0408395,0.007741,3.3290999999999995,0.0,0.014296749999999999,18.149475000000002,0.007086345
-1.201,-2.203609,33.7,0.0070184999999999996,0.1597575,0.03909725,0.04364,0.0472925,0.02352875,0.043304999999999996,0.06933,0.037512000000000004,0.00659225,3.162,0.0,0.01288625,16.85025,0.0065591949999999994
-1.19,-2.192609,31.025,0.007149999999999999,0.153445,0.0349355,0.0401075,0.0402925,0.01896175,0.03627,0.058815000000000006,0.035255,0.00626175,2.8553249999999997,0.0,0.01181625,15.5728,0.006182817499999999
-1.179,-2.181609,30.925,0.007274500000000001,0.155395,0.033243,0.04454,0.04230249999999999,0.017978,0.036117500000000004,0.06291,0.03516975,0.00674475,2.90355,0.0,0.0122025,15.481275,0.006458895
-1.167,-2.1696090000000003,24.005,0.005852000000000001,0.1272725,0.027400650000000002,0.039975,0.03795,0.013337499999999999,0.030725,0.04926,0.026116500000000004,0.0050995,2.2106250000000003,0.0,0.010650249999999998,12.049324999999998,0.005624475
-1.156,-2.158609,25.825,0.005823749999999999,0.1329975,0.030033125000000008,0.0519775,0.04371,0.01431175,0.0343075,0.0584625,0.02676825,0.0055465,2.460925,0.0,0.011799,12.908925,0.006274862500000001
-1.145,-2.147609,28.55,0.006387,0.14314,0.032372000000000005,0.0628525,0.048265,0.015897,0.03801,0.06999749999999999,0.030184499999999996,0.0066472499999999995,2.697975,0.0,0.01353775,14.303175,0.007047015000000001
-1.134,-2.136609,27.975,0.006032,0.13604,0.03082875,0.055485,0.04342,0.01466425,0.033455,0.0618875,0.03085525,0.00603225,2.6115999999999997,0.0,0.012596000000000001,14.086625,0.0064803725000000005
-1.123,-2.125609,30.275,0.00622225,0.149215,0.031552000000000004,0.05199,0.043225,0.014458925000000001,0.0338975,0.059414999999999996,0.034421,0.0064285,2.966925,0.0,0.011954,15.167224999999998,0.00624682
-1.112,-2.114609,32.0,0.005631499999999999,0.1455475,0.032233674999999996,0.049874999999999996,0.0442425,0.015843175,0.03336,0.0576925,0.03999175,0.006186,3.0419,0.0,0.0119725,16.170825000000004,0.006230584999999999
-1.101,-2.103609,39.65,0.007034749999999999,0.17528499999999997,0.03902825,0.05089,0.04868,0.0177015,0.036004999999999995,0.0615675,0.0488535,0.00755325,4.13335,0.0,0.01250025,19.791925000000003,0.0071900675
-1.09,-2.0926090000000004,32.375,0.0056925,0.1314575,0.03177775,0.0425425,0.044754999999999996,0.014007925000000001,0.027802499999999997,0.05301499999999999,0.03807825,0.0062685,3.3969500000000004,0.0,0.01000125,16.180825000000002,0.0058852900000000005
-1.078,-2.080609,30.575,0.005327749999999999,0.11717499999999999,0.029534450000000004,0.040125,0.043687500000000004,0.013149899999999999,0.0228025,0.05082249999999999,0.0353,0.0053662499999999995,3.1517999999999997,0.0,0.008940749999999999,15.368675000000001,0.00553192475
-1.067,-2.069609,33.3,0.0060487499999999994,0.128365,0.031816500000000004,0.044895,0.049047499999999994,0.013086925,0.020312499999999997,0.0577015,0.035317,0.00514625,3.43045,0.0,0.0089495,16.796100000000003,0.0058325675
-1.056,-2.058609,31.75,0.005226000000000001,0.11512,0.032437125000000004,0.04867250000000001,0.0480075,0.01341945,0.0182375,0.0551675,0.030086,0.00486475,2.810375,0.0,0.00792475,16.4514,0.005638635
-1.045,-2.047609,24.325,0.004701,0.095545,0.022733224999999996,0.0313825,0.044032499999999995,0.009739325,0.014422500000000001,0.045708,0.020326975,0.0034427500000000005,2.0568,0.0,0.00610225,12.742524999999999,0.004283214999999999
-1.034,-2.0366090000000003,32.825,0.006617,0.1171275,0.029202,0.043272500000000005,0.058787500000000006,0.012715225,0.021052500000000002,0.0545685,0.02680025,0.004331000000000001,3.0839,0.0,0.008533,16.964275,0.005878277500000001
-1.023,-2.025609,34.625,0.00627675,0.11187249999999999,0.032241525,0.0335725,0.05311500000000001,0.011925975000000002,0.021560000000000003,0.045975,0.02582825,0.00346525,3.4267749999999997,0.0,0.008921249999999999,17.801425,0.005727272499999999
-1.012,-2.014609,29.325,0.00442925,0.09567425,0.027475025000000004,0.022375,0.0393875,0.009563075,0.018135,0.029879,0.021863225,0.0026062499999999996,3.0703,0.0,0.0067185,14.9817,0.004621285
-1.0,-2.002609,23.775,0.00281625,0.07616424999999999,0.0237069,0.0182675,0.0307095,0.0078288,0.020382499999999998,0.02220325,0.019357475,0.002015775,2.4332625,0.0,0.00617075,12.221325000000002,0.0042156285
-0.989,-1.991609,19.3125,0.0021741499999999997,0.06010825,0.020793875000000003,0.012969999999999999,0.0257135,0.005660475,0.023702499999999998,0.018672249999999998,0.0139214,0.001193325,1.6609675,0.0,0.00672,10.20981,0.004055574750000001
-0.978,-1.980609,10.5525,0.0011331499999999999,0.033356000000000004,0.01165585,0.0071515,0.014486249999999999,0.0028970049999999994,0.01276,0.011754750000000001,0.00642635,0.000577475,0.5280874999999999,0.0,0.005312000000000001,5.91487,0.002651237
-0.967,-1.9696090000000002,11.9625,0.00134005,0.0385885,0.013368075,0.00754475,0.01618125,0.00320129,0.013500000000000002,0.01438475,0.006563475,0.000512925,0.3778950000000001,0.0,0.00707225,6.90301,0.0032613242499999998
-0.956,-1.958609,7.9575,0.000847025,0.023422000000000002,0.009082675,0.0050485,0.010429999999999998,0.00186384,0.010605,0.009812250000000002,0.0042401,0.00037235,0.20457125,0.0,0.00501915,4.6318,0.0023396265
-0.945,-1.947609,3.9025,0.000393925,0.010888600000000002,0.004597344999999999,0.01034,0.0058312500000000005,0.0008845725,0.010495,0.005865499999999999,0.00206518,0.000700425,0.163802,0.0,0.002721225,2.2058500000000003,0.0011402089999999999
-0.934,-1.9366090000000002,4.9225,0.00046349999999999994,0.0150145,0.0053291275,0.024399999999999998,0.011488499999999999,0.0014782075,0.0214125,0.0121535,0.0026615225,0.0013628,0.27865,0.0,0.0037406999999999996,2.7042200000000003,0.0017059145
-0.923,-1.9256090000000001,8.28,0.00071545,0.024703749999999997,0.0090254,0.04512,0.021645,0.002702925,0.03835,0.023703,0.004465375,0.00215325,0.418835,0.0,0.006616,4.5916925,0.00313489525
-0.911,-1.9136090000000001,11.23,0.000963475,0.03136275,0.0121366,0.08652750000000001,0.0357425,0.004364075,0.07246750000000002,0.040145,0.0060158749999999995,0.0030941000000000002,0.6604275000000001,0.0,0.01059775,6.0962049999999985,0.0050879474999999995
-0.9,-1.902609,12.6375,0.001148825,0.035428249999999994,0.0136572,0.104125,0.0406325,0.005100525,0.09147250000000001,0.046235,0.006736975000000001,0.0029330750000000003,0.7508750000000001,0.0,0.01237025,6.8449625,0.0059929375
-0.889,-1.891609,12.175,0.0010679749999999999,0.03203525,0.012750049999999997,0.133725,0.047017500000000004,0.00566885,0.11612499999999999,0.0522025,0.0070495,0.003244225,0.9003049999999999,0.0,0.013447750000000003,6.378882499999999,0.006655345
-0.878,-1.8806090000000002,11.3925,0.000989625,0.0272335,0.01158885,0.15915,0.052155,0.0063325,0.1379,0.057479999999999996,0.007337375000000001,0.003337825,0.9961800000000001,0.0,0.013967749999999998,5.77188,0.007249892499999998
-0.867,-1.869609,10.665,0.0009926000000000002,0.02356625,0.010835725000000001,0.171075,0.0555125,0.006499850000000001,0.1477,0.0605225,0.007785925,0.003049075,0.958495,0.0,0.014349500000000003,5.339005,0.007654662500000001
-0.856,-1.858609,9.6175,0.0009611750000000001,0.02079725,0.009827475,0.160325,0.05348,0.0056905,0.13685,0.0577075,0.0077222,0.002627525,0.8000149999999999,0.0,0.013632500000000002,4.865254999999999,0.007266251499999999
-0.845,-1.847609,7.8875,0.0007848,0.0164045,0.0078118,0.14357499999999998,0.0484525,0.0046364,0.11935,0.0517625,0.00750575,0.00233385,0.6431825,0.0,0.01201,3.9864574999999998,0.00643346625
-0.833,-1.835609,5.975,0.000547775,0.011456899999999999,0.005673175,0.1217,0.042702500000000004,0.003454075,0.09627000000000001,0.0429075,0.00657435,0.0021060999999999996,0.48425250000000003,0.0,0.0099135,3.0050925000000004,0.0052808835
-0.822,-1.8246090000000001,6.5975,0.000547775,0.0128892,0.0057296,0.135825,0.0464875,0.003276925,0.10292499999999999,0.0472925,0.005907025000000001,0.002821225,0.538235,0.0,0.010465500000000003,3.323424999999999,0.0057056272499999994
-0.811,-1.813609,6.665,0.0005361249999999999,0.01330125,0.0052673749999999995,0.14032499999999998,0.04686,0.00260515,0.1008575,0.048857500000000005,0.00408795,0.00386475,0.5149775,0.0,0.009677250000000002,3.387465,0.00568292425
-0.8,-1.8026090000000001,6.695,0.0005357,0.01224675,0.005155449999999999,0.1512,0.050372499999999994,0.0026370249999999994,0.1082,0.05272249999999999,0.0038473500000000002,0.0040545,0.516085,0.0,0.01002975,3.3864400000000003,0.006049787
-0.789,-1.7916090000000002,6.9875,0.000569875,0.011547500000000002,0.005378275,0.16774999999999998,0.054792499999999994,0.0030413,0.12015,0.05801250000000001,0.0044166,0.0039395,0.5366925,0.0,0.011019999999999999,3.5208449999999996,0.00668936375
-0.778,-1.780609,8.1975,0.000666225,0.012351249999999998,0.006487875000000001,0.205525,0.0668575,0.0038745999999999997,0.1481,0.0698275,0.00580875,0.00433275,0.6236774999999999,0.0,0.013377749999999997,4.1275625,0.00817868175
-0.767,-1.769609,8.6925,0.000718475,0.012396924999999998,0.00708055,0.230925,0.074355,0.00446295,0.165525,0.0770975,0.007253825,0.00441725,0.6678875,0.0,0.014874999999999998,4.3533325,0.0091372645
-0.756,-1.758609,8.6125,0.00071045,0.01200785,0.006993775,0.25075000000000003,0.07875750000000001,0.0049797,0.17715,0.0818625,0.008664125000000002,0.004142750000000001,0.7173400000000001,0.0,0.01606225,4.2272525000000005,0.009791669499999999
-0.744,-1.746609,8.5525,0.0005827250000000001,0.010653600000000001,0.0070716500000000005,0.22257499999999997,0.069215,0.004462,0.153775,0.07197250000000001,0.008167075000000001,0.0034795,0.6181425,0.0,0.0142695,4.36143,0.00868705075
-0.733,-1.7356090000000002,4.0275,0.000621775,0.007479075,0.0022039425,0.212175,0.06521500000000001,0.003498175,0.14175,0.0681575,0.006395275000000001,0.0037677499999999994,0.55089,0.0,0.012448250000000001,1.5798524999999999,0.0078371515
-0.722,-1.724609,3.6875,0.0006498000000000001,0.00722405,0.0018974525000000002,0.22415000000000002,0.06924749999999999,0.0035545250000000002,0.14794999999999997,0.07214999999999999,0.0066425500000000005,0.00408425,0.5527549999999999,0.0,0.012880500000000001,1.3375650000000003,0.008214966
-0.711,-1.713609,3.885,0.0006912999999999999,0.007329225,0.001912995,0.24667499999999998,0.07611000000000001,0.0038046,0.16065,0.07899250000000001,0.0071459425,0.00439775,0.5885675,0.0,0.014044500000000001,1.3860725,0.009003128750000002
-0.7,-1.702609,3.6575,0.0006329500000000001,0.0068666,0.001705685,0.24184999999999998,0.07432,0.003604825,0.15337499999999998,0.0767825,0.0069290275,0.004259499999999999,0.5598474999999999,0.0,0.013669,1.2853024999999998,0.008741320249999998
-0.689,-1.6916090000000001,3.15,0.0005273500000000001,0.0058331500000000005,0.0013958500000000001,0.217075,0.06649250000000001,0.00305335,0.133075,0.06864,0.0060265475,0.00377625,0.48351750000000004,0.0,0.012154250000000002,1.0936825000000001,0.0077613675000000005
-0.678,-1.680609,2.78,0.000461975,0.0048402,0.0011793675000000001,0.2017,0.0613375,0.0026966,0.11812500000000001,0.0636925,0.0055313625,0.00354475,0.4177225,0.0,0.011071999999999999,0.9588625,0.007114597749999998
-0.666,-1.668609,2.795,0.0004701,0.00456725,0.0011217100000000002,0.21375,0.0637125,0.0026883750000000002,0.117675,0.06785749999999999,0.0057173325,0.0038315,0.40463750000000004,0.0,0.011419000000000002,0.9621425,0.007412063500000001
-0.655,-1.657609,3.4075,0.00058135,0.00526045,0.00129772,0.271675,0.08006750000000001,0.0031339000000000002,0.140825,0.08676500000000001,0.0068685475,0.00497625,0.47122749999999997,0.0,0.014090249999999999,1.18096,0.00926666575
-0.644,-1.6466090000000002,3.26,0.0005823499999999999,0.0048492249999999995,0.0012022275000000001,0.26802499999999996,0.0769,0.003163875,0.13467500000000002,0.08407,0.006971334999999999,0.00469875,0.45026249999999995,0.0,0.013628750000000002,1.1240275000000002,0.00903714425
-0.633,-1.635609,2.965,0.000528925,0.004282825,0.0010651125,0.250825,0.07094500000000001,0.002970925,0.122375,0.07694999999999999,0.0067789775,0.00426925,0.408825,0.0,0.01256225,1.016025,0.008344513000000001
-0.622,-1.624609,2.805,0.0004945749999999999,0.004005025,0.0009895949999999998,0.24257499999999999,0.06731999999999999,0.0029194075000000003,0.1162,0.07289499999999999,0.0068199125,0.003932,0.3901875,0.0,0.012024,0.95554,0.00798641825
-0.611,-1.613609,3.2025,0.00057795,0.0046817000000000004,0.00106313,0.28035,0.0769725,0.0033893250000000003,0.132525,0.0825075,0.008134652499999999,0.0044765,0.4452650000000001,0.0,0.013699999999999999,1.0915125000000003,0.00912906825
-0.6,-1.6026090000000002,3.8475,0.0007033250000000001,0.00573485,0.0011976025,0.342875,0.09288000000000002,0.004019925,0.1563,0.09903,0.010008300000000001,0.00542325,0.5331950000000001,0.0,0.01648925,1.3118549999999998,0.010988109499999999
-0.588,-1.5906090000000002,4.1075,0.0007370249999999999,0.006110725,0.001227105,0.37777499999999997,0.0999525,0.004179,0.160925,0.1071025,0.0109643,0.00586125,0.5646225,0.0,0.017815499999999998,1.3984575,0.011843703250000002
-0.577,-1.579609,3.995,0.0006823999999999999,0.005814075,0.0011633025000000001,0.379475,0.09847,0.00404075,0.15150000000000002,0.1053,0.01105775,0.00563225,0.5494300000000001,0.0,0.01759,1.3514175000000002,0.0116655275
-0.566,-1.568609,3.9525,0.0006425,0.005670075,0.0011157225,0.387125,0.0993775,0.004000075,0.146125,0.1047225,0.01141985,0.00547875,0.5490275,0.0,0.01768275,1.3247775000000002,0.011707658999999999
-0.555,-1.5576090000000002,3.6475,0.000590575,0.005078575,0.00099792,0.36667500000000003,0.0933,0.003673675,0.13155,0.09703,0.011018612500000002,0.00516975,0.4992575000000001,0.0,0.016345500000000002,1.2248549999999998,0.010901739249999999
-0.544,-1.5466090000000001,3.3025,0.0005319000000000001,0.00438765,0.0008926100000000001,0.3405,0.0854125,0.003192075,0.11135,0.0875125,0.01011646,0.004947,0.4272325,0.0,0.014578249999999997,1.13008,0.009803530000000001
-0.533,-1.535609,2.7875,0.00044819999999999994,0.003515275,0.0007499175000000001,0.289375,0.072615,0.0027498275,0.0924575,0.072365,0.008860085,0.00437825,0.3398575,0.0,0.0119765,0.9764950000000001,0.00816005125
-0.522,-1.524609,2.473,0.00039964999999999993,0.0030220500000000005,0.00064615,0.2569,0.0641025,0.00251506,0.0818925,0.06304,0.008167575,0.00408725,0.28093425,0.0,0.010270999999999999,0.888425,0.00712403425
-0.511,-1.5136090000000002,2.34725,0.0003801,0.002826825,0.0005869275,0.24575,0.06087999999999999,0.002495315,0.07901999999999999,0.059145,0.0082260925,0.0039375,0.26081750000000004,0.0,0.009630249999999998,0.8485575,0.00676230275
-0.499,-1.5016090000000002,2.2585,0.0003689,0.0026853000000000007,0.00053615,0.23905,0.0583725,0.0024905225,0.07688750000000001,0.0565625,0.0083648275,0.0038234999999999996,0.24654374999999998,0.0,0.009186999999999999,0.8197225000000001,0.0065253625
-0.488,-1.490609,2.22525,0.00035669999999999994,0.0026163500000000004,0.0005112,0.23915,0.05778,0.00249158,0.07511999999999999,0.055347499999999994,0.00860806,0.0037485,0.24252174999999998,0.0,0.009051,0.8069925,0.006455219
-0.477,-1.479609,2.2085,0.00034685,0.002567675,0.0004887225,0.241275,0.0576425,0.00250469,0.0736125,0.054495,0.0089233825,0.003716,0.23930549999999998,0.0,0.00896775,0.8009199999999999,0.0064261890000000006
-0.466,-1.468609,2.275,0.000346225,0.0026265499999999996,0.00048151,0.25285,0.05981500000000001,0.0026192399999999997,0.0747275,0.05534,0.0096399525,0.00383525,0.244639,0.0,0.009205249999999998,0.8260115000000001,0.006631391499999999
-0.455,-1.4576090000000002,2.34175,0.000346525,0.00267345,0.000473225,0.264225,0.0618575,0.00275774,0.07610249999999999,0.056062499999999994,0.010406005,0.00397025,0.24864124999999998,0.0,0.009412499999999999,0.8527569999999999,0.00682603275
-0.444,-1.446609,2.44875,0.00035312500000000003,0.00276355,0.0004724575,0.282125,0.06493,0.0028972399999999997,0.077405,0.0579925,0.01138391,0.004117,0.25946175,0.0,0.009832,0.8909779999999999,0.00716439075
-0.433,-1.4356090000000001,2.5825,0.0003489000000000001,0.00288985,0.00048470500000000004,0.30355,0.070235,0.0030391000000000003,0.0812875,0.060039999999999996,0.012574685,0.00414925,0.28536525,0.0,0.010537499999999998,0.9256679999999999,0.007662269000000001
-0.421,-1.4236090000000001,2.8125,0.00035177499999999997,0.0032088000000000004,0.000512505,0.3208,0.0806125,0.0033057025,0.106625,0.06403,0.013701862500000002,0.00451225,0.321078,0.0,0.011847,0.989249,0.0085544615
-0.41,-1.412609,2.40575,0.00032445000000000005,0.0023287500000000005,0.00045601,0.2597,0.0681425,0.0031145024999999996,0.10545,0.0534525,0.011581914999999998,0.00456075,0.23146249999999996,0.0,0.00961325,0.889526,0.007057394750000001
-0.399,-1.401609,2.3665,0.000305025,0.0022262500000000004,0.00044706000000000005,0.25305,0.06709000000000001,0.0031655775,0.10875,0.05222249999999999,0.011594897500000001,0.00455675,0.22368449999999998,0.0,0.009425500000000002,0.8781217499999999,0.006927704249999999
-0.388,-1.390609,2.417,0.00030024999999999995,0.002231375,0.00045420000000000004,0.2547,0.06922750000000001,0.0033061875,0.1184,0.05327,0.01189788,0.00472125,0.22574174999999996,0.0,0.009700499999999999,0.8965025,0.007115482
-0.377,-1.379609,2.585,0.00031217500000000004,0.002348125,0.00048620250000000004,0.260325,0.07659750000000001,0.0035877074999999996,0.144425,0.0569725,0.012373780000000001,0.005164,0.24330250000000003,0.0,0.010655999999999999,0.9506455,0.00773866075
-0.366,-1.3686090000000002,2.66,0.000310075,0.0024004,0.0004975725,0.25925,0.0805325,0.0035620224999999995,0.16175,0.059949999999999996,0.012255985,0.0053135000000000005,0.2566425,0.0,0.011312749999999998,0.96517525,0.0080830675
-0.355,-1.357609,3.0025,0.0003327,0.002675925,0.0005833399999999999,0.2752,0.0940425,0.0039152300000000004,0.20592500000000002,0.0691375,0.012933265,0.006001749999999999,0.29959249999999993,0.0,0.013349499999999999,1.0715615,0.009294265
-0.344,-1.346609,3.09,0.000343025,0.002599125,0.0005691275,0.279175,0.0967075,0.004199505,0.22039999999999998,0.070875,0.0134035775,0.006187999999999999,0.30831000000000003,0.0,0.013807,1.1008995000000001,0.00953237425
-0.332,-1.3346090000000002,2.92,0.0003238,0.0023510249999999996,0.000535585,0.250275,0.09380749999999999,0.003876135,0.227875,0.069045,0.011799079999999998,0.005847,0.30280250000000003,0.0,0.013530750000000001,1.0209825,0.009177394250000002
-0.321,-1.323609,2.9525,0.0003277,0.002228125,0.000524425,0.25270000000000004,0.09517749999999998,0.0038404274999999997,0.233775,0.06963,0.011915252499999997,0.0060079999999999995,0.3028245,0.0,0.013695000000000004,1.03516775,0.00922302675
-0.31,-1.3126090000000001,3.1225,0.00033315,0.002330675,0.0005470974999999999,0.25634999999999997,0.10177749999999999,0.004063475,0.26265,0.0752075,0.011986690000000001,0.00640925,0.32211249999999997,0.0,0.014774250000000003,1.0870885,0.009826147250000002
-0.299,-1.301609,3.1825,0.0003271499999999999,0.00235715,0.0005485525000000001,0.254425,0.10423999999999999,0.004259642499999999,0.27907499999999996,0.077835,0.0118595625,0.006587750000000001,0.32767999999999997,0.0,0.01520025,1.1058329999999998,0.010065479500000002
-0.288,-1.2906090000000001,2.94,0.00029595,0.0022236499999999998,0.0005110525,0.2189,0.0981125,0.0040971975,0.28017499999999995,0.074945,0.0099427975,0.006035499999999999,0.31181149999999996,0.0,0.014531250000000004,1.00221275,0.0095451855
-0.277,-1.2796090000000002,2.61,0.000250685,0.0021129749999999996,0.0004721650000000001,0.1696,0.09009500000000001,0.0038002649999999997,0.281825,0.07219500000000001,0.0071254775000000005,0.00527675,0.29394124999999993,0.0,0.013718999999999999,0.8577255,0.008908240999999999
-0.266,-1.268609,2.31325,0.00021391500000000004,0.001976225,0.00042993249999999996,0.13005,0.082635,0.0035234025,0.27715,0.0682325,0.004945835,0.0046065,0.275114,0.0,0.012843750000000001,0.7325295000000001,0.008251083000000001
-0.254,-1.256609,2.20575,0.00020339999999999998,0.001950425,0.0004194,0.105225,0.0804775,0.0035715624999999997,0.28847500000000004,0.0686175,0.0035428025000000004,0.0043662499999999995,0.27148700000000003,0.0,0.012810499999999997,0.679502,0.008126359
-0.243,-1.245609,2.06875,0.00018997000000000003,0.0018851750000000002,0.00040190499999999993,0.0792475,0.077035,0.003580655,0.295225,0.06811500000000001,0.0020879925,0.004083750000000001,0.26293175,0.0,0.0125905,0.61934175,0.0078677425
-0.232,-1.234609,2.0915,0.00018836500000000002,0.001887625,0.0004021424999999999,0.07861499999999999,0.077725,0.0037534925,0.3021,0.06964999999999999,0.0019552375,0.0041537499999999995,0.26338125,0.0,0.012732,0.62694,0.007966191249999999
-0.221,-1.2236090000000002,2.17425,0.00019069750000000002,0.001932175,0.000410805,0.0841325,0.0804675,0.004021727500000001,0.313475,0.0724875,0.00212192,0.00433125,0.2705525,0.0,0.013129749999999999,0.6547535,0.008260350500000001
-0.21,-1.212609,2.284,0.00019397000000000001,0.002001025,0.0004234275,0.0906025,0.0839975,0.004364705,0.3291,0.07638500000000001,0.0023269099999999997,0.004531,0.28246375,0.0,0.013704749999999998,0.6895782500000001,0.008664567
-0.199,-1.2016090000000001,2.316,0.00018796499999999998,0.002013675,0.00042387,0.0936075,0.0838325,0.004572267499999999,0.333225,0.07804749999999999,0.00242619,0.0046205,0.28072175,0.0,0.013745749999999998,0.7058275,0.00871805275
-0.188,-1.190609,2.41375,0.0001931875,0.0020773249999999997,0.00042790000000000005,0.09742500000000001,0.08560750000000002,0.0050823299999999995,0.3486,0.08082,0.0026473175000000003,0.004989749999999999,0.27963525,0.0,0.013929249999999999,0.7511965,0.008932228749999998
-0.177,-1.1796090000000001,2.6725,0.0002089,0.0023162,0.00045959250000000005,0.10675,0.09275250000000002,0.006104160000000001,0.389575,0.08899000000000001,0.0030839350000000003,0.00562175,0.29983000000000004,0.0,0.015024,0.8449805000000002,0.009766138249999999
-0.165,-1.1676090000000001,2.8975,0.000215125,0.0025101,0.0004897225,0.11515,0.0982325,0.0070385375,0.42495,0.09656500000000001,0.0034737925,0.0061277499999999995,0.31723,0.0,0.0159695,0.9259247500000001,0.010463357
-0.154,-1.156609,3.045,0.000219475,0.002608025,0.0005097425,0.1226,0.10208999999999999,0.007645114999999999,0.44752499999999995,0.1013,0.0037869925,0.0064747500000000005,0.32815750000000005,0.0,0.01654375,0.9801185000000001,0.01091982125
-0.143,-1.145609,2.935,0.000208825,0.0023940750000000003,0.0004969525,0.125025,0.0993825,0.007112015,0.426425,0.09772,0.00374303,0.0062665,0.316435,0.0,0.015958000000000003,0.9429655,0.010545374750000001
-0.132,-1.1346090000000002,2.9125,0.00020259249999999998,0.002261,0.0004946775,0.12867499999999998,0.098785,0.00691021,0.420225,0.09742,0.003766885,0.0062457499999999996,0.3137475,0.0,0.01582,0.9352662500000001,0.010463879250000002
-0.121,-1.123609,3.0775,0.00020852499999999999,0.0023140749999999996,0.0005144899999999999,0.13682499999999997,0.10318749999999999,0.0074897825,0.44534999999999997,0.10278999999999999,0.0040579525,0.0066235,0.32861250000000003,0.0,0.016516249999999996,0.9926275,0.010973131499999999
-0.11,-1.1126090000000002,3.3125,0.00021612499999999998,0.0024041749999999997,0.0005387575,0.14755,0.108975,0.00832616,0.48135,0.11057999999999998,0.0044585925,0.007152250000000001,0.34904999999999997,0.0,0.01753625,1.076208,0.011667008500000003
-0.099,-1.101609,3.535,0.00022019999999999999,0.002480575,0.00055857,0.1584,0.114565,0.00910435,0.515375,0.1182,0.00484387,0.007609,0.37082500000000007,0.0,0.018525999999999997,1.151802,0.012353816
-0.087,-1.089609,3.5775,0.000213625,0.0024401500000000003,0.000557635,0.1644,0.11485749999999999,0.00925982,0.52,0.119775,0.0050307649999999995,0.0077235,0.37087,0.0,0.018558500000000002,1.1716855000000002,0.012405212249999999
-0.076,-1.0786090000000002,3.5575,0.00020275000000000002,0.0023802,0.0005595375,0.16935,0.11425750000000001,0.009138545,0.513375,0.1188225,0.0051460775,0.00771875,0.3646825,0.0,0.018262000000000004,1.1683517499999998,0.012281367000000001
-0.065,-1.067609,3.5125,0.00019219999999999998,0.00234185,0.0005677275,0.17229999999999998,0.1137175,0.008984505,0.504475,0.116945,0.0051875524999999995,0.007655,0.35812499999999997,0.0,0.017864500000000005,1.1544745,0.012137668000000002
-0.054,-1.0566090000000001,3.505,0.00018429999999999998,0.0023246249999999994,0.0005771050000000001,0.175425,0.113485,0.00900585,0.50215,0.1165725,0.00525318,0.0076615,0.35441500000000004,0.0,0.0176255,1.1540455,0.012079977749999998
-0.043,-1.045609,3.44,0.00017517000000000002,0.002239325,0.0005812875000000001,0.175125,0.11134,0.008873157500000001,0.492625,0.11468500000000001,0.0051758175,0.0075109999999999994,0.3474975,0.0,0.017168250000000003,1.1325285,0.011849703999999999
-0.032,-1.0346090000000001,3.46,0.00017065749999999998,0.0022155,0.0005959749999999999,0.1779,0.1112325,0.0091134375,0.497,0.1152675,0.0052776925,0.007555250000000001,0.3483775,0.0,0.01703175,1.14125275,0.011873823
-0.021,-1.023609,3.3425,0.00015863500000000002,0.0021043,0.00058507,0.1769,0.10772,0.008715185,0.4783,0.1121525,0.005135425000000001,0.0072125,0.338705,0.0,0.0164535,1.0979155000000003,0.0115004215
-0.01,-1.012609,3.3175,0.0001513325,0.00205435,0.00058691,0.18164999999999998,0.10723,0.008537412500000001,0.471725,0.11165,0.005237302499999999,0.00712325,0.33584775,0.0,0.016265500000000002,1.0889715,0.0114090245
0.002,-1.000609,3.31,0.00014566,0.00201605,0.0005927700000000001,0.18715,0.107265,0.008406455,0.467425,0.11154499999999999,0.005379387500000001,0.00705025,0.3352805,0.0,0.016146999999999998,1.0844015,0.01137580375
0.013,-0.9896090000000001,3.1675,0.0001345125,0.001901575,0.0005747700000000001,0.188275,0.1042475,0.00769444,0.44120000000000004,0.10765,0.005297195000000001,0.00658825,0.32508325,0.0,0.015607750000000002,1.02903675,0.010972504999999999
0.024,-0.9786090000000001,3.02,0.0001245425,0.00178065,0.0005586475,0.18485000000000001,0.10035749999999999,0.00715832,0.41780000000000006,0.1032075,0.0050982025,0.006182749999999999,0.31284275,0.0,0.014928249999999999,0.9748647500000001,0.01052122375
0.035,-0.967609,2.885,0.00011527750000000001,0.0016573249999999999,0.00054037,0.18185,0.0966775,0.006644327499999999,0.39607499999999995,0.099015,0.0049269375,0.00589425,0.29771725000000004,0.0,0.014264250000000001,0.9298940000000001,0.010051476249999998
0.046,-0.956609,2.79,0.000108295,0.001579525,0.0005300475,0.17995,0.0941675,0.0063034200000000006,0.38155,0.09634499999999999,0.0047919925,0.005601,0.2906615,0.0,0.013836500000000002,0.89447475,0.00976352425
0.057,-0.945609,2.7275,0.000102865,0.0015170000000000001,0.0005229875,0.17977500000000002,0.09255749999999999,0.006048315,0.3717,0.0946125,0.0047209999999999995,0.005383000000000001,0.28599425,0.0,0.013546750000000001,0.8711022500000001,0.009564096749999999
0.068,-0.934609,2.7025,9.83525e-05,0.0014873,0.0005235249999999999,0.18182500000000001,0.0922175,0.005893239999999999,0.366875,0.0941125,0.004723775,0.0052597500000000005,0.28428375,0.0,0.0134205,0.8605937499999998,0.009492416499999998
0.08,-0.9226090000000001,2.64,9.3335e-05,0.0014278999999999997,0.0005190475,0.180725,0.09030250000000001,0.0056812125,0.357225,0.0922475,0.0046396549999999995,0.005051249999999999,0.27855175,0.0,0.013078749999999998,0.837804,0.009270062
0.091,-0.9116090000000001,2.5425,8.7925e-05,0.0013455,0.0005075324999999999,0.176625,0.08728249999999999,0.00542255,0.34365,0.0891675,0.004486462500000001,0.0048045,0.26946775,0.0,0.012565750000000002,0.80480775,0.0089355875
0.102,-0.9006090000000001,2.4895,8.362e-05,0.0012942675,0.00050424,0.1754,0.0858,0.005257995,0.336075,0.08764749999999999,0.0044090125,0.00462425,0.26576575,0.0,0.012294999999999999,0.78480675,0.00876721475
0.113,-0.8896090000000001,2.44,7.9505e-05,0.0012475625,0.0005005274999999999,0.1743,0.08447749999999998,0.005094525,0.328975,0.08625250000000001,0.004327905,0.004473749999999999,0.26154425000000003,0.0,0.012041,0.7669130000000001,0.008600909749999998
0.124,-0.8786090000000001,2.408,7.577000000000001e-05,0.0012077325000000002,0.0004973175,0.174325,0.083755,0.00495638,0.324025,0.0853775,0.0042799299999999995,0.00438425,0.258056,0.0,0.011854749999999999,0.7557037500000001,0.00847965675
0.135,-0.8676090000000001,2.40175,7.252e-05,0.0011781499999999998,0.0004975925000000001,0.1762,0.08382999999999999,0.004876439999999999,0.32247499999999996,0.08528500000000001,0.0042946749999999995,0.00434975,0.25700875,0.0,0.011772,0.75331925,0.008437386
0.146,-0.8566090000000001,2.413,6.98675e-05,0.0011629775,0.0005102925,0.178975,0.08407499999999998,0.004928685,0.324375,0.08574749999999999,0.00436387,0.0042525,0.2611895,0.0,0.011733750000000001,0.7540020000000002,0.008478959749999999
0.158,-0.844609,2.41,6.77875e-05,0.0011307675000000001,0.0005168,0.180525,0.0837875,0.0049378849999999995,0.324325,0.08560000000000001,0.0044043225,0.00414625,0.2631815,0.0,0.011621499999999998,0.751297,0.00845333725
0.169,-0.833609,2.34625,6.342e-05,0.0010663250000000001,0.0005029075000000001,0.17785,0.081945,0.004735275000000001,0.3153,0.0835125,0.0042973425,0.003992750000000001,0.2567995,0.0,0.011283499999999998,0.7302117499999999,0.00821804825
0.18,-0.8226090000000001,2.3165,6.0752500000000005e-05,0.0010278375,0.00049634,0.177375,0.0811125,0.0046130425,0.310875,0.08250249999999999,0.004252219999999999,0.00392675,0.25286225,0.0,0.01108425,0.721142,0.008080769500000001
0.191,-0.811609,2.2255,5.6995e-05,0.00096229,0.0004705625,0.172625,0.07865250000000001,0.0042723025,0.29745,0.07947,0.0040455249999999995,0.0038567500000000004,0.2387905,0.0,0.01062975,0.6949259999999999,0.007711418000000001
0.202,-0.8006090000000001,2.18775,5.4732500000000005e-05,0.000924675,0.0004610850000000001,0.1716,0.07762749999999999,0.004112372500000001,0.291825,0.07814499999999999,0.003972635,0.00382075,0.232207,0.0,0.0103805,0.68478725,0.007528335749999999
0.213,-0.7896090000000001,2.106,5.1475000000000004e-05,0.0008777725,0.0004381025,0.16755,0.07542750000000001,0.003806615,0.27965,0.0753625,0.00379569,0.003742,0.21911599999999998,0.0,0.009957,0.66162775,0.007184362999999999
0.224,-0.7786090000000001,2.00025,4.7945e-05,0.0008235475000000001,0.00040714500000000003,0.16204999999999997,0.07268749999999999,0.0033903875,0.26370000000000005,0.0718225,0.003556325,0.0036625,0.20155725000000002,0.0,0.009455249999999998,0.63202325,0.006744621499999999
0.235,-0.7676090000000001,1.8745,4.3899999999999996e-05,0.0007616700000000001,0.000366485,0.15487499999999998,0.069555,0.0028916899999999997,0.244775,0.0676925,0.003246575,0.003587,0.18118449999999997,0.0,0.008904750000000001,0.596038,0.006243808
0.247,-0.7556090000000001,1.834,4.19175e-05,0.00073162,0.0003564425,0.152875,0.06824,0.0027650574999999998,0.23927500000000002,0.0663175,0.0031548475,0.0035299999999999997,0.1748145,0.0,0.008651,0.585013,0.006049575
0.258,-0.7446090000000001,1.7805,4.011499999999999e-05,0.0006987849999999999,0.00034517749999999996,0.14952500000000002,0.06638749999999999,0.00263371,0.23235,0.06448999999999999,0.0030361999999999997,0.0034349999999999997,0.1681,0.0,0.00834625,0.5689405000000002,0.005825812
0.269,-0.7336090000000001,1.7,3.796499999999999e-05,0.0006554950000000001,0.0003278195,0.143825,0.063655,0.0024414425,0.2218,0.061825000000000005,0.0028494749999999998,0.0033037500000000003,0.15874475,0.0,0.00794625,0.5437569999999999,0.005523910250000001
0.28,-0.7226090000000001,1.617,3.546250000000001e-05,0.0006126525,0.00030690425,0.1378,0.0609775,0.0022491625,0.21095,0.0590875,0.002653885,0.0031585,0.15009374999999997,0.0,0.007555999999999999,0.5168855,0.005235956199999999
0.291,-0.7116090000000002,1.523,3.26575e-05,0.000567275,0.00028148875,0.13075,0.0579925,0.002036665,0.19857500000000003,0.0560175,0.0024305925,0.0029972500000000003,0.14044600000000002,0.0,0.00712975,0.48622577499999997,0.004920829274999999
0.302,-0.700609,1.451,3.0422500000000002e-05,0.000532505,0.00026284824999999996,0.12537500000000001,0.055639999999999995,0.0018756175000000002,0.18914999999999998,0.053655999999999995,0.00225959,0.0028782499999999997,0.13271975,0.0,0.006788249999999999,0.46326555,0.004668128649999999
0.313,-0.6896090000000001,1.39425,2.8797499999999997e-05,0.0005054575,0.00025009775,0.121175,0.053625000000000006,0.0017559325,0.181825,0.0517155,0.0021301749999999998,0.0027982499999999995,0.12578775,0.0,0.00648025,0.44626727499999996,0.0044443744749999995
0.325,-0.6776090000000001,1.33425,2.71925e-05,0.00047842,0.00023665075000000002,0.11655000000000001,0.051465000000000004,0.001635505,0.17404999999999998,0.049636,0.0019944324999999997,0.00272225,0.11827175000000001,0.0,0.006154,0.4284078499999999,0.004205907924999999
0.336,-0.666609,1.27275,2.55925e-05,0.0004517525000000001,0.00022303225,0.111775,0.0492475,0.0015128774999999999,0.16604999999999998,0.04750449999999999,0.0018543025000000001,0.00265075,0.11052175,0.0,0.005824,0.41019977499999993,0.0039626539999999995
0.347,-0.6556090000000001,1.218,2.4137500000000004e-05,0.0004278175,0.00021161375000000002,0.1076,0.0472075,0.0014058900000000001,0.159,0.04558375,0.001731055,0.0025919999999999997,0.10330500000000001,0.0,0.00551075,0.394423075,0.0037337416249999997
0.358,-0.6446090000000001,1.173,2.284e-05,0.00040745000000000006,0.00020320299999999997,0.10414999999999999,0.045435,0.00132264975,0.153225,0.043954499999999994,0.0016319425000000001,0.00255525,0.09676850000000001,0.0,0.0052235,0.3822665,0.0035259299500000002
0.369,-0.6336090000000001,1.14575,2.18375e-05,0.0003926175,0.00019859225000000004,0.10214999999999999,0.0442775,0.001278076,0.149875,0.0429085,0.0015753475,0.0025315,0.09256450000000001,0.0,0.00501225,0.37546965,0.0033791466
0.38,-0.6226090000000001,1.1335,2.1071500000000003e-05,0.0003830725,0.00019715875,0.10155,0.0436425,0.00125996525,0.1485,0.04237575,0.0015503674999999997,0.00252075,0.0901705,0.0,0.004865674999999999,0.37315705000000005,0.00328118045
0.391,-0.6116090000000001,1.13975,2.0690750000000002e-05,0.000380045,0.00020006075000000002,0.102675,0.04367,0.0012749402499999999,0.149675,0.042462749999999994,0.0015691775,0.0025087499999999997,0.090505,0.0,0.0047997,0.376047425,0.0032501596499999994
0.402,-0.6006090000000001,1.13425,2.0053999999999998e-05,0.0003718025,0.00019798399999999995,0.10275000000000001,0.043454999999999994,0.0012602535,0.14925,0.042226,0.001558455,0.0024535,0.090915,0.0,0.00472085,0.37364435000000007,0.0032098559499999994
0.414,-0.5886090000000002,1.10925,1.902875e-05,0.00035827250000000004,0.000189297,0.101,0.042725000000000006,0.00120403225,0.146125,0.041429,0.001501185,0.0023565,0.09040625000000001,0.0,0.00461735,0.36366642499999996,0.003144921975
0.425,-0.577609,1.07075,1.7781250000000002e-05,0.00034076,0.00017624650000000003,0.09798,0.041615,0.001122869,0.141225,0.040206,0.00141457,0.0022292499999999995,0.08917575,0.0,0.004484875,0.348621275,0.00305706275
0.436,-0.5666090000000001,1.01375,1.6311750000000002e-05,0.000318405,0.00015883574999999998,0.09322250000000001,0.0398975,0.0010121105,0.133825,0.03838125,0.001291015,0.002078675,0.08623575000000001,0.0,0.004294475,0.32749185000000003,0.0029241849249999996
0.447,-0.555609,0.94375,1.4720000000000001e-05,0.0002931925,0.00013882325000000003,0.08721,0.0377135,0.000881106,0.12460000000000002,0.036105250000000005,0.0011420949999999999,0.00191455,0.08193025,0.0,0.00405985,0.30215422499999994,0.0027574357
0.458,-0.5446090000000001,0.8805,1.344275e-05,0.00027141249999999996,0.000122997,0.08176,0.035579,0.0007736172500000001,0.1163,0.03395325,0.00101573,0.0017813,0.07719875,0.0,0.0038142000000000002,0.28036157500000003,0.0025842454499999997
0.469,-0.5336090000000001,0.82375,1.231225e-05,0.000251975,0.00010941049999999999,0.0767925,0.033594250000000006,0.0006849270000000001,0.1089,0.0319865,0.0009064675,0.0016698,0.07261575,0.0,0.0035799000000000004,0.2612424,0.002420349375
0.48,-0.5226090000000001,0.77375,1.132e-05,0.0002349775,9.784274999999999e-05,0.07241,0.03180825,0.00061173825,0.102325,0.030220749999999998,0.0008129175000000001,0.0015767749999999999,0.06838425,0.0,0.00336305,0.244787625,0.0022700552
0.492,-0.5106090000000001,0.7315,1.04995e-05,0.00022058750000000002,8.854525000000002e-05,0.06869499999999999,0.030244,0.000552427,0.0968425,0.028698,0.0007356299999999999,0.00149975,0.06461425,0.0,0.0031678499999999994,0.23107535,0.00213555545
0.503,-0.4996090000000001,0.7005,9.827750000000001e-06,0.00020956749999999998,8.159724999999999e-05,0.06605249999999999,0.02911325,0.00050761775,0.092865,0.02760675,0.0006789125,0.001425925,0.06232889999999999,0.0,0.0030295999999999995,0.220666025,0.002041357225
0.514,-0.48860900000000007,0.6705,9.20075e-06,0.00019905750000000002,7.513975e-05,0.063475,0.02799725,0.00046579775,0.08899750000000001,0.026529249999999997,0.0006253875,0.001353975,0.06006402499999999,0.0,0.0028931750000000004,0.21061304999999997,0.0019483298999999996
0.525,-0.47760900000000006,0.64125,8.61875e-06,0.0001889975,6.914325e-05,0.06094,0.026890249999999997,0.00042672299999999995,0.08523,0.025466,0.00057472925,0.001283825,0.057800174999999995,0.0,0.002757375,0.20090335,0.0018561308500000002
0.536,-0.46660900000000005,0.60825,8.025e-06,0.00017813,6.2933e-05,0.058045,0.02563,0.000385445,0.080955,0.02427675,0.0005205252500000001,0.0011998750000000002,0.055335825000000005,0.0,0.0026133749999999994,0.18986592500000005,0.0017571132
0.547,-0.45560900000000004,0.572,7.394e-06,0.0001667225,5.6255500000000004e-05,0.054817500000000005,0.02429075,0.000340218,0.0762375,0.02300675,0.0004606225,0.0011044,0.052767125000000005,0.0,0.002475375,0.17757927499999998,0.0016595095749999999
0.558,-0.44460900000000003,0.539,6.8187500000000006e-06,0.0001563125,5.0169250000000004e-05,0.0518525,0.0230555,0.000298972,0.071915,0.02184025,0.00040587749999999997,0.0010185749999999999,0.050360375,0.0,0.0023461,0.16640312500000004,0.00156794445
0.569,-0.43360900000000013,0.51175,6.32675e-06,0.000147555,4.51282e-05,0.0494175,0.02201525,0.000264793,0.0683675,0.020859500000000003,0.000360425,0.0009515999999999999,0.0482586,0.0,0.0022293749999999996,0.15733410000000003,0.0014862791249999998
0.581,-0.4216090000000001,0.48875,5.908499999999999e-06,0.00014009499999999997,4.0981524999999996e-05,0.0473675,0.021115250000000002,0.00023702075,0.0653725,0.020014999999999998,0.00032321274999999995,0.000897475,0.046408775,0.0,0.002124,0.149802325,0.0014134582749999998
0.592,-0.4106090000000001,0.46975,5.5689999999999995e-06,0.000133905,3.7663e-05,0.0457125,0.02035125,0.00021554475,0.0629475,0.0193,0.000294184,0.000855675,0.0448001,0.0,0.0020271,0.14383805,0.0013478882250000002
0.603,-0.3996090000000001,0.463,5.463e-06,0.00013123,3.6505925e-05,0.045195,0.0199635,0.00021052425,0.062155,0.018936,0.00028648400000000004,0.0008534999999999999,0.0437212,0.0,0.0019445499999999998,0.14244915,0.0012972814750000002
0.614,-0.3886090000000001,0.455,5.36575e-06,0.00012832000000000002,3.531935e-05,0.044587499999999995,0.019531,0.00020578249999999998,0.0612375,0.018528000000000003,0.00027901499999999997,0.0008472500000000001,0.04262745,0.0,0.0018582749999999997,0.1407293,0.0012447516500000003
0.625,-0.3776090000000001,0.44125,5.18625e-06,0.00012395750000000001,3.3588425e-05,0.0433825,0.01887825,0.00019650899999999998,0.059495000000000006,0.0179125,0.00026570425,0.00081865,0.04125834999999999,0.0,0.001763825,0.13675175,0.001184855775
0.636,-0.3666090000000001,0.424,4.9565e-06,0.0001188475,3.1544199999999995e-05,0.04181499999999999,0.0181295,0.00018389625,0.057264999999999996,0.017204249999999997,0.0002479275,0.000776725,0.0397812,0.0,0.00167515,0.131403875,0.001126434075
0.647,-0.35560900000000006,0.40525,4.712e-06,0.0001133865,2.9333850000000004e-05,0.04008250000000001,0.017326499999999998,0.00016990175,0.0548175,0.0164435,0.0002282245,0.0007288749999999999,0.03824025,0.0,0.0015855999999999997,0.12542592500000002,0.0010667793750000001
0.659,-0.34360900000000005,0.38475,4.454e-06,0.00010755425,2.6966950000000004e-05,0.038180000000000006,0.016469249999999998,0.000154499,0.052142499999999994,0.0156295,0.000206567,0.0006752500000000001,0.036624475000000004,0.0,0.0014954749999999998,0.11882907500000002,0.0010060252250000002
0.67,-0.33260900000000004,0.3625,4.1830000000000004e-06,0.0001013835,2.446205e-05,0.03611500000000001,0.01556075,0.00013773175000000003,0.049245,0.014765499999999999,0.00018305600000000002,0.000615975,0.03494555,0.0,0.0014055749999999998,0.11163077499999999,0.0009444699499999999
0.681,-0.32160900000000003,0.343,3.94675e-06,9.582575000000001e-05,2.2256224999999994e-05,0.034282499999999994,0.014738,0.00012319525,0.04667,0.01398425,0.00016259975000000002,0.000565025,0.033389125,0.0,0.0013201500000000002,0.10531545,0.0008866814250000001
0.692,-0.31060900000000013,0.32775,3.76875e-06,9.140675e-05,2.0574525e-05,0.032897499999999996,0.014069249999999998,0.00011278475,0.044715,0.01335325,0.00014788225,0.000529925,0.032053425,0.0,0.001239975,0.10070710000000001,0.0008339956000000001
0.703,-0.2996090000000001,0.31325,3.5954999999999997e-06,8.70865e-05,1.8971274999999997e-05,0.03155,0.01341475,0.000102782,0.0428125,0.0127365,0.00013379025,0.00049595,0.030727075000000003,0.0,0.0011612,0.09625589749999999,0.0007819952750000002
0.714,-0.2886090000000001,0.299,3.425e-06,8.286800000000001e-05,1.7481925e-05,0.030234999999999998,0.01278075,9.3264e-05,0.040959999999999996,0.01214175,0.0001204595,0.00046317499999999997,0.029441325,0.0,0.0010863749999999999,0.09194919249999998,0.0007322961249999999
0.725,-0.2776090000000001,0.285,3.2570000000000003e-06,7.876675000000001e-05,1.61304e-05,0.0289475,0.012171500000000002,8.439775000000001e-05,0.039155,0.011571249999999998,0.00010813325000000001,0.000431325,0.02820535,0.0,0.001018,0.08772332249999999,0.000686247725
0.737,-0.2656090000000001,0.2715,3.096e-06,7.47705e-05,1.4865525e-05,0.0276725,0.0115745,7.618875e-05,0.037375,0.011008750000000001,9.671475e-05,0.000400125,0.026994899999999995,0.0,0.000952325,0.083569315,0.0006420573999999998
0.748,-0.2546090000000001,0.25825,2.9442500000000002e-06,7.086725e-05,1.3669125e-05,0.026402500000000002,0.01098025,6.873050000000001e-05,0.035615,0.010447999999999999,8.627400000000001e-05,0.00036974999999999996,0.02579645,0.0,0.0008876499999999999,0.07947808499999999,0.0005988023
0.759,-0.24360900000000008,0.244975,2.80225e-06,6.708775e-05,1.255035e-05,0.025145,0.010393,6.205800000000001e-05,0.033875,0.009890749999999999,7.686849999999999e-05,0.000340325,0.024606475,0.0,0.000824375,0.07544381,0.0005567596125
0.77,-0.23260900000000007,0.232025,2.6697499999999997e-06,6.344925e-05,1.1528325e-05,0.023899999999999998,0.009815,5.6265025e-05,0.03216,0.009340500000000002,6.869475e-05,0.00031237500000000004,0.0234316,0.0,0.0007634,0.071499175,0.000516490935
0.781,-0.22160900000000006,0.2194,2.546e-06,5.993750000000001e-05,1.05975e-05,0.02268,0.0092495,5.1194000000000005e-05,0.030484999999999998,0.00880125,6.156475e-05,0.000286275,0.0222668,0.0,0.0007046249999999998,0.067659025,0.00047792603249999997
0.792,-0.21060900000000005,0.2071,2.42225e-06,5.652600000000001e-05,9.7422e-06,0.021482499999999998,0.00870075,4.6619900000000004e-05,0.028842499999999997,0.0082785,5.523425e-05,0.00026175,0.021123975,0.0,0.0006491,0.063924525,0.00044143800249999993
0.803,-0.19960900000000004,0.195325,2.2989999999999995e-06,5.324475e-05,8.95295e-06,0.02033,0.008176,4.2401400000000004e-05,0.027265,0.0077789999999999995,4.947025e-05,0.00023890000000000003,0.020014875,0.0,0.000597225,0.060340865,0.000407224725
0.814,-0.18860900000000014,0.18405,2.1767499999999995e-06,5.00995e-05,8.2241375e-06,0.0192175,0.0076767499999999995,3.8471125e-05,0.025747500000000003,0.00730625,4.4190499999999996e-05,0.00021774999999999998,0.018944725,0.0,0.000548975,0.056915245,0.00037525619749999994
0.826,-0.17660900000000013,0.173,2.05705e-06,4.7006e-05,7.531687499999999e-06,0.018125,0.007188,3.47893e-05,0.0242625,0.00684175,3.927825e-05,0.000197465,0.017885725,0.0,0.0005021975,0.053563799999999995,0.00034425328999999996
0.837,-0.16560900000000012,0.162,1.9429750000000002e-06,4.39315e-05,6.85568e-06,0.017035,0.00669925,3.1237475e-05,0.022774999999999997,0.006377,3.4525249999999996e-05,0.0001769075,0.0168356,0.0,0.00045565000000000004,0.050223285,0.0003133632725
0.848,-0.1546090000000001,0.151775,1.83965e-06,4.1046999999999995e-05,6.2321625e-06,0.0160225,0.006243500000000001,2.7919125000000004e-05,0.0213975,0.00594275,3.007425e-05,0.00015731749999999998,0.015863574999999998,0.0,0.00041173250000000006,0.0471166525,0.00028421265749999997
0.859,-0.1436090000000001,0.142575,1.747875e-06,3.84225e-05,5.6742825e-06,0.015115,0.005830500000000001,2.4878524999999997e-05,0.0201625,0.00555005,2.5982000000000003e-05,0.00013907250000000002,0.014994125,0.0,0.00037169999999999993,0.0443257325,0.00025750593249999996
0.87,-0.1326090000000001,0.13415,1.664775e-06,3.599299999999999e-05,5.175695e-06,0.014285,0.005452499999999999,2.2092924999999998e-05,0.0190325,0.005191025,2.22455e-05,0.00012199500000000001,0.0142033825,0.0,0.00033512250000000004,0.0417759525,0.00023298154999999997
0.881,-0.12160900000000008,0.125425,1.579125e-06,3.349525e-05,4.6909175e-06,0.013417499999999999,0.005064249999999999,1.94805e-05,0.017855,0.0048208750000000005,1.879125e-05,0.0001052425,0.01337072,0.0,0.0002991275000000001,0.03912528500000001,0.00020875471249999999
0.892,-0.11060900000000007,0.116425,1.4853e-06,3.09465e-05,4.223655e-06,0.0125075,0.0046685,1.7088375000000002e-05,0.016625,0.004444825,1.5738e-05,8.973250000000001e-05,0.012490652500000001,0.0,0.0002646025,0.03638437,0.00018544358250000004
0.904,-0.09860900000000006,0.106525,1.3753999999999998e-06,2.8191499999999996e-05,3.7438974999999997e-06,0.01149,0.0042401,1.4887075e-05,0.01526,0.00403715,1.3093974999999999e-05,7.589749999999999e-05,0.011484435,0.0,0.00022905999999999998,0.0333795625,0.00016157901799999997
0.915,-0.08760900000000005,0.093975,1.23255e-06,2.477825e-05,3.1874049999999997e-06,0.010185,0.0037059749999999994,1.2613775e-05,0.013510000000000001,0.0035283249999999997,1.0579949999999999e-05,6.21725e-05,0.010167455,0.0,0.000188195,0.029548954999999995,0.0001342285275
0.926,-0.07660900000000004,0.078325,1.047025e-06,2.05915e-05,2.5621525e-06,0.008526249999999999,0.0030586499999999996,1.0174225e-05,0.011297499999999999,0.0029102,8.101175e-06,4.813499999999999e-05,0.008502309999999999,0.0,0.00014472499999999998,0.024718941749999997,0.00010475326050000001
0.937,-0.06560900000000003,0.060825,8.28725e-07,1.59558e-05,1.9298459999999997e-06,0.00664675,0.002354625,7.687624999999999e-06,0.00880125,0.002238875,5.806275000000001e-06,3.440500000000001e-05,0.006630115,0.0,0.00010443250000000001,0.019249887999999996,7.667031299999999e-05
0.948,-0.05460900000000013,0.0443,6.107e-07,1.1602174999999999e-05,1.38532675e-06,0.00485425,0.0017082999999999998,5.442775e-06,0.006424750000000001,0.001623625,3.9284250000000004e-06,2.26925e-05,0.0048585875,0.0,7.362999999999998e-05,0.014030774749999999,5.4263233750000007e-05
0.959,-0.04360900000000012,0.029575,4.1172500000000007e-07,7.730150000000001e-06,9.121205e-07,0.0032467499999999996,0.0011358,3.53689e-06,0.004295500000000001,0.00107915,2.439875e-06,1.3712e-05,0.0032601749999999997,0.0,4.7667500000000004e-05,0.00936814475,3.5257444999999995e-05
0.97,-0.03260900000000011,0.016685,2.3320000000000002e-07,4.35805e-06,5.1195075e-07,0.00183325,0.0006398500000000001,1.9751650000000003e-06,0.002425,0.0006078575,1.338215e-06,7.434e-06,0.0018428035,0.0,2.658125e-05,0.0052861301,1.9689145974999995e-05
0.981,-0.0216090000000001,0.00716,1.0006499999999999e-07,1.8703224999999996e-06,2.19706175e-07,0.000786725,0.000274575,8.476724999999999e-07,0.0010405,0.0002608475,5.742599999999999e-07,3.1902499999999997e-06,0.0007908652500000001,0.0,1.1407749999999998e-05,0.0022685844249999997,8.449474775e-06
0.993,-0.00960900000000009,0.0016055,2.2435e-08,4.19375e-07,4.9261625e-08,0.0001764,6.157499999999999e-05,1.9007175e-07,0.0002333,5.849349999999999e-05,1.2877199999999998e-07,7.15375e-07,0.0001773272,0.0,2.5579250000000006e-06,0.00050865449,1.8946392475e-06
1.004,0.00139099999999992,0.0,0.0,0.0,0.0,0.0,0.0,0.0,0.0,0.0,0.0,0.0,0.0,0.0,0.0,0.0,0.0
1.015,0.012390999999999819,0.0,0.0,0.0,0.0,0.0,0.0,0.0,0.0,0.0,0.0,0.0,0.0,0.0,0.0,0.0,0.0
1.026,0.02339099999999994,0.0,0.0,0.0,0.0,0.0,0.0,0.0,0.0,0.0,0.0,0.0,0.0,0.0,0.0,0.0,0.0
1.037,0.03439099999999984,0.0,0.0,0.0,0.0,0.0,0.0,0.0,0.0,0.0,0.0,0.0,0.0,0.0,0.0,0.0,0.0
1.048,0.04539099999999996,0.0,0.0,0.0,0.0,0.0,0.0,0.0,0.0,0.0,0.0,0.0,0.0,0.0,0.0,0.0,0.0
1.059,0.05639099999999986,0.0,0.0,0.0,0.0,0.0,0.0,0.0,0.0,0.0,0.0,0.0,0.0,0.0,0.0,0.0,0.0
1.071,0.06839099999999987,0.0,0.0,0.0,0.0,0.0,0.0,0.0,0.0,0.0,0.0,0.0,0.0,0.0,0.0,0.0,0.0
1.082,0.07939099999999999,0.0,0.0,0.0,0.0,0.0,0.0,0.0,0.0,0.0,0.0,0.0,0.0,0.0,0.0,0.0,0.0
1.093,0.09039099999999989,0.0,0.0,0.0,0.0,0.0,0.0,0.0,0.0,0.0,0.0,0.0,0.0,0.0,0.0,0.0,0.0
1.104,0.10139100000000001,0.0,0.0,0.0,0.0,0.0,0.0,0.0,0.0,0.0,0.0,0.0,0.0,0.0,0.0,0.0,0.0
1.115,0.11239099999999991,0.0,0.0,0.0,0.0,0.0,0.0,0.0,0.0,0.0,0.0,0.0,0.0,0.0,0.0,0.0,0.0
1.126,0.1233909999999998,0.0,0.0,0.0,0.0,0.0,0.0,0.0,0.0,0.0,0.0,0.0,0.0,0.0,0.0,0.0,0.0
1.137,0.13439099999999993,0.0,0.0,0.0,0.0,0.0,0.0,0.0,0.0,0.0,0.0,0.0,0.0,0.0,0.0,0.0,0.0
1.148,0.14539099999999983,0.0,0.0,0.0,0.0,0.0,0.0,0.0,0.0,0.0,0.0,0.0,0.0,0.0,0.0,0.0,0.0
1.16,0.15739099999999984,0.0,0.0,0.0,0.0,0.0,0.0,0.0,0.0,0.0,0.0,0.0,0.0,0.0,0.0,0.0,0.0
1.171,0.16839099999999996,0.0,0.0,0.0,0.0,0.0,0.0,0.0,0.0,0.0,0.0,0.0,0.0,0.0,0.0,0.0,0.0
1.182,0.17939099999999986,0.0,0.0,0.0,0.0,0.0,0.0,0.0,0.0,0.0,0.0,0.0,0.0,0.0,0.0,0.0,0.0
1.193,0.19039099999999998,0.0,0.0,0.0,0.0,0.0,0.0,0.0,0.0,0.0,0.0,0.0,0.0,0.0,0.0,0.0,0.0
1.204,0.20139099999999988,0.0,0.0,0.0,0.0,0.0,0.0,0.0,0.0,0.0,0.0,0.0,0.0,0.0,0.0,0.0,0.0
1.215,0.212391,0.0,0.0,0.0,0.0,0.0,0.0,0.0,0.0,0.0,0.0,0.0,0.0,0.0,0.0,0.0,0.0
1.226,0.2233909999999999,0.0,0.0,0.0,0.0,0.0,0.0,0.0,0.0,0.0,0.0,0.0,0.0,0.0,0.0,0.0,0.0
1.238,0.2353909999999999,0.0,0.0,0.0,0.0,0.0,0.0,0.0,0.0,0.0,0.0,0.0,0.0,0.0,0.0,0.0,0.0
1.249,0.24639100000000003,0.0,0.0,0.0,0.0,0.0,0.0,0.0,0.0,0.0,0.0,0.0,0.0,0.0,0.0,0.0,0.0
1.26,0.2573909999999999,0.0,0.0,0.0,0.0,0.0,0.0,0.0,0.0,0.0,0.0,0.0,0.0,0.0,0.0,0.0,0.0
1.271,0.2683909999999998,0.0,0.0,0.0,0.0,0.0,0.0,0.0,0.0,0.0,0.0,0.0,0.0,0.0,0.0,0.0,0.0
1.282,0.27939099999999994,0.0,0.0,0.0,0.0,0.0,0.0,0.0,0.0,0.0,0.0,0.0,0.0,0.0,0.0,0.0,0.0
1.293,0.29039099999999984,0.0,0.0,0.0,0.0,0.0,0.0,0.0,0.0,0.0,0.0,0.0,0.0,0.0,0.0,0.0,0.0
1.304,0.30139099999999996,0.0,0.0,0.0,0.0,0.0,0.0,0.0,0.0,0.0,0.0,0.0,0.0,0.0,0.0,0.0,0.0
1.315,0.31239099999999986,0.0,0.0,0.0,0.0,0.0,0.0,0.0,0.0,0.0,0.0,0.0,0.0,0.0,0.0,0.0,0.0
1.327,0.3243909999999999,0.0,0.0,0.0,0.0,0.0,0.0,0.0,0.0,0.0,0.0,0.0,0.0,0.0,0.0,0.0,0.0
1.338,0.335391,0.0,0.0,0.0,0.0,0.0,0.0,0.0,0.0,0.0,0.0,0.0,0.0,0.0,0.0,0.0,0.0
1.349,0.3463909999999999,0.0,0.0,0.0,0.0,0.0,0.0,0.0,0.0,0.0,0.0,0.0,0.0,0.0,0.0,0.0,0.0
1.36,0.357391,0.0,0.0,0.0,0.0,0.0,0.0,0.0,0.0,0.0,0.0,0.0,0.0,0.0,0.0,0.0,0.0
1.371,0.3683909999999999,0.0,0.0,0.0,0.0,0.0,0.0,0.0,0.0,0.0,0.0,0.0,0.0,0.0,0.0,0.0,0.0
1.382,0.3793909999999998,0.0,0.0,0.0,0.0,0.0,0.0,0.0,0.0,0.0,0.0,0.0,0.0,0.0,0.0,0.0,0.0
1.393,0.39039099999999993,0.0,0.0,0.0,0.0,0.0,0.0,0.0,0.0,0.0,0.0,0.0,0.0,0.0,0.0,0.0,0.0
1.405,0.40239099999999994,0.0,0.0,0.0,0.0,0.0,0.0,0.0,0.0,0.0,0.0,0.0,0.0,0.0,0.0,0.0,0.0
1.416,0.41339099999999984,0.0,0.0,0.0,0.0,0.0,0.0,0.0,0.0,0.0,0.0,0.0,0.0,0.0,0.0,0.0,0.0
1.427,0.42439099999999996,0.0,0.0,0.0,0.0,0.0,0.0,0.0,0.0,0.0,0.0,0.0,0.0,0.0,0.0,0.0,0.0
1.438,0.43539099999999986,0.0,0.0,0.0,0.0,0.0,0.0,0.0,0.0,0.0,0.0,0.0,0.0,0.0,0.0,0.0,0.0
1.449,0.446391,0.0,0.0,0.0,0.0,0.0,0.0,0.0,0.0,0.0,0.0,0.0,0.0,0.0,0.0,0.0,0.0
1.46,0.4573909999999999,0.0,0.0,0.0,0.0,0.0,0.0,0.0,0.0,0.0,0.0,0.0,0.0,0.0,0.0,0.0,0.0
1.471,0.468391,0.0,0.0,0.0,0.0,0.0,0.0,0.0,0.0,0.0,0.0,0.0,0.0,0.0,0.0,0.0,0.0
1.483,0.480391,0.0,0.0,0.0,0.0,0.0,0.0,0.0,0.0,0.0,0.0,0.0,0.0,0.0,0.0,0.0,0.0
1.494,0.4913909999999999,0.0,0.0,0.0,0.0,0.0,0.0,0.0,0.0,0.0,0.0,0.0,0.0,0.0,0.0,0.0,0.0
1.505,0.5023909999999998,0.0,0.0,0.0,0.0,0.0,0.0,0.0,0.0,0.0,0.0,0.0,0.0,0.0,0.0,0.0,0.0
1.516,0.5133909999999999,0.0,0.0,0.0,0.0,0.0,0.0,0.0,0.0,0.0,0.0,0.0,0.0,0.0,0.0,0.0,0.0
1.527,0.5243909999999998,0.0,0.0,0.0,0.0,0.0,0.0,0.0,0.0,0.0,0.0,0.0,0.0,0.0,0.0,0.0,0.0
1.538,0.535391,0.0,0.0,0.0,0.0,0.0,0.0,0.0,0.0,0.0,0.0,0.0,0.0,0.0,0.0,0.0,0.0
1.549,0.5463909999999998,0.0,0.0,0.0,0.0,0.0,0.0,0.0,0.0,0.0,0.0,0.0,0.0,0.0,0.0,0.0,0.0
1.56,0.557391,0.0,0.0,0.0,0.0,0.0,0.0,0.0,0.0,0.0,0.0,0.0,0.0,0.0,0.0,0.0,0.0
1.572,0.569391,0.0,0.0,0.0,0.0,0.0,0.0,0.0,0.0,0.0,0.0,0.0,0.0,0.0,0.0,0.0,0.0
1.583,0.5803909999999999,0.0,0.0,0.0,0.0,0.0,0.0,0.0,0.0,0.0,0.0,0.0,0.0,0.0,0.0,0.0,0.0
1.594,0.591391,0.0,0.0,0.0,0.0,0.0,0.0,0.0,0.0,0.0,0.0,0.0,0.0,0.0,0.0,0.0,0.0
1.605,0.6023909999999999,0.0,0.0,0.0,0.0,0.0,0.0,0.0,0.0,0.0,0.0,0.0,0.0,0.0,0.0,0.0,0.0
1.616,0.613391,0.0,0.0,0.0,0.0,0.0,0.0,0.0,0.0,0.0,0.0,0.0,0.0,0.0,0.0,0.0,0.0
1.627,0.6243909999999999,0.0,0.0,0.0,0.0,0.0,0.0,0.0,0.0,0.0,0.0,0.0,0.0,0.0,0.0,0.0,0.0
1.638,0.6353909999999998,0.0,0.0,0.0,0.0,0.0,0.0,0.0,0.0,0.0,0.0,0.0,0.0,0.0,0.0,0.0,0.0
1.65,0.6473909999999998,0.0,0.0,0.0,0.0,0.0,0.0,0.0,0.0,0.0,0.0,0.0,0.0,0.0,0.0,0.0,0.0
1.661,0.658391,0.0,0.0,0.0,0.0,0.0,0.0,0.0,0.0,0.0,0.0,0.0,0.0,0.0,0.0,0.0,0.0
1.672,0.6693909999999998,0.0,0.0,0.0,0.0,0.0,0.0,0.0,0.0,0.0,0.0,0.0,0.0,0.0,0.0,0.0,0.0
1.683,0.680391,0.0,0.0,0.0,0.0,0.0,0.0,0.0,0.0,0.0,0.0,0.0,0.0,0.0,0.0,0.0,0.0
1.694,0.6913909999999999,0.0,0.0,0.0,0.0,0.0,0.0,0.0,0.0,0.0,0.0,0.0,0.0,0.0,0.0,0.0,0.0
1.705,0.702391,0.0,0.0,0.0,0.0,0.0,0.0,0.0,0.0,0.0,0.0,0.0,0.0,0.0,0.0,0.0,0.0
1.716,0.7133909999999999,0.0,0.0,0.0,0.0,0.0,0.0,0.0,0.0,0.0,0.0,0.0,0.0,0.0,0.0,0.0,0.0
1.727,0.724391,0.0,0.0,0.0,0.0,0.0,0.0,0.0,0.0,0.0,0.0,0.0,0.0,0.0,0.0,0.0,0.0
1.739,0.736391,0.0,0.0,0.0,0.0,0.0,0.0,0.0,0.0,0.0,0.0,0.0,0.0,0.0,0.0,0.0,0.0
1.75,0.7473909999999999,0.0,0.0,0.0,0.0,0.0,0.0,0.0,0.0,0.0,0.0,0.0,0.0,0.0,0.0,0.0,0.0
1.761,0.7583909999999998,0.0,0.0,0.0,0.0,0.0,0.0,0.0,0.0,0.0,0.0,0.0,0.0,0.0,0.0,0.0,0.0
1.772,0.7693909999999999,0.0,0.0,0.0,0.0,0.0,0.0,0.0,0.0,0.0,0.0,0.0,0.0,0.0,0.0,0.0,0.0
1.783,0.7803909999999998,0.0,0.0,0.0,0.0,0.0,0.0,0.0,0.0,0.0,0.0,0.0,0.0,0.0,0.0,0.0,0.0
1.794,0.791391,0.0,0.0,0.0,0.0,0.0,0.0,0.0,0.0,0.0,0.0,0.0,0.0,0.0,0.0,0.0,0.0
1.805,0.8023909999999999,0.0,0.0,0.0,0.0,0.0,0.0,0.0,0.0,0.0,0.0,0.0,0.0,0.0,0.0,0.0,0.0
1.817,0.8143909999999999,0.0,0.0,0.0,0.0,0.0,0.0,0.0,0.0,0.0,0.0,0.0,0.0,0.0,0.0,0.0,0.0
1.828,0.825391,0.0,0.0,0.0,0.0,0.0,0.0,0.0,0.0,0.0,0.0,0.0,0.0,0.0,0.0,0.0,0.0
1.839,0.8363909999999999,0.0,0.0,0.0,0.0,0.0,0.0,0.0,0.0,0.0,0.0,0.0,0.0,0.0,0.0,0.0,0.0
1.85,0.847391,0.0,0.0,0.0,0.0,0.0,0.0,0.0,0.0,0.0,0.0,0.0,0.0,0.0,0.0,0.0,0.0
1.861,0.8583909999999999,0.0,0.0,0.0,0.0,0.0,0.0,0.0,0.0,0.0,0.0,0.0,0.0,0.0,0.0,0.0,0.0
1.872,0.869391,0.0,0.0,0.0,0.0,0.0,0.0,0.0,0.0,0.0,0.0,0.0,0.0,0.0,0.0,0.0,0.0
1.883,0.8803909999999999,0.0,0.0,0.0,0.0,0.0,0.0,0.0,0.0,0.0,0.0,0.0,0.0,0.0,0.0,0.0,0.0
1.894,0.8913909999999998,0.0,0.0,0.0,0.0,0.0,0.0,0.0,0.0,0.0,0.0,0.0,0.0,0.0,0.0,0.0,0.0
1.906,0.9033909999999998,0.0,0.0,0.0,0.0,0.0,0.0,0.0,0.0,0.0,0.0,0.0,0.0,0.0,0.0,0.0,0.0
1.917,0.914391,0.0,0.0,0.0,0.0,0.0,0.0,0.0,0.0,0.0,0.0,0.0,0.0,0.0,0.0,0.0,0.0
1.928,0.9253909999999999,0.0,0.0,0.0,0.0,0.0,0.0,0.0,0.0,0.0,0.0,0.0,0.0,0.0,0.0,0.0,0.0
1.939,0.936391,0.0,0.0,0.0,0.0,0.0,0.0,0.0,0.0,0.0,0.0,0.0,0.0,0.0,0.0,0.0,0.0
1.95,0.9473909999999999,0.0,0.0,0.0,0.0,0.0,0.0,0.0,0.0,0.0,0.0,0.0,0.0,0.0,0.0,0.0,0.0
1.961,0.958391,0.0,0.0,0.0,0.0,0.0,0.0,0.0,0.0,0.0,0.0,0.0,0.0,0.0,0.0,0.0,0.0
1.972,0.9693909999999999,0.0,0.0,0.0,0.0,0.0,0.0,0.0,0.0,0.0,0.0,0.0,0.0,0.0,0.0,0.0,0.0
1.984,0.9813909999999999,0.0,0.0,0.0,0.0,0.0,0.0,0.0,0.0,0.0,0.0,0.0,0.0,0.0,0.0,0.0,0.0
1.995,0.992391,0.0,0.0,0.0,0.0,0.0,0.0,0.0,0.0,0.0,0.0,0.0,0.0,0.0,0.0,0.0,0.0
2.006,1.0033909999999997,0.0,0.0,0.0,0.0,0.0,0.0,0.0,0.0,0.0,0.0,0.0,0.0,0.0,0.0,0.0,0.0
2.017,1.0143909999999998,0.0,0.0,0.0,0.0,0.0,0.0,0.0,0.0,0.0,0.0,0.0,0.0,0.0,0.0,0.0,0.0
2.028,1.025391,0.0,0.0,0.0,0.0,0.0,0.0,0.0,0.0,0.0,0.0,0.0,0.0,0.0,0.0,0.0,0.0
2.039,1.036391,0.0,0.0,0.0,0.0,0.0,0.0,0.0,0.0,0.0,0.0,0.0,0.0,0.0,0.0,0.0,0.0
2.05,1.0473909999999997,0.0,0.0,0.0,0.0,0.0,0.0,0.0,0.0,0.0,0.0,0.0,0.0,0.0,0.0,0.0,0.0
2.062,1.0593909999999997,0.0,0.0,0.0,0.0,0.0,0.0,0.0,0.0,0.0,0.0,0.0,0.0,0.0,0.0,0.0,0.0
2.073,1.0703909999999999,0.0,0.0,0.0,0.0,0.0,0.0,0.0,0.0,0.0,0.0,0.0,0.0,0.0,0.0,0.0,0.0
2.084,1.081391,0.0,0.0,0.0,0.0,0.0,0.0,0.0,0.0,0.0,0.0,0.0,0.0,0.0,0.0,0.0,0.0
2.095,1.0923910000000001,0.0,0.0,0.0,0.0,0.0,0.0,0.0,0.0,0.0,0.0,0.0,0.0,0.0,0.0,0.0,0.0
2.106,1.1033909999999998,0.0,0.0,0.0,0.0,0.0,0.0,0.0,0.0,0.0,0.0,0.0,0.0,0.0,0.0,0.0,0.0
2.117,1.114391,0.0,0.0,0.0,0.0,0.0,0.0,0.0,0.0,0.0,0.0,0.0,0.0,0.0,0.0,0.0,0.0
2.128,1.125391,0.0,0.0,0.0,0.0,0.0,0.0,0.0,0.0,0.0,0.0,0.0,0.0,0.0,0.0,0.0,0.0
2.139,1.1363909999999997,0.0,0.0,0.0,0.0,0.0,0.0,0.0,0.0,0.0,0.0,0.0,0.0,0.0,0.0,0.0,0.0
2.151,1.1483909999999997,0.0,0.0,0.0,0.0,0.0,0.0,0.0,0.0,0.0,0.0,0.0,0.0,0.0,0.0,0.0,0.0
2.162,1.1593909999999998,0.0,0.0,0.0,0.0,0.0,0.0,0.0,0.0,0.0,0.0,0.0,0.0,0.0,0.0,0.0,0.0
2.173,1.170391,0.0,0.0,0.0,0.0,0.0,0.0,0.0,0.0,0.0,0.0,0.0,0.0,0.0,0.0,0.0,0.0
2.184,1.181391,0.0,0.0,0.0,0.0,0.0,0.0,0.0,0.0,0.0,0.0,0.0,0.0,0.0,0.0,0.0,0.0
2.195,1.1923909999999998,0.0,0.0,0.0,0.0,0.0,0.0,0.0,0.0,0.0,0.0,0.0,0.0,0.0,0.0,0.0,0.0
2.206,1.2033909999999999,0.0,0.0,0.0,0.0,0.0,0.0,0.0,0.0,0.0,0.0,0.0,0.0,0.0,0.0,0.0,0.0
2.217,1.214391,0.0,0.0,0.0,0.0,0.0,0.0,0.0,0.0,0.0,0.0,0.0,0.0,0.0,0.0,0.0,0.0
2.229,1.226391,0.0,0.0,0.0,0.0,0.0,0.0,0.0,0.0,0.0,0.0,0.0,0.0,0.0,0.0,0.0,0.0
2.24,1.2373910000000001,0.0,0.0,0.0,0.0,0.0,0.0,0.0,0.0,0.0,0.0,0.0,0.0,0.0,0.0,0.0,0.0
2.251,1.2483909999999998,0.0,0.0,0.0,0.0,0.0,0.0,0.0,0.0,0.0,0.0,0.0,0.0,0.0,0.0,0.0,0.0
2.262,1.259391,0.0,0.0,0.0,0.0,0.0,0.0,0.0,0.0,0.0,0.0,0.0,0.0,0.0,0.0,0.0,0.0
2.273,1.270391,0.0,0.0,0.0,0.0,0.0,0.0,0.0,0.0,0.0,0.0,0.0,0.0,0.0,0.0,0.0,0.0
2.284,1.2813909999999997,0.0,0.0,0.0,0.0,0.0,0.0,0.0,0.0,0.0,0.0,0.0,0.0,0.0,0.0,0.0,0.0
2.295,1.2923909999999998,0.0,0.0,0.0,0.0,0.0,0.0,0.0,0.0,0.0,0.0,0.0,0.0,0.0,0.0,0.0,0.0
2.306,1.303391,0.0,0.0,0.0,0.0,0.0,0.0,0.0,0.0,0.0,0.0,0.0,0.0,0.0,0.0,0.0,0.0
2.318,1.315391,0.0,0.0,0.0,0.0,0.0,0.0,0.0,0.0,0.0,0.0,0.0,0.0,0.0,0.0,0.0,0.0
2.329,1.326391,0.0,0.0,0.0,0.0,0.0,0.0,0.0,0.0,0.0,0.0,0.0,0.0,0.0,0.0,0.0,0.0
2.34,1.3373909999999998,0.0,0.0,0.0,0.0,0.0,0.0,0.0,0.0,0.0,0.0,0.0,0.0,0.0,0.0,0.0,0.0
2.351,1.348391,0.0,0.0,0.0,0.0,0.0,0.0,0.0,0.0,0.0,0.0,0.0,0.0,0.0,0.0,0.0,0.0
2.362,1.359391,0.0,0.0,0.0,0.0,0.0,0.0,0.0,0.0,0.0,0.0,0.0,0.0,0.0,0.0,0.0,0.0
2.373,1.3703910000000001,0.0,0.0,0.0,0.0,0.0,0.0,0.0,0.0,0.0,0.0,0.0,0.0,0.0,0.0,0.0,0.0
2.384,1.3813909999999998,0.0,0.0,0.0,0.0,0.0,0.0,0.0,0.0,0.0,0.0,0.0,0.0,0.0,0.0,0.0,0.0
2.396,1.3933909999999998,0.0,0.0,0.0,0.0,0.0,0.0,0.0,0.0,0.0,0.0,0.0,0.0,0.0,0.0,0.0,0.0
2.407,1.404391,0.0,0.0,0.0,0.0,0.0,0.0,0.0,0.0,0.0,0.0,0.0,0.0,0.0,0.0,0.0,0.0
2.418,1.415391,0.0,0.0,0.0,0.0,0.0,0.0,0.0,0.0,0.0,0.0,0.0,0.0,0.0,0.0,0.0,0.0
2.429,1.4263909999999997,0.0,0.0,0.0,0.0,0.0,0.0,0.0,0.0,0.0,0.0,0.0,0.0,0.0,0.0,0.0,0.0
2.44,1.4373909999999999,0.0,0.0,0.0,0.0,0.0,0.0,0.0,0.0,0.0,0.0,0.0,0.0,0.0,0.0,0.0,0.0
2.451,1.448391,0.0,0.0,0.0,0.0,0.0,0.0,0.0,0.0,0.0,0.0,0.0,0.0,0.0,0.0,0.0,0.0
2.462,1.459391,0.0,0.0,0.0,0.0,0.0,0.0,0.0,0.0,0.0,0.0,0.0,0.0,0.0,0.0,0.0,0.0
2.473,1.4703909999999998,0.0,0.0,0.0,0.0,0.0,0.0,0.0,0.0,0.0,0.0,0.0,0.0,0.0,0.0,0.0,0.0
2.485,1.4823909999999998,0.0,0.0,0.0,0.0,0.0,0.0,0.0,0.0,0.0,0.0,0.0,0.0,0.0,0.0,0.0,0.0
2.496,1.493391,0.0044325,4.1415000000000004e-08,2.5065750000000002e-06,1.079609825e-05,3.61525e-05,0.00076265675,3.45763225e-06,4.189e-05,0.000773438,5.6865775e-06,1.6765999999999998e-07,4.1202475e-05,0.0,0.00018535750000000004,0.00016998405,0.00010387216497500001
2.507,1.504391,0.039375,4.0822499999999996e-07,2.224425e-05,9.553543249999999e-05,0.000317575,0.00677976,3.10041625e-05,0.000368225,0.0068734825,5.09596525e-05,1.65315e-06,0.00037125950000000004,0.0,0.0016440475000000004,0.0015122657499999994,0.0009228028839999998
2.518,1.5153909999999997,0.0746,1.0199750000000001e-06,4.198575e-05,0.00017903635000000002,0.0005882750000000001,0.0128660575,6.01602e-05,0.0006827749999999999,0.013030799999999999,9.884967499999999e-05,3.825000000000001e-06,0.00072188075,0.0,0.0031028674999999993,0.00289734025,0.0017490024875000004
2.529,1.5263909999999998,0.112725,1.8070250000000003e-06,6.327775e-05,0.00026810105000000004,0.000872225,0.0194754325,9.2709925e-05,0.0010132499999999998,0.019716075,0.000152227625,6.466e-06,0.0011152599999999999,0.0,0.004675165,0.00441765,0.0026445147699999997
2.54,1.537391,0.154025,2.8432500000000003e-06,8.6256e-05,0.00036330395,0.00117475,0.0266499,0.0001286147,0.00136575,0.0269603,0.00021112464999999998,9.5495e-06,0.001560195,0.0,0.006369975,0.00608659,0.0036161133950000004
2.551,1.548391,0.194525,4.189e-06,0.00010854524999999999,0.00045418274999999995,0.00146625,0.0337029,0.0001649354,0.0017057499999999998,0.034062974999999995,0.00027077662499999997,1.295475e-05,0.0020238475000000002,0.0,0.008014975000000002,0.00778371,0.004569242952499999
2.563,1.560391,0.23595,5.751000000000001e-06,0.00013114825,0.00054543275,0.001761,0.040933375,0.000202946925,0.0020505,0.041340375000000006,0.00033321325,1.6672000000000002e-05,0.0025168225,0.0,0.009686699999999998,0.009568512500000001,0.0055456388775
2.574,1.5713909999999998,0.2795,7.51e-06,0.00015473525,0.00064001875,0.002068,0.04852895000000001,0.0002433523,0.00241,0.0489783,0.00039955400000000004,2.0726e-05,0.0030460025,0.0,0.011432375000000003,0.01146922,0.006570070065000002
2.585,1.5823909999999999,0.32425,9.6215e-06,0.000178779,0.0007356800000000001,0.0023825,0.0563563,0.0002855449,0.00277925,0.05683905,0.0004688335,2.52025e-05,0.00362031,0.0,0.013217075000000002,0.013465812499999999,0.007625731374999998
2.596,1.593391,0.37025,1.2061249999999999e-05,0.00020336999999999997,0.0008326965,0.002706,0.064465475,0.0003297155,0.003159,0.064966325,0.000541472,3.00575e-05,0.004245395,0.0,0.015048100000000002,0.015568370000000002,0.008720172125
2.607,1.6043910000000001,0.41725,1.4816750000000002e-05,0.00022793000000000002,0.000928975,0.00303475,0.072713375,0.00037543475,0.0035457500000000003,0.07322115000000001,0.0006166654999999999,3.523e-05,0.0049013625,0.0,0.016890374999999996,0.017777515,0.009831442399999998
2.618,1.6153909999999998,0.469,1.804475e-05,0.00025472250000000004,0.00103469925,0.00340675,0.0817788,0.000425411,0.00397525,0.0822905,0.0007025465,4.125e-05,0.0056192775,0.0,0.018906600000000006,0.0203087125,0.01105246945
2.629,1.626391,0.5355,2.3048e-05,0.00028894000000000006,0.0011713412499999999,0.0038857500000000003,0.09344455,0.00048772199999999995,0.00450725,0.09396675,0.00082108925,5.0485e-05,0.0065909,0.0,0.021488875,0.023633499999999995,0.012627256750000001
2.64,1.637391,0.59375,2.8462499999999997e-05,0.00031810749999999994,0.001285368,0.004265,0.103744075,0.00054492925,0.004934249999999999,0.10425000000000001,0.000927376,6.0057500000000006e-05,0.007561600000000001,0.0,0.023717499999999996,0.02651555,0.014018592600000001
2.652,1.649391,0.63425,3.273e-05,0.0003372,0.0013614274999999999,0.004505,0.11091175,0.0005891679999999999,0.005197750000000001,0.1113775,0.0010123240000000002,6.8325e-05,0.0082043,0.0,0.0252285,0.028775775,0.014971967999999999
2.663,1.6603909999999997,0.71,3.9105e-05,0.00037099499999999994,0.00152502,0.004907,0.12425824999999999,0.0006700715,0.005622749999999999,0.12479025,0.0011775875,8.15975e-05,0.009102150000000002,0.0,0.028119750000000002,0.032856775000000005,0.016716849575
2.674,1.6713909999999998,0.785,4.60075e-05,0.00040368250000000005,0.0017090874999999997,0.0052794999999999995,0.13733775,0.0007547739999999999,0.0059924999999999996,0.13796225,0.0013667899999999999,9.93775e-05,0.0099864,0.0,0.0310115,0.036950250000000004,0.018420761249999997
2.685,1.682391,0.8445,5.369500000000001e-05,0.00042937,0.0018467499999999999,0.0055785,0.1477135,0.0008231099999999999,0.006301000000000001,0.14840925,0.0015164024999999998,0.0001179,0.010886025,0.0,0.033252000000000004,0.04024947500000001,0.0197851658
2.696,1.693391,0.9265,6.59275e-05,0.00046692249999999994,0.002027195,0.00601225,0.16218675000000002,0.000908565,0.00676725,0.16293375000000002,0.0017009949999999999,0.0001429025,0.0124743,0.0,0.036365999999999996,0.044268075,0.02173474225
2.707,1.7043909999999998,1.0065,7.83775e-05,0.0005036824999999999,0.00220527,0.0064294999999999995,0.1761615,0.00099363,0.00719975,0.17703675000000002,0.00189257,0.0001698825,0.01397885,0.0,0.0393855,0.048329825,0.023613071
2.718,1.7153909999999999,1.083,9.041000000000001e-05,0.0005392275,0.0023760025,0.006846499999999999,0.189612,0.00107599,0.007627999999999999,0.19054074999999998,0.0020809925,0.00019752750000000003,0.01541375,0.0,0.042266,0.052362075,0.025411765500000003
2.73,1.727391,1.18325,0.00010507250000000001,0.00058299,0.0025805275,0.00742675,0.20734325000000003,0.001177125,0.0082485,0.2082385,0.0022989925,0.00022832499999999998,0.01699075,0.0,0.0459905,0.057883500000000004,0.027746700750000006
2.741,1.738391,1.26,0.00011825749999999998,0.000616745,0.00273416,0.007896750000000001,0.22093575000000001,0.001257425,0.008741,0.22180750000000002,0.0024792275000000003,0.0002588,0.018295150000000003,0.0,0.048787750000000005,0.062486250000000014,0.029536093999999995
2.752,1.7493909999999997,1.331,0.0001305975,0.00064586,0.0028689700000000006,0.00829825,0.23356549999999998,0.001335625,0.009162,0.234375,0.002651965,0.0002878,0.019531925,0.0,0.05131225,0.06686375,0.0311776675
2.763,1.7603909999999998,1.41725,0.0001468175,0.0006824775,0.0030363674999999996,0.00876425,0.249004,0.0014305175,0.0096645,0.24972250000000001,0.0028587075,0.000323825,0.0211849,0.0,0.0544425,0.07186725,0.03320062925
2.774,1.771391,1.5025,0.00016533249999999998,0.0007165949999999999,0.00318777,0.009218500000000001,0.26443324999999995,0.0015245775,0.010169999999999998,0.26498499999999997,0.0030577350000000007,0.0003651,0.02308095,0.0,0.0574325,0.0768575,0.035224295249999996
2.785,1.782391,1.6255,0.00018861,0.0007666999999999999,0.0034145075,0.0099225,0.28651174999999995,0.0016492925,0.010964999999999999,0.28696,0.0033190575,0.00042364999999999997,0.025687250000000002,0.0,0.0618475,0.08364800000000001,0.03815676875
2.796,1.7933909999999997,1.7935,0.0002177125,0.0008349150000000001,0.00370087,0.01093,0.31690050000000003,0.001807735,0.0120925,0.31697,0.003648925,0.0004905,0.02924145,0.0,0.06789499999999998,0.09266724999999999,0.042201338250000005
2.808,1.8053909999999997,1.9235,0.000244475,0.000886565,0.0039044275,0.0116775,0.34076175,0.0019360150000000001,0.013005,0.34045500000000006,0.0038877325,0.000556575,0.03251105,0.0,0.072475,0.09955549999999998,0.0454039935
2.819,1.8163909999999999,2.06975,0.00027615749999999997,0.0009422925,0.0041310925,0.01247,0.36777499999999996,0.0020812549999999997,0.014055,0.36691500000000005,0.0041404,0.000626775,0.036604649999999996,0.0,0.07762999999999998,0.10687825000000001,0.049071802000000005
2.83,1.827391,2.198,0.00030235500000000003,0.0009880975,0.004320712500000001,0.013125000000000001,0.391715,0.0022138275000000004,0.0149575,0.3902325,0.0043652050000000005,0.000693075,0.0403995,0.0,0.08204750000000001,0.1134665,0.05231130150000001
2.841,1.838391,2.24225,0.000315615,0.0010080624999999998,0.00437595,0.01334,0.4000125,0.002279765,0.015275,0.3982325,0.0044840775,0.0007641,0.042284600000000006,0.0,0.08335750000000001,0.11641750000000001,0.05343023424999999
2.852,1.8493909999999998,2.31225,0.00032931000000000003,0.00104043,0.00446205,0.01378,0.41276750000000006,0.002364925,0.01572,0.4107975,0.004678475,0.00084545,0.044100025,0.0,0.08559000000000001,0.12130875,0.05507659625
2.863,1.860391,2.35675,0.00033952499999999997,0.0010600425,0.004493499999999999,0.014070000000000001,0.42118500000000003,0.0024261574999999997,0.016030000000000003,0.418825,0.0048113,0.000923275,0.0454556,0.0,0.08682,0.12505175000000002,0.056126177
2.874,1.871391,2.505,0.00036490000000000003,0.0011102125000000001,0.004704550000000001,0.01483,0.4490125,0.0025830525,0.01683,0.44606,0.005127624999999999,0.0010585999999999998,0.048536499999999996,0.0,0.09174250000000002,0.13433325000000002,0.05962791399999999
2.885,1.8823909999999997,2.67,0.00039784999999999994,0.00117672,0.0049406499999999996,0.0156175,0.4797524999999999,0.0027624375,0.0176725,0.4762925,0.00549985,0.00121985,0.052336925000000006,0.0,0.09728750000000004,0.144126,0.06353469675000001
2.897,1.8943909999999997,2.79,0.00042560000000000005,0.00123183,0.005099575,0.016184999999999998,0.50169,0.0029069125,0.018315,0.49785,0.005796725,0.0014390999999999998,0.0555905,0.0,0.1010825,0.15146025,0.06631853625
2.908,1.9053909999999998,2.8975,0.00044685,0.00128502,0.005239,0.016862500000000002,0.521265,0.0030397849999999997,0.019045,0.5171,0.0060763,0.0017191,0.058447,0.0,0.10437,0.15875124999999998,0.06880502575
2.919,1.916391,3.02,0.00047245,0.0013508500000000002,0.005429725,0.017667500000000003,0.543355,0.0031926575000000004,0.019905000000000003,0.53902,0.006416425,0.0021119999999999997,0.061526250000000005,0.0,0.108195,0.167073,0.07156885699999999
2.93,1.927391,3.1175,0.00049025,0.0014056774999999999,0.005609225000000001,0.0183525,0.5607675,0.0033391799999999998,0.0206425,0.5563975,0.006730175,0.00262325,0.06394275,0.0,0.11102250000000001,0.17456100000000002,0.07368438975000001
2.941,1.9383909999999998,3.1725,0.000497625,0.0014332874999999998,0.005710875000000001,0.018795,0.5701550000000001,0.0034545549999999998,0.0211075,0.5656975,0.006943,0.0031465,0.06540375000000001,0.0,0.1121375,0.17974249999999997,0.0747234495
2.952,1.9493909999999999,3.38,0.00052255,0.001523205,0.006137725,0.0202075,0.6072550000000001,0.0037754499999999996,0.0226875,0.602385,0.007514325,0.0038932500000000004,0.06987225,0.0,0.11856,0.19459325,0.079315105
2.963,1.960391,3.5375,0.0005496499999999999,0.0016125875000000001,0.00640195,0.021317499999999996,0.6353425,0.0039808325,0.0238225,0.630295,0.00794715,0.0046685,0.07363299999999999,0.0,0.1231475,0.20551250000000001,0.08277198849999998
2.975,1.972391,3.6,0.00057105,0.0016859924999999998,0.006498425,0.021842499999999997,0.6457725000000001,0.0040665575,0.024310000000000002,0.6409775,0.008169349999999999,0.0059705,0.076334,0.0,0.123945,0.20937375000000005,0.0839340425
2.986,1.9833910000000001,3.755,0.0006043,0.0017789775,0.00685155,0.022925,0.6727825000000001,0.00430567,0.025412499999999998,0.668415,0.008642575,0.008041749999999999,0.08072025000000001,0.0,0.1273675,0.2190465,0.08702262499999999
2.997,1.9943909999999998,3.8075,0.000613475,0.0018524225,0.007093999999999999,0.0235,0.6803675,0.00445866,0.02588,0.6766099999999999,0.008920575,0.0102065,0.0832505,0.0,0.12700499999999998,0.22299724999999995,0.08760858500000002
3.008,2.005391,3.825,0.0006096,0.0019056625,0.007278625,0.0240625,0.6819525,0.0045750750000000005,0.0262625,0.6787425,0.009116225,0.012227,0.08468975,0.0,0.12551749999999998,0.22598100000000004,0.08742980250000003
3.019,2.016391,3.8675,0.0006144,0.0019716624999999996,0.007496575,0.0247225,0.6876325,0.00471155,0.0267875,0.6850425,0.00935555,0.014348250000000002,0.08689225,0.0,0.12486000000000001,0.22956099999999996,0.08781692249999999
3.03,2.0273909999999997,3.935,0.0006293,0.002051325,0.007775175000000001,0.02555,0.6980975,0.004880725,0.027525,0.696195,0.009653825,0.016757,0.09017275,0.0,0.12497250000000001,0.23410825,0.08883100249999999
3.041,2.038391,4.065,0.0006562250000000001,0.0021541999999999998,0.008077875,0.0266925,0.7205325,0.0050779250000000005,0.028415,0.71895,0.0100548,0.018768999999999997,0.09517325000000001,0.0,0.12746000000000002,0.242005,0.09148880999999998
3.052,2.049391,4.2925,0.0006982500000000001,0.002304675,0.008512299999999999,0.028544999999999997,0.7612375000000001,0.00534625,0.029545000000000002,0.7599,0.010668225,0.021245,0.1028405,0.0,0.132825,0.25509649999999995,0.09641893750000001
3.064,2.061391,4.43,0.0007195999999999999,0.0024031,0.008883675,0.03001,0.7846774999999999,0.0055839999999999996,0.03056,0.78405,0.011125825,0.02448,0.1085425,0.0,0.1345025,0.2629185,0.09898647750000002
3.075,2.072391,4.39,0.000726275,0.002454725,0.0086944,0.0299175,0.7779050000000001,0.005565075,0.0301975,0.7769499999999999,0.011123150000000002,0.02435,0.109045,0.0,0.13260000000000002,0.26264924999999995,0.09806873
3.086,2.0833909999999998,4.2625,0.000712825,0.0024466,0.008428825,0.0291625,0.7549025,0.005488950000000001,0.0293875,0.75405,0.010962375,0.02441,0.10733,0.0,0.12772,0.25681525,0.09504537749999999
3.097,2.094391,4.2,0.0007089999999999999,0.002483575,0.00834345,0.0288425,0.7424999999999999,0.00550305,0.0292025,0.742075,0.010966550000000002,0.02513,0.1071925,0.0,0.12461000000000001,0.2543435,0.093346465
3.108,2.105391,4.1625,0.0007113499999999999,0.0025322750000000005,0.0082863,0.028605,0.7349249999999999,0.005545375,0.029245,0.7346250000000001,0.011016425,0.025792500000000003,0.107525,0.0,0.12244999999999999,0.25353475000000003,0.09226045250000002
3.119,2.116391,4.17,0.0007241999999999999,0.0026076750000000003,0.008337675,0.0285075,0.735025,0.005662575000000001,0.02962,0.73495,0.011162700000000001,0.027312499999999997,0.10951250000000001,0.0,0.1211025,0.25430400000000003,0.09201804749999999
3.13,2.127391,4.125,0.000726325,0.0026281250000000003,0.0082586,0.02807,0.72665,0.005722925,0.029625,0.7265250000000001,0.011172225000000001,0.028440000000000003,0.1095675,0.0,0.1182025,0.25279025,0.09061880750000001
3.142,2.139391,4.11,0.000743375,0.002673025,0.008227749999999999,0.0278575,0.7232999999999999,0.0058297999999999996,0.029875,0.7231749999999999,0.011245274999999999,0.030334999999999997,0.1101325,0.0,0.115665,0.25280250000000004,0.0896650325
3.153,2.150391,4.1375,0.000762275,0.002737,0.0082647,0.0279975,0.7276750000000001,0.005975775,0.030365,0.7273499999999999,0.01143205,0.031925,0.111755,0.0,0.11480999999999997,0.255894,0.08978684750000002
3.164,2.161391,4.1175,0.000774375,0.002767325,0.00824335,0.027935,0.7236,0.00605525,0.0304325,0.723325,0.011516849999999999,0.033125,0.1122,0.0,0.11279999999999998,0.2560835,0.08892589249999999
3.175,2.1723909999999997,3.985,0.000765,0.0026908749999999997,0.008088574999999999,0.0274375,0.69815,0.0059879999999999985,0.0296975,0.6982750000000001,0.011346700000000001,0.03374,0.10938499999999998,0.0,0.10741500000000001,0.2498035,0.08541124500000002
3.186,2.183391,3.9275,0.00076615,0.00268535,0.00797415,0.027157499999999998,0.6875,0.006007175,0.0294175,0.6875749999999999,0.011313674999999999,0.034775,0.1089025,0.0,0.10417749999999999,0.2474575,0.08368552500000001
3.197,2.194391,4.0675,0.00081325,0.0028498499999999997,0.008019225000000001,0.0277175,0.71455,0.0062407,0.0300175,0.714275,0.01168025,0.0372,0.115345,0.0,0.1062275,0.25484399999999996,0.0866997575
3.208,2.205391,4.0575,0.000828075,0.0029166249999999995,0.0081576,0.0278025,0.7093,0.0064226000000000005,0.030235,0.71055,0.01188295,0.04091,0.11692000000000001,0.0,0.1026425,0.253449,0.0852118175
3.219,2.216391,4.035,0.000851075,0.00296705,0.008043999999999999,0.027672500000000003,0.70485,0.006481675,0.0300825,0.706325,0.01195075,0.041960000000000004,0.11706749999999999,0.0,0.1005425,0.25348775,0.08424005999999999
3.231,2.228391,4.105,0.0008879249999999999,0.00306575,0.008150524999999999,0.0283775,0.7165,0.006677675,0.03068,0.71845,0.01228775,0.0441475,0.12009500000000001,0.0,0.10059749999999999,0.25935625,0.0851487575
3.242,2.239391,4.16,0.000927075,0.003155925,0.00829735,0.02874,0.724575,0.006909375,0.031345,0.727225,0.012569125,0.047029999999999995,0.12306500000000001,0.0,0.0996625,0.26307349999999996,0.08545733750000001
3.253,2.250391,4.2425,0.000967475,0.0032783499999999998,0.008536625,0.029335,0.7373000000000001,0.0071895,0.032265,0.740775,0.01293385,0.05056750000000001,0.1272775,0.0,0.09916250000000001,0.26782625,0.08627304999999999
3.264,2.2613909999999997,4.32,0.001005725,0.0033796499999999997,0.008832999999999999,0.0299875,0.7488,0.007486025,0.0333425,0.753325,0.0133078,0.0540825,0.1312575,0.0,0.0985825,0.27295549999999996,0.08692006
3.275,2.272391,4.475,0.0010632500000000002,0.00354325,0.009179425,0.031084999999999998,0.7741,0.00788555,0.0347425,0.7795749999999999,0.0138806,0.058274999999999993,0.1375325,0.0,0.09967749999999999,0.28265324999999997,0.08925432000000003
3.286,2.283391,4.665,0.0010917750000000001,0.0036673750000000005,0.010112325,0.032785,0.8021,0.008513924999999999,0.0374375,0.8094,0.0146617,0.06532,0.14901499999999998,0.0,0.0997175,0.291439,0.0915587125
3.297,2.294391,4.42,0.0010528750000000002,0.0034611999999999998,0.00949115,0.0313175,0.759025,0.008213950000000001,0.0361375,0.76495,0.014127899999999999,0.06166749999999999,0.1375325,0.0,0.094495,0.28465950000000007,0.08576204749999998
3.309,2.306391,4.365,0.001052225,0.0034265,0.009473849999999999,0.031305,0.7469000000000001,0.00823805,0.0361675,0.7530999999999999,0.014138425,0.06221499999999999,0.135825,0.0,0.09189499999999999,0.28399575,0.08373377500000001
3.32,2.3173909999999998,4.2975,0.001044175,0.0033974499999999998,0.009470375000000001,0.0312375,0.733025,0.008250124999999999,0.036115,0.73965,0.014137524999999998,0.062695,0.1341375,0.0,0.08905750000000001,0.28249525,0.08154674
3.331,2.328391,4.2025,0.001023275,0.003348075,0.009409325000000001,0.03095,0.7140500000000001,0.00819655,0.0358225,0.7209,0.01404265,0.062419999999999996,0.1315075,0.0,0.08587000000000002,0.27926225,0.07886136250000002
3.342,2.339391,4.1025,0.0010042,0.0033044499999999996,0.009323049999999998,0.030570000000000003,0.6949,0.008119475000000001,0.035425,0.7018249999999999,0.0139075,0.06180750000000001,0.12878250000000002,0.0,0.08285500000000001,0.275675,0.07624807
3.353,2.350391,4.07,0.001000975,0.0033229499999999994,0.009358624999999999,0.0306025,0.68765,0.008164925,0.0355575,0.694725,0.013966225,0.06238250000000001,0.12831,0.0,0.08106749999999999,0.275975,0.0748565425
3.364,2.361391,4.0225,0.000995225,0.0033146250000000007,0.009348625,0.0305325,0.6783250000000001,0.008161024999999999,0.0355275,0.68545,0.0139723,0.0620725,0.127355,0.0,0.07950249999999999,0.2756975,0.07346415
3.375,2.372391,3.995,0.00099455,0.0033218250000000005,0.0093783,0.0306075,0.6724749999999999,0.008197375,0.0356925,0.6795249999999999,0.0140321,0.062095000000000004,0.1268775,0.0,0.07829000000000001,0.27680825,0.0724365625
3.387,2.384391,4.0625,0.001006175,0.003379525,0.00950105,0.03096,0.683,0.008474275,0.0370075,0.6899,0.014290174999999999,0.06503500000000001,0.1297125,0.0,0.07773749999999997,0.2825005,0.07256621749999999
3.398,2.395391,4.1175,0.00101325,0.0034417000000000002,0.009601525,0.031257499999999994,0.6916249999999999,0.0087146,0.038115,0.698225,0.014532074999999998,0.0671975,0.132035,0.0,0.0774225,0.28795275,0.07266405
3.409,2.4063909999999997,4.1525,0.001026625,0.0034924249999999995,0.00970125,0.0314975,0.6961999999999999,0.008910975,0.038872500000000004,0.7029749999999999,0.014724825,0.069625,0.13424250000000001,0.0,0.076315,0.290905,0.07226261749999999
3.42,2.417391,4.1975,0.0010324,0.003552975,0.009760025,0.031795000000000004,0.7034750000000001,0.009093249999999999,0.039695,0.70995,0.014947325000000001,0.0708975,0.1361025,0.0,0.07635250000000002,0.29616175,0.07245642250000002
3.431,2.428391,4.22,0.001029475,0.003596225,0.0097282,0.031927500000000004,0.70785,0.009197450000000001,0.04029,0.71335,0.015112725,0.0704925,0.1368475,0.0,0.0769225,0.3013954999999999,0.07271418
3.442,2.439391,4.255,0.0010414,0.0036261500000000003,0.009850824999999999,0.0323175,0.7134499999999999,0.009356924999999999,0.041245000000000004,0.71845,0.0153076,0.0714175,0.13802499999999998,0.0,0.07702500000000001,0.3073625,0.07267529
3.453,2.4503909999999998,4.3525,0.001085625,0.003696925,0.010082474999999999,0.03282,0.7299,0.009640799999999998,0.0429625,0.7341000000000001,0.015630175,0.07320750000000001,0.140675,0.0,0.07853749999999998,0.31759999999999994,0.07344306249999999
3.464,2.461391,4.3675,0.0010964500000000001,0.0037482749999999997,0.010155425,0.032979999999999995,0.732275,0.009758725,0.04368,0.7359,0.015777825000000002,0.07340250000000001,0.1413075,0.0,0.078525,0.32229850000000004,0.07320876750000001
3.476,2.473391,4.395,0.0011104749999999999,0.0038165,0.01020055,0.032975000000000004,0.736675,0.009934225,0.0446125,0.73985,0.015924175,0.0747725,0.14329,0.0,0.077995,0.32575275000000004,0.07289869500000001
3.487,2.484391,4.3525,0.001107525,0.0037972499999999994,0.010047075,0.0324,0.7300249999999999,0.009910925000000001,0.044707500000000004,0.732025,0.015811875,0.07364,0.14344,0.0,0.077155,0.32396925,0.07201578250000001
3.498,2.495391,4.4,0.001120225,0.00389535,0.01003605,0.032405,0.738625,0.010108700000000002,0.045782500000000004,0.739725,0.015964199999999998,0.0751175,0.1461325,0.0,0.0771175,0.328177,0.0721561125
3.509,2.506391,4.37,0.0010962749999999999,0.003961775000000001,0.00987875,0.032235,0.733875,0.010119699999999999,0.045654999999999994,0.7342,0.015994550000000003,0.07452,0.1466875,0.0,0.0760225,0.32785974999999995,0.07159085250000001
3.52,2.517391,4.3825,0.0011154,0.004035525000000001,0.00982035,0.0321775,0.7366250000000001,0.010208375,0.045899999999999996,0.7362000000000001,0.01612115,0.07523249999999998,0.14816249999999997,0.0,0.07552,0.32981925000000006,0.07130681500000001
3.531,2.528391,4.405,0.0011287,0.0040984,0.00976335,0.0320575,0.7417250000000001,0.01033315,0.04636,0.739825,0.01627105,0.07578750000000001,0.1499975,0.0,0.07541250000000001,0.33291224999999997,0.07134394749999999
3.542,2.5393909999999997,4.3975,0.0011237500000000002,0.004112,0.009681225000000002,0.03178,0.7417750000000001,0.0103924,0.046515,0.738275,0.01635805,0.07539499999999999,0.15113000000000001,0.0,0.07504499999999999,0.33433799999999997,0.07116024249999998
3.554,2.5513909999999997,4.405,0.00111805,0.004164425,0.00959985,0.031587500000000004,0.7442249999999999,0.01047,0.046715,0.739375,0.016485424999999998,0.0753475,0.15271749999999998,0.0,0.074805,0.33654175,0.07112620499999998
3.565,2.562391,4.365,0.0011081,0.0041355,0.009522099999999999,0.031265,0.737825,0.010429650000000002,0.0463425,0.7317750000000001,0.016516799999999998,0.07367000000000001,0.1529675,0.0,0.07434500000000001,0.33594050000000003,0.07071546749999999
3.576,2.573391,4.29,0.0011025,0.004083375,0.009349325,0.030529999999999998,0.7256750000000001,0.010323075,0.0457475,0.7188000000000001,0.0163255,0.0726,0.1530875,0.0,0.072545,0.32999999999999996,0.0694302075
3.587,2.584391,4.205,0.0010942,0.004031975,0.009173825,0.0299,0.7112750000000001,0.01018485,0.0448625,0.7041,0.016134275,0.0717825,0.15231,0.0,0.0702025,0.32348224999999997,0.067735625
3.598,2.595391,4.1025,0.001069275,0.003909025,0.009037525,0.029325,0.693775,0.009997200000000001,0.043815,0.686,0.01596375,0.0691275,0.15032925,0.0,0.068695,0.3180252499999999,0.06637704500000001
3.609,2.606391,4.0225,0.001055575,0.003809025,0.0089383,0.0289075,0.6802499999999999,0.009857000000000001,0.043025,0.6716500000000001,0.015857200000000002,0.0670225,0.14909650000000002,0.0,0.067455,0.314162,0.0653160975
3.62,2.617391,4.02,0.0010674,0.0037759250000000003,0.009041425,0.0292525,0.6799,0.0098894,0.04324,0.6689499999999999,0.01608775,0.0646525,0.148925,0.0,0.0687025,0.32010625,0.06592347249999998
3.631,2.6283909999999997,3.9025,0.0010365,0.00364655,0.0088366,0.028354999999999998,0.6597999999999999,0.009649175,0.0423625,0.6479999999999999,0.015716775000000002,0.06251500000000002,0.14619225,0.0,0.06636750000000001,0.31225225,0.0639278
3.643,2.6403909999999997,3.825,0.00102005,0.0035635,0.008732974999999999,0.027817500000000002,0.646425,0.00950565,0.04183,0.6340749999999999,0.01554655,0.0608125,0.14446599999999998,0.0,0.06497749999999998,0.30846125,0.0626630275
3.654,2.651391,3.785,0.001012275,0.003518375,0.008744225,0.027687499999999997,0.638825,0.009447825,0.0415425,0.6261249999999999,0.01559615,0.0595425,0.14449075,0.0,0.0642925,0.3075635,0.06211896249999999
3.665,2.662391,3.7325,0.001007375,0.00347895,0.008708925,0.0274075,0.62945,0.0093673,0.0411575,0.616475,0.015530025,0.058702500000000005,0.14431325,0.0,0.0630275,0.30460325,0.0611857425
3.676,2.673391,3.6825,0.001004725,0.00343895,0.0086588,0.0270725,0.6206499999999999,0.0092932,0.040825,0.6073500000000001,0.015434175,0.0581425,0.14391525,0.0,0.061677499999999996,0.30153025,0.06016807999999999
3.687,2.6843909999999997,3.6675,0.0010086500000000003,0.0034324000000000004,0.008659799999999999,0.026965,0.61765,0.0092877,0.0407625,0.604125,0.015481974999999999,0.05802,0.14423525,0.0,0.060975000000000015,0.30169474999999996,0.05967868999999999
3.698,2.695391,3.64,0.001003775,0.0034388750000000005,0.008637724999999999,0.026895,0.6128750000000001,0.00923705,0.040435,0.599075,0.015509075,0.05763499999999999,0.14361975,0.0,0.060059999999999995,0.30194075,0.0590061875
3.709,2.706391,3.67,0.001003625,0.0035328,0.008689525,0.027202499999999998,0.618175,0.009319375,0.040667499999999995,0.60385,0.015744175,0.05846,0.14531624999999998,0.0,0.05979749999999999,0.30652150000000006,0.05904777250000001
3.721,2.718391,3.7775,0.0010191999999999998,0.0037010749999999994,0.008860924999999999,0.027905000000000003,0.6375500000000001,0.009591025,0.041755,0.622025,0.016260575,0.0605875,0.14911,0.0,0.060875000000000005,0.3180642500000001,0.06020739249999999
3.732,2.729391,3.785,0.0010199,0.0037898000000000003,0.008878299999999999,0.02808,0.6386499999999999,0.0095716,0.041510000000000005,0.624125,0.01633765,0.0625275,0.15018974999999998,0.0,0.0592775,0.31870475,0.059155622500000005
3.743,2.740391,3.85,0.001033975,0.00394415,0.00899645,0.028560000000000002,0.65025,0.009716375,0.0420475,0.63615,0.016634175,0.06537,0.15378550000000002,0.0,0.05866750000000001,0.32416275,0.059086807500000005
3.754,2.751391,4.055,0.001055575,0.00416925,0.00941395,0.0296325,0.68675,0.010298325,0.04468,0.670075,0.017581924999999998,0.067235,0.1608945,0.0,0.0624875,0.34672025000000006,0.06254696750000001
3.765,2.762391,3.86,0.0010282,0.003970625,0.009151425000000001,0.0285225,0.65235,0.009793225,0.0425425,0.6365000000000001,0.016934425,0.06470500000000001,0.15478375,0.0,0.05864500000000001,0.33118349999999996,0.058956949999999994
3.776,2.7733909999999997,3.745,0.001019575,0.0038368000000000005,0.009054599999999998,0.027835,0.6317,0.009512525,0.0415175,0.6154,0.016640425,0.061805000000000006,0.15063175,0.0,0.05716500000000001,0.32487974999999997,0.057300715
3.787,2.784391,3.74,0.001040975,0.00381405,0.009191075,0.027755,0.630725,0.009548425,0.0418175,0.6123000000000001,0.016846175,0.0601575,0.151281,0.0,0.05794,0.3282595,0.05775326
3.798,2.795391,3.6325,0.0010199,0.003648875,0.009168725,0.027164999999999998,0.611625,0.009319749999999998,0.041095,0.5923,0.016582549999999998,0.0569125,0.1475625,0.0,0.056972499999999995,0.322881,0.05654280749999999
3.81,2.807391,3.5975,0.00102515,0.0035656000000000004,0.00922705,0.0269075,0.6051,0.009266075,0.04106,0.5843,0.016607075,0.0548025,0.146789,0.0,0.057245,0.32294949999999994,0.05655624999999999
3.821,2.818391,3.5925,0.001033875,0.0035388,0.009297474999999998,0.026832500000000002,0.6043749999999999,0.0092797,0.0413025,0.5823499999999999,0.016702225,0.053805,0.1470715,0.0,0.05761,0.32505074999999994,0.05675216999999999
3.832,2.8293909999999998,3.7425,0.001088975,0.0035953250000000003,0.010133125,0.02862,0.627725,0.009638299999999999,0.044015,0.6032000000000001,0.017389625,0.0536875,0.1490865,0.0,0.06160000000000001,0.34897925,0.05920924249999999
3.843,2.840391,3.9125,0.00115035,0.0036791500000000004,0.0110772,0.03071,0.65415,0.010048524999999999,0.047115,0.626875,0.018170475,0.053627499999999995,0.151334,0.0,0.0660775,0.3761385,0.0619636575
3.854,2.851391,4.0175,0.001143325,0.003772075,0.011085450000000002,0.030355,0.67555,0.010396425,0.046944999999999994,0.6428,0.0191717,0.0537275,0.153698,0.0,0.06840249999999999,0.39068099999999994,0.0643034775
3.865,2.862391,4.3425,0.0012708,0.003942725000000001,0.012930825,0.0336375,0.725175,0.011089675,0.0525875,0.69095,0.02052085,0.05453,0.16065675,0.0,0.07625249999999999,0.43532649999999995,0.06976115249999999
3.876,2.873391,4.305,0.0012774000000000001,0.004023924999999999,0.012354674999999999,0.032314999999999997,0.72205,0.011054300000000001,0.0520375,0.687575,0.02043725,0.055112499999999995,0.16450175,0.0,0.07454749999999999,0.42522725,0.06916225
3.888,2.885391,4.19,0.001248125,0.0039667,0.012006925,0.031412499999999996,0.7026749999999999,0.010795075000000001,0.0507875,0.6683500000000001,0.020066225,0.054447499999999996,0.16290999999999997,0.0,0.07151,0.4125285,0.06688696250000002
3.899,2.896391,3.9975,0.0012036,0.0038819750000000006,0.011182275,0.0297875,0.6722499999999999,0.0103346,0.0486425,0.63845,0.019251225,0.0533575,0.15987025,0.0,0.066815,0.38931000000000004,0.06336837499999999
3.91,2.907391,3.925,0.0011904000000000003,0.0038754250000000005,0.010791925,0.028942500000000003,0.661825,0.0101429,0.0480275,0.627375,0.019010324999999998,0.0528475,0.159665,0.0,0.06490249999999999,0.38075875000000003,0.06202757250000001
3.921,2.9183909999999997,3.8125,0.0011747249999999997,0.0037995000000000004,0.010397674999999999,0.0278175,0.644,0.009842475,0.046955000000000004,0.60895,0.018644025,0.051565,0.158174,0.0,0.0624575,0.368514,0.0602388475
3.932,2.929391,3.7025,0.0011641499999999999,0.0037421750000000004,0.010015975,0.026755,0.6257499999999999,0.009552499999999998,0.046157500000000004,0.5904750000000001,0.018218075,0.05058000000000001,0.15754525000000003,0.0,0.0598225,0.35548674999999996,0.05834191750000001
3.943,2.940391,3.6375,0.00117635,0.003687075,0.009911725,0.0262675,0.614525,0.009377675,0.04581,0.5777000000000001,0.0181125,0.04886,0.15647775,0.0,0.05891749999999999,0.35098300000000004,0.05770901
3.954,2.951391,3.695,0.0012127750000000001,0.003680675,0.010743475000000002,0.0271975,0.620825,0.009569975,0.0469025,0.582825,0.01869965,0.049487500000000004,0.16593924999999998,0.0,0.05926,0.354108,0.0593215725
3.965,2.9623909999999998,3.875,0.0012527249999999999,0.003765225,0.012032174999999999,0.0291125,0.64795,0.0100986,0.048935,0.6067,0.019964175,0.052677499999999995,0.1831835,0.0,0.060697499999999995,0.365815,0.062663355
3.977,2.974391,3.8225,0.001251075,0.0037586749999999995,0.011543024999999998,0.028405,0.6421999999999999,0.00990825,0.0482275,0.5976,0.019912775,0.050847500000000004,0.17860499999999999,0.0,0.06033249999999999,0.36547175,0.061866902499999994
3.988,2.985391,3.715,0.0012511749999999998,0.0037037999999999997,0.011329200000000001,0.0275175,0.6236,0.009666325,0.04752,0.581,0.019398,0.05075,0.17985600000000002,0.0,0.057342500000000005,0.3498675,0.05978256249999999
3.999,2.996391,3.5925,0.001251425,0.003663775,0.0108946,0.0264575,0.603225,0.009355525,0.046565,0.561325,0.018802175,0.0495675,0.17785450000000003,0.0,0.054767500000000004,0.33548400000000006,0.0575485575
4.01,3.0073909999999997,3.435,0.001224125,0.0035550499999999997,0.010360475,0.0248175,0.575,0.00902055,0.045645,0.53895,0.01783545,0.048175,0.17371575,0.0,0.051482749999999994,0.31814425,0.05458784000000002
4.021,3.018391,3.475,0.001254975,0.0036152500000000004,0.010626799999999999,0.0250175,0.5802,0.009120875,0.046962500000000004,0.5452999999999999,0.01806655,0.048195,0.1754975,0.0,0.05214,0.32463825,0.055051329999999996
4.032,3.029391,3.4775,0.0012622750000000002,0.0036550750000000003,0.01053505,0.02461,0.5818000000000001,0.00912735,0.047145,0.54525,0.018243425,0.04823249999999999,0.176902,0.0,0.051827,0.32514750000000003,0.05510971499999998
4.043,3.040391,3.59,0.0012739749999999999,0.0038110999999999996,0.010515225000000001,0.024714999999999997,0.60535,0.009444625,0.0491075,0.560925,0.018949675,0.048069999999999995,0.17887475,0.0,0.0542,0.3432645,0.057403747500000005
4.055,3.0523909999999996,3.77,0.00129235,0.0040202,0.010525874999999999,0.0249525,0.6404750000000001,0.00995645,0.052262499999999996,0.5885750000000001,0.0199965,0.047685000000000005,0.18090375000000003,0.0,0.058295,0.37256575000000003,0.0609340375
4.066,3.0633909999999998,3.99,0.001343975,0.0042727500000000005,0.010865975,0.0259275,0.682875,0.010508050000000001,0.0559575,0.620775,0.02122885,0.0474925,0.18485725000000003,0.0,0.06359,0.4060575,0.0653256625
4.077,3.074391,4.625,0.001442775,0.005041675000000001,0.01200785,0.029457499999999998,0.8065249999999999,0.012026725,0.06606,0.7108749999999999,0.024607050000000002,0.0459575,0.19541250000000002,0.0,0.08036750000000001,0.50153725,0.078949565
4.088,3.085391,3.825,0.00137925,0.004115525,0.009882299999999998,0.024687499999999998,0.6526000000000001,0.01009045,0.053012500000000004,0.599125,0.020664425,0.04862249999999999,0.18596249999999998,0.0,0.05769025,0.380051,0.0612014
4.099,3.096391,4.06,0.0015410250000000001,0.004209275,0.010672325,0.025785,0.6937249999999999,0.010587625,0.0569075,0.6390750000000001,0.021656750000000002,0.049260000000000005,0.189446,0.0,0.06341250000000001,0.4158085000000001,0.0649497725
4.11,3.1073910000000002,4.9375,0.001830925,0.004995475000000001,0.013215949999999999,0.031935,0.8490249999999999,0.012428675,0.0700625,0.7701,0.026839875,0.054892500000000004,0.22273525,0.0,0.079705,0.5222925,0.08056824250000001
4.121,3.1183910000000004,4.0525,0.00164465,0.004384025,0.010405025000000002,0.0253975,0.69295,0.010447074999999998,0.0583275,0.6364000000000001,0.0216154,0.047357500000000004,0.18848925,0.0,0.06402374999999999,0.4214925,0.0645900225
4.133,3.130391,3.38,0.0014876000000000002,0.00390645,0.0092344,0.0207525,0.571375,0.008983675,0.05025500000000001,0.5309250000000001,0.017782275,0.046427500000000003,0.17897900000000003,0.0,0.04867549999999999,0.32509575,0.05179318250000001
4.144,3.141391,3.005,0.001413425,0.0035923250000000004,0.008103275,0.0172225,0.50515,0.00808235,0.046785,0.476325,0.015447925000000001,0.042789999999999995,0.16209674999999998,0.0,0.042493,0.2860575000000001,0.045125574999999994
4.155,3.152391,2.9325,0.00141865,0.003509225,0.007853125,0.015892499999999997,0.49645,0.007810125000000001,0.0465475,0.46235000000000004,0.015133025,0.04113750000000001,0.1569635,0.0,0.0418695,0.28159725,0.04394405250000001
4.166,3.1633910000000003,2.7075,0.00140805,0.003364575,0.007253750000000001,0.013839999999999998,0.4542,0.007218375,0.0446075,0.429925,0.0137751,0.0389925,0.1488055,0.0,0.038127,0.2564445,0.04016279
4.177,3.1743909999999995,2.625,0.00145345,0.0033396,0.007099975,0.012389999999999998,0.43685,0.006970325,0.044745,0.4183925,0.013264950000000001,0.038145,0.14702625,0.0,0.0368235,0.24675550000000002,0.0387830425
4.188,3.1853909999999996,2.6375,0.0015224,0.0033894250000000006,0.0072185750000000005,0.0116325,0.44004999999999994,0.006860925,0.045787499999999995,0.41839000000000004,0.013560525,0.0379125,0.1491015,0.0,0.037375000000000005,0.24859774999999995,0.039113644999999995
4.199,3.1963909999999998,2.835,0.0016835500000000002,0.00362995,0.007785875,0.011452500000000001,0.47715,0.00707235,0.0502975,0.4446425,0.015057875,0.038514999999999994,0.157794,0.0,0.04171975,0.273632,0.04278480500000001
4.21,3.207391,2.9125,0.0017594,0.0036164500000000002,0.0082582,0.0106475,0.492625,0.007013,0.051434999999999995,0.45224000000000003,0.016397049999999996,0.039945,0.16655899999999998,0.0,0.042108500000000014,0.27920225000000004,0.0437553825
4.222,3.2193910000000003,3.4525,0.0020698,0.00409915,0.010238800000000001,0.011415,0.591875,0.007723975000000001,0.06257499999999999,0.524375,0.020271575,0.04242,0.18924799999999997,0.0,0.0529885,0.34769449999999996,0.0536121325
4.233,3.2303909999999996,3.665,0.0022489249999999997,0.004249675,0.011500525,0.011917500000000001,0.6262000000000001,0.007973425,0.0671725,0.55335,0.021906924999999997,0.04477,0.2042145,0.0,0.056071249999999996,0.36943024999999996,0.0569857025
4.244,3.2413909999999997,2.9825,0.00190185,0.003565925,0.009416075000000001,0.01061,0.5011249999999999,0.007168925,0.053925,0.45817500000000005,0.0171958,0.043565,0.18852674999999997,0.0,0.040565250000000004,0.27204475,0.04402508000000001
4.255,3.252391,2.8325,0.0018799749999999999,0.0032978499999999997,0.0099285,0.010275000000000001,0.468505,0.006713425,0.0525125,0.43420000000000003,0.016044675,0.0429975,0.18485174999999998,0.0,0.037453999999999994,0.2550175,0.0406373125
4.266,3.263391,2.48075,0.001644875,0.00292,0.008745975,0.009535749999999999,0.4008475,0.006010175,0.0447575,0.3866775,0.01426914,0.04254,0.17644175,0.0,0.028482749999999994,0.20577425,0.034229345
4.277,3.274391,1.997,0.0012971750000000002,0.00252835,0.006499225,0.00859375,0.3093675,0.005321605,0.0334925,0.32584250000000003,0.011535325,0.0415,0.16412675,0.0,0.01659375,0.13625700000000002,0.025812009999999996
4.288,3.285391,1.66875,0.0010898999999999998,0.0022159499999999995,0.0052268475,0.007854249999999998,0.2470775,0.0046018625,0.0262875,0.2837275,0.009746155,0.0385075,0.14930575000000001,0.0,0.01047575,0.09819225000000001,0.02045015
4.3,3.2973909999999997,1.62325,0.0010876,0.0021993,0.0051749825000000005,0.00820975,0.2300625,0.004576887500000001,0.0249025,0.28418,0.0094473725,0.039075,0.15225275,0.0,0.0086295,0.08763892499999999,0.019519897500000005
4.311,3.308391,1.733,0.0011402500000000002,0.0023104500000000004,0.0056793825,0.0085675,0.2433975,0.004870517499999999,0.026935,0.3036225,0.0102155925,0.042205,0.16782899999999998,0.0,0.0084425,0.08924282500000001,0.021010884999999997
4.322,3.319391,1.792,0.0012666749999999999,0.0023008250000000003,0.0072564875,0.00897675,0.24020000000000002,0.0048472475000000004,0.027825000000000003,0.31609000000000004,0.010756809999999999,0.043840000000000004,0.18019225,0.0,0.00829925,0.087178975,0.022444414999999995
4.333,3.330391,2.34125,0.0017381000000000002,0.0029619000000000004,0.010624600000000001,0.011622500000000001,0.3083975,0.0060146675,0.0366175,0.4072125,0.0146645525,0.05895500000000001,0.25053225,0.0,0.0089315,0.099866725,0.030077717499999997
4.344,3.3413910000000002,2.32025,0.0018307499999999997,0.0031568749999999995,0.00931266,0.011032499999999999,0.30821,0.0058944475,0.0369975,0.40712,0.0145570975,0.057582499999999995,0.242231,0.0,0.0097355,0.10598907499999999,0.02914497
4.355,3.3523910000000003,1.94525,0.0023837249999999997,0.0025473250000000005,0.00749622,0.009243,0.2564875,0.0049510399999999994,0.030442499999999997,0.34225999999999995,0.012102104999999998,0.0477875,0.2003495,0.0,0.0091075,0.089639875,0.0238726375
4.366,3.3633909999999996,2.38675,0.0058825,0.0029676750000000003,0.010967050000000002,0.019435,0.273705,0.007658475,0.0273825,0.43905249999999996,0.010933099999999998,0.0405875,0.18121875,0.0,0.02765475,0.18550900000000006,0.0315252375
4.377,3.3743909999999997,3.0825,0.010666750000000001,0.0037658250000000004,0.015201574999999998,0.03116,0.33737249999999996,0.010992825,0.0274975,0.564915,0.0109619,0.0372175,0.1769845,0.0,0.05006700000000001,0.30339800000000006,0.042487155000000006
4.389,3.386391,2.7425,0.01272875,0.0037602250000000003,0.013921,0.026597500000000003,0.292415,0.008725275,0.025635,0.47942500000000005,0.0104348,0.0330525,0.14897700000000003,0.0,0.04456574999999999,0.26947550000000003,0.03773743500000001
4.4,3.3973910000000003,3.1025,0.01457725,0.004498475,0.01591885,0.03684,0.32946000000000003,0.0108516,0.0217625,0.54205,0.00906465,0.02405175,0.11574350000000001,0.0,0.0610145,0.36968575,0.04467703
4.411,3.4083909999999995,3.265,0.015720249999999998,0.005340725,0.016750675000000003,0.04188,0.341735,0.010853825000000001,0.02071,0.567075,0.010324425000000002,0.02075225,0.10281525,0.0,0.06761425000000001,0.41344925,0.04721007
4.422,3.4193909999999996,2.16625,0.0157375,0.0037676,0.011425525,0.0287475,0.229085,0.007214275,0.011405,0.33979250000000005,0.005813925,0.00918675,0.044808749999999994,0.0,0.05155225000000001,0.2854985,0.031048620000000002
4.433,3.4303909999999997,2.6325,0.017215249999999998,0.00428345,0.012936725000000001,0.029484999999999997,0.28934,0.00960305,0.0152025,0.4225375,0.007647025,0.01471425,0.068986,0.0,0.05793425000000001,0.33682799999999996,0.03779256749999999
4.444,3.441391,2.309,0.01843775,0.0039822,0.011350124999999999,0.0248425,0.2504075,0.007876975,0.0145175,0.35344499999999995,0.0067539,0.0152255,0.06716250000000001,0.0,0.0508515,0.27733025,0.032385979999999995
4.455,3.452391,2.322,0.01971575,0.00394355,0.011191350000000001,0.023825000000000002,0.25458500000000006,0.008442925,0.014267499999999999,0.3480074999999999,0.006249299999999999,0.01491925,0.06769649999999999,0.0,0.05173225000000001,0.2768610000000001,0.032995355000000004
4.467,3.4643909999999996,2.505,0.021144999999999997,0.004278375,0.011859100000000001,0.0254775,0.2818075,0.009189774999999999,0.015260000000000001,0.369925,0.00691225,0.016519999999999996,0.07753550000000001,0.0,0.05501725,0.2950855,0.035831070000000007
4.478,3.4753909999999997,2.82,0.022534999999999996,0.00484845,0.01306825,0.0291575,0.3270225,0.010190850000000001,0.0172525,0.415775,0.008171,0.0188945,0.0913425,0.0,0.060762500000000004,0.33254100000000003,0.04050784
4.489,3.486391,2.9525,0.023672500000000003,0.00525735,0.013517375,0.03128499999999999,0.3457,0.010411825,0.01874,0.430875,0.008554575,0.019071,0.09551,0.0,0.063865,0.35013075,0.042669399999999996
4.5,3.497391,2.9225,0.024432500000000003,0.005341975,0.013244474999999999,0.0309575,0.348125,0.01030775,0.018924999999999997,0.41456000000000004,0.00829505,0.01880525,0.0959085,0.0,0.063005,0.34450525000000004,0.042147657500000005
4.511,3.508391,3.1075,0.02556,0.0058308000000000006,0.013902,0.0329375,0.378425,0.011053950000000002,0.020727499999999996,0.4357,0.008867175,0.02029875,0.10600525,0.0,0.06588,0.36505125000000005,0.044916455
4.522,3.519391,3.5575,0.027012500000000002,0.006680750000000001,0.015437574999999999,0.0379375,0.44552500000000006,0.012879424999999998,0.02418,0.503625,0.0102925,0.022695000000000003,0.12387075,0.0,0.0739275,0.4245860000000001,0.052074892500000004
4.533,3.5303910000000003,3.5075,0.028104999999999998,0.0067455,0.015071725000000001,0.036332500000000004,0.438575,0.012716149999999999,0.023895,0.48945,0.009984324999999999,0.0225475,0.12250449999999999,0.0,0.0731275,0.41513100000000003,0.05101844
4.544,3.5413909999999995,3.7525,0.029459999999999997,0.0072647499999999995,0.015780825000000002,0.037809999999999996,0.478525,0.013953575,0.025405,0.52085,0.010781675000000001,0.024917500000000002,0.13661675,0.0,0.076825,0.44139175,0.054427867500000005
4.556,3.553391,4.43,0.03111,0.008492999999999999,0.017554775,0.04417,0.578275,0.016637975,0.030635,0.633025,0.012973975,0.026992500000000003,0.1554075,0.0,0.08979749999999999,0.54341,0.0654268075
4.567,3.564391,5.1825,0.03308,0.00942975,0.01954275,0.051855000000000005,0.6957,0.019449025,0.0362425,0.7522249999999999,0.0151967,0.030144999999999998,0.1801875,0.0,0.10423,0.6507932500000002,0.07738965000000002
4.578,3.575391,4.5925,0.0338725,0.0094995,0.018531225000000002,0.043755,0.6069,0.017411775,0.03338000000000001,0.640125,0.013326875,0.03038,0.1684975,0.0,0.092755,0.55142325,0.066220375
4.589,3.5863910000000003,4.365,0.0344325,0.00947075,0.0181044,0.04012,0.5741750000000001,0.016558175,0.032702499999999995,0.595325,0.012483375000000001,0.030754999999999998,0.16151225,0.0,0.08760000000000001,0.5158022499999999,0.061032705000000013
4.6,3.5973909999999996,4.13,0.035205,0.00935775,0.017791225,0.0369475,0.542,0.0155389,0.031729999999999994,0.54225,0.011643049999999999,0.0319175,0.16338225,0.0,0.08263,0.46833424999999995,0.056543364999999984
4.611,3.6083909999999997,4.4525,0.0364275,0.01019025,0.019562500000000003,0.0419775,0.5987,0.01747955,0.03408,0.572,0.0123335,0.03962,0.20845475000000002,0.0,0.08382500000000001,0.47426,0.060508200000000005
4.622,3.619391,4.3325,0.037399999999999996,0.010362,0.01915935,0.03873,0.575325,0.016394425,0.0341475,0.5517749999999999,0.01223755,0.0372525,0.194423,0.0,0.08427000000000001,0.46696799999999994,0.0586217
4.634,3.6313910000000003,4.6175,0.03999,0.01142975,0.020048725,0.040525,0.6194999999999999,0.01750765,0.036879999999999996,0.582025,0.013099850000000001,0.0422275,0.2164025,0.0,0.088335,0.48741949999999995,0.06142850000000001
4.645,3.6423909999999995,4.81,0.0455575,0.0124145,0.022174575000000002,0.0411125,0.6202,0.01740575,0.0394925,0.5981500000000001,0.013473500000000001,0.038607499999999996,0.2125325,0.0,0.09924000000000002,0.5130975,0.0648791
4.656,3.6533909999999996,5.115,0.051462499999999994,0.0138445,0.024384375,0.0425175,0.64975,0.0178339,0.043519999999999996,0.6214500000000001,0.014393274999999999,0.03906,0.22311499999999998,0.0,0.1111475,0.5446274999999999,0.06733000000000001
4.667,3.6643909999999997,5.8075,0.057640000000000004,0.016503749999999998,0.027706250000000005,0.047485,0.7427750000000001,0.019403725,0.0530625,0.705275,0.016609175,0.038355,0.24169500000000002,0.0,0.13466,0.640205,0.07505745
4.678,3.675391,5.52,0.051995,0.01555475,0.025337,0.045585,0.713725,0.0189752,0.048955,0.6794250000000002,0.0160068,0.038765,0.245585,0.0,0.1226725,0.6040340000000001,0.07181697499999999
4.689,3.686391,5.01,0.039405,0.012521499999999998,0.023289525,0.0417375,0.668725,0.01908665,0.04018,0.646925,0.0151951,0.040785,0.2533425,0.0,0.09681749999999999,0.53873,0.06789787500000001
4.7,3.697391,4.49,0.033715,0.010842000000000001,0.021742949999999997,0.037545,0.601225,0.0174703,0.034905,0.577625,0.01398305,0.0399725,0.24644175,0.0,0.07951,0.470507,0.062056400000000005
4.712,3.7093909999999997,4.505,0.031467499999999995,0.0105495,0.022241775000000002,0.037657500000000003,0.610625,0.017962000000000002,0.03474,0.582425,0.0142794,0.0421325,0.26497525,0.0,0.07548999999999999,0.46242825,0.0629632
4.723,3.720391,5.2225,0.0314875,0.011286250000000001,0.0258126,0.04459500000000001,0.7230249999999999,0.022259025,0.0391225,0.6839,0.01700975,0.057284999999999996,0.3801775,0.0,0.0749125,0.47659349999999995,0.07429357499999999
4.734,3.731391,4.64,0.030080000000000003,0.010745,0.023524675000000002,0.03864,0.6352,0.018715600000000002,0.035735,0.6026,0.015065499999999999,0.04530750000000001,0.29516575,0.0,0.07321250000000001,0.46542675000000006,0.0656325
4.745,3.742391,4.5325,0.026527500000000002,0.01021925,0.022622,0.037434999999999996,0.6314,0.0185131,0.03513,0.6006,0.0149457,0.043675,0.28524825,0.0,0.07006749999999999,0.4698962499999999,0.06373015
4.756,3.753391,4.1475,0.023837499999999998,0.0094235,0.021547825,0.034015000000000004,0.5761499999999999,0.0164753,0.032395,0.5519,0.01378295,0.037222500000000006,0.24850275000000002,0.0,0.06575999999999999,0.4482665,0.05846076249999999
4.767,3.7643910000000003,4.305,0.02179,0.009422999999999999,0.021224575,0.035455,0.6102749999999999,0.017710725,0.0334275,0.58565,0.014687724999999999,0.042675,0.28495775,0.0,0.0627975,0.4471775,0.05987349250000001
4.778,3.7753909999999995,3.8025,0.018238249999999998,0.00853225,0.0188349,0.030719999999999997,0.54335,0.015410625,0.0299575,0.5201500000000001,0.013292600000000002,0.0351675,0.23715350000000002,0.0,0.0567,0.4158597499999999,0.0532876125
4.789,3.7863909999999996,3.3525,0.016414500000000002,0.007781,0.01696605,0.0264275,0.4777,0.01325295,0.027002500000000002,0.45720000000000005,0.011637225000000001,0.027662499999999996,0.191117,0.0,0.052635,0.38645375,0.047288767499999995
4.801,3.798391,3.1625,0.014701000000000002,0.00734475,0.015840625,0.02484,0.4552999999999999,0.012545925,0.0255225,0.43347500000000005,0.011180625,0.026135,0.18283625,0.0,0.04881425,0.3654975,0.044692985
4.812,3.809391,3.1975,0.014573000000000001,0.0074782500000000005,0.015809675000000002,0.024907500000000003,0.46295000000000003,0.012746,0.0257975,0.43910000000000005,0.011422024999999999,0.0273475,0.18816075,0.0,0.04810025,0.3676012500000001,0.0449878475
4.823,3.8203910000000003,3.5675,0.0229425,0.0100135,0.016905049999999998,0.02695,0.497725,0.013636575000000001,0.029385,0.46455,0.01224925,0.0348675,0.20703899999999997,0.0,0.054720000000000005,0.39300425,0.0486908725
4.834,3.8313909999999995,4.0425,0.029907499999999997,0.01255175,0.01846105,0.030475,0.555275,0.015074374999999997,0.034625,0.5091,0.013595050000000001,0.044527500000000005,0.24040099999999995,0.0,0.0607325,0.4276565000000001,0.053616775
4.845,3.8423909999999997,4.4475,0.037337499999999996,0.0150705,0.019974750000000003,0.033375,0.5972999999999999,0.015970775,0.0394775,0.542,0.014519875,0.0518575,0.2602655,0.0,0.06739500000000001,0.46440774999999995,0.057999550000000004
4.856,3.853391,3.7975,0.02293,0.010277,0.018738625000000002,0.0275425,0.531875,0.01469385,0.03013,0.502625,0.013347325,0.036504999999999996,0.22427275,0.0,0.055810000000000005,0.42431599999999997,0.05218710000000001
4.867,3.864391,3.6925,0.0204465,0.0093915,0.018574925,0.0260275,0.52225,0.014586875,0.02766,0.498725,0.013360975,0.0340175,0.219818,0.0,0.0533375,0.4171295,0.05122565
4.879,3.8763909999999995,3.5475,0.01961,0.00888675,0.018529675000000002,0.024502500000000003,0.49935000000000007,0.013897025,0.025855,0.48102500000000004,0.01287315,0.029895,0.20501175000000002,0.0,0.052105000000000005,0.4097395,0.05008610250000001
4.89,3.8873909999999996,3.55,0.020037999999999997,0.008928249999999999,0.0187735,0.023925000000000002,0.4979,0.013885,0.025447499999999998,0.48029999999999995,0.012896324999999998,0.029595,0.20478624999999998,0.0,0.051824999999999996,0.409972,0.05023407750000001
4.901,3.8983909999999997,3.6025,0.0206005,0.00910325,0.019335925,0.023735,0.50435,0.014088800000000002,0.0254875,0.487425,0.013109950000000002,0.029549999999999996,0.206568,0.0,0.052419999999999994,0.41803175,0.051195975
4.912,3.909391,3.67,0.0212675,0.009323999999999999,0.0199458,0.023645,0.5125,0.014344575,0.025585,0.49624999999999997,0.0133739,0.029712499999999996,0.20931475,0.0,0.0531675,0.42701475,0.052295049999999996
4.923,3.920391,3.7275,0.0220525,0.00952725,0.020537675000000002,0.023545,0.518675,0.01454955,0.025529999999999997,0.503225,0.013603750000000001,0.030087499999999996,0.21306625,0.0,0.0536525,0.432627,0.05327434999999999
4.934,3.931391,3.8075,0.022965,0.0097955,0.021278025,0.023485,0.5282,0.014839325,0.025644999999999998,0.513525,0.013923350000000001,0.0305,0.21710400000000002,0.0,0.054580000000000004,0.4421715,0.05457585
4.945,3.942391,4.0,0.026765,0.01027825,0.022830875,0.023549999999999998,0.54755,0.015393200000000001,0.0258725,0.537425,0.014538599999999999,0.031380000000000005,0.22031875,0.0,0.057050000000000003,0.4633245000000001,0.0584993
4.956,3.9533910000000003,4.3975,0.03698,0.01142225,0.026201949999999998,0.0237425,0.579975,0.016348975,0.0259975,0.5814499999999999,0.0155791,0.03356,0.2234995,0.0,0.06310000000000002,0.5000745000000001,0.0668579
4.968,3.965391,4.5325,0.04099,0.012314,0.027936999999999997,0.023352499999999998,0.5875,0.016589424999999998,0.02602,0.590425,0.01585815,0.03411,0.22524275,0.0,0.06661750000000001,0.51287825,0.068570175
4.979,3.976391,4.5925,0.0414925,0.012791499999999999,0.0288375,0.0231025,0.5942500000000001,0.0167444,0.02612,0.5958999999999999,0.016069625,0.0337875,0.22668875,0.0,0.0683875,0.5251032499999999,0.0687619
4.99,3.987391,4.6225,0.043532499999999995,0.013086249999999999,0.030601500000000004,0.022655,0.58955,0.016591175,0.025889999999999996,0.59165,0.0159547,0.0337275,0.22718575,0.0,0.06919750000000002,0.52532625,0.068852225
5.001,3.9983910000000003,4.5625,0.042565,0.01292275,0.031185500000000005,0.02218,0.581425,0.0163248,0.0253825,0.58285,0.015744025,0.0330825,0.22698250000000003,0.0,0.06774,0.5197125,0.06768894999999998
5.012,4.009390999999999,4.495,0.04017,0.01267675,0.03131725,0.02182,0.5777,0.016158275,0.024915,0.5771999999999999,0.015659700000000002,0.03226249999999999,0.22765475,0.0,0.0657625,0.51669625,0.066434025
5.023,4.020391,4.4675,0.038702499999999994,0.012549249999999998,0.03165325,0.021545,0.5771999999999999,0.016104575,0.0245825,0.5758500000000001,0.01567555,0.031722499999999994,0.22944800000000004,0.0,0.06454,0.5166125,0.065894
5.034,4.031390999999999,4.5625,0.038744999999999995,0.012609249999999999,0.03313000000000001,0.0218725,0.59015,0.01643105,0.024675,0.5877,0.016041675,0.03223,0.242698,0.0,0.064475,0.5249805000000001,0.067512625
5.046,4.043391,4.6925,0.0400075,0.012887,0.035388,0.022199999999999998,0.604425,0.01676785,0.024739999999999998,0.60145,0.016457225,0.03283,0.25415575,0.0,0.06530749999999999,0.53763675,0.069677925
5.057,4.054391000000001,4.815,0.04091499999999999,0.01310425,0.037597000000000005,0.022545,0.619375,0.01708105,0.024744999999999996,0.615675,0.0168434,0.033125,0.261554,0.0,0.06618999999999998,0.5546960000000001,0.071589125
5.068,4.065391,4.7725,0.040037500000000004,0.01309325,0.038008749999999994,0.021945,0.61535,0.016940524999999998,0.0242125,0.612425,0.016736525000000002,0.0324925,0.2573315,0.0,0.06523999999999999,0.55331975,0.0707746
5.079,4.076390999999999,4.76,0.040627500000000004,0.013554749999999997,0.038877,0.021315,0.61165,0.0169458,0.0236525,0.609325,0.016799025000000002,0.0324075,0.2641075,0.0,0.06543500000000001,0.5358492499999999,0.06979624999999998
5.09,4.087391,5.1275,0.050754999999999995,0.0162585,0.044000750000000005,0.021555,0.639375,0.017823425,0.023725,0.63805,0.017862225000000002,0.0342375,0.2904375,0.0,0.075095,0.5339145000000001,0.072405825
5.101,4.0983909999999995,5.0475,0.047920000000000004,0.0156595,0.04412625,0.021512499999999997,0.637,0.017622925,0.0233725,0.6333249999999999,0.017671,0.03419,0.29172099999999995,0.0,0.07125000000000001,0.527409,0.071504
5.112,4.1093910000000005,4.72,0.043575,0.014202999999999999,0.042701499999999996,0.020075000000000003,0.59315,0.016294125,0.022595,0.59065,0.016275575,0.031885,0.260862,0.0,0.0647875,0.5204635,0.069250725
5.123,4.120391,4.69,0.044410000000000005,0.014368499999999998,0.0439225,0.019542499999999997,0.5827,0.015990499999999998,0.022442499999999997,0.580875,0.015957424999999997,0.0314825,0.2546945,0.0,0.06441,0.520641,0.06954182499999999
5.135,4.132391,4.675,0.04307,0.014138749999999999,0.045310249999999996,0.0193575,0.582425,0.015953000000000002,0.02215,0.5803750000000001,0.0159353,0.03116,0.255833,0.0,0.06287999999999999,0.52113,0.06981114999999999
5.146,4.143390999999999,4.72,0.042370000000000005,0.014137249999999999,0.04707975,0.0194525,0.5895,0.016107,0.02216,0.5867249999999999,0.01609405,0.031084999999999998,0.26000125,0.0,0.062325,0.52922775,0.07087575
5.157,4.154391,4.585,0.0384575,0.013208,0.047595,0.018895000000000002,0.578975,0.01574675,0.0212575,0.576925,0.015808974999999996,0.029429999999999998,0.25358624999999996,0.0,0.058867499999999996,0.5228235,0.06934192500000001
5.168,4.165391,4.4925,0.03573,0.0125995,0.048846749999999994,0.0183875,0.570675,0.015438999999999998,0.0205125,0.568775,0.015577424999999999,0.027985,0.24769049999999998,0.0,0.056402499999999994,0.5191802500000001,0.068249875
5.179,4.176391000000001,4.6475,0.03736500000000001,0.01327775,0.05283175,0.01883,0.585225,0.0157405,0.0208025,0.5845750000000001,0.015965575000000003,0.0281425,0.25169699999999995,0.0,0.0578175,0.539235,0.07112600000000001
5.19,4.187391,4.8125,0.040012500000000006,0.01426875,0.05706525,0.01915,0.598525,0.015996749999999997,0.02111,0.5988249999999999,0.01634605,0.028282500000000002,0.25485075,0.0,0.0597,0.5586935,0.073993575
5.201,4.198390999999999,5.2575,0.052355,0.01862525,0.06438975,0.019862499999999998,0.620775,0.016619500000000002,0.022385000000000002,0.6255499999999999,0.01712,0.030305,0.265443,0.0,0.0693,0.5864525,0.08078077499999997
5.213,4.2103909999999996,5.02,0.0416075,0.014317,0.066829,0.019355,0.617425,0.016462499999999998,0.0210175,0.619225,0.01688825,0.029004999999999996,0.2657,0.0,0.058905,0.5786795,0.07902887499999998
5.224,4.221391000000001,5.0775,0.040562499999999994,0.0140165,0.0710765,0.0193075,0.625625,0.01663825,0.02074,0.626425,0.017044,0.02874,0.269623,0.0,0.0582825,0.5885055,0.080174325
5.235,4.232391,5.355,0.0439225,0.0149045,0.08192425,0.019692499999999998,0.6485,0.017246,0.020874999999999998,0.6486749999999999,0.01770625,0.02946,0.2828945,0.0,0.061395000000000005,0.6102175,0.0848526
5.246,4.243391000000001,5.92,0.047534999999999994,0.015732,0.11216575000000001,0.021425,0.69245,0.0183385,0.021560000000000003,0.690825,0.018939,0.032075,0.32753125,0.0,0.0643375,0.63637925,0.09553812500000002
5.257,4.254391,5.6825,0.049887499999999994,0.016219749999999998,0.0941145,0.019799999999999998,0.6720250000000001,0.01776325,0.02107,0.6737,0.0182865,0.02987,0.28797975,0.0,0.0650075,0.6447944999999999,0.09061499999999999
5.268,4.265390999999999,6.44,0.05612,0.0169855,0.14674949999999998,0.0211175,0.716375,0.018541000000000002,0.0215075,0.7115,0.019208,0.0325,0.30639324999999995,0.0,0.0702075,0.7042204999999999,0.1042738
5.279,4.276391,6.375,0.056435,0.01724475,0.13066875,0.020757499999999998,0.7246250000000001,0.0186325,0.02129,0.722475,0.01928575,0.031047500000000002,0.29893125,0.0,0.06980750000000001,0.7253400000000001,0.1030246
5.29,4.2873909999999995,6.7125,0.059025,0.017555,0.12909925000000003,0.0219425,0.7767,0.01954525,0.021677500000000002,0.7706999999999999,0.0202685,0.030627500000000002,0.315145,0.0,0.07174749999999999,0.793501,0.1084999
5.302,4.299391,6.96,0.06469999999999998,0.019017,0.13463899999999998,0.022635000000000002,0.793825,0.020020749999999997,0.0222075,0.790725,0.02088325,0.031279999999999995,0.33805999999999997,0.0,0.07556749999999998,0.7978950000000002,0.11248427499999998
5.313,4.310390999999999,7.0025,0.057977499999999994,0.01789375,0.15544899999999998,0.02211,0.794975,0.02013225,0.022154999999999998,0.7894,0.02073975,0.032177500000000005,0.3479375,0.0,0.07029,0.791898,0.11438352500000001
5.324,4.321391,6.44,0.052852500000000004,0.01652025,0.144503,0.0195925,0.7330999999999999,0.0187195,0.0201925,0.72535,0.01908325,0.030759999999999996,0.31528749999999994,0.0,0.0631925,0.734299,0.105389425
5.335,4.332390999999999,6.49,0.05273750000000001,0.016675750000000003,0.145378,0.01936,0.741625,0.01897175,0.020175,0.7327750000000001,0.01920325,0.0307175,0.31941600000000003,0.0,0.0628575,0.744056,0.10628435
5.346,4.3433910000000004,6.685,0.05245999999999999,0.01684675,0.14725749999999999,0.0199575,0.77385,0.0197365,0.020605000000000002,0.763375,0.0199095,0.031335,0.33678550000000007,0.0,0.06268,0.7724272500000001,0.10960942500000001
5.357,4.354391,6.6375,0.051655,0.016463250000000002,0.1398555,0.019684999999999998,0.778025,0.019793,0.0200675,0.7682249999999999,0.019945249999999998,0.0304475,0.339991,0.0,0.0603625,0.7784207500000002,0.109019675
5.368,4.365391000000001,6.925,0.0533875,0.016679000000000003,0.1532755,0.0201125,0.805525,0.020443999999999997,0.0202125,0.795775,0.020700749999999997,0.031345,0.35435,0.0,0.06096000000000001,0.8069957500000001,0.114691025
5.38,4.377390999999999,6.435,0.0506925,0.01639175,0.140042,0.0179925,0.7454000000000001,0.01921325,0.019115,0.7449749999999999,0.0193535,0.028812499999999998,0.3254825,0.0,0.057917500000000004,0.7480415000000001,0.10699824999999998
5.391,4.388391,6.4425,0.052355,0.01704025,0.14290624999999998,0.017435,0.7383250000000001,0.019068,0.0187275,0.73935,0.0191985,0.028657500000000002,0.32136,0.0,0.05830500000000001,0.7448587499999998,0.10741945000000003
5.402,4.399391,6.665,0.0552675,0.01769025,0.15221774999999999,0.01774,0.7567999999999999,0.019532,0.018612499999999997,0.757325,0.01970075,0.0291325,0.3299975,0.0,0.059320000000000005,0.767144,0.112275275
5.413,4.410391000000001,7.0225,0.05832999999999999,0.018499750000000002,0.16666475000000003,0.018345,0.7905749999999999,0.020402,0.01859,0.7898,0.020667000000000005,0.030370000000000005,0.34852749999999993,0.0,0.06053000000000001,0.8022544999999999,0.11942849999999998
5.424,4.421391,7.1575,0.0601575,0.01905875,0.17279975,0.01834,0.8008500000000001,0.02060925,0.0182,0.7999,0.020982,0.0301775,0.3503725,0.0,0.061287499999999995,0.81946,0.1221918
5.435,4.432390999999999,7.36,0.06395,0.01999025,0.174108,0.018349999999999998,0.8244750000000001,0.021319249999999998,0.0187125,0.8243,0.02167025,0.029235000000000004,0.3543775,0.0,0.0630675,0.8493349999999998,0.12696515
5.446,4.443391,7.505,0.06418249999999999,0.01986325,0.18086525000000003,0.0182075,0.843675,0.0219315,0.019007499999999997,0.841,0.0221705,0.0285725,0.36319750000000006,0.0,0.06244,0.8670725000000001,0.130854
5.458,4.4553910000000005,7.88,0.065375,0.020272,0.19577724999999999,0.0186775,0.888425,0.023183500000000003,0.019627500000000003,0.8825249999999999,0.023268,0.029752499999999998,0.391625,0.0,0.063295,0.9024725000000001,0.13809725
5.469,4.466391,7.94,0.066075,0.0202585,0.20036275,0.0179525,0.893175,0.023349,0.01907,0.8859250000000001,0.02332975,0.02882,0.392195,0.0,0.062495,0.9129799999999999,0.13996375
5.48,4.477391000000001,8.4075,0.0679825,0.02064025,0.22325024999999998,0.018485,0.939825,0.02466575,0.019455,0.929875,0.024471499999999997,0.030142500000000003,0.42631,0.0,0.062329999999999997,0.9517074999999999,0.1500665
5.491,4.488391,8.6475,0.06909,0.020702,0.22693750000000004,0.018535,0.9752,0.025642500000000002,0.019735,0.9635750000000001,0.02528575,0.02973,0.449255,0.0,0.061662499999999995,0.9832874999999999,0.1553455
5.502,4.499390999999999,8.54,0.0694875,0.02076675,0.21332250000000003,0.01791,0.9734999999999999,0.0256525,0.019225,0.96295,0.0253045,0.02784,0.4494175000000001,0.0,0.060602500000000004,0.984265,0.153589
5.513,4.510391,8.675,0.0707825,0.021162999999999998,0.21962725,0.017785000000000002,0.9870249999999999,0.02615125,0.01906,0.9760250000000001,0.0258115,0.02752,0.46333499999999994,0.0,0.06035250000000001,0.9919275,0.15686075
5.524,4.5213909999999995,9.175,0.07478499999999999,0.0221815,0.23815675000000003,0.0185325,1.040825,0.027652499999999997,0.019385,1.026975,0.027326499999999997,0.028165000000000003,0.4933749999999999,0.0,0.06196750000000001,1.0405525,0.1666875
5.535,4.5323910000000005,9.32,0.07609999999999999,0.022396,0.24469575,0.0183775,1.055325,0.0281,0.0190975,1.043075,0.02785975,0.027625,0.501825,0.0,0.061405000000000015,1.0591274999999998,0.16958475
5.547,4.544390999999999,9.585,0.07868,0.02368925,0.26383775,0.018244999999999997,1.071925,0.0285105,0.0187875,1.05815,0.0283605,0.027182500000000002,0.5017075,0.0,0.0623775,1.0875124999999999,0.1743515
5.558,4.555391,9.4525,0.0796125,0.02357,0.259478,0.0177625,1.0564500000000001,0.028116,0.017815,1.0430499999999998,0.0282255,0.0256225,0.4886125,0.0,0.06131249999999999,1.0777825,0.17187750000000002
5.569,4.566390999999999,9.635,0.0810225,0.02431275,0.26941750000000003,0.01789,1.0745500000000001,0.02857225,0.0175325,1.06065,0.028901,0.02559,0.49119750000000006,0.0,0.0617,1.1012525,0.174555
5.58,4.577391,9.815,0.07989000000000002,0.0246665,0.28143999999999997,0.018025,1.098825,0.029018750000000003,0.017095,1.081625,0.02976175,0.0247475,0.48916499999999996,0.0,0.0610275,1.1344749999999997,0.17686049999999995
5.591,4.588391,10.02,0.07957,0.025035250000000002,0.2866025,0.017744999999999997,1.132,0.029912,0.0168,1.1133000000000002,0.03100475,0.0236975,0.48826,0.0,0.06036,1.1818675,0.18031475
5.602,4.599391000000001,10.085,0.07975,0.025486250000000002,0.3005075,0.0172125,1.127975,0.030091499999999997,0.0161975,1.109825,0.03167025,0.02344,0.492285,0.0,0.059725,1.1727425,0.18185125
5.613,4.610391,9.7675,0.0803075,0.0252175,0.30349000000000004,0.015897500000000002,1.076375,0.028638999999999998,0.014685,1.053575,0.030420250000000003,0.021995,0.46442,0.0,0.058285,1.1282374999999998,0.17445349999999998
5.625,4.622391,9.8075,0.086325,0.02668775,0.32015499999999997,0.0148375,1.050675,0.02800775,0.0137925,1.022525,0.029728,0.022459999999999997,0.469975,0.0,0.060570000000000006,1.0963775,0.172837
5.636,4.633391,9.805,0.088905,0.027362499999999998,0.33825750000000004,0.014052499999999999,1.024425,0.027587999999999998,0.013192500000000001,0.9956250000000001,0.029549,0.0228825,0.4752750000000001,0.0,0.06159749999999999,1.0574775,0.17194425000000002
5.647,4.644391000000001,9.9475,0.09553500000000001,0.0290225,0.35685,0.0135475,1.01115,0.0274375,0.012795,0.9809,0.029760500000000002,0.0229275,0.4844225000000001,0.0,0.0647075,1.0345375000000003,0.17362774999999997
5.658,4.655391,9.99,0.10319,0.030560499999999997,0.3652575,0.012945,0.991425,0.027003,0.012059999999999998,0.9577,0.029547,0.02298,0.486105,0.0,0.06802000000000001,1.01054,0.17355399999999999
5.669,4.666390999999999,10.0025,0.10815999999999998,0.03161774999999999,0.36799499999999996,0.0126825,0.978675,0.02664,0.0116875,0.9463250000000001,0.02926675,0.023705,0.508255,0.0,0.07070749999999999,0.9794899999999999,0.1720835
5.68,4.677391,10.225,0.11212000000000001,0.0333575,0.38850250000000003,0.01225,0.984775,0.02676775,0.0113,0.9476249999999999,0.029579,0.025,0.5274274999999999,0.0,0.0732175,0.9738624999999999,0.1743605
5.691,4.688390999999999,10.6325,0.1197425,0.036152,0.42964499999999994,0.0115575,0.988075,0.02713525,0.010740000000000001,0.94205,0.030355,0.0266075,0.5349849999999999,0.0,0.07747749999999999,0.9772424999999999,0.18152674999999996
5.702,4.699391,11.125,0.1286375,0.03988825,0.47952500000000003,0.0108275,0.9909749999999999,0.02738,0.010297500000000001,0.9372,0.03104125,0.028465000000000004,0.5391075,0.0,0.08336000000000002,0.9872975000000002,0.1891495
5.714,4.711391000000001,10.3125,0.1231375,0.0384405,0.47116250000000004,0.0088595,0.876425,0.024212249999999998,0.008781500000000001,0.827425,0.027474500000000002,0.02637,0.4852575,0.0,0.08045499999999998,0.8847550000000001,0.17284025000000003
5.725,4.722391,8.9925,0.1126375,0.03431925,0.429515,0.0072095,0.7273499999999999,0.020213500000000002,0.00752475,0.689425,0.022766,0.022834999999999998,0.4359225,0.0,0.07187500000000001,0.7250000000000001,0.14971399999999999
5.736,4.733390999999999,8.055,0.10271749999999999,0.03115425,0.39849500000000004,0.0061997499999999995,0.633975,0.01794275,0.006690249999999999,0.598825,0.020185750000000002,0.02092025,0.40124099999999996,0.0,0.06427,0.6135425000000001,0.13409374999999998
5.747,4.744391,7.6925,0.09918,0.03014725,0.40839425,0.0058525,0.56855,0.0164225,0.0065467500000000005,0.5404249999999999,0.018440250000000002,0.0213625,0.3911475,0.0,0.061952500000000015,0.5344075,0.12837525
5.758,4.7553909999999995,7.4425,0.0994775,0.030436249999999998,0.42601975000000003,0.00587125,0.4987175,0.014908999999999999,0.0067087499999999994,0.48145,0.01679225,0.022080000000000002,0.39400024999999994,0.0,0.062064999999999995,0.44527999999999995,0.12548625000000002
5.769,4.7663910000000005,7.1775,0.09983,0.032083,0.43960774999999996,0.0051182499999999995,0.43059749999999997,0.013398499999999999,0.0063532499999999995,0.41934499999999997,0.015111,0.022629999999999997,0.36564375,0.0,0.061657500000000004,0.37811500000000003,0.12254949999999998
5.78,4.777391,7.2525,0.10438249999999999,0.03408225,0.46155575,0.0048255,0.40223000000000003,0.012742499999999999,0.00641125,0.3974875,0.0143795,0.024024999999999998,0.35623475000000004,0.0,0.06396500000000002,0.35568,0.12434974999999997
5.792,4.789391,7.67,0.11392749999999999,0.03890125,0.5219475,0.00433125,0.36789499999999997,0.011792500000000001,0.006352,0.37728,0.013549249999999999,0.0270725,0.323975,0.0,0.06915500000000001,0.36355249999999995,0.13234
5.803,4.800390999999999,7.7675,0.1194125,0.03986975,0.54834,0.003928,0.343675,0.01112625,0.00584925,0.35212,0.013030249999999998,0.027894999999999996,0.30859749999999997,0.0,0.07443749999999999,0.3500775,0.134182
5.814,4.811391,7.3125,0.1205625,0.04023,0.5297115,0.0031845,0.28271250000000003,0.0090675,0.005326250000000001,0.2995075,0.010991750000000002,0.025167499999999995,0.2429575,0.0,0.0758375,0.34085000000000004,0.1251965
5.825,4.822391,6.7275,0.125495,0.04231700000000001,0.48573900000000003,0.0025935,0.2054125,0.0067333,0.00509125,0.24103500000000003,0.008579199999999999,0.023039999999999998,0.18040250000000002,0.0,0.07574750000000001,0.3149725,0.11464525000000002
5.836,4.833391000000001,6.6125,0.1312225,0.04483924999999999,0.500125,0.00218575,0.1409425,0.0048591,0.00497725,0.194355,0.006804775,0.02162,0.13718875,0.0,0.07503249999999999,0.29849825,0.11427399999999999
5.847,4.844391,6.4925,0.128835,0.0452915,0.51088,0.00199075,0.1093875,0.004058275,0.00472475,0.16834749999999998,0.0059069,0.0211825,0.12584675,0.0,0.0719475,0.27792825000000004,0.11283275
5.858,4.855390999999999,6.265,0.128825,0.044027000000000004,0.48960249999999994,0.00212825,0.094335,0.0038353750000000002,0.00473625,0.157395,0.00574965,0.02079625,0.12090825,0.0,0.07186499999999998,0.25883475,0.10906474999999999
5.869,4.866391,6.515,0.1260975,0.04357475,0.50747,0.002927,0.12849,0.005348625,0.0051095,0.1818475,0.007811024999999999,0.02065925,0.15463749999999998,0.0,0.07474750000000001,0.26915174999999997,0.11269375000000001
5.881,4.878391000000001,6.6875,0.12625999999999998,0.0438925,0.5188349999999999,0.003332,0.14917,0.006343875,0.0052545000000000005,0.1949975,0.009113325,0.02098875,0.1757625,0.0,0.0752625,0.273724,0.11631749999999999
5.892,4.889391,7.4625,0.12741750000000002,0.04660275,0.5904024999999999,0.00441675,0.1992975,0.008709999999999999,0.0059135,0.23032,0.0122095,0.0230825,0.23133250000000002,0.0,0.0802525,0.29343,0.13038974999999997
5.903,4.900390999999999,7.8375,0.1357375,0.05079874999999999,0.6355474999999999,0.00425875,0.18254750000000003,0.007982574999999999,0.006161999999999999,0.222055,0.01133825,0.02581,0.2234875,0.0,0.085315,0.30078250000000006,0.13609100000000002
5.914,4.911391,7.3575,0.1323225,0.0489405,0.6281425,0.0030794999999999998,0.11626500000000001,0.005263475,0.0052665,0.17424250000000002,0.007890075,0.024569999999999998,0.1616775,0.0,0.0827925,0.27609724999999996,0.1275965
5.925,4.922390999999999,6.9625,0.12281500000000001,0.045328,0.61574,0.0027317500000000002,0.095055,0.00448505,0.00478125,0.15491,0.006966999999999999,0.0228575,0.1403325,0.0,0.0784175,0.25828450000000003,0.12079274999999999
5.936,4.933391,6.645,0.1163075,0.043829999999999994,0.6009025,0.0023755,0.07629,0.0038741,0.004474,0.1421275,0.00625175,0.021965250000000002,0.1209775,0.0,0.0754,0.24537675,0.11550375000000002
5.947,4.9443909999999995,6.505,0.112915,0.0433775,0.5946250000000001,0.002215,0.0691875,0.003662525,0.004352999999999999,0.13833499999999999,0.00606555,0.0216845,0.1137925,0.0,0.07401250000000001,0.24142699999999995,0.11298775
5.959,4.956391,6.8225,0.113885,0.0457435,0.635695,0.00238275,0.07076750000000001,0.0038392250000000004,0.004774,0.14119,0.006338274999999999,0.023367500000000003,0.118985,0.0,0.07741250000000001,0.25009225000000007,0.11733824999999999
5.97,4.967390999999999,6.56,0.106635,0.042980000000000004,0.6258925,0.0021737500000000003,0.0644575,0.0036995,0.0041080000000000005,0.13105250000000002,0.006134625,0.0224205,0.11255749999999999,0.0,0.071145,0.23569799999999994,0.1135195
5.981,4.978391,6.175,0.09890249999999999,0.04077325,0.596715,0.00203,0.057827500000000004,0.003547725,0.0038174999999999997,0.1187475,0.005790925000000001,0.021328,0.10348750000000001,0.0,0.06590499999999999,0.22101925,0.106903475
5.992,4.9893909999999995,6.2325,0.10023249999999999,0.041316,0.6061799999999999,0.002041,0.055005,0.003690525,0.0038825,0.1168975,0.0058235249999999995,0.02134625,0.10087750000000001,0.0,0.06637,0.22327475000000002,0.10849505000000001
6.003,5.0003910000000005,6.2475,0.10029249999999999,0.040674,0.6147549999999999,0.0020150000000000003,0.05271000000000001,0.00387995,0.0037737499999999998,0.11568,0.0059204750000000006,0.021241000000000003,0.097645,0.0,0.0650475,0.22097875000000006,0.11031922499999999
6.014,5.011391,6.715,0.10607749999999999,0.043152499999999996,0.6684525,0.00217575,0.05692,0.004456775,0.00400375,0.12405250000000001,0.00660695,0.02221,0.1066825,0.0,0.06969500000000001,0.2322875,0.11986875
6.025,5.022391000000001,6.6675,0.10867,0.04368075,0.6610675,0.0019875,0.050752500000000006,0.0046980500000000005,0.0037245,0.12535249999999998,0.006971975,0.0220115,0.0988875,0.0,0.068635,0.22674000000000002,0.12160925
6.037,5.034390999999999,6.8275,0.1073475,0.04384625,0.6946450000000001,0.00210575,0.0513625,0.005218499999999999,0.00359175,0.11763499999999999,0.00768715,0.022625000000000003,0.09768750000000001,0.0,0.0680875,0.21823499999999998,0.12708824999999999
6.048,5.045391,7.27,0.1131,0.045521250000000006,0.7482425,0.002418,0.05588750000000001,0.005711949999999999,0.003805,0.11987,0.00865615,0.023710000000000002,0.1063225,0.0,0.0733575,0.22593,0.13597125000000002
6.059,5.056391,8.08,0.12148750000000001,0.05042649999999999,0.8438124999999999,0.002849,0.06278,0.006541475,0.00429375,0.12908,0.010523075,0.0269275,0.11857749999999999,0.0,0.08223,0.24268,0.15131200000000003
6.07,5.067391000000001,9.1675,0.132925,0.059454,0.96669,0.00336125,0.0682325,0.0074827,0.005263499999999999,0.14331,0.012796000000000002,0.0321525,0.131135,0.0,0.09445,0.26817749999999996,0.17125824999999997
6.081,5.078391,10.1225,0.147845,0.06471175,1.07264,0.00330775,0.071655,0.009045149999999998,0.005209,0.161265,0.015246500000000001,0.0333675,0.1377325,0.0,0.10163749999999999,0.2989975,0.19266125
6.092,5.089390999999999,10.4275,0.1516225,0.068846,1.1067725000000002,0.0029205,0.0693825,0.010004100000000002,0.0052734999999999995,0.16939500000000002,0.016620500000000003,0.0340675,0.133455,0.0,0.10157999999999999,0.309475,0.20011574999999998
6.103,5.100391,11.69,0.20476250000000001,0.077734,1.1593175,0.0030312499999999997,0.09034,0.013403000000000002,0.0057415,0.183485,0.021220999999999997,0.0356925,0.14845000000000003,0.0,0.102015,0.33330249999999995,0.23822400000000002
6.114,5.111390999999999,11.2,0.18141,0.074489,1.1533525,0.003058,0.0846225,0.01297775,0.005569,0.169175,0.02073575,0.03197,0.14486500000000002,0.0,0.0991775,0.3156275,0.22733775
6.126,5.123391,11.2075,0.16620000000000001,0.077539,1.1879575,0.00318225,0.084415,0.013625700000000001,0.0057497500000000005,0.1678925,0.022017000000000002,0.029819999999999996,0.1456625,0.0,0.10343750000000002,0.305575,0.23004675000000002
6.137,5.134390999999999,11.73,0.17440000000000003,0.08053400000000001,1.2506499999999998,0.0033539999999999998,0.0909925,0.014422250000000001,0.00601725,0.173655,0.0232135,0.029554999999999998,0.15655999999999998,0.0,0.10875250000000002,0.3076225,0.24427475
6.148,5.145391,11.0475,0.172685,0.07236675000000001,1.16934,0.0031052500000000004,0.087075,0.01446975,0.00565425,0.168925,0.0232225,0.026277500000000002,0.14666500000000002,0.0,0.101585,0.28722749999999997,0.23442425
6.159,5.156390999999999,11.005,0.1663875,0.07108775,1.1765975,0.0031025,0.08877499999999999,0.015747,0.0055885,0.17532999999999999,0.0252065,0.0248875,0.145665,0.0,0.1019825,0.29074500000000003,0.23437550000000004
6.17,5.167391,11.27,0.1610425,0.07383899999999999,1.2311699999999999,0.003366,0.0916775,0.015218250000000001,0.00589675,0.1754875,0.025937250000000002,0.025880000000000004,0.15043499999999999,0.0,0.10732749999999998,0.29620749999999996,0.23802424999999997
6.181,5.1783909999999995,12.1775,0.15887250000000003,0.081737,1.3648725,0.0036490000000000003,0.10070499999999999,0.016563500000000002,0.0062585,0.18225,0.0291625,0.028277499999999997,0.16083999999999998,0.0,0.11412249999999999,0.31985749999999996,0.25487875000000004
6.192,5.1893910000000005,11.4025,0.13621750000000002,0.08064425,1.29977,0.0036220000000000002,0.09815499999999999,0.015509,0.005926,0.1669225,0.02824425,0.02832,0.1500575,0.0,0.10867,0.29803500000000005,0.23465175
6.204,5.201390999999999,11.495,0.127065,0.08237275,1.3278724999999998,0.0036565,0.11205000000000001,0.01613,0.0058815000000000004,0.1686625,0.030066250000000003,0.028757500000000002,0.1598775,0.0,0.11079249999999999,0.3037125,0.23293499999999998
6.215,5.212391,12.07,0.1291725,0.08776849999999999,1.404845,0.00372325,0.1195675,0.017184249999999998,0.0062257499999999995,0.171975,0.032857250000000005,0.0305325,0.1722175,0.0,0.11788249999999999,0.31988000000000005,0.24328775
6.226,5.2233909999999995,12.685,0.12896,0.09563574999999999,1.4935599999999998,0.0038032499999999998,0.12117000000000001,0.01827875,0.006652750000000001,0.17489749999999998,0.035191,0.032799999999999996,0.179705,0.0,0.12765499999999996,0.3318,0.2545695
6.237,5.2343910000000005,13.6875,0.1346925,0.10795199999999999,1.61781,0.004108,0.1300425,0.020213000000000002,0.00703625,0.183865,0.039754,0.0359625,0.18712,0.0,0.1376875,0.34939249999999994,0.2769785
6.248,5.245391,13.785,0.1252075,0.12461875,1.6325500000000004,0.00396175,0.12581,0.019749,0.00736975,0.1742875,0.04044625,0.039639999999999995,0.17994000000000002,0.0,0.14542749999999996,0.3483325,0.2762365
6.259,5.256391000000001,13.04,0.11431750000000002,0.11861425,1.5663725,0.00375625,0.11617250000000001,0.018146250000000003,0.00689075,0.166575,0.037562,0.035907499999999995,0.1604275,0.0,0.1390175,0.33094999999999997,0.2624095
6.27,5.267391,13.33,0.10917,0.1181745,1.6272499999999999,0.004008,0.12180250000000001,0.01895525,0.0068225000000000004,0.1793825,0.038621499999999996,0.03542,0.16245249999999997,0.0,0.13555250000000002,0.3401475,0.27008925
6.281,5.278390999999999,14.5275,0.1087425,0.13057,1.80485,0.0043135000000000005,0.12642,0.0202495,0.007597,0.18895749999999997,0.0411165,0.0393925,0.1791725,0.0,0.14602,0.3735475,0.28914900000000004
6.293,5.290391,13.845,0.10250999999999999,0.1318705,1.717025,0.00417675,0.1213775,0.019364,0.007551,0.17281000000000002,0.04012575,0.03823,0.162965,0.0,0.140845,0.35645,0.27787525
6.304,5.301391000000001,13.1475,0.09538999999999999,0.13301174999999998,1.6179,0.0041487500000000005,0.11876,0.01870875,0.0074210000000000005,0.1659275,0.039215,0.0369975,0.15253000000000003,0.0,0.1333375,0.33946499999999996,0.2670055
6.315,5.312391,11.9675,0.08401499999999999,0.1159035,1.492125,0.00373475,0.10802500000000001,0.017877749999999998,0.0066107499999999994,0.14919500000000002,0.03835,0.03206,0.1414925,0.0,0.11586500000000004,0.30632250000000005,0.24593974999999996
6.326,5.323390999999999,12.0275,0.08594500000000001,0.11840325000000002,1.4941,0.0034852499999999996,0.10873749999999999,0.018451250000000002,0.0064990000000000004,0.14797749999999998,0.0399975,0.03143,0.144765,0.0,0.1142675,0.3054299999999999,0.25085175
6.337,5.334391,11.875,0.08166999999999999,0.12090975,1.48145,0.00338725,0.10917500000000001,0.01777425,0.00661175,0.14546750000000003,0.038755750000000005,0.031349999999999996,0.14196999999999999,0.0,0.11586250000000001,0.2985275,0.24835175
6.348,5.345390999999999,12.145,0.0776075,0.13811525,1.505325,0.003608,0.119545,0.017726,0.0077855,0.1422125,0.03822825,0.03258,0.143015,0.0,0.1305625,0.3010225000000001,0.25405775
6.359,5.356391,10.515,0.07086,0.10362750000000003,1.3276775,0.00301075,0.09763500000000001,0.015854499999999997,0.006080250000000001,0.125685,0.03433275,0.02913,0.12798,0.0,0.10103999999999999,0.26983250000000003,0.21638025
6.371,5.368391000000001,10.13,0.06913,0.0979225,1.2875850000000002,0.002929,0.0920925,0.014992000000000002,0.00563925,0.11881749999999999,0.03200875,0.0285875,0.1272225,0.0,0.0957925,0.2693325,0.20561749999999998
6.382,5.379391,9.8425,0.0731975,0.09157775,1.2532750000000001,0.0027705,0.09031499999999999,0.01441125,0.0052875,0.11456249999999998,0.03077875,0.0267275,0.1271825,0.0,0.09242249999999999,0.2718625,0.19950675
6.393,5.390390999999999,7.91,0.05867250000000001,0.07465574999999999,1.0113125,0.0021095,0.07252,0.011077649999999998,0.0047262499999999995,0.08954999999999999,0.0236982,0.0224425,0.105345,0.0,0.075915,0.2224925,0.15701474999999998
6.404,5.401391,6.985,0.050105,0.0684495,0.897435,0.0020322499999999998,0.067745,0.009238975,0.004810249999999999,0.07504,0.019828074999999997,0.02039575,0.09447975,0.0,0.06999,0.20483250000000003,0.13629375
6.415,5.4123909999999995,3.915,0.030319999999999996,0.034455,0.5109625,0.000991825,0.0371295,0.005039975,0.0024385,0.04214,0.0105223,0.010799499999999998,0.059258250000000005,0.0,0.037909750000000006,0.12028525000000001,0.07494625000000002
6.426,5.4233910000000005,2.5775,0.01975425,0.020807250000000003,0.34299,0.0005881500000000001,0.025223000000000002,0.0032236499999999998,0.00156175,0.027187,0.006767225,0.00662675,0.041647250000000004,0.0,0.02439225,0.0825885,0.048505999999999994
6.437,5.434391,1.55525,0.0113475,0.012136,0.20995750000000002,0.00035665,0.01570875,0.002058075,0.000989225,0.01604525,0.004328575,0.003708,0.02463125,0.0,0.01392125,0.04893075000000001,0.029852725000000004
6.448,5.445391000000001,0.638,0.00482225,0.004919625,0.086399,0.000164875,0.006671725,0.0007425449999999999,0.0004862,0.0062267500000000005,0.0015777500000000002,0.00156025,0.010248175,0.0,0.006243125,0.020755874999999997,0.01185995
6.46,5.457390999999999,0.217425,0.0016138,0.0016382725000000002,0.029738099999999996,5.48425e-05,0.002368275,0.0002249575,0.00017527500000000002,0.0021254250000000002,0.0004681425,0.000551225,0.00360925,0.0,0.0023049750000000003,0.007598025,0.0038203875000000003
6.471,5.4683910000000004,0.073625,0.00057445,0.0005838250000000001,0.009864524999999999,1.72275e-05,0.0008344825,7.598949999999999e-05,5.57675e-05,0.0007748,0.000165885,0.00018745000000000003,0.00116678,0.0,0.0007577500000000002,0.0026388099999999997,0.001298315
6.482,5.479391,0.01338,0.0001082025,0.00010318199999999999,0.00178565,2.88775e-06,0.000148086,1.327865e-05,8.2805e-06,0.0001509075,3.070375e-05,3.4495e-05,0.0002134,0.0,0.0001232225,0.00049631225,0.00023315299999999997
6.493,5.490391000000001,0.0,0.0,0.0,0.0,0.0,0.0,0.0,0.0,0.0,0.0,0.0,0.0,0.0,0.0,0.0,0.0
6.504,5.501391,0.0,0.0,0.0,0.0,0.0,0.0,0.0,0.0,0.0,0.0,0.0,0.0,0.0,0.0,0.0,0.0
6.515,5.512390999999999,0.0,0.0,0.0,0.0,0.0,0.0,0.0,0.0,0.0,0.0,0.0,0.0,0.0,0.0,0.0,0.0
6.526,5.523391,0.0,0.0,0.0,0.0,0.0,0.0,0.0,0.0,0.0,0.0,0.0,0.0,0.0,0.0,0.0,0.0
6.538,5.535391000000001,0.0,0.0,0.0,0.0,0.0,0.0,0.0,0.0,0.0,0.0,0.0,0.0,0.0,0.0,0.0,0.0
6.549,5.546391,0.0,0.0,0.0,0.0,0.0,0.0,0.0,0.0,0.0,0.0,0.0,0.0,0.0,0.0,0.0,0.0
6.56,5.557390999999999,0.0,0.0,0.0,0.0,0.0,0.0,0.0,0.0,0.0,0.0,0.0,0.0,0.0,0.0,0.0,0.0
6.571,5.568391,0.0,0.0,0.0,0.0,0.0,0.0,0.0,0.0,0.0,0.0,0.0,0.0,0.0,0.0,0.0,0.0
6.582,5.579390999999999,0.0,0.0,0.0,0.0,0.0,0.0,0.0,0.0,0.0,0.0,0.0,0.0,0.0,0.0,0.0,0.0
6.593,5.590391,0.0,0.0,0.0,0.0,0.0,0.0,0.0,0.0,0.0,0.0,0.0,0.0,0.0,0.0,0.0,0.0
6.604,5.601391,0.0,0.0,0.0,0.0,0.0,0.0,0.0,0.0,0.0,0.0,0.0,0.0,0.0,0.0,0.0,0.0
6.615,5.612391000000001,0.0,0.0,0.0,0.0,0.0,0.0,0.0,0.0,0.0,0.0,0.0,0.0,0.0,0.0,0.0,0.0
6.627,5.624390999999999,0.0,0.0,0.0,0.0,0.0,0.0,0.0,0.0,0.0,0.0,0.0,0.0,0.0,0.0,0.0,0.0
6.638,5.635391,0.0,0.0,0.0,0.0,0.0,0.0,0.0,0.0,0.0,0.0,0.0,0.0,0.0,0.0,0.0,0.0
6.649,5.6463909999999995,0.0,0.0,0.0,0.0,0.0,0.0,0.0,0.0,0.0,0.0,0.0,0.0,0.0,0.0,0.0,0.0
6.66,5.6573910000000005,0.0,0.0,0.0,0.0,0.0,0.0,0.0,0.0,0.0,0.0,0.0,0.0,0.0,0.0,0.0,0.0
6.671,5.668391,0.0,0.0,0.0,0.0,0.0,0.0,0.0,0.0,0.0,0.0,0.0,0.0,0.0,0.0,0.0,0.0
6.682,5.679391000000001,0.0,0.0,0.0,0.0,0.0,0.0,0.0,0.0,0.0,0.0,0.0,0.0,0.0,0.0,0.0,0.0
6.693,5.690391,0.0,0.0,0.0,0.0,0.0,0.0,0.0,0.0,0.0,0.0,0.0,0.0,0.0,0.0,0.0,0.0
6.705,5.702391,0.0,0.0,0.0,0.0,0.0,0.0,0.0,0.0,0.0,0.0,0.0,0.0,0.0,0.0,0.0,0.0
6.716,5.713391,0.0,0.0,0.0,0.0,0.0,0.0,0.0,0.0,0.0,0.0,0.0,0.0,0.0,0.0,0.0,0.0
6.727,5.724391000000001,0.0,0.0,0.0,0.0,0.0,0.0,0.0,0.0,0.0,0.0,0.0,0.0,0.0,0.0,0.0,0.0
6.738,5.735391,0.0,0.0,0.0,0.0,0.0,0.0,0.0,0.0,0.0,0.0,0.0,0.0,0.0,0.0,0.0,0.0
6.749,5.746390999999999,0.0,0.0,0.0,0.0,0.0,0.0,0.0,0.0,0.0,0.0,0.0,0.0,0.0,0.0,0.0,0.0
6.76,5.757391,0.0,0.0,0.0,0.0,0.0,0.0,0.0,0.0,0.0,0.0,0.0,0.0,0.0,0.0,0.0,0.0
6.771,5.768390999999999,0.0,0.0,0.0,0.0,0.0,0.0,0.0,0.0,0.0,0.0,0.0,0.0,0.0,0.0,0.0,0.0
6.783,5.780391,0.0,0.0,0.0,0.0,0.0,0.0,0.0,0.0,0.0,0.0,0.0,0.0,0.0,0.0,0.0,0.0
6.794,5.791390999999999,0.0,0.0,0.0,0.0,0.0,0.0,0.0,0.0,0.0,0.0,0.0,0.0,0.0,0.0,0.0,0.0
6.805,5.802391,0.0,0.0,0.0,0.0,0.0,0.0,0.0,0.0,0.0,0.0,0.0,0.0,0.0,0.0,0.0,0.0
6.816,5.813390999999999,0.0,0.0,0.0,0.0,0.0,0.0,0.0,0.0,0.0,0.0,0.0,0.0,0.0,0.0,0.0,0.0
6.827,5.824391,0.0,0.0,0.0,0.0,0.0,0.0,0.0,0.0,0.0,0.0,0.0,0.0,0.0,0.0,0.0,0.0
6.838,5.8353909999999996,0.0,0.0,0.0,0.0,0.0,0.0,0.0,0.0,0.0,0.0,0.0,0.0,0.0,0.0,0.0,0.0
6.849,5.846391000000001,0.0,0.0,0.0,0.0,0.0,0.0,0.0,0.0,0.0,0.0,0.0,0.0,0.0,0.0,0.0,0.0
6.86,5.857391,0.0,0.0,0.0,0.0,0.0,0.0,0.0,0.0,0.0,0.0,0.0,0.0,0.0,0.0,0.0,0.0
6.872,5.869391,0.0,0.0,0.0,0.0,0.0,0.0,0.0,0.0,0.0,0.0,0.0,0.0,0.0,0.0,0.0,0.0
6.883,5.8803909999999995,0.0,0.0,0.0,0.0,0.0,0.0,0.0,0.0,0.0,0.0,0.0,0.0,0.0,0.0,0.0,0.0
6.894,5.8913910000000005,0.0,0.0,0.0,0.0,0.0,0.0,0.0,0.0,0.0,0.0,0.0,0.0,0.0,0.0,0.0,0.0
6.905,5.902391,0.0,0.0,0.0,0.0,0.0,0.0,0.0,0.0,0.0,0.0,0.0,0.0,0.0,0.0,0.0,0.0
6.916,5.913391000000001,0.0,0.0,0.0,0.0,0.0,0.0,0.0,0.0,0.0,0.0,0.0,0.0,0.0,0.0,0.0,0.0
6.927,5.924391,0.0,0.0,0.0,0.0,0.0,0.0,0.0,0.0,0.0,0.0,0.0,0.0,0.0,0.0,0.0,0.0
6.938,5.935390999999999,0.0,0.0,0.0,0.0,0.0,0.0,0.0,0.0,0.0,0.0,0.0,0.0,0.0,0.0,0.0,0.0
6.95,5.947391,0.0,0.0,0.0,0.0,0.0,0.0,0.0,0.0,0.0,0.0,0.0,0.0,0.0,0.0,0.0,0.0
6.961,5.958391000000001,0.0,0.0,0.0,0.0,0.0,0.0,0.0,0.0,0.0,0.0,0.0,0.0,0.0,0.0,0.0,0.0
6.972,5.969391,0.0,0.0,0.0,0.0,0.0,0.0,0.0,0.0,0.0,0.0,0.0,0.0,0.0,0.0,0.0,0.0
6.983,5.980390999999999,0.0,0.0,0.0,0.0,0.0,0.0,0.0,0.0,0.0,0.0,0.0,0.0,0.0,0.0,0.0,0.0
6.994,5.991391,0.0,0.0,0.0,0.0,0.0,0.0,0.0,0.0,0.0,0.0,0.0,0.0,0.0,0.0,0.0,0.0
7.005,6.002390999999999,0.0,0.0,0.0,0.0,0.0,0.0,0.0,0.0,0.0,0.0,0.0,0.0,0.0,0.0,0.0,0.0
7.016,6.013391,0.0,0.0,0.0,0.0,0.0,0.0,0.0,0.0,0.0,0.0,0.0,0.0,0.0,0.0,0.0,0.0
7.027,6.024391,0.0,0.0,0.0,0.0,0.0,0.0,0.0,0.0,0.0,0.0,0.0,0.0,0.0,0.0,0.0,0.0
7.039,6.036391,0.0,0.0,0.0,0.0,0.0,0.0,0.0,0.0,0.0,0.0,0.0,0.0,0.0,0.0,0.0,0.0
7.05,6.047390999999999,0.0,0.0,0.0,0.0,0.0,0.0,0.0,0.0,0.0,0.0,0.0,0.0,0.0,0.0,0.0,0.0
7.061,6.058391,0.0,0.0,0.0,0.0,0.0,0.0,0.0,0.0,0.0,0.0,0.0,0.0,0.0,0.0,0.0,0.0
7.072,6.0693909999999995,0.0,0.0,0.0,0.0,0.0,0.0,0.0,0.0,0.0,0.0,0.0,0.0,0.0,0.0,0.0,0.0
7.083,6.0803910000000005,0.0,0.0,0.0,0.0,0.0,0.0,0.0,0.0,0.0,0.0,0.0,0.0,0.0,0.0,0.0,0.0
7.094,6.091391,0.0,0.0,0.0,0.0,0.0,0.0,0.0,0.0,0.0,0.0,0.0,0.0,0.0,0.0,0.0,0.0
7.105,6.102391000000001,0.0,0.0,0.0,0.0,0.0,0.0,0.0,0.0,0.0,0.0,0.0,0.0,0.0,0.0,0.0,0.0
7.117,6.1143909999999995,0.0,0.0,0.0,0.0,0.0,0.0,0.0,0.0,0.0,0.0,0.0,0.0,0.0,0.0,0.0,0.0
7.128,6.1253910000000005,0.0,0.0,0.0,0.0,0.0,0.0,0.0,0.0,0.0,0.0,0.0,0.0,0.0,0.0,0.0,0.0
7.139,6.136391,0.0,0.0,0.0,0.0,0.0,0.0,0.0,0.0,0.0,0.0,0.0,0.0,0.0,0.0,0.0,0.0
7.15,6.147391000000001,0.0,0.0,0.0,0.0,0.0,0.0,0.0,0.0,0.0,0.0,0.0,0.0,0.0,0.0,0.0,0.0
7.161,6.158391,0.0,0.0,0.0,0.0,0.0,0.0,0.0,0.0,0.0,0.0,0.0,0.0,0.0,0.0,0.0,0.0
7.172,6.169390999999999,0.0,0.0,0.0,0.0,0.0,0.0,0.0,0.0,0.0,0.0,0.0,0.0,0.0,0.0,0.0,0.0
7.183,6.180391,0.0,0.0,0.0,0.0,0.0,0.0,0.0,0.0,0.0,0.0,0.0,0.0,0.0,0.0,0.0,0.0
7.194,6.191390999999999,0.0,0.0,0.0,0.0,0.0,0.0,0.0,0.0,0.0,0.0,0.0,0.0,0.0,0.0,0.0,0.0
7.206,6.203391,0.0,0.0,0.0,0.0,0.0,0.0,0.0,0.0,0.0,0.0,0.0,0.0,0.0,0.0,0.0,0.0
7.217,6.214390999999999,0.0,0.0,0.0,0.0,0.0,0.0,0.0,0.0,0.0,0.0,0.0,0.0,0.0,0.0,0.0,0.0
7.228,6.225391,0.0,0.0,0.0,0.0,0.0,0.0,0.0,0.0,0.0,0.0,0.0,0.0,0.0,0.0,0.0,0.0
7.239,6.236390999999999,0.0,0.0,0.0,0.0,0.0,0.0,0.0,0.0,0.0,0.0,0.0,0.0,0.0,0.0,0.0,0.0
7.25,6.247391,0.0,0.0,0.0,0.0,0.0,0.0,0.0,0.0,0.0,0.0,0.0,0.0,0.0,0.0,0.0,0.0
7.261,6.258391,0.0,0.0,0.0,0.0,0.0,0.0,0.0,0.0,0.0,0.0,0.0,0.0,0.0,0.0,0.0,0.0
7.272,6.269391000000001,0.0,0.0,0.0,0.0,0.0,0.0,0.0,0.0,0.0,0.0,0.0,0.0,0.0,0.0,0.0,0.0
7.284,6.281390999999999,0.0,0.0,0.0,0.0,0.0,0.0,0.0,0.0,0.0,0.0,0.0,0.0,0.0,0.0,0.0,0.0
7.295,6.292391,0.0,0.0,0.0,0.0,0.0,0.0,0.0,0.0,0.0,0.0,0.0,0.0,0.0,0.0,0.0,0.0
7.306,6.3033909999999995,0.0,0.0,0.0,0.0,0.0,0.0,0.0,0.0,0.0,0.0,0.0,0.0,0.0,0.0,0.0,0.0
7.317,6.3143910000000005,0.0,0.0,0.0,0.0,0.0,0.0,0.0,0.0,0.0,0.0,0.0,0.0,0.0,0.0,0.0,0.0
7.328,6.325391,0.0,0.0,0.0,0.0,0.0,0.0,0.0,0.0,0.0,0.0,0.0,0.0,0.0,0.0,0.0,0.0
7.339,6.336391000000001,0.0,0.0,0.0,0.0,0.0,0.0,0.0,0.0,0.0,0.0,0.0,0.0,0.0,0.0,0.0,0.0
7.35,6.347391,0.0,0.0,0.0,0.0,0.0,0.0,0.0,0.0,0.0,0.0,0.0,0.0,0.0,0.0,0.0,0.0
7.362,6.3593910000000005,0.0,0.0,0.0,0.0,0.0,0.0,0.0,0.0,0.0,0.0,0.0,0.0,0.0,0.0,0.0,0.0
7.373,6.370391,0.0,0.0,0.0,0.0,0.0,0.0,0.0,0.0,0.0,0.0,0.0,0.0,0.0,0.0,0.0,0.0
7.384,6.381391000000001,0.0,0.0,0.0,0.0,0.0,0.0,0.0,0.0,0.0,0.0,0.0,0.0,0.0,0.0,0.0,0.0
7.395,6.392391,0.0,0.0,0.0,0.0,0.0,0.0,0.0,0.0,0.0,0.0,0.0,0.0,0.0,0.0,0.0,0.0
7.406,6.403390999999999,0.0,0.0,0.0,0.0,0.0,0.0,0.0,0.0,0.0,0.0,0.0,0.0,0.0,0.0,0.0,0.0
7.417,6.414391,0.0,0.0,0.0,0.0,0.0,0.0,0.0,0.0,0.0,0.0,0.0,0.0,0.0,0.0,0.0,0.0
7.428,6.425390999999999,0.0,0.0,0.0,0.0,0.0,0.0,0.0,0.0,0.0,0.0,0.0,0.0,0.0,0.0,0.0,0.0
7.439,6.436391,0.0,0.0,0.0,0.0,0.0,0.0,0.0,0.0,0.0,0.0,0.0,0.0,0.0,0.0,0.0,0.0
7.451,6.448390999999999,0.0,0.0,0.0,0.0,0.0,0.0,0.0,0.0,0.0,0.0,0.0,0.0,0.0,0.0,0.0,0.0
7.462,6.459391,0.0,0.0,0.0,0.0,0.0,0.0,0.0,0.0,0.0,0.0,0.0,0.0,0.0,0.0,0.0,0.0
7.473,6.470390999999999,0.0,0.0,0.0,0.0,0.0,0.0,0.0,0.0,0.0,0.0,0.0,0.0,0.0,0.0,0.0,0.0
7.484,6.481391,0.0,0.0,0.0,0.0,0.0,0.0,0.0,0.0,0.0,0.0,0.0,0.0,0.0,0.0,0.0,0.0
7.495,6.492391,0.0,0.0,0.0,0.0,0.0,0.0,0.0,0.0,0.0,0.0,0.0,0.0,0.0,0.0,0.0,0.0
7.506,6.503391000000001,0.0,0.0,0.0,0.0,0.0,0.0,0.0,0.0,0.0,0.0,0.0,0.0,0.0,0.0,0.0,0.0
7.517,6.514391,0.0,0.0,0.0,0.0,0.0,0.0,0.0,0.0,0.0,0.0,0.0,0.0,0.0,0.0,0.0,0.0
7.529,6.526391,0.0,0.0,0.0,0.0,0.0,0.0,0.0,0.0,0.0,0.0,0.0,0.0,0.0,0.0,0.0,0.0
7.54,6.5373909999999995,0.0,0.0,0.0,0.0,0.0,0.0,0.0,0.0,0.0,0.0,0.0,0.0,0.0,0.0,0.0,0.0
7.551,6.5483910000000005,0.0,0.0,0.0,0.0,0.0,0.0,0.0,0.0,0.0,0.0,0.0,0.0,0.0,0.0,0.0,0.0
7.562,6.559391,0.0,0.0,0.0,0.0,0.0,0.0,0.0,0.0,0.0,0.0,0.0,0.0,0.0,0.0,0.0,0.0
7.573,6.570391000000001,0.0,0.0,0.0,0.0,0.0,0.0,0.0,0.0,0.0,0.0,0.0,0.0,0.0,0.0,0.0,0.0
7.584,6.581391,0.0,0.0,0.0,0.0,0.0,0.0,0.0,0.0,0.0,0.0,0.0,0.0,0.0,0.0,0.0,0.0
7.595,6.592390999999999,0.0,0.0,0.0,0.0,0.0,0.0,0.0,0.0,0.0,0.0,0.0,0.0,0.0,0.0,0.0,0.0
7.606,6.603391,0.0,0.0,0.0,0.0,0.0,0.0,0.0,0.0,0.0,0.0,0.0,0.0,0.0,0.0,0.0,0.0
7.618,6.615391000000001,0.0,0.0,0.0,0.0,0.0,0.0,0.0,0.0,0.0,0.0,0.0,0.0,0.0,0.0,0.0,0.0
7.629,6.626391,0.0,0.0,0.0,0.0,0.0,0.0,0.0,0.0,0.0,0.0,0.0,0.0,0.0,0.0,0.0,0.0
7.64,6.637390999999999,0.0,0.0,0.0,0.0,0.0,0.0,0.0,0.0,0.0,0.0,0.0,0.0,0.0,0.0,0.0,0.0
7.651,6.648391,0.0,0.0,0.0,0.0,0.0,0.0,0.0,0.0,0.0,0.0,0.0,0.0,0.0,0.0,0.0,0.0
7.662,6.659390999999999,0.0,0.0,0.0,0.0,0.0,0.0,0.0,0.0,0.0,0.0,0.0,0.0,0.0,0.0,0.0,0.0
7.673,6.670391,0.0,0.0,0.0,0.0,0.0,0.0,0.0,0.0,0.0,0.0,0.0,0.0,0.0,0.0,0.0,0.0
7.684,6.681391,0.0,0.0,0.0,0.0,0.0,0.0,0.0,0.0,0.0,0.0,0.0,0.0,0.0,0.0,0.0,0.0
7.696,6.693391,0.0,0.0,0.0,0.0,0.0,0.0,0.0,0.0,0.0,0.0,0.0,0.0,0.0,0.0,0.0,0.0
7.707,6.704390999999999,0.0,0.0,0.0,0.0,0.0,0.0,0.0,0.0,0.0,0.0,0.0,0.0,0.0,0.0,0.0,0.0
7.718,6.715391,0.0,0.0,0.0,0.0,0.0,0.0,0.0,0.0,0.0,0.0,0.0,0.0,0.0,0.0,0.0,0.0
7.729,6.726391,0.0,0.0,0.0,0.0,0.0,0.0,0.0,0.0,0.0,0.0,0.0,0.0,0.0,0.0,0.0,0.0
7.74,6.737391000000001,0.0,0.0,0.0,0.0,0.0,0.0,0.0,0.0,0.0,0.0,0.0,0.0,0.0,0.0,0.0,0.0
7.751,6.748391,0.0,0.0,0.0,0.0,0.0,0.0,0.0,0.0,0.0,0.0,0.0,0.0,0.0,0.0,0.0,0.0
7.762,6.759390999999999,0.0,0.0,0.0,0.0,0.0,0.0,0.0,0.0,0.0,0.0,0.0,0.0,0.0,0.0,0.0,0.0
7.773,6.770391,0.0,0.0,0.0,0.0,0.0,0.0,0.0,0.0,0.0,0.0,0.0,0.0,0.0,0.0,0.0,0.0
7.785,6.7823910000000005,0.0,0.0,0.0,0.0,0.0,0.0,0.0,0.0,0.0,0.0,0.0,0.0,0.0,0.0,0.0,0.0
7.796,6.793391,0.0,0.0,0.0,0.0,0.0,0.0,0.0,0.0,0.0,0.0,0.0,0.0,0.0,0.0,0.0,0.0
7.807,6.804391000000001,0.0,0.0,0.0,0.0,0.0,0.0,0.0,0.0,0.0,0.0,0.0,0.0,0.0,0.0,0.0,0.0
7.818,6.815391,0.0,0.0,0.0,0.0,0.0,0.0,0.0,0.0,0.0,0.0,0.0,0.0,0.0,0.0,0.0,0.0
7.829,6.826390999999999,0.0,0.0,0.0,0.0,0.0,0.0,0.0,0.0,0.0,0.0,0.0,0.0,0.0,0.0,0.0,0.0
7.84,6.837391,0.0,0.0,0.0,0.0,0.0,0.0,0.0,0.0,0.0,0.0,0.0,0.0,0.0,0.0,0.0,0.0
7.851,6.8483909999999995,0.0,0.0,0.0,0.0,0.0,0.0,0.0,0.0,0.0,0.0,0.0,0.0,0.0,0.0,0.0,0.0
7.863,6.860391,0.0,0.0,0.0,0.0,0.0,0.0,0.0,0.0,0.0,0.0,0.0,0.0,0.0,0.0,0.0,0.0
7.874,6.871390999999999,0.0,0.0,0.0,0.0,0.0,0.0,0.0,0.0,0.0,0.0,0.0,0.0,0.0,0.0,0.0,0.0
7.885,6.882391,0.0,0.0,0.0,0.0,0.0,0.0,0.0,0.0,0.0,0.0,0.0,0.0,0.0,0.0,0.0,0.0
7.896,6.893390999999999,0.0,0.0,0.0,0.0,0.0,0.0,0.0,0.0,0.0,0.0,0.0,0.0,0.0,0.0,0.0,0.0
7.907,6.904391,0.0,0.0,0.0,0.0,0.0,0.0,0.0,0.0,0.0,0.0,0.0,0.0,0.0,0.0,0.0,0.0
7.918,6.915391,0.0,0.0,0.0,0.0,0.0,0.0,0.0,0.0,0.0,0.0,0.0,0.0,0.0,0.0,0.0,0.0
7.929,6.926391000000001,0.0,0.0,0.0,0.0,0.0,0.0,0.0,0.0,0.0,0.0,0.0,0.0,0.0,0.0,0.0,0.0
7.94,6.937391,0.0,0.0,0.0,0.0,0.0,0.0,0.0,0.0,0.0,0.0,0.0,0.0,0.0,0.0,0.0,0.0
7.952,6.949391,0.0,0.0,0.0,0.0,0.0,0.0,0.0,0.0,0.0,0.0,0.0,0.0,0.0,0.0,0.0,0.0
7.963,6.9603909999999996,0.0,0.0,0.0,0.0,0.0,0.0,0.0,0.0,0.0,0.0,0.0,0.0,0.0,0.0,0.0,0.0
7.974,6.971391000000001,0.0,0.0,0.0,0.0,0.0,0.0,0.0,0.0,0.0,0.0,0.0,0.0,0.0,0.0,0.0,0.0
7.985,6.982391,0.0,0.0,0.0,0.0,0.0,0.0,0.0,0.0,0.0,0.0,0.0,0.0,0.0,0.0,0.0,0.0
7.996,6.993391000000001,0.0,0.0,0.0,0.0,0.0,0.0,0.0,0.0,0.0,0.0,0.0,0.0,0.0,0.0,0.0,0.0
8.007,7.004391,0.0,0.0,0.0,0.0,0.0,0.0,0.0,0.0,0.0,0.0,0.0,0.0,0.0,0.0,0.0,0.0
